file,sweep,fold,rpm_true,rpm_pred,temp_true,temp_pred,kappa_true,kappa_pred,kappa_two_stage
scope_20260817_114548,sweep_012,0,200.0,144.33502209971292,43.0,39.69180113490199,0.21749032634904278,0.15216308989140218,0.18914735750186273
scope_20260817_114548,sweep_013,0,200.0,126.29211605220839,43.0,38.69767637486501,0.21749032634904278,0.21055445498183392,0.17632439255642723
scope_20260817_114548,sweep_014,0,200.0,115.08912322246547,43.0,40.41978983560793,0.21749032634904278,0.19823293134542888,0.15220085238052866
scope_20260817_114548,sweep_015,0,200.0,195.62104559749173,43.0,41.96613418509875,0.21749032634904278,0.2032530315612528,0.22231249523319638
scope_20260817_114548,sweep_016,0,200.0,195.63899216765182,42.0,41.859998070405446,0.2261342610736225,0.19318945865129714,0.2232587952030127
scope_20260817_114548,sweep_017,0,200.0,194.61551993784852,42.0,38.73195254811235,0.2261342610736225,0.1492682136575831,0.2521010538663074
scope_20260817_114548,sweep_052,0,900.0,807.5387197151314,41.0,41.74877862443769,0.819791508366475,0.7169205647707116,0.7273568422780253
scope_20260817_114548,sweep_053,0,900.0,935.0301918246893,41.0,42.15395453928391,0.819791508366475,0.823657891751638,0.8084907628026481
scope_20260817_114548,sweep_054,0,900.0,1055.127909517984,41.0,40.94608111334383,0.819791508366475,0.7993859218521302,0.9424700240813201
scope_20260817_114548,sweep_055,0,900.0,1421.3772280917892,41.0,41.224003494026825,0.819791508366475,0.879053256808783,1.0818549619352953
scope_20260817_114548,sweep_056,0,900.0,826.5055938772575,41.0,40.87460704963563,0.819791508366475,0.7428448467611445,0.7676560955204486
scope_20260817_114548,sweep_063,0,1100.0,1171.8736185741595,41.0,41.34647840412055,0.9602370861086821,0.876910601823774,0.9775642266583868
scope_20260817_114548,sweep_064,0,1100.0,1095.4496755449204,42.0,40.665290305819184,0.9230129886173717,1.0297748794272517,0.9711379932443491
scope_20260817_114548,sweep_065,0,1100.0,1139.3714001212545,42.0,40.68338216957241,0.9230129886173717,1.0134812961003887,0.9896987583997956
scope_20260817_114548,sweep_066,0,1100.0,1117.296549694406,42.0,42.011395681561716,0.9230129886173717,0.9625972531203953,0.9298254822720479
scope_20260817_114548,sweep_067,0,1100.0,1183.3607002357724,43.0,42.4863634378125,0.8877310106204583,1.0507573852071135,0.9393067464436092
scope_20260817_114548,sweep_068,0,1100.0,1018.5827160473603,43.0,42.48352347334421,0.8877310106204583,0.8792059036172275,0.8715556086455507
scope_20260817_114548,sweep_121,0,2200.0,2228.8165828768238,42.0,41.240375412585976,1.3053374867492102,1.369687837317768,1.3538462052435105
scope_20260817_114548,sweep_122,0,2200.0,2142.340351600849,42.0,41.909164257380965,1.3053374867492102,1.3098119378769337,1.2927223435713475
scope_20260817_114548,sweep_123,0,2200.0,2106.6781025929076,42.0,40.57907225358865,1.3053374867492102,1.314402262278417,1.3513973354403126
scope_20260817_114548,sweep_124,0,2200.0,2053.3274412062783,42.0,41.0859464716234,1.3053374867492102,1.3423980033601128,1.3074520304568746
scope_20260817_114548,sweep_125,0,2200.0,2271.398044958622,41.0,42.44281211163724,1.3579803102685195,1.3146711238321733,1.303566006791895
scope_20260817_114548,sweep_205,0,2200.0,2440.417106616759,40.0,41.049664883371506,1.413556935491657,1.3701875390315463,1.4274323826956203
scope_20260817_114548,sweep_206,0,2200.0,2189.7703813975018,40.0,41.66318381922942,1.413556935491657,1.3207077943939176,1.3196737995277765
scope_20260817_114548,sweep_207,0,2200.0,2136.03168568708,40.0,40.975705690775705,1.413556935491657,1.344464072594706,1.3393873948436164
scope_20260817_114548,sweep_208,0,2200.0,2240.4028353110334,40.0,42.4411742078505,1.413556935491657,1.3312454081463927,1.294724023270187
scope_20260817_114548,sweep_209,0,2200.0,1876.6234262229611,40.0,42.777338769098236,1.413556935491657,1.2788071842276683,1.169557517111306
scope_20260817_114548,sweep_210,0,2200.0,2286.790618396967,40.0,42.44827616312565,1.413556935491657,1.26065818441949,1.307696755365029
scope_20260817_114548,sweep_228,0,1800.0,1818.966279178664,40.0,43.565189537289854,1.2786103567719378,1.1109607138146371,1.1169582548007397
scope_20260817_114548,sweep_229,0,1800.0,1669.9265258787145,40.0,41.22308558685779,1.2786103567719378,1.1590187426377236,1.1726782492324477
scope_20260817_114548,sweep_230,0,1800.0,1880.208285042615,40.0,41.17179255856932,1.2786103567719378,1.2129660649965512,1.2468601185589965
scope_20260817_114548,sweep_231,0,1800.0,1719.2565873802694,40.0,44.44093246182448,1.2786103567719378,1.1332379205902092,1.050232381399572
scope_20260817_114548,sweep_232,0,1800.0,1690.7186686377854,41.0,42.3952368221258,1.22833940777757,1.0881724130038486,1.1267518484613699
scope_20260817_114548,sweep_233,0,1800.0,1763.4132227366385,41.0,42.87184254636023,1.22833940777757,1.1331145593401928,1.129582267530697
scope_20260817_114548,sweep_239,0,1600.0,1461.5467305280717,41.0,43.09013132774596,1.15808949978425,1.0075076494456576,1.0197122436126074
scope_20260817_114548,sweep_240,0,1600.0,1446.3451074236611,41.0,42.15600599620124,1.15808949978425,1.0407929702297083,1.0519397254709553
scope_20260817_114548,sweep_241,0,1600.0,1557.2964898448163,40.0,42.460406774313974,1.2054854050250507,1.0006377667968211,1.078633832330252
scope_20260817_114548,sweep_339,0,200.0,224.43940863851546,50.0,49.589956337607475,0.1680362226950375,0.184972799600867,0.18759754421296065
scope_20260817_114548,sweep_340,0,200.0,200.9875038668378,50.0,55.14702144545758,0.1680362226950375,0.11877770626643472,0.14171301739535094
scope_20260817_114548,sweep_341,0,200.0,212.07354694168203,50.0,44.0162399873296,0.1680362226950375,0.23959063291883376,0.21959012273517417
scope_20260817_114548,sweep_342,0,200.0,219.5221470484577,49.0,52.624058611199345,0.17407982682874387,0.22985807231706035,0.16584005084570697
scope_20260817_114548,sweep_343,0,200.0,219.76166445474306,49.0,52.66368959366393,0.17407982682874387,0.21496295203302881,0.1657676662355319
scope_20260817_114548,sweep_344,0,200.0,181.171930404509,49.0,52.00147622717744,0.17407982682874387,0.12835004127348035,0.14443502964324892
scope_20260817_114548,sweep_345,0,300.0,308.15695150359073,49.0,42.705630333855225,0.2437273076240332,0.3371715956641139,0.31493674018823514
scope_20260817_114548,sweep_346,0,300.0,297.1559312969712,48.0,49.79158020901553,0.25261695550411933,0.26871507530627214,0.23512891164830357
scope_20260817_114548,sweep_347,0,300.0,336.5227099846109,48.0,47.488157477344686,0.25261695550411933,0.32304646313753754,0.2830876140496359
scope_20260817_114548,sweep_348,0,300.0,307.6964967898082,48.0,52.47771699011747,0.25261695550411933,0.29295515186876303,0.22057608950094867
scope_20260817_114548,sweep_349,0,300.0,350.6687696268656,48.0,45.85516036580452,0.25261695550411933,0.32581553222048887,0.3110453754392592
scope_20260817_114548,sweep_350,0,300.0,280.52280502687165,47.0,49.96154885315837,0.2619616771176848,0.23861482181047414,0.22281671514353074
scope_20260817_114548,sweep_353,0,500.0,518.2709653862325,46.0,43.53920088889671,0.4153065080693931,0.45583134687037674,0.46950494849084623
scope_20260817_114548,sweep_354,0,500.0,506.7277909560977,46.0,46.30664940551713,0.4153065080693931,0.46360060095351635,0.41520019707541383
scope_20260817_114548,sweep_355,0,500.0,514.5494018839258,46.0,44.841338735511655,0.4153065080693931,0.45531257998025476,0.4441453470661936
scope_20260817_114548,sweep_356,0,500.0,506.49070757701793,45.0,46.159261536021134,0.4311127668375209,0.4556064470040243,0.41730668586884795
scope_20260817_114548,sweep_357,0,500.0,514.1920701366797,45.0,43.76050178284376,0.4311127668375209,0.458140156137138,0.46249502864443315
scope_20260817_114548,sweep_369,0,800.0,743.8559992843071,48.0,43.6291281940697,0.570185993273169,0.7444523658955763,0.6315313579726676
scope_20260817_114548,sweep_370,0,800.0,849.4787515225039,47.0,46.641712872338466,0.5912781221227909,0.6699000273565529,0.6296937698495184
scope_20260817_114548,sweep_371,0,800.0,781.8899537789513,47.0,41.864122850068526,0.5912781221227909,0.7204551494389382,0.7049218931903247
scope_20260817_114548,sweep_372,0,800.0,820.8858481148985,47.0,42.91797015391098,0.5912781221227909,0.7006695173519855,0.7043996622092941
scope_20260817_114548,sweep_373,0,800.0,801.261375868229,47.0,47.621035315145974,0.5912781221227909,0.6441008160848519,0.578811240288452
scope_20260817_114548,sweep_374,0,800.0,799.6052267385014,46.0,45.60718664452285,0.613462926949278,0.6270928820168903,0.6222365572721433
scope_20260817_114548,sweep_381,0,1000.0,1088.6671530616006,45.0,42.539842484563046,0.7842342050504604,0.8692021397657582,0.8990656426737293
scope_20260817_114548,sweep_382,0,1000.0,1102.593586056274,45.0,44.67322702659911,0.7842342050504604,0.8800157856071833,0.8336891226861392
scope_20260817_114548,sweep_383,0,1000.0,1156.1685345336905,45.0,48.78139882754944,0.7842342050504604,0.6428705973774115,0.7341534945526473
scope_20260817_114548,sweep_384,0,1000.0,1122.881712847084,46.0,48.10767039623142,0.7554811507839966,0.7576782275427267,0.7411964722059808
scope_20260817_114548,sweep_385,0,1000.0,1042.4386278643362,47.0,48.47352580137337,0.7281605073612872,0.7811483374778047,0.7048278546218212
scope_20260817_114548,sweep_386,0,1000.0,998.4741060992488,48.0,44.6197145370785,0.7021854971760112,0.602545551660254,0.7764697244772188
scope_20260817_114548,sweep_387,0,1100.0,1020.5709794252681,48.0,45.5299260412996,0.7364583624949577,0.8455449798469571,0.7766806306440098
scope_20260817_114548,sweep_388,0,1100.0,1191.4704673148992,48.0,46.36113885878556,0.7364583624949577,0.7662567154226528,0.8136966253582909
scope_20260817_114548,sweep_389,0,1100.0,1198.9790940832756,48.0,44.17864437638305,0.7364583624949577,0.979914686777655,0.8858244560678106
scope_20260817_114548,sweep_390,0,1100.0,1172.045201158172,48.0,47.32533646212578,0.7364583624949577,0.8547793942803674,0.779009871613012
scope_20260817_114548,sweep_391,0,1100.0,1040.5299651885614,48.0,46.64876763462716,0.7364583624949577,0.62608952401616,0.7523977338527827
scope_20260817_114548,sweep_398,0,1300.0,1242.7585032673612,46.0,47.42989685691611,0.8613810422495293,0.7403013202957882,0.7991198082562174
scope_20260817_114548,sweep_399,0,1300.0,1263.6718253857105,46.0,48.166172290818324,0.8613810422495293,0.7766897775238196,0.7846369040023862
scope_20260817_114548,sweep_400,0,1300.0,1249.3000773294868,46.0,42.726607402642095,0.8613810422495293,0.949407342781207,0.9561411473674405
scope_20260817_114548,sweep_401,0,1300.0,1416.1577764206618,46.0,41.140314405152566,0.8613810422495293,1.054035423813278,1.0834621597059813
scope_20260817_114548,sweep_402,0,1300.0,1244.6447269032758,45.0,45.699008393905444,0.8941645681206932,0.8669109891197424,0.8523248013997969
scope_20260817_114548,sweep_403,0,1400.0,1293.402816340345,45.0,48.95359894931734,0.9279184251428455,0.7983547976221357,0.771751768163681
scope_20260817_114548,sweep_404,0,1400.0,1330.4137807558857,45.0,47.34458986769381,0.9279184251428455,0.985095687347456,0.8293917794936166
scope_20260817_114548,sweep_405,0,1400.0,1322.5367244717036,45.0,49.5980781550386,0.9279184251428455,0.676231811522976,0.7627711903559831
scope_20260817_114548,sweep_406,0,1400.0,1304.2406025419018,46.0,47.64814384209534,0.8938973525332069,0.8464562849209623,0.8121876480518154
scope_20260817_114548,sweep_407,0,1400.0,1290.482279694954,47.0,50.729343292479896,0.861571131290334,0.7300627197745075,0.7242086417513675
scope_20260817_114548,sweep_412,0,1600.0,1601.0671656513998,48.0,46.01948845893106,0.8882022044055708,0.984226477227155,0.9552444432348247
scope_20260817_114548,sweep_413,0,1600.0,1541.0407101466062,48.0,45.282574475768136,0.8882022044055708,0.8587190968924581,0.963264914219148
scope_20260817_114548,sweep_414,0,1600.0,1665.8239096555071,47.0,47.892694493723,0.9210582821781885,0.9047886702529369,0.9098058133106016
scope_20260817_114548,sweep_415,0,1600.0,1439.738997243639,47.0,46.17488856907492,0.9210582821781885,0.9052138008735531,0.900641087256269
scope_20260817_114548,sweep_416,0,1600.0,1644.1545831761862,47.0,42.843138694122054,0.9210582821781885,1.0386627078215618,1.0919318114846268
scope_20260817_114548,sweep_417,0,1600.0,1506.2667338435037,47.0,43.10525001434511,0.9210582821781885,1.0883218091215923,1.0345905167486935
scope_20260817_114548,sweep_435,0,2000.0,2112.430482766789,48.0,46.41657115959213,0.9930402534080097,1.0064561498391387,1.0812447091357809
scope_20260817_114548,sweep_436,0,2000.0,1800.0266281573838,48.0,46.264823654112654,0.9930402534080097,1.0945265170474259,1.0037026260560142
scope_20260817_114548,sweep_437,0,2000.0,2020.2262830313152,48.0,46.18980911164407,0.9930402534080097,1.1673064659563996,1.0662772514231382
scope_20260817_114548,sweep_438,0,2000.0,2113.781550127849,47.0,44.46564846437443,1.0297744650948062,1.190120756601301,1.163424511375069
scope_20260817_114548,sweep_439,0,2000.0,1980.83066264686,47.0,45.22970647166579,1.0297744650948062,1.056780951435011,1.0942660580859978
scope_20260817_114548,sweep_452,0,2300.0,2796.2976519762296,45.0,45.00628159012153,1.1893500591724848,1.418265301520778,1.3110971252813237
scope_20260817_114548,sweep_453,0,2300.0,2175.8423810630998,46.0,49.691998256569796,1.1457438933447548,0.9721659764099795,0.9751372684514583
scope_20260817_114548,sweep_454,0,2300.0,2424.66083446871,47.0,48.98334901242114,1.1043100861196047,1.135263150936969,1.0555440354219434
scope_20260817_114548,sweep_455,0,2300.0,2505.2094029901086,48.0,46.27678290324992,1.0649170327410211,1.1477667951013946,1.1835747574633069
scope_20260817_114548,sweep_456,0,2300.0,2511.44899608374,48.0,49.535343748820715,1.0649170327410211,0.9333584735031928,1.0534511311327925
scope_20260817_114548,sweep_465,0,2600.0,2507.719830539642,46.0,46.1917932344824,1.2181767523203562,1.3154465114479714,1.187894212187558
scope_20260817_114548,sweep_466,0,2600.0,2637.536615730146,46.0,45.32924602053631,1.2181767523203562,1.2381337244199264,1.2579945592003798
scope_20260817_114548,sweep_467,0,2600.0,2589.663445151969,46.0,46.35708608537515,1.2181767523203562,1.2148883417516532,1.1997962336903092
scope_20260817_114548,sweep_468,0,2600.0,2537.5781122438057,46.0,46.706940278991006,1.2181767523203562,1.1870293146568691,1.1724697633746177
scope_20260817_114548,sweep_469,0,2600.0,2525.0185371266443,45.0,48.544051324205164,1.2645396592297655,1.1058974014279916,1.0941906116773499
scope_20260817_114548,sweep_523,0,2300.0,2484.6300604249022,45.0,45.32642955094333,1.1893500591724848,1.209278600686406,1.221113917319841
scope_20260817_114548,sweep_524,0,2300.0,2621.6530690796653,46.0,44.82096043264064,1.1457438933447548,1.2073926224654123,1.2783858484190997
scope_20260817_114548,sweep_525,0,2300.0,2533.88844201036,47.0,44.92094231094886,1.1043100861196047,1.324207827331453,1.2520791035790133
scope_20260817_114548,sweep_526,0,2300.0,2339.959417681551,48.0,50.47379989592757,1.0649170327410211,0.9821276533618951,0.9839081742558083
scope_20260817_114548,sweep_527,0,2300.0,2625.261343533257,48.0,47.83710661379355,1.0649170327410211,1.1611202577724091,1.1444396854247856
scope_20260817_114548,sweep_528,0,2300.0,2404.255415178326,48.0,47.08683590579967,1.0649170327410211,1.0827791893630359,1.125482775962838
scope_20260817_114548,sweep_594,0,1000.0,1071.0375653646843,45.0,50.75242275586192,0.7842342050504604,0.6957763977812489,0.6592373900635206
scope_20260817_114548,sweep_595,0,1000.0,949.2116972719531,46.0,47.23330398151371,0.7554811507839966,0.6114707892892012,0.6756758829185003
scope_20260817_114548,sweep_596,0,1000.0,1061.4631349266522,46.0,43.058331802851825,0.7554811507839966,0.9609305409898369,0.8700768110169097
scope_20260817_114548,sweep_597,0,1000.0,1098.7869684181755,47.0,54.33119295453702,0.7281605073612872,0.7216864348646941,0.5914239342293777
scope_20260817_114548,sweep_598,0,1000.0,1168.1036003649792,48.0,47.14267948549093,0.7021854971760112,0.8976846052906424,0.7828950813220619
scope_20260817_114548,sweep_605,0,800.0,751.7871218819478,48.0,43.305007063723735,0.570185993273169,0.6010468415934888,0.645102896294161
scope_20260817_114548,sweep_606,0,800.0,825.2103985639516,47.0,48.945539330989575,0.5912781221227909,0.6488080281833954,0.5655669775835445
scope_20260817_114548,sweep_607,0,800.0,781.9212234222188,47.0,45.07603978633634,0.5912781221227909,0.5736208087065966,0.6230594911092033
scope_20260817_114548,sweep_608,0,800.0,709.9481306401127,47.0,47.38112812191328,0.5912781221227909,0.5196387782639369,0.528088804268622
scope_20260817_114548,sweep_609,0,800.0,806.3972776677352,47.0,49.48403349359353,0.5912781221227909,0.6034887352099917,0.544346200958693
scope_20260817_114548,sweep_610,0,800.0,831.2337407115328,47.0,44.418678380780534,0.5912781221227909,0.6319146331856863,0.6719729188891617
scope_20260817_114548,sweep_636,0,200.0,165.7489519310541,46.0,50.4694824091076,0.19412368623558918,0.12917555563457406,0.1414359917977013
scope_20260817_114548,sweep_637,0,200.0,228.64177295864226,46.0,51.66700912192556,0.19412368623558918,0.20005656491395984,0.17722618805909848
scope_20260817_114548,sweep_638,0,200.0,223.525531910601,45.0,48.71398611731873,0.20151189026813923,0.17374384517189495,0.19286927959618727
scope_20260817_114548,sweep_639,0,200.0,236.21872362901263,45.0,50.36205578439593,0.20151189026813923,0.2436915139887726,0.1904998436640882
scope_20260817_114548,sweep_640,0,200.0,178.38101642484585,45.0,51.64341756862262,0.20151189026813923,0.14056449916540448,0.14434430724912795
scope_20260817_114548,sweep_641,0,100.0,120.74666279690018,45.0,51.147491378063435,0.11335633095592519,0.12369057495325346,0.1062068130857251
scope_20260817_114548,sweep_642,0,100.0,109.93430419699126,46.0,52.443482082069096,0.10920025013920893,0.10363810098715699,0.0939857235529838
scope_20260817_114548,sweep_643,0,100.0,107.96643975276692,47.0,50.81495532816814,0.1052512156826537,0.10126985034082918,0.09790982788020153
scope_20260817_114548,sweep_644,0,100.0,86.85848596043289,48.0,52.12769886580162,0.10149668440592086,0.09278356223592245,0.07812694769537455
scope_20260817_114548,sweep_645,0,100.0,87.36973541157164,48.0,46.60877871791756,0.10149668440592086,0.11602338013862246,0.09545273065249509
scope_20260817_114548,sweep_646,0,100.0,107.73947835241482,49.0,50.517978248737975,0.09792499309341847,0.12599700614074247,0.09875356784548686
scope_20260817_114548,sweep_658,0,100.0,-15.649451098264183,55.0,58.29568507484273,0.07977592166589637,0.06476643879316468,0.0015701105881543015
scope_20260817_114548,sweep_659,0,100.0,130.31986962512218,55.0,50.28583447663921,0.07977592166589637,0.1398529181915121,0.11658940454289879
scope_20260817_114548,sweep_660,0,100.0,153.79879144534453,54.0,50.854277627758435,0.08245425777348502,0.12393489590565679,0.13115203269149803
scope_20260817_114548,sweep_661,0,100.0,130.30131853090793,54.0,53.67352929219067,0.08245425777348502,0.10317036249666725,0.10383511672949194
scope_20260817_114548,sweep_662,0,100.0,156.4464520165272,54.0,52.770886874345194,0.08245425777348502,0.14908986384619854,0.12457437985462765
scope_20260817_114548,sweep_663,0,100.0,147.45085349602385,54.0,48.043644205697944,0.08245425777348502,0.1169464086819606,0.13987676502051954
scope_20260817_114548,sweep_675,0,400.0,446.5796931622544,50.0,47.97830620457081,0.2987155334267201,0.30988638188433343,0.3517287827565795
scope_20260817_114548,sweep_676,0,400.0,434.79105908014435,50.0,49.48649565671308,0.2987155334267201,0.3223473416075515,0.32596771931080515
scope_20260817_114548,sweep_677,0,400.0,383.1160733367708,50.0,52.40363277508493,0.2987155334267201,0.21295892598856686,0.2652608473768767
scope_20260817_114548,sweep_678,0,400.0,469.7583956932804,51.0,46.69538089583881,0.2884834796106288,0.373278018874768,0.38435471056373643
scope_20260817_114548,sweep_679,0,400.0,373.21401290466963,52.0,54.61876437680832,0.27873324113235676,0.26116636262081433,0.2410137193099438
scope_20260817_114548,sweep_680,0,400.0,422.8150494111559,53.0,48.19847952935328,0.26943707108050124,0.3447753771399147,0.3334660227791035
scope_20260817_114548,sweep_687,0,600.0,533.6787531985793,53.0,52.20511419774592,0.3772359675722781,0.3805664749120213,0.3516279890195425
scope_20260817_114548,sweep_688,0,600.0,632.1940689475889,52.0,45.21990050689589,0.39025143604573254,0.4797228340097403,0.5194751631602191
scope_20260817_114548,sweep_689,0,600.0,519.510537706127,52.0,55.19956071101073,0.39025143604573254,0.2840151135581664,0.3111544406089151
scope_20260817_114548,sweep_700,0,900.0,892.1890859013369,53.0,53.33730964467604,0.5281640520345288,0.5022565719893054,0.5184445905177113
scope_20260817_114548,sweep_701,0,900.0,1004.131208284146,53.0,48.926265141000016,0.5281640520345288,0.6739470548335277,0.6806575326517761
scope_20260817_114548,sweep_702,0,900.0,821.1339116431998,53.0,50.941371457886696,0.5281640520345288,0.5240478467487687,0.5251175468042829
scope_20260817_114548,sweep_703,0,900.0,871.9698003680656,53.0,50.99094181420571,0.5281640520345288,0.5076369293122014,0.5510151519079901
scope_20260817_114548,sweep_704,0,900.0,845.7424535642888,52.0,51.64082669325181,0.5463868705327416,0.5517989812792119,0.5253231691658741
scope_20260817_114548,sweep_705,0,900.0,850.3034628573107,52.0,52.313748187544135,0.5463868705327416,0.6447553487942025,0.5156819873335412
scope_20260817_114548,sweep_747,0,1800.0,1755.253758327409,51.0,50.53232075025334,0.8473199023724528,0.8733667488819372,0.8504221956821284
scope_20260817_114548,sweep_748,0,1800.0,1745.922670421067,50.0,48.754930743174285,0.8773730023011626,0.8800904735566187,0.9030235419717509
scope_20260817_114548,sweep_749,0,1800.0,1898.4942959243351,50.0,46.58580313532935,0.8773730023011626,1.0096146554940455,1.0186626536477583
scope_20260817_114548,sweep_750,0,1800.0,1761.635848844436,50.0,49.262527876657444,0.8773730023011626,0.9412731447580966,0.8908458476188619
scope_20260817_114548,sweep_751,0,1800.0,1910.335711768349,50.0,49.84684658526385,0.8773730023011626,0.8525767545782271,0.9087395903975878
scope_20260817_114548,sweep_764,0,2100.0,2080.9339559680543,51.0,52.55290803024444,0.915210095979355,0.8130332895643216,0.8638501915523302
scope_20260817_114548,sweep_765,0,2100.0,2114.087501007888,51.0,48.98497210855415,0.915210095979355,1.048833231419697,0.9855694936802439
scope_20260817_114548,sweep_766,0,2100.0,2018.0218886930927,51.0,47.80096800047993,0.915210095979355,1.0136334905551254,1.0047017192672811
scope_20260817_114548,sweep_767,0,2100.0,2062.3798787552937,51.0,49.817069033845385,0.915210095979355,1.0193060248035257,0.9452001994541634
scope_20260817_114548,sweep_768,0,2100.0,2158.6983414490296,50.0,50.38400337088041,0.9476711539495729,0.9719116663051172,0.9479969229248089
scope_20260817_114548,sweep_769,0,2200.0,2284.654342806688,50.0,51.5976135080035,0.9699723499401937,1.0630511945910235,0.9351329825426269
scope_20260817_114548,sweep_770,0,2200.0,2227.4469631317224,50.0,53.73287574320222,0.9699723499401937,0.901081193604141,0.8589743918222621
scope_20260817_114548,sweep_771,0,2200.0,2396.640791409733,50.0,55.88015790630841,0.9699723499401937,0.8297798789268455,0.8302477382925995
scope_20260817_114548,sweep_772,0,2200.0,2188.601204120174,52.0,54.60323334866397,0.9050869695530027,0.799513695422377,0.827222603187852
scope_20260817_114548,sweep_773,0,2200.0,2691.5082461782017,53.0,51.49611443688404,0.8749009668125258,0.9776686507488048,1.0185341705406354
scope_20260817_114548,sweep_774,0,2200.0,1919.4052862289486,53.0,52.283419333460394,0.8749009668125258,0.8298267221580717,0.8372726937556807
scope_20260817_114548,sweep_775,0,2300.0,2369.290619319749,53.0,54.44219165678917,0.8945641178244379,0.8350906694445319,0.8652807852655424
scope_20260817_114548,sweep_776,0,2300.0,2638.1064934521714,54.0,50.21097335628034,0.8651212996656339,1.076973632164022,1.0543467623889573
scope_20260817_114548,sweep_777,0,2300.0,2164.0334778381903,54.0,53.59427606091509,0.8651212996656339,0.9739829026904381,0.8505866347835899
scope_20260817_114548,sweep_778,0,2300.0,2260.1219371013663,53.0,52.51612195604945,0.8945641178244379,0.881911862282464,0.901398588105857
scope_20260817_114548,sweep_779,0,2300.0,2466.413445375935,53.0,50.345679335019945,0.8945641178244379,1.0580536028825183,1.01467055901846
scope_20260817_114548,sweep_780,0,2300.0,2633.2381512469656,53.0,52.692336612618206,0.8945641178244379,0.9273419735284927,0.9671721705473709
scope_20260817_114548,sweep_798,0,2700.0,2676.5783201552763,53.0,51.76950292392587,0.9692357801779217,0.9645442586918321,1.0062197304101796
scope_20260817_114548,sweep_799,0,2700.0,2595.6306515365704,53.0,50.57886884388426,0.9692357801779217,1.026053042239689,1.0324809042331462
scope_20260817_114548,sweep_800,0,2700.0,2640.3250215746025,53.0,53.615776013545556,0.9692357801779217,0.9887990861248648,0.9388651432061412
scope_20260817_114548,sweep_801,0,2700.0,2669.541439102765,52.0,51.27917052227772,1.0026765409342053,0.9990716967707718,1.0219753916820333
scope_20260817_114548,sweep_802,0,2700.0,2592.9949845358124,52.0,50.65963393829106,1.0026765409342053,0.9993950373402999,1.0290604590947345
scope_20260817_114548,sweep_829,0,2700.0,2673.6574143697153,50.0,53.8304174011766,1.0745580848657896,1.0289088671900488,0.9380307019138261
scope_20260817_114548,sweep_830,0,2700.0,2396.7965273992922,50.0,51.826221459673604,1.0745580848657896,0.943359202525892,0.9503310666141439
scope_20260817_114548,sweep_831,0,2700.0,2587.9744480402255,52.0,51.30619612528512,1.0026765409342053,1.0035442291285968,1.0053040039837853
scope_20260817_114548,sweep_832,0,2700.0,2419.2796128821738,53.0,57.73904161190044,0.9692357801779217,0.8163943484536841,0.7859478403169837
scope_20260817_114548,sweep_833,0,2700.0,2670.102517513496,53.0,51.054350819492626,0.9692357801779217,0.9998848459085836,1.0300500381850124
scope_20260817_114548,sweep_840,0,2500.0,2658.359075316656,52.0,51.806678915073704,0.9648259513641437,1.0192073571200686,1.001513307901404
scope_20260817_114548,sweep_841,0,2500.0,2416.951511423968,52.0,53.13979736633695,0.9648259513641437,0.9824266488975953,0.9127206759399088
scope_20260817_114548,sweep_842,0,2500.0,2694.4552489230987,52.0,51.32948173227905,0.9648259513641437,1.0387844991784503,1.0249539306144437
scope_20260817_114548,sweep_843,0,2500.0,2222.7411202334724,51.0,54.185861810338515,0.9985760813364747,0.8574395936839895,0.8452351100017947
scope_20260817_114548,sweep_844,0,2500.0,2775.6615692679557,51.0,51.21465636720768,0.9985760813364747,1.027691903724266,1.0444123670567995
scope_20260817_114548,sweep_845,0,2500.0,2698.7110682298285,51.0,51.193791334895636,0.9985760813364747,1.032502622841357,1.0305753637032875
scope_20260817_114548,sweep_851,0,2300.0,2436.348629082155,51.0,51.285324579966506,0.9578005298599103,1.001170498737391,0.976112012049257
scope_20260817_114548,sweep_852,0,2300.0,2544.8004465387867,52.0,53.12667581617779,0.9254285424124691,0.8325271899962438,0.9369629990488008
scope_20260817_114548,sweep_853,0,2300.0,2102.1070255759746,53.0,55.17436418913186,0.8945641178244379,0.8649466216656934,0.7956428245908221
scope_20260817_114548,sweep_854,0,2300.0,2684.5178182332243,53.0,56.95749258837438,0.8945641178244379,0.852369959311038,0.8487455237237524
scope_20260817_114548,sweep_855,0,2300.0,2601.5214157124497,53.0,51.19827961252821,0.8945641178244379,1.0067157376244615,1.0116911884629318
scope_20260817_114548,sweep_856,0,2300.0,2525.741902608368,53.0,51.76025872703319,0.8945641178244379,0.8930382868203491,0.9777658731913428
scope_20260817_114548,sweep_857,0,2300.0,2693.4908411555434,53.0,51.092256919239354,0.8945641178244379,0.9558860387211717,1.0331961976291137
scope_20260817_114548,sweep_858,0,2200.0,2396.424706375387,53.0,53.13247627991376,0.8749009668125258,0.880066173501213,0.9090604058662738
scope_20260817_114548,sweep_859,0,2200.0,2174.7189504634216,52.0,54.68082628456099,0.9050869695530027,0.9378231335651683,0.8224887812958603
scope_20260817_114548,sweep_860,0,2100.0,2088.4077274416463,51.0,52.140293750955266,0.915210095979355,0.9240980993322545,0.8776227513520374
scope_20260817_114548,sweep_861,0,2100.0,1983.9014203758013,51.0,54.420041519866096,0.915210095979355,0.7630685586905445,0.7923660987310306
scope_20260817_114548,sweep_862,0,2100.0,2498.031781940369,51.0,51.73589064174939,0.915210095979355,1.014496180238905,0.9731998032825043
scope_20260817_114548,sweep_863,0,2100.0,2477.4879653904277,51.0,52.35659213506657,0.915210095979355,0.933957218253622,0.9488745760079378
scope_20260817_114548,sweep_864,0,2100.0,1953.765737608962,50.0,48.422670295584716,0.9476711539495729,0.9541639783297807,0.9666869141383817
scope_20260817_114548,sweep_865,0,2000.0,2145.3848284508363,50.0,51.58260573771503,0.9248323482706088,0.9260638811786113,0.9066497552516144
scope_20260817_114548,sweep_866,0,2000.0,2206.1264360873624,50.0,51.60305373230575,0.9248323482706088,0.8963035390440443,0.9187496783993775
scope_20260817_114548,sweep_867,0,2000.0,1926.754255098694,50.0,53.61864188514143,0.9248323482706088,0.7615922749381285,0.8019477904906588
scope_20260817_114548,sweep_868,0,2000.0,1965.5335989210805,51.0,55.05091332612318,0.8931535994294865,0.8057183455579188,0.7724795787300791
scope_20260817_114548,sweep_869,0,2000.0,1896.3357341430624,52.0,52.6147796519219,0.8629665654824525,0.7692833158081763,0.8229178518473926
scope_20260817_114548,sweep_870,0,2000.0,2153.2594689906496,53.0,52.264715384570906,0.8341853411505429,0.9007908637444634,0.8873769468308026
scope_20260817_114548,sweep_893,0,1500.0,1371.1127993942919,53.0,53.60997846231457,0.7224256969009586,0.7833008561912654,0.6766985536426966
scope_20260817_114548,sweep_894,0,1500.0,1508.9487296274658,53.0,51.58102512836472,0.7224256969009586,0.707666984129899,0.7604099018346251
scope_20260817_114548,sweep_895,0,1500.0,1498.4019680440563,53.0,55.959646973505826,0.7224256969009586,0.6819536481747995,0.654789556897207
scope_20260817_114548,sweep_896,0,1500.0,1324.8329308572854,53.0,53.83837045853179,0.7224256969009586,0.6205492285040463,0.6601302827450722
scope_20260817_114548,sweep_897,0,1500.0,1432.7746516842287,53.0,54.429628678146656,0.7224256969009586,0.6893847102172362,0.6731582274110037
scope_20260817_114548,sweep_898,0,1500.0,1554.9973223758839,52.0,48.568916471741936,0.7473509683244112,0.8962437250656783,0.8579045434776881
scope_20260817_114548,sweep_924,0,900.0,832.2534332601543,50.0,54.09492102975863,0.5855571614834475,0.4595115440087339,0.47715085052747175
scope_20260817_114548,sweep_925,0,900.0,1043.4643846503227,50.0,52.777569189072835,0.5855571614834475,0.5969348997287127,0.6070800025899823
scope_20260817_114548,sweep_926,0,900.0,820.8240614206989,51.0,53.1494993050353,0.5654997767202072,0.6173107989438497,0.4868439746938047
scope_20260817_114548,sweep_927,0,900.0,889.6507689103483,52.0,53.35200907911406,0.5463868705327416,0.4943065354064615,0.5169651372821027
scope_20260817_114548,sweep_928,0,900.0,874.1336154233398,52.0,53.68277521414745,0.5463868705327416,0.5510634764821987,0.5038627729559684
scope_20260817_114548,sweep_934,0,700.0,848.3653927981836,52.0,55.3405692736208,0.443517075835091,0.47762964540918446,0.46532344726240665
scope_20260817_114548,sweep_935,0,700.0,694.1029045744292,52.0,54.95091221984905,0.443517075835091,0.3991376672707014,0.39898187080454073
scope_20260817_114548,sweep_936,0,700.0,703.4681636423928,52.0,57.423372441752974,0.443517075835091,0.3390237855202366,0.3724858999829828
scope_20260817_114548,sweep_937,0,700.0,718.3206050798796,52.0,52.10438824158791,0.443517075835091,0.4351656455628314,0.45151904773182344
scope_20260817_114548,sweep_938,0,700.0,691.503903120793,51.0,51.72200154336676,0.459031541354202,0.47891849299454875,0.44324039125841663
scope_20260817_114548,sweep_939,0,700.0,717.4600852962745,51.0,51.745697649709555,0.459031541354202,0.500736115334914,0.45663500417051506
scope_20260817_114548,sweep_963,0,200.0,204.92479963373597,51.0,56.36550163992728,0.16228039321424453,0.10172855565503319,0.13842601717551217
scope_20260817_114548,sweep_964,0,200.0,212.00119257913747,50.0,52.19776220361217,0.1680362226950375,0.13772945881817758,0.16345967957051002
scope_20260817_114548,sweep_965,0,200.0,219.13358235563888,50.0,58.14756426680852,0.1680362226950375,0.17246005768760106,0.13827415807838625
scope_20260817_114548,sweep_966,0,200.0,234.5267132971344,50.0,54.0106938230282,0.1680362226950375,0.15140128905581307,0.167231594909351
scope_20260817_114548,sweep_967,0,200.0,202.33419773342916,50.0,57.674373084115764,0.1680362226950375,0.1264945809673059,0.13136422895234043
scope_20260817_114548,sweep_968,0,200.0,215.20173927032198,51.0,53.954683463813424,0.16228039321424453,0.1333910449583542,0.15600177006012855
scope_20260817_114548,sweep_994,0,300.0,276.74530290202097,55.0,54.71838204085146,0.1985557515669766,0.1901958166075384,0.18742083517032407
scope_20260817_114548,sweep_995,0,300.0,342.48398643207446,55.0,53.53522807916418,0.1985557515669766,0.20477567206882796,0.2326459344266322
scope_20260817_114548,sweep_996,0,300.0,353.6642714327538,55.0,63.847083940635,0.1985557515669766,0.31130579708968126,0.17305749893123734
scope_20260817_114548,sweep_997,0,300.0,294.88236476139554,55.0,54.780414003874405,0.1985557515669766,0.16031033896145144,0.19715741055039748
scope_20260817_114548,sweep_998,0,300.0,333.08750703619586,56.0,53.34425244635514,0.19218999690295807,0.19381201542471163,0.2287944134837101
scope_20260817_114548,sweep_1005,0,500.0,546.9285682948317,58.0,54.16769823959292,0.27549667817257045,0.3494237571992368,0.33595190252910845
scope_20260817_114548,sweep_1006,0,500.0,525.2975411127347,57.0,62.81243297403471,0.28438032619407155,0.2927020726457081,0.24775577901224494
scope_20260817_114548,sweep_1007,0,500.0,561.2408016916432,57.0,53.26031408256204,0.28438032619407155,0.3295240861521109,0.3537847320390446
scope_20260817_114548,sweep_1008,0,500.0,577.4713765459051,57.0,59.832935689172345,0.28438032619407155,0.31147503729613196,0.2932516541530791
scope_20260817_114548,sweep_1009,0,500.0,562.244164179747,56.0,50.616767553259415,0.2936738264616725,0.35090632802590754,0.3878157111072707
scope_20260817_114548,sweep_1017,0,700.0,841.8486746857188,57.0,55.090398360962475,0.37599824483955224,0.4387678280890244,0.46615360574756953
scope_20260817_114548,sweep_1018,0,700.0,724.4494127292636,58.0,54.602815940782925,0.3642525797699606,0.40904166028432615,0.4181689162930628
scope_20260817_114548,sweep_1019,0,700.0,687.1967381464049,58.0,57.483147152705186,0.3642525797699606,0.3937959814907435,0.36462787611004094
scope_20260817_114548,sweep_1020,0,700.0,558.374037466986,58.0,57.9595020981926,0.3642525797699606,0.3525528808637108,0.3023248739298634
scope_20260817_114548,sweep_1021,0,700.0,749.1128101564071,58.0,54.57992370504823,0.3642525797699606,0.4441926724418663,0.43027602647770846
scope_20260817_114548,sweep_1064,0,1600.0,1745.1100243314622,55.0,56.87868039169896,0.6981227997434151,0.6960477594693222,0.6860414668403663
scope_20260817_114548,sweep_1065,0,1600.0,1742.2352246615008,55.0,55.27939309814411,0.6981227997434151,0.7227949258795487,0.7218590609671659
scope_20260817_114548,sweep_1066,0,1600.0,1654.2919299160594,56.0,55.72065794050193,0.675740781426382,0.6434524424925677,0.6933627459540858
scope_20260817_114548,sweep_1067,0,1600.0,1539.1466301585795,57.0,54.59023188585831,0.654356522540667,0.6830986815673995,0.6940092973045336
scope_20260817_114548,sweep_1068,0,1600.0,1654.4680567230862,58.0,55.50976108951557,0.6339153299145016,0.6873581412510229,0.6981738548531246
scope_20260817_114548,sweep_1100,0,2300.0,2472.6164169410476,58.0,56.5825011850828,0.7600377805787873,0.7672207379644537,0.8244058937320119
scope_20260817_114548,sweep_1101,0,2300.0,2569.8564521283884,58.0,57.87982611292623,0.7600377805787873,0.7594561608653317,0.8064408875585513
scope_20260817_114548,sweep_1102,0,2300.0,2276.1079913234457,59.0,57.6406498330651,0.736598967035976,0.7415995679313478,0.7647154959871163
scope_20260817_114548,sweep_1103,0,2300.0,2370.2944380587787,58.0,60.58573534356301,0.7600377805787873,0.740097577895008,0.7121228688354244
scope_20260817_114548,sweep_1104,0,2300.0,2402.187787319138,58.0,55.67397762501564,0.7600377805787873,0.755425303846422,0.8367905703938633
scope_20260817_114548,sweep_1105,0,2300.0,2533.727503364428,58.0,55.60991534447488,0.7600377805787873,0.8376025835881893,0.8611883143166609
scope_20260817_114548,sweep_1112,0,2500.0,2534.076108475172,55.0,58.40849611875688,0.8726534996792689,0.7494515644857301,0.787594056950896
scope_20260817_114548,sweep_1113,0,2500.0,2583.850833612506,55.0,56.40899713715856,0.8726534996792689,0.8727599779567087,0.8474608584543584
scope_20260817_114548,sweep_1114,0,2500.0,2658.7801143669612,55.0,57.49107827790063,0.8726534996792689,0.8194181629597882,0.830432697998911
scope_20260817_114548,sweep_1115,0,2500.0,2532.872478300176,55.0,58.49032686203719,0.8726534996792689,0.779460086676059,0.7853898973618514
scope_20260817_114548,sweep_1116,0,2500.0,2562.498561312479,56.0,60.12064362763754,0.8446759767829776,0.7549512529064086,0.7510388276283638
scope_20260817_114548,sweep_1123,0,2700.0,2628.7573706502585,58.0,55.47147047991769,0.8234801693315279,0.8462386432661593,0.8811535160173635
scope_20260817_114548,sweep_1124,0,2700.0,2536.5223284295535,57.0,57.399647793711274,0.8500340574783933,0.8402770525734742,0.8134739847986338
scope_20260817_114548,sweep_1125,0,2700.0,2796.914410940611,57.0,55.81564200163667,0.8500340574783933,0.8202038110517402,0.8987825154825071
scope_20260817_114548,sweep_1126,0,2700.0,2663.727905550852,57.0,56.22498169942121,0.8500340574783933,0.8508929570220091,0.8655794807839099
scope_20260817_114548,sweep_1127,0,2700.0,2726.6791281502497,56.0,58.420812179929015,0.8778130246325919,0.7938106296032555,0.8166611322911839
scope_20260817_114548,sweep_1128,0,2700.0,2107.8573212227557,56.0,59.07428496812006,0.8778130246325919,0.7341246545658134,0.7035326685332928
scope_20260817_114548,sweep_1154,0,2700.0,2422.892930205872,58.0,58.64237675441068,0.8234801693315279,0.7298776511915908,0.7645027828837763
scope_20260817_114548,sweep_1155,0,2700.0,2391.2212318372112,58.0,59.2711252643233,0.8234801693315279,0.8243581619038611,0.7447647013519078
scope_20260817_114548,sweep_1156,0,2700.0,2343.258228087723,57.0,56.66442424794807,0.8500340574783933,0.8143010032749026,0.8004432557139636
scope_20260817_114548,sweep_1157,0,2700.0,2697.889324336167,57.0,59.64707398305037,0.8500340574783933,0.7947297346552058,0.7819343350280457
scope_20260817_114548,sweep_1158,0,2700.0,2452.464799501141,57.0,58.274986222610345,0.8500340574783933,0.7489933504843642,0.7780616492863649
scope_20260817_114548,sweep_1213,0,1600.0,1599.113641456294,55.0,57.65063902876242,0.6981227997434151,0.628165190936772,0.6407752137330794
scope_20260817_114548,sweep_1214,0,1600.0,1607.9366258161028,55.0,57.95000988464031,0.6981227997434151,0.7178334905171488,0.6364883644779102
scope_20260817_114548,sweep_1215,0,1600.0,1562.334414574276,55.0,56.60968246290532,0.6981227997434151,0.7296226475687789,0.6547425910163981
scope_20260817_114548,sweep_1216,0,1600.0,1620.5078955047632,55.0,55.93673008339898,0.6981227997434151,0.7329334894393171,0.6814524254298318
scope_20260817_114548,sweep_1217,0,1600.0,1529.3029248189944,57.0,53.96558848249037,0.654356522540667,0.6598263649789614,0.7062472475236399
scope_20260817_114548,sweep_1218,0,1600.0,1699.632962590857,57.0,57.66180792442145,0.654356522540667,0.6220016944942707,0.6603740308896308
scope_20260817_114548,sweep_1270,0,500.0,545.2980026262854,58.0,60.32677929047909,0.27549667817257045,0.31829243122277884,0.27541937966685387
scope_20260817_114548,sweep_1271,0,500.0,497.7141789251167,58.0,52.96664783963998,0.27549667817257045,0.32325935125485744,0.3233918686003596
scope_20260817_114548,sweep_1272,0,500.0,478.3950884206179,59.0,59.23093001577651,0.2670006330596112,0.30155271954404306,0.2555486975888359
scope_20260817_114548,sweep_1273,0,500.0,469.5893592472537,59.0,64.59093150282597,0.2670006330596112,0.2530827164042475,0.214280450204674
scope_20260817_114548,sweep_1274,0,500.0,460.7388042018359,58.0,58.420521714067384,0.27549667817257045,0.23961827269029104,0.2540366058600198
scope_20260817_114548,sweep_1275,0,500.0,480.1107626531477,58.0,58.440621626564926,0.27549667817257045,0.276795938225707,0.2627051194058112
scope_20260817_114548,sweep_1282,0,300.0,321.3956447121038,56.0,57.30806872453631,0.19218999690295807,0.19711261785524611,0.19513365271678743
scope_20260817_114548,sweep_1283,0,300.0,309.5810731712726,55.0,51.85594475171109,0.1985557515669766,0.22579474236381744,0.22644373832373704
scope_20260817_114548,sweep_1284,0,300.0,277.9915698183301,55.0,54.884403781723016,0.1985557515669766,0.19294516302652817,0.18709669521811187
scope_20260817_114548,sweep_1285,0,300.0,318.3188988139202,55.0,55.9148684751531,0.1985557515669766,0.2157887886971355,0.20243864062586617
scope_20260817_114548,sweep_1286,0,300.0,286.1179879044114,55.0,56.856356971238355,0.1985557515669766,0.16585922725909227,0.1797552971849178
scope_20260817_114548,sweep_1324,0,400.0,436.48560821720577,63.0,64.7117492432858,0.19651072125989233,0.16597872828640325,0.20096130428235695
scope_20260817_114548,sweep_1325,0,400.0,466.682266691054,63.0,61.346156693402406,0.19651072125989233,0.2520033097199009,0.234650683521678
scope_20260817_114548,sweep_1326,0,400.0,338.35675979437684,63.0,70.45419584894876,0.19651072125989233,0.1639920366063033,0.13857799114924294
scope_20260817_114548,sweep_1327,0,400.0,492.8866935652947,63.0,58.93358841972193,0.19651072125989233,0.21977283150078814,0.26439014192050136
scope_20260817_114548,sweep_1328,0,400.0,416.3153323291172,62.0,61.766376456938815,0.20244472325545487,0.21023379136565434,0.21074611205156757
scope_20260817_114548,sweep_1329,0,400.0,422.14487014894866,62.0,57.50291910430368,0.20244472325545487,0.19860236905965323,0.2431829259134612
scope_20260817_114548,sweep_1330,0,500.0,461.43040110180596,62.0,60.847473037759194,0.2436361747182016,0.24640959496212383,0.23599461826861412
scope_20260817_114548,sweep_1331,0,500.0,476.07701792699555,61.0,58.5213222573995,0.25108930363761317,0.2374774725401423,0.26021307247593045
scope_20260817_114548,sweep_1332,0,500.0,488.4727467508952,61.0,67.70916672380822,0.25108930363761317,0.256221542552172,0.2026354957761607
scope_20260817_114548,sweep_1333,0,500.0,519.2573862046804,60.0,59.86479167869341,0.258871351630421,0.2764890114375299,0.26823285672509156
scope_20260817_114548,sweep_1334,0,500.0,467.4143096505361,60.0,70.7265217495217,0.258871351630421,0.16023590050081263,0.1798807334568702
scope_20260817_114548,sweep_1335,0,600.0,571.1387044520027,60.0,57.9088221639307,0.3011649491844691,0.315600383727299,0.3085432385009663
scope_20260817_114548,sweep_1336,0,600.0,699.4388949326725,60.0,57.306353353544715,0.3011649491844691,0.39779751114097067,0.37209600260137327
scope_20260817_114548,sweep_1337,0,600.0,582.9497146432146,60.0,62.627718162715105,0.3011649491844691,0.3263924686915626,0.2716070236994738
scope_20260817_114548,sweep_1338,0,600.0,661.8689040182364,62.0,58.15662794419064,0.28344069637825103,0.34335862418361535,0.3459947286009773
scope_20260817_114548,sweep_1339,0,600.0,609.5721472777504,63.0,60.705687890377675,0.27513256351667076,0.29545314155189933,0.2986328396374878
scope_20260817_114548,sweep_1340,0,600.0,623.8800353980832,63.0,61.863357220100056,0.27513256351667076,0.2715173855268009,0.29397396182331775
scope_20260817_114548,sweep_1358,0,1000.0,1014.695050752559,63.0,61.863476855035564,0.4302059937997338,0.4623632964848563,0.4482715480361249
scope_20260817_114548,sweep_1359,0,1000.0,1042.2681190679868,63.0,58.96646464162764,0.4302059937997338,0.3859331990445489,0.4963754171093864
scope_20260817_114548,sweep_1360,0,1000.0,1038.3389949665377,63.0,60.25454640280919,0.4302059937997338,0.5014537579948708,0.4761217468585437
scope_20260817_114548,sweep_1361,0,1000.0,896.2440005478644,62.0,62.0812960585573,0.4431968535825665,0.4173319947321289,0.3945062946611437
scope_20260817_114548,sweep_1362,0,1000.0,1230.205670437634,62.0,62.549604284496155,0.4431968535825665,0.5041061972367815,0.48357534355442017
scope_20260817_114548,sweep_1363,0,1000.0,982.7944890557079,61.0,61.49678779174856,0.45675478803236264,0.44459390002706933,0.4334160656545334
scope_20260817_114548,sweep_1371,0,1300.0,1273.4010255935482,63.0,58.26377775730977,0.49051030186080863,0.534654280734658,0.5608518472812145
scope_20260817_114548,sweep_1372,0,1300.0,1215.7332686668383,62.0,62.22256193223722,0.5053221609361032,0.47823217767089105,0.4854293142779534
scope_20260817_114548,sweep_1373,0,1300.0,1208.515014209047,62.0,58.53312156820791,0.5053221609361032,0.5483087254660564,0.5417795220047731
scope_20260817_114548,sweep_1374,0,1300.0,1417.4140348440142,62.0,57.180587382941965,0.5053221609361032,0.6074994957882682,0.6123508664144508
scope_20260817_114548,sweep_1375,0,1300.0,1213.0329132619352,61.0,62.45559815966562,0.5207805846108657,0.4564251853478409,0.48153305647811306
scope_20260817_114548,sweep_1376,0,1300.0,1172.2335080643877,60.0,61.200130563044276,0.5369212144363935,0.5123822700882432,0.4915387091153336
scope_20260817_114548,sweep_1377,0,1400.0,1146.78845606236,60.0,60.362176502860784,0.5571894766225554,0.5073384495052877,0.49872352450534324
scope_20260817_114548,sweep_1378,0,1400.0,1520.3792017541052,60.0,63.004728797675924,0.5571894766225554,0.51407046993592,0.5303855821406727
scope_20260817_114548,sweep_1379,0,1400.0,1446.6405980841705,60.0,59.03108870277391,0.5571894766225554,0.5897198644761822,0.5836163002777011
scope_20260817_114548,sweep_1380,0,1400.0,1567.5086785173685,60.0,61.632963276864494,0.5571894766225554,0.5392290758159923,0.5610290858909391
scope_20260817_114548,sweep_1381,0,1400.0,1575.8800182511518,61.0,61.94365508273596,0.5404395534624422,0.5772609994160428,0.5573027028222091
scope_20260817_114548,sweep_1382,0,1400.0,1482.5347318286165,62.0,62.903423489418294,0.5243975890826365,0.4388838360880845,0.5253146554266244
scope_20260817_114548,sweep_1394,0,1700.0,1885.6875263684478,60.0,60.696286128349584,0.6139928989003974,0.6541475739865011,0.6330323242105892
scope_20260817_114548,sweep_1395,0,1700.0,1640.1200933499235,60.0,60.14755837892407,0.6139928989003974,0.6318354362130262,0.600357496792106
scope_20260817_114548,sweep_1396,0,1700.0,1588.7794206810302,61.0,60.2472417369615,0.5955353825456808,0.606021443344009,0.5890842058547298
scope_20260817_114548,sweep_1397,0,1700.0,1789.4184368018464,62.0,64.15509653361984,0.5778579987707427,0.49600691009822384,0.5563027950282784
scope_20260817_114548,sweep_1398,0,1700.0,1673.8316759448696,63.0,62.684273013801025,0.560919989902364,0.552537486088936,0.5618156554225419
scope_20260817_114548,sweep_1399,0,1700.0,1618.6921240071038,63.0,57.78378057212967,0.560919989902364,0.6508548563948833,0.6419752561097865
scope_20260817_114548,sweep_1442,0,2600.0,2370.6886098558293,63.0,60.04654788250305,0.6936863213752763,0.7022506056693848,0.7240279175740015
scope_20260817_114548,sweep_1443,0,2600.0,2510.010857632835,63.0,59.9619737153933,0.6936863213752763,0.7349606590216822,0.7469372876709114
scope_20260817_114548,sweep_1444,0,2600.0,2594.0587598227835,63.0,61.80622935611044,0.6936863213752763,0.6872137222132919,0.7179748987016727
scope_20260817_114548,sweep_1445,0,2600.0,2408.08891751822,63.0,59.39033633768132,0.6936863213752763,0.7062269477298517,0.744631080924975
scope_20260817_114548,sweep_1446,0,2600.0,2527.402030445346,62.0,63.808965283737656,0.7146334533635168,0.6943836963923862,0.6678534322534169
scope_20260817_114548,sweep_1447,0,2600.0,2628.558678469262,62.0,60.72938591091073,0.7146334533635168,0.7146981764299768,0.7466418062964495
scope_20260817_114548,sweep_1459,0,2900.0,2532.050545067528,63.0,62.43282605576331,0.7326144085353005,0.6902932271258625,0.6961782100650804
scope_20260817_114548,sweep_1460,0,2900.0,2539.327253897702,63.0,60.08778316106065,0.7326144085353005,0.7219081694070584,0.7483895757371286
scope_20260817_114548,sweep_1461,0,2900.0,2590.259961991174,63.0,63.27963943012968,0.7326144085353005,0.6842612488823728,0.6866959070633564
scope_20260817_114548,sweep_1462,0,2900.0,2621.6902564614225,62.0,58.38443859816131,0.7547370455820438,0.7634835284425522,0.8016983920435058
scope_20260817_114548,sweep_1463,0,2900.0,2557.002258803928,62.0,63.33030910529622,0.7547370455820438,0.7023818367031125,0.6812560148721376
scope_20260817_114548,sweep_1464,0,2900.0,2336.4971066112903,62.0,62.40724065312227,0.7547370455820438,0.6998023605974315,0.6692644660218778
scope_20260817_114548,sweep_1470,0,2900.0,2412.0660994690074,60.0,64.86526272359036,0.8019326331213239,0.6610223511555046,0.6327108075122062
scope_20260817_114548,sweep_1471,0,2900.0,2592.9319302656704,61.0,61.25256899685886,0.7778253759889919,0.7063742119391726,0.7298902756319913
scope_20260817_114548,sweep_1472,0,2900.0,2461.5752992856574,62.0,61.826747781928475,0.7547370455820438,0.6457977683654508,0.6989699335286557
scope_20260817_114548,sweep_1473,0,2900.0,2444.8721338614578,63.0,60.67975990481617,0.7326144085353005,0.6677305804371498,0.7211699690090017
scope_20260817_114548,sweep_1474,0,2900.0,2305.499849127701,63.0,62.31663457866281,0.7326144085353005,0.6602992776464298,0.6666078038355343
scope_20260817_114548,sweep_1475,0,2900.0,2562.7808370046264,63.0,60.7592062325636,0.7326144085353005,0.7175139634002461,0.736571912297539
scope_20260817_114548,sweep_1489,0,2500.0,2469.653635403232,63.0,60.26587374578881,0.6802154017317174,0.7427929932270407,0.7340334376021187
scope_20260817_114548,sweep_1490,0,2500.0,2275.1991017439054,62.0,61.21726133385563,0.7007557545705331,0.6535224928971753,0.684439940083679
scope_20260817_114548,sweep_1491,0,2500.0,2699.070893236319,62.0,60.89767242826455,0.7007557545705331,0.7182523876401294,0.7527293595522472
scope_20260817_114548,sweep_1492,0,2500.0,2599.6579953638998,61.0,60.68430370023925,0.722192731184842,0.7246469968062346,0.7435455468014449
scope_20260817_114548,sweep_1493,0,2500.0,2573.8401195568877,61.0,59.74013180679789,0.722192731184842,0.7607112829098813,0.7615572159811372
scope_20260817_114548,sweep_1559,0,1200.0,1380.958888729998,61.0,64.13014027225297,0.5003498013076314,0.4764497775539191,0.48905921876591685
scope_20260817_114548,sweep_1560,0,1200.0,1313.059422023236,62.0,65.81874033270701,0.4854978282449719,0.4715813279602717,0.4542224015652382
scope_20260817_114548,sweep_1561,0,1200.0,1205.7990150096582,63.0,67.64910061941352,0.4712670543560837,0.44202931676503715,0.41337355156821637
scope_20260817_114548,sweep_1562,0,1200.0,1091.482410806079,63.0,61.20160679295149,0.4712670543560837,0.4570844155317892,0.4742852700504442
scope_20260817_114548,sweep_1563,0,1200.0,1175.3621948682483,63.0,60.99555540411038,0.4712670543560837,0.5565552247937459,0.4952534471463838
scope_20260817_114548,sweep_1564,0,1200.0,1106.1828457388553,63.0,62.586379204264325,0.4712670543560837,0.41492560362559566,0.45805119751067797
scope_20260817_114548,sweep_1596,0,500.0,460.37033589991194,62.0,65.48169868483834,0.2436361747182016,0.20485954416565744,0.20544243682582286
scope_20260817_114548,sweep_1597,0,500.0,417.34268413587216,61.0,56.77766064131756,0.25108930363761317,0.2083442098974189,0.24652030464807392
scope_20260817_114548,sweep_1598,0,500.0,476.4008237265217,61.0,62.601803433354604,0.25108930363761317,0.24511038488578696,0.2298892681903067
scope_20260817_114548,sweep_1599,0,500.0,516.9781385317858,61.0,63.64737650069557,0.25108930363761317,0.25520299274160246,0.2385510480503235
scope_20260817_114548,sweep_1600,0,500.0,483.0311377992889,60.0,66.28227218883112,0.258871351630421,0.22599314962197717,0.2089773560430971
scope_20260817_114548,sweep_1601,0,500.0,451.95953696296965,60.0,57.501654326756295,0.258871351630421,0.2358932162942821,0.25736535461546106
scope_20260817_114548,sweep_1608,0,300.0,351.8742179827671,63.0,58.776497562113036,0.15477011249930658,0.15987790306980595,0.20086022416284635
scope_20260817_114548,sweep_1609,0,300.0,280.91037479328764,63.0,68.01849639095583,0.15477011249930658,0.14101288623117889,0.1269267000697216
scope_20260817_114548,sweep_1610,0,300.0,280.64689495369953,63.0,65.50505890480588,0.15477011249930658,0.13516638471826845,0.13614241867638024
scope_20260817_114548,sweep_1611,0,300.0,278.5544559239822,62.0,61.62689447270885,0.15944368018322802,0.1468875769285943,0.15161252400775563
scope_20260817_114548,sweep_1612,0,300.0,286.65897445001735,62.0,66.63395632826338,0.15944368018322802,0.14463854808784296,0.13418086996486242
scope_20260817_114548,sweep_1619,0,100.0,99.52309532006838,60.0,76.71535334855099,0.06806735700658387,0.048799629408287665,0.04266023851277886
scope_20260817_114548,sweep_1620,0,100.0,38.92036790216071,60.0,66.13398542842839,0.06806735700658387,0.05444585577435664,0.02594627789320943
scope_20260817_114548,sweep_1621,0,100.0,139.07695889701267,61.0,61.63577837369045,0.06602115361006028,0.0888227913952538,0.08516191694778334
scope_20260817_114548,sweep_1622,0,100.0,144.0342713134133,62.0,61.95051608646434,0.06406143584377012,0.08478334676874769,0.0868494253491244
scope_20260817_114548,sweep_1623,0,100.0,105.53823428292374,63.0,68.0943355271946,0.0621836853051411,0.0690145153584065,0.05620280921101504
scope_20260817_114548,sweep_1636,0,100.0,103.09302011261032,68.0,73.97720297049035,0.05388461001007895,0.06373486090649977,0.04709101129059011
scope_20260817_114548,sweep_1637,0,100.0,120.23365459399008,68.0,75.03059977368872,0.05388461001007895,0.06702722413699942,0.052076343866133426
scope_20260817_114548,sweep_1638,0,100.0,131.82240200042457,67.0,73.67227942387963,0.055411268128190735,0.057483741356674896,0.05820689212813422
scope_20260817_114548,sweep_1639,0,100.0,107.1724204340685,67.0,71.66038089683718,0.055411268128190735,0.04827813809432491,0.051673957808573895
scope_20260817_114548,sweep_1640,0,100.0,136.87323158487186,66.0,63.347500114806195,0.05700108510236268,0.0947545535734401,0.07986737559808961
scope_20260817_114548,sweep_1647,0,300.0,351.2069529623422,67.0,63.18553154222427,0.1379141194325498,0.12417526741120193,0.17543440323710177
scope_20260817_114548,sweep_1648,0,300.0,265.27208955621114,68.0,68.4817589575536,0.13411439210007203,0.14821384907916427,0.11949142118746824
scope_20260817_114548,sweep_1649,0,300.0,288.0850260526277,68.0,63.25637622255099,0.13411439210007203,0.15317229324096546,0.14852261674470604
scope_20260817_114548,sweep_1661,0,600.0,612.6525409677425,68.0,70.44346566183305,0.2384131917145054,0.22525534404404102,0.22689582662796645
scope_20260817_114548,sweep_1662,0,600.0,597.4700711597587,68.0,65.86351167439592,0.2384131917145054,0.25354117120221625,0.25229823549955743
scope_20260817_114548,sweep_1663,0,600.0,551.9223449152356,68.0,71.3924208051186,0.2384131917145054,0.20944109731268545,0.20284125859669416
scope_20260817_114548,sweep_1664,0,600.0,611.3904823624426,67.0,69.70198074815352,0.24516791137430827,0.21986845011821896,0.23109983229277392
scope_20260817_114548,sweep_1665,0,600.0,543.2684051754491,67.0,68.49937410548267,0.24516791137430827,0.24953316627845656,0.21653275234768976
scope_20260817_114548,sweep_1666,0,600.0,592.9287958671226,66.0,66.19125095478182,0.25220207825393,0.28131909115060044,0.24837841382264572
scope_20260817_114548,sweep_1667,0,700.0,640.658338299264,66.0,70.26142459020352,0.2866252829204393,0.26138792733523963,0.2366308333091135
scope_20260817_114548,sweep_1668,0,700.0,719.1745848452266,65.0,72.31589366293815,0.2949538008803538,0.2104095407625469,0.246573653222973
scope_20260817_114548,sweep_1669,0,700.0,699.1268146307108,65.0,67.08291990423972,0.2949538008803538,0.29086279884186655,0.2776947762210579
scope_20260817_114548,sweep_1670,0,700.0,703.1047754747312,64.0,66.00096865148753,0.3036342832832441,0.28697140622515077,0.2876721297201538
scope_20260817_114548,sweep_1671,0,700.0,721.3638478456193,65.0,68.73960020222982,0.2949538008803538,0.25409822795912307,0.27217926220629474
scope_20260817_114548,sweep_1672,0,700.0,691.7947202508275,66.0,67.22001340691773,0.2866252829204393,0.31024167890692705,0.27421852022550847
scope_20260817_114548,sweep_1689,0,1100.0,1024.1967123069942,68.0,67.53891589738666,0.3909858916473844,0.37452094293467064,0.3821485831821799
scope_20260817_114548,sweep_1690,0,1100.0,1251.7840815477732,68.0,71.96590943601738,0.3909858916473844,0.40673002999393126,0.3745855956789615
scope_20260817_114548,sweep_1691,0,1100.0,1198.8400475493102,68.0,63.528086274681414,0.3909858916473844,0.48991503880146703,0.4637673014536956
scope_20260817_114548,sweep_1692,0,1100.0,1231.3863121074442,68.0,63.47415550655995,0.3909858916473844,0.4690911451722995,0.47076551752107554
scope_20260817_114548,sweep_1693,0,1100.0,1185.0950914660182,67.0,64.22545826615918,0.40206329919360223,0.43933690150212207,0.45179570044237327
scope_20260817_114548,sweep_1694,0,1100.0,1174.8415675996316,67.0,67.84948787852292,0.40206329919360223,0.3853451525668832,0.40576167258290263
scope_20260817_114548,sweep_1706,0,1400.0,1380.4845123240905,66.0,66.92684758214104,0.4666025856128239,0.4488986118589419,0.45134367735066316
scope_20260817_114548,sweep_1707,0,1400.0,1340.205352759027,65.0,66.42929001750714,0.4801607336408805,0.4618479752146089,0.45099964115232777
scope_20260817_114548,sweep_1742,0,2100.0,2104.7201946095265,68.0,66.83759239798324,0.5402246432409816,0.5527246745610092,0.5587017950393875
scope_20260817_114548,sweep_1743,0,2100.0,2039.0364606929004,68.0,68.63055911896986,0.5402246432409816,0.5655698542349958,0.5231222607956937
scope_20260817_114548,sweep_1744,0,2100.0,2415.595115392914,68.0,69.84972674713912,0.5402246432409816,0.49794322397122126,0.5507114264921948
scope_20260817_114548,sweep_1745,0,2100.0,2239.7438579988498,67.0,66.36107117936078,0.5555302812896493,0.580665754074732,0.5841560215570226
scope_20260817_114548,sweep_1746,0,2100.0,2221.709702844407,67.0,68.5713097844212,0.5555302812896493,0.6006347940349307,0.5469448518727963
scope_20260817_114548,sweep_1747,0,2100.0,2012.3647443764987,66.0,67.86264024903168,0.571469123707361,0.5817195513230721,0.5308549129236607
scope_20260817_114548,sweep_1855,0,1800.0,1733.9992115430866,66.0,66.19718899723763,0.5290776011276815,0.5228326067726375,0.516384216884354
scope_20260817_114548,sweep_1856,0,1800.0,1949.4458048561407,65.0,65.53449491664668,0.544451095950898,0.5559784757789628,0.557968869736852
scope_20260817_114548,sweep_1857,0,1800.0,1694.1845732505078,65.0,65.83669343885524,0.544451095950898,0.52922281306816,0.515684774605104
scope_20260817_114548,sweep_1858,0,1800.0,1926.709314615401,64.0,61.871739096830325,0.5604742770169839,0.6647519510761726,0.6175525053088226
scope_20260817_114548,sweep_1859,0,1800.0,1810.5252594115643,65.0,66.56457022004525,0.544451095950898,0.5807514549542884,0.5221927601111356
scope_20260817_114548,sweep_1860,0,1800.0,2053.6989190252166,66.0,65.22557172381597,0.5290776011276815,0.5051796785271891,0.5777917997052794
scope_20260817_114548,sweep_1866,0,1600.0,1823.4462542390008,67.0,67.26325816131586,0.48490658378093865,0.5023174147594617,0.513849303923533
scope_20260817_114548,sweep_1867,0,1600.0,1543.6333258637849,67.0,69.20666566910961,0.48490658378093865,0.43099033418279886,0.4480165060586941
scope_20260817_114548,sweep_1868,0,1600.0,1599.4382941001436,67.0,64.80425988339013,0.48490658378093865,0.49678680629419264,0.5161305870542354
scope_20260817_114548,sweep_1869,0,1600.0,1521.5803168606733,66.0,66.84599938832199,0.4988191460417266,0.5043420765359277,0.4749276806726462
scope_20260817_114548,sweep_1870,0,1600.0,1545.2494192264303,65.0,68.14315973156593,0.5133134159617702,0.46819449322893447,0.46157181830353655
scope_20260817_114548,sweep_1871,0,1600.0,1561.3853567438346,65.0,67.02507646459635,0.5133134159617702,0.5047982261485814,0.4786819332217385
scope_20260817_114548,sweep_1879,0,1300.0,1413.5329807839921,66.0,67.59611294226963,0.4496295020591513,0.408589890515107,0.44822918739194423
scope_20260817_114548,sweep_1880,0,1300.0,1326.1694446189142,65.0,64.24150531003747,0.4626944604084344,0.4846623050106147,0.4777076349436927
scope_20260817_114548,sweep_1881,0,1300.0,1230.4460035272828,65.0,71.37373679181643,0.4626944604084344,0.3841181840171593,0.377263699495539
scope_20260817_114548,sweep_1882,0,1300.0,1560.60662099875,65.0,63.88624026843988,0.4626944604084344,0.5156020312059719,0.5236116005266628
scope_20260817_114548,sweep_1883,0,1300.0,1224.7605090259815,65.0,62.855539621560226,0.4626944604084344,0.5341239038733067,0.4781436005502134
scope_20260817_114548,sweep_1896,0,1000.0,1037.743742992478,65.0,66.27813348894236,0.40580988699015613,0.3801061071501297,0.3985620271434762
scope_20260817_114548,sweep_1897,0,1000.0,880.4088302766648,65.0,66.98669204723937,0.40580988699015613,0.3777983281266754,0.33716976216587985
scope_20260817_114548,sweep_1898,0,1000.0,1076.4538517487404,65.0,68.89413168416989,0.40580988699015613,0.42717625912584384,0.37734610601131174
scope_20260817_114548,sweep_1899,0,1000.0,1100.1245234715564,65.0,65.12850884254195,0.40580988699015613,0.4345334087402397,0.4240686938411893
scope_20260817_114548,sweep_1900,0,1000.0,830.2691310173424,67.0,73.01808760041058,0.3833523142897572,0.30074680363798695,0.2727261691888248
scope_20260817_114548,sweep_1901,0,1000.0,1009.9254949511292,67.0,66.42647305423401,0.3833523142897572,0.37519024498358516,0.39153431208856465
scope_20260817_114548,sweep_1908,0,800.0,817.9308244366142,66.0,64.31034280252544,0.320219527534075,0.33329788253834536,0.3424111143681725
scope_20260817_114548,sweep_1909,0,800.0,888.6480092558113,66.0,64.5422061105889,0.320219527534075,0.415440750278041,0.3643471526111961
scope_20260817_114548,sweep_1910,0,800.0,936.7280010375156,65.0,66.42455787497889,0.32952419898178936,0.3975674540441645,0.36065164404656186
scope_20260817_114548,sweep_1911,0,800.0,781.7796451850548,65.0,63.71421422358358,0.32952419898178936,0.3627237972505947,0.33558979585592785
scope_20260817_114548,sweep_1912,0,800.0,752.842561860285,64.0,69.03203578353062,0.33922208726819353,0.242780016935735,0.2797456423117611
scope_20260817_114548,sweep_1919,0,600.0,601.3000293101616,67.0,68.94094256046222,0.24516791137430827,0.2882714710957498,0.23271788550440073
scope_20260817_114548,sweep_1920,0,600.0,608.4395061074662,67.0,71.21905150791467,0.24516791137430827,0.24075042705551988,0.22095594406032568
scope_20260817_114548,sweep_1921,0,600.0,556.603218406236,67.0,69.90652530241812,0.24516791137430827,0.29493994087458475,0.21259139580482567
scope_20260817_114548,sweep_1922,0,600.0,498.79574939247385,66.0,71.8161019727842,0.25220207825393,0.15587632467704038,0.1844101434554141
scope_20260817_114548,sweep_1923,0,600.0,585.0455061432255,66.0,61.55024952157078,0.25220207825393,0.28136374494783084,0.2813383628028719
scope_20260817_114548,sweep_1930,0,400.0,424.1034328663456,67.0,57.56132796053263,0.17510876385603658,0.1875147752934615,0.24366709882858503
scope_20260817_114548,sweep_1931,0,400.0,400.40306548882415,68.0,73.03225237743973,0.17028427192643694,0.138800889523337,0.14882891138371415
scope_20260817_114548,sweep_1932,0,400.0,357.2090776218525,68.0,72.20555872775982,0.17028427192643694,0.12499045619812325,0.13834481272656654
scope_20260817_114548,sweep_1978,0,400.0,392.6808435136968,72.0,69.59085242261922,0.1527934006985601,0.1627190525133226,0.1605170872098162
scope_20260817_114548,sweep_1979,0,400.0,316.0932025132881,72.0,78.58091412669158,0.1527934006985601,0.11360549447546223,0.1063067015039285
scope_20260817_114548,sweep_1980,0,400.0,452.4571512365544,71.0,70.40313814534733,0.1569125796350029,0.16015585535632992,0.17662005630341782
scope_20260817_114548,sweep_1981,0,400.0,386.0275706731227,70.0,68.75109320799318,0.16119519948168745,0.14342975309162367,0.1619357703344902
scope_20260817_114548,sweep_1982,0,400.0,380.4427540310787,70.0,71.20168024469956,0.16119519948168745,0.12816559684589757,0.1497086082789345
scope_20260817_114548,sweep_1983,0,400.0,395.67071324116245,69.0,67.17192805689774,0.16564951281511708,0.2576597552584019,0.17269845299763253
scope_20260817_114548,sweep_2009,0,1000.0,1014.1953826711318,70.0,70.85049635441236,0.3528924047714,0.3223928290694607,0.34733463672330034
scope_20260817_114548,sweep_2010,0,1000.0,1127.8464647873016,71.0,75.15599185187983,0.3435167904771919,0.3148429626987572,0.3273077444057076
scope_20260817_114548,sweep_2011,0,1000.0,1050.1330915775584,72.0,64.66228048126383,0.33449898495172314,0.41257714077074165,0.41993420267783366
scope_20260817_114548,sweep_2012,0,1000.0,970.4465604707545,72.0,70.64480329869805,0.33449898495172314,0.36422192347166343,0.33057645088788995
scope_20260817_114548,sweep_2013,0,1000.0,966.4263544514985,72.0,69.46300708265879,0.33449898495172314,0.32878025465183747,0.3401506531870283
scope_20260817_114548,sweep_2014,0,1000.0,1024.8877054929676,72.0,73.07972753871155,0.33449898495172314,0.32662316508032513,0.3291655085173045
scope_20260817_114548,sweep_2043,0,1600.0,1701.2179879733417,71.0,70.12657177114001,0.4345181889675064,0.4552993049007409,0.4587057983728304
scope_20260817_114548,sweep_2044,0,1600.0,1568.7313264400825,70.0,71.6262586766458,0.44637750722067815,0.43208711569041947,0.4231268853010371
scope_20260817_114548,sweep_2084,0,2400.0,2532.463694395221,71.0,67.33343677294233,0.5321739234643147,0.5763154257618397,0.6043760952455158
scope_20260817_114548,sweep_2085,0,2400.0,2733.2769377423633,72.0,71.27646738549765,0.5182035992165236,0.5218339841455957,0.5637436996763318
scope_20260817_114548,sweep_2086,0,2400.0,2622.524393422865,72.0,70.59963485079145,0.5182035992165236,0.5453925341083528,0.5623059217339514
scope_20260817_114548,sweep_2087,0,2400.0,2505.4509096512984,72.0,73.56167728004046,0.5182035992165236,0.4888339565953236,0.5082436307989388
scope_20260817_114548,sweep_2088,0,2400.0,2555.1363012009006,72.0,71.60310916122417,0.5182035992165236,0.5317585596855797,0.540344144103299
scope_20260817_114548,sweep_2089,0,2400.0,2423.6026240193987,72.0,70.72081906180608,0.5182035992165236,0.5642032805978913,0.5388020019542746
scope_20260817_114548,sweep_2143,0,2500.0,2487.2394686856614,70.0,70.73979383716224,0.5579718840258477,0.5489551822805242,0.5455518334945922
scope_20260817_114548,sweep_2144,0,2500.0,2398.3850264969687,71.0,71.37040566102444,0.543147736209383,0.5044214239466346,0.5267587224367434
scope_20260817_114548,sweep_2145,0,2500.0,2607.5676183015175,71.0,69.4861580699698,0.543147736209383,0.5677170890520868,0.5778629876210981
scope_20260817_114548,sweep_2146,0,2500.0,2630.4556822812883,72.0,70.485783521801,0.5288893337309165,0.5523043052728895,0.5648837683339939
scope_20260817_114548,sweep_2147,0,2500.0,2455.133129345684,72.0,72.09337483080822,0.5288893337309165,0.5644292271091833,0.522830205779862
scope_20260817_114548,sweep_2148,0,2500.0,2478.5497809041703,72.0,69.0210935601811,0.5288893337309165,0.5636953545937966,0.570595030537823
scope_20260817_114548,sweep_2149,0,2400.0,2451.5318980018433,72.0,67.79270286773729,0.5182035992165236,0.5641295545755419,0.5870652811659253
scope_20260817_114548,sweep_2150,0,2400.0,2516.021042563025,72.0,68.67556831340006,0.5182035992165236,0.5464416168535162,0.5803760114973734
scope_20260817_114548,sweep_2151,0,2400.0,2413.1762980961075,71.0,69.33371673558707,0.5321739234643147,0.5259720565604876,0.5582236091848963
scope_20260817_114548,sweep_2152,0,2400.0,2558.8999264896893,71.0,70.39840467713749,0.5321739234643147,0.5842390773952753,0.5584609386203656
scope_20260817_114548,sweep_2153,0,2400.0,2691.1098485929447,70.0,69.14450718092763,0.5466985626730876,0.5596856858127119,0.5925519289579666
scope_20260817_114548,sweep_2154,0,2400.0,2553.296874894126,69.0,65.72869793264407,0.5618055057142678,0.6519341913506546,0.6350285566677841
scope_20260817_114548,sweep_2180,0,1800.0,1905.0070376177725,72.0,67.76318090404978,0.4487774812540393,0.500863515702978,0.517932163698023
scope_20260817_114548,sweep_2181,0,1800.0,1706.5352525352653,72.0,69.53745461299941,0.4487774812540393,0.4780781420210758,0.466828715988698
scope_20260817_114548,sweep_2182,0,1800.0,1690.6340034689676,73.0,69.42039507414285,0.4371360096628053,0.46672765786378123,0.4661340558067586
scope_20260817_114548,sweep_2183,0,1800.0,1782.4958337266612,73.0,70.53191279367067,0.4371360096628053,0.4613580066296784,0.4644280846681037
scope_20260817_114548,sweep_2184,0,1800.0,1724.3782052955587,72.0,69.54890556097588,0.4487774812540393,0.4681303419158831,0.4691165009565437
scope_20260817_114548,sweep_2271,0,100.0,98.75990102662043,73.0,73.75075752643583,0.04709559965303381,0.05614248389849331,0.04570907652517978
scope_20260817_114548,sweep_2272,0,100.0,113.48203284630151,72.0,67.07811281834974,0.0483498136123364,0.08839110391602813,0.06140933468642208
scope_20260817_114548,sweep_2273,0,100.0,92.13793989596414,72.0,79.2765544019951,0.0483498136123364,0.024021656014186217,0.03756982034147961
scope_20260817_114548,sweep_2285,0,100.0,890.4836590883139,78.0,70.86504526304472,0.04148634107155179,1.2285790851132365,0.30599013286824767
scope_20260817_114548,sweep_2286,0,100.0,97.76985779689257,78.0,72.40417516407777,0.04148634107155179,0.05024868126226561,0.04694992819376131
scope_20260817_114548,sweep_2287,0,100.0,126.22409138428995,77.0,74.04243368573009,0.042526686916602344,0.05867983578584805,0.055612778234194665
scope_20260817_114548,sweep_2288,0,100.0,105.27564738795841,77.0,79.59966283874097,0.042526686916602344,0.042038002309769895,0.04163796120795032
scope_20260817_114548,sweep_2289,0,100.0,97.28376458111072,76.0,73.25186462375424,0.04360587731276664,0.016414616162826846,0.04572992726309795
scope_20260817_114548,sweep_2290,0,100.0,71.3225459014736,76.0,86.28972168326798,0.04360587731276664,0.0076514571327294615,0.02579477983973892
scope_20260817_114548,sweep_2302,0,400.0,242.9032990671242,76.0,77.42844513067125,0.1378017780685265,0.0974762520040143,0.08789158960990157
scope_20260817_114548,sweep_2303,0,400.0,370.7237324549808,76.0,78.51498290027112,0.1378017780685265,0.13348995938810024,0.12154201684131286
scope_20260817_114548,sweep_2304,0,400.0,345.71863742935795,75.0,74.10668764185856,0.141340813517633,0.13619471913217787,0.12812879362274415
scope_20260817_114548,sweep_2305,0,400.0,330.07571441052323,74.0,78.03935153580794,0.14501466130073876,0.1367539036058514,0.11166927195836762
scope_20260817_114548,sweep_2306,0,400.0,413.9162675741049,74.0,86.21706846672413,0.14501466130073876,0.11689458203237478,0.11119825786041784
scope_20260817_114548,sweep_2307,0,400.0,349.12132246302133,75.0,80.13894028645416,0.141340813517633,0.11311742407052944,0.11116926227370272
scope_20260817_114548,sweep_2332,0,1000.0,1037.6992563133076,77.0,73.70064691385093,0.29421279099478637,0.3239955213420029,0.3259116555022163
scope_20260817_114548,sweep_2333,0,1000.0,973.0544556113009,77.0,80.38300378841836,0.29421279099478637,0.2785918917399035,0.2587770953124157
scope_20260817_114548,sweep_2334,0,1000.0,912.0781031732637,77.0,76.80625855513843,0.29421279099478637,0.2792815972656038,0.26766200254735883
scope_20260817_114548,sweep_2335,0,1000.0,1016.906005991508,77.0,77.12582751034985,0.29421279099478637,0.3203010335838336,0.2957614455734093
scope_20260817_114548,sweep_2336,0,1000.0,1009.1999423444763,76.0,80.37127036141909,0.30167896439063374,0.26633624796115035,0.27219658427814025
scope_20260817_114548,sweep_2337,0,1000.0,942.0515554544946,75.0,77.47423888740802,0.3094267058508147,0.278584720366512,0.27041246661642676
scope_20260817_114548,sweep_2355,0,1400.0,1359.071739372491,77.0,74.30002528306592,0.3481172689467137,0.3859048626674338,0.36725336122714747
scope_20260817_114548,sweep_2356,0,1400.0,1543.0509641320994,77.0,73.57503663454546,0.3481172689467137,0.4151902324205852,0.3987205190691391
scope_20260817_114548,sweep_2357,0,1400.0,1249.4703352280114,77.0,74.57032855864225,0.3481172689467137,0.3901583266520538,0.34969781035325104
scope_20260817_114548,sweep_2358,0,1400.0,1312.8125175326086,77.0,77.04319876431016,0.3481172689467137,0.34469418132119223,0.3367407155478181
scope_20260817_114548,sweep_2359,0,1400.0,1404.09644453912,76.0,73.85288599461053,0.35695136444357145,0.3799289931908188,0.3776168078039845
scope_20260817_114548,sweep_2360,0,1400.0,1293.1510364553483,76.0,75.90193119048816,0.35695136444357145,0.3752006932178128,0.34390929133365045
scope_20260817_114548,sweep_2383,0,1900.0,1828.3381676869756,77.0,77.79013951109215,0.40554434545606666,0.39167861471946586,0.39010392212737055
scope_20260817_114548,sweep_2384,0,1900.0,1888.2319798106319,76.0,82.71606796084784,0.4158357552640585,0.3539776057355746,0.35225169575937804
scope_20260817_114548,sweep_2391,0,2100.0,2231.9111833882266,77.0,77.67309010425971,0.42635483978533406,0.4182335116467853,0.432261067569905
scope_20260817_114548,sweep_2392,0,2100.0,2183.2798959854613,76.0,80.71350740872698,0.43717435293849416,0.3901533586737634,0.3970958414815126
scope_20260817_114548,sweep_2393,0,2100.0,2254.216276678891,76.0,74.90544367531328,0.43717435293849416,0.4681302994051072,0.46569726061372857
scope_20260817_114548,sweep_2394,0,2100.0,2430.6272952072595,75.0,77.67707536492173,0.4484018969816496,0.4148805428716197,0.45104936304280885
scope_20260817_114548,sweep_2395,0,2100.0,2281.210374337065,74.0,78.38908917706867,0.4600571314052221,0.4205886365731473,0.4293747135533177
scope_20260817_114548,sweep_2396,0,2100.0,2107.5989511972143,74.0,76.54975603954244,0.4600571314052221,0.4263626056956548,0.4319563869086107
scope_20260817_114548,sweep_2425,0,2700.0,2610.747488410274,77.0,77.69754043094059,0.4834409470031919,0.4618606513048419,0.46722672504795393
scope_20260817_114548,sweep_2426,0,2700.0,2380.5034744384643,77.0,75.37057651932163,0.4834409470031919,0.48295435483889776,0.47292896157963
scope_20260817_114548,sweep_2427,0,2700.0,2543.81784069164,77.0,76.08260576077392,0.4834409470031919,0.4876494178500225,0.4801579532924913
scope_20260817_114548,sweep_2428,0,2700.0,2527.73713854414,76.0,75.33645782678335,0.49570912176464355,0.489051111655049,0.4877573762282747
scope_20260817_114548,sweep_2429,0,2700.0,2490.870540571043,76.0,73.48296655378229,0.49570912176464355,0.5095069586363408,0.5077992385084867
scope_20260817_114548,sweep_2430,0,2700.0,2647.56858903287,75.0,73.58237551462717,0.508439960067021,0.475912902431625,0.522178961414383
scope_20260817_114548,sweep_2499,0,1900.0,1790.8303514207894,75.0,75.65263575550259,0.4265152798646311,0.431454151950487,0.40727047122055865
scope_20260817_114548,sweep_2500,0,1900.0,1989.112080072389,75.0,76.2522318602939,0.4265152798646311,0.42224253824310115,0.4227828790790782
scope_20260817_114548,sweep_2501,0,1900.0,1859.211348621449,76.0,77.82540471732973,0.4158357552640585,0.40086372005389165,0.3930415595036446
scope_20260817_114548,sweep_2502,0,1900.0,1903.6641386235915,77.0,76.22559454202973,0.40554434545606666,0.4233941102989171,0.4138793195256432
scope_20260817_114548,sweep_2503,0,1900.0,2026.173567987192,77.0,77.67015612301977,0.40554434545606666,0.39620267237558027,0.4118864318354404
scope_20260817_114548,sweep_2526,0,1400.0,1417.0811911071191,77.0,75.09946055360616,0.3481172689467137,0.4094954622769675,0.36741253654996736
scope_20260817_114548,sweep_2527,0,1400.0,1385.0468840335866,77.0,75.9706243241558,0.3481172689467137,0.37699054816406635,0.3553030365110661
scope_20260817_114548,sweep_2528,0,1400.0,1393.8061995969597,77.0,78.85946616090406,0.3481172689467137,0.3281799002790931,0.3317885748809663
scope_20260817_114548,sweep_2529,0,1400.0,1335.0766073081495,77.0,74.68144687094407,0.3481172689467137,0.35896010527411637,0.36045126806396516
scope_20260817_114548,sweep_2530,0,1400.0,1436.4050560513122,77.0,77.92059712321931,0.3481172689467137,0.3400901644361734,0.3446617538871924
scope_20260817_114548,sweep_2531,0,1400.0,1494.6227149896886,76.0,82.41251038927027,0.35695136444357145,0.33038139019651835,0.315624635665799
scope_20260817_114548,sweep_2549,0,1000.0,1107.89512727131,75.0,75.35978279290299,0.3094267058508147,0.3169553286380066,0.3227229750961265
scope_20260817_114548,sweep_2550,0,1000.0,1035.126806961385,76.0,73.96766040792781,0.30167896439063374,0.30996767906050604,0.32326711164762095
scope_20260817_114548,sweep_2551,0,1000.0,942.2279253001225,76.0,77.28174802346712,0.30167896439063374,0.29686578237912586,0.27174880663909606
scope_20260817_114548,sweep_2552,0,1000.0,1103.0381270397006,77.0,76.26067142254335,0.29421279099478637,0.33552933675313995,0.3147682442343045
scope_20260817_114548,sweep_2553,0,1000.0,1050.5101245103194,77.0,76.99356085001735,0.29421279099478637,0.3019639421460387,0.30160000376125906
scope_20260817_114548,sweep_2554,0,900.0,921.0556960707681,75.0,74.21583933492111,0.2770633472445438,0.28685868896120886,0.288166025849401
scope_20260817_114548,sweep_2555,0,900.0,1024.9199935884697,74.0,73.72211868885125,0.2842650078174627,0.3429750174106313,0.3237185399571496
scope_20260817_114548,sweep_2579,0,400.0,372.30676709282824,75.0,76.36676132300336,0.141340813517633,0.14429448799076122,0.12864303185731107
scope_20260817_114548,sweep_2580,0,400.0,429.21355247001566,74.0,76.11057713477693,0.14501466130073876,0.10801030677684534,0.14569820182470436
scope_20260817_114548,sweep_2581,0,400.0,415.38199925946725,74.0,80.9028945045676,0.14501466130073876,0.13626022856348086,0.1260932411767588
scope_20260817_114548,sweep_2582,0,400.0,468.79888283476174,75.0,76.52341082590155,0.141340813517633,0.14523721469712336,0.1551498521717753
scope_20260817_114548,sweep_2583,0,400.0,452.3527735346829,76.0,83.36805558387238,0.1378017780685265,0.12272295146392093,0.12772995216470784
scope_20260817_114548,sweep_2649,0,800.0,714.4902379780597,81.0,84.44406988324238,0.2167411738417128,0.17857950393570313,0.1821008172203794
scope_20260817_114548,sweep_2650,0,800.0,786.8133337270691,80.0,81.56085215003253,0.22198801079778918,0.2043382526952332,0.21094834438134827
scope_20260817_114548,sweep_2651,0,800.0,818.7335018789795,80.0,79.61786323910533,0.22198801079778918,0.22016691009262002,0.22838868639488671
scope_20260817_114548,sweep_2652,0,800.0,750.3211954752879,79.0,82.76515697253708,0.2274250466559454,0.17612752228660686,0.197144008095916
scope_20260817_114548,sweep_2653,0,800.0,842.0375098503121,79.0,87.97399393684117,0.2274250466559454,0.18662332207836252,0.1928175233165505
scope_20260817_114548,sweep_2654,0,800.0,846.4846964494246,80.0,77.72327254096697,0.22198801079778918,0.24153734130577825,0.24591951950108726
scope_20260817_114548,sweep_2661,0,1000.0,994.1556638559816,81.0,79.64630923946775,0.26691730541974545,0.2483879445217334,0.268135879804394
scope_20260817_114548,sweep_2662,0,1000.0,988.1230018766902,80.0,78.70150033527266,0.2733787984414425,0.2779818070314318,0.27297778211106555
scope_20260817_114548,sweep_2663,0,1000.0,1032.2331107026548,79.0,76.83853700473662,0.28007452189355153,0.26617896615595366,0.300122850378524
scope_20260817_114548,sweep_2664,0,1000.0,1016.9358720328955,79.0,78.1018966813627,0.28007452189355153,0.24577818042146846,0.2887107275737577
scope_20260817_114548,sweep_2665,0,1000.0,950.203401681604,79.0,79.3662746952234,0.28007452189355153,0.25382444520630365,0.26001483780245976
scope_20260817_114548,sweep_2679,0,1400.0,1424.323610495015,82.0,82.2450783600761,0.3084404214709989,0.3129168455416612,0.30932331498544174
scope_20260817_114548,sweep_2680,0,1400.0,1388.442239734157,81.0,83.46117647519714,0.31582081487063635,0.29240439350292136,0.2968758548993042
scope_20260817_114548,sweep_2681,0,1400.0,1448.8797355631082,80.0,79.48867615086485,0.32346615651749655,0.31182404587914286,0.3331495102217061
scope_20260817_114548,sweep_2682,0,1400.0,1461.6679981829548,80.0,78.44578449605052,0.32346615651749655,0.3559643385083944,0.34322177426245043
scope_20260817_114548,sweep_2683,0,1400.0,1494.5621799530932,79.0,78.74671151504204,0.3313886433471462,0.359346482639539,0.3445178668210057
scope_20260817_114548,sweep_2684,0,1400.0,1727.3128754585027,79.0,77.985227695262,0.3313886433471462,0.3627743692124662,0.3773537077619595
scope_20260817_114548,sweep_2685,0,1500.0,1473.4856829797186,79.0,74.94518333597846,0.34301983429657856,0.40175405623391186,0.3761302128023786
scope_20260817_114548,sweep_2686,0,1500.0,1684.9028047506313,80.0,79.94566309505578,0.33481928133835165,0.3440758205614562,0.3553204080416339
scope_20260817_114548,sweep_2687,0,1500.0,1328.1300318912208,81.0,79.59272677497474,0.3269056008984957,0.3490594012463639,0.3181635240531856
scope_20260817_114548,sweep_2688,0,1500.0,1463.7440763057352,81.0,79.85844810433943,0.3269056008984957,0.3459616884796982,0.33187731114830954
scope_20260817_114548,sweep_2689,0,1500.0,1449.2611584727504,82.0,83.53229555911156,0.31926616794926455,0.30600236734755015,0.30281011075275943
scope_20260817_114548,sweep_2713,0,2000.0,1897.4702314627225,82.0,83.93333517257348,0.36865681601729633,0.34406314026019846,0.34329657369809496
scope_20260817_114548,sweep_2714,0,2000.0,1956.3161227536045,81.0,81.46389012850922,0.37747807335668565,0.35337425286780205,0.36924763024060625
scope_20260817_114548,sweep_2715,0,2000.0,2000.4788714412807,81.0,80.12410890448079,0.37747807335668565,0.37144723881568337,0.38551034990833627
scope_20260817_114548,sweep_2716,0,2000.0,1951.5084326790925,80.0,84.83226135266891,0.38661600442114874,0.34724257288105437,0.34106194546234636
scope_20260817_114548,sweep_2717,0,2000.0,1974.4069457898977,80.0,80.95861514408281,0.38661600442114874,0.3580177261116849,0.37542449892496665
scope_20260817_114548,sweep_2718,0,2000.0,2203.3761468727675,79.0,80.93719041970209,0.3960851873370209,0.39867134622903017,0.39679849204768336
scope_20260817_114548,sweep_2826,0,1900.0,2098.411583660453,79.0,81.00984053265105,0.38605608639990746,0.3953351896203135,0.3865631377079665
scope_20260817_114548,sweep_2827,0,1900.0,1784.459270264021,79.0,78.00164083598204,0.38605608639990746,0.3823318885965576,0.3833901113476436
scope_20260817_114548,sweep_2828,0,1900.0,2156.678579282452,79.0,80.71438413757879,0.38605608639990746,0.38156149755702806,0.39466104226798726
scope_20260817_114548,sweep_2829,0,1900.0,2134.287734091275,80.0,80.25685450381918,0.376826668550469,0.39138917972962545,0.3969279213145445
scope_20260817_114548,sweep_2830,0,1900.0,1949.0882466896464,81.0,80.29066736543363,0.36792011506823274,0.39031151435207495,0.3790083266812392
scope_20260817_114548,sweep_2831,0,1900.0,2089.942574858785,81.0,80.07983580433398,0.36792011506823274,0.41152455853696823,0.3944557212306953
scope_20260817_114548,sweep_2832,0,1800.0,1851.7709373748642,82.0,79.344014065747,0.3497385640680902,0.35403753505916236,0.37795345914130246
scope_20260817_114548,sweep_2833,0,1800.0,1726.2258169232027,82.0,77.57941953638095,0.3497385640680902,0.3699385300846061,0.3810329511781801
scope_20260817_114548,sweep_2834,0,1800.0,1777.1987807721164,81.0,81.45786876556133,0.3581071435737744,0.33801637246604244,0.3519881691206076
scope_20260817_114548,sweep_2835,0,1800.0,1722.543619449714,81.0,78.3357254149053,0.3581071435737744,0.3830306190782646,0.37360024614691656
scope_20260817_114548,sweep_2836,0,1700.0,1824.3169439257692,79.0,75.31662112315928,0.36517249935288454,0.3658719383831461,0.41457865818272904
scope_20260817_114548,sweep_2837,0,1700.0,1743.2078742442536,80.0,77.87204206665668,0.3564423440661724,0.4185720064963947,0.3801448216883796
scope_20260817_114548,sweep_2838,0,1700.0,1797.468973885185,80.0,78.12416310401204,0.3564423440661724,0.4213877224723648,0.38362689296693797
scope_20260817_114548,sweep_2839,0,1700.0,1686.7085911466356,81.0,84.29767565605248,0.34801758789652293,0.3228217236028102,0.3209741913517574
scope_20260817_114548,sweep_2879,0,900.0,866.595573951227,81.0,84.91433107904722,0.23900006262789797,0.1936996623606683,0.2114582178791314
scope_20260817_114548,sweep_2880,0,900.0,871.7360669561297,80.0,78.62787864829177,0.2447857393356214,0.2576003465451656,0.2464534665568519
scope_20260817_114548,sweep_2881,0,900.0,863.3926579080348,80.0,78.9988770113059,0.2447857393356214,0.22349879007297146,0.24229162608420343
scope_20260817_114548,sweep_2882,0,900.0,851.182904943526,79.0,80.05615770271322,0.2507811479955305,0.26166843693896147,0.23339808084952968
scope_20260817_114548,sweep_2883,0,900.0,951.8308489935532,79.0,76.94902873344242,0.2507811479955305,0.2961222656784177,0.27632349735993594
scope_20260817_114548,sweep_2884,0,900.0,950.3336073319616,80.0,80.14560622202264,0.2447857393356214,0.2594481440276627,0.25520075454005886
scope_20260817_114548,sweep_2899,0,500.0,428.6269901313094,81.0,83.86656875183891,0.14673098586527222,0.11470979528695428,0.12074666883994209
scope_20260817_114548,sweep_2900,0,500.0,516.1025713604676,81.0,83.95266912619063,0.14673098586527222,0.1343926822905348,0.1405917308413323
scope_20260817_114548,sweep_2901,0,500.0,543.257229655099,80.0,83.71701078658492,0.1502830269730761,0.15003436785593385,0.1475027297897892
scope_20260817_114548,sweep_2902,0,500.0,478.3250330526643,80.0,83.89546439022848,0.1502830269730761,0.1485792665157823,0.13216928327852973
scope_20260817_114548,sweep_2903,0,500.0,580.85197058569,79.0,81.85874705462324,0.15396383029028396,0.1718423500834684,0.16282649693322818
scope_20260817_114548,sweep_2944,0,200.0,175.5383062490573,84.0,73.55899407644377,0.06393979201663134,0.07342546246422903,0.07404366641135393
scope_20260817_114548,sweep_2945,0,200.0,185.78883484613988,84.0,85.43277566718388,0.06393979201663134,0.061435240199774574,0.05821250672278182
scope_20260817_114548,sweep_2946,0,200.0,234.50362429741608,84.0,87.91915469717019,0.06393979201663134,0.07147905807748536,0.0668142795922777
scope_20260817_114548,sweep_2947,0,200.0,257.24996963163056,85.0,81.84200043070624,0.06249508647437978,0.08685606595990387,0.0828546633029251
scope_20260817_114548,sweep_2974,0,800.0,825.3282505042026,85.0,84.15353161509204,0.1974948004129368,0.21090470836791708,0.20662618497502142
scope_20260817_114548,sweep_2975,0,800.0,854.3229137206638,84.0,85.82472068409305,0.20206030866036367,0.1830838452311013,0.20470817243110037
scope_20260817_114548,sweep_2976,0,800.0,790.5984247803882,84.0,88.80468981015038,0.20206030866036367,0.17369274718071095,0.1796924534425252
scope_20260817_114548,sweep_2977,0,800.0,800.1650013961997,84.0,89.80292722931557,0.20206030866036367,0.18923592243839846,0.17761232402153496
scope_20260817_114548,sweep_2978,0,800.0,890.9355114380992,84.0,87.1131409766391,0.20206030866036367,0.1848726446070605,0.20594550481246124
scope_20260817_114548,sweep_2979,0,800.0,760.2574867868941,85.0,80.18607364281058,0.1974948004129368,0.19667059365444314,0.21184596098860697
scope_20260817_114548,sweep_2997,0,1200.0,1208.6317609576352,85.0,90.0427513929671,0.266429064552777,0.24816842954177992,0.23918826040818786
scope_20260817_114548,sweep_2998,0,1200.0,1239.1120601384812,84.0,88.36962465084372,0.2725881334954865,0.26296789774129553,0.2511351861328443
scope_20260817_114548,sweep_2999,0,1200.0,1404.376635559274,84.0,87.83927075952647,0.2725881334954865,0.2700928717494137,0.27048953342101234
scope_20260817_114548,sweep_3000,0,1200.0,1398.0947878830586,84.0,83.30581800889553,0.2725881334954865,0.30470836887310815,0.29897910241532083
scope_20260817_114548,sweep_3001,0,1200.0,1267.998807110388,85.0,85.98281185575004,0.266429064552777,0.2773520243499086,0.2678574513207723
scope_20260817_114548,sweep_3021,0,1700.0,1713.816561924128,85.0,84.95249263454767,0.31711401596454664,0.3236421138241557,0.31874409484442634
scope_20260817_114548,sweep_3022,0,1700.0,1614.9738213365556,86.0,86.1205408828368,0.31002806166901353,0.29573882541651497,0.301358642087847
scope_20260817_114548,sweep_3023,0,1700.0,1766.5873679833487,86.0,86.04091574264665,0.31002806166901353,0.32389764963243534,0.3157511021504594
scope_20260817_114548,sweep_3024,0,1700.0,1597.2490916201277,86.0,86.14981973486056,0.31002806166901353,0.3235991136290766,0.2995035079642626
scope_20260817_114548,sweep_3025,0,1700.0,1617.3371713360793,86.0,84.22571216015653,0.31002806166901353,0.3442608487701352,0.31482306863333354
scope_20260817_114548,sweep_3026,0,1700.0,1512.3961678528512,85.0,79.50139749374435,0.31711401596454664,0.33409982874035954,0.3402687783190018
scope_20260817_114548,sweep_3044,0,2100.0,2095.090505877495,86.0,84.71184720751826,0.34457692554162017,0.36251795172002815,0.3543569301209571
scope_20260817_114548,sweep_3045,0,2100.0,1954.2455674596558,86.0,86.33907884828028,0.34457692554162017,0.3424325611406943,0.3298854045824699
scope_20260817_114548,sweep_3046,0,2100.0,1970.7529989018576,86.0,83.52017341784739,0.34457692554162017,0.3458497217431611,0.35321146346758864
scope_20260817_114548,sweep_3047,0,2100.0,1985.6069838052852,86.0,84.78986285106397,0.34457692554162017,0.3591059135384844,0.34436106321439536
scope_20260817_114548,sweep_3048,0,2100.0,2042.3413291964912,85.0,87.9038662072356,0.3524525234231111,0.32734998605326343,0.32572822323637673
scope_20260817_114548,sweep_3049,0,2100.0,2533.606855245617,85.0,87.99225624599035,0.3524525234231111,0.35636664366133447,0.3620901185048699
scope_20260817_114548,sweep_3139,0,2100.0,2148.3063813464746,86.0,84.01741091315952,0.34457692554162017,0.3416306336217177,0.36457817239869017
scope_20260817_114548,sweep_3140,0,2100.0,2153.6563533291323,86.0,83.8750890116215,0.34457692554162017,0.3464851256451848,0.3662285486670139
scope_20260817_114548,sweep_3141,0,2100.0,2468.977735453014,86.0,84.68650883582681,0.34457692554162017,0.360705985893943,0.38490100907645464
scope_20260817_114548,sweep_3142,0,2100.0,2093.595038308993,86.0,81.98175712261096,0.34457692554162017,0.3558464356757759,0.37734613343414386
scope_20260817_114548,sweep_3143,0,2100.0,2257.412272569309,85.0,81.9764533833806,0.3524525234231111,0.37245513658092716,0.3918800667604767
scope_20260817_114548,sweep_3144,0,2100.0,2200.1647990699357,84.0,84.66710968549532,0.36060020578816654,0.3653268408538844,0.36350486496092405
scope_20260817_114548,sweep_3162,0,1700.0,1601.9764950629349,86.0,85.8745974509974,0.31002806166901353,0.30971514712082215,0.30180702873404236
scope_20260817_114548,sweep_3163,0,1700.0,1575.735420852934,86.0,87.61065618557201,0.31002806166901353,0.2992002186855886,0.2879645932425935
scope_20260817_114548,sweep_3164,0,1700.0,1714.9841062142089,86.0,87.92021872031695,0.31002806166901353,0.3083319124744957,0.2983767921965224
scope_20260817_114548,sweep_3165,0,1700.0,1816.9604374402882,85.0,81.75098678672231,0.31711401596454664,0.3179544531362023,0.35344859041355137
scope_20260817_114548,sweep_3166,0,1700.0,1609.462930406997,85.0,84.23900746638526,0.31711401596454664,0.32854474477687895,0.3139600535935924
scope_20260817_114548,sweep_3198,0,1000.0,1247.748108686069,84.0,83.72831676726246,0.24883778270617918,0.28344798987081976,0.2797021060981441
scope_20260817_114548,sweep_3199,0,1000.0,1186.362366555873,84.0,83.92964102894493,0.24883778270617918,0.2594840665798929,0.2714735771327328
scope_20260817_114548,sweep_3200,0,1000.0,1079.870724723882,84.0,76.57084438926438,0.24883778270617918,0.29926525124198883,0.30903128447943723
scope_20260817_114548,sweep_3201,0,1000.0,1013.3564800574733,85.0,83.70198378904692,0.24321534771759334,0.23391703646294026,0.2522185876558296
scope_20260817_114548,sweep_3202,0,1000.0,1041.9001362717854,85.0,85.06101652044305,0.24321534771759334,0.24250452001199777,0.24791455408598584
scope_20260817_114548,sweep_3203,0,1000.0,1046.8658470775872,86.0,83.26158693911495,0.23778066886034685,0.2645837667564949,0.25897815040785027
scope_20260817_114548,sweep_3210,0,800.0,881.420535969509,84.0,79.69703323990262,0.20206030866036367,0.26137120995507807,0.24234710128969458
scope_20260817_114548,sweep_3211,0,800.0,904.5473738999702,84.0,85.95443178216485,0.20206030866036367,0.21499766697438313,0.2140224729745692
scope_20260817_114548,sweep_3212,0,800.0,856.0519001960698,84.0,81.86020981911659,0.20206030866036367,0.23808466549799867,0.22465229581832102
scope_20260817_114548,sweep_3213,0,800.0,868.2542669029979,85.0,83.23161299047834,0.1974948004129368,0.2096177477013713,0.22013865233646418
scope_20260817_114548,sweep_3214,0,800.0,875.3864340299942,85.0,88.49193532872457,0.1974948004129368,0.22388384047458215,0.19688662014139194
scope_20260817_114548,sweep_3240,0,200.0,307.83684232664604,85.0,88.3710836176752,0.06249508647437978,0.08543094219030432,0.08291717527097485
scope_20260817_114548,sweep_3241,0,200.0,213.83430918726253,85.0,81.16233279327905,0.06249508647437978,0.08706728574539241,0.07222139625499298
scope_20260817_114548,sweep_3242,0,200.0,247.5545493653695,84.0,75.66286323414263,0.06393979201663134,0.06949038387504243,0.09332331022939208
scope_20260817_114548,sweep_3243,0,200.0,194.2063962834875,84.0,77.2060990929521,0.06393979201663134,0.0819785605210959,0.07339949448997558
scope_20260817_114548,sweep_3244,0,200.0,247.20615925214625,84.0,89.4337722001995,0.06393979201663134,0.05875574046864074,0.06753589191111294
scope_20260817_114548,sweep_3245,0,200.0,220.3445064180669,85.0,76.88599649964,0.06249508647437978,0.06980328489490627,0.08216194181312096
scope_20260817_114548,sweep_3293,0,700.0,649.4313375220916,91.0,91.48956221932133,0.1549304523294752,0.15150387706731372,0.14407824714370304
scope_20260817_114548,sweep_3294,0,700.0,658.0405278527046,91.0,90.38297801622805,0.1549304523294752,0.15692399354063155,0.1491327839594607
scope_20260817_114548,sweep_3295,0,700.0,705.3696465201834,91.0,87.42184503398522,0.1549304523294752,0.1701282961845887,0.16849818995976118
scope_20260817_114548,sweep_3296,0,700.0,663.1466431494842,91.0,84.97976990302759,0.1549304523294752,0.16210879796116134,0.1690933817964144
scope_20260817_114548,sweep_3297,0,700.0,677.3970928476716,90.0,86.74953911437962,0.15827900910907308,0.16787317552317044,0.16538336664816977
scope_20260817_114548,sweep_3298,0,700.0,689.9521013694794,90.0,86.39244116537714,0.15827900910907308,0.1804569776420647,0.16926789103453868
scope_20260817_114548,sweep_3397,0,2600.0,2485.736416492207,89.0,91.68786554329196,0.3588122869964233,0.3354947635589535,0.33121005201616593
scope_20260817_114548,sweep_3398,0,2600.0,2560.040786569797,89.0,88.57544993678275,0.3588122869964233,0.32458175515216936,0.3593530531670378
scope_20260817_114548,sweep_3399,0,2600.0,2457.67816654858,89.0,91.45262823067699,0.3588122869964233,0.31988081897828585,0.33097692166393117
scope_20260817_114548,sweep_3400,0,2600.0,2721.726333838858,89.0,90.52566795477415,0.3588122869964233,0.34127412662040685,0.3552384070436434
scope_20260817_114548,sweep_3401,0,2600.0,2437.7058714843015,89.0,90.97464981005388,0.3588122869964233,0.3390156828021523,0.3329892660645617
scope_20260817_114548,sweep_3405,0,2800.0,2650.2405137476153,90.0,85.4492469782711,0.36439378839370357,0.36575635322976907,0.3919321645056612
scope_20260817_114548,sweep_3406,0,2800.0,2679.4507858098636,89.0,90.3915719089604,0.3723571075639881,0.3404160124445372,0.35348128041923116
scope_20260817_114548,sweep_3407,0,2800.0,2590.864279981983,89.0,89.91852025516555,0.3723571075639881,0.35534203205882847,0.35113605365359657
scope_20260817_114548,sweep_3408,0,2800.0,2401.1361964495795,89.0,89.47445510511069,0.3723571075639881,0.36552902931077075,0.34128852021169137
scope_20260817_114548,sweep_3409,0,2800.0,2612.665081948408,89.0,89.78891552639944,0.3723571075639881,0.3786822095757875,0.35359577245139934
scope_20260817_114548,sweep_3410,0,2800.0,2792.351690029374,90.0,89.46890080039488,0.36439378839370357,0.379608248273949,0.3680870210834122
scope_20260817_114548,sweep_3428,0,2800.0,2406.7219920864463,89.0,88.62995152647063,0.3723571075639881,0.3722370197162411,0.3480118983031217
scope_20260817_114548,sweep_3429,0,2800.0,2622.331498981479,89.0,88.7819549859984,0.3723571075639881,0.33600633986959144,0.36206397297270765
scope_20260817_114548,sweep_3430,0,2800.0,2355.8331937608455,89.0,88.77304425917976,0.3723571075639881,0.34718173765930765,0.3432401724377305
scope_20260817_114548,sweep_3431,0,2800.0,2664.7528255822886,89.0,89.15789905055115,0.3723571075639881,0.37338506010316846,0.36200933916645683
scope_20260817_114548,sweep_3432,0,2800.0,2554.06644938556,89.0,86.54339157307675,0.3723571075639881,0.37504740298183137,0.37540963815830686
scope_20260817_114548,sweep_3433,0,2800.0,2380.9702826983626,90.0,90.1757693261866,0.36439378839370357,0.34041808235646015,0.3347567145969674
scope_20260817_114548,sweep_3439,0,2600.0,2654.117768484666,90.0,90.77703776934152,0.35113864063509737,0.33396171335562985,0.34892114815195857
scope_20260817_114548,sweep_3440,0,2600.0,2626.1699770172877,89.0,89.04071275838668,0.3588122869964233,0.3595210268389331,0.3602946333281575
scope_20260817_114548,sweep_3441,0,2600.0,2425.6962549053396,89.0,89.15241118391963,0.3588122869964233,0.3614963898147927,0.3454309418220326
scope_20260817_114548,sweep_3442,0,2600.0,2481.2063956054003,89.0,88.08745902925287,0.3588122869964233,0.3663954944036652,0.3575775106598242
scope_20260817_114548,sweep_3443,0,2600.0,2623.3913235701607,89.0,89.1846936776991,0.3588122869964233,0.3692638715872839,0.3589800998923635
scope_20260817_114548,sweep_3444,0,2600.0,2636.3404650272146,90.0,85.76697814626537,0.35113864063509737,0.37330165048865727,0.38810966230019545
scope_20260817_114548,sweep_3492,0,1600.0,1789.9981304159214,90.0,89.94316303908109,0.275455812396124,0.2613707235268325,0.29170851661374403
scope_20260817_114548,sweep_3493,0,1600.0,1660.2888727040936,89.0,88.88296073332137,0.28147551586332575,0.2698159347020473,0.28746042281410406
scope_20260817_114548,sweep_3494,0,1600.0,1803.1834739867047,89.0,88.10967308062848,0.28147551586332575,0.3071345267642594,0.30468207723052443
scope_20260817_114548,sweep_3495,0,1600.0,1671.926598640938,89.0,89.64016495826688,0.28147551586332575,0.2843690554125628,0.2837703906480604
scope_20260817_114548,sweep_3496,0,1600.0,1796.8698579448785,89.0,89.10477996223457,0.28147551586332575,0.28984109556285775,0.29761194495202103
scope_20260817_114548,sweep_3497,0,1600.0,1839.9797304982776,90.0,89.32007651833302,0.275455812396124,0.27382891154960504,0.2997580383934317
scope_20260817_114548,sweep_3540,0,700.0,772.868275297917,90.0,88.84969241489381,0.15827900910907308,0.17092696007154318,0.17616852007484338
scope_20260817_114548,sweep_3541,0,700.0,688.5959082963238,90.0,85.43862065385376,0.15827900910907308,0.19211690021879696,0.17265656686528244
scope_20260817_114548,sweep_3542,0,700.0,662.5595927468734,91.0,90.36240417355727,0.1549304523294752,0.15364724772352492,0.15004843205035961
scope_20260817_114548,sweep_3543,0,700.0,761.6315925256339,91.0,90.68862347637426,0.1549304523294752,0.16962174086888274,0.16727632608469462
scope_20260817_114548,sweep_3544,0,700.0,765.1718433994632,91.0,89.4895692287073,0.1549304523294752,0.16491952231869686,0.1723023926419053
scope_20260817_114548,sweep_3545,0,700.0,644.2266412657575,91.0,89.66202311210331,0.1549304523294752,0.1617542599500041,0.1488180814667414
scope_20260817_114548,sweep_3598,0,300.0,237.69862846569916,95.0,96.76327597471901,0.07056007818599914,0.05171848046709457,0.05613020882345952
scope_20260817_114548,sweep_3599,0,300.0,294.47430419427263,96.0,92.83640986612676,0.06914476246428494,0.09026083232584667,0.07264763260630805
scope_20260817_114548,sweep_3600,0,300.0,236.67915230146554,96.0,96.76385112246295,0.06914476246428494,0.08165735130934824,0.05592967908414296
scope_20260817_114548,sweep_3601,0,300.0,310.9620929267022,96.0,95.57844670462069,0.06914476246428494,0.07736632568258628,0.07184457887148578
scope_20260817_114548,sweep_3602,0,300.0,291.7579793767285,95.0,92.57091481446594,0.07056007818599914,0.08009364353797573,0.07249169818900145
scope_20260817_114548,sweep_3603,0,300.0,283.69838479900903,95.0,93.77065785649668,0.07056007818599914,0.060420617317887226,0.06908231199515498
scope_20260817_114548,sweep_3604,0,400.0,411.4274988993832,94.0,90.50217829837482,0.09144337299109327,0.06671930428623192,0.10073473330739179
scope_20260817_114548,sweep_3605,0,400.0,401.96299544271494,94.0,92.20621912819918,0.09144337299109327,0.08993791453749189,0.09530415742388419
scope_20260817_114548,sweep_3606,0,400.0,406.4619270198028,94.0,91.11170743278636,0.09144337299109327,0.13014916446360547,0.09843755200620354
scope_20260817_114548,sweep_3607,0,400.0,388.17283210394015,94.0,94.54980648180491,0.09144337299109327,0.0995765783072084,0.08819247984440409
scope_20260817_114548,sweep_3608,0,400.0,370.15173394684626,95.0,96.61127401159192,0.08958972525491452,0.0926807148890234,0.0813149862455898
scope_20260817_114548,sweep_3609,0,400.0,339.2197283198338,95.0,96.5835015321825,0.08958972525491452,0.07900274366314147,0.07567566520639708
scope_20260817_114548,sweep_3621,0,700.0,707.355541954048,95.0,93.51446364483348,0.1425541238228593,0.15667775084084287,0.148249968100794
scope_20260817_114548,sweep_3622,0,700.0,730.3180223115543,96.0,91.72925265269168,0.1396947294198395,0.1610397213555213,0.15801984267656954
scope_20260817_114548,sweep_3623,0,700.0,658.3720157956596,96.0,94.3401635666355,0.1396947294198395,0.1452492330218905,0.13732119599064438
scope_20260817_114548,sweep_3624,0,700.0,654.4723899100464,96.0,90.92727775553108,0.1396947294198395,0.15390793995535845,0.14674629616410118
scope_20260817_114548,sweep_3625,0,700.0,668.1410966898368,95.0,92.65217532829449,0.1425541238228593,0.14950402576910105,0.14395357675815942
scope_20260817_114548,sweep_3656,0,1400.0,1222.7017960861444,95.0,93.96586615025022,0.23206648795172818,0.21825410235039613,0.22151747313119535
scope_20260817_114548,sweep_3657,0,1400.0,1441.976073768188,95.0,91.41244028519455,0.23206648795172818,0.25751069082120737,0.2537369231530448
scope_20260817_114548,sweep_3658,0,1400.0,1451.6463850643274,94.0,90.51925528142574,0.23686803766974204,0.24380032574715912,0.25947029239779856
scope_20260817_114548,sweep_3659,0,1400.0,1619.3753191916146,94.0,93.66843164484138,0.23686803766974204,0.25038661550658947,0.2564993389333238
scope_20260817_114548,sweep_3660,0,1400.0,1670.2827857234417,94.0,90.69727265232423,0.23686803766974204,0.24951362145844164,0.2772688134116083
scope_20260817_114548,sweep_3661,0,1400.0,1402.7018656305115,94.0,90.39259287209431,0.23686803766974204,0.24116026625212705,0.25575063585621693
scope_20260817_114548,sweep_3687,0,2000.0,2111.3944181689394,96.0,96.36922525711601,0.27180888275035237,0.28301092676734174,0.27720928287980784
scope_20260817_114548,sweep_3688,0,2000.0,2085.018172746092,95.0,95.63285538783802,0.27737250566766086,0.29109492681338645,0.27959120033065776
scope_20260817_114548,sweep_3689,0,2000.0,1866.2909517436924,95.0,95.7436147907168,0.27737250566766086,0.2566642748058849,0.26392804971420386
scope_20260817_114548,sweep_3690,0,2000.0,2273.311439068474,94.0,94.98535299329605,0.28311145525977255,0.2892345573686504,0.2958063329476544
scope_20260817_114548,sweep_3691,0,2000.0,2166.0825741745193,94.0,94.28618232417303,0.28311145525977255,0.3086603359745758,0.2929037403103691
scope_20260817_114548,sweep_3692,0,2000.0,1966.446709406008,94.0,91.58235899575932,0.28311145525977255,0.28574721650578083,0.29524654336699435
scope_20260817_114548,sweep_3774,0,2400.0,2730.2963293374582,94.0,93.44558415647325,0.31013306066778407,0.33808691973304383,0.3345950425385545
scope_20260817_114548,sweep_3775,0,2400.0,2692.6021581573855,94.0,94.1917132069612,0.31013306066778407,0.33298024818241223,0.327202084431965
scope_20260817_114548,sweep_3776,0,2400.0,2601.6820735043757,94.0,96.05955196655572,0.31013306066778407,0.330451555296544,0.3096382886499362
scope_20260817_114548,sweep_3777,0,2400.0,2644.6391441296505,94.0,98.16415901166461,0.31013306066778407,0.30253935237407314,0.2993667367098653
scope_20260817_114548,sweep_3778,0,2400.0,2548.1684944444846,95.0,96.65373603236937,0.3038463563718148,0.30472179134716637,0.3028030489633533
scope_20260817_114548,sweep_3779,0,2400.0,2418.954710053065,95.0,96.04686362082087,0.3038463563718148,0.3150821290189018,0.2986430517462329
scope_20260817_114548,sweep_3827,0,1400.0,1411.2742054679932,95.0,97.34659049409369,0.23206648795172818,0.20970849914492065,0.22225472714519032
scope_20260817_114548,sweep_3828,0,1400.0,1434.6474751684862,95.0,97.78285045014401,0.23206648795172818,0.24047503293356182,0.22215793288406047
scope_20260817_114548,sweep_3829,0,1400.0,1538.0825355027791,94.0,95.71608094033729,0.23686803766974204,0.24263095005755747,0.23973276403591146
scope_20260817_114548,sweep_3830,0,1400.0,1483.5612387727792,94.0,94.59445080814625,0.23686803766974204,0.24845604407658228,0.24087774172541704
scope_20260817_114548,sweep_3831,0,1400.0,1359.4919380534973,94.0,93.58332323716974,0.23686803766974204,0.2094435185008795,0.23543166838691368
scope_20260817_114548,sweep_3832,0,1400.0,1368.699580920816,94.0,96.81419639222295,0.23686803766974204,0.24308035215812707,0.22121092654561403
scope_20260817_114548,sweep_3855,0,900.0,921.671440120544,95.0,97.1856313737907,0.17561827005296654,0.17975698607947233,0.1714090179372676
scope_20260817_114548,sweep_3856,0,900.0,913.8252468140963,95.0,97.33890784964922,0.17561827005296654,0.16884798082808017,0.16967897084756836
scope_20260817_114548,sweep_3857,0,900.0,788.5428618756508,96.0,96.31500249739204,0.17209566484877425,0.16278756562553867,0.1532360645582702
scope_20260817_114548,sweep_3858,0,900.0,878.5247160820478,96.0,96.44657496138618,0.17209566484877425,0.1686059069288272,0.16717246956195572
scope_20260817_114548,sweep_3870,0,600.0,599.3320812371528,96.0,95.73822513675034,0.1229176321147613,0.1442712472960583,0.12345458546244073
scope_20260817_114548,sweep_3871,0,600.0,638.8497374793477,95.0,94.99534662474028,0.1254336181563326,0.14382641837092897,0.132151019492806
scope_20260817_114548,sweep_3872,0,600.0,599.9434396584792,95.0,94.80211318558385,0.1254336181563326,0.12609856123620328,0.12593094170974325
scope_20260817_114548,sweep_3873,0,600.0,625.8446163007089,94.0,94.6867994575743,0.12802889056814795,0.14776353851320798,0.13073474693533854
scope_20260817_114548,sweep_3874,0,600.0,545.6229218773805,94.0,95.43317328578345,0.12802889056814795,0.0948189766226232,0.114906862712068
scope_20260817_114548,sweep_3917,0,200.0,153.587099921026,99.0,91.74352305742549,0.04653237501826011,0.03751239082866168,0.043305228310722026
scope_20260817_114548,sweep_3918,0,200.0,140.54375767769528,99.0,97.58019647324149,0.04653237501826011,0.04427735750366698,0.03570388495231649
scope_20260817_114548,sweep_3919,0,200.0,196.05605251668237,99.0,97.78680861282955,0.04653237501826011,0.04227159067098123,0.04687387284704515
scope_20260817_114548,sweep_3920,0,200.0,173.3857907830858,99.0,97.91712983194613,0.04653237501826011,0.05015327400914491,0.042219957087947346
scope_20260817_114548,sweep_3921,0,200.0,166.1405724222495,100.0,99.50906871062895,0.04563709980908426,0.05050625937477828,0.03949927044561271
scope_20260817_114548,sweep_3945,0,700.0,842.6579446430757,99.0,96.1000513738316,0.13162297308032891,0.17069170541810394,0.16261625112663539
scope_20260817_114548,sweep_3946,0,700.0,789.4207393609635,99.0,98.25995775797858,0.13162297308032891,0.15207327757742733,0.1475595085011412
scope_20260817_114548,sweep_3947,0,700.0,663.4714590442861,99.0,98.63745540177891,0.13162297308032891,0.12890261930560215,0.12679246226385724
scope_20260817_114548,sweep_3948,0,700.0,761.3879580987807,100.0,97.42987582193194,0.12909056881962663,0.15268159269210704,0.14556598136873888
scope_20260817_114548,sweep_3949,0,700.0,784.0165317948388,100.0,97.271536804028,0.12909056881962663,0.14991980869378674,0.14961776715239986
scope_20260817_114548,sweep_3993,0,1600.0,1645.9448539562295,99.0,98.68159177582018,0.2290658324430768,0.22950408308609407,0.23378301123795994
scope_20260817_114548,sweep_3994,0,1600.0,1589.5583098837978,99.0,97.64464727552313,0.2290658324430768,0.22492652340950797,0.23448522668092928
scope_20260817_114548,sweep_3995,0,1600.0,1475.1526514608277,99.0,99.71867836325785,0.2290658324430768,0.2377781329997755,0.21689338905758837
scope_20260817_114548,sweep_3996,0,1600.0,1609.5731279701624,99.0,98.02669399362128,0.2290658324430768,0.24046471294971083,0.23418153375543638
scope_20260817_114548,sweep_3997,0,1600.0,1723.7793834705697,99.0,97.99281460005515,0.2290658324430768,0.23707508761626347,0.24250933591796622
scope_20260817_114548,sweep_3998,0,1700.0,1758.5987592986048,100.0,97.88985877907847,0.2315728293834188,0.2302308088994148,0.24544484919227863
scope_20260817_114548,sweep_3999,0,1700.0,1664.8314838977267,100.0,99.13005186625445,0.2315728293834188,0.2199817570613037,0.23306830252957986
scope_20260817_114548,sweep_4000,0,1700.0,1585.4331055957357,100.0,96.81233223494887,0.2315728293834188,0.2403160588996876,0.23809081758319484
scope_20260817_114548,sweep_4001,0,1700.0,1803.9157599295593,100.0,99.00244348264157,0.2315728293834188,0.2466027157552764,0.2432135271808341
scope_20260817_114548,sweep_4002,0,1700.0,1456.4132921879948,100.0,99.99082881520559,0.2315728293834188,0.2116160254480838,0.21437909788035636
scope_20260817_114548,sweep_4003,0,1700.0,1525.3685426302306,100.0,100.32799669919345,0.2315728293834188,0.24058066300638356,0.21797275671496089
scope_20260817_114548,sweep_4040,0,2500.0,2735.052159884515,100.0,97.24935214533654,0.2808233045796979,0.3126161053290514,0.3100042579875359
scope_20260817_114548,sweep_4041,0,2500.0,2657.9721196790556,100.0,100.10719751082728,0.2808233045796979,0.28831747754966386,0.2889609149858105
scope_20260817_114548,sweep_4042,0,2500.0,2463.77562296287,100.0,99.02021264112058,0.2808233045796979,0.2750161483871621,0.2841381119738369
scope_20260817_114548,sweep_4043,0,2500.0,2614.889427652098,100.0,100.09258871855693,0.2808233045796979,0.2835187442764421,0.2866903321046371
scope_20260817_114548,sweep_4044,0,2500.0,2249.2615131800294,100.0,98.82606608750919,0.2808233045796979,0.28467945642533865,0.2725190153519429
scope_20260817_114548,sweep_4057,0,2800.0,2752.577786628335,100.0,100.61876598829055,0.2971954505076907,0.30503715206192156,0.29117631307800956
scope_20260817_114548,sweep_4058,0,2800.0,2544.593342472115,100.0,97.90522937313672,0.2971954505076907,0.27721769423753273,0.2951534474278488
scope_20260817_114548,sweep_4059,0,2800.0,2427.9067286054287,100.0,98.82499475127779,0.2971954505076907,0.27045100079209233,0.28314046253367514
scope_20260817_114548,sweep_4060,0,2800.0,2541.2778356693443,100.0,100.1729073296378,0.2971954505076907,0.279857336389802,0.28218845510457674
scope_20260817_114548,sweep_4061,0,2800.0,2466.784896673248,100.0,98.51619628977244,0.2971954505076907,0.29401697401667504,0.2871306773236668
scope_20260817_114548,sweep_4079,0,2800.0,2699.214071031425,100.0,98.74230936582238,0.2971954505076907,0.30385668080353867,0.2990249742561238
scope_20260817_114548,sweep_4080,0,2800.0,2458.6186935101346,100.0,98.37507526433295,0.2971954505076907,0.29499183206157886,0.28745070556485464
scope_20260817_114548,sweep_4093,0,2500.0,2626.8586153495276,100.0,100.89540794014232,0.2808233045796979,0.28969352826039096,0.28294419094121925
scope_20260817_114548,sweep_4094,0,2500.0,2547.098217371766,100.0,96.92561556274772,0.2808233045796979,0.29986720333729466,0.3010987963449845
scope_20260817_114548,sweep_4095,0,2500.0,2483.4721149339307,100.0,99.71746992260971,0.2808233045796979,0.28948351649454007,0.28142822360675457
scope_20260817_114548,sweep_4096,0,2500.0,2536.7584796430856,100.0,99.22990010048069,0.2808233045796979,0.2785609070054675,0.28713913470899854
scope_20260817_114548,sweep_4097,0,2500.0,2555.6066836538444,100.0,99.32735367341837,0.2808233045796979,0.2907814886986598,0.28765750422918923
scope_20260817_114548,sweep_4098,0,2500.0,2436.373189794326,100.0,100.72400792294351,0.2808233045796979,0.2980507907794495,0.27338893973856304
scope_20260817_114548,sweep_4132,0,1800.0,1836.9531623823289,99.0,98.85403088229492,0.24296100518796163,0.24441689828079935,0.2461434619331478
scope_20260817_114548,sweep_4133,0,1800.0,1853.5875017438968,99.0,98.94952283451394,0.24296100518796163,0.23949431010069736,0.24679428017720187
scope_20260817_114548,sweep_4134,0,1800.0,1808.2325262273487,99.0,99.17741530984581,0.24296100518796163,0.24596040980909747,0.24267450678141428
scope_20260817_114548,sweep_4135,0,1800.0,1890.452638154101,100.0,100.41022381566069,0.23828647558022356,0.24703836618586286,0.24227589125807744
scope_20260817_114548,sweep_4136,0,1800.0,1859.9130539291534,100.0,99.56056994405918,0.23828647558022356,0.24016652791573476,0.2442902858088124
scope_20260817_114548,sweep_4137,0,1800.0,2055.755722569607,100.0,98.7420761713449,0.23828647558022356,0.2568902891957636,0.26096155652707
scope_20260817_114548,sweep_4138,0,1700.0,1508.5259304975498,100.0,99.87306293336385,0.2315728293834188,0.22210542980502,0.21867828734490066
scope_20260817_114548,sweep_4139,0,1700.0,1684.0119374003957,100.0,99.63685345402246,0.2315728293834188,0.23784038428714394,0.2321076778460284
scope_20260817_114548,sweep_4140,0,1700.0,1751.690426274835,99.0,97.52440240660061,0.23611565559571057,0.24230351844705722,0.2467408126196489
scope_20260817_114548,sweep_4141,0,1600.0,1714.7387207153542,99.0,97.73691986246972,0.2290658324430768,0.23936179244417863,0.2430988156001586
scope_20260817_114548,sweep_4142,0,1600.0,1654.3196109000241,99.0,98.73219132114683,0.2290658324430768,0.24579583246986908,0.23414482051918575
scope_20260817_114548,sweep_4143,0,1600.0,1605.3429697028541,99.0,98.83259820621736,0.2290658324430768,0.23537698229861603,0.23019996385872712
scope_20260817_114548,sweep_4144,0,1600.0,1557.491977490195,99.0,98.01806179222964,0.2290658324430768,0.24204951305445077,0.23040089575077333
scope_20260817_114548,sweep_4145,0,1600.0,1796.0713700226243,99.0,99.8778121369835,0.2290658324430768,0.23718623619052126,0.23858940582459773
scope_20260817_114548,sweep_4146,0,1600.0,1677.1637057745052,100.0,97.79497705537979,0.22465864366375832,0.2273255807103178,0.2401445823906913
scope_20260817_114548,sweep_4191,0,700.0,782.084516889154,99.0,98.5316293420855,0.13162297308032891,0.1506297723901121,0.14564077197104017
scope_20260817_114548,sweep_4192,0,700.0,695.0220178652586,99.0,99.82005931197195,0.13162297308032891,0.13801565778139366,0.12877562613012947
scope_20260817_114548,sweep_4193,0,700.0,696.6590468508194,99.0,99.91946263188119,0.13162297308032891,0.14030931592673523,0.12877935263779977
scope_20260817_114548,sweep_093,1,1700.0,1724.082713552057,42.0,40.999506733116874,1.1474557076679899,1.1573749994602789,1.2021805911576682
scope_20260817_114548,sweep_094,1,1700.0,1733.5381339736743,42.0,41.93069361577552,1.1474557076679899,1.1933697410868103,1.1618773166540666
scope_20260817_114548,sweep_095,1,1700.0,1796.519215811944,42.0,40.578044153194995,1.1474557076679899,1.2068070144255896,1.2480092089175652
scope_20260817_114548,sweep_096,1,1700.0,1694.806261032579,42.0,41.269974471709574,1.1474557076679899,1.177971153882073,1.1791856225208814
scope_20260817_114548,sweep_097,1,1700.0,1795.5603045805315,42.0,41.43749509076512,1.1474557076679899,1.0967276141897955,1.2057011732363376
scope_20260817_114548,sweep_098,1,1700.0,1807.9755752805952,42.0,41.454578393278176,1.1474557076679899,1.2215758900079452,1.2090448447188724
scope_20260817_114548,sweep_104,1,1900.0,1782.2925912887397,41.0,41.607883931515694,1.2619987742837786,1.2186660909286884,1.19317593267226
scope_20260817_114548,sweep_105,1,1900.0,1903.2801618210785,41.0,40.33988654300272,1.2619987742837786,1.2757863443856374,1.2968934475181149
scope_20260817_114548,sweep_106,1,1900.0,1897.4893829383534,41.0,42.44125008214475,1.2619987742837786,1.2806122488162968,1.1915233058146435
scope_20260817_114548,sweep_107,1,1900.0,2054.670949110598,41.0,40.584557255173365,1.2619987742837786,1.2954867088636293,1.3343190122409048
scope_20260817_114548,sweep_108,1,1900.0,1996.502886482826,41.0,41.453092621393196,1.2619987742837786,1.2614690863797398,1.270593500818795
scope_20260817_114548,sweep_109,1,1900.0,1929.027243215463,41.0,41.8607105688046,1.2619987742837786,1.2502286745993232,1.2290161519762628
scope_20260817_114548,sweep_126,1,2300.0,2223.6178892758626,41.0,42.34772647898026,1.3885005324706912,1.3830046224690764,1.2945783321279372
scope_20260817_114548,sweep_127,1,2300.0,2320.5362056411886,41.0,40.29013761497587,1.3885005324706912,1.4263917813412081,1.43488150550239
scope_20260817_114548,sweep_128,1,2300.0,2359.9664846281294,41.0,41.31355682498871,1.3885005324706912,1.4100721777155945,1.3890711479135285
scope_20260817_114548,sweep_129,1,2300.0,2209.6846807082834,41.0,41.26612859560409,1.3885005324706912,1.3700224377573291,1.3466463362876722
scope_20260817_114548,sweep_135,1,2500.0,2390.372863703646,40.0,41.73213095425356,1.5068567562813133,1.4516515379813233,1.3750536143448502
scope_20260817_114548,sweep_136,1,2500.0,2344.0475691982165,40.0,40.446110537205385,1.5068567562813133,1.461842238483503,1.4331211332170986
scope_20260817_114548,sweep_137,1,2500.0,2446.8349484467594,40.0,40.84720646180889,1.5068567562813133,1.4440495227888817,1.4408867795124312
scope_20260817_114548,sweep_138,1,2500.0,2713.1416090148473,40.0,40.845227221902945,1.5068567562813133,1.4790474830490397,1.5173929285326944
scope_20260817_114548,sweep_139,1,2500.0,2651.7003710035374,40.0,41.3694665129599,1.5068567562813133,1.471592896249922,1.4691685180456524
scope_20260817_114548,sweep_140,1,2500.0,2603.405346876576,41.0,41.10050606569864,1.4476118747303124,1.3987279405289081,1.471350335688058
scope_20260817_114548,sweep_141,1,2600.0,2636.3349377719787,42.0,39.983773044928526,1.4190514567537926,1.4705549729138097,1.5484137206692128
scope_20260817_114548,sweep_142,1,2600.0,2553.010231571463,42.0,44.75738465589348,1.4190514567537926,1.385159340997147,1.2645683726802472
scope_20260817_114548,sweep_143,1,2600.0,2490.02902531606,42.0,46.33268467483422,1.4190514567537926,1.2709341270872756,1.1775496176514706
scope_20260817_114548,sweep_144,1,2600.0,2631.899913302,43.0,39.93935681558163,1.3648085122978615,1.4504635546097617,1.5498910435972166
scope_20260817_114548,sweep_145,1,2600.0,2697.9954235198707,43.0,42.55850529082424,1.3648085122978615,1.4458477100085099,1.414323563820483
scope_20260817_114548,sweep_146,1,2600.0,2611.857557152285,43.0,40.690902962705636,1.3648085122978615,1.456176434270658,1.4980091178044475
scope_20260817_114548,sweep_147,1,2700.0,2510.757935706874,42.0,40.28345762575281,1.4460834372765774,1.444650574082221,1.4929353711418747
scope_20260817_114548,sweep_148,1,2700.0,2700.258283550867,42.0,43.43801356269376,1.4460834372765774,1.4620107382265581,1.3675694282531612
scope_20260817_114548,sweep_149,1,2700.0,2657.6248847824572,42.0,40.8817599283787,1.4460834372765774,1.4403067887787508,1.4996006141778238
scope_20260817_114548,sweep_150,1,2700.0,2616.7437187197106,42.0,42.674812030343126,1.4460834372765774,1.4336363882934047,1.3865751458034234
scope_20260817_114548,sweep_151,1,2700.0,2688.5141939248742,42.0,43.101158428036904,1.4460834372765774,1.3310124491536182,1.382427548210705
scope_20260817_114548,sweep_158,1,2900.0,2730.1917899120494,41.0,41.388837070003,1.5591257044375362,1.442577902627782,1.4896107147624742
scope_20260817_114548,sweep_159,1,2900.0,2541.37411306996,41.0,42.83746380845374,1.5591257044375362,1.397891770017305,1.3578571539147313
scope_20260817_114548,sweep_160,1,2900.0,2653.483700923581,41.0,40.821751198934756,1.5591257044375362,1.4687386301459018,1.5020245004617594
scope_20260817_114548,sweep_161,1,2900.0,2640.7651334106044,41.0,42.16285340953827,1.5591257044375362,1.445074458414054,1.421030216222468
scope_20260817_114548,sweep_162,1,2900.0,2577.2072433560593,41.0,43.016917380257404,1.5591257044375362,1.4501665660557683,1.3579239320105208
scope_20260817_114548,sweep_163,1,2900.0,2705.0380955467995,41.0,40.09854256928363,1.5591257044375362,1.4012796508573642,1.5612083122868612
scope_20260817_114548,sweep_169,1,2900.0,2554.3691339901684,41.0,44.59464732835703,1.5591257044375362,1.4449556808745476,1.2727074611246552
scope_20260817_114548,sweep_170,1,2900.0,2647.5542844247966,41.0,43.2727802457592,1.5591257044375362,1.4585160728913564,1.3627997806242445
scope_20260817_114548,sweep_171,1,2900.0,2648.2081848160483,40.0,40.63923805855213,1.6229343946637966,1.4768023869685727,1.5115190144135564
scope_20260817_114548,sweep_172,1,2900.0,2537.733176978042,40.0,47.05740759673625,1.6229343946637966,1.3855902647845402,1.1575467360193652
scope_20260817_114548,sweep_173,1,2900.0,2642.863029069062,40.0,42.4208958733829,1.6229343946637966,1.3418765096873841,1.40732710197783
scope_20260817_114548,sweep_174,1,2900.0,2688.1675394907306,40.0,41.39351584714238,1.6229343946637966,1.439306022394235,1.4778280761860383
scope_20260817_114548,sweep_175,1,2800.0,2360.8401641183686,40.0,40.57568432328321,1.5947072954071286,1.4491895283796963,1.4307910366714025
scope_20260817_114548,sweep_176,1,2800.0,2561.5568424143557,40.0,45.65884186251066,1.5947072954071286,1.3521048657043866,1.2245721217177454
scope_20260817_114548,sweep_177,1,2800.0,2718.876571925168,40.0,44.027135770144824,1.5947072954071286,1.415042863248043,1.3416624882110635
scope_20260817_114548,sweep_178,1,2800.0,2695.172871853093,41.0,42.650740970267854,1.532008406192158,1.369001405226775,1.4085186945831096
scope_20260817_114548,sweep_179,1,2800.0,2579.8691096140947,41.0,40.48812837327641,1.532008406192158,1.4453214768098266,1.5009500631105688
scope_20260817_114548,sweep_180,1,2800.0,2678.8158593082176,42.0,41.86934243628466,1.472619291675965,1.3733777205050628,1.4478127669876968
scope_20260817_114548,sweep_181,1,2700.0,2615.9574479018925,42.0,42.98808171804393,1.4460834372765774,1.3983452724616252,1.3696219288850313
scope_20260817_114548,sweep_182,1,2700.0,2740.9019891655666,42.0,46.06223044344074,1.4460834372765774,1.408303694548263,1.247867225035733
scope_20260817_114548,sweep_183,1,2600.0,2672.6525257354265,42.0,42.12173120111967,1.4190514567537926,1.4037947489632951,1.4318887831006517
scope_20260817_114548,sweep_184,1,2600.0,2625.117683497609,42.0,44.20390993471293,1.4190514567537926,1.429166874920288,1.3094796702122513
scope_20260817_114548,sweep_185,1,2600.0,2622.9650378343954,42.0,41.00785933412867,1.4190514567537926,1.428385904771622,1.4823217076600448
scope_20260817_114548,sweep_186,1,2600.0,2676.5111726234613,42.0,47.10099768046973,1.4190514567537926,1.4217644243499972,1.1868843784552268
scope_20260817_114548,sweep_187,1,2600.0,2500.53530421114,42.0,43.460009525009255,1.4190514567537926,1.2703381492899166,1.3149096639498195
scope_20260817_114548,sweep_200,1,2300.0,2365.944051635658,41.0,43.430039130308984,1.3885005324706912,1.3759844492579651,1.2805075927048761
scope_20260817_114548,sweep_201,1,2300.0,2322.1979942320177,41.0,46.10917417389101,1.3885005324706912,1.3851078951709341,1.1466106139450978
scope_20260817_114548,sweep_202,1,2300.0,2340.5760054507277,41.0,42.790029952203696,1.3885005324706912,1.3395556524503394,1.3055107327638191
scope_20260817_114548,sweep_203,1,2300.0,2326.916650997824,41.0,45.04788285650664,1.3885005324706912,1.250140539876678,1.194137183733794
scope_20260817_114548,sweep_204,1,2300.0,2302.9214576253944,40.0,41.98330021852225,1.4453262265781348,1.3183833022250644,1.3363978260357552
scope_20260817_114548,sweep_211,1,2100.0,2081.829610210379,40.0,44.36899360873036,1.3810570294229485,1.2188122811549658,1.1588381417788907
scope_20260817_114548,sweep_212,1,2100.0,2110.0388929319056,40.0,45.58165354153994,1.3810570294229485,1.17263231242195,1.1146220575049008
scope_20260817_114548,sweep_213,1,2100.0,2072.643362021875,40.0,42.68571913010804,1.3810570294229485,1.192573658241212,1.233505143071514
scope_20260817_114548,sweep_214,1,2100.0,2026.0469068284733,40.0,43.70595716033512,1.3810570294229485,1.1049774128270458,1.1724785935433801
scope_20260817_114548,sweep_215,1,2100.0,2092.8569805556353,40.0,42.37465502467672,1.3810570294229485,1.1795802579112047,1.2546174566461694
scope_20260817_114548,sweep_216,1,2100.0,2226.904120421902,40.0,42.994619230048436,1.3810570294229485,1.1826869435306937,1.263357433892237
scope_20260817_114548,sweep_294,1,500.0,479.1440839877948,40.0,43.26645589461946,0.5238983962017602,0.4590648963357511,0.44453134107250863
scope_20260817_114548,sweep_295,1,500.0,524.8887007194945,41.0,49.30687305548497,0.5033003544181932,0.44517647074492045,0.3835462819922654
scope_20260817_114548,sweep_296,1,500.0,508.35736277247184,41.0,46.74072904758639,0.5033003544181932,0.4719563524287632,0.4097071088284825
scope_20260817_114548,sweep_297,1,500.0,460.8371091598076,42.0,47.97038901579139,0.4837896505188091,0.4193784914569342,0.3611272134219133
scope_20260817_114548,sweep_298,1,500.0,547.991655257468,43.0,44.05644617359903,0.46529689254548134,0.44728678649008746,0.4821093487229803
scope_20260817_114548,sweep_311,1,200.0,195.72366825379936,42.0,43.91402992153821,0.2261342610736225,0.22705082695019405,0.20624685045723903
scope_20260817_114548,sweep_312,1,200.0,227.98482748759355,42.0,41.98367500732076,0.2261342610736225,0.18422096847074845,0.25226194574079874
scope_20260817_114548,sweep_313,1,200.0,232.805622048869,42.0,43.535607664472025,0.2261342610736225,0.21316559727762452,0.24166984675826716
scope_20260817_114548,sweep_314,1,200.0,179.87541288997215,41.0,46.36799423206017,0.23525400682383038,0.2175604761852814,0.17536285301159577
scope_20260817_114548,sweep_315,1,200.0,206.3933477572692,41.0,43.91512219300368,0.23525400682383038,0.20793387061398078,0.2155274820192951
scope_20260817_114548,sweep_392,1,1200.0,1363.3668695044596,48.0,43.25306262592398,0.7692056727125629,0.8819770873824736,0.9786921864125296
scope_20260817_114548,sweep_393,1,1200.0,1138.3403147648773,47.0,46.828067930605,0.7976598707323671,0.7937190632005988,0.7818035215034101
scope_20260817_114548,sweep_394,1,1200.0,1472.5861375660388,47.0,46.36775926401681,0.7976598707323671,0.874879033280567,0.9043886946659198
scope_20260817_114548,sweep_395,1,1200.0,1278.4079139584853,47.0,43.370116094209216,0.7976598707323671,0.9320776781141094,0.9434437079682749
scope_20260817_114548,sweep_396,1,1200.0,1302.7099857415913,47.0,49.250409253373626,0.7976598707323671,0.7796608065593372,0.766399035243135
scope_20260817_114548,sweep_397,1,1200.0,1128.2685899389721,47.0,46.738618895666214,0.7976598707323671,0.81208297768499,0.7808956838553706
scope_20260817_114548,sweep_423,1,1800.0,1745.3542266778074,46.0,43.90625967654727,1.013584325323671,1.0729562683493474,1.0799261228206323
scope_20260817_114548,sweep_424,1,1800.0,1641.3220896072276,45.0,45.10360245457641,1.052160595664003,1.0421628516835508,1.0008095139934954
scope_20260817_114548,sweep_425,1,1800.0,1636.6000834417655,45.0,43.039159244450445,1.052160595664003,1.0981857407202626,1.0811810113050688
scope_20260817_114548,sweep_426,1,1800.0,1663.8362688676177,45.0,43.68686883944498,1.052160595664003,1.121913319977457,1.0632933649523892
scope_20260817_114548,sweep_427,1,1800.0,1807.2506212656099,45.0,46.183436406035426,1.052160595664003,1.0629479947646814,1.0087457411003415
scope_20260817_114548,sweep_428,1,1800.0,1983.25625292027,46.0,45.35551599984944,1.013584325323671,1.0326347359920776,1.089787531331232
scope_20260817_114548,sweep_446,1,2200.0,2116.2551911005344,46.0,43.36188508303738,1.1205596334947132,1.3607117360333036,1.2142354174037941
scope_20260817_114548,sweep_447,1,2200.0,2142.3850374321055,46.0,47.86850815728544,1.1205596334947132,1.1084249411902316,1.0326721326165837
scope_20260817_114548,sweep_448,1,2200.0,2188.9295298183006,46.0,47.20263864451388,1.1205596334947132,1.2087884047168334,1.0693714831509544
scope_20260817_114548,sweep_449,1,2200.0,2183.1735806384795,45.0,46.90625968683454,1.1632073050047789,1.1692912423955024,1.0795961009864874
scope_20260817_114548,sweep_450,1,2200.0,2419.758553159249,45.0,46.37977098118214,1.1632073050047789,1.1245486128591313,1.1587995159283835
scope_20260817_114548,sweep_451,1,2200.0,2313.2525735239396,45.0,46.76161133955685,1.1632073050047789,1.0424836474599393,1.1172022133360242
scope_20260817_114548,sweep_470,1,2700.0,2742.578417127864,45.0,45.38120393101581,1.2886282934198072,1.1953193264697775,1.2803080184009044
scope_20260817_114548,sweep_471,1,2700.0,2509.0505148799034,45.0,50.711975686908914,1.2886282934198072,1.0378316978335234,1.0104259247003666
scope_20260817_114548,sweep_472,1,2700.0,2731.9638933309075,45.0,46.647567931574905,1.2886282934198072,1.154764934565888,1.2192052156417812
scope_20260817_114548,sweep_473,1,2700.0,2639.0672365490354,45.0,46.539577208331,1.2886282934198072,1.238153569126795,1.2030668540708416
scope_20260817_114548,sweep_474,1,2700.0,2705.133660952281,46.0,46.18574251798641,1.24138220416307,1.2567827928418982,1.234041698143412
scope_20260817_114548,sweep_475,1,2700.0,2728.974495079226,47.0,45.413838741802046,1.1964898060985507,1.2224782507588914,1.2755706368926225
scope_20260817_114548,sweep_521,1,2400.0,2660.9269010117514,45.0,46.81240429641357,1.2149304062746582,1.1888299254249002,1.1959898100252042
scope_20260817_114548,sweep_522,1,2400.0,2737.9644568566073,45.0,50.30182322510012,1.2149304062746582,1.1690718419092876,1.0707090150319967
scope_20260817_114548,sweep_577,1,1300.0,1188.1483388489223,48.0,62.81176217921572,0.8006146477411082,0.8093529757416228,0.4715538586346568
scope_20260817_114548,sweep_578,1,1300.0,1143.404643000378,48.0,51.68036660618289,0.8006146477411082,0.6624407336704938,0.6596745913323554
scope_20260817_114548,sweep_579,1,1300.0,1276.8554610263577,48.0,44.28532499106566,0.8006146477411082,0.9145684436060918,0.910439201403501
scope_20260817_114548,sweep_580,1,1300.0,1295.7840006409835,47.0,48.8300125465024,0.8302307160210597,0.8532268967041433,0.7758708740954257
scope_20260817_114548,sweep_581,1,1300.0,1165.2277904331274,47.0,49.785376772542335,0.8302307160210597,0.7000498709218085,0.7112613566941145
scope_20260817_114548,sweep_582,1,1200.0,1289.2562727575876,47.0,47.56340565653595,0.7976598707323671,0.8719969300764056,0.8099942566995114
scope_20260817_114548,sweep_583,1,1200.0,1196.8280339756352,47.0,47.025159392659326,0.7976598707323671,0.8493814379652881,0.7958723307858225
scope_20260817_114548,sweep_584,1,1200.0,1218.4140760238004,47.0,47.403478949043645,0.7976598707323671,0.7998336784095815,0.7920146327792335
scope_20260817_114548,sweep_585,1,1200.0,1088.3173108697488,47.0,50.521602563168585,0.7976598707323671,0.8451960184242429,0.6698916701604973
scope_20260817_114548,sweep_586,1,1200.0,1243.294401006547,46.0,46.56861526041905,0.8275881361087133,0.9111654887389277,0.8248735378531453
scope_20260817_114548,sweep_587,1,1200.0,1215.048312751028,46.0,45.93931013539226,0.8275881361087133,0.8921448009500459,0.8346385701486737
scope_20260817_114548,sweep_588,1,1100.0,1169.2509191908725,46.0,49.10040292429953,0.7923553155680241,0.8589512177631792,0.7299567561632769
scope_20260817_114548,sweep_589,1,1100.0,1091.9735399547608,46.0,47.400521538781206,0.7923553155680241,0.7068788417152309,0.7498743975380676
scope_20260817_114548,sweep_590,1,1100.0,946.3772418127089,46.0,45.810135726606056,0.7923553155680241,0.800935850501805,0.7102635206564403
scope_20260817_114548,sweep_591,1,1100.0,1081.7965168033713,45.0,46.25114004790948,0.8225117732946079,0.9555668911009275,0.7784989193599462
scope_20260817_114548,sweep_592,1,1100.0,1087.7762262908393,45.0,47.30474371182243,0.8225117732946079,0.7966981007334842,0.7510455036349687
scope_20260817_114548,sweep_593,1,1100.0,987.0229637567888,45.0,46.91549129217465,0.8225117732946079,0.6395623473186579,0.706093102892678
scope_20260817_114548,sweep_611,1,700.0,728.734752899519,46.0,49.753691440909726,0.5491045045006722,0.4624211307901252,0.4957250834224011
scope_20260817_114548,sweep_612,1,700.0,676.7716495742513,46.0,49.71965910373975,0.5491045045006722,0.5158545656695599,0.4667622893025065
scope_20260817_114548,sweep_613,1,700.0,658.8629231388688,46.0,47.444651187183645,0.5491045045006722,0.5445436162635959,0.49520552055988387
scope_20260817_114548,sweep_614,1,700.0,650.2001048333764,46.0,49.65810070702995,0.5491045045006722,0.5157703832882112,0.4524806382801641
scope_20260817_114548,sweep_615,1,700.0,697.1424572875306,46.0,45.343171047307735,0.5491045045006722,0.5325702379798817,0.5608025433817849
scope_20260817_114548,sweep_628,1,400.0,385.60198669140783,48.0,49.59506211748125,0.3207462947913476,0.2661990638151007,0.2939220853770736
scope_20260817_114548,sweep_629,1,400.0,393.35204433557425,48.0,53.32861858489411,0.3207462947913476,0.30401993018345724,0.2627957207463719
scope_20260817_114548,sweep_630,1,400.0,377.2569359038421,48.0,49.26773353070236,0.3207462947913476,0.27038172779076763,0.2919935464042382
scope_20260817_114548,sweep_631,1,400.0,451.18813468586086,47.0,45.51625046995059,0.33261123405255594,0.3268011121705611,0.38829295055914664
scope_20260817_114548,sweep_632,1,400.0,349.8767113748963,47.0,47.48812593905076,0.33261123405255594,0.27947227872318064,0.2923808416701104
scope_20260817_114548,sweep_633,1,300.0,277.20083726490964,46.0,52.05212866212374,0.27179050125548737,0.2601940675012088,0.2052227877197343
scope_20260817_114548,sweep_634,1,300.0,250.76458396807448,46.0,47.29746516363424,0.27179050125548737,0.2046559005364653,0.2233071107891013
scope_20260817_114548,sweep_635,1,300.0,271.8270203247669,46.0,47.169847200179696,0.27179050125548737,0.23498330191328884,0.23988060516343454
scope_20260817_114548,sweep_690,1,700.0,735.246163131526,51.0,48.7872986732041,0.459031541354202,0.5767390234052567,0.5168018537777351
scope_20260817_114548,sweep_691,1,700.0,736.5829110031132,50.0,49.173206383045446,0.4753126658080491,0.49702236583663206,0.5105219812356953
scope_20260817_114548,sweep_692,1,700.0,738.491307437111,50.0,52.82304164887396,0.4753126658080491,0.432320622548619,0.45088586938934794
scope_20260817_114548,sweep_693,1,700.0,801.0529884275127,50.0,49.86123694626025,0.4753126658080491,0.5249490133008674,0.5341997489736057
scope_20260817_114548,sweep_739,1,1600.0,1701.5631049822791,53.0,53.08067137153554,0.7461180514585867,0.7516013205015756,0.767347032329157
scope_20260817_114548,sweep_740,1,1600.0,1490.6296307838236,53.0,51.367128060695315,0.7461180514585867,0.7900737224474564,0.7613606686334
scope_20260817_114548,sweep_741,1,1600.0,1383.7869559076819,53.0,50.310439595575836,0.7461180514585867,0.7956603174307068,0.7609592548630543
scope_20260817_114548,sweep_742,1,1600.0,1478.1469494289443,53.0,51.96170868091511,0.7461180514585867,0.6474349207561935,0.7428580423157425
scope_20260817_114548,sweep_743,1,1600.0,1335.267508355212,53.0,53.42729738324906,0.7461180514585867,0.6380201052280001,0.6718886076930659
scope_20260817_114548,sweep_744,1,1600.0,1672.9966180255828,53.0,49.21801983298271,0.7461180514585867,0.8535110845721392,0.8695157556683384
scope_20260817_114548,sweep_758,1,2000.0,2144.9907429748378,53.0,57.511477826186024,0.8341853411505429,0.7577720291055947,0.745409250687592
scope_20260817_114548,sweep_759,1,2000.0,2111.9495839308747,53.0,50.26889834977983,0.8341853411505429,1.003222261642827,0.9414541340033857
scope_20260817_114548,sweep_760,1,2000.0,2083.139863236593,53.0,51.738373109428295,0.8341853411505429,0.8817351543792296,0.8886388547589974
scope_20260817_114548,sweep_761,1,2000.0,2067.212728563947,52.0,52.97111510039968,0.8629665654824525,0.8342953213306196,0.8489123980251512
scope_20260817_114548,sweep_762,1,2000.0,2016.02840367591,52.0,51.96760448231754,0.8629665654824525,0.9253420064867485,0.867376923589996
scope_20260817_114548,sweep_763,1,2000.0,2158.103383402145,52.0,51.165863103789675,0.8629665654824525,0.9185226979601462,0.9224790821718212
scope_20260817_114548,sweep_834,1,2600.0,2694.7429948638764,53.0,51.44781849487604,0.9511176259577896,1.0625963339061986,1.0208404083271918
scope_20260817_114548,sweep_835,1,2600.0,2697.0031335837525,53.0,47.86851387920952,0.9511176259577896,1.010909735900334,1.1586555063317074
scope_20260817_114548,sweep_836,1,2600.0,2680.761534851272,53.0,47.61974236764231,0.9511176259577896,1.0227318834836394,1.1656114832650921
scope_20260817_114548,sweep_837,1,2600.0,2727.261699270963,53.0,50.43194436614562,0.9511176259577896,0.991772661984429,1.0637700892666628
scope_20260817_114548,sweep_838,1,2600.0,2755.305825898315,53.0,50.69426490262178,0.9511176259577896,1.012870610962835,1.0595025929238582
scope_20260817_114548,sweep_839,1,2600.0,2619.2169226974493,53.0,53.564590105364566,0.9511176259577896,1.0294327264474796,0.9367060090105019
scope_20260817_114548,sweep_871,1,1900.0,2040.995142572672,53.0,48.516657737248295,0.8130632965648648,1.0110165585419804,0.9847085271617834
scope_20260817_114548,sweep_872,1,1900.0,1966.715227149441,53.0,45.62295309746246,0.8130632965648648,0.9441539078193301,1.0744448908210613
scope_20260817_114548,sweep_873,1,1900.0,2001.4727202376246,53.0,49.11678427035636,0.8130632965648648,0.9044048212759686,0.9544767990769828
scope_20260817_114548,sweep_874,1,1900.0,1827.2246226242273,53.0,51.63267759876948,0.8130632965648648,0.7740224126842812,0.835288174364665
scope_20260817_114548,sweep_875,1,1900.0,2143.8490244483023,53.0,53.59927181117679,0.8130632965648648,0.931898191832362,0.8464691803692653
scope_20260817_114548,sweep_876,1,1900.0,1864.1679678326404,53.0,51.16508224098043,0.8130632965648648,0.8526150606684115,0.8573825451938358
scope_20260817_114548,sweep_877,1,1800.0,1924.197738962781,52.0,49.175414801237714,0.8186819674492178,0.8457004205050646,0.9339234810295136
scope_20260817_114548,sweep_878,1,1800.0,1837.7301369226209,52.0,51.42663663667701,0.8186819674492178,0.8650911274139921,0.843638912261432
scope_20260817_114548,sweep_879,1,1800.0,1703.2106484355722,52.0,52.18053562906929,0.8186819674492178,0.8562281114179844,0.7914780402979384
scope_20260817_114548,sweep_880,1,1800.0,1937.2625587381933,52.0,48.87795352824158,0.8186819674492178,0.9265894057881306,0.9470548796265779
scope_20260817_114548,sweep_881,1,1800.0,1754.8483049073661,51.0,51.04917880244136,0.8473199023724528,0.8475944915033632,0.8352026147761914
scope_20260817_114548,sweep_915,1,1100.0,1136.5822743795834,52.0,50.290710530873056,0.6399931337345105,0.703353937896545,0.6901232738752021
scope_20260817_114548,sweep_916,1,1100.0,1180.7051090645846,52.0,53.73461474845338,0.6399931337345105,0.5818494215255056,0.6253484183041864
scope_20260817_114548,sweep_951,1,400.0,496.88995841731077,54.0,55.323425520487866,0.2605690799203407,0.30247080185777475,0.29865530137362906
scope_20260817_114548,sweep_952,1,400.0,364.4484721752793,53.0,54.830671970233766,0.26943707108050124,0.21690708771207898,0.2346630805338198
scope_20260817_114548,sweep_953,1,400.0,343.8872033450611,53.0,60.3936799050462,0.26943707108050124,0.22975113338231298,0.18746717482415123
scope_20260817_114548,sweep_954,1,400.0,377.36299305059583,53.0,55.04421158326246,0.26943707108050124,0.2588045145883351,0.23985700610035793
scope_20260817_114548,sweep_955,1,400.0,427.9510522206607,53.0,52.767832024166495,0.26943707108050124,0.24755078593437987,0.2872150069321919
scope_20260817_114548,sweep_956,1,400.0,309.52940707919845,52.0,62.92277819891615,0.27873324113235676,0.22681881776981036,0.15920287865305577
scope_20260817_114548,sweep_957,1,300.0,376.3361938258189,52.0,52.86779740473124,0.21952784464262184,0.22759487221026364,0.2572834072428627
scope_20260817_114548,sweep_958,1,300.0,275.5990085338531,52.0,52.69387246142192,0.21952784464262184,0.20713256138520075,0.1998327230465467
scope_20260817_114548,sweep_959,1,300.0,249.87156245537784,52.0,52.2117153063061,0.21952784464262184,0.2206890040151007,0.18726148093621311
scope_20260817_114548,sweep_960,1,300.0,293.2765276983568,51.0,54.3336699168612,0.22720704655334845,0.20668624241309602,0.19918044931807738
scope_20260817_114548,sweep_961,1,300.0,262.77716327142446,51.0,51.95270784750852,0.22720704655334845,0.1781123770878662,0.19698734123206282
scope_20260817_114548,sweep_962,1,300.0,289.7232206901087,51.0,53.55841081582364,0.22720704655334845,0.24233992185402575,0.20232681850595666
scope_20260817_114548,sweep_1036,1,1100.0,1055.8257796814785,58.0,57.095616065041234,0.5256148245451896,0.5329834531330985,0.5299377346157469
scope_20260817_114548,sweep_1037,1,1100.0,1097.2473153354135,58.0,56.05015708284449,0.5256148245451896,0.5328211843660393,0.5586856572251198
scope_20260817_114548,sweep_1038,1,1100.0,1053.7957694485092,58.0,53.219452382950536,0.5256148245451896,0.6412205894321868,0.6010622060251734
scope_20260817_114548,sweep_1039,1,1100.0,1069.025568793581,58.0,72.69129678812942,0.5256148245451896,0.38976231317262094,0.33961229944590854
scope_20260817_114548,sweep_1040,1,1100.0,1130.8926942185394,57.0,57.262382344850685,0.5425637660972821,0.5427111689093627,0.5455457273388596
scope_20260817_114548,sweep_1058,1,1500.0,1467.0178181967376,57.0,56.750070336168896,0.6335779785705503,0.629496635527858,0.6316046779018748
scope_20260817_114548,sweep_1059,1,1500.0,1450.7455887686137,56.0,59.250492709588656,0.654283198204391,0.5994534618551274,0.5804739754265754
scope_20260817_114548,sweep_1060,1,1500.0,1502.410169105332,56.0,55.17534899547223,0.654283198204391,0.6427186289808512,0.6726218931480418
scope_20260817_114548,sweep_1061,1,1500.0,1437.3650846872454,56.0,54.24471044598055,0.654283198204391,0.6508478706853833,0.6783744192503888
scope_20260817_114548,sweep_1062,1,1500.0,1659.2006197142664,55.0,52.574444362847196,0.6759544942534855,0.757943699298111,0.7708000804527527
scope_20260817_114548,sweep_1063,1,1500.0,1691.4274155523206,55.0,56.04580614440565,0.6759544942534855,0.676619264360505,0.6937501157914847
scope_20260817_114548,sweep_1086,1,2000.0,2224.136076496332,58.0,55.0493537289782,0.7087388848340158,0.8158758478807635,0.8217688058441541
scope_20260817_114548,sweep_1087,1,2000.0,2108.101245930608,58.0,57.176001497356125,0.7087388848340158,0.7881678213750705,0.7468977991936331
scope_20260817_114548,sweep_1088,1,2000.0,2193.1974776099,58.0,54.19494839626056,0.7087388848340158,0.8042086859122802,0.8393461526503299
scope_20260817_114548,sweep_1134,1,2900.0,2392.282202771625,57.0,58.61210510884387,0.8809544291262289,0.7750053138243772,0.760377565796287
scope_20260817_114548,sweep_1135,1,2900.0,2314.9465638138254,58.0,58.754622788054995,0.8534346313396581,0.7363453382249198,0.7446623597932529
scope_20260817_114548,sweep_1136,1,2900.0,2300.822310931147,58.0,55.62001838969929,0.8534346313396581,0.8215906497673118,0.820383580244237
scope_20260817_114548,sweep_1137,1,2900.0,2511.048677068337,58.0,56.43131201308085,0.8534346313396581,0.8423079508419524,0.8348366898462879
scope_20260817_114548,sweep_1138,1,2900.0,2136.0214104061756,58.0,58.99740838364453,0.8534346313396581,0.7758925621992314,0.7099128154401343
scope_20260817_114548,sweep_1139,1,2900.0,2487.798999836009,58.0,61.714871387627866,0.8534346313396581,0.6940626945834987,0.7050477902918028
scope_20260817_114548,sweep_1143,1,2900.0,2578.5012192316967,56.0,58.71222444706113,0.9097438687207304,0.805664757225423,0.7869508698826422
scope_20260817_114548,sweep_1144,1,2900.0,2556.718627839452,55.0,56.088823666576204,0.9398765830591119,0.8122550782095481,0.8517529512066141
scope_20260817_114548,sweep_1145,1,2900.0,2190.5138442543102,55.0,59.06467829449957,0.9398765830591119,0.7481120179580928,0.7174082847132388
scope_20260817_114548,sweep_1146,1,2900.0,2374.280131023985,55.0,54.14457363099445,0.9398765830591119,0.868191964467981,0.8747699136021208
scope_20260817_114548,sweep_1147,1,2900.0,2742.0952829705984,55.0,56.48324669913545,0.9398765830591119,0.8793142997850728,0.870942587121013
scope_20260817_114548,sweep_1165,1,2500.0,2294.5615603124493,55.0,55.01319836084379,0.8726534996792689,0.8717545272540652,0.8356678257406152
scope_20260817_114548,sweep_1166,1,2500.0,2427.54793294947,56.0,58.19938392834902,0.8446759767829776,0.7919403453010821,0.7759407281947869
scope_20260817_114548,sweep_1167,1,2500.0,2457.1401694797323,57.0,60.957739831651125,0.8179456531758338,0.7278683871225965,0.7168937876543818
scope_20260817_114548,sweep_1168,1,2500.0,2609.548578497758,58.0,57.87047298037864,0.7923941623931271,0.8015233944506718,0.8128849478953643
scope_20260817_114548,sweep_1169,1,2500.0,2567.3005357035686,58.0,59.78644360526604,0.7923941623931271,0.7845369726083296,0.7595044902611036
scope_20260817_114548,sweep_1170,1,2500.0,2610.5141839661037,58.0,57.09073147448158,0.7923941623931271,0.8432016575611375,0.8334113827472375
scope_20260817_114548,sweep_1241,1,1100.0,1057.1053143751099,58.0,60.207122903860345,0.5256148245451896,0.5109589207103656,0.4811033495435222
scope_20260817_114548,sweep_1242,1,1100.0,1071.7721393713427,58.0,54.71625607723206,0.5256148245451896,0.5077008972664996,0.5767304562026812
scope_20260817_114548,sweep_1243,1,1100.0,1112.5164506804192,58.0,60.24873049490674,0.5256148245451896,0.5453199867850969,0.4929229035599172
scope_20260817_114548,sweep_1244,1,1100.0,1081.2776368994641,57.0,58.29652797763426,0.5425637660972821,0.5654541418764117,0.5162824418188595
scope_20260817_114548,sweep_1245,1,1100.0,1073.6747153440185,57.0,58.49334416318644,0.5425637660972821,0.6206055291209924,0.5112978415460311
scope_20260817_114548,sweep_1246,1,1100.0,1036.7591979779572,57.0,62.18611421790385,0.5425637660972821,0.48327045404556074,0.4487644895454599
scope_20260817_114548,sweep_1259,1,700.0,676.765103750153,57.0,58.569182972837204,0.37599824483955224,0.3585947334326188,0.34791232555356105
scope_20260817_114548,sweep_1260,1,700.0,696.4673214576857,57.0,53.11148070581237,0.37599824483955224,0.4689040044335779,0.42532917707114953
scope_20260817_114548,sweep_1261,1,700.0,549.110060248576,56.0,57.61253408825619,0.3882858029691861,0.33722187884144167,0.30144469064817514
scope_20260817_114548,sweep_1262,1,700.0,636.7242693943725,56.0,54.34553008838831,0.3882858029691861,0.39779257999949813,0.3788922799812116
scope_20260817_114548,sweep_1263,1,700.0,649.3965252654672,56.0,57.11668185014678,0.3882858029691861,0.4441877965524908,0.35198173287764256
scope_20260817_114548,sweep_1264,1,700.0,583.7482768458698,55.0,55.37889519640981,0.40114668127218805,0.36090700313718044,0.3407649899151239
scope_20260817_114548,sweep_1287,1,200.0,242.84921225768034,56.0,59.6891134923387,0.13726981069635683,0.17395429805871362,0.14352395523240635
scope_20260817_114548,sweep_1288,1,200.0,206.53930466047382,57.0,54.253314183206896,0.13292581777805493,0.12398206969801703,0.14928437893506033
scope_20260817_114548,sweep_1289,1,200.0,197.83763677167627,58.0,58.872594159327925,0.12877339910017294,0.12369579406260123,0.12417294646382832
scope_20260817_114548,sweep_1290,1,200.0,198.4669371085,58.0,54.128637427352366,0.12877339910017294,0.1051839570259971,0.1450236035970704
scope_20260817_114548,sweep_1291,1,200.0,184.53875574292675,58.0,55.699486389393336,0.12877339910017294,0.12493035131317849,0.12965996580077074
scope_20260817_114548,sweep_1292,1,200.0,223.87500058693783,58.0,62.46062638962819,0.12877339910017294,0.10702294378500252,0.12334724728371381
scope_20260817_114548,sweep_1364,1,1100.0,1116.8929838535764,61.0,66.51075780627569,0.47904846313242405,0.4041735155401106,0.41076658229679164
scope_20260817_114548,sweep_1365,1,1100.0,1141.7175796272545,60.0,61.36025352766061,0.4938956831333118,0.49846221010881664,0.4827570965939591
scope_20260817_114548,sweep_1366,1,1100.0,1120.873683761068,60.0,60.68899340567982,0.4938956831333118,0.5412087337348372,0.4881640451441372
scope_20260817_114548,sweep_1481,1,2700.0,2570.59040485725,60.0,60.04091980436344,0.7737858252583649,0.6909295136440677,0.7540663161227975
scope_20260817_114548,sweep_1482,1,2700.0,2479.4033393158275,60.0,58.350612584319094,0.7737858252583649,0.744151498105399,0.7804675960062659
scope_20260817_114548,sweep_1512,1,2100.0,2180.2963810044057,60.0,59.63951634418052,0.6824149538868385,0.6883044349916551,0.7031002989950769
scope_20260817_114548,sweep_1513,1,2100.0,2422.934334687796,60.0,63.880495137147044,0.6824149538868385,0.7018601822464239,0.652538731655213
scope_20260817_114548,sweep_1514,1,2100.0,2195.362892853763,61.0,61.837126560708555,0.6619005714002866,0.6603289926422269,0.6598874183866342
scope_20260817_114548,sweep_1515,1,2100.0,2253.637439657676,62.0,62.36373159050405,0.6422532577990729,0.6690014602222987,0.6581427932720751
scope_20260817_114548,sweep_1516,1,2100.0,2059.3352184532573,63.0,61.01141676613046,0.623427713462078,0.6813309519218528,0.6552337778575009
scope_20260817_114548,sweep_1548,1,1400.0,1300.2363454138692,63.0,67.95455968415806,0.5090265964973768,0.5046428636780307,0.42562192020464545
scope_20260817_114548,sweep_1549,1,1400.0,1346.031988069213,63.0,63.494590093320326,0.5090265964973768,0.5038648446606484,0.49189730168603507
scope_20260817_114548,sweep_1550,1,1400.0,1260.381197532373,62.0,62.27650459775549,0.5243975890826365,0.4920015169451953,0.4934675875233271
scope_20260817_114548,sweep_1551,1,1400.0,1444.0365681621684,62.0,61.01043947526282,0.5243975890826365,0.6203834794067737,0.5486996958890076
scope_20260817_114548,sweep_1552,1,1400.0,1457.3969617244454,62.0,61.67295918254081,0.5243975890826365,0.5319608995594649,0.5403149152806134
scope_20260817_114548,sweep_1553,1,1400.0,1452.4899085700072,61.0,56.4250367692942,0.5404395534624422,0.6806822734683518,0.6350650956590249
scope_20260817_114548,sweep_1673,1,800.0,850.2206897703885,67.0,67.48463371068644,0.3112882863231267,0.3618968286427537,0.32300583870954624
scope_20260817_114548,sweep_1674,1,800.0,661.3336106131535,68.0,69.40486604927001,0.30271185763918307,0.22180957899068054,0.24866757354568145
scope_20260817_114548,sweep_1675,1,800.0,843.8462609740741,68.0,64.52464522183634,0.30271185763918307,0.36583287185282565,0.3492121527354618
scope_20260817_114548,sweep_1676,1,800.0,757.1760938253191,68.0,64.18620571288001,0.30271185763918307,0.3899368387887259,0.32232590134751127
scope_20260817_114548,sweep_1677,1,800.0,875.0622566368185,68.0,65.30292966022145,0.30271185763918307,0.32626305284536555,0.3519088453202699
scope_20260817_114548,sweep_1678,1,900.0,969.5148095702076,67.0,62.717930245231244,0.3432569760874854,0.4060159262562907,0.41318485613162553
scope_20260817_114548,sweep_1679,1,900.0,932.4177231077134,67.0,72.75038082021649,0.3432569760874854,0.3454743667127552,0.3024081410214043
scope_20260817_114548,sweep_1680,1,900.0,991.2373250197821,66.0,61.86141984660757,0.353105438061399,0.3828806848219919,0.4317453262173297
scope_20260817_114548,sweep_1681,1,900.0,928.7629539542584,66.0,62.8826997380504,0.353105438061399,0.3986925953183689,0.3967752268380302
scope_20260817_114548,sweep_1682,1,900.0,924.9710013544933,66.0,69.01720604460965,0.353105438061399,0.3758641961999413,0.3320181244035876
scope_20260817_114548,sweep_1683,1,900.0,1008.0885442674623,65.0,67.3695702198201,0.3633656808169347,0.4079410996147159,0.3809305301022633
scope_20260817_114548,sweep_1684,1,1000.0,1144.96062194616,65.0,61.5729920292309,0.40580988699015613,0.5042784183830653,0.48035182257075765
scope_20260817_114548,sweep_1685,1,1000.0,1107.7290730523032,64.0,64.07088962634039,0.41775286101667464,0.4611024637618595,0.4387710702026792
scope_20260817_114548,sweep_1686,1,1000.0,1002.185173809698,65.0,74.97626533347437,0.40580988699015613,0.31547202976797983,0.309952222072805
scope_20260817_114548,sweep_1687,1,1000.0,1025.7651641662942,66.0,64.58242477504878,0.39435116049800506,0.4452166043155689,0.41599433596813695
scope_20260817_114548,sweep_1688,1,1000.0,1162.7320073898302,67.0,64.76525934234816,0.3833523142897572,0.3917341698940469,0.4405601235988871
scope_20260817_114548,sweep_1695,1,1200.0,1291.2465993522,66.0,65.01772670420148,0.43199005236619514,0.4713573316162139,0.4608985552392519
scope_20260817_114548,sweep_1696,1,1200.0,1314.5480656831526,66.0,67.25906460062036,0.43199005236619514,0.4122421341146469,0.43634354590975843
scope_20260817_114548,sweep_1697,1,1200.0,1177.832498019991,65.0,67.58016976836699,0.4445424583262615,0.4010853144588827,0.40933808904302305
scope_20260817_114548,sweep_1698,1,1200.0,1286.8556162139128,65.0,67.55952152077042,0.4445424583262615,0.4355478788430542,0.42811023989698166
scope_20260817_114548,sweep_1699,1,1200.0,1145.8703324309438,65.0,62.681384762252726,0.4445424583262615,0.4828296318707625,0.4648821951294297
scope_20260817_114548,sweep_1700,1,1200.0,1180.9370071451974,65.0,65.46903325252772,0.4445424583262615,0.4708140385185291,0.4350929408767812
scope_20260817_114548,sweep_1714,1,1600.0,1726.8826951808878,68.0,65.42072700390996,0.4715467276061546,0.49877699994109226,0.5268674940828348
scope_20260817_114548,sweep_1715,1,1600.0,1586.6938593063771,68.0,67.8639695725329,0.4715467276061546,0.47485345585142297,0.4713603035007155
scope_20260817_114548,sweep_1716,1,1600.0,1696.7863543342264,68.0,67.85447001185828,0.4715467276061546,0.5035015407557312,0.4875675178462945
scope_20260817_114548,sweep_1717,1,1600.0,1602.3031302827042,67.0,68.76943942953264,0.48490658378093865,0.4592114500361965,0.4619582854057025
scope_20260817_114548,sweep_1718,1,1600.0,1720.8411394697023,67.0,67.68039557055687,0.48490658378093865,0.47965423479788805,0.49339719793526077
scope_20260817_114548,sweep_1719,1,1600.0,1623.8279284971036,66.0,71.43462112838729,0.4988191460417266,0.44930721938705215,0.4326926568810034
scope_20260817_114548,sweep_1725,1,1800.0,1812.9148352119462,65.0,64.974308194284,0.544451095950898,0.5366627931438311,0.5468056317137155
scope_20260817_114548,sweep_1726,1,1800.0,2022.716712669347,66.0,67.0408497962805,0.5290776011276815,0.5655277594074304,0.5445866905370663
scope_20260817_114548,sweep_1727,1,1800.0,1848.016103232845,67.0,68.6807099134034,0.5143211004502567,0.4917457076079847,0.4973289165129495
scope_20260817_114548,sweep_1728,1,1800.0,1865.1381400581738,68.0,67.14170357434179,0.5001508331049567,0.5191791558447681,0.521464912475302
scope_20260817_114548,sweep_1729,1,1800.0,1873.1426546583127,68.0,70.07088478335335,0.5001508331049567,0.45872289844576425,0.48205221717777547
scope_20260817_114548,sweep_1730,1,1800.0,1849.6724717163406,68.0,69.58363311884911,0.5001508331049567,0.4447238659219404,0.48540147725144683
scope_20260817_114548,sweep_1784,1,2900.0,2489.460032415358,67.0,68.51701165048149,0.6528254674312325,0.5572835773736975,0.5798328701088085
scope_20260817_114548,sweep_1785,1,2900.0,2646.832843138806,67.0,63.77489513572253,0.6528254674312325,0.7747423792594652,0.6841325914696474
scope_20260817_114548,sweep_1786,1,2900.0,2620.224889777061,66.0,64.8077852809797,0.6715558275971981,0.6530956100946413,0.6605427018486806
scope_20260817_114548,sweep_1787,1,2900.0,2663.8135356649427,66.0,65.04612347915186,0.6715558275971981,0.6818987508405381,0.6614504907424772
scope_20260817_114548,sweep_1788,1,2900.0,2502.856225705711,65.0,66.52383596713848,0.6910693356668299,0.6363288761339077,0.6146765499346373
scope_20260817_114548,sweep_1789,1,2900.0,2646.876662751513,65.0,64.25728301832564,0.6910693356668299,0.5855173253881868,0.6745748572739144
scope_20260817_114548,sweep_1796,1,2900.0,2601.7685477875925,68.0,65.87253798359357,0.6348392106060261,0.6190214242651384,0.6384021903040057
scope_20260817_114548,sweep_1797,1,2900.0,2584.2502633665567,68.0,67.19832376022065,0.6348392106060261,0.587406886414644,0.6128399548481631
scope_20260817_114548,sweep_1798,1,2900.0,2462.8856545006824,67.0,68.5430246539905,0.6528254674312325,0.557362317463469,0.5763160909951025
scope_20260817_114548,sweep_1799,1,2900.0,2382.116374359648,67.0,65.83638400419261,0.6528254674312325,0.6266935658792882,0.611489871568331
scope_20260817_114548,sweep_1800,1,2900.0,2694.0052847893107,66.0,63.96509421940803,0.6715558275971981,0.652146988885307,0.6863746460116514
scope_20260817_114548,sweep_1801,1,2900.0,2232.4417515843893,66.0,67.34705416144037,0.6715558275971981,0.5579128025986075,0.5672312931953252
scope_20260817_114548,sweep_1813,1,2600.0,2573.6602179363704,67.0,66.56023718979725,0.6181370332421551,0.6058976787670497,0.6226691460964294
scope_20260817_114548,sweep_1814,1,2600.0,2570.828351828694,66.0,67.63500445591963,0.6358721398551131,0.6010251185023613,0.6038269542662565
scope_20260817_114548,sweep_1815,1,2600.0,2636.8606762771565,66.0,64.98512753614088,0.6358721398551131,0.6447528639672846,0.6592534355251944
scope_20260817_114548,sweep_1816,1,2600.0,2624.8199106850525,65.0,66.62671230887806,0.654348781144509,0.6332795020843605,0.6276475045936303
scope_20260817_114548,sweep_1817,1,2600.0,2623.5451153441363,65.0,70.73460808488792,0.654348781144509,0.5827184920145044,0.5603791348048659
scope_20260817_114548,sweep_1818,1,2600.0,2527.5036696853404,64.0,67.48379292289707,0.6736062481211144,0.5782726348726805,0.6012501369142708
scope_20260817_114548,sweep_1827,1,2300.0,2650.4101792390097,65.0,66.22278321901773,0.615441165402198,0.5935971926048692,0.637954191590059
scope_20260817_114548,sweep_1828,1,2300.0,2413.747716025841,65.0,68.13605894681547,0.615441165402198,0.5615488561433944,0.576994143130798
scope_20260817_114548,sweep_1829,1,2300.0,2251.7237220444085,65.0,64.08000637247835,0.615441165402198,0.6301352888649238,0.6254078124534297
scope_20260817_114548,sweep_1830,1,2300.0,2504.394440352053,65.0,65.43904262477949,0.615441165402198,0.6382706097102224,0.6341519267952336
scope_20260817_114548,sweep_1831,1,2300.0,2366.1864630922214,65.0,66.85754689003583,0.615441165402198,0.5690297764429322,0.5920566783967003
scope_20260817_114548,sweep_1832,1,2300.0,2552.6718060705593,66.0,65.1736009351939,0.5980631462547109,0.6657819179912108,0.6451332148648898
scope_20260817_114548,sweep_1872,1,1500.0,1516.2883262287196,65.0,62.45090596963379,0.4970135778511941,0.5598197026185463,0.5384450255469991
scope_20260817_114548,sweep_1873,1,1500.0,1684.4438283137429,65.0,68.15064225515155,0.4970135778511941,0.4606475186542801,0.4818126440524962
scope_20260817_114548,sweep_1874,1,1500.0,1575.7419549119427,65.0,67.70506024277361,0.4970135778511941,0.48015364476031014,0.47181341948522854
scope_20260817_114548,sweep_1875,1,1500.0,1509.8135966855205,66.0,78.39982638343675,0.4829795613472531,0.38305735568876353,0.3492216575322602
scope_20260817_114548,sweep_1913,1,700.0,799.6471055909064,65.0,69.0395441883507,0.2949538008803538,0.31080058282385536,0.2940459006543554
scope_20260817_114548,sweep_1914,1,700.0,716.7564840075946,66.0,58.740438548678426,0.2866252829204393,0.3168212015480932,0.36294407430882064
scope_20260817_114548,sweep_1915,1,700.0,798.8709834984938,67.0,76.02336061011256,0.2786310186148487,0.35504409821187644,0.24453719981720834
scope_20260817_114548,sweep_1916,1,700.0,657.4864222442236,68.0,61.2747413776719,0.2709543434385644,0.3445131772064198,0.31254821178383946
scope_20260817_114548,sweep_1917,1,700.0,745.1068894683481,68.0,69.40863694951946,0.2709543434385644,0.2789798419228796,0.2745154502760199
scope_20260817_114548,sweep_1918,1,700.0,561.7837646102392,68.0,69.08647538979179,0.2709543434385644,0.2977868827880049,0.21907526739751135
scope_20260817_114548,sweep_1984,1,500.0,496.3514037174742,69.0,81.45376054947485,0.19935423851617426,0.16013771752260575,0.14428040557328853
scope_20260817_114548,sweep_1985,1,500.0,508.5232571372691,70.0,62.738361073342965,0.19399360552904682,0.273210293213993,0.24170129809089846
scope_20260817_114548,sweep_1986,1,500.0,570.8647825536196,71.0,72.61349773663714,0.1888396005224463,0.22810707418657383,0.2019753467981261
scope_20260817_114548,sweep_1987,1,500.0,531.2918736424498,72.0,72.67503686802497,0.18388229176716522,0.17223933470435138,0.18997702645899392
scope_20260817_114548,sweep_1988,1,500.0,492.71688633479323,73.0,64.41915597576228,0.1791123098381328,0.19719220236484183,0.22411759392461295
scope_20260817_114548,sweep_1989,1,600.0,507.3232134341622,72.0,79.74136874709217,0.21392440958489686,0.15490189238294347,0.15305848317683954
scope_20260817_114548,sweep_1990,1,600.0,623.8258238122745,71.0,69.49243796439713,0.21969162805064424,0.2266188953185569,0.23633895868460197
scope_20260817_114548,sweep_1991,1,600.0,712.3329794102187,71.0,66.5658558669661,0.21969162805064424,0.2980161672388357,0.28618027971449506
scope_20260817_114548,sweep_1992,1,700.0,710.532662047898,70.0,71.43458630744185,0.25649191758518586,0.2602817082544261,0.24987607923143565
scope_20260817_114548,sweep_1993,1,700.0,743.7325316353906,70.0,72.06815604088426,0.25649191758518586,0.2624773409722566,0.2552045355778606
scope_20260817_114548,sweep_1994,1,700.0,771.7141772940374,69.0,70.09903532268919,0.263579568905388,0.3116997901002941,0.2773745853170805
scope_20260817_114548,sweep_1995,1,700.0,687.3906808130624,70.0,71.73274849749498,0.25649191758518586,0.31661660974120903,0.2411835839870203
scope_20260817_114548,sweep_1996,1,700.0,699.4846755223118,70.0,67.8418442090484,0.25649191758518586,0.27855201008312225,0.27198166374719457
scope_20260817_114548,sweep_1997,1,700.0,865.5970153332368,71.0,74.38511781122334,0.24967746293457274,0.2354613105048732,0.2725000524209691
scope_20260817_114548,sweep_2015,1,1100.0,1102.7674437660658,72.0,72.40718129357359,0.3508254951213016,0.3622615788793784,0.34751408543385753
scope_20260817_114548,sweep_2016,1,1100.0,1078.7450831566161,71.0,73.49787975434003,0.36028344934749096,0.3358506524606752,0.3340470722275062
scope_20260817_114548,sweep_2017,1,1100.0,1125.6525772587777,71.0,72.11893229196157,0.36028344934749096,0.36306560344477135,0.3537791394303174
scope_20260817_114548,sweep_2018,1,1100.0,1046.177689643071,70.0,74.09180767713202,0.37011667657628694,0.28944851192828525,0.3239486438812893
scope_20260817_114548,sweep_2019,1,1100.0,1112.0884806884305,70.0,71.01154747371704,0.37011667657628694,0.3561898370809799,0.36214578081835525
scope_20260817_114548,sweep_2020,1,1100.0,1148.5028793839529,69.0,77.2942610995751,0.38034412536322004,0.3143793035288347,0.3130035793424499
scope_20260817_114548,sweep_2032,1,1400.0,1595.0497018196584,70.0,73.90727952794522,0.4175479242954972,0.3872215109135253,0.40191043625295586
scope_20260817_114548,sweep_2033,1,1400.0,1359.5662082035421,69.0,72.94468856940222,0.429086042629763,0.3805689631571542,0.38045936667310365
scope_20260817_114548,sweep_2034,1,1400.0,1367.7806759902899,70.0,67.93454592568276,0.4175479242954972,0.4515172025208464,0.4367798223059976
scope_20260817_114548,sweep_2035,1,1400.0,1550.136357072599,70.0,71.17865988402353,0.4175479242954972,0.4162914695621729,0.42565579233187906
scope_20260817_114548,sweep_2036,1,1400.0,1408.0533192670791,71.0,73.33959904659076,0.4064545478594763,0.3758475823020871,0.38321689864417363
scope_20260817_114548,sweep_2068,1,2100.0,2178.663626151469,69.0,64.11894818640316,0.525520930096515,0.5315137375279874,0.6144800944045978
scope_20260817_114548,sweep_2069,1,2100.0,2241.0632814266987,69.0,74.08271833975031,0.525520930096515,0.5096356944324777,0.47424448859119883
scope_20260817_114548,sweep_2070,1,2100.0,2138.501134506432,70.0,67.83334645902373,0.5113896788411136,0.4895455386785642,0.5476853627333246
scope_20260817_114548,sweep_2071,1,2100.0,2283.2030450455636,71.0,69.59000527191398,0.4978031229446809,0.5251071581932446,0.5392008790831736
scope_20260817_114548,sweep_2072,1,2100.0,2146.4026117528206,72.0,70.1100417869294,0.48473508121533715,0.5344664334738534,0.5154707756831446
scope_20260817_114548,sweep_2127,1,2800.0,2538.9052748696713,70.0,69.52971120415653,0.5905019374794266,0.6042231859498639,0.5695276430678248
scope_20260817_114548,sweep_2128,1,2800.0,2706.766174816464,69.0,70.164466217212,0.6068193009120111,0.5856717717749934,0.5780089341575347
scope_20260817_114548,sweep_2129,1,2800.0,2459.5049964565355,69.0,62.83324993456716,0.6068193009120111,0.6839515550446105,0.6780213028673701
scope_20260817_114548,sweep_2130,1,2800.0,2387.0719972684706,70.0,69.13155208987331,0.5905019374794266,0.5402172310165448,0.5582741337981073
scope_20260817_114548,sweep_2131,1,2800.0,2650.522660047593,70.0,69.58740809192179,0.5905019374794266,0.5382430129496598,0.5809982131636438
scope_20260817_114548,sweep_2138,1,2600.0,2372.2905609757354,71.0,73.8007908670773,0.5539041811390779,0.49076969009753946,0.49149830997709676
scope_20260817_114548,sweep_2139,1,2600.0,2687.0083221038053,71.0,71.46731097343765,0.5539041811390779,0.5687806638360373,0.5561169538252817
scope_20260817_114548,sweep_2140,1,2600.0,2569.8425827846554,70.0,72.8679661358586,0.5690219049367855,0.547355395085241,0.5241225299774629
scope_20260817_114548,sweep_2141,1,2600.0,2584.9847863215464,70.0,69.86035140335682,0.5690219049367855,0.5214091846065856,0.5695289214191765
scope_20260817_114548,sweep_2142,1,2600.0,2460.233599765153,69.0,74.04567394233666,0.5847457097791338,0.5648486942464827,0.4973686267374066
scope_20260817_114548,sweep_2162,1,2100.0,2337.5476187390564,70.0,72.62362470689544,0.5113896788411136,0.4955015946841911,0.5030840736802099
scope_20260817_114548,sweep_2163,1,2100.0,2286.7045482046474,70.0,69.51308767077767,0.5113896788411136,0.530924268146814,0.5407460105499132
scope_20260817_114548,sweep_2164,1,2100.0,2284.177653118477,69.0,71.28362432798473,0.525520930096515,0.4954428246564006,0.515254646283
scope_20260817_114548,sweep_2165,1,2100.0,2210.8234773731497,70.0,73.16921032269319,0.5113896788411136,0.5025176991918212,0.4823246559575822
scope_20260817_114548,sweep_2166,1,2100.0,2300.877650538777,70.0,67.99150953296022,0.5113896788411136,0.5156901878153644,0.5656058513709228
scope_20260817_114548,sweep_2167,1,2100.0,2232.2956377198275,72.0,72.87581327802764,0.48473508121533715,0.5054898522090246,0.48838942655904466
scope_20260817_114548,sweep_2185,1,1700.0,1737.364429993517,72.0,73.30123748928801,0.4361333174470236,0.3930379469597262,0.42610255881426407
scope_20260817_114548,sweep_2186,1,1700.0,1666.3442339808526,72.0,71.13504573994943,0.4361333174470236,0.3748733360482275,0.4418368514122042
scope_20260817_114548,sweep_2187,1,1700.0,1832.4678818070872,71.0,74.35953954638059,0.44789109734128074,0.3585374823171431,0.42579267610420074
scope_20260817_114548,sweep_2188,1,1700.0,1645.3467951331893,70.0,71.78541362771473,0.4601154027926915,0.49895853165816234,0.43151004441942337
scope_20260817_114548,sweep_2189,1,1700.0,1740.6753749541456,70.0,70.9121470106275,0.4601154027926915,0.4606150711616313,0.4542851619708729
scope_20260817_114548,sweep_2190,1,1700.0,1750.5532256630158,69.0,68.1935519853295,0.47282978994668773,0.4588152849106283,0.4905929032202051
scope_20260817_114548,sweep_2197,1,1500.0,1438.143751063714,72.0,71.25371913808996,0.40967591630531525,0.4059143764984598,0.40917076234643973
scope_20260817_114548,sweep_2198,1,1500.0,1521.6334833141182,72.0,73.83901231646398,0.40967591630531525,0.3868833855164605,0.3932454420084119
scope_20260817_114548,sweep_2199,1,1500.0,1591.281172785488,71.0,70.50957500200784,0.42072042737383986,0.512991259914745,0.4390751235797926
scope_20260817_114548,sweep_2200,1,1500.0,1527.7354118570017,71.0,72.25172824457034,0.42072042737383986,0.3996632920168897,0.41070743596458553
scope_20260817_114548,sweep_2201,1,1500.0,1515.5711173600903,70.0,71.21705900307927,0.4322031628968169,0.46255730723217275,0.4204520762627403
scope_20260817_114548,sweep_2202,1,1400.0,1531.191361657066,70.0,63.53339831693689,0.4175479242954972,0.5247362843438255,0.5240424882827367
scope_20260817_114548,sweep_2203,1,1400.0,1453.3882728793255,69.0,71.34101099335615,0.429086042629763,0.3844631838223719,0.41037727381090516
scope_20260817_114548,sweep_2204,1,1400.0,1606.9104984368603,69.0,67.89462475661321,0.429086042629763,0.48734440038082305,0.47394950469467545
scope_20260817_114548,sweep_2205,1,1400.0,1368.370352148988,70.0,69.37638783687309,0.4175479242954972,0.44356854970593995,0.419864799922935
scope_20260817_114548,sweep_2206,1,1400.0,1423.8582162093417,71.0,73.32104501539472,0.4064545478594763,0.36843211919385604,0.385547733659584
scope_20260817_114548,sweep_2207,1,1400.0,1343.7947211214523,72.0,71.77582963712612,0.3957845364680464,0.3828819439693301,0.3900668103256558
scope_20260817_114548,sweep_2222,1,1000.0,993.814947601896,72.0,71.29612465752369,0.33449898495172314,0.3353723443673667,0.331341456959705
scope_20260817_114548,sweep_2223,1,1000.0,934.6064379242742,71.0,76.64985479505678,0.3435167904771919,0.27773172292912773,0.27420770660756294
scope_20260817_114548,sweep_2224,1,1000.0,895.6326905988448,71.0,77.48718967570296,0.3435167904771919,0.3087877873362007,0.25922282907417515
scope_20260817_114548,sweep_2225,1,1000.0,915.14572437983,70.0,72.05857308738774,0.3528924047714,0.2985292733511788,0.30322104137205186
scope_20260817_114548,sweep_2226,1,1000.0,1349.0638226145506,70.0,65.41411790674239,0.3528924047714,0.483683650089234,0.46576680404843357
scope_20260817_114548,sweep_2227,1,1000.0,956.9937211311667,69.0,77.72693882997294,0.36264389457316587,0.23833573406219385,0.27226032012239265
scope_20260817_114548,sweep_2228,1,900.0,973.3199898308065,70.0,71.68760723242617,0.31598290979538296,0.32039326978133653,0.3222857487136535
scope_20260817_114548,sweep_2229,1,900.0,1008.5832609823709,70.0,68.74658431117105,0.31598290979538296,0.36434848963554717,0.3667408873441562
scope_20260817_114548,sweep_2230,1,900.0,943.9920380075835,71.0,66.41874355429418,0.30758790370925837,0.3643863418965733,0.363031175908925
scope_20260817_114548,sweep_2231,1,900.0,829.9447414175429,72.0,67.75117511660498,0.29951328268772526,0.3637275287034909,0.3142538541431827
scope_20260817_114548,sweep_2232,1,900.0,810.0432982962482,73.0,68.39572079764655,0.29174378551540026,0.306147625148056,0.3025286081422299
scope_20260817_114548,sweep_2239,1,700.0,686.8872771170369,70.0,73.1219051057737,0.25649191758518586,0.24232367928747267,0.2323877100612254
scope_20260817_114548,sweep_2240,1,700.0,715.4133415684328,70.0,70.08432377581424,0.25649191758518586,0.24612772846339612,0.2605751680793267
scope_20260817_114548,sweep_2241,1,700.0,678.5684360823772,69.0,73.28521775950942,0.263579568905388,0.22609511085333733,0.22907227711792758
scope_20260817_114548,sweep_2242,1,700.0,757.5651862233237,70.0,71.52583456695976,0.25649191758518586,0.3092171429768636,0.2628900092900352
scope_20260817_114548,sweep_2243,1,700.0,672.6064796187617,71.0,74.88348547728151,0.24967746293457274,0.2704011387114451,0.2182182773757569
scope_20260817_114548,sweep_2244,1,600.0,642.8046157367763,72.0,74.27330751400952,0.21392440958489686,0.23781312575010674,0.21347580211611822
scope_20260817_114548,sweep_2245,1,600.0,616.9619215539797,72.0,73.85391959945807,0.21392440958489686,0.23817643440544506,0.20857184270052306
scope_20260817_114548,sweep_2246,1,600.0,538.0555849654424,73.0,76.65891010068293,0.20837512282056309,0.17790284799759715,0.1733588169623921
scope_20260817_114548,sweep_2247,1,600.0,556.3593102437254,73.0,73.78135644980235,0.20837512282056309,0.1992061124448254,0.1917791805922855
scope_20260817_114548,sweep_2248,1,600.0,590.3737180646525,72.0,75.70732804213517,0.21392440958489686,0.1685792554280148,0.19177416321932356
scope_20260817_114548,sweep_2249,1,600.0,537.4407366358128,72.0,68.8756026746239,0.21392440958489686,0.23680898816685367,0.21239170675983604
scope_20260817_114548,sweep_2250,1,500.0,654.8906648455725,71.0,71.11112779536293,0.1888396005224463,0.2702841432502735,0.23554683269817844
scope_20260817_114548,sweep_2251,1,500.0,468.7328241330465,71.0,74.64577733611492,0.1888396005224463,0.1914688581395269,0.16268902456058837
scope_20260817_114548,sweep_2252,1,500.0,503.1969246833071,70.0,66.62045621871236,0.19399360552904682,0.2464467357709495,0.21413384234080401
scope_20260817_114548,sweep_2253,1,500.0,510.1483493334754,70.0,76.6720838862422,0.19399360552904682,0.18560532423485307,0.16580758436611306
scope_20260817_114548,sweep_2254,1,500.0,576.7809195686957,69.0,72.17709626594072,0.19935423851617426,0.20205693506250974,0.2060641027630027
scope_20260817_114548,sweep_2255,1,500.0,471.8681067424945,70.0,72.10885967944392,0.19399360552904682,0.24281141314111712,0.17474979044003358
scope_20260817_114548,sweep_2256,1,400.0,391.6845361066085,70.0,72.61994346732425,0.16119519948168745,0.14334114574188983,0.14772007734745177
scope_20260817_114548,sweep_2257,1,400.0,378.70316297130864,71.0,70.68551347919582,0.1569125796350029,0.1367144594401918,0.151216248522954
scope_20260817_114548,sweep_2258,1,400.0,405.5084405820735,72.0,63.834285223573815,0.1527934006985601,0.1629309035703984,0.19393769150497223
scope_20260817_114548,sweep_2259,1,400.0,363.85915677965244,73.0,72.72903299899986,0.14882987733150096,0.15516469198910307,0.13855887969901573
scope_20260817_114548,sweep_2260,1,400.0,450.06496558830037,73.0,63.01139650474193,0.14882987733150096,0.2245260079209492,0.21664495494736993
scope_20260817_114548,sweep_2261,1,400.0,381.3531351774026,73.0,74.53272922345788,0.14882987733150096,0.16002319930002593,0.13748343466602966
scope_20260817_114548,sweep_2297,1,300.0,331.46414758568847,77.0,81.01324453899723,0.10584544942950128,0.11485546871701806,0.10428030480849101
scope_20260817_114548,sweep_2298,1,300.0,316.4713576438073,77.0,79.36184445537204,0.10584544942950128,0.11687330885068507,0.10440818820034281
scope_20260817_114548,sweep_2299,1,300.0,350.2246591115829,77.0,72.99438442191142,0.10584544942950128,0.11687021492386454,0.1333066533990797
scope_20260817_114548,sweep_2300,1,300.0,254.0867106256721,77.0,65.2918276117613,0.10584544942950128,0.12486125544041607,0.1261279467838812
scope_20260817_114548,sweep_2301,1,300.0,305.9874807043972,77.0,64.9752713016254,0.10584544942950128,0.148150431420349,0.1485136096535841
scope_20260817_114548,sweep_2344,1,1200.0,1225.4812866830546,77.0,75.700935527356,0.3222939646687946,0.35983954948231833,0.3364947124287531
scope_20260817_114548,sweep_2345,1,1200.0,1083.3199460746262,77.0,76.52616513227422,0.3222939646687946,0.3236908820116919,0.309870988037077
scope_20260817_114548,sweep_2346,1,1200.0,1139.0316096096153,77.0,76.05681656818619,0.3222939646687946,0.30988043315419755,0.32150750261839567
scope_20260817_114548,sweep_2347,1,1200.0,1185.9577924882722,76.0,75.64621436062605,0.3304727478430957,0.3187965902370335,0.3314827309773405
scope_20260817_114548,sweep_2348,1,1200.0,1118.3687568028872,76.0,75.06614203285103,0.3304727478430957,0.3178373220519651,0.3266764762125804
scope_20260817_114548,sweep_2361,1,1500.0,1498.2309705791001,75.0,73.08512171471564,0.37896877106237914,0.34802409789674493,0.3979279307382649
scope_20260817_114548,sweep_2362,1,1500.0,1678.955684568898,75.0,75.6172890258089,0.37896877106237914,0.3896505292572998,0.39469711962179527
scope_20260817_114548,sweep_2363,1,1500.0,1631.3520342308595,74.0,77.71333556196527,0.38881924202531964,0.3476278887106488,0.36918971735438655
scope_20260817_114548,sweep_2364,1,1500.0,1472.2346622606187,74.0,75.09095936239814,0.38881924202531964,0.36958878559821046,0.37457535041269296
scope_20260817_114548,sweep_2365,1,1500.0,1744.4878145861337,75.0,74.57457952055168,0.37896877106237914,0.4061581871938032,0.41315838907095137
scope_20260817_114548,sweep_2408,1,2400.0,2649.373621746359,74.0,74.2161523530146,0.49182176116010823,0.5546557984612738,0.5138703856265678
scope_20260817_114548,sweep_2409,1,2400.0,2532.6606947481882,74.0,77.96650929552968,0.49182176116010823,0.46428276903512045,0.4571427594038905
scope_20260817_114548,sweep_2410,1,2400.0,2484.871129786362,75.0,77.67951220967333,0.4793617914528106,0.44116627827202226,0.4560271156692699
scope_20260817_114548,sweep_2411,1,2400.0,2468.016488631019,76.0,79.47214415150941,0.46735904199440986,0.4238637486455849,0.4349815208889642
scope_20260817_114548,sweep_2412,1,2400.0,2752.6282834297294,77.0,74.2449031795582,0.4557924959056044,0.5018922371493856,0.5234007414926268
scope_20260817_114548,sweep_2413,1,2400.0,2470.410221505594,77.0,77.19249314914515,0.4557924959056044,0.4603874532891432,0.46022027104764934
scope_20260817_114548,sweep_2414,1,2500.0,2759.624876412239,77.0,77.19947697749747,0.4651912681493008,0.4919967432215579,0.4863297566483466
scope_20260817_114548,sweep_2415,1,2500.0,2636.1747765848227,77.0,73.0437951828072,0.4651912681493008,0.49545897390720134,0.5284095574666696
scope_20260817_114548,sweep_2416,1,2500.0,2432.8086494538497,76.0,80.29388012346563,0.47699632481761656,0.4220228420475285,0.4234026008955196
scope_20260817_114548,sweep_2417,1,2500.0,2766.321235596854,76.0,77.60022230791367,0.47699632481761656,0.4790563562913907,0.4821048602977416
scope_20260817_114548,sweep_2418,1,2500.0,2584.0976220923635,75.0,76.7488572252456,0.48924657968576196,0.4980670076831692,0.4759236431684568
scope_20260817_114548,sweep_2419,1,2500.0,2492.649153160008,74.0,75.2641416301405,0.5019634830163514,0.48698445707291554,0.48525134708130674
scope_20260817_114548,sweep_2473,1,2400.0,2586.296303113045,76.0,74.75120642268683,0.46735904199440986,0.5140860538469383,0.500791773947232
scope_20260817_114548,sweep_2474,1,2400.0,2630.904949361583,75.0,75.41662430363981,0.4793617914528106,0.4847690807354331,0.49659956064475974
scope_20260817_114548,sweep_2475,1,2400.0,2648.174665855025,75.0,75.455957051708,0.4793617914528106,0.48065593945095497,0.4977297268156874
scope_20260817_114548,sweep_2476,1,2400.0,2612.693319920642,74.0,77.87906249385921,0.49182176116010823,0.4878009789939612,0.46531121908558165
scope_20260817_114548,sweep_2477,1,2400.0,2679.725159976862,74.0,77.98704591861298,0.49182176116010823,0.4951472844031944,0.4699901940689893
scope_20260817_114548,sweep_2521,1,1500.0,1478.8569235142886,74.0,73.96966893873054,0.38881924202531964,0.3715744562043118,0.3863716909558639
scope_20260817_114548,sweep_2522,1,1500.0,1576.5195479190093,74.0,77.47252386668502,0.38881924202531964,0.363579408420925,0.3651008683638487
scope_20260817_114548,sweep_2523,1,1500.0,1470.1959463670466,75.0,76.02408152485967,0.37896877106237914,0.3532454140720216,0.3655687283831496
scope_20260817_114548,sweep_2524,1,1500.0,1691.248340560186,75.0,72.95073177495995,0.37896877106237914,0.38135277962051534,0.4242708387292084
scope_20260817_114548,sweep_2525,1,1500.0,1520.9644628690864,76.0,74.98921098877774,0.3694797644441545,0.3840930628607084,0.38171291776470717
scope_20260817_114548,sweep_2538,1,1200.0,1213.186091782357,76.0,75.99985242495124,0.3304727478430957,0.34236213682594335,0.33228470830922663
scope_20260817_114548,sweep_2539,1,1200.0,1325.16513908039,77.0,79.03194065309926,0.3222939646687946,0.3474835476585507,0.32215958768193653
scope_20260817_114548,sweep_2540,1,1200.0,1084.3964592166642,77.0,76.16042803076985,0.3222939646687946,0.33525655772156443,0.31288476039911
scope_20260817_114548,sweep_2541,1,1200.0,1330.5989318694005,77.0,79.20266393401442,0.3222939646687946,0.31481339216130994,0.32148268667338437
scope_20260817_114548,sweep_2542,1,1200.0,1111.3660955407836,77.0,78.13256009175821,0.3222939646687946,0.2971499302452505,0.3015902207528302
scope_20260817_114548,sweep_2584,1,300.0,370.1400658282022,76.0,71.22978162517441,0.10853146615885569,0.1593411146335066,0.14622604164266634
scope_20260817_114548,sweep_2585,1,300.0,308.2165887756382,77.0,68.74701713665746,0.10584544942950128,0.10382962927771563,0.13435343360104116
scope_20260817_114548,sweep_2586,1,300.0,217.8349808856818,77.0,78.25486030228436,0.10584544942950128,0.09674806102948909,0.07867372831394542
scope_20260817_114548,sweep_2587,1,300.0,273.0898410213326,77.0,75.8735295653613,0.10584544942950128,0.08646699058078629,0.10070806037957479
scope_20260817_114548,sweep_2588,1,300.0,274.03357362202837,77.0,81.00647365278743,0.10584544942950128,0.14133309811637124,0.08906088456928152
scope_20260817_114548,sweep_2589,1,300.0,310.83052352230806,77.0,79.77154516892345,0.10584544942950128,0.1199915173715862,0.10184730424781827
scope_20260817_114548,sweep_2596,1,100.0,141.07108907719106,76.0,68.37129922031173,0.04360587731276664,0.0673738755348262,0.07096288550895374
scope_20260817_114548,sweep_2597,1,100.0,108.72725632641928,76.0,64.65684073012208,0.04360587731276664,0.05574154972098718,0.06350213949212696
scope_20260817_114548,sweep_2598,1,100.0,125.54955440808838,77.0,73.09226544296168,0.042526686916602344,0.06147944308384257,0.05674801412200362
scope_20260817_114548,sweep_2599,1,100.0,83.47866823488062,78.0,92.31395033133091,0.04148634107155179,0.03354153663087058,0.02579666587356132
scope_20260817_114548,sweep_2600,1,100.0,146.14614849692333,77.0,91.22033909771442,0.042526686916602344,0.014092894380604326,0.04201905868929252
scope_20260817_114548,sweep_2611,1,100.0,109.74543890243682,82.0,69.39981474686283,0.037679685572650674,0.07122821481838967,0.05600808315256024
scope_20260817_114548,sweep_2612,1,100.0,110.73351263021513,81.0,82.05790115209233,0.038581288875403755,0.054844691469567004,0.04095131775693228
scope_20260817_114548,sweep_2613,1,100.0,97.74141982430508,81.0,77.90607239527978,0.038581288875403755,0.041505382365592806,0.04080142999187623
scope_20260817_114548,sweep_2614,1,100.0,209.11671444717894,80.0,73.59051732567481,0.03951525877459957,0.0869069110345969,0.08555131526267044
scope_20260817_114548,sweep_2644,1,700.0,659.0631614813869,81.0,74.98226556659318,0.1940028478315658,0.25449382045710806,0.21402461300910264
scope_20260817_114548,sweep_2645,1,700.0,693.7544900893474,82.0,82.27447088754525,0.1894692095460923,0.21515171812424974,0.18685722974565117
scope_20260817_114548,sweep_2646,1,700.0,699.7828633734939,82.0,84.51411616034656,0.1894692095460923,0.17287457622503785,0.17869776299828968
scope_20260817_114548,sweep_2647,1,700.0,766.9068397323708,82.0,81.7190528400039,0.1894692095460923,0.20871234499712712,0.2057391524364978
scope_20260817_114548,sweep_2648,1,700.0,719.1601661636693,81.0,78.50868169894282,0.1940028478315658,0.2135769705156796,0.2106914274107392
scope_20260817_114548,sweep_2655,1,900.0,931.7671974456896,80.0,81.96330804961433,0.2447857393356214,0.2537301697004013,0.24044024368884057
scope_20260817_114548,sweep_2656,1,900.0,927.3894918432281,81.0,81.97919876933801,0.23900006262789797,0.26203755111971716,0.23941276058859826
scope_20260817_114548,sweep_2657,1,900.0,807.1668185070577,81.0,88.88327748963486,0.23900006262789797,0.19323189371467198,0.18249996124640375
scope_20260817_114548,sweep_2658,1,900.0,869.6946589852246,82.0,82.14343980055803,0.23341488773860392,0.23166082541446867,0.22610922356053453
scope_20260817_114548,sweep_2659,1,900.0,914.0903905007177,82.0,84.8102110505783,0.23341488773860392,0.2338395540460854,0.2215578300392237
scope_20260817_114548,sweep_2660,1,900.0,878.3762506316584,81.0,83.18274463631944,0.23900006262789797,0.21312426105022772,0.22251864897136284
scope_20260817_114548,sweep_2708,1,1900.0,2099.857373238532,79.0,79.49444656502207,0.38605608639990746,0.4063033198242946,0.40101190265665543
scope_20260817_114548,sweep_2709,1,1900.0,1873.5662508866108,80.0,79.28546560947072,0.376826668550469,0.3956788966556554,0.3807113369151373
scope_20260817_114548,sweep_2710,1,1900.0,1996.5855388964596,81.0,85.47847931975458,0.36792011506823274,0.3451143244979445,0.33995795602409595
scope_20260817_114548,sweep_2711,1,1900.0,1995.3276414340687,81.0,85.15070754576944,0.36792011506823274,0.34294436438569104,0.3423827883707756
scope_20260817_114548,sweep_2712,1,1900.0,2064.209878640172,82.0,85.21115352803481,0.35932221695326627,0.35198396660826375,0.34776540390532834
scope_20260817_114548,sweep_2723,1,2200.0,2335.1219251579573,81.0,82.3500021957212,0.3959023433267135,0.4214650544751444,0.39508939677631516
scope_20260817_114548,sweep_2724,1,2200.0,2531.9048831230243,81.0,80.7947482586779,0.3959023433267135,0.4474612149242026,0.42679847411209926
scope_20260817_114548,sweep_2725,1,2200.0,2460.1492794357187,80.0,81.4506673742185,0.40548628628109123,0.40811858186437533,0.4142044742904089
scope_20260817_114548,sweep_2726,1,2200.0,2532.145000573493,79.0,81.97135764473687,0.4154176491081996,0.4434799134777856,0.4150917151494852
scope_20260817_114548,sweep_2727,1,2300.0,2344.7753975066576,79.0,81.82901823595591,0.42475404291421803,0.40310329422589997,0.40077946721350544
scope_20260817_114548,sweep_2728,1,2300.0,2313.42900070352,79.0,77.56820308461332,0.42475404291421803,0.41958349046862936,0.4412272861893721
scope_20260817_114548,sweep_2729,1,2300.0,2692.4500815520714,80.0,76.82737514882852,0.41459947552518656,0.46927433422943876,0.48484732461752006
scope_20260817_114548,sweep_2730,1,2300.0,2305.708157828862,80.0,78.0490140404845,0.41459947552518656,0.4176322241813469,0.43529463475313945
scope_20260817_114548,sweep_2731,1,2300.0,2453.2846017292245,81.0,80.91926007087852,0.40480013617195915,0.40106429376065655,0.4188755422981074
scope_20260817_114548,sweep_2732,1,2300.0,2512.121015482893,81.0,82.75092483622787,0.40480013617195915,0.42612712290433413,0.4059688797316663
scope_20260817_114548,sweep_2744,1,2600.0,2375.507360040363,82.0,78.90656073281912,0.4203334419182155,0.4270362358725602,0.43265324365824065
scope_20260817_114548,sweep_2745,1,2600.0,2639.367976785922,82.0,76.84624074604193,0.4203334419182155,0.46111620807800113,0.4798181096732502
scope_20260817_114548,sweep_2746,1,2600.0,2341.296635137428,81.0,79.86402706364937,0.43039122275506264,0.4124305108432818,0.4196766678224645
scope_20260817_114548,sweep_2747,1,2600.0,2310.179156709624,80.0,84.45579479467195,0.4408100671910134,0.3439584246470301,0.3742840828329265
scope_20260817_114548,sweep_2748,1,2600.0,2487.5453116007457,80.0,79.18258493431355,0.4408100671910134,0.4407271252969951,0.439775732941036
scope_20260817_114548,sweep_2749,1,2600.0,2530.6165851311825,79.0,79.62241515660266,0.45160659684745946,0.4162842256028346,0.4388657280631713
scope_20260817_114548,sweep_2756,1,2800.0,2542.5059329160913,82.0,82.90267787351695,0.4362006272283604,0.3955703266742082,0.40697568551268554
scope_20260817_114548,sweep_2757,1,2800.0,2380.780911189561,81.0,79.06693059896347,0.4466380796697765,0.4376630256346363,0.431445705918411
scope_20260817_114548,sweep_2758,1,2800.0,2510.9943266358728,81.0,85.60999329524348,0.4466380796697765,0.3535941372234541,0.3801141431584763
scope_20260817_114548,sweep_2759,1,2800.0,2557.8567893508916,80.0,77.58688797938393,0.45745022551574205,0.4746666025996409,0.46373682954678913
scope_20260817_114548,sweep_2760,1,2800.0,2476.7665908305785,80.0,83.94957919128453,0.45745022551574205,0.461380073166395,0.3920687951309765
scope_20260817_114548,sweep_2778,1,2800.0,2688.8158007856377,82.0,79.2055553107929,0.4362006272283604,0.45251109675097184,0.4569661605721217
scope_20260817_114548,sweep_2779,1,2800.0,2483.4906100572634,80.0,78.58328678174556,0.45745022551574205,0.44696040729506803,0.4458821879710907
scope_20260817_114548,sweep_2786,1,2600.0,2506.781706881245,82.0,79.412271732796,0.4203334419182155,0.42681791355390974,0.4390203374119156
scope_20260817_114548,sweep_2787,1,2600.0,2284.9384974397276,82.0,79.67748402278167,0.4203334419182155,0.4278318759221522,0.4164645618027149
scope_20260817_114548,sweep_2788,1,2600.0,2668.551187708704,81.0,79.708805764129,0.43039122275506264,0.4391209110448922,0.4497282284026624
scope_20260817_114548,sweep_2789,1,2600.0,2515.598774709518,81.0,78.0491208221166,0.43039122275506264,0.43377983340868476,0.454674598775055
scope_20260817_114548,sweep_2790,1,2600.0,2480.690387360597,80.0,80.54131180070091,0.4408100671910134,0.440908884592759,0.4250236158083517
scope_20260817_114548,sweep_2803,1,2300.0,2161.2836619140444,79.0,79.80266833479651,0.42475404291421803,0.4076317166553916,0.40381719441601094
scope_20260817_114548,sweep_2804,1,2300.0,2666.243267139468,79.0,81.38354077084907,0.42475404291421803,0.42538347580465463,0.43189079219895643
scope_20260817_114548,sweep_2805,1,2300.0,2358.394270617898,79.0,77.71202756369385,0.42475404291421803,0.4500135022587566,0.4439131313202127
scope_20260817_114548,sweep_2806,1,2300.0,2208.2932341193355,80.0,77.53214781265841,0.41459947552518656,0.4287774189530452,0.4314696373468681
scope_20260817_114548,sweep_2807,1,2300.0,2418.3623961348094,81.0,82.01272612361855,0.40480013617195915,0.42415952266633,0.4052639994614415
scope_20260817_114548,sweep_2808,1,2300.0,2400.5871591007044,81.0,80.92503335462985,0.40480013617195915,0.42016417785697535,0.4142953831224878
scope_20260817_114548,sweep_2845,1,1500.0,1449.1549396423447,80.0,81.64255976678379,0.33481928133835165,0.29171063345003273,0.31646224300696507
scope_20260817_114548,sweep_2846,1,1500.0,1483.5450871526402,80.0,80.80662767230392,0.33481928133835165,0.3144438686240156,0.3266078076930184
scope_20260817_114548,sweep_2847,1,1500.0,1520.6713975498242,79.0,79.82098004849009,0.34301983429657856,0.3039242943758637,0.33857498790006035
scope_20260817_114548,sweep_2848,1,1500.0,1670.885699821869,79.0,80.14829143953925,0.34301983429657856,0.3541651095051566,0.35211957132006927
scope_20260817_114548,sweep_2849,1,1500.0,1546.0423749138076,80.0,80.79084855739359,0.33481928133835165,0.34722196958472923,0.33354177479799696
scope_20260817_114548,sweep_2850,1,1500.0,1456.6051982518993,81.0,81.55067583410353,0.3269056008984957,0.2910988410831368,0.3179640107501525
scope_20260817_114548,sweep_2851,1,1400.0,1388.5222615206612,81.0,81.02509948904071,0.31582081487063635,0.32241793636949545,0.3143358782095772
scope_20260817_114548,sweep_2852,1,1400.0,1532.8152015997225,82.0,83.30701378056068,0.3084404214709989,0.30787568077035654,0.31304400793287823
scope_20260817_114548,sweep_2853,1,1400.0,1498.0090802782734,82.0,80.29128049552678,0.3084404214709989,0.32646088233414833,0.3322644202956601
scope_20260817_114548,sweep_2854,1,1400.0,1374.1087437900885,82.0,84.04967840745621,0.3084404214709989,0.2866534251008375,0.29136082113105743
scope_20260817_114548,sweep_2855,1,1400.0,1291.7865135243096,81.0,76.15566352119315,0.31582081487063635,0.3476135704786265,0.34153703327809526
scope_20260817_114548,sweep_2856,1,1400.0,1376.5528028839335,81.0,81.84004537675973,0.31582081487063635,0.32730038676823914,0.30700006513970474
scope_20260817_114548,sweep_2857,1,1300.0,1353.2363649197823,80.0,80.33306675734815,0.31169978772606327,0.3126334343069255,0.31548479183484573
scope_20260817_114548,sweep_2858,1,1300.0,1322.0215930684258,79.0,84.78391666773331,0.31933408705941796,0.3124744534826994,0.28102534890632425
scope_20260817_114548,sweep_2859,1,1300.0,1560.1632226155275,79.0,77.53585349153609,0.31933408705941796,0.33756383941774665,0.36263276653017024
scope_20260817_114548,sweep_2860,1,1300.0,1236.3672864288642,79.0,82.36442785838007,0.31933408705941796,0.3014535888327452,0.28738735005006627
scope_20260817_114548,sweep_2861,1,1300.0,1260.051990160214,80.0,87.24694144115617,0.31169978772606327,0.24629943749510175,0.2595884489847197
scope_20260817_114548,sweep_2862,1,1200.0,1325.8824428055716,81.0,85.41470609746631,0.29239325833378105,0.2942953193649341,0.27743421918011907
scope_20260817_114548,sweep_2863,1,1200.0,1264.9290344454303,82.0,81.18374955443417,0.2855603417801681,0.3265537084078353,0.29889177640309844
scope_20260817_114548,sweep_2864,1,1200.0,1003.8356283172537,82.0,81.00253460107047,0.2855603417801681,0.26377530702927526,0.2674125938854032
scope_20260817_114548,sweep_2865,1,1200.0,1129.0450424738556,82.0,81.89471251644032,0.2855603417801681,0.2927667048357032,0.2776761771857349
scope_20260817_114548,sweep_2866,1,1200.0,1187.4925779640948,82.0,77.23443581583008,0.2855603417801681,0.30649261099903063,0.31874544806682886
scope_20260817_114548,sweep_2867,1,1200.0,1044.6125568035654,81.0,77.09185905712648,0.29239325833378105,0.28265692827006783,0.30001697659943516
scope_20260817_114548,sweep_2885,1,800.0,829.239466119851,80.0,78.20959735815295,0.22198801079778918,0.27385471179287285,0.23887510420325553
scope_20260817_114548,sweep_2886,1,800.0,827.6654263838715,81.0,81.50007858773911,0.2167411738417128,0.2307593530644919,0.22031597342215853
scope_20260817_114548,sweep_2887,1,800.0,804.7683712029075,82.0,85.11527704374045,0.21167616528771274,0.22209405297666637,0.19795242383188208
scope_20260817_114548,sweep_2888,1,800.0,842.0603887121582,82.0,75.01456929529161,0.21167616528771274,0.31239639882350123,0.26207843972389255
scope_20260817_114548,sweep_2889,1,800.0,876.7798273385546,82.0,80.72333736328586,0.21167616528771274,0.22652830595760695,0.23541705887755457
scope_20260817_114548,sweep_2890,1,800.0,831.6126627286925,81.0,80.9270569566412,0.2167411738417128,0.2198188228078964,0.2242151445146874
scope_20260817_114548,sweep_2891,1,700.0,627.2565832145383,79.0,81.5998930852845,0.20356587508242435,0.17038434381987957,0.17461501394143422
scope_20260817_114548,sweep_2892,1,700.0,723.3823071064161,79.0,78.91707791097839,0.20356587508242435,0.23627105421320865,0.20961667982367593
scope_20260817_114548,sweep_2921,1,100.0,148.55779059353455,82.0,70.38861085767734,0.037679685572650674,0.08556106275074449,0.07010581449263593
scope_20260817_114548,sweep_2922,1,100.0,129.51657534764803,82.0,63.48127085317977,0.037679685572650674,0.08237436207814348,0.07598830031838268
scope_20260817_114548,sweep_2923,1,100.0,136.95561444027308,82.0,78.15547627898279,0.037679685572650674,0.07104308662502008,0.05365439545721579
scope_20260817_114548,sweep_2924,1,100.0,91.74563272469223,81.0,78.6858545825557,0.038581288875403755,0.03008479677504496,0.03797921708522635
scope_20260817_114548,sweep_2925,1,100.0,95.10920181155527,81.0,80.03964033296782,0.038581288875403755,0.04638759784618741,0.03786826999869372
scope_20260817_114548,sweep_2926,1,100.0,94.63565503610565,80.0,75.31060764758855,0.03951525877459957,0.033839301252789195,0.04238855815363922
scope_20260817_114548,sweep_2938,1,100.0,129.87251054228378,87.0,95.16523564877143,0.03361020770756245,0.03302591728837146,0.035100008499180345
scope_20260817_114548,sweep_2939,1,100.0,116.0065128156576,87.0,75.09803493924858,0.03361020770756245,0.04604334003399157,0.050465286998878124
scope_20260817_114548,sweep_2940,1,100.0,93.47409729948598,87.0,74.18067991100718,0.03361020770756245,0.03866753847881285,0.04318694511398464
scope_20260817_114548,sweep_2941,1,100.0,104.97542920173653,86.0,81.87637851821239,0.0343697635485313,0.04439668788036497,0.03934351833610959
scope_20260817_114548,sweep_2942,1,100.0,104.67495324054353,86.0,83.46129003245989,0.0343697635485313,0.04737617765172467,0.03782503444393857
scope_20260817_114548,sweep_2943,1,100.0,105.57821899375304,85.0,88.27741418302905,0.03515531364468091,0.04281845757540289,0.034181882482292224
scope_20260817_114548,sweep_2957,1,500.0,564.7524365921139,86.0,84.04905110396741,0.13071386250777547,0.15274498185694524,0.1511712112314191
scope_20260817_114548,sweep_2958,1,500.0,549.9105380622686,87.0,84.11834504825751,0.1278251467438981,0.142330075966047,0.14763123583444543
scope_20260817_114548,sweep_2959,1,500.0,539.4298482511597,87.0,79.9154444762152,0.1278251467438981,0.15637041535348511,0.16038167096396314
scope_20260817_114548,sweep_2960,1,500.0,513.6767649507195,86.0,82.51743287763183,0.13071386250777547,0.16142875566314616,0.14478116411835004
scope_20260817_114548,sweep_2961,1,500.0,574.426948488096,86.0,85.78626913679352,0.13071386250777547,0.1184950305793434,0.1473770479640166
scope_20260817_114548,sweep_2962,1,500.0,535.7101924515009,85.0,84.61051857739642,0.133701438698577,0.13967590517709477,0.14284177911190452
scope_20260817_114548,sweep_2968,1,700.0,622.194545650541,86.0,84.01005018171242,0.17282553802818842,0.1606198807218856,0.16397391245068335
scope_20260817_114548,sweep_2969,1,700.0,715.5954730126836,86.0,88.37306801151155,0.17282553802818842,0.1920300097686843,0.16699121942622422
scope_20260817_114548,sweep_2970,1,700.0,654.4241687259802,87.0,85.71801335058197,0.16900617375783095,0.16727719864127574,0.16447360275934436
scope_20260817_114548,sweep_2971,1,700.0,743.9790722127008,87.0,83.94428931015642,0.16900617375783095,0.20139043514148136,0.19048815122370952
scope_20260817_114548,sweep_2972,1,700.0,696.1822372522402,86.0,85.09922068881228,0.17282553802818842,0.17436468970049365,0.17557888821530557
scope_20260817_114548,sweep_2973,1,700.0,628.4815262246982,86.0,82.29422729528504,0.17282553802818842,0.1537305261796044,0.17206431088777302
scope_20260817_114548,sweep_2986,1,1000.0,950.6474554741968,85.0,85.49816266950266,0.24321534771759334,0.21961264443494302,0.22534307735067408
scope_20260817_114548,sweep_2987,1,1000.0,1105.9530821047188,84.0,85.60365744940434,0.24883778270617918,0.23688888583460516,0.2523025400309735
scope_20260817_114548,sweep_2988,1,1000.0,1138.8931036583883,84.0,84.71430420935641,0.24883778270617918,0.2855656723151325,0.2612502350505583
scope_20260817_114548,sweep_2989,1,1000.0,1055.7346515392362,84.0,80.3515591589651,0.24883778270617918,0.260651159950355,0.2785329238701791
scope_20260817_114548,sweep_2990,1,1000.0,982.1250035947692,85.0,84.14123056847961,0.24321534771759334,0.2396045256172318,0.2387845272803766
scope_20260817_114548,sweep_2991,1,1100.0,1168.5555783515076,85.0,88.34233314243876,0.255086408696992,0.23136655192955155,0.2440261874005032
scope_20260817_114548,sweep_2992,1,1100.0,1172.2244820368333,86.0,91.17640490019544,0.24938646942454862,0.21890430685954596,0.22992335826542135
scope_20260817_114548,sweep_2993,1,1100.0,1265.3614200045781,86.0,83.04970772039722,0.24938646942454862,0.2740328759023075,0.286127816002389
scope_20260817_114548,sweep_2994,1,1100.0,1149.7413424956558,86.0,86.89271676092997,0.24938646942454862,0.25984836038525266,0.24992363122188857
scope_20260817_114548,sweep_2995,1,1100.0,1050.2733808005576,86.0,87.74435662513103,0.24938646942454862,0.2345495093400426,0.23440554989952653
scope_20260817_114548,sweep_2996,1,1100.0,1055.2431651623972,85.0,84.0557538909829,0.255086408696992,0.2653919175270921,0.2552914493476397
scope_20260817_114548,sweep_3002,1,1300.0,1164.8300871446552,86.0,84.94100212900115,0.27111167519820334,0.26962617604881506,0.2628480407608038
scope_20260817_114548,sweep_3003,1,1300.0,1219.571263571444,86.0,87.81688741174007,0.27111167519820334,0.2524494419067193,0.2521891012513716
scope_20260817_114548,sweep_3004,1,1300.0,1290.18100567656,86.0,84.85113194293035,0.27111167519820334,0.2922640082466003,0.2771958948072873
scope_20260817_114548,sweep_3010,1,1500.0,1397.1514697160983,86.0,88.15199153269619,0.29122065470277153,0.2729899360992257,0.26794480975732404
scope_20260817_114548,sweep_3011,1,1500.0,1298.3425647735896,86.0,88.92972273779574,0.29122065470277153,0.27008467155939014,0.25394459632242616
scope_20260817_114548,sweep_3012,1,1500.0,1454.366426793769,86.0,85.79145878305549,0.29122065470277153,0.3068545483626986,0.2881052125497849
scope_20260817_114548,sweep_3013,1,1500.0,1480.6644565162592,86.0,83.43808437822253,0.29122065470277153,0.2838357465443947,0.3067405743252244
scope_20260817_114548,sweep_3014,1,1500.0,1541.2393757062994,85.0,83.93701055115199,0.2978767497608445,0.27788581021805675,0.3093715113062614
scope_20260817_114548,sweep_3027,1,1800.0,1902.9478834971185,84.0,88.2591032956518,0.33385091850080295,0.3243409721072476,0.31197298526023914
scope_20260817_114548,sweep_3028,1,1800.0,1984.5692263950282,84.0,84.32152026359306,0.33385091850080295,0.3498342334729998,0.34797339355432527
scope_20260817_114548,sweep_3029,1,1800.0,1816.9206334641378,84.0,80.7206966508986,0.33385091850080295,0.35110321523429155,0.3621880474295824
scope_20260817_114548,sweep_3030,1,1800.0,2013.3472469740243,84.0,84.23905348222699,0.33385091850080295,0.33675094738444883,0.35115009472235054
scope_20260817_114548,sweep_3031,1,1800.0,1820.1388858120638,85.0,84.4496397646714,0.3263076304006723,0.32711275788343863,0.3322705991931722
scope_20260817_114548,sweep_3122,1,2400.0,2678.416734196725,84.0,83.30898188555082,0.38549783533128473,0.47476644997033524,0.4137897911175119
scope_20260817_114548,sweep_3123,1,2400.0,2681.9448502655664,84.0,83.1099962776189,0.38549783533128473,0.43393577318765675,0.41597730465542393
scope_20260817_114548,sweep_3124,1,2400.0,2565.8790616525594,84.0,81.49431935840045,0.38549783533128473,0.4198781976812811,0.4225749288438688
scope_20260817_114548,sweep_3125,1,2400.0,2580.6382816012365,85.0,84.74616142804362,0.37678759650091403,0.3835160787272613,0.39297362518022844
scope_20260817_114548,sweep_3126,1,2400.0,2379.417090387213,85.0,87.69416018583274,0.37678759650091403,0.35131758770147103,0.3532096940457442
scope_20260817_114548,sweep_3127,1,2400.0,2508.780659167812,86.0,86.60241405401904,0.36836822821847354,0.3668691066970929,0.3715765556130086
scope_20260817_114548,sweep_3145,1,2000.0,2118.4111051181812,84.0,84.87268200412595,0.3519097671339278,0.3439123120232455,0.35502061663555334
scope_20260817_114548,sweep_3146,1,2000.0,2079.8445092426496,84.0,82.70109138329617,0.3519097671339278,0.37343577801849603,0.3698218312281023
scope_20260817_114548,sweep_3147,1,2000.0,2062.496020417074,84.0,87.06319733264203,0.3519097671339278,0.34117962036950056,0.3334709656167607
scope_20260817_114548,sweep_3148,1,2000.0,2090.032997000313,85.0,83.7629450709433,0.3439584433195087,0.3543446202997928,0.36171141329640816
scope_20260817_114548,sweep_3149,1,2000.0,1909.5885823137532,86.0,84.06189363687434,0.3362726467724484,0.3674181595621181,0.34337498775460434
scope_20260817_114548,sweep_3182,1,1300.0,1466.0238869177197,87.0,81.74031434578349,0.2651202328607874,0.3230796497377423,0.317565513424264
scope_20260817_114548,sweep_3183,1,1300.0,1337.505534139317,86.0,83.20590196826917,0.27111167519820334,0.2740066223972909,0.2931069128499386
scope_20260817_114548,sweep_3184,1,1300.0,1149.670160065869,86.0,84.63641354526419,0.27111167519820334,0.2516207472420554,0.26295013512475585
scope_20260817_114548,sweep_3185,1,1300.0,1356.0267989001968,85.0,79.9593831465182,0.27730816247454165,0.30664264755563425,0.3186569791994311
scope_20260817_114548,sweep_3186,1,1300.0,1385.391245812774,85.0,83.87909920421698,0.27730816247454165,0.3039150642172004,0.2937041810876766
scope_20260817_114548,sweep_3193,1,1100.0,1200.4145030840582,86.0,83.93753011941824,0.24938646942454862,0.24434343155398844,0.2730270635175126
scope_20260817_114548,sweep_3194,1,1100.0,1096.2660634465137,86.0,83.42082441927272,0.24938646942454862,0.2581712959798467,0.2640427703098434
scope_20260817_114548,sweep_3195,1,1100.0,1088.4017639217896,86.0,79.9561854389417,0.24938646942454862,0.26083367452242656,0.28550738301506035
scope_20260817_114548,sweep_3196,1,1100.0,1064.5371982060296,86.0,85.4216941755723,0.24938646942454862,0.252189231016182,0.2485531612556089
scope_20260817_114548,sweep_3197,1,1100.0,1131.4989919591576,85.0,83.09540643396896,0.255086408696992,0.2801564266484727,0.27028311512635395
scope_20260817_114548,sweep_3215,1,700.0,789.7327546253173,86.0,88.53453596881035,0.17282553802818842,0.1797523473977606,0.18059035848269145
scope_20260817_114548,sweep_3216,1,700.0,765.1399948101686,87.0,81.61035378985942,0.16900617375783095,0.19520716728048496,0.2058731445293611
scope_20260817_114548,sweep_3217,1,700.0,767.4589718367607,87.0,81.07935135644436,0.16900617375783095,0.20932900236332175,0.20900338415585054
scope_20260817_114548,sweep_3218,1,700.0,693.2073111924727,86.0,81.07247384892095,0.17282553802818842,0.2145852733193572,0.19210775769795663
scope_20260817_114548,sweep_3219,1,700.0,693.433270457356,86.0,83.68673245175465,0.17282553802818842,0.16169347132264777,0.18075178809841666
scope_20260817_114548,sweep_3220,1,700.0,757.7345997952964,85.0,79.41390709262163,0.17677561227945435,0.22365984269224212,0.21523276572825414
scope_20260817_114548,sweep_3227,1,500.0,557.3951790164676,86.0,81.56323265858828,0.13071386250777547,0.15319816092802274,0.1584505075843113
scope_20260817_114548,sweep_3228,1,500.0,458.90458288598205,87.0,84.63649430134167,0.1278251467438981,0.12968415035051148,0.12554966437922185
scope_20260817_114548,sweep_3229,1,500.0,547.3135186800803,87.0,78.26613870022278,0.1278251467438981,0.15112755266827443,0.16896610400925544
scope_20260817_114548,sweep_3230,1,500.0,403.59280309231013,86.0,85.57751645004535,0.13071386250777547,0.14960312887554963,0.11046955407909984
scope_20260817_114548,sweep_3280,1,400.0,519.9845363676541,89.0,87.92140806873905,0.10164603098240033,0.11645101889117827,0.1293885018193119
scope_20260817_114548,sweep_3281,1,400.0,398.5092860040004,89.0,84.53950753895563,0.10164603098240033,0.12219298768364306,0.11192099028573264
scope_20260817_114548,sweep_3282,1,400.0,449.42192652392634,89.0,84.79456950299776,0.10164603098240033,0.12348532771129796,0.12294867881290666
scope_20260817_114548,sweep_3283,1,400.0,389.6264780551928,89.0,82.42279070284509,0.10164603098240033,0.13595538246304753,0.11535564658207574
scope_20260817_114548,sweep_3284,1,400.0,409.5968364239167,90.0,85.4178497568272,0.09947220437707256,0.1309772262643936,0.11223611037846164
scope_20260817_114548,sweep_3327,1,1300.0,1285.773387998615,91.0,91.40899277663762,0.24303962799414805,0.23963734992607091,0.23961751387217917
scope_20260817_114548,sweep_3328,1,1300.0,1338.100654361594,91.0,90.18965960859751,0.24303962799414805,0.23293319858087194,0.2508807051452659
scope_20260817_114548,sweep_3329,1,1300.0,1232.993806085564,91.0,88.75574913981943,0.24303962799414805,0.2602208957103033,0.24841052108004147
scope_20260817_114548,sweep_3330,1,1300.0,1311.2425662809935,90.0,91.54078336186183,0.24829251392970356,0.2294826664327006,0.24130532601980986
scope_20260817_114548,sweep_3331,1,1300.0,1340.1643342935165,90.0,87.8821091514912,0.24829251392970356,0.24249068027418902,0.2639843446624892
scope_20260817_114548,sweep_3332,1,1300.0,1382.1116121367227,89.0,86.69735836313473,0.25371860130822466,0.32090182766847286,0.2752127773915695
scope_20260817_114548,sweep_3357,1,1900.0,1701.0120012230243,91.0,88.42165377941198,0.29382058297475766,0.3045129469815425,0.2939080693401585
scope_20260817_114548,sweep_3358,1,1900.0,1775.9604357481498,91.0,90.07125020615108,0.29382058297475766,0.2863649636664875,0.28976342419549966
scope_20260817_114548,sweep_3359,1,1900.0,1904.3093161026916,91.0,88.23267569550137,0.29382058297475766,0.3068828481970329,0.3122653918670501
scope_20260817_114548,sweep_3360,1,1900.0,1695.8254433214004,91.0,89.1823504789656,0.29382058297475766,0.31933662598876816,0.28863665612340306
scope_20260817_114548,sweep_3361,1,1900.0,1969.4019860307321,90.0,88.8229409055447,0.3001710124114007,0.30706702358727817,0.3134880140861027
scope_20260817_114548,sweep_3362,1,1900.0,1865.7727504642924,89.0,89.66802162788169,0.3067308321823042,0.3068985070087317,0.2995896140680573
scope_20260817_114548,sweep_3535,1,800.0,812.171187705577,90.0,83.01665244371755,0.17683028168013243,0.1998409706993812,0.20931186527856066
scope_20260817_114548,sweep_3536,1,800.0,748.8712736625828,89.0,93.72717450819816,0.18069466141667392,0.21040717739843698,0.15475456938518706
scope_20260817_114548,sweep_3537,1,800.0,717.5089841097675,89.0,89.78723336034068,0.18069466141667392,0.1851020625749363,0.16229966817360578
scope_20260817_114548,sweep_3538,1,800.0,665.0587215434175,89.0,87.91854927956739,0.18069466141667392,0.16490236942533631,0.15871747075865061
scope_20260817_114548,sweep_3539,1,800.0,828.524241303867,89.0,90.39347812627909,0.18069466141667392,0.19185750909135008,0.18051742784045147
scope_20260817_114548,sweep_3593,1,200.0,150.52973209264312,94.0,96.84899606820613,0.0514395713260965,0.037435386524762054,0.03835103323456773
scope_20260817_114548,sweep_3594,1,200.0,144.5663572362302,94.0,97.23272878724704,0.0514395713260965,0.04061962436048235,0.036803088888488815
scope_20260817_114548,sweep_3595,1,200.0,181.1710951024836,94.0,96.99101045353294,0.0514395713260965,0.04677199799788701,0.04459984298016938
scope_20260817_114548,sweep_3596,1,200.0,200.58187556588663,94.0,91.77561482302676,0.0514395713260965,0.06766333630367721,0.05400998222783097
scope_20260817_114548,sweep_3597,1,200.0,233.3035147890961,95.0,95.91946700159299,0.05039684026949044,0.043911574981398,0.056211934021362514
scope_20260817_114548,sweep_3615,1,600.0,622.354881370445,94.0,93.81634579852657,0.12802889056814795,0.15342402442135178,0.13247619905823255
scope_20260817_114548,sweep_3616,1,600.0,628.8866329456521,94.0,95.37760287428758,0.12802889056814795,0.13905746182953801,0.12942842333345989
scope_20260817_114548,sweep_3617,1,600.0,594.4846199887845,94.0,94.18491096590358,0.12802889056814795,0.1136134770585237,0.12656901059657458
scope_20260817_114548,sweep_3618,1,600.0,602.497715819121,94.0,86.46463797668879,0.12802889056814795,0.1426388446352172,0.15101378723899517
scope_20260817_114548,sweep_3619,1,600.0,620.6249987396208,94.0,92.68812012260915,0.12802889056814795,0.1394990171149382,0.1353019707521873
scope_20260817_114548,sweep_3620,1,600.0,591.0549172655375,95.0,93.30733026639224,0.1254336181563326,0.11726170568696491,0.12826560989074628
scope_20260817_114548,sweep_3668,1,1600.0,1580.0043513620276,95.0,94.92066949990705,0.24808951110493419,0.2551046426254541,0.24693329941431374
scope_20260817_114548,sweep_3669,1,1600.0,1570.0890321708412,94.0,93.31881467959695,0.25322258366789674,0.23727476837942052,0.25440041653050743
scope_20260817_114548,sweep_3670,1,1600.0,1667.8132568198257,94.0,95.24946500471506,0.25322258366789674,0.25084488048785286,0.252010202116405
scope_20260817_114548,sweep_3671,1,1600.0,1751.191888687743,94.0,92.6824566222077,0.25322258366789674,0.2645032216768034,0.2722538705944074
scope_20260817_114548,sweep_3672,1,1600.0,1616.8582403870103,94.0,95.40355399844249,0.25322258366789674,0.2421579495863673,0.2473557116027665
scope_20260817_114548,sweep_3673,1,1600.0,1553.1150337091162,94.0,95.21888422831623,0.25322258366789674,0.27617765825092816,0.24334144759347837
scope_20260817_114548,sweep_3710,1,2400.0,2580.347001750977,95.0,95.95127140669109,0.3038463563718148,0.3117155522073433,0.30903974865955636
scope_20260817_114548,sweep_3711,1,2400.0,2234.6505366356837,96.0,95.28424051452966,0.29775171282528967,0.31485737795311447,0.2915026090014494
scope_20260817_114548,sweep_3712,1,2400.0,2266.7049359825814,95.0,96.34591865661237,0.3038463563718148,0.285600295397975,0.2873583455133628
scope_20260817_114548,sweep_3713,1,2400.0,2750.2119760731953,95.0,94.42315222637986,0.3038463563718148,0.31952589741797943,0.32911706229620297
scope_20260817_114548,sweep_3714,1,2400.0,2574.7535046944527,94.0,94.46450367923258,0.31013306066778407,0.321086608321246,0.31817579872861623
scope_20260817_114548,sweep_3816,1,1600.0,1540.0041294661485,95.0,97.10084752315244,0.24808951110493419,0.2342766881444754,0.23330800062757553
scope_20260817_114548,sweep_3817,1,1600.0,1728.14893648588,94.0,96.16696680597221,0.25322258366789674,0.23522646601506747,0.2518135192086694
scope_20260817_114548,sweep_3818,1,1600.0,1769.9579288046143,94.0,95.51101771538461,0.25322258366789674,0.2561306104245836,0.25823872227842004
scope_20260817_114548,sweep_3819,1,1600.0,1555.171524041771,94.0,96.72219133120964,0.25322258366789674,0.22293211343593314,0.23623294762786234
scope_20260817_114548,sweep_3820,1,1600.0,1740.6105222680849,94.0,95.24061324012918,0.25322258366789674,0.2554300521939752,0.2574976788515361
scope_20260817_114548,sweep_3821,1,1600.0,1631.425921310556,94.0,97.9398486434026,0.25322258366789674,0.2299853270456373,0.23617036589670323
scope_20260817_114548,sweep_3850,1,1000.0,883.1507622149843,96.0,97.16093915717687,0.19219790417951338,0.18824521198964897,0.16552281864164695
scope_20260817_114548,sweep_3851,1,1000.0,968.3878871606173,95.0,95.9645262616268,0.19613197967230708,0.19455993578997513,0.18301225463281043
scope_20260817_114548,sweep_3852,1,1000.0,1027.1462540583777,95.0,93.55110331305251,0.19613197967230708,0.19587026205962513,0.20477745692857788
scope_20260817_114548,sweep_3853,1,1000.0,977.5457226450276,94.0,93.91739646162951,0.20019002984577705,0.20127598645659392,0.19230703005060953
scope_20260817_114548,sweep_3854,1,1000.0,1003.2941287460371,94.0,97.78856756251223,0.20019002984577705,0.18949606465089797,0.18576087730344293
scope_20260817_114548,sweep_3875,1,500.0,659.2774110948146,94.0,94.65244686269013,0.11004936676352405,0.15213460002417775,0.1366014781633507
scope_20260817_114548,sweep_3876,1,500.0,455.9141980866073,94.0,96.42577132365206,0.11004936676352405,0.10799417463887666,0.09702936658576505
scope_20260817_114548,sweep_3877,1,500.0,563.2756515193797,95.0,96.32291730093793,0.10781855710617488,0.11935010717559913,0.11588450058688017
scope_20260817_114548,sweep_3878,1,500.0,553.0111288947609,95.0,95.84419330955328,0.10781855710617488,0.13726300425111623,0.11523454289851676
scope_20260817_114548,sweep_3879,1,500.0,457.42812806679694,96.0,95.08526285340129,0.10565589936984617,0.11490497969115536,0.09996833138544842
scope_20260817_114548,sweep_3880,1,500.0,482.43725003894514,96.0,97.7140916099857,0.10565589936984617,0.10923054654609833,0.09911422055104654
scope_20260817_114548,sweep_3881,1,400.0,472.41426099239095,96.0,94.98513220497614,0.08779270702708471,0.12751544977271484,0.10288878578040507
scope_20260817_114548,sweep_3882,1,400.0,368.6912450725493,96.0,95.95374993983285,0.08779270702708471,0.08495013227546125,0.08212657741669384
scope_20260817_114548,sweep_3883,1,400.0,490.51994528195877,95.0,97.74821853988001,0.08958972525491452,0.1026032678402044,0.10042267966717837
scope_20260817_114548,sweep_3884,1,400.0,405.16819545414944,94.0,97.55857025439639,0.09144337299109327,0.08356439335547196,0.08601127853392417
scope_20260817_114548,sweep_3885,1,400.0,407.47046255181965,94.0,94.27884928498565,0.09144337299109327,0.096709512719154,0.09232781859481705
scope_20260817_114548,sweep_3886,1,400.0,380.49944437723167,94.0,96.48797334825437,0.09144337299109327,0.08395730126425614,0.08340310448698579
scope_20260817_114548,sweep_3950,1,800.0,842.459425026105,100.0,96.86961516925626,0.14422077681123524,0.16870532658504225,0.16009485869937293
scope_20260817_114548,sweep_3951,1,800.0,815.8399803797184,100.0,98.9603655226248,0.14422077681123524,0.1751193550924724,0.14957832934181717
scope_20260817_114548,sweep_3952,1,800.0,735.7540678666178,100.0,98.96516047109658,0.14422077681123524,0.15761978159184675,0.13727263690571206
scope_20260817_114548,sweep_3953,1,800.0,756.6665674916859,100.0,100.42031141980495,0.14422077681123524,0.15456590340273443,0.1365946743105947
scope_20260817_114548,sweep_3954,1,800.0,839.4967155411393,100.0,96.95454985661392,0.14422077681123524,0.1753080141212235,0.15935701431878557
scope_20260817_114548,sweep_3955,1,800.0,762.9850956289932,99.0,97.67256223211021,0.14704999441417943,0.17317422394916707,0.14511940080656674
scope_20260817_114548,sweep_3956,1,900.0,931.0720960014999,99.0,97.51979856829328,0.1621517372609944,0.17773166074839997,0.17171495337484094
scope_20260817_114548,sweep_3957,1,900.0,844.4934994449154,99.0,98.00784011150782,0.1621517372609944,0.15161602602736118,0.15683167631543332
scope_20260817_114548,sweep_3958,1,900.0,739.8890880728477,99.0,97.59128472734477,0.1621517372609944,0.14451926443388402,0.14169180402683165
scope_20260817_114548,sweep_3959,1,900.0,843.362543040173,99.0,99.50102579240249,0.1621517372609944,0.15216927418179274,0.15214369966526878
scope_20260817_114548,sweep_3960,1,900.0,895.1456328193252,99.0,96.42265518680708,0.1621517372609944,0.1666699230642345,0.16987486764305343
scope_20260817_114548,sweep_3961,1,900.0,727.5057852745182,100.0,98.358514466428,0.1590319646201697,0.17752325689224568,0.1376205954350471
scope_20260817_114548,sweep_3962,1,1000.0,949.0179544835512,100.0,98.26488916326136,0.17760825250540782,0.16383300595462488,0.17190826072759188
scope_20260817_114548,sweep_3963,1,1000.0,1051.0222541466312,100.0,97.98248805488414,0.17760825250540782,0.17973646586530487,0.18940092324267266
scope_20260817_114548,sweep_3964,1,1000.0,1033.188348808796,100.0,98.79504705267625,0.17760825250540782,0.21509747204648488,0.1848120078054566
scope_20260817_114548,sweep_3965,1,1000.0,986.29631178211,100.0,98.29207078361965,0.17760825250540782,0.17507712524497165,0.1773996834888307
scope_20260817_114548,sweep_3966,1,1000.0,944.4742361311987,100.0,97.94978437944144,0.17760825250540782,0.18157641273361913,0.17229168410948098
scope_20260817_114548,sweep_3981,1,1400.0,1424.577916595105,99.0,98.39576199136155,0.21427146600454006,0.21717619844708233,0.21871789304720027
scope_20260817_114548,sweep_3982,1,1400.0,1535.2593380069875,99.0,99.23016899975738,0.21427146600454006,0.22575832307529317,0.223378528441495
scope_20260817_114548,sweep_3983,1,1400.0,1530.5878141841947,99.0,99.80172477200546,0.21427146600454006,0.22572670074997794,0.220575960917494
scope_20260817_114548,sweep_3984,1,1400.0,1422.554330682347,99.0,98.0143060853451,0.21427146600454006,0.21985050406095874,0.22021042124653703
scope_20260817_114548,sweep_3985,1,1400.0,1433.7239408511527,100.0,99.54007048418009,0.210148918391779,0.21656604825244438,0.21456827557875052
scope_20260817_114548,sweep_3986,1,1400.0,1437.732305036327,100.0,98.68974908721104,0.210148918391779,0.2221423832049931,0.2184615004348729
scope_20260817_114548,sweep_4009,1,1900.0,1865.4532868146978,99.0,99.8276963629047,0.2496187037593481,0.2450598179050905,0.24339005789888868
scope_20260817_114548,sweep_4010,1,1900.0,1919.5418750319293,99.0,98.62321416118377,0.2496187037593481,0.25170400393626424,0.2527557347405376
scope_20260817_114548,sweep_4011,1,1900.0,1803.0833123349441,100.0,96.86437633112196,0.2448160811308092,0.24165758196636763,0.25364426975433263
scope_20260817_114548,sweep_4012,1,1900.0,1952.231284503635,100.0,99.85415281094761,0.2448160811308092,0.2543468335180301,0.24885928716542804
scope_20260817_114548,sweep_4013,1,1900.0,1887.7519965442239,100.0,98.33016099350706,0.2448160811308092,0.2391755481689967,0.25210053849314684
scope_20260817_114548,sweep_4014,1,1900.0,1709.8987680762311,100.0,99.52494749145248,0.2448160811308092,0.23239419023404245,0.23439346187002177
scope_20260817_114548,sweep_4028,1,2300.0,2676.464213349361,100.0,97.42430395543172,0.2693562513168329,0.30005442037447877,0.3056016336702096
scope_20260817_114548,sweep_4029,1,2300.0,2472.6350649343003,100.0,99.7164945000857,0.2693562513168329,0.28348742218892387,0.2808188318821297
scope_20260817_114548,sweep_4030,1,2300.0,2495.49577389677,100.0,97.42062492133283,0.2693562513168329,0.2745435894946945,0.29511079315154687
scope_20260817_114548,sweep_4031,1,2300.0,2642.1481930405707,100.0,97.54434367728199,0.2693562513168329,0.29089571555185156,0.3029138671560482
scope_20260817_114548,sweep_4032,1,2300.0,2620.9210082534933,100.0,99.52462382567,0.2693562513168329,0.27772609520022834,0.2901950430333409
scope_20260817_114548,sweep_4033,1,2300.0,2539.3217425533753,100.0,97.83501178468954,0.2693562513168329,0.28964046450733183,0.295256963539657
scope_20260817_114548,sweep_4034,1,2400.0,2545.7103301093953,100.0,98.82807866057959,0.2751495216409785,0.28102923912354383,0.28991068863839803
scope_20260817_114548,sweep_4035,1,2400.0,2513.329604532428,100.0,100.50217960662384,0.2751495216409785,0.2780878666529342,0.2788584745462215
scope_20260817_114548,sweep_4036,1,2400.0,2678.337158423335,100.0,100.31872284123071,0.2751495216409785,0.28801754176106176,0.2888850220667925
scope_20260817_114548,sweep_4037,1,2400.0,2638.869346015113,100.0,100.43775197286367,0.2751495216409785,0.2856093442659202,0.2860923224825031
scope_20260817_114548,sweep_4038,1,2400.0,2607.9024130977205,100.0,99.8112616431291,0.2751495216409785,0.29339044746680315,0.2878687451521876
scope_20260817_114548,sweep_4039,1,2400.0,2588.573980229909,100.0,99.95053087883385,0.2751495216409785,0.30295033147785344,0.2860281330391007
scope_20260817_114548,sweep_4045,1,2600.0,2733.7715084845486,100.0,99.41343663153464,0.2863847019846979,0.30310403602724356,0.2970178384427629
scope_20260817_114548,sweep_4046,1,2600.0,2744.2313672945966,100.0,100.55422549026335,0.2863847019846979,0.2891108682379933,0.29109519184570837
scope_20260817_114548,sweep_4047,1,2600.0,2710.4318388708875,100.0,99.40349109643849,0.2863847019846979,0.30893040217624046,0.295804423064759
scope_20260817_114548,sweep_4048,1,2600.0,2584.787896239239,100.0,99.46444661768172,0.2863847019846979,0.2804873006415809,0.288524854699824
scope_20260817_114548,sweep_4049,1,2600.0,2578.6413965660813,100.0,99.24607443967356,0.2863847019846979,0.2809950330850983,0.2894086211814799
scope_20260817_114548,sweep_4050,1,2600.0,2667.8534314906196,100.0,98.63575365176129,0.2863847019846979,0.3020141478514247,0.29790407446277284
scope_20260817_114548,sweep_4087,1,2600.0,2769.7734798352244,100.0,99.76544136836937,0.2863847019846979,0.29738138989926366,0.29693159164093014
scope_20260817_114548,sweep_4088,1,2600.0,2420.0727218134225,100.0,97.84107816504105,0.2863847019846979,0.28923172350776183,0.28820626132928273
scope_20260817_114548,sweep_4089,1,2600.0,2514.0690137242486,100.0,95.62275016168151,0.2863847019846979,0.30488698109358453,0.30707607175447654
scope_20260817_114548,sweep_4090,1,2600.0,2682.5276088947626,100.0,97.54508436252547,0.2863847019846979,0.3048560113139034,0.3052152933342658
scope_20260817_114548,sweep_4091,1,2600.0,2480.8508403212595,100.0,100.47880701533258,0.2863847019846979,0.2746488193905355,0.27717536613606497
scope_20260817_114548,sweep_4092,1,2600.0,2495.561593692215,100.0,97.63285947303592,0.2863847019846979,0.29114428072988174,0.29387511451097315
scope_20260817_114548,sweep_4099,1,2400.0,2711.3558140711198,100.0,100.26922191452816,0.2751495216409785,0.2887518513196961,0.2909376143216284
scope_20260817_114548,sweep_4100,1,2400.0,2804.8311609754846,100.0,99.63925685202761,0.2751495216409785,0.3153906920906805,0.29953669731070254
scope_20260817_114548,sweep_4101,1,2400.0,2651.1766301276984,100.0,100.73863222080327,0.2751495216409785,0.29188655311965306,0.285106124088678
scope_20260817_114548,sweep_4102,1,2400.0,2611.7403285817786,100.0,100.01410943042183,0.2751495216409785,0.2869721434811869,0.2869523077491213
scope_20260817_114548,sweep_4103,1,2400.0,2676.9601376219175,100.0,100.35742375376063,0.2751495216409785,0.3015272567651994,0.2885955701569526
scope_20260817_114548,sweep_4104,1,2300.0,2219.158878780595,100.0,98.39745818943979,0.2693562513168329,0.28458732850692525,0.2729737783215894
scope_20260817_114548,sweep_4105,1,2300.0,2567.010784663994,100.0,100.8664268142028,0.2693562513168329,0.26953327404457533,0.2798577372376688
scope_20260817_114548,sweep_4106,1,2300.0,2600.569148257132,100.0,99.02343710110486,0.2693562513168329,0.27837097123029403,0.29190112936803414
scope_20260817_114548,sweep_4107,1,2300.0,2593.527974861308,100.0,99.59408162581117,0.2693562513168329,0.3101362992748123,0.2882855205291122
scope_20260817_114548,sweep_4108,1,2300.0,2407.613891056604,100.0,100.64712178293412,0.2693562513168329,0.28305049177091235,0.2721718583050251
scope_20260817_114548,sweep_4109,1,2300.0,2332.1439183695375,100.0,94.36934474228767,0.2693562513168329,0.3153221840202684,0.30340594079722905
scope_20260817_114548,sweep_4127,1,1900.0,1853.500165160087,100.0,100.74088825078316,0.2448160811308092,0.24094941460780758,0.23837721313561175
scope_20260817_114548,sweep_4128,1,1900.0,1767.8774604368405,100.0,98.4798998796538,0.2448160811308092,0.2492501327262652,0.24324811948983702
scope_20260817_114548,sweep_4129,1,1900.0,1831.5315003957794,100.0,100.21295277712858,0.2448160811308092,0.23744087924026216,0.23937837800515074
scope_20260817_114548,sweep_4130,1,1900.0,1913.0045122945078,100.0,100.32832065720416,0.2448160811308092,0.24621093474279884,0.24410131063290993
scope_20260817_114548,sweep_4131,1,1900.0,1987.9956950378462,100.0,100.07676815574675,0.2448160811308092,0.26520225315190277,0.2500499511968481
scope_20260817_114548,sweep_4152,1,1400.0,1398.9233257748167,100.0,98.55560199081428,0.210148918391779,0.20938928553631392,0.2160603511785377
scope_20260817_114548,sweep_4153,1,1400.0,1449.0269633623973,99.0,99.65345198830397,0.21427146600454006,0.2225295505524373,0.21523620432727894
scope_20260817_114548,sweep_4154,1,1400.0,1440.6139118574886,99.0,98.12667646049007,0.21427146600454006,0.22742935338743187,0.22111331057153819
scope_20260817_114548,sweep_4155,1,1400.0,1554.9099205279654,99.0,98.73569941008789,0.21427146600454006,0.23222818955593116,0.2269852453364264
scope_20260817_114548,sweep_4156,1,1400.0,1433.9223622619727,99.0,99.78830570649541,0.21427146600454006,0.21871594078343226,0.21355254152007755
scope_20260817_114548,sweep_4157,1,1400.0,1416.9462058592376,99.0,100.84683515668182,0.21427146600454006,0.21553475193893648,0.2079999065397991
scope_20260817_114548,sweep_4169,1,1100.0,1062.522066455653,99.0,98.57773648946936,0.1899313546260262,0.20327982771276648,0.1882168589316087
scope_20260817_114548,sweep_4170,1,1100.0,1076.191450177417,99.0,99.13097547493089,0.1899313546260262,0.208328691908949,0.18738508457051953
scope_20260817_114548,sweep_4171,1,1100.0,1193.0516203171164,100.0,99.06513438042671,0.18627710673571024,0.20876993156466672,0.19755030721599084
scope_20260817_114548,sweep_4172,1,1100.0,1042.6276772619533,100.0,99.22789694499944,0.18627710673571024,0.21237114415763572,0.18409178140677906
scope_20260817_114548,sweep_4173,1,1100.0,1082.722445042412,100.0,98.33620779502914,0.18627710673571024,0.19371135042776347,0.19090101218255037
scope_20260817_114548,sweep_4174,1,1100.0,1173.3463371896628,100.0,99.5703840324802,0.18627710673571024,0.19914277692751187,0.1939948679623053
scope_20260817_114548,sweep_4175,1,1000.0,911.7682117644512,101.0,98.1408588378465,0.17422606584885306,0.1673357810834731,0.16669546956862635
scope_20260817_114548,sweep_4176,1,1000.0,1144.5673979977225,100.0,98.73140000795804,0.17760825250540782,0.21519701610884126,0.19476111938932153
scope_20260817_114548,sweep_4177,1,1000.0,960.4536088127771,100.0,99.38547833940724,0.17760825250540782,0.2004488676263867,0.16986072263929097
scope_20260817_114548,sweep_4178,1,1000.0,972.3453050811373,100.0,99.04429021568002,0.17760825250540782,0.16018473342019915,0.17274910573667515
scope_20260817_114548,sweep_4179,1,1000.0,1116.1881681172329,99.0,99.83387001103293,0.18109244116065373,0.18532741323889593,0.1882467310275902
scope_20260817_114548,sweep_4180,1,900.0,996.5566690886839,99.0,98.98416658029535,0.1621517372609944,0.20265164557988447,0.1765189277955559
scope_20260817_114548,sweep_4181,1,900.0,930.7479455561925,99.0,98.31090148385626,0.1621517372609944,0.16964637446789932,0.16900379022557568
scope_20260817_114548,sweep_4182,1,900.0,951.780795379513,99.0,98.55111583869807,0.1621517372609944,0.19159198111311374,0.17135706146217222
scope_20260817_114548,sweep_4183,1,900.0,965.0721558045667,99.0,98.6353880968793,0.1621517372609944,0.19398052693345455,0.1730546184628763
scope_20260817_114548,sweep_4184,1,900.0,1033.9981622678108,100.0,97.25629516743167,0.1590319646201697,0.20482739517165424,0.190583264601044
scope_20260817_114548,sweep_4185,1,900.0,938.5611428466038,100.0,98.90384480473601,0.1590319646201697,0.16727298080913502,0.1682132411943306
scope_20260817_114548,sweep_4186,1,800.0,767.4477657517888,100.0,99.69681937452494,0.14422077681123524,0.14795593292202042,0.14015299638295195
scope_20260817_114548,sweep_4187,1,800.0,758.8253730681265,100.0,99.34377600830858,0.14422077681123524,0.14166249731856365,0.1398001496355611
scope_20260817_114548,sweep_4188,1,800.0,843.8779386770109,100.0,99.4003131635818,0.14422077681123524,0.13405956462667995,0.1525191422416367
scope_20260817_114548,sweep_4189,1,800.0,687.5881451473483,100.0,99.07997279559474,0.14422077681123524,0.14520101050111367,0.12948065718804874
scope_20260817_114548,sweep_4190,1,800.0,805.7264870317749,100.0,98.48395584208117,0.14422077681123524,0.12421815901581447,0.14942544833057242
scope_20260817_114548,sweep_4194,1,600.0,509.15151465917853,100.0,100.65391820884918,0.11358701300725405,0.1022152935835206,0.09787599275618747
scope_20260817_114548,sweep_4195,1,600.0,581.5275248945292,101.0,100.57185310302748,0.11142398018455707,0.1510242239686585,0.10946389693075026
scope_20260817_114548,sweep_4196,1,600.0,574.1059325007549,100.0,100.22909129181701,0.11358701300725405,0.11758948537344253,0.10901994693535644
scope_20260817_114548,sweep_4197,1,600.0,575.0472365388144,100.0,99.44794041179354,0.11358701300725405,0.11307064346171514,0.11083170797442325
scope_20260817_114548,sweep_4198,1,600.0,612.9546002164293,99.0,99.47168233069905,0.115815279861527,0.13128488498960836,0.11680870325715023
scope_20260817_114548,sweep_4210,1,300.0,261.91303516627477,99.0,100.89691214450376,0.06514948163240998,0.04145276552569028,0.05611000768389718
scope_20260817_114548,sweep_4211,1,300.0,378.3657794371704,99.0,82.29487890062295,0.06514948163240998,0.06801582488455724,0.11291931001120115
scope_20260817_114548,sweep_4212,1,300.0,333.5129319723906,99.0,97.88429188729373,0.06514948163240998,0.08499149670699754,0.07271128698858817
scope_20260817_114548,sweep_4213,1,300.0,316.8274591976492,99.0,98.41562191026496,0.06514948163240998,0.09163328135403394,0.06895323713225689
scope_20260817_114548,sweep_4214,1,300.0,325.25690533315895,99.0,100.4722302378015,0.06514948163240998,0.069853468294126,0.06771069151257038
scope_20260817_114548,sweep_4215,1,300.0,289.04724537369833,100.0,98.55390244523794,0.06389601636713466,0.11290011187492549,0.06372307667160232
scope_20260817_114548,sweep_046,2,800.0,779.2141073365462,42.0,41.280252626865376,0.7146216331034405,0.7684466217857363,0.7193168651004708
scope_20260817_114548,sweep_047,2,800.0,763.6476704185988,42.0,53.4215575994072,0.7146216331034405,0.6548693495598221,0.45435766731788196
scope_20260817_114548,sweep_048,2,800.0,779.5114394322147,42.0,41.92731621031504,0.7146216331034405,0.6699926779977055,0.7013969581068218
scope_20260817_114548,sweep_049,2,800.0,761.170072163222,42.0,42.94703451826059,0.7146216331034405,0.6726969237382453,0.6608537099378888
scope_20260817_114548,sweep_050,2,800.0,812.9809365591642,41.0,41.95885059786765,0.7434415366888594,0.6096402688382077,0.7254038915338638
scope_20260817_114548,sweep_051,2,800.0,780.573490031934,41.0,41.7871097540526,0.7434415366888594,0.7278974304850777,0.7060732523875399
scope_20260817_114548,sweep_110,2,2000.0,1964.6716632669604,40.0,41.69109781786124,1.3477736557599398,1.3396691011641062,1.2486313015353263
scope_20260817_114548,sweep_111,2,2000.0,1911.9136093671832,40.0,41.91673401280986,1.3477736557599398,1.2400379094251441,1.2208602264249646
scope_20260817_114548,sweep_112,2,2000.0,1916.6583760019112,40.0,41.73938937128061,1.3477736557599398,1.189887298212625,1.2309345268115435
scope_20260817_114548,sweep_113,2,2000.0,1985.2748147740722,40.0,40.28584361092295,1.3477736557599398,1.3317393255735632,1.327416493682682
scope_20260817_114548,sweep_114,2,2000.0,1864.4453584083049,40.0,40.571135910422505,1.3477736557599398,1.2402701499312336,1.2717357966406238
scope_20260817_114548,sweep_115,2,2000.0,1994.8423255134392,40.0,41.22426161091668,1.3477736557599398,1.3034520563794834,1.2816345372653681
scope_20260817_114548,sweep_130,2,2400.0,2309.8100781209523,41.0,40.82158974631378,1.4183641754732108,1.3888478625312033,1.401392342198996
scope_20260817_114548,sweep_131,2,2400.0,2727.5192954302242,41.0,40.858098170724354,1.4183641754732108,1.5028099196851055,1.5206268993785097
scope_20260817_114548,sweep_132,2,2400.0,2561.4715413174076,41.0,39.779985635543106,1.4183641754732108,1.56075293882623,1.5389102286220695
scope_20260817_114548,sweep_133,2,2400.0,2795.180255009882,40.0,41.76760264101199,1.476412067341843,1.5126276076176002,1.4848576908703337
scope_20260817_114548,sweep_134,2,2400.0,2583.857189860145,40.0,40.49864164132019,1.476412067341843,1.4986178220029724,1.5014763839358038
scope_20260817_114548,sweep_152,2,2800.0,2704.5116246855114,42.0,40.83857008942607,1.472619291675965,1.5007065229590053,1.5153803276270617
scope_20260817_114548,sweep_153,2,2800.0,2747.0538588638565,42.0,40.89706736879263,1.472619291675965,1.5440918278384805,1.5236920459927372
scope_20260817_114548,sweep_154,2,2800.0,2751.2390503243037,42.0,40.755933075548626,1.472619291675965,1.4553328813439348,1.5334680239348168
scope_20260817_114548,sweep_155,2,2800.0,2820.9923290574543,42.0,40.92179363474309,1.472619291675965,1.4790003365770628,1.5425398096385876
scope_20260817_114548,sweep_156,2,2800.0,2691.419901895126,42.0,41.82728212832333,1.472619291675965,1.4662316591984994,1.4536180074470972
scope_20260817_114548,sweep_157,2,2800.0,2806.1395096241195,42.0,41.16288884848771,1.472619291675965,1.5370156190768467,1.523782551108864
scope_20260817_114548,sweep_188,2,2500.0,2388.5053593645102,42.0,44.060694927948994,1.3914944363038186,1.417610592537568,1.2559025725279618
scope_20260817_114548,sweep_189,2,2500.0,2811.859474355721,41.0,41.5919578224998,1.4476118747303124,1.3943773676671603,1.4996325435977138
scope_20260817_114548,sweep_190,2,2500.0,2247.1640765430775,41.0,43.43266623611942,1.4476118747303124,1.4052629807073191,1.2478242854228734
scope_20260817_114548,sweep_191,2,2500.0,2539.1681474591105,41.0,44.59583762246917,1.4476118747303124,1.3564309459999235,1.268857746689235
scope_20260817_114548,sweep_192,2,2500.0,2526.3632828265827,41.0,41.15474526088649,1.4476118747303124,1.4097960819740258,1.4462946648079726
scope_20260817_114548,sweep_193,2,2500.0,2742.4474325381643,41.0,40.24693395291727,1.4476118747303124,1.5071928098828438,1.5625939318317168
scope_20260817_114548,sweep_194,2,2400.0,2725.766059230779,41.0,45.31709265709453,1.4183641754732108,1.4877330008275889,1.2794444823423203
scope_20260817_114548,sweep_195,2,2400.0,2673.0811485420586,41.0,40.92660732850324,1.4183641754732108,1.3716573753974965,1.5012677629904914
scope_20260817_114548,sweep_196,2,2400.0,2569.986919208142,41.0,46.53891278074871,1.4183641754732108,1.0895008096055467,1.1872457212948009
scope_20260817_114548,sweep_197,2,2400.0,2273.026936497948,41.0,39.880109726307985,1.4183641754732108,1.4686882639837893,1.4438088196110463
scope_20260817_114548,sweep_198,2,2400.0,2750.1885576329682,41.0,40.655163085424704,1.4183641754732108,1.4985059905583766,1.5393662819877842
scope_20260817_114548,sweep_199,2,2400.0,2728.1041539395046,41.0,40.69044617219543,1.4183641754732108,1.4858923288834753,1.5310103313563592
scope_20260817_114548,sweep_234,2,1700.0,1734.2924962430668,41.0,46.93666799929125,1.1937313328822958,1.1220123430535838,0.9611579810770307
scope_20260817_114548,sweep_235,2,1700.0,1767.494650290079,41.0,42.55234482721598,1.1937313328822958,1.2378101061821378,1.1450156368911073
scope_20260817_114548,sweep_236,2,1700.0,1555.710366649749,41.0,41.45753808135022,1.1937313328822958,1.1807091090461805,1.121397675641365
scope_20260817_114548,sweep_237,2,1700.0,1697.9487906761133,41.0,43.922062287610395,1.1937313328822958,1.0219002384493612,1.0645165057197357
scope_20260817_114548,sweep_238,2,1700.0,1645.3044461315776,41.0,41.949490332386944,1.1937313328822958,1.152364751204388,1.131086951692099
scope_20260817_114548,sweep_253,2,1300.0,1222.3889667308529,42.0,43.93526159634624,1.0034209079232557,0.9415711345987263,0.9027674622158187
scope_20260817_114548,sweep_254,2,1300.0,1253.2513516195313,42.0,43.112936295567636,1.0034209079232557,0.8944976120511119,0.9434256229531255
scope_20260817_114548,sweep_255,2,1300.0,1258.5663511768648,42.0,45.3424203603934,1.0034209079232557,0.8850569562588922,0.8685670801783764
scope_20260817_114548,sweep_256,2,1300.0,1276.6114881639257,42.0,44.45262019543539,1.0034209079232557,1.0085420102011604,0.9045904490876956
scope_20260817_114548,sweep_257,2,1300.0,1131.5168996393922,42.0,45.297062366898786,1.0034209079232557,0.7819526819908282,0.8249611392687769
scope_20260817_114548,sweep_258,2,1300.0,1321.4179071507367,41.0,43.1492859070881,1.043887768262139,0.8803075495315177,0.9673840474402584
scope_20260817_114548,sweep_259,2,1200.0,1132.2947396882137,41.0,43.809235244302364,1.0029349266691736,0.7879205855215282,0.8730574625434846
scope_20260817_114548,sweep_260,2,1200.0,1127.0947075141244,41.0,41.56877966066727,1.0029349266691736,0.6705351625426705,0.9503110429421131
scope_20260817_114548,sweep_261,2,1200.0,1223.5711558400435,41.0,44.727615988492076,1.0029349266691736,0.9929327649649293,0.8764330296470828
scope_20260817_114548,sweep_262,2,1200.0,1275.6230403603995,41.0,42.921642352861674,1.0029349266691736,1.0142951481800992,0.958879057152908
scope_20260817_114548,sweep_263,2,1200.0,1136.2004734891261,41.0,43.76603324868653,1.0029349266691736,0.9416539737283299,0.8760089286524221
scope_20260817_114548,sweep_264,2,1200.0,1086.0143210896067,41.0,44.22841050638668,1.0029349266691736,0.8854231614402713,0.8414676835247208
scope_20260817_114548,sweep_265,2,1100.0,1073.5726129460995,41.0,43.99163534150846,0.9602370861086821,0.7733203880393198,0.84421364352155
scope_20260817_114548,sweep_266,2,1100.0,1038.3670662037268,41.0,43.49477554489722,0.9602370861086821,0.8231902455975509,0.8462029881412096
scope_20260817_114548,sweep_267,2,1100.0,978.8310492647935,41.0,50.30103534193078,0.9602370861086821,0.7304076209412427,0.6212364601612083
scope_20260817_114548,sweep_268,2,1100.0,920.7277193451894,40.0,45.26200886350385,0.9995356946794258,0.6708616353174103,0.7086018488159485
scope_20260817_114548,sweep_269,2,1100.0,1031.2382220822176,40.0,43.299941567686616,0.9995356946794258,0.8968079449731764,0.8496391288661994
scope_20260817_114548,sweep_276,2,900.0,818.6520916605508,42.0,43.98095353036823,0.7880118578286617,0.7199100134085726,0.6746618553067565
scope_20260817_114548,sweep_277,2,900.0,833.5755047839498,42.0,43.7775715556236,0.7880118578286617,0.5989035372208598,0.6901977788662866
scope_20260817_114548,sweep_278,2,900.0,811.4221267483008,42.0,44.285576731651666,0.7880118578286617,0.6578268770828459,0.661989053744887
scope_20260817_114548,sweep_279,2,900.0,864.1615003685033,42.0,44.79797855680645,0.7880118578286617,0.6890140174024864,0.6841078517421891
scope_20260817_114548,sweep_280,2,900.0,801.6392061983745,42.0,44.331747827822404,0.7880118578286617,0.7261640607666779,0.6542094091784691
scope_20260817_114548,sweep_281,2,900.0,780.746989238657,42.0,43.93912190455545,0.7880118578286617,0.7325949530593383,0.6496668894058781
scope_20260817_114548,sweep_282,2,800.0,683.7854525798055,42.0,47.3626548884626,0.7146216331034405,0.45394374918040137,0.5122291421467952
scope_20260817_114548,sweep_283,2,800.0,765.9148705265836,42.0,43.05746574964543,0.7146216331034405,0.6928498261842475,0.6614385387804309
scope_20260817_114548,sweep_284,2,800.0,737.7526049160317,42.0,42.37698795179025,0.7146216331034405,0.6034763926608466,0.6583667913787421
scope_20260817_114548,sweep_285,2,800.0,707.9554283942022,42.0,45.48936254888623,0.7146216331034405,0.5795797266430196,0.5649157821333449
scope_20260817_114548,sweep_286,2,800.0,741.6124035968436,41.0,44.84986133077968,0.7434415366888594,0.5954600610256117,0.6013786522036764
scope_20260817_114548,sweep_408,2,1500.0,1618.6081395578851,48.0,48.21080339038252,0.8599980864318729,0.899672049102963,0.8865945689645929
scope_20260817_114548,sweep_409,2,1500.0,1566.8646410307995,48.0,44.071043942165154,0.8599980864318729,1.062357889697311,1.016804052757682
scope_20260817_114548,sweep_410,2,1500.0,1552.4114692180901,48.0,45.00236196157066,0.8599980864318729,0.9284198842728434,0.9770361131838319
scope_20260817_114548,sweep_411,2,1500.0,1554.7565037143604,48.0,44.42879664604837,0.8599980864318729,0.9593666710022187,0.9991854250330026
scope_20260817_114548,sweep_440,2,2100.0,1945.6390340823841,47.0,45.49818694863664,1.0552048243868861,1.1158104936622928,1.0736599944273415
scope_20260817_114548,sweep_441,2,2100.0,2108.484900987588,47.0,44.41978532316634,1.0552048243868861,1.1070545761064576,1.163988154555243
scope_20260817_114548,sweep_442,2,2100.0,2216.735905211161,47.0,45.47142183128284,1.0552048243868861,1.093643558676635,1.147167643828594
scope_20260817_114548,sweep_443,2,2100.0,2082.273449791306,46.0,46.1178861599777,1.0947961980655645,1.0365189657765574,1.0854132047658231
scope_20260817_114548,sweep_444,2,2100.0,2112.7256305025157,46.0,43.11967597698761,1.0947961980655645,1.1365873004673042,1.2246078749627134
scope_20260817_114548,sweep_445,2,2100.0,2109.208711271845,46.0,46.14174042632299,1.0947961980655645,1.0484542439770024,1.0914464616962
scope_20260817_114548,sweep_504,2,2700.0,2740.837171773437,48.0,46.25566481944525,1.1538085090688446,1.2502393757344683,1.2389512348484628
scope_20260817_114548,sweep_505,2,2700.0,2545.9447768036284,48.0,45.658869021759216,1.1538085090688446,1.1868409959542878,1.22083344804339
scope_20260817_114548,sweep_506,2,2700.0,2486.815946729017,48.0,48.70751667633431,1.1538085090688446,1.137003854343856,1.0795523732465664
scope_20260817_114548,sweep_507,2,2700.0,2611.033626013972,48.0,47.59980807266746,1.1538085090688446,1.1653521433912482,1.1511845290704565
scope_20260817_114548,sweep_508,2,2700.0,2585.873506007533,48.0,46.38927292042058,1.1538085090688446,1.2125220213516845,1.1974949344777084
scope_20260817_114548,sweep_529,2,2200.0,2154.7063195408723,48.0,48.231006514213945,1.04150940436345,1.0104561053215142,1.0221925507918734
scope_20260817_114548,sweep_530,2,2200.0,2444.46999156849,48.0,46.93495258219572,1.04150940436345,1.0352085617111382,1.1411775862944347
scope_20260817_114548,sweep_531,2,2200.0,2364.8434296757337,48.0,47.56837854890908,1.04150940436345,1.1558020034041907,1.0968194244762384
scope_20260817_114548,sweep_532,2,2200.0,2129.688406950771,47.0,46.86701683726216,1.0800365706111177,1.0479069772714182,1.0678237395489552
scope_20260817_114548,sweep_533,2,2200.0,2355.1012740673946,47.0,48.82082086686475,1.0800365706111177,1.0608982262703566,1.0463339109606349
scope_20260817_114548,sweep_534,2,2200.0,2181.2836259533833,47.0,45.25377375660449,1.0800365706111177,1.270634635354518,1.1472643132284042
scope_20260817_114548,sweep_535,2,2100.0,2168.1750882091465,47.0,46.285927723233854,1.0552048243868861,0.9323565082810673,1.1007130653345651
scope_20260817_114548,sweep_536,2,2100.0,2058.98888028688,47.0,45.56979949066577,1.0552048243868861,0.9690317174587242,1.101543101669921
scope_20260817_114548,sweep_537,2,2100.0,1939.748617610807,47.0,45.6353429173779,1.0552048243868861,0.9384682114070207,1.0665605290727298
scope_20260817_114548,sweep_538,2,2100.0,2156.8326899166636,46.0,44.55921228753871,1.0947961980655645,0.9933744687489938,1.1710551195371064
scope_20260817_114548,sweep_539,2,2100.0,2152.1592114839555,46.0,47.27750018610345,1.0947961980655645,0.9947518256335937,1.0574617940149234
scope_20260817_114548,sweep_546,2,1900.0,1832.0909017462968,45.0,47.100689037435004,1.0809922515472266,0.9751474753887099,0.9819791992148954
scope_20260817_114548,sweep_547,2,1900.0,1893.5184931253655,45.0,44.79806856385063,1.0809922515472266,0.9830134069368396,1.0873869017186735
scope_20260817_114548,sweep_548,2,1900.0,2058.1230848622604,45.0,43.9934454384409,1.0809922515472266,1.1492532030023532,1.1688057303026502
scope_20260817_114548,sweep_549,2,1900.0,1972.7877354483426,46.0,43.93150091763524,1.0413589013691833,1.1287637040240095,1.1470272503746588
scope_20260817_114548,sweep_550,2,1900.0,1968.6422221509995,47.0,43.816884136741116,1.0036999932814734,1.076407022789732,1.1508518283695945
scope_20260817_114548,sweep_551,2,1900.0,1906.6236596424887,48.0,45.70290839147775,0.967895912608485,1.0407025261772185,1.0547555658822625
scope_20260817_114548,sweep_552,2,1800.0,1909.36537691067,48.0,44.27364981840298,0.9420807027000287,1.0143743850792712,1.1138258223114796
scope_20260817_114548,sweep_553,2,1800.0,1894.6308474921998,48.0,42.91867592988213,0.9420807027000287,1.1196625016362003,1.1687318192926435
scope_20260817_114548,sweep_554,2,1800.0,1723.1698998922488,48.0,45.97858335292562,0.9420807027000287,0.9537906595022371,0.9925050537603464
scope_20260817_114548,sweep_555,2,1800.0,1740.2378406903442,48.0,45.22183933619847,0.9420807027000287,0.9103062894249795,1.0259629335593443
scope_20260817_114548,sweep_556,2,1800.0,1727.754777610072,48.0,47.19195799420017,0.9420807027000287,1.0175579825040455,0.9504361762585245
scope_20260817_114548,sweep_557,2,1800.0,1814.3440692938216,48.0,48.2323417293605,0.9420807027000287,1.0565211682052096,0.9379455842106885
scope_20260817_114548,sweep_574,2,1400.0,1454.8272669053372,47.0,47.00609326992973,0.861571131290334,0.8755563775269047,0.8780839689013201
scope_20260817_114548,sweep_575,2,1400.0,1422.8546799867877,48.0,44.62415542726941,0.8308370847657505,0.8997023601009426,0.9488166876292113
scope_20260817_114548,sweep_576,2,1400.0,1363.056503892453,48.0,48.30089338345802,0.8308370847657505,0.9000541326727909,0.8109699599224987
scope_20260817_114548,sweep_616,2,600.0,683.4488672402975,45.0,45.809527944832176,0.5015466319454266,0.609084870783847,0.5421281650340468
scope_20260817_114548,sweep_617,2,600.0,580.5008040777334,45.0,49.22539083883492,0.5015466319454266,0.4577290840134177,0.4181891159813601
scope_20260817_114548,sweep_618,2,600.0,561.9639642183446,45.0,47.30827763601958,0.5015466319454266,0.4625108976455109,0.4361125644185838
scope_20260817_114548,sweep_619,2,600.0,611.1976403450913,45.0,47.25997797420784,0.5015466319454266,0.47089595623123065,0.4684201583602742
scope_20260817_114548,sweep_620,2,600.0,631.0659000461454,46.0,47.21233601515068,0.48315799570306694,0.5052343765232931,0.4818602711170933
scope_20260817_114548,sweep_621,2,600.0,686.7182365943311,46.0,49.82534537741855,0.48315799570306694,0.4930376430380603,0.4706946369697671
scope_20260817_114548,sweep_706,2,1000.0,991.1635821262363,52.0,51.31855654892277,0.610209510389907,0.6546753598761169,0.6059447298308548
scope_20260817_114548,sweep_707,2,1000.0,1182.900971274024,52.0,45.5657492010068,0.610209510389907,0.8304830328204552,0.8350535560958229
scope_20260817_114548,sweep_708,2,1000.0,1083.0887905329946,51.0,50.58136827121769,0.6315549667977632,0.8291292997941546,0.6668909439108646
scope_20260817_114548,sweep_709,2,1000.0,1206.8949322394228,51.0,47.61333415795204,0.6315549667977632,0.8018459985847077,0.7822766803496662
scope_20260817_114548,sweep_710,2,1000.0,951.2111043114404,51.0,49.07460796131956,0.6315549667977632,0.6560886752496952,0.6334483266466655
scope_20260817_114548,sweep_711,2,1100.0,1162.540672448529,50.0,52.516562074742325,0.6858740262061619,0.6613126875286336,0.6464702355006452
scope_20260817_114548,sweep_712,2,1100.0,1176.390931011416,50.0,48.47885897209589,0.6858740262061619,0.8370375732431673,0.7486014145944246
scope_20260817_114548,sweep_713,2,1100.0,1180.365156409872,50.0,49.37107553923513,0.6858740262061619,0.7033022002033289,0.7264116146683753
scope_20260817_114548,sweep_714,2,1100.0,1177.6087899493991,50.0,51.66049166908989,0.6858740262061619,0.7750911086754705,0.6699253129568523
scope_20260817_114548,sweep_715,2,1100.0,1190.1804167257749,51.0,50.20581985287206,0.6623804372833004,0.6748432559921251,0.7083078023814182
scope_20260817_114548,sweep_716,2,1100.0,988.905626616679,52.0,53.66556916897156,0.6399931337345105,0.5822175690216801,0.5585096723633062
scope_20260817_114548,sweep_728,2,1400.0,1535.110394778723,51.0,46.556834667943875,0.7472659141976793,0.7951332021993199,0.9169770579516574
scope_20260817_114548,sweep_729,2,1400.0,1434.0457128492737,51.0,45.898679358978406,0.7472659141976793,0.9381082851910382,0.9081099255484459
scope_20260817_114548,sweep_730,2,1400.0,1083.3015483340769,51.0,53.535619606597,0.7472659141976793,0.7159339854859714,0.6029940648500766
scope_20260817_114548,sweep_731,2,1400.0,1473.4125209893782,51.0,49.43067893265726,0.7472659141976793,0.8904380957760004,0.8098803935748545
scope_20260817_114548,sweep_732,2,1400.0,1520.4717042907312,50.0,48.487760625079474,0.7737702570436589,0.7909188153285605,0.8507960319905927
scope_20260817_114548,sweep_733,2,1400.0,1357.1120766946144,50.0,52.67196850642743,0.7737702570436589,0.6978810552390163,0.6948097294826951
scope_20260817_114548,sweep_882,2,1700.0,1755.8045720750674,51.0,53.732972727207894,0.8234469317131313,0.8013081343258134,0.762628819683848
scope_20260817_114548,sweep_883,2,1700.0,1690.8879815353887,51.0,51.53818307049598,0.8234469317131313,0.8092286236818702,0.8061338195691979
scope_20260817_114548,sweep_884,2,1700.0,1708.266000885525,51.0,49.98225376462459,0.8234469317131313,0.8723672038454746,0.8552562517187752
scope_20260817_114548,sweep_885,2,1700.0,1725.0380037138361,50.0,50.04392510582011,0.8526532950423455,0.8798032563710386,0.8575868387282812
scope_20260817_114548,sweep_886,2,1700.0,1690.0141147921643,50.0,51.194626047197,0.8526532950423455,0.7990190610961897,0.8155192394588842
scope_20260817_114548,sweep_887,2,1700.0,1572.750931659928,50.0,48.722010609796584,0.8526532950423455,0.8499242245477677,0.8580785368341051
scope_20260817_114548,sweep_888,2,1600.0,1662.178227604457,50.0,49.76321353128708,0.8271951994095366,0.8350841433870773,0.8501614671374232
scope_20260817_114548,sweep_889,2,1600.0,1582.4377940322017,51.0,55.39138199340704,0.7988608650691797,0.5712575182304843,0.6854472807225044
scope_20260817_114548,sweep_890,2,1600.0,1724.2738624370506,52.0,53.72891336927349,0.771860761091315,0.6809835134225034,0.7558525201104782
scope_20260817_114548,sweep_891,2,1600.0,1624.0937225413575,53.0,55.16607972893988,0.7461180514585867,0.7467068508985094,0.6995423876391155
scope_20260817_114548,sweep_892,2,1600.0,1931.8460225220244,53.0,55.833010793768224,0.7461180514585867,0.6711929637140303,0.7465459439172899
scope_20260817_114548,sweep_899,2,1400.0,1530.957772292614,52.0,50.19192543895095,0.7220096295745687,0.7910296780952045,0.803726734105315
scope_20260817_114548,sweep_900,2,1400.0,1327.2644826895396,52.0,49.496830875036466,0.7220096295745687,0.8740413925915638,0.7668701130509336
scope_20260817_114548,sweep_901,2,1400.0,1455.9090018447937,51.0,50.95924315476746,0.7472659141976793,0.8309389348011736,0.7631170789701271
scope_20260817_114548,sweep_902,2,1400.0,1455.2567714037543,51.0,50.9404824254868,0.7472659141976793,0.7674435055677041,0.7634421097356301
scope_20260817_114548,sweep_903,2,1400.0,1470.1165455847815,51.0,48.207559361579435,0.7472659141976793,0.7796437973597565,0.8450468040535312
scope_20260817_114548,sweep_904,2,1400.0,1404.599457569012,51.0,49.97081608410624,0.7472659141976793,0.8340726364544034,0.7758345736209644
scope_20260817_114548,sweep_905,2,1300.0,1251.0765032599043,50.0,48.443265024297794,0.7456236765721859,0.8648421853959278,0.7729845552952305
scope_20260817_114548,sweep_906,2,1300.0,1279.9862989093772,50.0,53.060603471351385,0.7456236765721859,0.7700037620546799,0.6659840207121214
scope_20260817_114548,sweep_907,2,1300.0,1336.8878839515432,50.0,50.22486261470704,0.7456236765721859,0.8130381788409635,0.7501942855687465
scope_20260817_114548,sweep_908,2,1300.0,1429.9104474943226,50.0,52.20265077699072,0.7456236765721859,0.7044340193743025,0.7246561185850264
scope_20260817_114548,sweep_909,2,1300.0,1331.4524626217462,50.0,57.03038899213782,0.7456236765721859,0.651099882642651,0.5963424820774287
scope_20260817_114548,sweep_910,2,1200.0,1120.5232015822764,52.0,54.88189626965869,0.6684510272894701,0.5832620044779019,0.5864973725597562
scope_20260817_114548,sweep_911,2,1200.0,1285.7306871840303,52.0,55.75868046951985,0.6684510272894701,0.5551259405657939,0.6105103942322233
scope_20260817_114548,sweep_912,2,1200.0,1256.2007721632908,53.0,53.622761375770104,0.646157186785281,0.6642572278993061,0.6474447039205782
scope_20260817_114548,sweep_913,2,1200.0,1079.5222436334204,54.0,54.087486658717445,0.6248901940975002,0.5834945560502677,0.5909715266059239
scope_20260817_114548,sweep_914,2,1200.0,1177.2416619297064,54.0,46.937136790962775,0.6248901940975002,0.737771989493065,0.7918792483406596
scope_20260817_114548,sweep_917,2,1000.0,916.8986115257334,52.0,52.62205469150574,0.610209510389907,0.5414107348191012,0.5432735501080086
scope_20260817_114548,sweep_918,2,1000.0,964.9937488559128,52.0,49.58450311713362,0.610209510389907,0.6738101353610775,0.6295841693651318
scope_20260817_114548,sweep_919,2,1000.0,880.2886448183681,51.0,51.468451905468186,0.6315549667977632,0.45087954337201597,0.5462981576430426
scope_20260817_114548,sweep_920,2,1000.0,929.8392147324294,51.0,51.07584041885594,0.6315549667977632,0.6031095811809275,0.5794955309424535
scope_20260817_114548,sweep_921,2,1000.0,932.1496585209514,51.0,49.44911260551286,0.6315549667977632,0.7238441074433715,0.6146794405661526
scope_20260817_114548,sweep_922,2,1000.0,1028.6086026814608,51.0,54.05761280150302,0.6315549667977632,0.5204900765267824,0.5774397982757571
scope_20260817_114548,sweep_923,2,1000.0,1034.4682009240564,50.0,51.52447102284165,0.6539552249228262,0.6195823911183654,0.6308308980472259
scope_20260817_114548,sweep_1010,2,600.0,579.7207630967291,56.0,54.06347286384901,0.3416533442812401,0.33896412917117585,0.3538088989801632
scope_20260817_114548,sweep_1011,2,600.0,658.507462560351,56.0,51.54326618154097,0.3416533442812401,0.415318739892222,0.428232126425603
scope_20260817_114548,sweep_1012,2,600.0,597.357923799282,55.0,52.95523679285283,0.35296965316766976,0.3346139819413445,0.37642415540723756
scope_20260817_114548,sweep_1013,2,600.0,572.1161006740508,55.0,53.698255389395946,0.35296965316766976,0.40734624409283854,0.3542339011879956
scope_20260817_114548,sweep_1014,2,600.0,708.6221520698292,55.0,54.30445939233246,0.35296965316766976,0.4065314573585366,0.41463951681541567
scope_20260817_114548,sweep_1015,2,600.0,660.0049229789056,55.0,60.9919219458123,0.35296965316766976,0.32297326700063156,0.3162377140967511
scope_20260817_114548,sweep_1016,2,600.0,811.4950082710353,56.0,54.86288184986558,0.3416533442812401,0.502328655515792,0.4555480997607805
scope_20260817_114548,sweep_1027,2,900.0,872.340036367605,56.0,50.80768543654588,0.47834520093091015,0.5142981219776679,0.5547220039842409
scope_20260817_114548,sweep_1028,2,900.0,906.6597789837166,56.0,57.2968366898187,0.47834520093091015,0.4867479267032334,0.461660809585906
scope_20260817_114548,sweep_1029,2,900.0,1015.4075623478898,55.0,57.20621180597967,0.4941890442261173,0.4971597029011108,0.5178661948067507
scope_20260817_114548,sweep_1053,2,1400.0,1416.2192708259038,58.0,57.58434188321161,0.5929734941909588,0.5396787335168947,0.6042875677791395
scope_20260817_114548,sweep_1054,2,1400.0,1496.9260071570927,58.0,56.34373717323579,0.5929734941909588,0.6917303321687615,0.6463964698076339
scope_20260817_114548,sweep_1055,2,1400.0,1336.6779014846602,58.0,55.58145994756363,0.5929734941909588,0.6208963052225993,0.6260856306874389
scope_20260817_114548,sweep_1056,2,1400.0,1424.0682049052589,57.0,54.327955156010155,0.6120944790369989,0.5969750998356269,0.6733704907854664
scope_20260817_114548,sweep_1057,2,1400.0,1458.662885565555,57.0,54.88484163712034,0.6120944790369989,0.6597599639830946,0.6691000865084292
scope_20260817_114548,sweep_1129,2,2800.0,2499.543743935692,55.0,57.42314405059711,0.9235296563526116,0.8291123131528962,0.806919978066144
scope_20260817_114548,sweep_1130,2,2800.0,2556.7642858040626,55.0,58.64407107057823,0.9235296563526116,0.8407604027801272,0.7852976512597526
scope_20260817_114548,sweep_1131,2,2800.0,2539.871358357395,55.0,58.08555276541651,0.9235296563526116,0.8098133110295693,0.7965376321619926
scope_20260817_114548,sweep_1132,2,2800.0,2593.077053745719,55.0,59.79490587469221,0.9235296563526116,0.7153646307698516,0.7631088593603247
scope_20260817_114548,sweep_1133,2,2800.0,2633.994816805766,55.0,60.203603714335,0.9235296563526116,0.7434925281310324,0.7595100717163837
scope_20260817_114548,sweep_1159,2,2600.0,2552.8792725336307,56.0,56.238559736645826,0.8614038576558897,0.8176217653615396,0.8470067347593726
scope_20260817_114548,sweep_1160,2,2600.0,2518.529002861401,56.0,56.84630587890709,0.8614038576558897,0.8749010810990062,0.8250160767586362
scope_20260817_114548,sweep_1161,2,2600.0,2562.853545264592,56.0,56.68744926593017,0.8614038576558897,0.8527266337586402,0.8364915477259253
scope_20260817_114548,sweep_1162,2,2600.0,2690.123137304579,55.0,54.61172772542733,0.8899354446939252,0.8485596276295534,0.916861024601255
scope_20260817_114548,sweep_1163,2,2600.0,2754.3957094427515,55.0,59.5763850989824,0.8899354446939252,0.8315841821375604,0.7918068115829355
scope_20260817_114548,sweep_1164,2,2600.0,2718.5640825718206,55.0,55.76826444535221,0.8899354446939252,0.905311786773029,0.8874679745068129
scope_20260817_114548,sweep_1171,2,2400.0,2728.2525765445175,58.0,61.6179393743465,0.776384549209293,0.7417989162158833,0.7404896266360557
scope_20260817_114548,sweep_1172,2,2400.0,2688.004422695653,58.0,56.48547499687696,0.776384549209293,0.8911423726173004,0.8622478495289664
scope_20260817_114548,sweep_1173,2,2400.0,2735.2823423800846,58.0,59.65442968734394,0.776384549209293,0.7948583703516677,0.7871558346722322
scope_20260817_114548,sweep_1174,2,2400.0,2668.6654794466904,57.0,57.992533851877866,0.8014197950433165,0.8030762204268869,0.8188805793277907
scope_20260817_114548,sweep_1175,2,2400.0,2739.9448271469873,57.0,59.16260508879274,0.8014197950433165,0.7788669086133229,0.7999129099807323
scope_20260817_114548,sweep_1194,2,2000.0,1826.7612051809197,57.0,54.98610947398099,0.7315928329606524,0.7146179209648564,0.7462951535398922
scope_20260817_114548,sweep_1195,2,2000.0,1808.699627332586,56.0,60.77538876819906,0.7555011612191088,0.6572178953566968,0.6184845738041317
scope_20260817_114548,sweep_1196,2,2000.0,1960.0383089068337,56.0,54.36663520605458,0.7555011612191088,0.7545469477593475,0.788978408857616
scope_20260817_114548,sweep_1197,2,2000.0,2099.077314829821,56.0,55.02613994352135,0.7555011612191088,0.7527712205266851,0.798939192680869
scope_20260817_114548,sweep_1219,2,1500.0,1379.945305192818,58.0,59.20518280795212,0.6137858789161112,0.6276619268208333,0.5669289603565557
scope_20260817_114548,sweep_1220,2,1500.0,1513.943599817845,59.0,59.65978288441962,0.5948573293903631,0.6343318577852779,0.5855213679411435
scope_20260817_114548,sweep_1221,2,1500.0,1620.5374125027472,59.0,52.66811951203824,0.5948573293903631,0.8515292782833953,0.7593537380489757
scope_20260817_114548,sweep_1222,2,1500.0,1327.2962642641987,59.0,57.51400927236909,0.5948573293903631,0.6197092497213952,0.5863151521976611
scope_20260817_114548,sweep_1223,2,1500.0,1623.7740888603864,58.0,58.62290787504051,0.6137858789161112,0.6085435107797117,0.6262376273403948
scope_20260817_114548,sweep_1247,2,1000.0,877.1164867957851,56.0,56.43606275229738,0.5342199942923429,0.5395120168028222,0.46168428757526275
scope_20260817_114548,sweep_1248,2,1000.0,1034.9353700496588,56.0,57.484724706094674,0.5342199942923429,0.5948766281473191,0.518211958023109
scope_20260817_114548,sweep_1249,2,1000.0,1013.3057205937198,56.0,57.45704739729804,0.5342199942923429,0.5004151009933747,0.5132189524672555
scope_20260817_114548,sweep_1250,2,1000.0,888.4735665556863,55.0,60.334921036615206,0.5519145334207011,0.4000494311894025,0.4129097497217173
scope_20260817_114548,sweep_1251,2,1000.0,1008.7746085357624,55.0,52.80080239402129,0.5519145334207011,0.531421476130217,0.596435192769751
scope_20260817_114548,sweep_1265,2,600.0,533.5202818550719,55.0,53.80709339950163,0.35296965316766976,0.32390373328658745,0.3330711384096984
scope_20260817_114548,sweep_1266,2,600.0,660.2999917854269,55.0,57.218356585511536,0.35296965316766976,0.3026536637566695,0.3557251835970661
scope_20260817_114548,sweep_1267,2,600.0,586.4613660193424,55.0,55.80931743030745,0.35296965316766976,0.3442114540063817,0.33732060279096604
scope_20260817_114548,sweep_1268,2,600.0,578.1154795452436,56.0,61.08665630785282,0.3416533442812401,0.2987421658356237,0.2824974592961489
scope_20260817_114548,sweep_1269,2,600.0,563.2599301619794,57.0,57.564004451124035,0.3308415007991011,0.3309336539833899,0.30835202156924857
scope_20260817_114548,sweep_1276,2,400.0,386.52550101844116,58.0,61.38899673384632,0.22891858663826103,0.21213758468475627,0.20041510046835412
scope_20260817_114548,sweep_1277,2,400.0,413.4679256530494,57.0,56.422671452075484,0.23630028054021057,0.26111185922711894,0.24742379453116015
scope_20260817_114548,sweep_1278,2,400.0,366.48867126846324,57.0,54.67687340451208,0.23630028054021057,0.2231774332413976,0.23694918936519171
scope_20260817_114548,sweep_1279,2,400.0,359.31463156411024,57.0,59.43877297659677,0.23630028054021057,0.22975057933369133,0.20021560913987863
scope_20260817_114548,sweep_1280,2,400.0,370.209783942461,56.0,54.59563835173042,0.24402253316515468,0.2390792145293064,0.23958498804769093
scope_20260817_114548,sweep_1281,2,400.0,435.98621816331826,56.0,59.5090166832474,0.24402253316515468,0.216273940990476,0.2345700671031371
scope_20260817_114548,sweep_1388,2,1600.0,1414.0414643273978,62.0,60.327438127545534,0.5606046036564265,0.5567620850059639,0.5543839806698975
scope_20260817_114548,sweep_1389,2,1600.0,1991.7547767114013,62.0,60.54397804341573,0.5606046036564265,0.632202512695965,0.6536191609883787
scope_20260817_114548,sweep_1390,2,1600.0,1592.8328477680448,61.0,60.58393438906588,0.5777541849478736,0.5918558223166039,0.5837981741451862
scope_20260817_114548,sweep_1391,2,1600.0,1758.1586912854093,61.0,61.67687987454002,0.5777541849478736,0.6144698854897136,0.593384051935014
scope_20260817_114548,sweep_1392,2,1600.0,1618.5681828720126,60.0,59.289282321022796,0.5956606060107117,0.6673159425996453,0.6123929647883982
scope_20260817_114548,sweep_1393,2,1600.0,1928.6604559126333,60.0,61.88838666916406,0.5956606060107117,0.6345588977088417,0.6175567598644592
scope_20260817_114548,sweep_1411,2,2000.0,2389.047358598115,60.0,62.48743658791564,0.6659688032793355,0.7079012056071273,0.6751351019338777
scope_20260817_114548,sweep_1412,2,2000.0,2003.088577742195,61.0,55.314202070404534,0.6459488159142155,0.7584326067353293,0.7731346950933526
scope_20260817_114548,sweep_1413,2,2000.0,1967.610938252439,62.0,60.94703192139411,0.6267750011375484,0.5924876866897065,0.6417273971678238
scope_20260817_114548,sweep_1414,2,2000.0,2061.5958962907603,63.0,62.532664830413204,0.6084031510457792,0.6030854209605857,0.6263193102518153
scope_20260817_114548,sweep_1415,2,2000.0,1913.8580943943598,63.0,59.93560992866015,0.6084031510457792,0.6661343589208037,0.6527594569124312
scope_20260817_114548,sweep_1422,2,2200.0,2400.2095198101365,61.0,64.5354257663942,0.6774768335958616,0.7077858342093883,0.6372056440315905
scope_20260817_114548,sweep_1423,2,2200.0,2106.870840238604,60.0,68.08580664483456,0.6984739734846541,0.6013233059538206,0.539820727877773
scope_20260817_114548,sweep_1424,2,2200.0,2330.746302409363,61.0,61.32839230094791,0.6774768335958616,0.6715671597738211,0.6904219718305591
scope_20260817_114548,sweep_1431,2,2400.0,2401.7561756547575,62.0,59.100559279468655,0.6865976132067227,0.7480050744940564,0.7503664550027858
scope_20260817_114548,sweep_1432,2,2400.0,2646.6704576972343,62.0,57.520227671536844,0.6865976132067227,0.8311678114834131,0.8277733256861044
scope_20260817_114548,sweep_1433,2,2400.0,2542.533738224383,61.0,59.95133489981215,0.7076014749399356,0.7565389520534447,0.7520067171529535
scope_20260817_114548,sweep_1434,2,2400.0,2655.868075194015,61.0,62.89219733427308,0.7076014749399356,0.6760474963031129,0.7033389004773021
scope_20260817_114548,sweep_1435,2,2400.0,2716.0784706740633,60.0,60.56514481712217,0.729532272301625,0.7824662605213378,0.7627770469086467
scope_20260817_114548,sweep_1436,2,2500.0,2814.212988614389,60.0,60.87135207610918,0.7445757575133896,0.7565812188520522,0.7692320327025007
scope_20260817_114548,sweep_1437,2,2500.0,2453.515638153109,60.0,59.42511988156586,0.7445757575133896,0.8344189716590608,0.750812815520598
scope_20260817_114548,sweep_1438,2,2500.0,2419.183268879997,60.0,60.64128089202929,0.7445757575133896,0.8012815710251393,0.7182124900540225
scope_20260817_114548,sweep_1439,2,2500.0,2390.8873992582176,60.0,60.47638675216781,0.7445757575133896,0.7136339383112457,0.7175997053567907
scope_20260817_114548,sweep_1440,2,2500.0,2523.884140999158,61.0,67.22006494630266,0.722192731184842,0.6566437842993976,0.605270839191397
scope_20260817_114548,sweep_1441,2,2500.0,2496.2207066172627,62.0,64.00311035061581,0.7007557545705331,0.6632108009674834,0.6599658997261437
scope_20260817_114548,sweep_1494,2,2400.0,2409.005653610107,60.0,61.546742294885384,0.729532272301625,0.7450975128075407,0.697310694473707
scope_20260817_114548,sweep_1495,2,2400.0,2489.048762099953,60.0,57.134201970557626,0.729532272301625,0.8033432824248616,0.812663752351891
scope_20260817_114548,sweep_1496,2,2400.0,2463.5605438565394,60.0,61.643736771303,0.729532272301625,0.7063735712559046,0.7031067782003915
scope_20260817_114548,sweep_1497,2,2400.0,2396.3532042508473,60.0,59.347194687322755,0.729532272301625,0.7304691139335657,0.7438076069078113
scope_20260817_114548,sweep_1498,2,2400.0,2359.5998312686465,61.0,61.30617710170176,0.7076014749399356,0.6706497993978301,0.6951486396440953
scope_20260817_114548,sweep_1499,2,2400.0,2415.0089698269453,62.0,60.90714587222029,0.6865976132067227,0.7567477350221449,0.7118133949443727
scope_20260817_114548,sweep_1500,2,2400.0,2473.127842235314,62.0,61.27371555065274,0.6865976132067227,0.7547228354637312,0.7123734589498326
scope_20260817_114548,sweep_1506,2,2200.0,2424.176018324041,62.0,61.01181309844136,0.6573671670049176,0.7403721213895446,0.7109017941903849
scope_20260817_114548,sweep_1507,2,2200.0,2380.1035499240766,61.0,64.74870895405179,0.6774768335958616,0.646544699212899,0.6306248843688195
scope_20260817_114548,sweep_1508,2,2200.0,2167.760719180438,61.0,59.61594000022419,0.6774768335958616,0.7054314989932103,0.7015865427012157
scope_20260817_114548,sweep_1509,2,2200.0,2531.4922228549954,61.0,66.54590880559378,0.6774768335958616,0.6597952646475107,0.6177972164021779
scope_20260817_114548,sweep_1510,2,2200.0,2350.1260461020174,60.0,61.08292797951006,0.6984739734846541,0.704369935573274,0.6984527931197239
scope_20260817_114548,sweep_1511,2,2200.0,2321.0703156657482,60.0,63.810502473156966,0.6984739734846541,0.642804893579488,0.6399832579272278
scope_20260817_114548,sweep_1517,2,2000.0,1993.7780202750962,63.0,65.0131552125297,0.6084031510457792,0.6258514247501865,0.5727912390124952
scope_20260817_114548,sweep_1518,2,2000.0,2009.6766636712819,63.0,59.82409249947871,0.6084031510457792,0.6328315316921347,0.6711993464010109
scope_20260817_114548,sweep_1519,2,2000.0,2137.458258879912,63.0,62.10571757324662,0.6084031510457792,0.6077919029526373,0.6459096783879323
scope_20260817_114548,sweep_1520,2,2000.0,2253.869383085116,63.0,61.68696710886715,0.6084031510457792,0.6984210027472648,0.6716445709472626
scope_20260817_114548,sweep_1521,2,2000.0,1781.8991046757521,62.0,60.13514665035971,0.6267750011375484,0.6475871727096199,0.6260066650899351
scope_20260817_114548,sweep_1522,2,2000.0,2168.7816737986336,62.0,58.18929376100622,0.6267750011375484,0.7429188579322626,0.7336524517919637
scope_20260817_114548,sweep_1529,2,1800.0,2058.9859034785964,60.0,64.64248643216354,0.6317934806937939,0.6237954635257056,0.5883484643938315
scope_20260817_114548,sweep_1530,2,1800.0,1563.0169520769282,61.0,59.612641765859365,0.6128008530533222,0.6405739612301116,0.5958015747229876
scope_20260817_114548,sweep_1531,2,1800.0,2298.219098816531,62.0,68.23408579832004,0.594610975214784,0.5158994997747245,0.5614897484168795
scope_20260817_114548,sweep_1532,2,1800.0,1650.9502875713717,63.0,64.26555673825276,0.5771819078784348,0.5237737047464658,0.5326301670712212
scope_20260817_114548,sweep_1533,2,1800.0,1571.6242870846654,63.0,63.599104900661594,0.5771819078784348,0.5026524213897667,0.5298935360712326
scope_20260817_114548,sweep_1542,2,1500.0,1690.0831873249356,60.0,58.0770185212371,0.5767459017678259,0.7183528113357924,0.649936930449745
scope_20260817_114548,sweep_1543,2,1500.0,1452.5029769098571,60.0,62.944249767681704,0.5767459017678259,0.49067172953932897,0.5193390200164463
scope_20260817_114548,sweep_1544,2,1500.0,1511.7696140488295,62.0,64.38469375776408,0.5428030734421373,0.5114189606232789,0.5079225839574376
scope_20260817_114548,sweep_1545,2,1500.0,1579.012026109615,63.0,65.32001210561222,0.5268925845481458,0.5225916828580616,0.505263089966662
scope_20260817_114548,sweep_1546,2,1500.0,1592.4149763614348,63.0,67.02315056764245,0.5268925845481458,0.4772095205120046,0.4834411537408919
scope_20260817_114548,sweep_1547,2,1500.0,1428.332584297139,63.0,63.59638594319451,0.5268925845481458,0.49926813194637953,0.5052002658715042
scope_20260817_114548,sweep_1593,2,600.0,825.3144759638418,63.0,60.950398287329236,0.27513256351667076,0.38002110168784076,0.38118056953459034
scope_20260817_114548,sweep_1594,2,600.0,581.3315656133666,63.0,63.20681235639299,0.27513256351667076,0.3391470061554525,0.2663769870587403
scope_20260817_114548,sweep_1595,2,600.0,584.7906387364678,62.0,64.67050552858524,0.28344069637825103,0.33401969027438017,0.25648739503169127
scope_20260817_114548,sweep_1650,2,400.0,424.6078568610166,67.0,62.10227353505894,0.17510876385603658,0.22170946267524072,0.21207904310234643
scope_20260817_114548,sweep_1651,2,400.0,415.0367682214526,67.0,65.31940229175646,0.17510876385603658,0.24214487375738072,0.18938444826359352
scope_20260817_114548,sweep_1652,2,400.0,438.1786620250185,66.0,60.83737195662217,0.18013284820762646,0.25629554378862585,0.22615061511331153
scope_20260817_114548,sweep_1653,2,400.0,405.68033653757215,66.0,61.05896425042755,0.18013284820762646,0.15945550824559662,0.21071696100362036
scope_20260817_114548,sweep_1654,2,400.0,335.91668634245093,65.0,62.029652427410845,0.18536699798737283,0.24345123972658694,0.1749779749102786
scope_20260817_114548,sweep_1720,2,1700.0,1825.2172403039915,66.0,65.38802196892169,0.5141710068026101,0.5061970073011663,0.5421688797489655
scope_20260817_114548,sweep_1721,2,1700.0,1735.7537947963722,66.0,67.97105472098441,0.5141710068026101,0.49241118314366783,0.49153891014500023
scope_20260817_114548,sweep_1722,2,1700.0,1724.2187025947246,65.0,65.92087962694154,0.5291113582642482,0.6125669791975503,0.5189886412354991
scope_20260817_114548,sweep_1723,2,1700.0,1832.449404382805,65.0,66.6782419177287,0.5291113582642482,0.5295957757899915,0.5236609757977282
scope_20260817_114548,sweep_1724,2,1700.0,1637.6451204078749,65.0,63.606972376319916,0.5291113582642482,0.5099086472873986,0.5407841074762926
scope_20260817_114548,sweep_1731,2,1900.0,1722.3467912726937,67.0,62.220000633462504,0.5284146989396626,0.5278616187144981,0.5778303628147805
scope_20260817_114548,sweep_1732,2,1900.0,1865.945291356511,67.0,68.17443118745214,0.5284146989396626,0.524465477952561,0.5067725677200051
scope_20260817_114548,sweep_1733,2,1900.0,1765.8509456096203,66.0,65.3665764142466,0.5435755621747858,0.5853790905023422,0.5336069847278108
scope_20260817_114548,sweep_1734,2,1900.0,1974.5281531601113,66.0,65.65871552081357,0.5435755621747858,0.5601262135174133,0.5595548863509198
scope_20260817_114548,sweep_1735,2,1900.0,2244.1803742915154,65.0,67.84209752577439,0.5593703266352535,0.5974482693267742,0.5609182055255953
scope_20260817_114548,sweep_1736,2,1900.0,1866.3568719762402,65.0,63.87373198304095,0.5593703266352535,0.5668613381411718,0.5728206732189189
scope_20260817_114548,sweep_1737,2,2000.0,2241.9121183254742,65.0,69.41009615978074,0.5739018459265718,0.5393971947022715,0.5369296300561133
scope_20260817_114548,sweep_1738,2,2000.0,2043.3256553207511,65.0,74.77685653244232,0.5739018459265718,0.5830524424709597,0.44483800763919035
scope_20260817_114548,sweep_1739,2,2000.0,2032.0850991422863,65.0,67.86061021871635,0.5739018459265718,0.5451674492081702,0.5334797726476326
scope_20260817_114548,sweep_1740,2,2000.0,2002.2927171993617,67.0,68.0590548067794,0.5421420420356879,0.5987545404576572,0.5266434417818111
scope_20260817_114548,sweep_1741,2,2000.0,1883.9935933274353,67.0,70.63426554881727,0.5421420420356879,0.5204428787171669,0.47615483259657
scope_20260817_114548,sweep_1748,2,2200.0,2279.5440741287084,66.0,61.5271787994143,0.5849172959739448,0.6430268447953824,0.6787147785854454
scope_20260817_114548,sweep_1749,2,2200.0,2511.0413297649548,65.0,69.07166507985443,0.6019133339889716,0.6154035592418003,0.5735272921110379
scope_20260817_114548,sweep_1750,2,2200.0,2352.8798000893194,65.0,70.92087072880774,0.6019133339889716,0.5358880995066575,0.528041466164069
scope_20260817_114548,sweep_1751,2,2200.0,2265.323490324771,65.0,64.77016187447353,0.6019133339889716,0.6538697333270234,0.6148496608521089
scope_20260817_114548,sweep_1752,2,2200.0,2670.7814540373874,64.0,66.70893310751894,0.6196276271703495,0.6393423294913411,0.6316511040121808
scope_20260817_114548,sweep_1753,2,2200.0,2112.0708024514115,65.0,72.2192068830809,0.6019133339889716,0.5500620533291616,0.48332039970668456
scope_20260817_114548,sweep_1754,2,2300.0,2495.091827154871,66.0,65.98746903651936,0.5980631462547109,0.6144129269451388,0.6231337978898188
scope_20260817_114548,sweep_1755,2,2300.0,2405.9792396795406,67.0,70.69723462733452,0.5813825700896265,0.5620126497683305,0.5371796260995728
scope_20260817_114548,sweep_1756,2,2300.0,2588.2019966224775,68.0,70.02943836694284,0.5653646652421381,0.5375077234456301,0.5672768911713647
scope_20260817_114548,sweep_1757,2,2300.0,2276.2327607285056,68.0,67.38692733253299,0.5653646652421381,0.6011997446016519,0.5721288662284163
scope_20260817_114548,sweep_1758,2,2300.0,2346.174869036349,68.0,67.63662996615486,0.5653646652421381,0.5939534681835837,0.5768148795600863
scope_20260817_114548,sweep_1759,2,2300.0,2620.9327047768675,68.0,68.33421309318028,0.5653646652421381,0.6374190726916921,0.5979583060222384
scope_20260817_114548,sweep_1767,2,2600.0,2447.8328259407763,68.0,68.46265485745039,0.6011064914086509,0.5981597199322563,0.5758278122163307
scope_20260817_114548,sweep_1768,2,2600.0,2581.919310225892,68.0,68.6945591936489,0.6011064914086509,0.595074248822962,0.5876200126401309
scope_20260817_114548,sweep_1769,2,2600.0,2674.41856308629,67.0,65.4489157234053,0.6181370332421551,0.6563527912223712,0.6551394297451729
scope_20260817_114548,sweep_1770,2,2600.0,2621.693410192596,67.0,67.88462629079154,0.6181370332421551,0.5575028940020073,0.6055470755424093
scope_20260817_114548,sweep_1771,2,2600.0,2432.277915183396,67.0,67.30853129456938,0.6181370332421551,0.6215994114028105,0.5927139078162568
scope_20260817_114548,sweep_1772,2,2600.0,2565.899200959856,66.0,65.8769044497086,0.6358721398551131,0.6146562711343287,0.6339073283589715
scope_20260817_114548,sweep_1773,2,2700.0,2655.835733268572,66.0,60.636724301043635,0.6479850785492928,0.7525021581820487,0.7526264305584767
scope_20260817_114548,sweep_1774,2,2700.0,2659.365902255553,65.0,67.2608349317141,0.6668136874893923,0.6350382959938073,0.6205943616150168
scope_20260817_114548,sweep_1775,2,2700.0,2559.843355303784,65.0,63.6737418590938,0.6668136874893923,0.6468530503831609,0.6747928297020415
scope_20260817_114548,sweep_1776,2,2700.0,2604.7956026931133,64.0,66.47376795853137,0.6864379963234598,0.6527740006981146,0.6279580168671985
scope_20260817_114548,sweep_1777,2,2700.0,2489.5763229136332,65.0,66.47982480885774,0.6668136874893923,0.6516394688447804,0.6138073397312898
scope_20260817_114548,sweep_1778,2,2700.0,2660.1459673124123,66.0,68.21255409029901,0.6479850785492928,0.5273534434505376,0.6044463702540174
scope_20260817_114548,sweep_1819,2,2500.0,2492.043248043465,65.0,68.15896890160859,0.6416417699522128,0.6035341217450213,0.5859053983447171
scope_20260817_114548,sweep_1820,2,2500.0,2466.417354026092,68.0,66.96745422950832,0.5894334095076933,0.5762047574876821,0.6025995403911938
scope_20260817_114548,sweep_1844,2,2000.0,2279.3912124402555,65.0,67.80918440087588,0.5739018459265718,0.5476514349788896,0.5658193910965992
scope_20260817_114548,sweep_1845,2,2000.0,2182.8502811243698,65.0,65.24165736498098,0.5739018459265718,0.6021339420983924,0.5954073563463398
scope_20260817_114548,sweep_1846,2,2000.0,2199.1863681135865,66.0,63.722398662621224,0.5576967595138479,0.6113782341513836,0.6245621003352745
scope_20260817_114548,sweep_1847,2,2000.0,2003.9814029610354,67.0,66.77599010519462,0.5421420420356879,0.5632925143537129,0.5461143903369492
scope_20260817_114548,sweep_1848,2,2000.0,2026.6891062542302,68.0,67.20187188249807,0.5272052687474692,0.5278417247372019,0.5426629148796335
scope_20260817_114548,sweep_1849,2,2000.0,1833.5497774297387,68.0,66.94770925288394,0.5272052687474692,0.5901830549943543,0.519855990570982
scope_20260817_114548,sweep_1884,2,1200.0,1277.3897925969734,66.0,62.821102282844016,0.43199005236619514,0.49257069708586654,0.4888070955336188
scope_20260817_114548,sweep_1885,2,1200.0,1263.1071815532882,66.0,65.26166057446147,0.43199005236619514,0.4395358916773634,0.4526606264710168
scope_20260817_114548,sweep_1886,2,1200.0,1266.2261329374799,67.0,66.67938695148189,0.4199414200166201,0.4369239435909792,0.43528711870174686
scope_20260817_114548,sweep_1887,2,1200.0,1223.7777665248066,68.0,68.00245584029776,0.4083714451783508,0.42977039744019063,0.41236938045868626
scope_20260817_114548,sweep_1888,2,1200.0,1122.3260481001412,68.0,66.28000219698394,0.4083714451783508,0.40613039185851135,0.41446451945735285
scope_20260817_114548,sweep_1889,2,1200.0,1261.123733603119,68.0,61.42042564046821,0.4083714451783508,0.48231698463741146,0.5064535654604593
scope_20260817_114548,sweep_1902,2,900.0,874.5426157497839,68.0,68.41051324726581,0.3337997651835563,0.3199925040348253,0.3222592101398651
scope_20260817_114548,sweep_1903,2,900.0,827.3180799734221,68.0,65.77335377291156,0.3337997651835563,0.3337276765152183,0.33140346030923756
scope_20260817_114548,sweep_1904,2,900.0,895.1655586949031,68.0,75.71435270494601,0.3337997651835563,0.36034247334498626,0.27086774893199683
scope_20260817_114548,sweep_1905,2,900.0,959.2630201440682,68.0,68.48863960612928,0.3337997651835563,0.30731164340146394,0.3472150582673074
scope_20260817_114548,sweep_1906,2,900.0,886.8720648159156,67.0,70.34758202664574,0.3432569760874854,0.35689231526084025,0.30923312775566086
scope_20260817_114548,sweep_1907,2,900.0,905.0080764358534,67.0,68.80087867164764,0.3432569760874854,0.2918755200786972,0.328002007509448
scope_20260817_114548,sweep_2021,2,1200.0,1169.2876120398812,70.0,70.68826243467592,0.386574260931079,0.3848736662887737,0.3745751361933825
scope_20260817_114548,sweep_2022,2,1200.0,1249.102527033387,70.0,68.65056436955926,0.386574260931079,0.4079248828442306,0.40921393594425093
scope_20260817_114548,sweep_2023,2,1200.0,1207.475800241115,71.0,65.86554504928023,0.3763037900522677,0.39735308070556785,0.434996580884506
scope_20260817_114548,sweep_2024,2,1200.0,1268.4909788507052,72.0,78.42603696690567,0.36642527904127975,0.3215352950607341,0.31989264562855296
scope_20260817_114548,sweep_2025,2,1200.0,1196.62085938203,72.0,71.19206061508405,0.36642527904127975,0.3942654983436408,0.37384921231969204
scope_20260817_114548,sweep_2045,2,1700.0,1882.3357165211385,71.0,71.29958808307748,0.44789109734128074,0.49096035789849923,0.4675419914553954
scope_20260817_114548,sweep_2046,2,1700.0,1622.5933872590979,72.0,72.2958149053689,0.4361333174470236,0.40970188647751227,0.42277446512685535
scope_20260817_114548,sweep_2047,2,1700.0,1751.4080581630753,72.0,71.45648327860816,0.4361333174470236,0.41769041841592885,0.4491076491756835
scope_20260817_114548,sweep_2048,2,1700.0,1553.665925841415,73.0,70.08358848907618,0.42481984064140793,0.3658047566989397,0.43887227963149134
scope_20260817_114548,sweep_2049,2,1700.0,1572.8357417330917,72.0,68.07855144258377,0.4361333174470236,0.47527267779509497,0.46650863035596213
scope_20260817_114548,sweep_2050,2,1800.0,1796.586160330355,72.0,67.5787742274865,0.4487774812540393,0.4905149953795767,0.5055700425330225
scope_20260817_114548,sweep_2051,2,1800.0,1821.5525307450507,72.0,66.64766081361601,0.4487774812540393,0.4580617661157676,0.5225525716205004
scope_20260817_114548,sweep_2052,2,1800.0,1609.8330519945534,71.0,67.76208592950992,0.4608761369517322,0.414826579606895,0.476132966031177
scope_20260817_114548,sweep_2053,2,1800.0,1614.0454632684493,70.0,67.67870438214223,0.47345484348733297,0.5093600745626133,0.4778643635542169
scope_20260817_114548,sweep_2054,2,1800.0,2074.3439969877463,70.0,72.08943427515317,0.47345484348733297,0.48074651914563127,0.48062763439147277
scope_20260817_114548,sweep_2055,2,1800.0,1862.7621311939677,69.0,67.50157963498478,0.48653783993451966,0.49155878762971333,0.5159078798256789
scope_20260817_114548,sweep_2073,2,2200.0,2234.4340313907423,72.0,70.8436763240472,0.4961421732268008,0.5159539370513122,0.5156445916419787
scope_20260817_114548,sweep_2074,2,2200.0,2408.8547691116987,72.0,72.28346774323616,0.4961421732268008,0.5114188706269285,0.5152885581978667
scope_20260817_114548,sweep_2075,2,2200.0,2405.7580918747003,72.0,74.06171010138432,0.4961421732268008,0.5057779455001209,0.49162790752702806
scope_20260817_114548,sweep_2076,2,2200.0,2349.3944658861415,72.0,68.57687626003712,0.4961421732268008,0.5055594429885761,0.562355833360577
scope_20260817_114548,sweep_2077,2,2200.0,2210.8980953612104,72.0,73.91140100593137,0.4961421732268008,0.4794262280483537,0.4731297758492876
scope_20260817_114548,sweep_2078,2,2200.0,2255.6020215215435,71.0,69.40926560145435,0.5095177403657818,0.5320604930782586,0.5385786819573296
scope_20260817_114548,sweep_2096,2,2600.0,2533.8657778668526,70.0,72.2690035986174,0.5690219049367855,0.5295150437148349,0.528691756289461
scope_20260817_114548,sweep_2097,2,2600.0,2574.1343160272804,71.0,66.3574563999083,0.5539041811390779,0.6132454444699758,0.6263106087168504
scope_20260817_114548,sweep_2098,2,2600.0,2591.8883490801736,72.0,70.90873983570356,0.5393634066450059,0.5805599879634474,0.554392632044104
scope_20260817_114548,sweep_2099,2,2600.0,2679.032496654784,72.0,67.88403786755566,0.5393634066450059,0.5709047877722228,0.6121432377375464
scope_20260817_114548,sweep_2100,2,2600.0,2627.467122456174,72.0,74.92349240870001,0.5393634066450059,0.5102127814879407,0.5025443420290417
scope_20260817_114548,sweep_2109,2,2900.0,2551.589092617464,72.0,72.38967414278464,0.5696312453753094,0.5405006893951609,0.5288541178354349
scope_20260817_114548,sweep_2110,2,2900.0,2487.8379397075396,72.0,69.95632352799099,0.5696312453753094,0.5668096474561942,0.5572722007647795
scope_20260817_114548,sweep_2111,2,2900.0,2613.657630886618,72.0,72.98164410633301,0.5696312453753094,0.5233403818871055,0.5270028546848
scope_20260817_114548,sweep_2112,2,2900.0,2422.4031073442534,71.0,70.81473592032411,0.5849880148219089,0.5624749922209279,0.5373125551897786
scope_20260817_114548,sweep_2113,2,2900.0,2581.527210869266,71.0,70.35312766630436,0.5849880148219089,0.5782227653187566,0.5616099411526004
scope_20260817_114548,sweep_2114,2,2900.0,2542.0419315025897,70.0,71.96339479122352,0.600954110645306,0.5438807612232822,0.5338344599156123
scope_20260817_114548,sweep_2121,2,2900.0,2538.669987077359,72.0,70.08726938067161,0.5696312453753094,0.5376537078854996,0.5609435916310884
scope_20260817_114548,sweep_2122,2,2900.0,2566.455617785294,72.0,68.84043812676555,0.5696312453753094,0.586639043970551,0.5835117688272982
scope_20260817_114548,sweep_2123,2,2900.0,2535.884052438902,72.0,73.09454218197263,0.5696312453753094,0.5282321693666245,0.5175746126707452
scope_20260817_114548,sweep_2124,2,2900.0,2435.65208459137,72.0,74.85899249323043,0.5696312453753094,0.4989225631687204,0.4846506875061241
scope_20260817_114548,sweep_2125,2,2900.0,2533.4304731980064,71.0,72.29028344431796,0.5849880148219089,0.5097881965077783,0.5283499720377727
scope_20260817_114548,sweep_2126,2,2900.0,2571.8582507402416,71.0,69.7205512069173,0.5849880148219089,0.5786926625834492,0.5702422309013119
scope_20260817_114548,sweep_2158,2,2200.0,2417.5435449447014,72.0,72.55544974187731,0.4961421732268008,0.5195429397345372,0.5125365299154224
scope_20260817_114548,sweep_2159,2,2200.0,2399.3547950043494,72.0,71.22801144404026,0.4961421732268008,0.5372708645135339,0.5288696157870713
scope_20260817_114548,sweep_2160,2,2200.0,2616.295414286519,71.0,74.55052697975813,0.5095177403657818,0.5052851188746421,0.5062835804403648
scope_20260817_114548,sweep_2161,2,2200.0,2461.0592102112178,71.0,71.32318617954999,0.5095177403657818,0.49837033584184315,0.534268855192247
scope_20260817_114548,sweep_2191,2,1600.0,1945.2315798876161,69.0,71.75755109079171,0.4587122745620718,0.454573196666324,0.4695357689050387
scope_20260817_114548,sweep_2192,2,1600.0,1491.3782215244073,70.0,69.4175901436231,0.44637750722067815,0.4661731700053082,0.43783771627804857
scope_20260817_114548,sweep_2193,2,1600.0,1656.7800879916383,71.0,71.894891820902,0.4345181889675064,0.4354301220499993,0.4317526424467119
scope_20260817_114548,sweep_2194,2,1600.0,1657.369936346056,72.0,73.29262485862616,0.4231114669847332,0.4646948448442058,0.4162706379488947
scope_20260817_114548,sweep_2195,2,1600.0,1562.2435060007185,72.0,68.17668090944547,0.4231114669847332,0.4721769031153038,0.4636720733791004
scope_20260817_114548,sweep_2196,2,1600.0,1574.1312611905591,73.0,70.54207589052554,0.412135782311197,0.4303284978508432,0.43632077135180225
scope_20260817_114548,sweep_2213,2,1200.0,1218.7852982951783,71.0,68.19465910494814,0.3763037900522677,0.4136557704249997,0.4093397187148411
scope_20260817_114548,sweep_2214,2,1200.0,1103.8369572769086,71.0,73.99076185031494,0.3763037900522677,0.36738860309769183,0.3336246709730254
scope_20260817_114548,sweep_2215,2,1200.0,1314.691250621315,70.0,71.02995995618326,0.386574260931079,0.39295043719198447,0.393560663910391
scope_20260817_114548,sweep_2216,2,1100.0,964.4844499895282,71.0,74.5096686221329,0.36028344934749096,0.3552528838684459,0.2971465316644046
scope_20260817_114548,sweep_2217,2,1100.0,1210.065609797969,72.0,69.23646786226399,0.3508254951213016,0.42517863986137294,0.39634410016690974
scope_20260817_114548,sweep_2218,2,1100.0,1011.4493276994144,72.0,68.16327813752596,0.3508254951213016,0.33111262133818803,0.3732243047927691
scope_20260817_114548,sweep_2219,2,1100.0,981.1653774901673,73.0,72.29443003670285,0.34172493815145816,0.32450732800657267,0.31927563892709415
scope_20260817_114548,sweep_2220,2,1100.0,1201.8950900889593,73.0,72.25535469689623,0.34172493815145816,0.39832624672774397,0.364250584172401
scope_20260817_114548,sweep_2221,2,1100.0,1162.880930325706,72.0,70.39742543021266,0.3508254951213016,0.36970490797109046,0.376482887874123
scope_20260817_114548,sweep_2308,2,500.0,470.75689955203137,75.0,71.99266167645263,0.1700994453362069,0.17604960338525813,0.17494451587536458
scope_20260817_114548,sweep_2309,2,500.0,517.6830356596328,76.0,73.35219573198668,0.1658403219313237,0.1734105286595483,0.18266941456556884
scope_20260817_114548,sweep_2310,2,500.0,524.8676899945046,77.0,80.27953173670755,0.16173598339362202,0.14758952912336265,0.15541406874615787
scope_20260817_114548,sweep_2311,2,500.0,461.8336880076133,77.0,70.47395134640098,0.16173598339362202,0.16622910637231578,0.17931022629515478
scope_20260817_114548,sweep_2312,2,500.0,496.56372413825903,77.0,82.8579003629548,0.16173598339362202,0.14970818173041078,0.13965271019404854
scope_20260817_114548,sweep_2313,2,500.0,440.90122947322834,77.0,75.74567021670079,0.16173598339362202,0.16834351890875973,0.1503615663868778
scope_20260817_114548,sweep_2314,2,600.0,544.5452664728921,77.0,79.507341304359,0.18815990612039707,0.13254081134514722,0.16324318838937363
scope_20260817_114548,sweep_2315,2,600.0,652.4720759783689,76.0,82.54891148006244,0.19293479874315234,0.18805263733380073,0.17644378179669
scope_20260817_114548,sweep_2316,2,600.0,569.6825974898939,75.0,80.70901445088315,0.19788976450403456,0.14983420158435282,0.16465030579544407
scope_20260817_114548,sweep_2317,2,600.0,621.6721903554559,75.0,75.80444762480379,0.19788976450403456,0.23605449844731696,0.19968450067276544
scope_20260817_114548,sweep_2318,2,600.0,647.1648477499615,74.0,79.64090604844982,0.20303347957492432,0.18021410608053204,0.18778757617308775
scope_20260817_114548,sweep_2319,2,600.0,592.8249660366093,74.0,80.80536922086111,0.20303347957492432,0.16813962221598405,0.16979238047245696
scope_20260817_114548,sweep_2328,2,900.0,946.0680551633304,75.0,73.97115579378524,0.2770633472445438,0.28954842197077413,0.2965112108850808
scope_20260817_114548,sweep_2329,2,900.0,813.7914012773,75.0,73.01228362544886,0.2770633472445438,0.2557735991972815,0.2682667464934737
scope_20260817_114548,sweep_2330,2,900.0,879.4552021778959,77.0,70.21298870872512,0.26344067636642954,0.2820902118241748,0.30820308362523596
scope_20260817_114548,sweep_2331,2,900.0,931.4422384437453,77.0,72.64943255972076,0.26344067636642954,0.3145142748443538,0.30294630460099603
scope_20260817_114548,sweep_2378,2,1800.0,1890.0127902862919,75.0,77.6291199396473,0.41513948900175224,0.37736354161954094,0.3982099988596941
scope_20260817_114548,sweep_2379,2,1800.0,1915.4283291825225,76.0,74.44986418053408,0.4047448030555173,0.40936756115713213,0.43431538383063234
scope_20260817_114548,sweep_2380,2,1800.0,1675.1111208629172,77.0,77.9423259710891,0.3947278803085682,0.36741849578059665,0.37200081899938603
scope_20260817_114548,sweep_2381,2,1800.0,1902.8780598977937,77.0,76.80150899393082,0.3947278803085682,0.3775586217543938,0.40786564393448893
scope_20260817_114548,sweep_2382,2,1800.0,1941.4953224421931,77.0,79.36035479691218,0.3947278803085682,0.36535502045866314,0.3868484427167544
scope_20260817_114548,sweep_2397,2,2200.0,2409.90472144241,74.0,77.46568548221532,0.470883486319151,0.4659698690308427,0.4514781165510593
scope_20260817_114548,sweep_2398,2,2200.0,2393.672857330622,75.0,76.31934123903496,0.4589539735595614,0.4421117234556825,0.46300740713485056
scope_20260817_114548,sweep_2399,2,2200.0,2585.612254302298,76.0,74.67929862716794,0.4474622158604809,0.4984618498268046,0.5016479621761023
scope_20260817_114548,sweep_2400,2,2200.0,2147.391932518527,77.0,76.86874185428745,0.4363880910919455,0.47893243802728763,0.4325521369945515
scope_20260817_114548,sweep_2401,2,2200.0,2370.5003467089527,77.0,74.4089371915578,0.4363880910919455,0.4951722245788989,0.4836695587625949
scope_20260817_114548,sweep_2402,2,2300.0,2048.199938828614,77.0,80.305648706958,0.44619578963204737,0.4174365668068302,0.3883856592799074
scope_20260817_114548,sweep_2403,2,2300.0,2440.788259511757,77.0,74.80397362778965,0.44619578963204737,0.48255778181032893,0.48584416272027886
scope_20260817_114548,sweep_2404,2,2300.0,2503.297137569062,76.0,78.16183736798082,0.45751880221292773,0.46091743215093545,0.45230599320325054
scope_20260817_114548,sweep_2405,2,2300.0,2610.637085638785,76.0,75.47679336301239,0.45751880221292773,0.4942160948202206,0.4939283603331336
scope_20260817_114548,sweep_2406,2,2300.0,2518.017223613894,75.0,74.56670465749417,0.46926883390598106,0.5297908718524915,0.49647757733910336
scope_20260817_114548,sweep_2407,2,2300.0,2554.2033138551083,74.0,75.99046998342861,0.48146645908033336,0.5115582439947808,0.48225539925879557
scope_20260817_114548,sweep_2420,2,2600.0,2639.3312652423338,74.0,77.63375448078918,0.5119043190022752,0.4548574723636923,0.470518784435386
scope_20260817_114548,sweep_2421,2,2600.0,2360.8097012268363,74.0,77.12925489026023,0.5119043190022752,0.4974073726048046,0.4506035587030601
scope_20260817_114548,sweep_2422,2,2600.0,2470.570666532123,75.0,71.57998842444562,0.4989355713552454,0.5681726463421221,0.5316537394496397
scope_20260817_114548,sweep_2423,2,2600.0,2615.4941631695756,76.0,70.38437745310554,0.4864427136314138,0.5603229740486683,0.5648163805930133
scope_20260817_114548,sweep_2424,2,2600.0,2626.461717474174,77.0,73.4647196748802,0.47440387076925156,0.5386951312405993,0.5216844112010873
scope_20260817_114548,sweep_2437,2,2900.0,2415.806526120479,77.0,81.487524534345,0.5010263291647769,0.42092634176856786,0.410096909613452
scope_20260817_114548,sweep_2438,2,2900.0,2637.903183066033,77.0,76.24509951643076,0.5010263291647769,0.5088556413210901,0.4869619689060925
scope_20260817_114548,sweep_2439,2,2900.0,2700.4920285173794,77.0,77.65889005866059,0.5010263291647769,0.47533833383126445,0.475643494565003
scope_20260817_114548,sweep_2440,2,2900.0,2481.8222542564995,76.0,76.98671810060976,0.5137407643080655,0.5036326782860081,0.4636503617287569
scope_20260817_114548,sweep_2441,2,2900.0,2302.771253592708,75.0,76.95171710166805,0.5269346925869384,0.46028241757113936,0.4470020330927386
scope_20260817_114548,sweep_2444,2,2900.0,2667.99232826579,77.0,78.29495968238345,0.5010263291647769,0.4653929973965524,0.4654238772972492
scope_20260817_114548,sweep_2445,2,2900.0,2381.5793716221556,77.0,75.8087817413346,0.5010263291647769,0.48612518410585076,0.46781412852544557
scope_20260817_114548,sweep_2446,2,2900.0,2488.409763384664,77.0,74.57155872567162,0.5010263291647769,0.4947753860919455,0.4934886729920691
scope_20260817_114548,sweep_2447,2,2900.0,2540.0043835516317,77.0,75.30454210039849,0.5010263291647769,0.4993421978412596,0.4893362054462028
scope_20260817_114548,sweep_2448,2,2900.0,2601.0004332860854,77.0,78.11950988685784,0.5010263291647769,0.42554684999238135,0.4615282022809683
scope_20260817_114548,sweep_2449,2,2900.0,2589.9797542522138,76.0,76.33084614532659,0.5137407643080655,0.5095313147509825,0.48148000375923555
scope_20260817_114548,sweep_2461,2,2600.0,2541.696581825188,76.0,76.85235104681803,0.4864427136314138,0.47436768395195655,0.4707846435785162
scope_20260817_114548,sweep_2462,2,2600.0,2561.859089524862,75.0,75.68390395126693,0.4989355713552454,0.4871822825583742,0.4867317291232275
scope_20260817_114548,sweep_2463,2,2600.0,2535.2049559658553,75.0,76.15310948446007,0.4989355713552454,0.5135078633186164,0.4784944184924211
scope_20260817_114548,sweep_2464,2,2600.0,2457.925375805429,74.0,74.12792483152816,0.5119043190022752,0.49006596469026326,0.49608193409040474
scope_20260817_114548,sweep_2465,2,2600.0,2586.0475557827526,74.0,77.13218680386113,0.5119043190022752,0.44088542333013414,0.47157492767544945
scope_20260817_114548,sweep_2466,2,2600.0,2605.14014586007,75.0,74.86251641986541,0.4989355713552454,0.5106947389819982,0.5011845209510388
scope_20260817_114548,sweep_2467,2,2500.0,2487.1861562252475,76.0,76.0522460659474,0.47699632481761656,0.5319662175885869,0.4751463244644855
scope_20260817_114548,sweep_2468,2,2500.0,2706.5893579890444,77.0,76.93708176415122,0.4651912681493008,0.5049189767690845,0.48479009210854984
scope_20260817_114548,sweep_2469,2,2500.0,2595.150101425798,77.0,78.82139803336861,0.4651912681493008,0.48631921618587304,0.45315272023767017
scope_20260817_114548,sweep_2470,2,2500.0,2540.1009749962604,77.0,76.67444480344767,0.4651912681493008,0.4861992401791852,0.4727332580362719
scope_20260817_114548,sweep_2471,2,2500.0,2634.8967066133528,77.0,76.4509207358645,0.4651912681493008,0.4971585204813661,0.4841761233641777
scope_20260817_114548,sweep_2472,2,2500.0,2421.5031193734217,77.0,75.34647671687057,0.4651912681493008,0.4455140698681213,0.47727629582210734
scope_20260817_114548,sweep_2478,2,2300.0,2464.8611046720926,75.0,75.11102726449772,0.46926883390598106,0.4693623280850864,0.48442310828992086
scope_20260817_114548,sweep_2479,2,2300.0,2536.3868843939526,75.0,77.5792120217985,0.46926883390598106,0.45937187979204785,0.4618742070360955
scope_20260817_114548,sweep_2480,2,2300.0,2487.1242352301597,76.0,73.05875542807586,0.45751880221292773,0.5473189856686235,0.5130535182943761
scope_20260817_114548,sweep_2481,2,2300.0,2325.4686975980335,77.0,78.53564920887362,0.44619578963204737,0.4734735269994679,0.43196664854793954
scope_20260817_114548,sweep_2482,2,2300.0,2543.7621853480523,77.0,78.4558208860087,0.44619578963204737,0.48732675887922144,0.45267025068538924
scope_20260817_114548,sweep_2483,2,2300.0,2398.2560680992938,77.0,76.24225467105653,0.44619578963204737,0.4347101084827913,0.46434893087738816
scope_20260817_114548,sweep_2490,2,2100.0,2304.0208166185885,75.0,74.6415246045686,0.4484018969816496,0.4668688746696306,0.4740025873641455
scope_20260817_114548,sweep_2491,2,2100.0,2066.272749014389,75.0,75.66973984033872,0.4484018969816496,0.44827253198798167,0.43728192012564604
scope_20260817_114548,sweep_2492,2,2100.0,2194.9612029684627,76.0,75.77975853328002,0.43717435293849416,0.4851462466602644,0.44944105374649673
scope_20260817_114548,sweep_2493,2,2100.0,2111.0836168817405,77.0,77.70032454443549,0.42635483978533406,0.44169965430892705,0.42011489760981335
scope_20260817_114548,sweep_2494,2,2100.0,2221.238165522483,77.0,79.04433780413252,0.42635483978533406,0.4325916563135689,0.4169679223150469
scope_20260817_114548,sweep_2495,2,2100.0,2098.257566780134,77.0,80.00777298089245,0.42635483978533406,0.4090837454465904,0.3959250863931522
scope_20260817_114548,sweep_2504,2,1800.0,1647.0612643375844,77.0,78.11146033816044,0.3947278803085682,0.3763919239380932,0.36734054974522
scope_20260817_114548,sweep_2505,2,1800.0,1617.5022051888243,77.0,77.63624384852092,0.3947278803085682,0.3717920766198396,0.3683203559987487
scope_20260817_114548,sweep_2506,2,1800.0,2070.671141582616,76.0,77.19946570687297,0.4047448030555173,0.3942316072651136,0.4212709428307743
scope_20260817_114548,sweep_2507,2,1800.0,2177.285876517019,76.0,76.2753118677356,0.4047448030555173,0.3987815787078942,0.44207260558568423
scope_20260817_114548,sweep_2508,2,1800.0,1941.4264799880066,75.0,76.54878331138356,0.41513948900175224,0.3651412709585369,0.41458822939442086
scope_20260817_114548,sweep_2556,2,800.0,854.8879617564767,74.0,79.87177670407418,0.2577904407180214,0.2220085677530734,0.2352827833663704
scope_20260817_114548,sweep_2557,2,800.0,904.4011849123561,75.0,73.86711909625517,0.25125949529055425,0.30271261783936876,0.2863998234716421
scope_20260817_114548,sweep_2558,2,800.0,770.7244761382411,76.0,77.53168644651839,0.24496820377589956,0.25080108785284894,0.22858784061778192
scope_20260817_114548,sweep_2559,2,800.0,759.2627692343389,76.0,78.3180466817035,0.24496820377589956,0.21308075003318278,0.22142967177426762
scope_20260817_114548,sweep_2560,2,800.0,831.6408848233829,77.0,82.5796432392094,0.23890555008854514,0.20622102502369516,0.21565270655791377
scope_20260817_114548,sweep_2567,2,600.0,605.0480150626114,74.0,75.21909003038304,0.20303347957492432,0.24545058166027864,0.19816155424494386
scope_20260817_114548,sweep_2568,2,600.0,585.0786044524696,74.0,81.42627969825311,0.20303347957492432,0.18948293619585477,0.16549027532817487
scope_20260817_114548,sweep_2569,2,600.0,660.8698842461982,75.0,79.56107410555667,0.19788976450403456,0.20613916601580753,0.19145145435825478
scope_20260817_114548,sweep_2570,2,600.0,590.2911272989115,75.0,77.91232365751053,0.19788976450403456,0.17370875673099817,0.18147975433304747
scope_20260817_114548,sweep_2571,2,600.0,581.7353052580844,76.0,74.87128996441294,0.19293479874315234,0.19347009262535408,0.1935115337433213
scope_20260817_114548,sweep_2572,2,600.0,609.2899845710688,77.0,76.40079099368334,0.18815990612039707,0.18076162868448176,0.19345126865705933
scope_20260817_114548,sweep_2627,2,400.0,420.8618276484905,80.0,82.09625061599738,0.12487474752362188,0.13354905810669757,0.12392554248046518
scope_20260817_114548,sweep_2628,2,400.0,429.84760286623714,79.0,77.59210151852645,0.12793323918550986,0.12986054463504013,0.14058160544704093
scope_20260817_114548,sweep_2629,2,400.0,413.17424882970937,79.0,77.23873893109385,0.12793323918550986,0.14277195725029998,0.1372374705861526
scope_20260817_114548,sweep_2630,2,400.0,371.91396595805946,80.0,83.53734783523099,0.12487474752362188,0.0997880393220074,0.1081467854276852
scope_20260817_114548,sweep_2631,2,400.0,395.6867789768773,80.0,79.01474763386022,0.12487474752362188,0.11657448431636683,0.12674169614321207
scope_20260817_114548,sweep_2666,2,1100.0,1090.8761799047136,82.0,81.9882606761943,0.27340321212049773,0.2471990768508994,0.27234215866043476
scope_20260817_114548,sweep_2667,2,1100.0,1202.026368701941,82.0,79.26395286120588,0.27340321212049773,0.3133891367137094,0.30510192046227974
scope_20260817_114548,sweep_2690,2,1600.0,1548.07180992682,82.0,82.86271919579362,0.32973668039332316,0.31315300944950936,0.31786078677721075
scope_20260817_114548,sweep_2691,2,1600.0,1517.9703368324829,82.0,75.18795553639524,0.32973668039332316,0.36805442611948863,0.379410683450165
scope_20260817_114548,sweep_2692,2,1600.0,1481.9763966736498,81.0,77.57050207243904,0.3376266528164806,0.35132712148748885,0.35312641797181415
scope_20260817_114548,sweep_2693,2,1600.0,1481.8126622720736,81.0,80.40896690551205,0.3376266528164806,0.31809788255485694,0.32953278219040466
scope_20260817_114548,sweep_2694,2,1600.0,1582.1075170989357,80.0,82.1805608558991,0.3457998668300191,0.32051799741133763,0.3265002315094062
scope_20260817_114548,sweep_2695,2,1600.0,1505.9896047778416,79.0,80.70887272979984,0.35426936150652705,0.3258106573034442,0.32983720861840343
scope_20260817_114548,sweep_2696,2,1700.0,1583.9995495735411,79.0,75.61780813535285,0.36517249935288454,0.41790298052482544,0.38336826420250975
scope_20260817_114548,sweep_2697,2,1700.0,1611.6993705488867,80.0,77.83771830968567,0.3564423440661724,0.38158269957264895,0.36583409250636345
scope_20260817_114548,sweep_2698,2,1700.0,1603.6870204537463,80.0,82.37185233797524,0.3564423440661724,0.3522876752333913,0.3272489110942494
scope_20260817_114548,sweep_2699,2,1700.0,1864.2495909150548,81.0,82.94942747108676,0.34801758789652293,0.3716607742705956,0.3481105320904778
scope_20260817_114548,sweep_2700,2,1700.0,1461.2508129701175,82.0,78.46457479234135,0.3398847904755508,0.37674183887425344,0.3430148904383979
scope_20260817_114548,sweep_2701,2,1700.0,1559.0689237884303,82.0,82.68879983406023,0.3398847904755508,0.3442575565443971,0.32028329255175403
scope_20260817_114548,sweep_2702,2,1800.0,2040.404638405338,82.0,80.62486012736757,0.3497385640680902,0.34887710378153947,0.38469616739911355
scope_20260817_114548,sweep_2703,2,1800.0,1515.6453786082207,81.0,83.04622468806205,0.3581071435737744,0.31475216363792585,0.31317474165466613
scope_20260817_114548,sweep_2704,2,1800.0,1908.5645090524265,81.0,85.58897476594271,0.3581071435737744,0.31551006440112533,0.33155122631482026
scope_20260817_114548,sweep_2705,2,1800.0,2106.9738710566385,80.0,83.29064895764478,0.36677614615336745,0.3215262131409743,0.3671594551258227
scope_20260817_114548,sweep_2706,2,1800.0,1898.3587098567325,79.0,81.57874164368489,0.37575940183184064,0.36017584057399454,0.3627506283656668
scope_20260817_114548,sweep_2707,2,1800.0,1819.1295967066458,79.0,79.9267672455795,0.37575940183184064,0.42245846953201055,0.3693704228078386
scope_20260817_114548,sweep_2719,2,2100.0,2216.814204335306,79.0,79.82243812412241,0.40586654137683376,0.4361809633515863,0.40877710648483834
scope_20260817_114548,sweep_2720,2,2100.0,2176.685819995105,79.0,75.11392068065177,0.40586654137683376,0.4509187638008209,0.4551918621261735
scope_20260817_114548,sweep_2721,2,2100.0,2462.6480622126583,80.0,78.0338059889234,0.39616351626355295,0.5067582202006056,0.45003352983939465
scope_20260817_114548,sweep_2722,2,2100.0,1963.4040464761692,81.0,77.89787627018508,0.3867999232915244,0.3903605478812541,0.40318345093525354
scope_20260817_114548,sweep_2733,2,2400.0,2535.177137907064,82.0,80.78582680204408,0.40384330822141,0.4032418050038057,0.42716502513743776
scope_20260817_114548,sweep_2734,2,2400.0,2597.469686770303,81.0,80.79844656305936,0.41350651148209316,0.4464144800329914,0.432251114497182
scope_20260817_114548,sweep_2735,2,2400.0,2716.9123640937846,81.0,78.03261976405798,0.41350651148209316,0.4444242058830012,0.4727093491973104
scope_20260817_114548,sweep_2736,2,2400.0,2473.753015618823,80.0,79.24819384861289,0.4235166134279604,0.4200229015705296,0.43785688951356255
scope_20260817_114548,sweep_2737,2,2400.0,2496.646885605024,79.0,76.98309168378844,0.4338895835962918,0.4477953278146871,0.46507508057350266
scope_20260817_114548,sweep_2738,2,2400.0,2578.9440167741077,79.0,77.6773470599205,0.4338895835962918,0.43948417470140155,0.4646039839306415
scope_20260817_114548,sweep_2814,2,2100.0,2220.5979068300953,80.0,80.54372533989962,0.39616351626355295,0.36394791471324606,0.4021024166313841
scope_20260817_114548,sweep_2815,2,2100.0,2147.386640226428,79.0,77.52501598677922,0.40586654137683376,0.4493209930102102,0.42555302183384336
scope_20260817_114548,sweep_2816,2,2100.0,2368.540958871651,79.0,80.46016675807611,0.40586654137683376,0.425805229093371,0.41611192121544116
scope_20260817_114548,sweep_2817,2,2100.0,2079.3690008383037,80.0,78.94319256290159,0.39616351626355295,0.3903069762831381,0.40442689331493403
scope_20260817_114548,sweep_2818,2,2100.0,2128.1336630839014,80.0,80.2583215332167,0.39616351626355295,0.4295751133470833,0.39634130421458796
scope_20260817_114548,sweep_2819,2,2100.0,2176.6334420377293,81.0,79.38575419845668,0.3867999232915244,0.39093048317507384,0.40935304019331575
scope_20260817_114548,sweep_2868,2,1100.0,1148.4147284764929,80.0,75.73430593406643,0.28672210270750936,0.33416717851363364,0.3254675742942014
scope_20260817_114548,sweep_2869,2,1100.0,1037.3114084468816,80.0,79.63704375368134,0.28672210270750936,0.2784697917446431,0.2808791956401726
scope_20260817_114548,sweep_2870,2,1100.0,1186.9406926054721,79.0,77.37171467032306,0.2937446367089817,0.32584463752750825,0.3175872229522063
scope_20260817_114548,sweep_2871,2,1100.0,1067.7692885085473,79.0,79.51101183379288,0.2937446367089817,0.28987091159171785,0.2858426329428752
scope_20260817_114548,sweep_2872,2,1100.0,1043.3459834043035,79.0,83.08842521393034,0.2937446367089817,0.27541877250317054,0.259583095590394
scope_20260817_114548,sweep_2873,2,1000.0,1177.1049337317759,80.0,81.16286821534943,0.2733787984414425,0.3185135603089885,0.2884720352597171
scope_20260817_114548,sweep_2874,2,1000.0,982.6329763131506,81.0,84.32879039010969,0.26691730541974545,0.2515785494297289,0.2378621935433585
scope_20260817_114548,sweep_2875,2,1000.0,955.4187111940048,82.0,74.07174223872404,0.26067973453647164,0.34272480676893624,0.29816658892236436
scope_20260817_114548,sweep_2876,2,1000.0,997.8473046521963,82.0,79.08370533713878,0.26067973453647164,0.29435894138575075,0.2726543794839056
scope_20260817_114548,sweep_2877,2,1000.0,1068.8814374842198,82.0,75.85270590019088,0.26067973453647164,0.31109830711294195,0.31305723005040265
scope_20260817_114548,sweep_2878,2,1000.0,995.8245209421012,81.0,83.68884081169871,0.26691730541974545,0.2561480670401864,0.24407277588511106
scope_20260817_114548,sweep_2904,2,400.0,490.0546811220858,79.0,82.78858442728693,0.12793323918550986,0.16170513636902262,0.1383548089879077
scope_20260817_114548,sweep_2905,2,400.0,452.55179772131515,80.0,83.16150603304175,0.12487474752362188,0.12041530165895271,0.12838970519057913
scope_20260817_114548,sweep_2906,2,400.0,464.2474931487101,81.0,79.61076273809799,0.1219232483060156,0.13661085297149095,0.14264052200649815
scope_20260817_114548,sweep_2907,2,400.0,449.9456368611754,82.0,83.4980988128361,0.11907403288166603,0.1238875040647526,0.12678360378626802
scope_20260817_114548,sweep_2908,2,400.0,414.513484125318,82.0,84.31310578244094,0.11907403288166603,0.12314385557187404,0.11623948855367018
scope_20260817_114548,sweep_2909,2,400.0,436.8788023129394,82.0,82.21395563660151,0.11907403288166603,0.12019893571199051,0.12747495969325123
scope_20260817_114548,sweep_3032,2,1900.0,1742.8148776910946,86.0,89.22718896498064,0.32775803318756425,0.3115231803338023,0.29232381828270715
scope_20260817_114548,sweep_3033,2,1900.0,1741.7396237977407,86.0,85.56155580126462,0.32775803318756425,0.32578863049492895,0.3169258803785325
scope_20260817_114548,sweep_3034,2,1900.0,1784.6998459362408,86.0,84.24481295102194,0.32775803318756425,0.3416441187121775,0.33056640103026863
scope_20260817_114548,sweep_3035,2,1900.0,1959.1499337879372,86.0,84.0992488394519,0.32775803318756425,0.3459851393141973,0.34750420995625353
scope_20260817_114548,sweep_3036,2,1900.0,2029.6648669187211,86.0,85.74269469077436,0.32775803318756425,0.32035574491758184,0.34072462446616525
scope_20260817_114548,sweep_3037,2,1900.0,1977.6400443699936,85.0,80.64977609751166,0.3352492210195882,0.38131904928103205,0.37850786981568296
scope_20260817_114548,sweep_3061,2,2400.0,2508.1484421173327,84.0,82.11661746455208,0.38549783533128473,0.36533691756152575,0.4117123757694034
scope_20260817_114548,sweep_3062,2,2400.0,2454.9433198038496,85.0,83.31036837406039,0.37678759650091403,0.38702625722646533,0.39613889325013035
scope_20260817_114548,sweep_3068,2,2600.0,2556.3474747134105,84.0,84.06352062224421,0.4012388683384647,0.4142948599514382,0.3972761256987197
scope_20260817_114548,sweep_3069,2,2600.0,2473.472685550174,84.0,82.55294820191087,0.4012388683384647,0.41997907207235025,0.40469939514742403
scope_20260817_114548,sweep_3070,2,2600.0,2393.425875405819,84.0,82.317046670183,0.4012388683384647,0.41787988208124843,0.400300201620447
scope_20260817_114548,sweep_3071,2,2600.0,2504.6528080876897,84.0,83.67291630971418,0.4012388683384647,0.4167429877133138,0.3967901599761897
scope_20260817_114548,sweep_3072,2,2600.0,2435.3054108766837,85.0,82.079510108107,0.39217296432825854,0.3796619859515128,0.40604343459275427
scope_20260817_114548,sweep_3073,2,2600.0,2318.428316892238,86.0,89.60060722556642,0.38340980798298857,0.34900611006343535,0.33444615941816547
scope_20260817_114548,sweep_3074,2,2700.0,2290.9039167312994,86.0,83.87727271458748,0.39071350822043455,0.3604445199914945,0.3776987982376416
scope_20260817_114548,sweep_3075,2,2700.0,2316.7462489047557,86.0,85.58588783187962,0.39071350822043455,0.3629833933627406,0.36531433778894384
scope_20260817_114548,sweep_3076,2,2700.0,2237.7682210372673,86.0,86.16864074916998,0.39071350822043455,0.36689533924677165,0.3543559918555373
scope_20260817_114548,sweep_3077,2,2700.0,2616.153767664441,86.0,82.81114782427315,0.39071350822043455,0.4020522230005331,0.4137086704012178
scope_20260817_114548,sweep_3078,2,2700.0,2596.845652470149,85.0,80.37409523107883,0.3996435968291655,0.4078221372735328,0.4366040333378749
scope_20260817_114548,sweep_3079,2,2700.0,2460.2544802130833,84.0,86.3304188651198,0.4088822002432298,0.39730360106570306,0.37020966405033173
scope_20260817_114548,sweep_3080,2,2800.0,2540.9372937765484,84.0,83.6550442943471,0.41638525176326485,0.4081946342486937,0.39981876016247936
scope_20260817_114548,sweep_3081,2,2800.0,2577.2162171358323,84.0,79.97996990829974,0.41638525176326485,0.45187639871613094,0.4390859681097965
scope_20260817_114548,sweep_3082,2,2800.0,2563.961138077379,84.0,81.16043356326945,0.41638525176326485,0.45105670691517447,0.42577185268881507
scope_20260817_114548,sweep_3083,2,2800.0,2571.5999586513094,85.0,83.48197095681206,0.40697711854979224,0.38578024927915106,0.4038349205100363
scope_20260817_114548,sweep_3084,2,2800.0,2552.5863750075127,85.0,85.46405543301698,0.40697711854979224,0.38701643355101784,0.38451481633761214
scope_20260817_114548,sweep_3085,2,2900.0,2414.8053404367915,86.0,83.3907665182614,0.4049258880371251,0.3666073596069777,0.3921564878688778
scope_20260817_114548,sweep_3086,2,2900.0,2515.1366383643067,86.0,81.73096645784749,0.4049258880371251,0.3894666820226354,0.4160440738736513
scope_20260817_114548,sweep_3087,2,2900.0,2520.785508493047,86.0,85.18363667028724,0.4049258880371251,0.3715053513291521,0.38454606781599415
scope_20260817_114548,sweep_3088,2,2900.0,2461.446682549953,86.0,81.70789778343575,0.4049258880371251,0.41472259645915577,0.4118035361206787
scope_20260817_114548,sweep_3089,2,2900.0,2332.0305307681997,85.0,78.49022553323749,0.4141808126406033,0.4005241030224658,0.4330568676635174
scope_20260817_114548,sweep_3090,2,2900.0,2569.3577580282076,84.0,85.13128652861661,0.4237554744143964,0.4153011430563836,0.3886945746872678
scope_20260817_114548,sweep_3096,2,2900.0,2622.7299340585278,86.0,86.58140286334199,0.4049258880371251,0.3758052243272573,0.3800996373932255
scope_20260817_114548,sweep_3097,2,2900.0,2214.6273046802153,86.0,83.40821688094167,0.4049258880371251,0.3600546576648184,0.37539916167050197
scope_20260817_114548,sweep_3098,2,2900.0,2240.471368667251,86.0,84.60906846911679,0.4049258880371251,0.3830882790105674,0.36730555801970916
scope_20260817_114548,sweep_3099,2,2900.0,2441.0772433247644,86.0,84.22900804628544,0.4049258880371251,0.3711443585769052,0.38674455812242003
scope_20260817_114548,sweep_3100,2,2900.0,2379.8741121380494,85.0,81.65388783243988,0.4141808126406033,0.38214977947073475,0.4054388381484335
scope_20260817_114548,sweep_3101,2,2900.0,2451.2205004125476,85.0,82.084958002502,0.4141808126406033,0.3990677755731159,0.4073159254451265
scope_20260817_114548,sweep_3102,2,2800.0,2514.957044561777,84.0,85.85337890712833,0.41638525176326485,0.36558712941441157,0.37833277443025987
scope_20260817_114548,sweep_3103,2,2800.0,2612.336204926275,84.0,81.71125923348936,0.41638525176326485,0.40352176467752116,0.4242041886773045
scope_20260817_114548,sweep_3104,2,2800.0,2450.3588610036068,84.0,80.89185024617437,0.41638525176326485,0.42243766767653246,0.4188989686209553
scope_20260817_114548,sweep_3105,2,2800.0,2398.8939021803417,84.0,84.96489991466422,0.41638525176326485,0.39545865459394747,0.3770014222975471
scope_20260817_114548,sweep_3106,2,2800.0,2344.907770509502,85.0,79.99801591128694,0.40697711854979224,0.4200573401327334,0.41864744343665244
scope_20260817_114548,sweep_3107,2,2800.0,2269.7757019316664,86.0,83.73494228450521,0.39788316143597613,0.3810441461364093,0.3771876066894606
scope_20260817_114548,sweep_3108,2,2700.0,2433.360323573263,86.0,84.89393706962989,0.39071350822043455,0.38379515784963975,0.380313383738718
scope_20260817_114548,sweep_3109,2,2700.0,2414.647795596525,86.0,82.97893211214699,0.39071350822043455,0.3781151663866935,0.39590779822428296
scope_20260817_114548,sweep_3110,2,2700.0,2493.11243044148,86.0,84.7012180722148,0.39071350822043455,0.36292521501831104,0.3866479573786843
scope_20260817_114548,sweep_3111,2,2700.0,2372.8589830002275,86.0,81.8875305295075,0.39071350822043455,0.40475670411662334,0.40261724934899107
scope_20260817_114548,sweep_3112,2,2700.0,2588.9644033820873,85.0,86.63323585327242,0.3996435968291655,0.36504646336333785,0.3772083138993444
scope_20260817_114548,sweep_3113,2,2700.0,2500.828273833994,84.0,84.93924671932307,0.4088822002432298,0.34999338458032037,0.3851525047024072
scope_20260817_114548,sweep_3114,2,2600.0,2658.3490568718657,84.0,82.45488949923087,0.4012388683384647,0.4711700040157432,0.42051405767411115
scope_20260817_114548,sweep_3115,2,2600.0,2538.3131161611395,84.0,81.61073924973243,0.4012388683384647,0.4182666763917819,0.4191441330433369
scope_20260817_114548,sweep_3116,2,2600.0,2675.074994492318,84.0,81.33601687474508,0.4012388683384647,0.3964632740877828,0.4330927022651223
scope_20260817_114548,sweep_3117,2,2600.0,2620.373794863453,85.0,84.66337071110267,0.39217296432825854,0.44792966641173126,0.39673570436904243
scope_20260817_114548,sweep_3118,2,2600.0,2564.3695294304903,85.0,83.06454080288722,0.39217296432825854,0.40819289717889934,0.4071865688561596
scope_20260817_114548,sweep_3150,2,1900.0,2001.0628113056787,86.0,86.33719360910857,0.32775803318756425,0.3327034419379827,0.3338275872401656
scope_20260817_114548,sweep_3151,2,1900.0,1949.4576205922629,86.0,89.48677806573981,0.32775803318756425,0.2950608691127607,0.3074358167711479
scope_20260817_114548,sweep_3152,2,1900.0,1782.3869203177173,86.0,83.15059048470363,0.32775803318756425,0.31915646846767043,0.33879462338794003
scope_20260817_114548,sweep_3153,2,1900.0,1889.2869717495482,86.0,82.96908203576861,0.32775803318756425,0.3271692584178503,0.3502802024312396
scope_20260817_114548,sweep_3154,2,1900.0,2030.6860815347586,85.0,83.91220593467949,0.3352492210195882,0.34708637426903505,0.35531575378203456
scope_20260817_114548,sweep_3155,2,1900.0,2045.712245679433,85.0,82.8894116931842,0.3352492210195882,0.3670003682658416,0.3651689398732273
scope_20260817_114548,sweep_3173,2,1500.0,1569.6044898260932,86.0,86.46991158122346,0.29122065470277153,0.28783471551468903,0.2947796704758481
scope_20260817_114548,sweep_3174,2,1500.0,1449.1097729054632,86.0,84.60013601412034,0.29122065470277153,0.315701503759528,0.2954588452917855
scope_20260817_114548,sweep_3175,2,1500.0,1520.7529826486336,84.0,82.6254346946996,0.3047627981778476,0.29560622774612644,0.3167912263498792
scope_20260817_114548,sweep_3176,2,1400.0,1458.0223637795636,84.0,78.76897617142775,0.2944288351078724,0.33631159651826437,0.3400954736565633
scope_20260817_114548,sweep_3177,2,1400.0,1370.3709736852177,84.0,83.0856486278579,0.2944288351078724,0.3317631831244051,0.29751530427401596
scope_20260817_114548,sweep_3178,2,1400.0,1310.2413068715264,84.0,85.29120350479766,0.2944288351078724,0.27624870879311103,0.27656502582283987
scope_20260817_114548,sweep_3179,2,1400.0,1496.7037301779255,85.0,84.01216658852177,0.28777628031431945,0.31998617933683154,0.30434264582810366
scope_20260817_114548,sweep_3180,2,1400.0,1479.4659019245316,86.0,86.19175314340063,0.28134588157132046,0.3076256946115383,0.2879781887884895
scope_20260817_114548,sweep_3181,2,1400.0,1395.9270918708312,86.0,85.83582656221786,0.28134588157132046,0.27928288053867045,0.28197567761289044
scope_20260817_114548,sweep_3187,2,1200.0,1359.9465953696358,84.0,85.2999247878407,0.2725881334954865,0.2850194594999718,0.2817064249071913
scope_20260817_114548,sweep_3188,2,1200.0,1327.6791392514262,84.0,78.6392772595942,0.2725881334954865,0.29656961908907564,0.3255674211238881
scope_20260817_114548,sweep_3189,2,1200.0,1224.7249800434242,84.0,85.33648337986726,0.2725881334954865,0.28561629761128027,0.26711334248797325
scope_20260817_114548,sweep_3190,2,1200.0,1250.2606238228545,85.0,87.51961162846462,0.266429064552777,0.26041219144089167,0.2570223756678943
scope_20260817_114548,sweep_3191,2,1200.0,1207.2151944745526,85.0,87.712552663604,0.266429064552777,0.2306896223270194,0.251485841415065
scope_20260817_114548,sweep_3192,2,1200.0,1332.3179066882783,86.0,86.983491945859,0.2604756721469564,0.28658070747893194,0.26849392851725545
scope_20260817_114548,sweep_3288,2,600.0,663.9746254536617,89.0,84.92135601536955,0.14231352313086543,0.15345290078336388,0.169493572579591
scope_20260817_114548,sweep_3289,2,600.0,522.6550728173479,89.0,88.30429440877312,0.14231352313086543,0.11914448430112558,0.12885228490124834
scope_20260817_114548,sweep_3290,2,600.0,684.3056931284441,89.0,82.15922603732169,0.14231352313086543,0.17179398935880677,0.18524246322921156
scope_20260817_114548,sweep_3291,2,600.0,637.4397923569866,90.0,85.53214146940523,0.13926997170155908,0.16302926152089223,0.16159917249509087
scope_20260817_114548,sweep_3292,2,600.0,607.3788601433528,90.0,84.56937326253895,0.13926997170155908,0.17586463941989222,0.158680265552388
scope_20260817_114548,sweep_3299,2,800.0,877.6144912550014,89.0,86.5303672090685,0.18069466141667392,0.21102971057471648,0.20604297766367852
scope_20260817_114548,sweep_3300,2,800.0,862.9016336282886,89.0,85.30317304106931,0.18069466141667392,0.19989811072204658,0.20885830358104568
scope_20260817_114548,sweep_3301,2,800.0,902.776375773682,89.0,84.18869029097452,0.18069466141667392,0.21924814918041283,0.22241623515899006
scope_20260817_114548,sweep_3302,2,800.0,779.7833411133983,89.0,87.89304838298614,0.18069466141667392,0.1712697855759913,0.181231205964283
scope_20260817_114548,sweep_3303,2,800.0,831.2939176429244,90.0,88.81695363966844,0.17683028168013243,0.21736225847028118,0.18728660150904372
scope_20260817_114548,sweep_3304,2,800.0,892.4386312629729,91.0,84.2309017302035,0.17308925346741366,0.22684466414605456,0.22008712527010207
scope_20260817_114548,sweep_3305,2,900.0,998.9147161140538,91.0,87.70087295744315,0.19086517658679605,0.21730346662086558,0.22353298590517814
scope_20260817_114548,sweep_3306,2,900.0,980.6319567939751,91.0,89.23500465570305,0.19086517658679605,0.19343984608169723,0.21287026106193513
scope_20260817_114548,sweep_3307,2,900.0,905.9395060007388,91.0,85.47778451283212,0.19086517658679605,0.20942636129930514,0.2166109486983291
scope_20260817_114548,sweep_3308,2,900.0,835.4207716896645,90.0,83.08691827060166,0.19499040097902662,0.18446317231461654,0.21392365203543154
scope_20260817_114548,sweep_3309,2,900.0,971.3839650396731,90.0,83.68284136919374,0.19499040097902662,0.23542513841255758,0.2391234518470864
scope_20260817_114548,sweep_3316,2,1100.0,1306.6988624111323,91.0,89.67707915210724,0.2235639417277222,0.22730461206337788,0.2506687874217942
scope_20260817_114548,sweep_3317,2,1100.0,1012.3160065760745,91.0,89.94934039853645,0.2235639417277222,0.22969486925806057,0.21934268634728696
scope_20260817_114548,sweep_3318,2,1100.0,1152.2503123634656,91.0,86.01297416879122,0.2235639417277222,0.24447309192894087,0.2551663188049949
scope_20260817_114548,sweep_3319,2,1100.0,1072.5741886931032,90.0,87.84614997760761,0.2283958940101178,0.2196588277770053,0.23635051955462408
scope_20260817_114548,sweep_3320,2,1100.0,1206.7048646726414,90.0,88.64086890683232,0.2283958940101178,0.24328422010433548,0.24636453111033074
scope_20260817_114548,sweep_3321,2,1200.0,1020.3547295197648,89.0,89.61689235817742,0.24376494728096984,0.22584479651883765,0.22179525724982768
scope_20260817_114548,sweep_3322,2,1200.0,1044.5430762108094,89.0,87.55871169233383,0.24376494728096984,0.23818261089180487,0.23472465817086516
scope_20260817_114548,sweep_3323,2,1200.0,1355.988790549272,89.0,89.71543049144391,0.24376494728096984,0.25133805847985197,0.25514159217739146
scope_20260817_114548,sweep_3324,2,1200.0,1402.9608292090627,89.0,88.64503301908573,0.24376494728096984,0.25075406911962417,0.2656201139694441
scope_20260817_114548,sweep_3325,2,1200.0,1454.1300409875212,90.0,89.0400278245915,0.23855173115512388,0.26242265663953773,0.2681047223690938
scope_20260817_114548,sweep_3326,2,1200.0,1385.9090402146126,90.0,86.44319237998256,0.23855173115512388,0.2927673322481173,0.2771591491903113
scope_20260817_114548,sweep_3339,2,1500.0,1549.6483629856127,91.0,89.55290729311005,0.26106643888142994,0.26180664909690116,0.27371173474982546
scope_20260817_114548,sweep_3340,2,1500.0,1521.8905906046134,91.0,89.59304973791419,0.26106643888142994,0.2716592147422047,0.27101415331068035
scope_20260817_114548,sweep_3341,2,1500.0,1445.7720408093278,91.0,88.93909980025764,0.26106643888142994,0.256553942638694,0.26792031981312875
scope_20260817_114548,sweep_3342,2,1500.0,1507.4058988803336,90.0,87.78861574236245,0.2667089435065557,0.26008948176483254,0.2805487061974609
scope_20260817_114548,sweep_3343,2,1500.0,1433.7201698513404,89.0,88.27978297953514,0.27253749632595053,0.26357621036083506,0.2706692617302056
scope_20260817_114548,sweep_3344,2,1600.0,1951.531166597772,89.0,88.40039512748164,0.28147551586332575,0.3146679686482342,0.31495431404900925
scope_20260817_114548,sweep_3345,2,1600.0,1854.1630414512329,90.0,90.43274181996287,0.275455812396124,0.2919183788531211,0.293788503876467
scope_20260817_114548,sweep_3392,2,2500.0,2624.7725856877787,91.0,90.19819650860401,0.3370353233471516,0.34339752115571665,0.35130891257574837
scope_20260817_114548,sweep_3393,2,2500.0,2445.1184276535278,91.0,90.71892702261685,0.3370353233471516,0.3227242837616598,0.335316816133312
scope_20260817_114548,sweep_3394,2,2500.0,2525.9880369721045,91.0,89.53863886891979,0.3370353233471516,0.3289205599694153,0.34956373775070376
scope_20260817_114548,sweep_3395,2,2500.0,2358.046150873204,91.0,88.69847365078164,0.3370353233471516,0.3212699695535326,0.3439600581638729
scope_20260817_114548,sweep_3396,2,2500.0,2562.1121397921765,90.0,89.46240118294206,0.34431976549515503,0.33834090434065806,0.3526351168412956
scope_20260817_114548,sweep_3445,2,2500.0,2640.719881687327,90.0,89.38924656646859,0.34431976549515503,0.3606553555934673,0.3585708980990698
scope_20260817_114548,sweep_3446,2,2500.0,2389.1219354683863,91.0,89.24853806641867,0.3370353233471516,0.3363937957317309,0.34210286813393426
scope_20260817_114548,sweep_3447,2,2500.0,2460.4221519057214,91.0,89.66365717262724,0.3370353233471516,0.35442761243542015,0.3440670600195898
scope_20260817_114548,sweep_3448,2,2500.0,2395.192264466232,91.0,87.04796278802785,0.3370353233471516,0.35989029373422504,0.35948320219298274
scope_20260817_114548,sweep_3449,2,2500.0,2649.45381425678,91.0,90.28418868562609,0.3370353233471516,0.31031401140731757,0.3523065200448715
scope_20260817_114548,sweep_3450,2,2500.0,2610.6218975331435,90.0,90.86080767194993,0.34431976549515503,0.3674874925718395,0.3454331078489262
scope_20260817_114548,sweep_3476,2,1900.0,2144.616676596334,90.0,91.36663317871746,0.3001710124114007,0.3031181255797182,0.30974247814773287
scope_20260817_114548,sweep_3477,2,1900.0,1810.8744468892453,91.0,91.51581647470569,0.29382058297475766,0.2782601669670587,0.2837258023055216
scope_20260817_114548,sweep_3478,2,1900.0,1856.5184830000867,91.0,90.4091787728602,0.29382058297475766,0.29552860233179956,0.2941233354760666
scope_20260817_114548,sweep_3479,2,1900.0,2128.873845174457,91.0,89.58620947998475,0.29382058297475766,0.297213809534383,0.320582179022215
scope_20260817_114548,sweep_3480,2,1900.0,1838.611981269393,90.0,87.68145256966935,0.3001710124114007,0.2727629378353856,0.31057327594031303
scope_20260817_114548,sweep_3498,2,1500.0,1597.7595881825314,90.0,90.07167084745154,0.2667089435065557,0.27034046773997833,0.2748392239204881
scope_20260817_114548,sweep_3499,2,1500.0,1428.066354190439,91.0,89.28468338137519,0.26106643888142994,0.2778855464061555,0.26428439849527774
scope_20260817_114548,sweep_3500,2,1500.0,1429.4196695964579,91.0,89.35718850907082,0.26106643888142994,0.24660587770360398,0.2639946635411099
scope_20260817_114548,sweep_3501,2,1500.0,1495.6710677509707,91.0,87.3738594113122,0.26106643888142994,0.2683922443196746,0.2820255511884363
scope_20260817_114548,sweep_3502,2,1500.0,1486.990977931508,91.0,90.62242988080223,0.26106643888142994,0.24256112455452752,0.26203180122874764
scope_20260817_114548,sweep_3503,2,1500.0,1590.5598859261927,90.0,89.39831384061102,0.2667089435065557,0.28390264240210494,0.2782298077217366
scope_20260817_114548,sweep_3509,2,1300.0,1371.5666502588788,90.0,86.86517736987854,0.24829251392970356,0.25572077599195264,0.2731378323212899
scope_20260817_114548,sweep_3510,2,1300.0,1202.9355050518864,90.0,92.37253505333346,0.24829251392970356,0.24430115129258254,0.2271139496576461
scope_20260817_114548,sweep_3511,2,1300.0,1351.429079552269,91.0,89.17282812558717,0.24303962799414805,0.2531053048701001,0.25771948784746507
scope_20260817_114548,sweep_3512,2,1300.0,1250.258483619892,91.0,91.0881753384483,0.24303962799414805,0.2350913052428087,0.2378982913759202
scope_20260817_114548,sweep_3513,2,1300.0,1425.9815760823876,91.0,88.10157479503047,0.24303962799414805,0.26648071417251523,0.27099489747131233
scope_20260817_114548,sweep_3514,2,1300.0,1377.0093975191212,91.0,88.85342264603446,0.24303962799414805,0.25839380766725634,0.2619593697920006
scope_20260817_114548,sweep_3515,2,1200.0,1079.782436721895,89.0,87.69034519942947,0.24376494728096984,0.2477437057570289,0.2379589226673635
scope_20260817_114548,sweep_3516,2,1200.0,1266.0421030169766,89.0,88.06252480541818,0.24376494728096984,0.25758574600398154,0.2555645577546513
scope_20260817_114548,sweep_3517,2,1200.0,1122.0533499227313,90.0,84.21242316953038,0.23855173115512388,0.24439803070730118,0.2623042530337274
scope_20260817_114548,sweep_3518,2,1100.0,1175.576576766356,90.0,89.85722139131143,0.2283958940101178,0.24250583319469546,0.23683813078918717
scope_20260817_114548,sweep_3519,2,1100.0,1305.1796069556653,91.0,91.15612048459793,0.2235639417277222,0.21962742657963702,0.24271680616548327
scope_20260817_114548,sweep_3520,2,1100.0,1223.0800184186915,91.0,91.65489742738242,0.2235639417277222,0.22447655735823416,0.23249075527021998
scope_20260817_114548,sweep_3521,2,1100.0,1114.732229653562,91.0,93.58218237252635,0.2235639417277222,0.21848124291697485,0.21319258125442164
scope_20260817_114548,sweep_3522,2,1100.0,1015.3834612149092,91.0,89.08724351191991,0.2235639417277222,0.21885826534499275,0.2238063805786866
scope_20260817_114548,sweep_3523,2,1100.0,1155.9632540966825,90.0,90.04987589498235,0.2283958940101178,0.22862513225809775,0.23388285317440285
scope_20260817_114548,sweep_3529,2,900.0,879.4932101052964,90.0,89.01209344286549,0.19499040097902662,0.2041099119216082,0.19542469444754423
scope_20260817_114548,sweep_3530,2,900.0,926.8279912966195,91.0,83.27454624255266,0.19086517658679605,0.21626179682714788,0.23216485008367868
scope_20260817_114548,sweep_3531,2,900.0,902.7796253646268,91.0,85.49562205046978,0.19086517658679605,0.21706877854549625,0.21589661401568913
scope_20260817_114548,sweep_3532,2,900.0,865.7509225128625,91.0,92.22049087967339,0.19086517658679605,0.17358467446307532,0.18011234202441162
scope_20260817_114548,sweep_3533,2,900.0,1015.9791853930254,91.0,90.52882606747531,0.19086517658679605,0.21060833746088783,0.21702550355548417
scope_20260817_114548,sweep_3534,2,900.0,901.8011629745753,91.0,88.80637027876313,0.19086517658679605,0.21245178435202045,0.20042526326117843
scope_20260817_114548,sweep_3546,2,600.0,608.0882599555183,90.0,92.25383694195331,0.13926997170155908,0.12906949137151855,0.13424426092490588
scope_20260817_114548,sweep_3547,2,600.0,597.8064015610621,90.0,91.55169963034548,0.13926997170155908,0.13743790732990788,0.1343291998664766
scope_20260817_114548,sweep_3548,2,600.0,556.7688334392839,89.0,92.43885090245851,0.14231352313086543,0.13554948369933628,0.1242881113072903
scope_20260817_114548,sweep_3549,2,600.0,634.5041184852827,89.0,90.08374474766653,0.14231352313086543,0.15765361977411432,0.14562332557911317
scope_20260817_114548,sweep_3550,2,600.0,569.9335028594899,89.0,92.366217184463,0.14231352313086543,0.13097724829396876,0.12691536573465229
scope_20260817_114548,sweep_3551,2,600.0,560.9904377911598,89.0,89.99228686899527,0.14231352313086543,0.12846103904236084,0.1317337343726884
scope_20260817_114548,sweep_3626,2,800.0,696.7489249566453,94.0,95.62298499919262,0.16255754564863614,0.14592859001283975,0.1402195761068831
scope_20260817_114548,sweep_3627,2,800.0,815.1459919335405,94.0,96.03882357550913,0.16255754564863614,0.16493230973848924,0.15839237460517053
scope_20260817_114548,sweep_3628,2,900.0,999.5334088818803,95.0,92.30198134954684,0.17561827005296654,0.18473312843470602,0.2025800451771851
scope_20260817_114548,sweep_3629,2,900.0,961.042426664461,95.0,94.85144996569008,0.17561827005296654,0.1867515711585545,0.18601156566803675
scope_20260817_114548,sweep_3630,2,900.0,975.0961142047894,96.0,92.13847231758457,0.17209566484877425,0.18687398906972377,0.19914278265266652
scope_20260817_114548,sweep_3631,2,900.0,878.8290596920702,96.0,94.07462678626244,0.17209566484877425,0.16352620096016676,0.17547533593577516
scope_20260817_114548,sweep_3632,2,900.0,902.9498380607322,95.0,93.24576220104133,0.17561827005296654,0.1950884679043026,0.18256383404549842
scope_20260817_114548,sweep_3633,2,900.0,812.7130153351617,95.0,94.66904747355764,0.17561827005296654,0.18102723825085806,0.16245358236741686
scope_20260817_114548,sweep_3639,2,1100.0,997.4341509885733,95.0,92.93513384803626,0.205704955689444,0.19979287790337502,0.1995688010211303
scope_20260817_114548,sweep_3640,2,1100.0,1047.7955466553685,95.0,93.28309484358348,0.205704955689444,0.198870807452634,0.2079772119927891
scope_20260817_114548,sweep_3641,2,1100.0,1285.6157363755838,95.0,92.37063754642756,0.205704955689444,0.2215218647773525,0.23479859555387472
scope_20260817_114548,sweep_3642,2,1100.0,1134.9184026302682,96.0,94.51953586533968,0.20157886250323262,0.2098227818623337,0.21100470374910654
scope_20260817_114548,sweep_3643,2,1100.0,1063.091248168797,96.0,93.38917777380776,0.20157886250323262,0.19536428743969353,0.20902941743030884
scope_20260817_114548,sweep_3644,2,1100.0,1161.5457240245669,95.0,93.94189799275064,0.205704955689444,0.22117128355255236,0.21601319974282993
scope_20260817_114548,sweep_3732,2,2800.0,2518.363770908584,95.0,96.79978748597644,0.3281915746336265,0.27825432854748156,0.300148923483675
scope_20260817_114548,sweep_3733,2,2800.0,2410.2934120823197,95.0,92.60231216911436,0.3281915746336265,0.30399334317417587,0.31994056761325296
scope_20260817_114548,sweep_3734,2,2800.0,2511.9802095877662,95.0,95.36467438254644,0.3281915746336265,0.25577239911156924,0.3085578703212159
scope_20260817_114548,sweep_3735,2,2800.0,2602.987526526489,95.0,98.10824896288206,0.3281915746336265,0.2783157770224054,0.29732735376306463
scope_20260817_114548,sweep_3736,2,2800.0,2399.2130062825345,95.0,94.61888043424278,0.3281915746336265,0.3160104738604814,0.30616906403306526
scope_20260817_114548,sweep_3737,2,2800.0,2217.7111799733493,95.0,94.32021635056806,0.3281915746336265,0.3127727065362488,0.2961669352107312
scope_20260817_114548,sweep_3738,2,2900.0,2644.6025233739438,95.0,96.42081018383726,0.33400072605537406,0.30300198596713834,0.30992288366380716
scope_20260817_114548,sweep_3739,2,2900.0,2649.2648747357425,94.0,94.72687566431881,0.3409113364850075,0.3315840177851081,0.3210190896931117
scope_20260817_114548,sweep_3740,2,2900.0,2648.2956264471595,94.0,96.43277064503707,0.3409113364850075,0.29201411691556906,0.31006479046863783
scope_20260817_114548,sweep_3741,2,2900.0,2513.6598896337905,94.0,95.43421560417215,0.3409113364850075,0.3118359688050863,0.30822593776840956
scope_20260817_114548,sweep_3745,2,2900.0,2206.8813857429864,95.0,94.37207539759629,0.33400072605537406,0.3115483593031178,0.2951287933764395
scope_20260817_114548,sweep_3746,2,2900.0,2301.6306898059115,95.0,92.47289842566018,0.33400072605537406,0.3127950545468197,0.31349288466450154
scope_20260817_114548,sweep_3747,2,2900.0,2508.6863216099396,95.0,96.66673077981531,0.33400072605537406,0.28073303705175423,0.3003698938962725
scope_20260817_114548,sweep_3748,2,2900.0,2380.4686817136803,94.0,94.12824309329987,0.3409113364850075,0.3171781026082092,0.3080546440542378
scope_20260817_114548,sweep_3749,2,2900.0,2719.347055925518,94.0,95.3519364417546,0.3409113364850075,0.3155514321112986,0.3211242475035098
scope_20260817_114548,sweep_3750,2,2900.0,2418.867088309087,94.0,94.93911800824718,0.3409113364850075,0.3216232809859985,0.30541698883611584
scope_20260817_114548,sweep_3751,2,2800.0,2641.8589875772623,94.0,97.03383832672093,0.3349819913652505,0.3154198400798215,0.30598734466244104
scope_20260817_114548,sweep_3752,2,2800.0,2440.5016919468085,94.0,98.79369705151437,0.3349819913652505,0.28188349141168756,0.28404782361810804
scope_20260817_114548,sweep_3753,2,2800.0,2546.3721587508326,95.0,94.58599841123143,0.3281915746336265,0.3019443088285375,0.3156312341910267
scope_20260817_114548,sweep_3754,2,2800.0,2626.9138938072447,95.0,99.02691971682871,0.3281915746336265,0.2993760093638837,0.29335599102750104
scope_20260817_114548,sweep_3755,2,2800.0,2448.9620673780523,95.0,95.73998583787174,0.3281915746336265,0.29283202932523683,0.30235611349686775
scope_20260817_114548,sweep_3756,2,2800.0,2312.679517941663,95.0,96.39344368490445,0.3281915746336265,0.2854375603468619,0.28998109085672547
scope_20260817_114548,sweep_3763,2,2600.0,2633.8471494288183,94.0,94.87898757299902,0.32279672385124675,0.3276668101353814,0.31909128359270766
scope_20260817_114548,sweep_3764,2,2600.0,2456.340459939789,94.0,93.59732793055247,0.32279672385124675,0.29716886288031835,0.3163698337635937
scope_20260817_114548,sweep_3765,2,2600.0,2339.739157240701,94.0,95.00187957423238,0.32279672385124675,0.29985018757005777,0.2999960288472996
scope_20260817_114548,sweep_3766,2,2600.0,2397.3367380883665,95.0,95.1389395182338,0.31625331456043826,0.2925794309184687,0.30282009568529356
scope_20260817_114548,sweep_3767,2,2600.0,2441.764752343685,95.0,95.3019446465948,0.31625331456043826,0.3130717411441572,0.30460246528822527
scope_20260817_114548,sweep_3805,2,1800.0,1825.1205101658095,94.0,96.97941953497423,0.26858310909172156,0.2575536369716178,0.2546042876182411
scope_20260817_114548,sweep_3806,2,1800.0,1891.8120174656458,94.0,97.47673356668324,0.26858310909172156,0.2606073796528368,0.25666224847728436
scope_20260817_114548,sweep_3807,2,1800.0,1865.9431188647377,94.0,96.7054796450384,0.26858310909172156,0.25876449146130975,0.258848528429889
scope_20260817_114548,sweep_3808,2,1800.0,1899.4037311180573,94.0,97.17187882623956,0.26858310909172156,0.2646912471644331,0.25873966381697705
scope_20260817_114548,sweep_3809,2,1800.0,1796.4880793482344,94.0,93.5667184830631,0.26858310909172156,0.2859361481511139,0.2707309356731919
scope_20260817_114548,sweep_3844,2,1100.0,1363.3767024119481,94.0,95.37514390614088,0.2099610746176977,0.2277137108016607,0.2272710924892521
scope_20260817_114548,sweep_3845,2,1100.0,1117.764219075443,94.0,96.83503250560634,0.2099610746176977,0.1826089459707052,0.19982361526406692
scope_20260817_114548,sweep_3846,2,1100.0,959.1341292066203,95.0,97.52306286209289,0.205704955689444,0.17779570395288913,0.17598826382643376
scope_20260817_114548,sweep_3847,2,1100.0,1229.50395375407,95.0,95.63455034718504,0.205704955689444,0.18932916369689415,0.214693376956909
scope_20260817_114548,sweep_3848,2,1100.0,1116.284803188134,96.0,97.92555491824301,0.20157886250323262,0.17004944026614036,0.19541226539724071
scope_20260817_114548,sweep_3849,2,1100.0,1148.2831062212792,96.0,97.45965193240765,0.20157886250323262,0.21120089886311214,0.2000298041297158
scope_20260817_114548,sweep_3859,2,800.0,834.322284468348,95.0,96.54870204082489,0.1592623432011092,0.15480271389189657,0.15983313110424105
scope_20260817_114548,sweep_3860,2,800.0,771.8287341485467,95.0,94.65593717851701,0.1592623432011092,0.17312121280319784,0.15568263987163075
scope_20260817_114548,sweep_3861,2,800.0,680.3820235506287,94.0,95.93857652061563,0.16255754564863614,0.14599042397926454,0.13660648587419683
scope_20260817_114548,sweep_3862,2,800.0,802.5756550779813,94.0,96.867220739828,0.16255754564863614,0.16218945540097388,0.15378566424536463
scope_20260817_114548,sweep_3863,2,800.0,620.302517116412,94.0,97.3434284247556,0.16255754564863614,0.14735641657838822,0.12300804989582115
scope_20260817_114548,sweep_3864,2,700.0,672.5011991814166,94.0,97.15436769462498,0.14550362643775536,0.13450538996050676,0.1320355907857982
scope_20260817_114548,sweep_3865,2,700.0,702.1109136455138,94.0,96.19411429850068,0.14550362643775536,0.14248563292729902,0.13949801819307608
scope_20260817_114548,sweep_3866,2,700.0,676.2347563418953,95.0,95.9337985528394,0.1425541238228593,0.15260952444876455,0.1359280967345467
scope_20260817_114548,sweep_3867,2,700.0,719.8377732260459,95.0,96.88772446790259,0.1425541238228593,0.1642850724204184,0.1404492482026366
scope_20260817_114548,sweep_3868,2,700.0,688.6023444067893,96.0,99.01758816606049,0.1396947294198395,0.14406744994097265,0.12979710923903698
scope_20260817_114548,sweep_3869,2,700.0,705.5172002814065,96.0,99.81069003443703,0.1396947294198395,0.14111503759040137,0.1304112227299815
scope_20260817_114548,sweep_3898,2,100.0,190.35300814904323,94.0,96.35576424289164,0.02893626308459003,0.048500532401548994,0.04706250580616246
scope_20260817_114548,sweep_3899,2,100.0,143.02601617829362,94.0,87.04435355706681,0.02893626308459003,0.052937306138265264,0.045189518366681294
scope_20260817_114548,sweep_3900,2,100.0,124.83691943555633,95.0,85.92296032696177,0.028349696373348443,0.04247882447379355,0.041389813505382914
scope_20260817_114548,sweep_3901,2,100.0,163.6207065554709,95.0,77.5120157893984,0.028349696373348443,0.07810593538462497,0.06318647359292529
scope_20260817_114548,sweep_3902,2,100.0,129.5020941629582,96.0,97.49601470642382,0.027781049455508352,0.03459782429897846,0.03341539502125048
scope_20260817_114548,sweep_3903,2,100.0,203.40358777817718,96.0,87.82771933329416,0.027781049455508352,0.10033887778357721,0.059491754082730684
scope_20260817_114548,sweep_3912,2,100.0,123.34908570113582,101.0,90.50642059683759,0.025183328467853098,0.02781988384676639,0.037061178116941845
scope_20260817_114548,sweep_3913,2,100.0,130.30731009356685,101.0,92.69956617814836,0.025183328467853098,0.0342734564208217,0.037031911168415955
scope_20260817_114548,sweep_3914,2,100.0,117.36022971495197,100.0,92.89526665379202,0.025672203178400146,0.037380990749353464,0.03381285021521912
scope_20260817_114548,sweep_3915,2,100.0,138.82329076234785,100.0,87.19926340145693,0.025672203178400146,0.039191567175118285,0.043933306496719345
scope_20260817_114548,sweep_3916,2,100.0,134.12492127618287,99.0,100.74355400204018,0.026175821663507567,0.02459010383104795,0.032290821128762415
scope_20260817_114548,sweep_3922,2,300.0,301.56989820038694,100.0,98.71765806240894,0.06389601636713466,0.06571094760625507,0.06579463649403766
scope_20260817_114548,sweep_3923,2,300.0,281.42506104985097,100.0,99.2529101988996,0.06389601636713466,0.07730435054654905,0.06147934931021757
scope_20260817_114548,sweep_3924,2,300.0,291.948824946161,101.0,95.76113531290875,0.06267924715221686,0.08752604664110046,0.06792766684904851
scope_20260817_114548,sweep_3925,2,300.0,281.3689907957866,101.0,98.23174474858544,0.06267924715221686,0.07492136081832416,0.06271068826205316
scope_20260817_114548,sweep_3926,2,300.0,351.1087615750581,100.0,99.0495261164932,0.06389601636713466,0.07881635388689989,0.07416465374713035
scope_20260817_114548,sweep_3927,2,300.0,274.07753536305717,100.0,96.01163552317819,0.06389601636713466,0.06558042029369535,0.06413303047367935
scope_20260817_114548,sweep_3928,2,400.0,411.8033316858221,99.0,96.99978741575589,0.0827199219445573,0.08510103872939566,0.08815279642741684
scope_20260817_114548,sweep_3929,2,400.0,310.6675445904956,99.0,99.5258857699186,0.0827199219445573,0.10224870986109938,0.0663831663952433
scope_20260817_114548,sweep_3930,2,400.0,372.05372227200996,99.0,99.25575250160774,0.0827199219445573,0.08223011657862865,0.07750626599597087
scope_20260817_114548,sweep_3931,2,400.0,461.2808915376548,99.0,97.08038598233216,0.0827199219445573,0.08498205421141619,0.09670236025999804
scope_20260817_114548,sweep_3932,2,400.0,372.51366240298336,99.0,97.46655258792904,0.0827199219445573,0.07688900674189289,0.08036348770157
scope_20260817_114548,sweep_3933,2,400.0,404.92050204894485,99.0,96.2846764809645,0.0827199219445573,0.09250663304174479,0.08818150342560392
scope_20260817_114548,sweep_3939,2,600.0,615.3765595364042,100.0,97.02232766628876,0.11358701300725405,0.11347701159303204,0.12298023015676936
scope_20260817_114548,sweep_3940,2,600.0,578.8119940056031,100.0,96.38373385461438,0.11358701300725405,0.12601196779667756,0.11838665170651237
scope_20260817_114548,sweep_3941,2,600.0,552.7638175547611,99.0,96.43969272790832,0.115815279861527,0.1068507279364551,0.113819529105581
scope_20260817_114548,sweep_3942,2,600.0,637.8132005526971,99.0,94.76159046617893,0.115815279861527,0.1429356327170667,0.1326037566179857
scope_20260817_114548,sweep_3943,2,600.0,548.3251085159528,99.0,96.73267630289583,0.115815279861527,0.10661418041667607,0.11239885811699328
scope_20260817_114548,sweep_3944,2,600.0,593.1916027428323,99.0,97.34148499362001,0.115815279861527,0.10937932882009214,0.1185335276081342
scope_20260817_114548,sweep_3976,2,1300.0,1196.3130523784105,100.0,99.53850829889498,0.20250456480146842,0.2050191262837869,0.1960055360040445
scope_20260817_114548,sweep_3977,2,1300.0,1303.4555403723248,100.0,98.9009536694867,0.20250456480146842,0.19674333711053504,0.20715189111723184
scope_20260817_114548,sweep_3978,2,1300.0,1252.4132303169781,99.0,100.21314845677972,0.20647715108258902,0.2095871059854244,0.19794744856877805
scope_20260817_114548,sweep_3979,2,1300.0,1300.784047635314,99.0,97.40256167689645,0.20647715108258902,0.19826557758624686,0.21314004109350101
scope_20260817_114548,sweep_3980,2,1300.0,1359.3032228065563,99.0,99.40826820450609,0.20647715108258902,0.20963814117261279,0.209461035959598
scope_20260817_114548,sweep_018,3,300.0,227.21147565003275,42.0,47.47140671103559,0.31660816544380704,0.219003094822306,0.20445624075726698
scope_20260817_114548,sweep_019,3,300.0,336.76571723368284,42.0,40.468307421349614,0.31660816544380704,0.31909864194082643,0.37033514151365626
scope_20260817_114548,sweep_020,3,300.0,184.60338567050803,42.0,42.43127857948723,0.31660816544380704,0.23916328369836815,0.20804664520543756
scope_20260817_114548,sweep_021,3,300.0,275.26511176228877,42.0,42.396759121611744,0.31660816544380704,0.22741118622856651,0.29024200911584375
scope_20260817_114548,sweep_022,3,300.0,115.18912092593317,41.0,43.32713124847814,0.3293766241354656,0.2424492222076157,0.13585374239737777
scope_20260817_114548,sweep_023,3,400.0,302.6155704730086,41.0,40.7370404923426,0.418207604360944,0.25806343742363086,0.3352573034781601
scope_20260817_114548,sweep_024,3,400.0,231.60146197679884,41.0,41.56703528069535,0.418207604360944,0.33899382799196864,0.2598069529238882
scope_20260817_114548,sweep_025,3,400.0,411.5687660153743,41.0,41.82083063915497,0.418207604360944,0.3891212582141146,0.4145310102425123
scope_20260817_114548,sweep_026,3,400.0,460.90124146547697,41.0,41.325435845844524,0.418207604360944,0.40221367482712367,0.46436728273415384
scope_20260817_114548,sweep_027,3,400.0,351.48149237676205,41.0,41.27436328034358,0.418207604360944,0.5772858648139084,0.37157422754114555
scope_20260817_114548,sweep_028,3,400.0,327.64849574897636,41.0,41.7452085254067,0.418207604360944,0.39330051641706515,0.3440739675140182
scope_20260817_114548,sweep_035,3,600.0,652.2291956918679,42.0,42.337775384908596,0.562829701304605,0.599908615225314,0.5952772191606209
scope_20260817_114548,sweep_036,3,600.0,611.4831555300725,42.0,42.74362035865505,0.562829701304605,0.5711965099634425,0.5553934559595938
scope_20260817_114548,sweep_037,3,600.0,685.7477071666693,43.0,42.296628473325285,0.5413156539593078,0.5979865095216569,0.6215581617857496
scope_20260817_114548,sweep_038,3,600.0,594.8883345735597,43.0,47.04050739178791,0.5413156539593078,0.5644471023203181,0.461705726766044
scope_20260817_114548,sweep_039,3,600.0,625.2343234750446,43.0,43.93167061278874,0.5413156539593078,0.5713586996131333,0.5404384941291482
scope_20260817_114548,sweep_057,3,1000.0,939.1720269648757,41.0,47.83903343515093,0.9155501384108267,0.7920500426611969,0.6551712888542802
scope_20260817_114548,sweep_058,3,1000.0,1095.9109005073763,40.0,41.432630808955516,0.953019891492437,0.7074156360068063,0.9421301644290722
scope_20260817_114548,sweep_059,3,1000.0,1060.4405971279605,40.0,41.45932250902908,0.953019891492437,0.8643281349856262,0.9257799988958229
scope_20260817_114548,sweep_060,3,1000.0,1120.2087241210343,40.0,41.80728496546351,0.953019891492437,0.7930286857082687,0.9385357934005196
scope_20260817_114548,sweep_061,3,1000.0,1140.308853237305,40.0,40.019151120342556,0.953019891492437,0.9601093166868645,1.0168976244032413
scope_20260817_114548,sweep_062,3,1000.0,1056.4013300303068,40.0,40.51353193096575,0.953019891492437,0.8992375433260459,0.9594875896015579
scope_20260817_114548,sweep_069,3,1200.0,1151.107398819803,42.0,42.11925700239986,0.9640556248510516,0.9509291762649327,0.9398056827424331
scope_20260817_114548,sweep_076,3,1400.0,1427.6688954992767,41.0,41.54456267404272,1.0832935328532693,1.0855938621604253,1.070569331259671
scope_20260817_114548,sweep_077,3,1400.0,1423.1907626224006,41.0,41.74080897793126,1.0832935328532693,1.121274071119105,1.0606445494521033
scope_20260817_114548,sweep_078,3,1400.0,1305.2666700831387,41.0,42.37793275888682,1.0832935328532693,1.1243888498726549,0.9906850217220385
scope_20260817_114548,sweep_079,3,1400.0,1484.747661310938,41.0,40.90697392658869,1.0832935328532693,1.0540002227143044,1.1197430305407916
scope_20260817_114548,sweep_080,3,1400.0,1334.0595116212148,41.0,41.04069699560163,1.0832935328532693,1.1225164816891267,1.0557622030314688
scope_20260817_114548,sweep_081,3,1400.0,1380.2244856835073,40.0,40.82633630756182,1.1276283425900393,1.0269246763236268,1.083089062861857
scope_20260817_114548,sweep_087,3,1600.0,1556.6128777530118,41.0,42.97357558984684,1.15808949978425,0.9674576274909978,1.0571084102309884
scope_20260817_114548,sweep_088,3,1600.0,1599.1549069511625,42.0,42.182618502420894,1.113195549043055,1.187575315468996,1.1049625883663414
scope_20260817_114548,sweep_089,3,1600.0,1590.4500854411804,42.0,42.430765248852005,1.113195549043055,1.0571074637165712,1.0913159860948225
scope_20260817_114548,sweep_090,3,1600.0,1703.5514935082188,42.0,41.26237240877457,1.113195549043055,1.1688596202681527,1.182580595802961
scope_20260817_114548,sweep_091,3,1600.0,1638.5708020968882,42.0,41.58584562639313,1.113195549043055,1.1537372648867532,1.1450526901762637
scope_20260817_114548,sweep_092,3,1600.0,1553.6733469670855,42.0,41.31370730880005,1.113195549043055,1.192002606841242,1.127064680049696
scope_20260817_114548,sweep_116,3,2100.0,1881.716979716036,41.0,42.977112133404184,1.3267581985737176,1.2214025325313642,1.162109134013433
scope_20260817_114548,sweep_117,3,2100.0,2213.9691615724314,41.0,41.388531648002434,1.3267581985737176,1.3519692075248089,1.3414276243613044
scope_20260817_114548,sweep_118,3,2100.0,2079.913743523981,42.0,44.59791286857642,1.2753257166944314,1.3023267820354045,1.1483010756695011
scope_20260817_114548,sweep_119,3,2100.0,2068.2977249752544,42.0,44.20878915508156,1.2753257166944314,1.220201790319236,1.1621181697361735
scope_20260817_114548,sweep_120,3,2100.0,2221.34403136741,42.0,40.566373919574254,1.2753257166944314,1.3334517690632963,1.388394384050091
scope_20260817_114548,sweep_217,3,2000.0,1968.488613460489,40.0,41.7829227825487,1.3477736557599398,1.0115521765191586,1.2453297406299741
scope_20260817_114548,sweep_218,3,2000.0,2009.2074249171872,41.0,42.440304857284815,1.2947834227731554,1.186680553191264,1.2261433977120197
scope_20260817_114548,sweep_219,3,2000.0,1920.1934433729366,41.0,42.592574585653274,1.2947834227731554,1.2063742560540296,1.191583885808729
scope_20260817_114548,sweep_220,3,2000.0,1901.417377012036,41.0,43.5603748726923,1.2947834227731554,1.20981453762348,1.1422038432513582
scope_20260817_114548,sweep_221,3,2000.0,1894.3715589679532,41.0,41.25057884993831,1.2947834227731554,1.2640541771070024,1.247638906247748
scope_20260817_114548,sweep_222,3,2000.0,1749.31665352608,41.0,48.064912195874236,1.2947834227731554,1.1362530070630952,0.926551594935606
scope_20260817_114548,sweep_270,3,1000.0,1072.2310681976235,40.0,44.67461990162795,0.953019891492437,0.6346129247413717,0.822086919875518
scope_20260817_114548,sweep_271,3,1000.0,964.5498047623963,40.0,42.99274316812043,0.953019891492437,0.7438444700027881,0.8029647462660674
scope_20260817_114548,sweep_272,3,1000.0,1108.8868060599868,40.0,41.492871607592555,0.953019891492437,0.9174172015969039,0.9454356573593737
scope_20260817_114548,sweep_273,3,1000.0,1010.9103147334831,40.0,46.111910635852375,0.953019891492437,0.7210296068783978,0.7564472291202864
scope_20260817_114548,sweep_274,3,1000.0,1053.4814325374284,41.0,43.2442704912032,0.9155501384108267,0.9242994793110774,0.8605982001799294
scope_20260817_114548,sweep_275,3,1000.0,883.2148546068452,42.0,44.21463973445554,0.8800583540344316,0.7828232133609013,0.712167580577797
scope_20260817_114548,sweep_287,3,700.0,761.8975977256217,41.0,42.72020621416668,0.6654470526179118,0.5739790609503826,0.6672226939748219
scope_20260817_114548,sweep_288,3,700.0,679.7626820309546,41.0,44.02332681499157,0.6654470526179118,0.5748755913317835,0.5772556511996493
scope_20260817_114548,sweep_289,3,700.0,706.1358004737176,41.0,43.20558715582591,0.6654470526179118,0.524447439086132,0.6147694138441048
scope_20260817_114548,sweep_290,3,700.0,695.4912850865838,41.0,45.202533210496505,0.6654470526179118,0.49684259440895057,0.5626572565427412
scope_20260817_114548,sweep_291,3,700.0,664.8390715117262,41.0,44.14338628520769,0.6654470526179118,0.5169786910764387,0.5641303177155893
scope_20260817_114548,sweep_292,3,700.0,691.7858159552397,41.0,45.98689747398152,0.6654470526179118,0.5930205649064191,0.54401539253885
scope_20260817_114548,sweep_293,3,600.0,619.6015605521837,41.0,44.530139159195066,0.5855280034203217,0.5068558906456756,0.5243249179881101
scope_20260817_114548,sweep_305,3,300.0,210.0269894527114,43.0,43.80231890381457,0.3045058846908954,0.2543248281440495,0.21961719217584447
scope_20260817_114548,sweep_306,3,300.0,222.9977400228958,43.0,43.80948355823827,0.3045058846908954,0.396938788434992,0.23075352381019967
scope_20260817_114548,sweep_307,3,300.0,289.9015526196235,42.0,43.291965253484065,0.31660816544380704,0.24946934908969312,0.29265533077791495
scope_20260817_114548,sweep_308,3,300.0,324.78460770372016,42.0,45.327447001003605,0.31660816544380704,0.25363543106819136,0.29766857088490883
scope_20260817_114548,sweep_309,3,300.0,330.7582147056895,42.0,45.01382035949648,0.31660816544380704,0.2773118783890718,0.3057833662300735
scope_20260817_114548,sweep_310,3,300.0,301.6604897166682,42.0,44.391116718894246,0.31660816544380704,0.2529984925053602,0.2900253103027189
scope_20260817_114548,sweep_316,3,100.0,234.7112493921376,41.0,44.35950047888942,0.13233725821709472,0.21643752504705852,0.23577611829801248
scope_20260817_114548,sweep_317,3,100.0,23.735205021189667,41.0,42.267724287724064,0.13233725821709472,0.12083879312780821,0.038153316505108316
scope_20260817_114548,sweep_318,3,100.0,127.05047244376391,41.0,46.947134095684234,0.13233725821709472,0.09475094632212326,0.12863748178100776
scope_20260817_114548,sweep_319,3,100.0,68.83773214662436,41.0,44.28090923351016,0.13233725821709472,0.10973970494942449,0.08543759039070813
scope_20260817_114548,sweep_320,3,100.0,73.6631808751664,41.0,45.64508029073075,0.13233725821709472,0.10577535265647525,0.08585646872831618
scope_20260817_114548,sweep_321,3,100.0,130.10388820123492,41.0,45.22264960814916,0.13233725821709472,0.1520131941774782,0.13985406689689567
scope_20260817_114548,sweep_333,3,100.0,821.0935591487516,51.0,68.65647411286609,0.09128746664216106,0.4464890679056494,0.30375719758926456
scope_20260817_114548,sweep_334,3,100.0,134.21680469516497,51.0,51.16084246067364,0.09128746664216106,0.15819314360096629,0.11589786598325974
scope_20260817_114548,sweep_335,3,100.0,124.08772934972718,51.0,51.55781387040508,0.09128746664216106,0.07657188974546371,0.10711535251102082
scope_20260817_114548,sweep_336,3,100.0,139.13664227479524,51.0,51.388948745073584,0.09128746664216106,0.20562572905210513,0.11847743850758055
scope_20260817_114548,sweep_337,3,100.0,167.10032504346938,51.0,48.50590958984131,0.09128746664216106,0.12857550593819575,0.1526247841680056
scope_20260817_114548,sweep_338,3,100.0,90.2828188437787,50.0,45.40635208212601,0.09452528903905513,0.12023146494942219,0.10256014315764375
scope_20260817_114548,sweep_358,3,600.0,538.8487584235118,45.0,43.094014438425376,0.5015466319454266,0.47311218699093255,0.4933142072007927
scope_20260817_114548,sweep_359,3,600.0,648.6792650918964,45.0,48.339962031116855,0.5015466319454266,0.4028592093408616,0.4732857251465734
scope_20260817_114548,sweep_360,3,600.0,674.0076589267337,47.0,47.16506625956718,0.46568543890434866,0.5199553077995038,0.509800006660194
scope_20260817_114548,sweep_361,3,600.0,552.7557852883398,47.0,53.376918620084254,0.46568543890434866,0.30900629198840124,0.3479757316976998
scope_20260817_114548,sweep_362,3,600.0,538.9607123066207,48.0,45.76325900763163,0.4490734640768352,0.5323326954719166,0.44589841569683897
scope_20260817_114548,sweep_363,3,600.0,670.6072920775582,48.0,49.55088127491269,0.4490734640768352,0.6099652620017635,0.4659964303760844
scope_20260817_114548,sweep_375,3,900.0,863.7470630513316,46.0,43.7686929788356,0.6764643531359975,0.5851899362581187,0.7111114965392988
scope_20260817_114548,sweep_376,3,900.0,890.0405339380294,46.0,46.38922491170919,0.6764643531359975,0.5997311482136415,0.660664449424743
scope_20260817_114548,sweep_377,3,900.0,927.3163598406801,46.0,45.36630522839136,0.6764643531359975,0.6500405049162629,0.710029231507281
scope_20260817_114548,sweep_378,3,900.0,884.5432704586653,46.0,42.57913436721313,0.6764643531359975,0.8266080201649559,0.7593748023980653
scope_20260817_114548,sweep_379,3,900.0,865.2685431230577,45.0,45.87585451998381,0.7022100864807185,0.7282357642494145,0.6577493711676435
scope_20260817_114548,sweep_380,3,900.0,918.0992673853806,45.0,46.40508582544841,0.7022100864807185,0.6133242940545313,0.6775091057805896
scope_20260817_114548,sweep_429,3,1900.0,1840.2928515461367,47.0,45.609957969416406,1.0036999932814734,1.0894689217102942,1.0398419558995087
scope_20260817_114548,sweep_430,3,1900.0,1885.4915952388696,48.0,43.4359863758196,0.967895912608485,1.0334053917560169,1.1428596195018237
scope_20260817_114548,sweep_431,3,1900.0,1962.510627105326,48.0,44.25490414158565,0.967895912608485,1.206722700093391,1.1300253960336164
scope_20260817_114548,sweep_432,3,1900.0,1839.2626901202452,48.0,46.00977352518573,0.967895912608485,0.9663218657372622,1.0242078186129564
scope_20260817_114548,sweep_433,3,1900.0,1828.5937295977942,48.0,46.412030551547915,0.967895912608485,1.005342529816986,1.006153206565534
scope_20260817_114548,sweep_434,3,1900.0,1926.3842487761847,48.0,44.79766879286997,0.967895912608485,1.2106654586453776,1.0967997191369496
scope_20260817_114548,sweep_457,3,2400.0,2669.901381038975,48.0,47.99609371898706,1.0878210946044267,1.1806959176010126,1.1475210558190252
scope_20260817_114548,sweep_458,3,2400.0,2443.2176119404676,48.0,47.952142023826234,1.0878210946044267,1.2820028871361184,1.09946884093836
scope_20260817_114548,sweep_459,3,2400.0,2403.8158726851316,48.0,46.46281506479564,1.0878210946044267,1.2845764305873157,1.1514445419528483
scope_20260817_114548,sweep_460,3,2400.0,2460.41795051812,48.0,48.618810267246516,1.0878210946044267,1.0799238507946325,1.0772173496203215
scope_20260817_114548,sweep_461,3,2400.0,2642.5637507870542,48.0,43.30997343417392,1.0878210946044267,1.3603037124438475,1.3595646890068709
scope_20260817_114548,sweep_462,3,2400.0,2512.4791863052396,48.0,45.147243277810084,1.0878210946044267,1.3662842019357242,1.2362151911367665
scope_20260817_114548,sweep_481,3,2900.0,2512.2719756274237,48.0,47.85460430312937,1.1957788131960418,1.0822299343595296,1.1188329761090354
scope_20260817_114548,sweep_482,3,2900.0,2453.1004265849024,48.0,49.805873476209776,1.1957788131960418,0.8782789827077634,1.0312600751778025
scope_20260817_114548,sweep_483,3,2900.0,2648.2317955952126,48.0,48.57454885272644,1.1957788131960418,1.1758853131819915,1.119346640864658
scope_20260817_114548,sweep_484,3,2900.0,2594.1794155254884,47.0,48.520222953075645,1.2400126616264355,1.0535367045842792,1.1100211753001041
scope_20260817_114548,sweep_485,3,2900.0,2607.1428977927426,47.0,47.40281418453349,1.2400126616264355,1.1590924262125342,1.1585870508188414
scope_20260817_114548,sweep_486,3,2900.0,2439.969937299058,47.0,48.205279172882776,1.2400126616264355,1.1248753599514465,1.0887614575484075
scope_20260817_114548,sweep_492,3,2900.0,2532.70270656443,46.0,48.97999646564264,1.286538040887538,1.0963151685262753,1.0789337504847194
scope_20260817_114548,sweep_493,3,2900.0,2559.629929770474,46.0,47.57202923311123,1.286538040887538,1.0837381082613609,1.1409457448712077
scope_20260817_114548,sweep_494,3,2900.0,2573.808548638525,46.0,48.59339834506011,1.286538040887538,1.1397178170793536,1.1027620166784924
scope_20260817_114548,sweep_495,3,2900.0,2512.339321017093,45.0,47.84141869985729,1.3355027279179439,1.223544263394619,1.1193813868926985
scope_20260817_114548,sweep_496,3,2900.0,2729.670687916706,45.0,44.51865200708184,1.3355027279179439,1.17787933642449,1.319444632360974
scope_20260817_114548,sweep_497,3,2900.0,2636.510510658565,45.0,48.04863805983002,1.3355027279179439,1.177919885685275,1.1381641386789776
scope_20260817_114548,sweep_498,3,2800.0,2690.04005668126,45.0,45.992601365974004,1.3122748216128959,1.2751811165483897,1.2394305437630009
scope_20260817_114548,sweep_499,3,2800.0,2633.5825793029367,45.0,45.47429792233832,1.3122748216128959,1.1686324629152216,1.2502495531051845
scope_20260817_114548,sweep_500,3,2800.0,2727.0707335562433,46.0,47.7145056515766,1.2641617593218653,1.270753412516891,1.1716057428068645
scope_20260817_114548,sweep_501,3,2800.0,2717.957195360632,47.0,44.67329724466848,1.218445578819921,1.2906148645434334,1.3089304119412604
scope_20260817_114548,sweep_502,3,2800.0,2578.704442171184,48.0,47.68146263312826,1.1749810733982493,1.1587613755247699,1.1406539288203217
scope_20260817_114548,sweep_503,3,2800.0,2626.4227687513244,48.0,47.876613533249596,1.1749810733982493,1.2545116475796216,1.143059421657698
scope_20260817_114548,sweep_509,3,2600.0,2504.6798628737643,48.0,46.29093693914001,1.1322400930700331,1.105257850310172,1.182830983790565
scope_20260817_114548,sweep_510,3,2600.0,2501.93045275255,48.0,46.72973284607811,1.1322400930700331,1.1183079166420224,1.163231275449087
scope_20260817_114548,sweep_511,3,2600.0,2520.755884619088,47.0,47.712870183772644,1.174123538495708,1.2097093142602193,1.1264823942956155
scope_20260817_114548,sweep_512,3,2600.0,2639.3602554996064,47.0,46.7049702951689,1.174123538495708,1.1318344715839792,1.195838964523909
scope_20260817_114548,sweep_513,3,2600.0,2603.2596344088547,47.0,47.36624790931578,1.174123538495708,1.1344219624800662,1.1592650875866342
scope_20260817_114548,sweep_514,3,2600.0,2622.790091661999,47.0,49.07153752005666,1.174123538495708,1.0794255756331834,1.094385973625226
scope_20260817_114548,sweep_515,3,2500.0,2573.7621238024462,47.0,49.50599181673045,1.1513228527227357,1.1408577999827512,1.067546260168017
scope_20260817_114548,sweep_516,3,2500.0,2342.7792639123054,46.0,48.73535506570838,1.1945205829012657,1.0902945865431755,1.0467808972742134
scope_20260817_114548,sweep_517,3,2500.0,2498.9584669444876,46.0,48.86954758798536,1.1945205829012657,1.2681535839861935,1.0759461375594062
scope_20260817_114548,sweep_518,3,2500.0,2459.888638081589,46.0,48.60076392384646,1.1945205829012657,1.104747054625803,1.0777969779730787
scope_20260817_114548,sweep_519,3,2500.0,2450.0653002672752,46.0,49.14324556667386,1.1945205829012657,1.1299724097260861,1.0550456225874594
scope_20260817_114548,sweep_520,3,2500.0,2487.2983009794816,46.0,49.02525464225152,1.1945205829012657,1.2076739086584733,1.0674986604740697
scope_20260817_114548,sweep_558,3,1700.0,1737.237719511174,47.0,46.03416498865566,0.9494051461926568,0.974061676186232,0.9944959989485784
scope_20260817_114548,sweep_559,3,1700.0,1668.2408933353627,47.0,47.135806394151246,0.9494051461926568,0.9419601017148357,0.9358392014185423
scope_20260817_114548,sweep_560,3,1700.0,1618.2736882538602,47.0,48.66427978738466,0.9494051461926568,0.9222299781401595,0.8722055435273272
scope_20260817_114548,sweep_561,3,1700.0,1675.4366564236582,47.0,46.682281854791235,0.9494051461926568,0.9354813485781761,0.9535628488188695
scope_20260817_114548,sweep_562,3,1700.0,1676.1700363339442,47.0,46.762079329512545,0.9494051461926568,0.9942097823557042,0.9509809954748586
scope_20260817_114548,sweep_664,3,200.0,187.18969575652017,53.0,56.15110942237046,0.15156623145440987,0.11031423516773832,0.12929804445174792
scope_20260817_114548,sweep_665,3,200.0,219.58479506433434,53.0,49.76500330528194,0.15156623145440987,0.16888532229025718,0.18309021579338428
scope_20260817_114548,sweep_666,3,200.0,212.84505614898757,53.0,43.33897188978246,0.15156623145440987,0.207667144958673,0.2260449454819663
scope_20260817_114548,sweep_667,3,200.0,241.61896796440135,52.0,50.670834318627335,0.15679559895038492,0.16413017453165296,0.19203025055261638
scope_20260817_114548,sweep_668,3,200.0,192.0041207048247,52.0,51.00513663240859,0.15679559895038492,0.1785553180888285,0.1568489769170991
scope_20260817_114548,sweep_669,3,200.0,235.1794594924524,52.0,48.53212445760264,0.15679559895038492,0.22828886503840312,0.20249189882548102
scope_20260817_114548,sweep_717,3,1200.0,1341.8309775965351,53.0,49.35622856504831,0.646157186785281,0.8147120981685938,0.7749108742091001
scope_20260817_114548,sweep_718,3,1200.0,1231.1970399212225,54.0,50.22765046986415,0.6248901940975002,0.6523302600161416,0.7198594036976819
scope_20260817_114548,sweep_719,3,1200.0,1282.3718315604829,54.0,48.34777640586931,0.6248901940975002,0.809953086680701,0.7852783746947245
scope_20260817_114548,sweep_720,3,1200.0,1349.4298441376566,54.0,48.049342134558934,0.6248901940975002,0.7845503943141361,0.8142434562771104
scope_20260817_114548,sweep_721,3,1200.0,1198.0093527182407,54.0,51.719107231858146,0.6248901940975002,0.6750105952827263,0.6743462937549104
scope_20260817_114548,sweep_722,3,1300.0,1327.1150484932914,53.0,49.68244315859635,0.6725417230208034,0.7178706244763701,0.7618203617135166
scope_20260817_114548,sweep_723,3,1300.0,1465.2485832637485,53.0,50.267861280481355,0.6725417230208034,0.8207950814070524,0.7842035358381432
scope_20260817_114548,sweep_724,3,1300.0,1375.3275570113508,53.0,51.24189052896895,0.6725417230208034,0.8457560072084277,0.7344862280019351
scope_20260817_114548,sweep_725,3,1300.0,1349.9320177069974,52.0,50.709368684230064,0.695745887908349,0.7189943027017868,0.74121649425891
scope_20260817_114548,sweep_726,3,1300.0,1261.1511896196753,52.0,51.268675926316206,0.695745887908349,0.7392353840052263,0.7026885379820247
scope_20260817_114548,sweep_727,3,1300.0,1302.7562479525684,52.0,51.79491427861881,0.695745887908349,0.6966717519972422,0.7013849457781095
scope_20260817_114548,sweep_734,3,1500.0,1534.8147592919604,50.0,51.93381157570672,0.8009283078439645,0.7261029383456935,0.7576856222622269
scope_20260817_114548,sweep_735,3,1500.0,1536.120509352956,50.0,46.21068430931568,0.8009283078439645,0.8519774734055027,0.9290678899974015
scope_20260817_114548,sweep_736,3,1500.0,1247.0862222710984,51.0,51.80564256949191,0.7734937065874459,0.6325303492579687,0.6859833179176213
scope_20260817_114548,sweep_737,3,1500.0,1357.8757592837858,52.0,49.58383809469029,0.7473509683244112,0.8907814592253551,0.7732833784691333
scope_20260817_114548,sweep_738,3,1500.0,1357.4632912734346,53.0,56.30035039100558,0.7224256969009586,0.6157136506286097,0.6164107460363516
scope_20260817_114548,sweep_745,3,1700.0,1668.3904573599516,52.0,49.43292487726732,0.7956158615622824,0.8613954491142036,0.8617336628762159
scope_20260817_114548,sweep_746,3,1700.0,1467.2296171756348,51.0,49.607198093667655,0.8234469317131313,0.921844530498218,0.803155618861654
scope_20260817_114548,sweep_781,3,2400.0,2534.107582505973,53.0,53.99106232998744,0.9138042569765896,0.9613999726033491,0.9083529980449832
scope_20260817_114548,sweep_782,3,2400.0,2658.2021541899767,52.0,51.78322063547341,0.9453325085749965,1.0336958114805694,1.0022885914531607
scope_20260817_114548,sweep_783,3,2400.0,2669.31262756052,52.0,50.05551263366298,0.9453325085749965,1.1006609526347226,1.066355502621196
scope_20260817_114548,sweep_784,3,2400.0,2665.7306515010005,52.0,49.029196525458,0.9453325085749965,1.0076948951649285,1.1049704167287766
scope_20260817_114548,sweep_785,3,2400.0,2322.6678223254735,51.0,52.60739393099629,0.978400747448926,0.9683880571490352,0.9109636735121571
scope_20260817_114548,sweep_823,3,2800.0,2550.977444962978,51.0,51.67917213181943,1.056793590557488,0.9713245958287071,0.9853735098688031
scope_20260817_114548,sweep_824,3,2800.0,2636.2846763124026,51.0,55.818097782543,1.056793590557488,0.8552039027453792,0.8725223736366025
scope_20260817_114548,sweep_825,3,2800.0,2571.243851057873,51.0,52.131525093936105,1.056793590557488,0.989533224438763,0.974095800383727
scope_20260817_114548,sweep_826,3,2800.0,2582.952077256686,50.0,52.23294153443728,1.0942763916720586,0.9828723469411469,0.9729438850608335
scope_20260817_114548,sweep_827,3,2800.0,2588.4336541027965,50.0,52.183978623179584,1.0942763916720586,0.9639829053743437,0.9756010723987789
scope_20260817_114548,sweep_828,3,2800.0,2602.432879108923,50.0,50.242789733052824,1.0942763916720586,0.9945615665932512,1.0460288931489423
scope_20260817_114548,sweep_969,3,100.0,43.820629199215176,52.0,53.98917541967624,0.08820210948049717,0.12459606138554105,0.04158748149932527
scope_20260817_114548,sweep_970,3,100.0,166.46343571985682,53.0,59.627560751975395,0.08526043734504586,0.0922408140016125,0.10510283447079945
scope_20260817_114548,sweep_971,3,100.0,91.4660673278416,53.0,56.593536104182064,0.08526043734504586,0.043938760887275274,0.07034845911584342
scope_20260817_114548,sweep_982,3,100.0,120.25866411830121,60.0,59.987685285685856,0.06806735700658387,0.06260656354091819,0.07935965826035171
scope_20260817_114548,sweep_983,3,100.0,96.46382464937054,59.0,54.76362382518982,0.07020486159240477,0.046793396212240705,0.07803097525399615
scope_20260817_114548,sweep_984,3,100.0,134.97082852956078,59.0,53.56967113000733,0.07020486159240477,0.06858763482449837,0.10728596651381571
scope_20260817_114548,sweep_985,3,100.0,104.49476297638674,58.0,62.03515996573112,0.07243880262993393,0.11645180142216598,0.06637248051659728
scope_20260817_114548,sweep_986,3,100.0,150.4186552936033,58.0,54.011454637107384,0.07243880262993393,0.10506284518510192,0.11566664492967905
scope_20260817_114548,sweep_987,3,100.0,117.17683780267747,58.0,61.54173380304442,0.07243880262993393,0.08292308905128881,0.07408181159260155
scope_20260817_114548,sweep_988,3,200.0,169.92180021732494,57.0,56.01097195162376,0.13292581777805493,0.13876410491518973,0.11985955421606087
scope_20260817_114548,sweep_989,3,200.0,169.64477729708028,57.0,58.984963864683,0.13292581777805493,0.13849147155765593,0.1089153371808698
scope_20260817_114548,sweep_990,3,200.0,194.1297837526177,57.0,48.43020012093596,0.13292581777805493,0.20322739653630842,0.17332005878250192
scope_20260817_114548,sweep_991,3,200.0,193.26612627704344,56.0,56.02844248088584,0.13726981069635683,0.11352011427142218,0.13329984119535737
scope_20260817_114548,sweep_992,3,200.0,151.77053614725355,56.0,59.990299046011096,0.13726981069635683,0.09702418192767724,0.09626178703736872
scope_20260817_114548,sweep_993,3,200.0,264.28879930948017,56.0,51.928026658224745,0.13726981069635683,0.18746383597552405,0.19809445046937585
scope_20260817_114548,sweep_999,3,400.0,435.09269427663327,58.0,52.58867689675967,0.22891858663826103,0.2953000052771105,0.2929582648929478
scope_20260817_114548,sweep_1000,3,400.0,412.91077187639627,58.0,55.29126451784996,0.22891858663826103,0.27149114012328956,0.2563841631840608
scope_20260817_114548,sweep_1001,3,400.0,419.05063702884814,58.0,54.895662093954606,0.22891858663826103,0.24180077120106377,0.2629301848402505
scope_20260817_114548,sweep_1002,3,400.0,387.9084798622248,58.0,53.00479689519385,0.22891858663826103,0.25649215823615956,0.26261689710260855
scope_20260817_114548,sweep_1003,3,400.0,392.65780690877347,58.0,52.13861272259863,0.22891858663826103,0.25119999363550255,0.2731850497154508
scope_20260817_114548,sweep_1004,3,400.0,423.98989622055586,58.0,55.143702817559074,0.22891858663826103,0.2807569354026761,0.2633490068438639
scope_20260817_114548,sweep_1030,3,1000.0,1182.4876890063533,55.0,55.89670883762221,0.5519145334207011,0.5589605638184802,0.582869758708788
scope_20260817_114548,sweep_1031,3,1000.0,990.3485614370037,56.0,57.17118771669194,0.5342199942923429,0.49825574010199714,0.49875376034682567
scope_20260817_114548,sweep_1032,3,1000.0,945.4650225819499,58.0,51.86416559450211,0.5011540715567241,0.42716239855925625,0.5718487081756162
scope_20260817_114548,sweep_1033,3,1000.0,1067.731634304337,58.0,61.28549763516038,0.5011540715567241,0.46303041899836184,0.46790844284097854
scope_20260817_114548,sweep_1034,3,1000.0,1054.9228472798418,59.0,56.661913772872644,0.48569897558702957,0.5308563946693536,0.5371131786055375
scope_20260817_114548,sweep_1035,3,1000.0,1068.826564931823,59.0,58.91609306490002,0.48569897558702957,0.4760999032007514,0.5034489994338419
scope_20260817_114548,sweep_1041,3,1200.0,1278.179917044668,57.0,58.884887042063674,0.5666893716522622,0.5746150244775869,0.5510870083687284
scope_20260817_114548,sweep_1042,3,1200.0,1275.763280407155,56.0,51.59375900078125,0.5852086830883946,0.7228676938851913,0.6988848939524767
scope_20260817_114548,sweep_1043,3,1200.0,1326.1971493943017,56.0,53.53155297375675,0.5852086830883946,0.6297770688941292,0.6672698155749428
scope_20260817_114548,sweep_1044,3,1200.0,1251.0273007445658,56.0,57.35249761654951,0.5852086830883946,0.5155123084970435,0.5721483473255808
scope_20260817_114548,sweep_1045,3,1200.0,1257.7305760503093,55.0,55.11473161419082,0.6045920795389138,0.626755385470135,0.6166410529428765
scope_20260817_114548,sweep_1046,3,1200.0,1272.257019629187,55.0,51.5453508643704,0.6045920795389138,0.7511211586762038,0.6990853185971164
scope_20260817_114548,sweep_1075,3,1800.0,1764.0635194142178,57.0,54.88032228955358,0.6940499016032303,0.7159789259356221,0.7359278049372067
scope_20260817_114548,sweep_1076,3,1800.0,1391.892945649942,57.0,57.925975690581645,0.6940499016032303,0.6073485539527724,0.5926363565907268
scope_20260817_114548,sweep_1077,3,1800.0,1848.672735651548,56.0,55.33446201857945,0.7167313333063371,0.7555500350584731,0.7422457593537453
scope_20260817_114548,sweep_1078,3,1800.0,1733.3430179532568,56.0,55.20079454934674,0.7167313333063371,0.7294250865003337,0.7218673695592929
scope_20260817_114548,sweep_1079,3,1800.0,1857.9114950814997,56.0,55.56713032072689,0.7167313333063371,0.7699631718776047,0.7384744087338208
scope_20260817_114548,sweep_1080,3,1800.0,2025.0466811464557,55.0,53.114869757225236,0.7404710486992604,0.8107231013933494,0.836152636735014
scope_20260817_114548,sweep_1081,3,1900.0,2218.368870980394,55.0,55.26390107389683,0.7607616835658072,0.7937338695978361,0.8149590748392362
scope_20260817_114548,sweep_1082,3,1900.0,1893.6381664130085,55.0,56.80110611050453,0.7607616835658072,0.7907953236851026,0.7164171679671089
scope_20260817_114548,sweep_1083,3,1900.0,1848.2500934761115,55.0,56.41636176416666,0.7607616835658072,0.8426485129464846,0.7165777653984899
scope_20260817_114548,sweep_1084,3,1900.0,2059.092680384643,56.0,54.43730017576587,0.7363714445667014,0.8377189762535452,0.8067817123448359
scope_20260817_114548,sweep_1089,3,2100.0,2274.085492217773,57.0,56.18951612068304,0.7496595740076709,0.8212594515081181,0.8006867295118865
scope_20260817_114548,sweep_1090,3,2100.0,2369.8107676190652,57.0,55.34525633069448,0.7496595740076709,0.8958823648317711,0.840081575352327
scope_20260817_114548,sweep_1091,3,2100.0,2298.4790881374256,56.0,55.91767153061967,0.7741583202637513,0.8361282912988808,0.8120792800269147
scope_20260817_114548,sweep_1092,3,2100.0,2180.2663570826217,56.0,55.0573330974215,0.7741583202637513,0.7955098846183197,0.813411219666521
scope_20260817_114548,sweep_1093,3,2100.0,2341.972563533725,56.0,53.116711185592614,0.7741583202637513,0.9141874087297982,0.8991497817344147
scope_20260817_114548,sweep_1094,3,2100.0,2245.758826461804,55.0,53.99200173036815,0.7998001435496742,0.8326735126473728,0.8550866448486
scope_20260817_114548,sweep_1117,3,2600.0,2481.8445545205636,57.0,58.62373290922918,0.8341441693203944,0.7516720508114692,0.7741987001368392
scope_20260817_114548,sweep_1118,3,2600.0,2576.1255320718756,58.0,54.58491235873313,0.8080866592999129,0.8280496720489194,0.8980179143883308
scope_20260817_114548,sweep_1119,3,2600.0,2627.2134692374075,58.0,56.65839129974837,0.8080866592999129,0.8287051065598765,0.847719610087692
scope_20260817_114548,sweep_1120,3,2600.0,2339.428228539666,58.0,55.15129452845771,0.8080866592999129,0.8532753260068692,0.8399888826185963
scope_20260817_114548,sweep_1121,3,2600.0,2521.4188316056698,58.0,54.85688103992129,0.8080866592999129,0.8583592038942233,0.8805116856983856
scope_20260817_114548,sweep_1122,3,2600.0,2509.952579226821,58.0,57.31487302422551,0.8080866592999129,0.8437782427763569,0.8113864049945781
scope_20260817_114548,sweep_1199,3,1900.0,1965.100712080972,57.0,57.25416268418334,0.7130684887003655,0.7368702630258924,0.7193272585770518
scope_20260817_114548,sweep_1200,3,1900.0,1844.369774289738,58.0,63.17160918070486,0.6907932154646397,0.574815964395098,0.5812991884428313
scope_20260817_114548,sweep_1207,3,1700.0,1546.6707797645738,57.0,59.79486044490555,0.6744952648117584,0.662594965902252,0.5893568458840918
scope_20260817_114548,sweep_1208,3,1700.0,1718.0733873966694,57.0,54.54092996260832,0.6744952648117584,0.721330741956804,0.734433657914612
scope_20260817_114548,sweep_1209,3,1700.0,1513.9830287376546,56.0,56.593482274330306,0.6965376543395974,0.6150616820977679,0.6448668290685683
scope_20260817_114548,sweep_1210,3,1700.0,1697.3880922496646,56.0,56.09627864804715,0.6965376543395974,0.6559117377749218,0.6938379976496145
scope_20260817_114548,sweep_1211,3,1700.0,1740.6012802382975,56.0,53.090394293672176,0.6965376543395974,0.7637193128337872,0.775845654267816
scope_20260817_114548,sweep_1212,3,1700.0,1634.9231761917106,56.0,54.72242373263194,0.6965376543395974,0.7308280363705026,0.7121674780231132
scope_20260817_114548,sweep_1230,3,1300.0,1155.3507640737503,56.0,54.56139017207488,0.6091045090887311,0.5780712529887038,0.601859919156429
scope_20260817_114548,sweep_1231,3,1300.0,1157.9359874122688,55.0,54.328094307313044,0.6292793877613403,0.5567912560087306,0.60719608244758
scope_20260817_114548,sweep_1232,3,1300.0,1111.1207543143557,55.0,54.645896380809226,0.6292793877613403,0.6460001208735416,0.5885845885867399
scope_20260817_114548,sweep_1233,3,1300.0,1424.1399509639384,55.0,59.587907912551245,0.6292793877613403,0.6295398263730622,0.5691514363827097
scope_20260817_114548,sweep_1234,3,1300.0,1090.5893118736362,55.0,56.52437044998035,0.6292793877613403,0.5843209735241843,0.5485353086778978
scope_20260817_114548,sweep_1252,3,900.0,836.9327411604075,55.0,61.25985746238185,0.4941890442261173,0.36987275080089954,0.38203179134624937
scope_20260817_114548,sweep_1253,3,900.0,983.3877737067526,55.0,55.882068055476594,0.4941890442261173,0.5177937670101785,0.5168219140397572
scope_20260817_114548,sweep_1254,3,800.0,710.7532686600107,59.0,55.73064061816628,0.3943954324613928,0.40748852256218,0.3966799393569606
scope_20260817_114548,sweep_1255,3,800.0,644.7311189985109,58.0,55.041718538399316,0.40694522063282745,0.524208715045682,0.37416395144395015
scope_20260817_114548,sweep_1256,3,800.0,677.506819866379,58.0,55.542625312695506,0.40694522063282745,0.41268128031905615,0.38355514905024535
scope_20260817_114548,sweep_1257,3,800.0,842.3454382353152,58.0,56.2588189340541,0.40694522063282745,0.45392697232900314,0.4489983482193585
scope_20260817_114548,sweep_1258,3,800.0,743.0620845550104,57.0,57.748203625145635,0.4200675498315469,0.4024210122906614,0.38581192637742623
scope_20260817_114548,sweep_1313,3,200.0,160.9603014891394,62.0,68.5256175319596,0.1138810767895137,0.1025869310141865,0.0788358453735706
scope_20260817_114548,sweep_1314,3,200.0,214.60479241304992,62.0,59.34624936348951,0.1138810767895137,0.14626733850253792,0.13090572343483306
scope_20260817_114548,sweep_1315,3,200.0,210.79702897610517,61.0,59.76450265414139,0.11736483837695193,0.14038690291050332,0.1273189622115766
scope_20260817_114548,sweep_1316,3,200.0,154.19401835517823,61.0,60.40110283123012,0.11736483837695193,0.11450778349635575,0.09631578371980568
scope_20260817_114548,sweep_1317,3,200.0,189.42150268435304,60.0,63.1129189012512,0.12100234420330826,0.11919126897118733,0.10531594543109384
scope_20260817_114548,sweep_1318,3,300.0,158.6778736297414,60.0,64.90591835912528,0.16941409068543056,0.08158991473933751,0.08628386540015705
scope_20260817_114548,sweep_1319,3,300.0,300.9910222653809,60.0,55.80689661757229,0.16941409068543056,0.19444957822700346,0.193926749388549
scope_20260817_114548,sweep_1320,3,300.0,289.090865033828,60.0,64.21907821129368,0.16941409068543056,0.15534929630613126,0.14481203929644285
scope_20260817_114548,sweep_1321,3,300.0,274.16140998921014,61.0,55.170079610136725,0.1643212576003153,0.1651115057655322,0.1832301285519144
scope_20260817_114548,sweep_1322,3,300.0,274.414255766193,62.0,68.74244830707781,0.15944368018322802,0.14246678947353172,0.12201982752138622
scope_20260817_114548,sweep_1323,3,300.0,262.6872367020651,63.0,61.75073418111621,0.15477011249930658,0.15902278478456994,0.1438723522446868
scope_20260817_114548,sweep_1347,3,800.0,861.8427110333088,61.0,60.664011861118105,0.37089228351184134,0.45105366758141163,0.3985869702655432
scope_20260817_114548,sweep_1348,3,800.0,842.7289896447027,61.0,60.18568843696618,0.37089228351184134,0.426262941324271,0.39699540548263623
scope_20260817_114548,sweep_1349,3,800.0,794.1693573229995,60.0,56.46284280962653,0.38238740301170226,0.41506126988627623,0.4247772057019541
scope_20260817_114548,sweep_1350,3,800.0,845.8334784525582,60.0,62.596850250069465,0.38238740301170226,0.384517208948017,0.37026433115441104
scope_20260817_114548,sweep_1351,3,800.0,880.2029244925043,60.0,63.80079167839157,0.38238740301170226,0.3535708626116057,0.3693614745026516
scope_20260817_114548,sweep_1352,3,800.0,830.4491672392885,60.0,57.8329645430094,0.38238740301170226,0.4364456805704278,0.421978988417621
scope_20260817_114548,sweep_1383,3,1500.0,1387.7904902208988,63.0,61.3516014272185,0.5268925845481458,0.5848624200036896,0.532383650313281
scope_20260817_114548,sweep_1384,3,1500.0,1560.3776424473922,63.0,60.57359509741544,0.5268925845481458,0.5330559359960332,0.5780020851725512
scope_20260817_114548,sweep_1385,3,1500.0,1554.300301921003,63.0,63.50915971993211,0.5268925845481458,0.5101518971441554,0.5283580839985286
scope_20260817_114548,sweep_1386,3,1500.0,1507.9463317816796,63.0,62.82819799180511,0.5268925845481458,0.5178048309764323,0.5309790968232203
scope_20260817_114548,sweep_1387,3,1500.0,1379.627564514034,63.0,63.92768429852682,0.5268925845481458,0.49531186827564827,0.4917195642457915
scope_20260817_114548,sweep_1416,3,2100.0,2116.354057512628,63.0,63.29529293023114,0.623427713462078,0.6754035518608857,0.6204213237520511
scope_20260817_114548,sweep_1417,3,2100.0,2528.8893318568853,63.0,60.112465714247655,0.623427713462078,0.7226388665033411,0.7462845117469952
scope_20260817_114548,sweep_1418,3,2100.0,2242.6654926907618,63.0,59.7687672095285,0.623427713462078,0.7044698238874603,0.7102491942777055
scope_20260817_114548,sweep_1419,3,2100.0,2181.847207297529,62.0,67.24826820731025,0.6422532577990729,0.7266744451870585,0.5623204582045156
scope_20260817_114548,sweep_1420,3,2100.0,2027.9886635662162,62.0,60.01746713713608,0.6422532577990729,0.7000591148963877,0.6702528010354525
scope_20260817_114548,sweep_1421,3,2100.0,2065.006209963892,61.0,62.259802078869676,0.6619005714002866,0.6785215024851823,0.6319530182229902
scope_20260817_114548,sweep_1453,3,2800.0,2574.3267761111447,60.0,62.6344061814136,0.7879849146511846,0.7169791944039429,0.697770749379843
scope_20260817_114548,sweep_1454,3,2800.0,2462.3850138753,60.0,62.279305558554725,0.7879849146511846,0.6786174437286974,0.6896827482300276
scope_20260817_114548,sweep_1455,3,2800.0,2546.1324805581803,61.0,58.657127433845616,0.7642969461494453,0.7776826489461697,0.7833433878382409
scope_20260817_114548,sweep_1456,3,2800.0,2639.153840193154,62.0,62.56063552679534,0.7416101825564179,0.71552663004129,0.7080521006593548
scope_20260817_114548,sweep_1457,3,2800.0,2646.2051270855036,63.0,59.73908371465214,0.7198723163752074,0.7682628988071165,0.7722137636937494
scope_20260817_114548,sweep_1458,3,2800.0,2310.82233087348,63.0,62.3062881375587,0.7198723163752074,0.666894382083721,0.6675827728634035
scope_20260817_114548,sweep_1476,3,2800.0,2656.272066894237,63.0,64.71276864081064,0.7198723163752074,0.6417547906028084,0.6669002354934901
scope_20260817_114548,sweep_1477,3,2800.0,2592.4604056971816,63.0,61.60837120611307,0.7198723163752074,0.6987274745364952,0.7220342327313592
scope_20260817_114548,sweep_1478,3,2800.0,2449.107114508028,62.0,64.56971736839417,0.7416101825564179,0.7025782274768033,0.6430241031066555
scope_20260817_114548,sweep_1479,3,2800.0,2608.626755003882,62.0,64.77376195855807,0.7416101825564179,0.7281903207532309,0.6597275214059422
scope_20260817_114548,sweep_1480,3,2800.0,2726.1629821614197,62.0,63.185221972693896,0.7416101825564179,0.7371314469421402,0.7064432172213768
scope_20260817_114548,sweep_1534,3,1700.0,1640.7087066301492,63.0,65.66928134543363,0.560919989902364,0.4807250630624961,0.5099124386545505
scope_20260817_114548,sweep_1535,3,1700.0,1598.5702158013728,63.0,64.08445722121802,0.560919989902364,0.5547659414499081,0.5268842866301762
scope_20260817_114548,sweep_1536,3,1700.0,1852.67038396553,63.0,67.70949539807465,0.560919989902364,0.6034655196451667,0.5115323974373427
scope_20260817_114548,sweep_1537,3,1700.0,1593.3689596263387,62.0,63.863697289115144,0.5778579987707427,0.5560739427314223,0.5294280288329676
scope_20260817_114548,sweep_1538,3,1600.0,1694.1184833337009,61.0,61.124061219069716,0.5777541849478736,0.5651373809407061,0.5922735555913526
scope_20260817_114548,sweep_1539,3,1600.0,1885.3870628160466,60.0,62.061037446127024,0.5956606060107117,0.6209198600348725,0.6074402713439396
scope_20260817_114548,sweep_1540,3,1600.0,1377.9579650473788,60.0,64.99356570429579,0.5956606060107117,0.5052214263698989,0.4764541940605222
scope_20260817_114548,sweep_1541,3,1600.0,1561.4638435736738,60.0,61.74323285823746,0.5956606060107117,0.6095105422474876,0.5580933119779168
scope_20260817_114548,sweep_1565,3,1100.0,1106.5792862838043,63.0,65.63029895221148,0.45120385283299425,0.3851229520431337,0.4192326912082309
scope_20260817_114548,sweep_1566,3,1100.0,1125.5479363467086,62.0,65.73949860524397,0.46482878151856694,0.5152823695725036,0.4214932619565941
scope_20260817_114548,sweep_1567,3,1100.0,1278.5796780059907,62.0,60.28204897885057,0.46482878151856694,0.5975028257818001,0.5278939429596954
scope_20260817_114548,sweep_1568,3,1100.0,1087.43772415168,61.0,62.88763694805005,0.47904846313242405,0.5203845580808,0.4501136829027826
scope_20260817_114548,sweep_1569,3,1100.0,1072.4251938536477,61.0,60.91509141983599,0.47904846313242405,0.4894431149566561,0.47422617261285
scope_20260817_114548,sweep_1570,3,1100.0,1054.2703598751746,61.0,65.4498861941065,0.47904846313242405,0.3523707841858356,0.41132297473929386
scope_20260817_114548,sweep_1577,3,900.0,989.01240921693,63.0,66.15397818690568,0.3852101657453167,0.41665769339498093,0.38018847716222126
scope_20260817_114548,sweep_1578,3,900.0,852.5347902668818,63.0,67.86566854398708,0.3852101657453167,0.2991151000191211,0.32031477017191995
scope_20260817_114548,sweep_1579,3,900.0,864.9324860766253,63.0,64.47937838592743,0.3852101657453167,0.3789652039740572,0.3569079452421341
scope_20260817_114548,sweep_1580,3,900.0,829.279080675282,63.0,62.189620300814944,0.3852101657453167,0.3870245726864389,0.36868514999538515
scope_20260817_114548,sweep_1581,3,900.0,913.5929998471685,63.0,61.47426160704585,0.3852101657453167,0.3597734793603575,0.4082071307947399
scope_20260817_114548,sweep_1588,3,700.0,635.899953744746,60.0,61.77203463412175,0.3422711238676046,0.3254393389290218,0.299486936480589
scope_20260817_114548,sweep_1589,3,700.0,670.3050985715,60.0,67.5195305114997,0.3422711238676046,0.22176825423188234,0.2648999530063441
scope_20260817_114548,sweep_1590,3,700.0,749.3317224144429,60.0,66.95823337178219,0.3422711238676046,0.33516070735813563,0.2951804956826657
scope_20260817_114548,sweep_1591,3,700.0,732.700150658625,62.0,64.06241070446175,0.3221276777457189,0.3861218836177911,0.3147874526452455
scope_20260817_114548,sweep_1592,3,700.0,690.0252478090869,62.0,61.51042746386803,0.3221276777457189,0.3610648922885603,0.3230281752937562
scope_20260817_114548,sweep_1613,3,200.0,187.99137337629065,62.0,60.57923841411706,0.1138810767895137,0.10791996231247376,0.11292088875492567
scope_20260817_114548,sweep_1614,3,200.0,168.70867878806033,61.0,72.45420066904369,0.11736483837695193,0.09082441477760012,0.07374241584780215
scope_20260817_114548,sweep_1615,3,200.0,212.74430504648913,61.0,63.552056036214445,0.11736483837695193,0.11706029613529063,0.11448167421446957
scope_20260817_114548,sweep_1616,3,200.0,197.04201329221172,61.0,57.69314109381207,0.11736483837695193,0.08362571525225616,0.12842967550751272
scope_20260817_114548,sweep_1617,3,200.0,115.9180469197031,60.0,72.6546367840031,0.12100234420330826,0.08330377608690172,0.0537220182883696
scope_20260817_114548,sweep_1618,3,200.0,163.53606317941473,60.0,64.9283346746607,0.12100234420330826,0.10290789826143941,0.08841365577586326
scope_20260817_114548,sweep_1641,3,200.0,32.43428044472523,66.0,66.71153465436713,0.10132999462357575,0.06864582010371234,0.02194116833808436
scope_20260817_114548,sweep_1642,3,200.0,217.32991306473082,65.0,58.665302698536486,0.10427435693349361,0.1208138042705034,0.13511696802380277
scope_20260817_114548,sweep_1643,3,200.0,221.31147768092765,65.0,59.56981029070913,0.10427435693349361,0.11059952191182093,0.13336674119560996
scope_20260817_114548,sweep_1644,3,200.0,261.7487183654431,65.0,77.50898295824395,0.10427435693349361,0.10075897816442114,0.09332868904646946
scope_20260817_114548,sweep_1645,3,200.0,208.0166056871817,65.0,65.19724307221176,0.10427435693349361,0.091897973539614,0.10712183406891546
scope_20260817_114548,sweep_1646,3,200.0,268.3667017080342,66.0,65.64097793625504,0.10132999462357575,0.10267422127532773,0.1306700387947429
scope_20260817_114548,sweep_1655,3,500.0,451.14468718894915,65.0,67.72631459130216,0.2230836426971341,0.20293046650892999,0.1896062709793058
scope_20260817_114548,sweep_1656,3,500.0,514.5424354049924,64.0,63.920582446681316,0.2296489882835457,0.22269662143613567,0.23572533591323183
scope_20260817_114548,sweep_1657,3,500.0,512.9231469733274,65.0,66.4661646112689,0.2230836426971341,0.19797387650629691,0.21851468735205964
scope_20260817_114548,sweep_1658,3,500.0,546.4279879987911,66.0,67.48342493666688,0.21678449985096382,0.23704950181745718,0.2238030976721733
scope_20260817_114548,sweep_1659,3,500.0,522.3451109470882,67.0,63.02808560904641,0.2107381644701282,0.28488422983373507,0.24503081707449392
scope_20260817_114548,sweep_1660,3,500.0,475.4360326067633,68.0,66.09995423136888,0.2049320326046743,0.22491781207489225,0.20731690541762446
scope_20260817_114548,sweep_1708,3,1500.0,1401.7194765464308,65.0,66.32242963140379,0.4970135778511941,0.5333138510544428,0.462632224524264
scope_20260817_114548,sweep_1709,3,1500.0,1413.2070616104904,65.0,64.56895781189795,0.4970135778511941,0.5056723262569931,0.48846766640294126
scope_20260817_114548,sweep_1710,3,1500.0,1444.5062210975952,65.0,64.9730874900216,0.4970135778511941,0.4590983079498317,0.48811175996774314
scope_20260817_114548,sweep_1711,3,1500.0,1530.9194714835994,65.0,67.27454852932459,0.4970135778511941,0.4616180541174317,0.4706825316648206
scope_20260817_114548,sweep_1712,3,1500.0,1584.3009241953757,66.0,65.61353324249544,0.4829795613472531,0.5211018584743953,0.5018696665510572
scope_20260817_114548,sweep_1713,3,1500.0,1573.644787060006,67.0,66.09162762971917,0.4695087808624767,0.5328109041707219,0.49340601847067106
scope_20260817_114548,sweep_1760,3,2400.0,2732.9490981158465,67.0,68.95744158550882,0.5938868515897204,0.5776408271023743,0.6002099324448386
scope_20260817_114548,sweep_1761,3,2400.0,2683.3683150682964,67.0,64.70909372911639,0.5938868515897204,0.6501308226667458,0.6703643426966671
scope_20260817_114548,sweep_1762,3,2400.0,2663.2893228692205,66.0,68.035538517386,0.6109261908665367,0.6719861110953308,0.6077786973273545
scope_20260817_114548,sweep_1779,3,2800.0,2429.5269172754956,67.0,67.64385330281014,0.6414711148911352,0.5725874073098599,0.5868534105539673
scope_20260817_114548,sweep_1780,3,2800.0,2514.122954122955,68.0,68.3825106626202,0.6237976863961007,0.5793845541216396,0.5848660365938114
scope_20260817_114548,sweep_1781,3,2800.0,2482.274019127779,68.0,67.87366582801992,0.6237976863961007,0.5681864498518906,0.5894054998719956
scope_20260817_114548,sweep_1782,3,2800.0,2674.5666777961283,68.0,63.609910141637485,0.6237976863961007,0.67719856902857,0.6910401989987391
scope_20260817_114548,sweep_1783,3,2800.0,2460.464422913992,68.0,67.08736233960232,0.6237976863961007,0.5586188099037686,0.5998471910068836
scope_20260817_114548,sweep_1807,3,2700.0,2316.04486280713,67.0,68.32576772555251,0.6299121300249302,0.582464894892757,0.5622349971795064
scope_20260817_114548,sweep_1808,3,2700.0,2627.5790870345804,67.0,65.56927266638152,0.6299121300249302,0.611032627855412,0.6471425442835629
scope_20260817_114548,sweep_1809,3,2700.0,2672.1979907542773,68.0,67.28946056406532,0.6125571677675262,0.6571330378148622,0.6215911222271115
scope_20260817_114548,sweep_1810,3,2700.0,2650.901978512523,68.0,64.07873003399365,0.6125571677675262,0.6634514947060915,0.678607645505841
scope_20260817_114548,sweep_1811,3,2700.0,2723.606099599479,68.0,66.34716695125476,0.6125571677675262,0.604198268289645,0.6444258497919717
scope_20260817_114548,sweep_1812,3,2700.0,2477.3597892154244,67.0,66.84412232307014,0.6299121300249302,0.5608325831222751,0.6060347743654805
scope_20260817_114548,sweep_1821,3,2400.0,2583.0003787197943,68.0,66.13462709849965,0.5775244362571245,0.6293297784290445,0.631367937676699
scope_20260817_114548,sweep_1822,3,2400.0,2644.578628791268,68.0,66.99032854243079,0.5775244362571245,0.6803817721520086,0.6235832121278738
scope_20260817_114548,sweep_1823,3,2400.0,2815.0400854658155,67.0,65.74814567626458,0.5938868515897204,0.6575964840426135,0.6664133579694952
scope_20260817_114548,sweep_1824,3,2400.0,2620.857089892319,67.0,69.97610504554711,0.5938868515897204,0.6097904827138014,0.5716696881189552
scope_20260817_114548,sweep_1825,3,2400.0,2658.7149286815966,66.0,67.25413792528309,0.6109261908665367,0.6319691995428082,0.6206348600583546
scope_20260817_114548,sweep_1826,3,2400.0,2629.7981472438255,66.0,68.76787019669379,0.6109261908665367,0.6304461474174019,0.5918482553502274
scope_20260817_114548,sweep_1850,3,1900.0,2104.5368636372564,68.0,70.62988147691443,0.5138561331981323,0.48414943578206654,0.503312759455321
scope_20260817_114548,sweep_1851,3,1900.0,1951.6358248411252,68.0,66.09937828133035,0.5138561331981323,0.569576814175709,0.5493571507718478
scope_20260817_114548,sweep_1852,3,1900.0,1699.4853902462116,67.0,69.6833476303441,0.5284146989396626,0.5066368393654603,0.46401701629594194
scope_20260817_114548,sweep_1853,3,1900.0,1813.745705340398,67.0,67.35401200624986,0.5284146989396626,0.5128804771443609,0.5111798602479173
scope_20260817_114548,sweep_1854,3,1900.0,2018.5748755986804,66.0,66.35896323827757,0.5435755621747858,0.5657157416911737,0.5545976863848577
scope_20260817_114548,sweep_1876,3,1400.0,1228.5646982373696,67.0,64.93302647265332,0.45358857527481655,0.4815352620838825,0.45067176054642144
scope_20260817_114548,sweep_1877,3,1400.0,1495.4490248737466,67.0,70.98323327767834,0.45358857527481655,0.3780509544299903,0.42027028204146766
scope_20260817_114548,sweep_1878,3,1400.0,1212.1463149696497,67.0,70.38720252789714,0.45358857527481655,0.3762792068756502,0.38448096682974464
scope_20260817_114548,sweep_1924,3,500.0,547.0918815091934,65.0,66.44556187738756,0.2230836426971341,0.2598563149605196,0.2306643575086458
scope_20260817_114548,sweep_1925,3,500.0,484.2149236759417,65.0,65.74299892190369,0.2230836426971341,0.24508193245621226,0.21264095266944236
scope_20260817_114548,sweep_1926,3,500.0,518.3273851722265,65.0,72.20998758896818,0.2230836426971341,0.19862125032834982,0.18841172819918606
scope_20260817_114548,sweep_1927,3,500.0,505.8228061061824,65.0,63.71693930318801,0.2230836426971341,0.23299005388701524,0.23379366432787785
scope_20260817_114548,sweep_1928,3,500.0,470.7768131740994,66.0,69.5035059512236,0.21678449985096382,0.18646897003430474,0.18704160321480098
scope_20260817_114548,sweep_1929,3,500.0,426.4592906653394,67.0,73.73237942036661,0.2107381644701282,0.2154660980242751,0.15399462925122995
scope_20260817_114548,sweep_1938,3,200.0,116.90438579860643,65.0,67.218570511441,0.10427435693349361,0.047699465275586876,0.0626949855826647
scope_20260817_114548,sweep_1939,3,200.0,208.35585751670627,65.0,72.81865137531854,0.10427435693349361,0.08234086111958444,0.08702597302347541
scope_20260817_114548,sweep_1940,3,200.0,130.47813173229997,66.0,78.33953026975473,0.10132999462357575,0.032189956859286634,0.05130714246531045
scope_20260817_114548,sweep_1941,3,200.0,186.94804326155412,67.0,59.069825934155865,0.09850380025980153,0.06782984390272977,0.11774764788803523
scope_20260817_114548,sweep_1942,3,200.0,117.00968724150128,68.0,80.27344261897728,0.09578988246994714,0.03852959445263992,0.044723572787348606
scope_20260817_114548,sweep_1943,3,200.0,170.85834895078767,68.0,71.83013262436144,0.09578988246994714,0.08299962518224843,0.07575922342447317
scope_20260817_114548,sweep_1966,3,200.0,77.50968282970454,71.0,67.27559816792798,0.08826791453638425,0.02775069577043696,0.04450456729359834
scope_20260817_114548,sweep_1967,3,200.0,174.11444550012916,71.0,63.98141000703775,0.08826791453638425,0.08109880665085781,0.09572998759659927
scope_20260817_114548,sweep_1968,3,200.0,179.8197898441998,70.0,69.48088917521625,0.0906770134339888,0.08333295347302232,0.08419466779813257
scope_20260817_114548,sweep_1969,3,200.0,174.63620144250484,70.0,70.88632398510683,0.0906770134339888,0.08174090083065731,0.07911186557378977
scope_20260817_114548,sweep_1970,3,200.0,204.31939427516872,69.0,71.66644034922822,0.09318269493860756,0.07025123034361058,0.08826527905908417
scope_20260817_114548,sweep_1971,3,200.0,238.82797185285364,70.0,75.57719144954294,0.0906770134339888,0.09338020863904878,0.09078124238331277
scope_20260817_114548,sweep_1998,3,800.0,809.743520581647,72.0,67.82254561673659,0.27161859188293247,0.2968461207831271,0.30728072562735487
scope_20260817_114548,sweep_1999,3,800.0,784.8617759225228,73.0,70.24591529580725,0.2645726944100461,0.26663533246124227,0.28017643523061697
scope_20260817_114548,sweep_2000,3,800.0,811.1372350956725,73.0,70.61376377437466,0.2645726944100461,0.256578467768867,0.28509931711673997
scope_20260817_114548,sweep_2001,3,800.0,871.8843066529746,72.0,67.41882539242835,0.27161859188293247,0.3765185592278273,0.33042955625073706
scope_20260817_114548,sweep_2002,3,800.0,782.704099217827,72.0,66.12069081292482,0.27161859188293247,0.29872741287721905,0.3133850731299527
scope_20260817_114548,sweep_2003,3,900.0,804.1475432253089,71.0,72.2245160915827,0.30758790370925837,0.24973124508084502,0.27117443784455375
scope_20260817_114548,sweep_2004,3,900.0,861.4937968368464,71.0,70.1451204011135,0.30758790370925837,0.2857161506450366,0.3035258318386142
scope_20260817_114548,sweep_2005,3,900.0,913.8957459175816,70.0,68.62379513737608,0.31598290979538296,0.2899859638249987,0.3322889230671513
scope_20260817_114548,sweep_2006,3,900.0,813.0752517296607,70.0,70.90225977041109,0.31598290979538296,0.27224691196906514,0.28346094304680963
scope_20260817_114548,sweep_2007,3,900.0,931.4242767253442,69.0,69.09673346159175,0.32471447806021436,0.3268851217684773,0.3332125518885884
scope_20260817_114548,sweep_2008,3,900.0,972.0342208345443,69.0,67.09620476086673,0.32471447806021436,0.35888554051178084,0.364921913319621
scope_20260817_114548,sweep_2062,3,2000.0,1830.852085713054,72.0,71.46316232943221,0.4730530011187607,0.4606072592342795,0.4590988540661254
scope_20260817_114548,sweep_2063,3,2000.0,1912.7721447331817,72.0,73.59269065963713,0.4730530011187607,0.4599167770796192,0.44372220855482325
scope_20260817_114548,sweep_2064,3,2000.0,1971.0307559721598,71.0,67.18960566695587,0.48580610399572166,0.5357581716769595,0.5353436660373503
scope_20260817_114548,sweep_2065,3,2000.0,2457.315877941518,71.0,68.33937435190694,0.48580610399572166,0.553378080838106,0.5789105748799377
scope_20260817_114548,sweep_2066,3,2000.0,1954.017816637749,70.0,74.58182420602087,0.4990652248861698,0.4785707627546905,0.4371859572747481
scope_20260817_114548,sweep_2067,3,2000.0,2140.5595020754863,70.0,78.66025656720622,0.4990652248861698,0.4405565818592859,0.41317627331480206
scope_20260817_114548,sweep_2079,3,2300.0,2468.5815906993935,70.0,70.1823492744495,0.5351878301066698,0.5475175330627422,0.5517253780106982
scope_20260817_114548,sweep_2080,3,2300.0,2668.3963678541636,70.0,68.96049301101972,0.5351878301066698,0.5547318107252072,0.593029385375927
scope_20260817_114548,sweep_2081,3,2300.0,2514.5091882543247,69.0,72.48087312060147,0.5499766966188158,0.5456045509503225,0.523739517974824
scope_20260817_114548,sweep_2082,3,2300.0,2552.1141139065594,70.0,73.18580882823971,0.5351878301066698,0.5570954221668362,0.5179937850856833
scope_20260817_114548,sweep_2083,3,2300.0,2417.4337201979956,70.0,75.2510459099965,0.5351878301066698,0.4721310890807839,0.47803323735071884
scope_20260817_114548,sweep_2155,3,2300.0,2537.9077804468407,69.0,73.37885754964947,0.5499766966188158,0.5257320587828919,0.5139602253940795
scope_20260817_114548,sweep_2156,3,2300.0,2563.2417833585528,70.0,70.97212760286504,0.5351878301066698,0.5363457014923247,0.5503852435184153
scope_20260817_114548,sweep_2157,3,2300.0,2569.2406198798185,70.0,70.47939902269083,0.5351878301066698,0.5717839243788002,0.5583681897314838
scope_20260817_114548,sweep_2174,3,1900.0,2304.3839720608853,71.0,71.89441842606583,0.4735052187099175,0.44925460648634,0.5091965319892026
scope_20260817_114548,sweep_2175,3,1900.0,1810.507024661383,70.0,70.60968015670592,0.48642861116113334,0.4892694950539292,0.4670847342382378
scope_20260817_114548,sweep_2176,3,1900.0,1861.9271834768308,70.0,68.55309069517442,0.48642861116113334,0.5140036371128701,0.5009557945395712
scope_20260817_114548,sweep_2177,3,1900.0,2412.489137360297,69.0,72.11207819399506,0.4998701122444385,0.5408784698570506,0.5180137863532421
scope_20260817_114548,sweep_2178,3,1900.0,2114.7382080600537,70.0,69.64373873182672,0.48642861116113334,0.5527117397045964,0.5181690219179523
scope_20260817_114548,sweep_2179,3,1900.0,2468.0950201386095,70.0,74.98504386837645,0.48642861116113334,0.5273907411534332,0.4863001828978162
scope_20260817_114548,sweep_2233,3,800.0,662.1990658191551,73.0,78.87867034651447,0.2645726944100461,0.20856488481521004,0.1949743340181613
scope_20260817_114548,sweep_2234,3,800.0,701.4758414902996,72.0,71.57583580331763,0.27161859188293247,0.21920696492063063,0.24630244290819883
scope_20260817_114548,sweep_2235,3,800.0,733.8918847687482,72.0,73.70257763094209,0.27161859188293247,0.2134053983707417,0.24183382670774042
scope_20260817_114548,sweep_2236,3,800.0,776.377587281312,72.0,69.07442210497611,0.27161859188293247,0.28893036686958723,0.28665197030045453
scope_20260817_114548,sweep_2237,3,800.0,793.4293636775201,71.0,69.32813286464905,0.27894119598307787,0.2862157725137955,0.2898489802720628
scope_20260817_114548,sweep_2238,3,800.0,701.7815676839472,71.0,79.54042744401457,0.27894119598307787,0.1930412510531396,0.2013385274974965
scope_20260817_114548,sweep_2262,3,300.0,284.94897422128685,72.0,72.36467444245189,0.12033873604276614,0.11790762225707128,0.11420181113673304
scope_20260817_114548,sweep_2263,3,300.0,290.7191817902251,72.0,70.7602740878979,0.12033873604276614,0.11269449116069995,0.12117739358648272
scope_20260817_114548,sweep_2264,3,300.0,313.50467961986084,71.0,73.99336394902895,0.12358296507673766,0.1416434987934322,0.1184838238443091
scope_20260817_114548,sweep_2265,3,300.0,289.72909543474816,71.0,72.41816135140598,0.12358296507673766,0.11475144703315998,0.11562678048692068
scope_20260817_114548,sweep_2266,3,300.0,291.6291279229324,71.0,64.15141856095725,0.12358296507673766,0.12124218743706676,0.14615425643938598
scope_20260817_114548,sweep_2267,3,200.0,239.29241396361743,70.0,63.847651067707474,0.0906770134339888,0.15243887006622367,0.12513060562410466
scope_20260817_114548,sweep_2268,3,200.0,227.43292778629097,70.0,70.79574538728428,0.0906770134339888,0.06995257396931444,0.09874459015416419
scope_20260817_114548,sweep_2269,3,200.0,267.79920522935174,70.0,67.45561035008743,0.0906770134339888,0.11740580516748471,0.12391762195906598
scope_20260817_114548,sweep_2270,3,200.0,216.06221861375246,70.0,63.70421853380289,0.0906770134339888,0.21675827824813623,0.11544532101267999
scope_20260817_114548,sweep_2325,3,800.0,844.5241367985567,77.0,85.36158424431908,0.23890555008854514,0.2311670962360136,0.20488848105067786
scope_20260817_114548,sweep_2326,3,800.0,752.3532031447357,77.0,79.48289605911188,0.23890555008854514,0.22085360752165428,0.21360619003280146
scope_20260817_114548,sweep_2327,3,800.0,800.8631813066432,76.0,78.99199474226023,0.24496820377589956,0.21197556184306138,0.2276730541062646
scope_20260817_114548,sweep_2372,3,1700.0,1660.863110187306,76.0,79.171697663224,0.3933412460508927,0.37746841791480246,0.35944092259989285
scope_20260817_114548,sweep_2373,3,1700.0,1564.5817020204615,75.0,78.0818320695712,0.4034430650033128,0.3627790264509307,0.3582857984983866
scope_20260817_114548,sweep_2374,3,1700.0,1794.4772199828408,75.0,78.60975520133968,0.4034430650033128,0.3614567582044633,0.37877103074603347
scope_20260817_114548,sweep_2375,3,1700.0,1745.2548552696524,74.0,75.20781537445833,0.4139296921358706,0.40230210361613017,0.40661916684844335
scope_20260817_114548,sweep_2376,3,1700.0,1534.4630853192646,74.0,75.17093322590638,0.4139296921358706,0.4192091784592843,0.3816315843690725
scope_20260817_114548,sweep_2377,3,1700.0,1751.361122458801,75.0,74.54489418216676,0.4034430650033128,0.4194120527563299,0.4142867491337061
scope_20260817_114548,sweep_2456,3,2700.0,2325.406854146077,76.0,77.85757213326029,0.49570912176464355,0.45450372876306716,0.4392168005381742
scope_20260817_114548,sweep_2457,3,2700.0,2564.281092819591,77.0,76.21165139178142,0.4834409470031919,0.49349831300534,0.48052239152650533
scope_20260817_114548,sweep_2458,3,2700.0,2198.882612331287,77.0,78.61208951725284,0.4834409470031919,0.44581495206897775,0.41926056808579726
scope_20260817_114548,sweep_2459,3,2700.0,2536.6865473551143,77.0,74.14081943354678,0.4834409470031919,0.5285796934406816,0.5037999727493868
scope_20260817_114548,sweep_2460,3,2700.0,2428.6633710842075,77.0,78.45698408905909,0.4834409470031919,0.47756889247176293,0.4422980135919917
scope_20260817_114548,sweep_2484,3,2200.0,2081.654874543242,77.0,75.10285093427815,0.4363880910919455,0.4605609627231222,0.4452700186849752
scope_20260817_114548,sweep_2485,3,2200.0,2073.141919152166,76.0,75.54094979493436,0.4474622158604809,0.47850513418622065,0.4394391730472922
scope_20260817_114548,sweep_2486,3,2200.0,2209.950079583201,75.0,77.60690426084616,0.4589539735595614,0.4195749609357207,0.4308336835781457
scope_20260817_114548,sweep_2487,3,2200.0,2421.802674767042,75.0,77.9901906874188,0.4589539735595614,0.47873380029664964,0.44676527882056855
scope_20260817_114548,sweep_2488,3,2200.0,2261.838446893797,74.0,77.62911900690733,0.470883486319151,0.4468082638420241,0.4356227879670409
scope_20260817_114548,sweep_2489,3,2200.0,2519.5931815308204,74.0,75.29612222572894,0.470883486319151,0.4817631141592138,0.48747042719355
scope_20260817_114548,sweep_2509,3,1700.0,2011.2294712533312,74.0,77.94508874278165,0.4139296921358706,0.3928884965158771,0.40758982496031115
scope_20260817_114548,sweep_2510,3,1700.0,1742.6169836878275,74.0,70.27166763636399,0.4139296921358706,0.4292412027304904,0.46243659799684445
scope_20260817_114548,sweep_2511,3,1700.0,1872.6840767026358,74.0,77.99624938440539,0.4139296921358706,0.37210352922039425,0.3928054464483924
scope_20260817_114548,sweep_2512,3,1700.0,1621.2137969495996,75.0,74.06400263298208,0.4034430650033128,0.3941558394677141,0.4035571197755271
scope_20260817_114548,sweep_2513,3,1700.0,1465.1957080543245,76.0,76.27500340092082,0.3933412460508927,0.36573764342710285,0.362649481274064
scope_20260817_114548,sweep_2514,3,1700.0,1616.8494911216696,77.0,78.06674173916252,0.3836065469389191,0.3779379967330679,0.36435648039795937
scope_20260817_114548,sweep_2573,3,500.0,468.3201991160341,77.0,81.4423252761651,0.16173598339362202,0.12651655132072603,0.13752142847022392
scope_20260817_114548,sweep_2574,3,500.0,483.72454680203305,77.0,83.18952018482543,0.16173598339362202,0.1400096588808718,0.13560000892514934
scope_20260817_114548,sweep_2575,3,500.0,462.4853676512806,77.0,72.46441125223063,0.16173598339362202,0.21390838102802037,0.17025819775856904
scope_20260817_114548,sweep_2576,3,500.0,496.48836590263744,77.0,78.1446860369433,0.16173598339362202,0.20077225129346038,0.15630171961349307
scope_20260817_114548,sweep_2577,3,500.0,423.7979688840999,76.0,81.63340236294604,0.1658403219313237,0.1717125789811644,0.12600861741687416
scope_20260817_114548,sweep_2578,3,500.0,497.9178567989002,76.0,79.63762031114393,0.1658403219313237,0.1634920408686684,0.15107751708575723
scope_20260817_114548,sweep_2615,3,200.0,188.8821155530594,79.0,83.08332269008609,0.07196618810969035,0.06635581309225527,0.06228049983155438
scope_20260817_114548,sweep_2616,3,200.0,131.39704395370407,79.0,83.96141383759452,0.07196618810969035,0.06481990777904113,0.0451572613538004
scope_20260817_114548,sweep_2617,3,200.0,233.68330804360718,79.0,66.90942350731268,0.07196618810969035,0.11546066579428665,0.11237391728795063
scope_20260817_114548,sweep_2618,3,200.0,272.35799171113086,80.0,67.2018387371532,0.07024569711241184,0.10810575899236446,0.12656198643020078
scope_20260817_114548,sweep_2619,3,200.0,202.2190244424566,81.0,80.33887141532858,0.06858539249375167,0.06413040635101241,0.07031750533155857
scope_20260817_114548,sweep_2620,3,200.0,174.33724969124128,81.0,81.94486802887421,0.06858539249375167,0.05781539116319086,0.05984450065557725
scope_20260817_114548,sweep_2638,3,600.0,581.5308432476289,80.0,83.72420148978703,0.17483580124482181,0.1528556746252997,0.15605182991860014
scope_20260817_114548,sweep_2639,3,600.0,579.6944136933607,80.0,79.38396580707266,0.17483580124482181,0.1900698255397815,0.17245645551630528
scope_20260817_114548,sweep_2640,3,600.0,659.311959716807,79.0,78.85349039390725,0.17911796277796638,0.18294207221582928,0.19438779381101434
scope_20260817_114548,sweep_2641,3,600.0,704.2887887654335,79.0,85.42944605395107,0.17911796277796638,0.16172431590361183,0.17595267366402612
scope_20260817_114548,sweep_2642,3,600.0,639.936073874692,80.0,72.89415611272736,0.17483580124482181,0.23067721575052003,0.22043236747812242
scope_20260817_114548,sweep_2643,3,600.0,635.6682341103115,80.0,78.91775562690145,0.17483580124482181,0.1757831955992361,0.1882888694994409
scope_20260817_114548,sweep_2750,3,2700.0,2636.3110120263987,79.0,79.21690663457846,0.46020940027071805,0.46731992794937227,0.45235786885631013
scope_20260817_114548,sweep_2751,3,2700.0,2641.8180103064597,79.0,81.74162670558214,0.46020940027071805,0.4372690084780419,0.42628575312557243
scope_20260817_114548,sweep_2752,3,2700.0,2551.4771142583286,80.0,80.83884772452573,0.44920720395010866,0.42797190702341625,0.42799487112467527
scope_20260817_114548,sweep_2753,3,2700.0,2634.487177080628,81.0,78.71020243459097,0.4385898875006716,0.4606677691060407,0.4578148898285066
scope_20260817_114548,sweep_2754,3,2700.0,2524.78504966586,81.0,79.93526602361631,0.4385898875006716,0.4110625062497413,0.43506448720380037
scope_20260817_114548,sweep_2755,3,2700.0,2626.2185372291233,82.0,79.39248714527596,0.42834051267025214,0.45680985829474285,0.4495727271216063
scope_20260817_114548,sweep_2761,3,2900.0,2557.3748930064144,79.0,82.34962539589021,0.47694972445774014,0.4196910631390946,0.41346773438849416
scope_20260817_114548,sweep_2762,3,2900.0,2605.6032360660984,79.0,80.3925776242299,0.47694972445774014,0.44436837338168367,0.43714605507821175
scope_20260817_114548,sweep_2763,3,2900.0,2599.7308953428806,80.0,79.70900931903425,0.46554731829120427,0.44483523645861417,0.44388906136485523
scope_20260817_114548,sweep_2764,3,2900.0,2404.401742800596,80.0,79.41896580877965,0.46554731829120427,0.44523105441245714,0.42989211862423715
scope_20260817_114548,sweep_2765,3,2900.0,2470.2468115145616,81.0,78.41720755922694,0.45454379217448265,0.45842732401261677,0.44650332054858755
scope_20260817_114548,sweep_2766,3,2900.0,2613.071470828138,82.0,80.04831614316019,0.4439215917188704,0.45126170485663575,0.441403531888446
scope_20260817_114548,sweep_2773,3,2900.0,2482.020373575314,79.0,78.95795674962113,0.47694972445774014,0.4408593680709164,0.4416932593797087
scope_20260817_114548,sweep_2774,3,2900.0,2613.282313129994,79.0,79.10397632973442,0.47694972445774014,0.4355952938828288,0.451615066255522
scope_20260817_114548,sweep_2775,3,2900.0,2476.023024179976,80.0,80.62457476808386,0.46554731829120427,0.42275659987713654,0.4237795622237202
scope_20260817_114548,sweep_2776,3,2900.0,2410.374240665024,80.0,82.03488916835899,0.46554731829120427,0.40788854117007206,0.40438341265779226
scope_20260817_114548,sweep_2777,3,2900.0,2604.296117715493,81.0,81.12228580819206,0.45454379217448265,0.4378847773527532,0.4294966472019717
scope_20260817_114548,sweep_2780,3,2700.0,2648.6314120704246,79.0,78.90774656236431,0.46020940027071805,0.531292301585369,0.4568356515928951
scope_20260817_114548,sweep_2781,3,2700.0,2690.5306442869614,79.0,79.90426806880944,0.46020940027071805,0.4279976745107544,0.4494532975516436
scope_20260817_114548,sweep_2782,3,2700.0,2376.5449603169263,79.0,76.81169865206661,0.46020940027071805,0.5225618961466386,0.4556948956835027
scope_20260817_114548,sweep_2783,3,2700.0,2355.6252551021807,79.0,78.76924697534689,0.46020940027071805,0.4307237400226103,0.4322838294687918
scope_20260817_114548,sweep_2784,3,2700.0,2566.3365453190313,80.0,80.23828884186842,0.44920720395010866,0.42744756610396795,0.43544708946975874
scope_20260817_114548,sweep_2785,3,2700.0,2513.059183928499,81.0,78.03364126405795,0.4385898875006716,0.43501312954267823,0.4546181975085009
scope_20260817_114548,sweep_2797,3,2400.0,2416.3605977963107,82.0,79.14314827528862,0.40384330822141,0.44905023653162757,0.43385307894398056
scope_20260817_114548,sweep_2798,3,2400.0,2576.9870091312478,82.0,79.7863383818984,0.40384330822141,0.4186711766054508,0.44111929942596323
scope_20260817_114548,sweep_2799,3,2400.0,2716.9611289815125,82.0,79.23635400522687,0.40384330822141,0.40225415298939093,0.4590082856932309
scope_20260817_114548,sweep_2800,3,2400.0,2251.4448187621906,81.0,84.56896567049742,0.41350651148209316,0.34387733144595,0.3685412347667257
scope_20260817_114548,sweep_2801,3,2400.0,2644.965353537252,81.0,79.76698101598602,0.41350651148209316,0.43988715200262984,0.44710827566748057
scope_20260817_114548,sweep_2802,3,2400.0,2734.586671400976,80.0,76.80631855572427,0.4235166134279604,0.4591084451518471,0.48888344841300485
scope_20260817_114548,sweep_2820,3,2000.0,1893.3756367208118,82.0,80.65826155574482,0.36865681601729633,0.3914658190860142,0.3702812245602419
scope_20260817_114548,sweep_2821,3,2000.0,1774.8695721269428,82.0,80.8853725838752,0.36865681601729633,0.35900259051048966,0.3565698815014637
scope_20260817_114548,sweep_2822,3,2000.0,1789.0517439478085,82.0,76.66238073585806,0.36865681601729633,0.3893277934733574,0.39685618691310615
scope_20260817_114548,sweep_2823,3,2000.0,1959.4976748506126,81.0,79.90031768515223,0.37747807335668565,0.36684537357907465,0.3836006165202121
scope_20260817_114548,sweep_2824,3,2000.0,2146.983427005429,81.0,82.82605014786729,0.37747807335668565,0.34862504711864,0.3746507305762769
scope_20260817_114548,sweep_2825,3,2000.0,1908.8082323083245,80.0,77.90925326606343,0.38661600442114874,0.404199455436646,0.3974268533945672
scope_20260817_114548,sweep_2840,3,1600.0,1688.9992484440293,82.0,79.84762654836506,0.32973668039332316,0.3573231864568191,0.3565931304278813
scope_20260817_114548,sweep_2841,3,1600.0,1659.7364356828286,82.0,81.70766503507123,0.32973668039332316,0.3484905246523506,0.3381557710407261
scope_20260817_114548,sweep_2842,3,1600.0,1473.2951200752352,82.0,80.91876506991845,0.32973668039332316,0.31992043967110595,0.3246093530873146
scope_20260817_114548,sweep_2843,3,1600.0,1636.4301445782276,81.0,78.21967294543467,0.3376266528164806,0.3327986902995884,0.36518066954946454
scope_20260817_114548,sweep_2844,3,1600.0,1490.0710695636076,81.0,79.20808507164575,0.3376266528164806,0.3474822820203047,0.3401577195904605
scope_20260817_114548,sweep_2915,3,200.0,331.2257844995879,79.0,72.18371630814242,0.07196618810969035,0.10886337364772175,0.13001410974278074
scope_20260817_114548,sweep_2916,3,200.0,193.74712264501986,79.0,84.41263665024812,0.07196618810969035,0.05413581410041114,0.06168967305826572
scope_20260817_114548,sweep_2917,3,200.0,259.198593833868,80.0,70.99420068139696,0.07024569711241184,0.08620934600113979,0.10947891165487364
scope_20260817_114548,sweep_2918,3,200.0,233.7110758636669,81.0,79.94032415661901,0.06858539249375167,0.07042101282056282,0.0800557182985002
scope_20260817_114548,sweep_2919,3,200.0,231.78267492833484,81.0,69.9331311681351,0.06858539249375167,0.063679197194124,0.10267071860388265
scope_20260817_114548,sweep_2920,3,200.0,271.1259561355652,82.0,79.2516549464963,0.06698262549981632,0.08562063437783482,0.09207665893669566
scope_20260817_114548,sweep_2948,3,300.0,319.8925531792178,86.0,81.51886720690881,0.08554353356315098,0.08456233440368231,0.10004306566970299
scope_20260817_114548,sweep_2949,3,300.0,354.9048865636754,86.0,84.48205601502923,0.08554353356315098,0.08549279383359416,0.10179131605035173
scope_20260817_114548,sweep_2950,3,300.0,307.8464288539973,85.0,76.82927668493832,0.0874987035753224,0.11034092435417524,0.1085995129812736
scope_20260817_114548,sweep_2951,3,300.0,263.64874132334904,85.0,79.82026244867318,0.0874987035753224,0.07699954932551967,0.08873521971420337
scope_20260817_114548,sweep_2963,3,600.0,704.55379104328,85.0,83.0232510512229,0.15554516456897705,0.18792843876888637,0.185989534913488
scope_20260817_114548,sweep_2964,3,600.0,658.8751030318206,84.0,79.8330727209702,0.15914091863542446,0.171397374217274,0.18972176462835585
scope_20260817_114548,sweep_2965,3,600.0,559.8728131899255,84.0,86.37786768611518,0.15914091863542446,0.13521037545160947,0.1423674371637705
scope_20260817_114548,sweep_2966,3,600.0,651.4039076701565,84.0,84.09696485793701,0.15914091863542446,0.16912331702547864,0.16999838829050098
scope_20260817_114548,sweep_2967,3,600.0,623.6931706883214,85.0,79.7313199268237,0.15554516456897705,0.17298902863672294,0.18171982393396988
scope_20260817_114548,sweep_2980,3,900.0,932.5927885265854,86.0,84.03872623337966,0.21291086638222273,0.22413356272229734,0.22928427387153702
scope_20260817_114548,sweep_2981,3,900.0,937.5595418000403,86.0,90.16695945474551,0.21291086638222273,0.2087189205832853,0.20099880174087958
scope_20260817_114548,sweep_2982,3,900.0,881.3666165001579,86.0,85.70412987500063,0.21291086638222273,0.21390254871054198,0.2106438930460695
scope_20260817_114548,sweep_2983,3,900.0,892.796573646934,86.0,90.12738845103074,0.21291086638222273,0.20876402026677593,0.19316475914570103
scope_20260817_114548,sweep_2984,3,900.0,931.681606001491,86.0,87.10159606822178,0.21291086638222273,0.247396920009363,0.21378796220984728
scope_20260817_114548,sweep_2985,3,900.0,943.7395688019527,85.0,88.68954662916134,0.21777712481084668,0.2073955523388533,0.2086621692578982
scope_20260817_114548,sweep_3005,3,1400.0,1451.1416134373317,84.0,86.1320774442768,0.2944288351078724,0.29228705369636265,0.2855902467574784
scope_20260817_114548,sweep_3006,3,1400.0,1458.6839694828845,84.0,88.67411133823053,0.2944288351078724,0.2540265652521125,0.27067195008986894
scope_20260817_114548,sweep_3007,3,1400.0,1457.565869763888,84.0,75.91339663401578,0.2944288351078724,0.34579689294836097,0.3650124859090924
scope_20260817_114548,sweep_3008,3,1400.0,1437.85905125699,84.0,83.19138725267668,0.2944288351078724,0.2994332637490819,0.30400632779265324
scope_20260817_114548,sweep_3009,3,1400.0,1366.8611262851034,85.0,86.37014179292149,0.28777628031431945,0.2800559348033494,0.27569809541326024
scope_20260817_114548,sweep_3015,3,1600.0,1449.3193150916893,85.0,86.53714412326475,0.307645784278972,0.27322747479150417,0.2828342297225124
scope_20260817_114548,sweep_3016,3,1600.0,1821.6129594141398,84.0,86.8435059027459,0.31475766450303355,0.31815631196209804,0.31492776637319286
scope_20260817_114548,sweep_3017,3,1600.0,1534.7560325384402,84.0,82.20972815315308,0.31475766450303355,0.330855024057943,0.321357183273474
scope_20260817_114548,sweep_3018,3,1600.0,1570.068876324671,84.0,86.79276506122162,0.31475766450303355,0.30532229233862257,0.29270690230403423
scope_20260817_114548,sweep_3019,3,1600.0,1440.205927411833,84.0,82.14684759001133,0.31475766450303355,0.3132958628033804,0.31176071623169666
scope_20260817_114548,sweep_3020,3,1600.0,1725.9197483847374,85.0,83.07593918765642,0.307645784278972,0.3402434547842772,0.3339630838518931
scope_20260817_114548,sweep_3050,3,2200.0,2480.0159731045014,84.0,82.47957692521508,0.3690860775275611,0.386827755411045,0.40592987618009896
scope_20260817_114548,sweep_3051,3,2200.0,2562.224819117994,84.0,84.73033108319245,0.3690860775275611,0.38329088826084834,0.3917104446746467
scope_20260817_114548,sweep_3052,3,2200.0,2347.7309331333217,84.0,81.99874536592228,0.3690860775275611,0.40451903149530943,0.39943327581621696
scope_20260817_114548,sweep_3053,3,2200.0,2326.5608159567923,85.0,82.44126995331754,0.36074665875633233,0.38463493967416734,0.39352296164056255
scope_20260817_114548,sweep_3054,3,2200.0,2096.3433529164663,85.0,79.96340914591278,0.36074665875633233,0.4212835205639424,0.3961671157558153
scope_20260817_114548,sweep_3055,3,2300.0,2337.481046446737,86.0,87.96200217172971,0.36061223899425543,0.36939137157925106,0.34802461146592284
scope_20260817_114548,sweep_3056,3,2300.0,2414.869759654201,86.0,86.94252587978369,0.36061223899425543,0.37891189950937876,0.3618036436266051
scope_20260817_114548,sweep_3057,3,2300.0,2009.2054263303912,86.0,81.18353677665809,0.36061223899425543,0.36487443867643826,0.3766996787248562
scope_20260817_114548,sweep_3058,3,2300.0,1929.754352388348,86.0,84.70709154155894,0.36061223899425543,0.3623035765528078,0.3401242842188184
scope_20260817_114548,sweep_3059,3,2300.0,2669.8097105386423,85.0,80.49281188037656,0.3688543375648396,0.39597299907715366,0.4414389526904549
scope_20260817_114548,sweep_3060,3,2300.0,2508.22929986695,85.0,83.84807620182124,0.3688543375648396,0.3907405187470604,0.3954737476264263
scope_20260817_114548,sweep_3063,3,2500.0,2610.2897240067023,86.0,85.30397749742049,0.3759642485784849,0.37691409993066655,0.39024766996420596
scope_20260817_114548,sweep_3064,3,2500.0,2553.7316899537695,86.0,86.82921583268356,0.3759642485784849,0.3956786879059901,0.3729998891099155
scope_20260817_114548,sweep_3065,3,2500.0,2691.370724906954,86.0,83.9107422389528,0.3759642485784849,0.39611206183448355,0.4090670075420058
scope_20260817_114548,sweep_3066,3,2500.0,2647.4183080307303,86.0,83.80062053081217,0.3759642485784849,0.3905628098980807,0.406742863280934
scope_20260817_114548,sweep_3067,3,2500.0,2574.091376588837,85.0,84.73003975391639,0.384557230348715,0.40929142751818615,0.3926190780243321
scope_20260817_114548,sweep_3128,3,2300.0,2476.0946011073997,86.0,83.11714219241063,0.36061223899425543,0.39214831328623273,0.3996283459845013
scope_20260817_114548,sweep_3129,3,2300.0,2399.053297830657,86.0,81.89703665984383,0.36061223899425543,0.4247074814161416,0.4047428413860332
scope_20260817_114548,sweep_3130,3,2300.0,2141.0512666590303,86.0,87.86970221798813,0.36061223899425543,0.35994412806139053,0.33375767717609217
scope_20260817_114548,sweep_3131,3,2300.0,2345.140529670346,85.0,83.97818758812357,0.3688543375648396,0.38985475937875663,0.3812575957019544
scope_20260817_114548,sweep_3132,3,2300.0,2390.554892584179,85.0,87.14485147738785,0.3688543375648396,0.3734953830355678,0.35836341043569164
scope_20260817_114548,sweep_3133,3,2200.0,2709.147304921023,84.0,83.92093146054964,0.3690860775275611,0.4160612097193883,0.41031954251825126
scope_20260817_114548,sweep_3134,3,2200.0,2308.6464946862857,84.0,82.83502059459302,0.3690860775275611,0.3689391517290347,0.38841878381461964
scope_20260817_114548,sweep_3135,3,2200.0,2604.972248154712,84.0,84.97010649454072,0.3690860775275611,0.38824927457224767,0.39281459295956894
scope_20260817_114548,sweep_3136,3,2200.0,2446.256008084734,84.0,81.64276778782904,0.3690860775275611,0.4408506208010607,0.4111623229786763
scope_20260817_114548,sweep_3137,3,2200.0,2626.7488607819587,85.0,85.80614783103546,0.36074665875633233,0.3841651093628388,0.3870613347050242
scope_20260817_114548,sweep_3138,3,2200.0,2020.9375619627974,86.0,85.09657933034407,0.35268572733253983,0.3496731114954568,0.3449965438320643
scope_20260817_114548,sweep_3156,3,1800.0,2137.4971556613573,84.0,82.39448839016097,0.33385091850080295,0.3543093126563906,0.3776078826249147
scope_20260817_114548,sweep_3157,3,1800.0,1815.1649576574587,84.0,77.91817961338187,0.33385091850080295,0.3673863583058338,0.387470422917239
scope_20260817_114548,sweep_3158,3,1800.0,2038.9560314246746,84.0,84.04558011476784,0.33385091850080295,0.34606723992815963,0.3549485578149167
scope_20260817_114548,sweep_3159,3,1800.0,1678.028172379081,85.0,84.4555779735721,0.3263076304006723,0.3222770242299819,0.3189923769571377
scope_20260817_114548,sweep_3160,3,1800.0,1802.4735734365293,85.0,82.47471680500759,0.3263076304006723,0.310218277632466,0.3461047715651842
scope_20260817_114548,sweep_3161,3,1800.0,1776.6089316792975,86.0,87.07428490728014,0.31901624358426184,0.297267898256816,0.3094214800063777
scope_20260817_114548,sweep_3204,3,900.0,886.0249907714133,87.0,81.09935767556976,0.20820563493836933,0.24129554345630938,0.23535924559952673
scope_20260817_114548,sweep_3205,3,900.0,903.652310535017,87.0,86.8121317618139,0.20820563493836933,0.21752737017079415,0.20978161083819263
scope_20260817_114548,sweep_3206,3,900.0,847.0458838134367,86.0,82.85250450461096,0.21291086638222273,0.20287829789897505,0.21757422534709384
scope_20260817_114548,sweep_3207,3,900.0,815.878775210281,86.0,91.08705596404326,0.21291086638222273,0.17243788710279503,0.17561072011413079
scope_20260817_114548,sweep_3208,3,900.0,972.9800852391619,86.0,78.6139688178124,0.21291086638222273,0.2368858751464267,0.27007807039403975
scope_20260817_114548,sweep_3209,3,900.0,949.4483358986574,85.0,83.11370193943557,0.21777712481084668,0.23315830132525497,0.23774345158055607
scope_20260817_114548,sweep_3221,3,600.0,675.880976600847,84.0,78.17541362766751,0.15914091863542446,0.19068625980213827,0.20175464030350568
scope_20260817_114548,sweep_3222,3,600.0,667.1276145899785,84.0,82.33657699957588,0.15914091863542446,0.1746799703191538,0.18062195625257468
scope_20260817_114548,sweep_3223,3,600.0,578.4548047725892,84.0,80.88382130874665,0.15914091863542446,0.1796993657463509,0.16605849875940595
scope_20260817_114548,sweep_3224,3,600.0,646.0028949933578,84.0,80.8109753502429,0.15914091863542446,0.17642619842732332,0.18231642213519342
scope_20260817_114548,sweep_3225,3,600.0,686.8738388511397,85.0,86.71581725014573,0.15554516456897705,0.16786489211450373,0.16742726707845607
scope_20260817_114548,sweep_3226,3,600.0,694.4208019807598,86.0,90.13895869764701,0.15206948745746718,0.1520427048615414,0.15676253969869167
scope_20260817_114548,sweep_3234,3,300.0,332.0020692504119,86.0,91.67759398628958,0.08554353356315098,0.09427025829070321,0.08222748266679532
scope_20260817_114548,sweep_3235,3,300.0,385.7744863783773,86.0,75.46139295838815,0.08554353356315098,0.1362916410895153,0.13555551137476265
scope_20260817_114548,sweep_3236,3,300.0,359.12467527951804,87.0,81.74993305084803,0.08365306112846986,0.11827926511945348,0.1095261604061385
scope_20260817_114548,sweep_3237,3,300.0,311.699650976239,87.0,86.32875961862626,0.08365306112846986,0.09500053345379929,0.08765466053429946
scope_20260817_114548,sweep_3238,3,300.0,347.363733207195,86.0,76.13602826765627,0.08554353356315098,0.149156620879782,0.12215412403045918
scope_20260817_114548,sweep_3239,3,300.0,294.4534548853852,86.0,83.71817276084214,0.08554353356315098,0.10122307429797799,0.0887192105108013
scope_20260817_114548,sweep_3246,3,100.0,152.19468253614653,86.0,92.31731366777113,0.0343697635485313,0.03960641391135029,0.04246360364300223
scope_20260817_114548,sweep_3247,3,100.0,114.4120017934832,87.0,91.86291706634059,0.03361020770756245,0.03054272409137234,0.033830168805253566
scope_20260817_114548,sweep_3248,3,100.0,124.88212762749623,87.0,77.17789368153265,0.03361020770756245,0.06786497953846199,0.05091363013411305
scope_20260817_114548,sweep_3249,3,100.0,166.85966024839573,87.0,83.61638531246004,0.03361020770756245,0.05499421935512312,0.05550157195275673
scope_20260817_114548,sweep_3250,3,100.0,110.17661360848997,86.0,78.282138416251,0.0343697635485313,0.02761127773712736,0.04465059338211264
scope_20260817_114548,sweep_3251,3,100.0,154.42769552144424,86.0,85.87850105864138,0.0343697635485313,0.05635502987735289,0.04943164211967365
scope_20260817_114548,sweep_3263,3,100.0,72.79753366550439,92.0,81.33432209797586,0.03016611533672,0.013107874494959952,0.029409467079987456
scope_20260817_114548,sweep_3264,3,100.0,61.64074728773188,92.0,77.97147940370486,0.03016611533672,0.35204965311138353,0.02778436819323721
scope_20260817_114548,sweep_3265,3,100.0,153.03005132830268,92.0,79.77927355470587,0.03016611533672,0.06438050041178815,0.05655078328760017
scope_20260817_114548,sweep_3266,3,100.0,126.59974778613893,91.0,82.94517213920658,0.030810973157002697,0.036260093122157847,0.044825730565874036
scope_20260817_114548,sweep_3267,3,100.0,85.56788653180877,90.0,90.17951350085346,0.03147689965175974,0.039689659290760404,0.02755087428764631
scope_20260817_114548,sweep_3268,3,100.0,92.97034306499775,89.0,82.02492110528682,0.032164783491720146,0.028160080701924762,0.03544693765313902
scope_20260817_114548,sweep_3269,3,200.0,242.81076799760456,89.0,80.73265937425627,0.05717886479584553,0.06738324124749191,0.0810801573514808
scope_20260817_114548,sweep_3270,3,200.0,227.36704516117265,89.0,90.76501971890767,0.05717886479584553,0.053979998290192274,0.06122972569316213
scope_20260817_114548,sweep_3271,3,200.0,195.61242605476463,89.0,83.16398501503,0.05717886479584553,0.05924319044406864,0.06399699506298039
scope_20260817_114548,sweep_3272,3,200.0,196.41009318184467,90.0,88.3203667336644,0.0559560237625624,0.04777953304301556,0.057167158582355715
scope_20260817_114548,sweep_3273,3,200.0,282.1028871381936,90.0,70.14526216678456,0.0559560237625624,0.10288615355003188,0.12016360672243724
scope_20260817_114548,sweep_3333,3,1400.0,1592.8403020755904,89.0,89.72047085415221,0.26329623578150463,0.27122271081541555,0.2764980803192558
scope_20260817_114548,sweep_3334,3,1400.0,1296.6927679930175,89.0,89.1339394422619,0.26329623578150463,0.24067251868025702,0.252659525958835
scope_20260817_114548,sweep_3335,3,1400.0,1515.8788737988634,89.0,85.92797639526047,0.26329623578150463,0.29299563973031645,0.2932324293254342
scope_20260817_114548,sweep_3336,3,1400.0,1599.5011724767933,90.0,85.28307090457024,0.2576653187954436,0.301791696319301,0.3056285377729649
scope_20260817_114548,sweep_3337,3,1400.0,1495.472036998111,90.0,88.47988326007811,0.2576653187954436,0.27290256341443775,0.2752288334914487
scope_20260817_114548,sweep_3338,3,1400.0,1344.2931275159672,91.0,92.92591873267433,0.2522141414411227,0.25399784424671307,0.23732805155845216
scope_20260817_114548,sweep_3346,3,1700.0,1855.3236882620263,91.0,89.73615757618475,0.27792644754490153,0.28057832813795275,0.2983107740047694
scope_20260817_114548,sweep_3347,3,1700.0,1560.99602015273,91.0,85.879408292511,0.27792644754490153,0.3017922846437682,0.2978894766288393
scope_20260817_114548,sweep_3348,3,1700.0,1581.2210164057133,91.0,88.78189448593305,0.27792644754490153,0.26626039861019923,0.2811501880772929
scope_20260817_114548,sweep_3349,3,1700.0,1602.3179712827798,90.0,89.28396365073905,0.28393335242488543,0.27631517907904307,0.27994870170152747
scope_20260817_114548,sweep_3350,3,1700.0,1659.9048019124298,90.0,89.64829978227824,0.28393335242488543,0.28322571648327177,0.2826986998651358
scope_20260817_114548,sweep_3351,3,1700.0,1590.8112301891044,89.0,87.02615706607176,0.29013832073242785,0.2887627239315221,0.29310829197251653
scope_20260817_114548,sweep_3363,3,2000.0,1818.1450386122465,89.0,86.52375843955727,0.3146991937361084,0.30208547567341526,0.3168794375416906
scope_20260817_114548,sweep_3364,3,2000.0,2036.2895135496003,89.0,90.36990811312161,0.3146991937361084,0.31656217086403216,0.3082937579651765
scope_20260817_114548,sweep_3365,3,2000.0,2259.202470718154,89.0,88.3991275551933,0.3146991937361084,0.3585091875238361,0.3388827311187955
scope_20260817_114548,sweep_3366,3,2000.0,2114.5609997119095,89.0,91.13645169110362,0.3146991937361084,0.31525326424092953,0.3090695290162972
scope_20260817_114548,sweep_3367,3,2000.0,2116.1688146572683,90.0,90.53050548768248,0.3079689606575812,0.31551425622247303,0.31320445548735426
scope_20260817_114548,sweep_3368,3,2000.0,2088.9361107949944,90.0,90.18726869809518,0.3079689606575812,0.3130498367989458,0.31347847664162154
scope_20260817_114548,sweep_3369,3,2100.0,2165.0621425887225,91.0,90.11909289019987,0.30889797622244786,0.3001017064526525,0.31960667921661556
scope_20260817_114548,sweep_3370,3,2100.0,2163.7432420681316,91.0,88.9501989206366,0.30889797622244786,0.33477082996752666,0.32768288699898557
scope_20260817_114548,sweep_3371,3,2100.0,2027.9164762205949,91.0,88.32588199442912,0.30889797622244786,0.3476233898746646,0.3215831075883786
scope_20260817_114548,sweep_3372,3,2100.0,2001.1513918924254,90.0,87.64428947181912,0.31557427773019836,0.3121215620801664,0.32427618886382614
scope_20260817_114548,sweep_3373,3,2100.0,2289.051343563158,90.0,84.84038392080207,0.31557427773019836,0.34358849422200877,0.3693137709441335
scope_20260817_114548,sweep_3374,3,2200.0,2485.895669157292,89.0,90.14849868594848,0.33005929890244323,0.3184144107976957,0.34225353483796095
scope_20260817_114548,sweep_3375,3,2200.0,2143.0682749064317,89.0,92.11055482913689,0.33005929890244323,0.32136141062721,0.3048091017260419
scope_20260817_114548,sweep_3376,3,2200.0,2374.454671115062,89.0,90.17238873156894,0.33005929890244323,0.3128165534428158,0.33432261627020887
scope_20260817_114548,sweep_3377,3,2200.0,2337.965920683316,89.0,88.95588952457648,0.33005929890244323,0.34460830124829084,0.34057772361362904
scope_20260817_114548,sweep_3378,3,2200.0,2357.120250667864,89.0,89.5302119217283,0.33005929890244323,0.33082601167026654,0.3377385906099203
scope_20260817_114548,sweep_3379,3,2200.0,2597.8348627490113,90.0,87.19177665043465,0.3230005708994365,0.3534652237381261,0.3731883033505547
scope_20260817_114548,sweep_3386,3,2400.0,2494.9613781750268,89.0,88.7159777227916,0.34473569447591007,0.3554993152618928,0.3536698185946036
scope_20260817_114548,sweep_3387,3,2400.0,2246.847078079199,89.0,93.29922000781086,0.34473569447591007,0.35447714570216526,0.30445208220540676
scope_20260817_114548,sweep_3388,3,2400.0,2606.8064895199896,89.0,88.75502935068646,0.34473569447591007,0.36427437409313146,0.36120250075649724
scope_20260817_114548,sweep_3389,3,2400.0,2637.2874061577536,89.0,89.35352841551959,0.34473569447591007,0.3637628082357554,0.35861497372461265
scope_20260817_114548,sweep_3390,3,2400.0,2270.866506224743,90.0,87.50708986095405,0.33736309352715654,0.3233345737029438,0.3464867448720986
scope_20260817_114548,sweep_3391,3,2400.0,2696.4087057761385,90.0,89.7907877153304,0.33736309352715654,0.3770437228753716,0.35920347736733627
scope_20260817_114548,sweep_3402,3,2700.0,2715.1416367742136,91.0,89.36549694828433,0.3502573823896029,0.3822485628444672,0.36377545485048013
scope_20260817_114548,sweep_3403,3,2700.0,2607.378517634448,91.0,90.35276858775151,0.3502573823896029,0.34114966218909387,0.3489847242566195
scope_20260817_114548,sweep_3404,3,2700.0,2467.8111049755967,90.0,85.85339041607286,0.3578275967326858,0.37901593240499226,0.3747697456429813
scope_20260817_114548,sweep_3411,3,2900.0,2533.9227112672224,90.0,88.50538774203734,0.37084373670906284,0.3460950359145396,0.3580629156001562
scope_20260817_114548,sweep_3412,3,2900.0,2522.392952844058,91.0,87.40846197311839,0.36299815241005573,0.3462540801213506,0.3659689724823155
scope_20260817_114548,sweep_3413,3,2900.0,2542.1824845980896,91.0,90.24561642966832,0.36299815241005573,0.34135860360190945,0.34538620345524274
scope_20260817_114548,sweep_3414,3,2900.0,1944.5531737664408,91.0,90.23571113829979,0.36299815241005573,0.31539430702337257,0.30213690921316544
scope_20260817_114548,sweep_3415,3,2900.0,2296.9036431460445,90.0,89.51320917863303,0.37084373670906284,0.33294346278519343,0.3335191687331766
scope_20260817_114548,sweep_3416,3,2900.0,2597.5272069184307,90.0,88.72023533495162,0.37084373670906284,0.3847544813341188,0.36083264392850944
scope_20260817_114548,sweep_3422,3,2900.0,2789.8256347695437,90.0,87.85271381580547,0.37084373670906284,0.37663272068255266,0.38112607698350515
scope_20260817_114548,sweep_3423,3,2900.0,2336.365702808986,90.0,90.20516435864941,0.37084373670906284,0.31534705068267044,0.3313971891040583
scope_20260817_114548,sweep_3424,3,2900.0,2697.884772508767,91.0,90.20421586958818,0.36299815241005573,0.32691822338253435,0.35612211525371873
scope_20260817_114548,sweep_3425,3,2900.0,2290.117831409667,91.0,89.58561174774991,0.36299815241005573,0.3046652939013884,0.33250557707013584
scope_20260817_114548,sweep_3426,3,2900.0,2565.263783353078,91.0,88.9527258642829,0.36299815241005573,0.3459867076586173,0.3567738755464321
scope_20260817_114548,sweep_3427,3,2900.0,2565.7801954274137,90.0,87.77315649635354,0.37084373670906284,0.36494771396957254,0.3661430591970113
scope_20260817_114548,sweep_3434,3,2700.0,2547.8939978002522,90.0,89.0166410616292,0.3578275967326858,0.3568106007281873,0.35507020247768106
scope_20260817_114548,sweep_3435,3,2700.0,2253.322812531733,91.0,91.0759357267568,0.3502573823896029,0.32938926680134145,0.31945969218880543
scope_20260817_114548,sweep_3436,3,2700.0,2262.469580563217,91.0,90.81022604384636,0.3502573823896029,0.31453170469217784,0.3219225178365596
scope_20260817_114548,sweep_3437,3,2700.0,2300.672644517826,91.0,89.81385985015058,0.3502573823896029,0.31768605415640505,0.3316341056449702
scope_20260817_114548,sweep_3438,3,2700.0,2644.219519695837,90.0,89.9941797408979,0.3578275967326858,0.3416376243894354,0.3541563641186959
scope_20260817_114548,sweep_3451,3,2400.0,2521.240859203797,89.0,90.30049191392145,0.34473569447591007,0.37521371849995644,0.343556309908278
scope_20260817_114548,sweep_3452,3,2400.0,2637.2113869255077,89.0,87.54134639968939,0.34473569447591007,0.3788457999318443,0.3731080234723579
scope_20260817_114548,sweep_3453,3,2400.0,2398.3973617725114,89.0,89.26808193178732,0.34473569447591007,0.3548821005774299,0.3426211347267264
scope_20260817_114548,sweep_3454,3,2400.0,2556.477902268188,89.0,89.2937896038534,0.34473569447591007,0.3379733521052687,0.3535352001966377
scope_20260817_114548,sweep_3455,3,2400.0,2494.949607664815,89.0,91.1956896615244,0.34473569447591007,0.32710265743872013,0.3352979015147267
scope_20260817_114548,sweep_3459,3,2200.0,2213.0684545467334,89.0,90.65003338482727,0.33005929890244323,0.33872868426883895,0.3194782530126262
scope_20260817_114548,sweep_3460,3,2200.0,2431.899669151101,89.0,90.45059161193576,0.33005929890244323,0.34620289725350684,0.3363316960134954
scope_20260817_114548,sweep_3461,3,2200.0,2480.887505107951,89.0,86.83055350863492,0.33005929890244323,0.42199925264216853,0.36763061503509414
scope_20260817_114548,sweep_3462,3,2200.0,2353.657204757214,89.0,90.18655714034259,0.33005929890244323,0.3158144597115319,0.33275407664618173
scope_20260817_114548,sweep_3463,3,2200.0,2263.065830312834,90.0,91.07246039334872,0.3230005708994365,0.3104937811893851,0.320173237950794
scope_20260817_114548,sweep_3464,3,2100.0,2224.160586825952,90.0,89.5408832820082,0.31557427773019836,0.358364395153871,0.32799916437648413
scope_20260817_114548,sweep_3465,3,2100.0,2317.24070244585,90.0,89.88384068303962,0.31557427773019836,0.3564315382185779,0.33232486063709876
scope_20260817_114548,sweep_3466,3,2100.0,2220.494399955638,91.0,89.91524495668564,0.30889797622244786,0.2930520117116308,0.325093692710213
scope_20260817_114548,sweep_3467,3,2100.0,2110.7811721005364,91.0,89.85688787489224,0.30889797622244786,0.3404380118536799,0.31735905010630583
scope_20260817_114548,sweep_3468,3,2100.0,2003.6552771695192,91.0,87.51050095493699,0.30889797622244786,0.3287633621518598,0.325438993773313
scope_20260817_114548,sweep_3469,3,2100.0,1984.0827441340548,90.0,90.67129846172091,0.31557427773019836,0.31198112002771045,0.30236160039775073
scope_20260817_114548,sweep_3470,3,2000.0,2195.2357027015028,89.0,89.79287926871291,0.3146991937361084,0.31903390911932605,0.32409227289874426
scope_20260817_114548,sweep_3471,3,2000.0,2072.780291821116,89.0,86.85518373939733,0.3146991937361084,0.33812028627465945,0.33585099409400543
scope_20260817_114548,sweep_3472,3,2000.0,2008.332554329954,89.0,87.44296282734011,0.3146991937361084,0.33457186687837004,0.3263054271580018
scope_20260817_114548,sweep_3473,3,2000.0,2062.626307855804,89.0,90.32904198028001,0.3146991937361084,0.3534896048814573,0.31055274442620107
scope_20260817_114548,sweep_3474,3,2000.0,1956.1271701369787,90.0,90.10018051214668,0.3079689606575812,0.3204176273206863,0.30391741445793063
scope_20260817_114548,sweep_3475,3,2000.0,2350.3487644410166,90.0,88.74999905663766,0.3079689606575812,0.35074333679373393,0.3430126402924636
scope_20260817_114548,sweep_3487,3,1700.0,1817.6817049467913,90.0,87.01274090247247,0.28393335242488543,0.2779039102534435,0.3134058909768152
scope_20260817_114548,sweep_3488,3,1700.0,1752.6216614600924,91.0,88.05470711015157,0.27792644754490153,0.26691774147332525,0.3007427796763365
scope_20260817_114548,sweep_3489,3,1700.0,1624.9146406471511,91.0,92.21824917475605,0.27792644754490153,0.25877755923204687,0.2648152689437535
scope_20260817_114548,sweep_3490,3,1700.0,1616.8216690986014,91.0,91.0163413640307,0.27792644754490153,0.2715963826073423,0.27094775728138937
scope_20260817_114548,sweep_3491,3,1700.0,1678.9302158111936,91.0,89.76513530444171,0.27792644754490153,0.28151309289421217,0.28359861300973993
scope_20260817_114548,sweep_3568,3,200.0,287.44401821367325,91.0,93.58600107020472,0.054772215980443,0.07739819002486921,0.07010544160303592
scope_20260817_114548,sweep_3569,3,200.0,153.18978871140794,90.0,85.75708094098027,0.0559560237625624,0.04723066748458469,0.049236968468956366
scope_20260817_114548,sweep_3570,3,200.0,237.41746007891203,90.0,93.91058551419005,0.0559560237625624,0.05531727020502559,0.05941797479520719
scope_20260817_114548,sweep_3634,3,1000.0,965.304976426867,94.0,93.24116567216882,0.20019002984577705,0.19629400788922724,0.19298650793807962
scope_20260817_114548,sweep_3635,3,1000.0,943.419876330213,94.0,93.52459128911228,0.20019002984577705,0.19348747799319682,0.18823891447052735
scope_20260817_114548,sweep_3636,3,1000.0,926.8123824526645,94.0,94.05089403894546,0.20019002984577705,0.20044921110826897,0.1834808348531933
scope_20260817_114548,sweep_3637,3,1000.0,915.5242978130821,94.0,91.721275611176,0.20019002984577705,0.19869383709457555,0.19065831225873645
scope_20260817_114548,sweep_3638,3,1000.0,994.5671479990741,94.0,94.736536109597,0.20019002984577705,0.20293852720665645,0.19183099165758807
scope_20260817_114548,sweep_3651,3,1300.0,1470.8370833568467,95.0,93.98633263287894,0.22362486329840825,0.2279907658018548,0.24285494321393794
scope_20260817_114548,sweep_3652,3,1300.0,1359.160238813073,95.0,94.1730289636525,0.22362486329840825,0.21141647668918068,0.23255840483016052
scope_20260817_114548,sweep_3653,3,1300.0,1418.4856919657277,95.0,95.22763931740229,0.22362486329840825,0.23369246571948774,0.2325142026173107
scope_20260817_114548,sweep_3654,3,1300.0,1293.8432589622673,96.0,94.40536231127102,0.21913932710104006,0.21941815613970983,0.22582213814865837
scope_20260817_114548,sweep_3655,3,1300.0,1302.8907546533537,96.0,96.53618272100266,0.21913932710104006,0.21600563766286368,0.21703145103035545
scope_20260817_114548,sweep_3674,3,1700.0,1527.356136453115,94.0,94.45138263571691,0.2610158648136359,0.28206316708441326,0.24512421828641687
scope_20260817_114548,sweep_3675,3,1700.0,1695.1838261365565,95.0,95.23379572321885,0.2557248147233723,0.2517432012175526,0.2541505631411838
scope_20260817_114548,sweep_3676,3,1700.0,1515.468278644988,95.0,94.99894188635298,0.2557248147233723,0.24434150150046027,0.24145221725856045
scope_20260817_114548,sweep_3677,3,1700.0,1620.9595226402478,95.0,95.37540694668282,0.2557248147233723,0.2432300371724315,0.24781068757652908
scope_20260817_114548,sweep_3678,3,1700.0,1846.0881010185587,96.0,94.92171727481663,0.25059540784039835,0.2569018602395526,0.266911602190833
scope_20260817_114548,sweep_3693,3,2100.0,2469.7660080483292,94.0,96.76999305046246,0.2901029143326063,0.31691273525121294,0.29741584428575
scope_20260817_114548,sweep_3694,3,2100.0,2106.809829322316,94.0,95.00907669124815,0.2901029143326063,0.30008199009420816,0.28463007384030875
scope_20260817_114548,sweep_3695,3,2100.0,2049.2230648319437,95.0,95.59791947444894,0.28422224094073706,0.2968435908524927,0.27737686990103727
scope_20260817_114548,sweep_3696,3,2100.0,2461.3275393120052,95.0,98.29352480083361,0.28422224094073706,0.2976965627585663,0.2880706238900159
scope_20260817_114548,sweep_3697,3,2100.0,2217.397880866801,95.0,94.68520157969212,0.28422224094073706,0.30517837264321196,0.2939407620498911
scope_20260817_114548,sweep_3698,3,2200.0,2092.7054089873805,95.0,97.51201523935653,0.29091073818336827,0.27725145825659026,0.26975721115692425
scope_20260817_114548,sweep_3699,3,2200.0,2282.3112515977346,96.0,99.15152157803314,0.28507556123981287,0.27085095139430637,0.27277444865655387
scope_20260817_114548,sweep_3700,3,2200.0,2300.894773461899,95.0,95.24088712980279,0.29091073818336827,0.2996862709019988,0.29605232647656937
scope_20260817_114548,sweep_3701,3,2200.0,2367.613038475135,95.0,94.84696972659513,0.29091073818336827,0.31612555974310136,0.3027322461803296
scope_20260817_114548,sweep_3702,3,2200.0,2314.503851833679,94.0,94.96431222346516,0.2969297992947775,0.295512890171491,0.2986022962745948
scope_20260817_114548,sweep_3703,3,2200.0,2344.3305137496804,94.0,93.39688405189024,0.2969297992947775,0.30568928747541146,0.3103574692065898
scope_20260817_114548,sweep_3715,3,2500.0,2741.0399270638645,94.0,95.75814201512254,0.3165282295848709,0.3297637040300006,0.31976141647116135
scope_20260817_114548,sweep_3716,3,2500.0,2472.6987198181696,94.0,91.33073217094092,0.3165282295848709,0.3392417180204488,0.332844863160523
scope_20260817_114548,sweep_3717,3,2500.0,2730.337487649327,94.0,94.79402947176963,0.3165282295848709,0.3415314563831144,0.32544734183403706
scope_20260817_114548,sweep_3718,3,2500.0,2682.7238714615573,94.0,95.23365203497522,0.3165282295848709,0.3323534877522222,0.31972156576086774
scope_20260817_114548,sweep_3719,3,2500.0,2804.2146089815724,94.0,96.37565765261692,0.3165282295848709,0.3117183205882877,0.3194277384139274
scope_20260817_114548,sweep_3720,3,2500.0,2577.3586468185263,95.0,92.15672799108901,0.31011188888116775,0.3096495816785604,0.33394589747640474
scope_20260817_114548,sweep_3721,3,2600.0,2545.5662784951537,95.0,90.63981097755277,0.31625331456043826,0.3102365200001091,0.3427132234061496
scope_20260817_114548,sweep_3722,3,2600.0,2400.5566973914692,95.0,95.72845708381664,0.31625331456043826,0.29517453224643203,0.29942282708049844
scope_20260817_114548,sweep_3723,3,2600.0,2627.844900238238,95.0,95.83490733429458,0.31625331456043826,0.32118235885159213,0.31260423296903644
scope_20260817_114548,sweep_3724,3,2600.0,2344.1913351090393,96.0,98.91501936066865,0.3099098084356048,0.28933885066523035,0.27772687692688935
scope_20260817_114548,sweep_3725,3,2600.0,2429.844633996519,95.0,94.8640480212108,0.31625331456043826,0.3014202027061574,0.3065781900078755
scope_20260817_114548,sweep_3726,3,2600.0,2558.8364162342164,95.0,92.9576083301164,0.31625331456043826,0.315533671477613,0.32721767082478836
scope_20260817_114548,sweep_3757,3,2700.0,2427.3056077516435,96.0,96.51849894067361,0.3158133828730078,0.28475071998056983,0.2963362830088942
scope_20260817_114548,sweep_3758,3,2700.0,2435.1584620709664,95.0,95.40900515521636,0.3222777285440019,0.2891436997432114,0.303529962296657
scope_20260817_114548,sweep_3759,3,2700.0,2605.5244932615724,95.0,95.73748411077551,0.3222777285440019,0.33669877183414176,0.31188699346963605
scope_20260817_114548,sweep_3760,3,2700.0,2727.7934905413013,94.0,93.65999323139326,0.32894578540249364,0.3489859951721264,0.332961456101763
scope_20260817_114548,sweep_3761,3,2700.0,2572.3139617374336,94.0,94.58890931479925,0.32894578540249364,0.32262114696521293,0.31721605301448585
scope_20260817_114548,sweep_3762,3,2700.0,2616.623222000981,94.0,94.91165948188006,0.32894578540249364,0.30904507017856886,0.31783439488614645
scope_20260817_114548,sweep_3780,3,2300.0,2253.4298743448717,95.0,95.16248655142776,0.29744887449007107,0.28150152081327545,0.2934500700534634
scope_20260817_114548,sweep_3781,3,2300.0,2429.745170489004,96.0,95.53140309707162,0.291482553600201,0.2798931385065439,0.3024411713492424
scope_20260817_114548,sweep_3782,3,2300.0,2220.3704473804105,96.0,95.30701835178817,0.291482553600201,0.27511494774093426,0.2904353554104369
scope_20260817_114548,sweep_3783,3,2300.0,2524.777817432326,95.0,94.69786189517929,0.29744887449007107,0.3216093673488556,0.3135719553950674
scope_20260817_114548,sweep_3784,3,2300.0,2434.030918743584,95.0,91.05789862219096,0.29744887449007107,0.3197946071739666,0.332149709603498
scope_20260817_114548,sweep_3791,3,2100.0,2344.551375284633,95.0,97.45938209798351,0.28422224094073706,0.29473363943601383,0.2858264560835811
scope_20260817_114548,sweep_3792,3,2100.0,2312.5033508025363,95.0,95.86771385335501,0.28422224094073706,0.30771393019744125,0.2930546134306839
scope_20260817_114548,sweep_3793,3,2100.0,2042.7251972740632,96.0,94.90139434304314,0.27852122392933465,0.2815283778702245,0.28088346444185547
scope_20260817_114548,sweep_3794,3,2100.0,2118.068907480715,96.0,96.8110445352875,0.27852122392933465,0.27507913657918776,0.27520093343585855
scope_20260817_114548,sweep_3795,3,2100.0,2265.8814027998906,95.0,95.13079688286626,0.28422224094073706,0.2948918581635042,0.29444941177140366
scope_20260817_114548,sweep_3800,3,1900.0,1931.2353909580095,95.0,95.1978223343406,0.27034927696470495,0.2886946409244275,0.27146746999360877
scope_20260817_114548,sweep_3801,3,1900.0,1896.0705021007511,95.0,96.39433726426118,0.27034927696470495,0.2417083304076024,0.2625617171790679
scope_20260817_114548,sweep_3802,3,1900.0,2049.2920340996425,96.0,97.02211823942115,0.26492652812599776,0.2624786689787564,0.2695578928842843
scope_20260817_114548,sweep_3803,3,1900.0,1795.5715731434836,96.0,96.70769792528868,0.26492652812599776,0.24336575415223877,0.25390928840531835
scope_20260817_114548,sweep_3804,3,1900.0,1746.6096946980365,95.0,95.83492764228414,0.27034927696470495,0.2645123170185216,0.2548547575077274
scope_20260817_114548,sweep_3810,3,1700.0,1788.977682866859,94.0,96.24724144839311,0.2610158648136359,0.24617462461807674,0.2557936775051872
scope_20260817_114548,sweep_3811,3,1700.0,1718.4945516129492,95.0,94.5707165853466,0.2557248147233723,0.26183455935919436,0.25937547959801094
scope_20260817_114548,sweep_3812,3,1700.0,1680.5134822824234,95.0,97.11090004951619,0.2557248147233723,0.2488920341722621,0.24367036918054233
scope_20260817_114548,sweep_3813,3,1700.0,1677.3595280116972,96.0,98.52793735125834,0.25059540784039835,0.24663420774247755,0.2367156426392695
scope_20260817_114548,sweep_3814,3,1700.0,1657.10554427983,96.0,97.15034882260152,0.25059540784039835,0.25230333005987254,0.24177734693478636
scope_20260817_114548,sweep_3815,3,1700.0,1569.4133367866236,95.0,94.79255806998437,0.2557248147233723,0.24962048785608615,0.2467483617013365
scope_20260817_114548,sweep_3833,3,1300.0,1251.351646152608,94.0,95.00016572889639,0.22825175238001796,0.25840192804366546,0.21940000363129183
scope_20260817_114548,sweep_3834,3,1300.0,1269.3476740332271,95.0,97.09609890855239,0.22362486329840825,0.21492222674622688,0.21183614786438476
scope_20260817_114548,sweep_3835,3,1300.0,1217.5180318554185,95.0,97.01708461801708,0.22362486329840825,0.18750447994543845,0.20779324028295293
scope_20260817_114548,sweep_3836,3,1300.0,1310.7027460607624,96.0,97.28045336055557,0.21913932710104006,0.21681472289315976,0.21447088228308694
scope_20260817_114548,sweep_3837,3,1300.0,1192.3406592303418,96.0,98.49973262937027,0.21913932710104006,0.21903497311963183,0.19968915708549417
scope_20260817_114548,sweep_3838,3,1300.0,1264.052488796875,96.0,95.29862646506699,0.21913932710104006,0.19302152336692582,0.2191761626179409
scope_20260817_114548,sweep_4004,3,1800.0,1839.3867428758354,100.0,99.81382787858176,0.23828647558022356,0.23557610734817103,0.2417485017674952
scope_20260817_114548,sweep_4005,3,1800.0,1637.7066227827472,100.0,99.68758993048371,0.23828647558022356,0.22807811241649883,0.22866917689782265
scope_20260817_114548,sweep_4006,3,1800.0,1733.011270200163,99.0,99.53648251208999,0.24296100518796163,0.24065093078424385,0.23591942220146403
scope_20260817_114548,sweep_4007,3,1800.0,1642.987163791622,99.0,100.38239658479552,0.24296100518796163,0.22449310458712007,0.22598363512391978
scope_20260817_114548,sweep_4008,3,1800.0,1879.8554036679216,99.0,100.00421197074125,0.24296100518796163,0.2574706143897826,0.24349497994879907
scope_20260817_114548,sweep_4021,3,2100.0,2288.5946218255826,99.0,99.50615029434033,0.2624278790746177,0.2762626478057898,0.2712709565641882
scope_20260817_114548,sweep_4022,3,2100.0,2214.639478887392,99.0,99.21221402242794,0.2624278790746177,0.27253034165788653,0.26838237986493196
scope_20260817_114548,sweep_4023,3,2100.0,1956.8097558632994,99.0,99.72912217021756,0.2624278790746177,0.2730479569351987,0.2497550190711297
scope_20260817_114548,sweep_4024,3,2200.0,2318.612409887291,100.0,99.69354196679018,0.26343561070526206,0.2830956336772781,0.2720530099833955
scope_20260817_114548,sweep_4025,3,2200.0,2401.278046934739,100.0,98.68427125295631,0.26343561070526206,0.28275154407006725,0.28236036370785605
scope_20260817_114548,sweep_4026,3,2200.0,2321.7650220838796,100.0,99.28209861114611,0.26343561070526206,0.25524705840165796,0.27442295256133165
scope_20260817_114548,sweep_4027,3,2200.0,2317.8786213954663,100.0,97.24203269030731,0.26343561070526206,0.29883621933624943,0.2854259319330947
scope_20260817_114548,sweep_4110,3,2200.0,2277.9368334135233,100.0,98.15445305762539,0.26343561070526206,0.2733638809565551,0.2778908302791376
scope_20260817_114548,sweep_4111,3,2200.0,2302.291846260222,100.0,98.06941418019603,0.26343561070526206,0.27603611534463085,0.27984112048025633
scope_20260817_114548,sweep_4112,3,2200.0,2323.3923875154983,100.0,96.92943510836116,0.26343561070526206,0.2705705776023375,0.2875506461693429
scope_20260817_114548,sweep_4113,3,2200.0,2276.890266766786,100.0,99.00085532621439,0.26343561070526206,0.2888070416068068,0.27325248441929956
scope_20260817_114548,sweep_4114,3,2200.0,2245.1471265094306,100.0,100.1770850832222,0.26343561070526206,0.2659238053382183,0.2652165178926063
scope_20260817_114548,sweep_4158,3,1300.0,1347.3369851825844,100.0,99.75756515432438,0.20250456480146842,0.2112751247243042,0.20712793133977608
scope_20260817_114548,sweep_4159,3,1300.0,1144.1123049083003,100.0,99.04886451249224,0.20250456480146842,0.22231487872941547,0.19351753634548427
scope_20260817_114548,sweep_4160,3,1300.0,1360.6197802570837,100.0,99.741747531801,0.20250456480146842,0.20190684583078708,0.20821022387961766
scope_20260817_114548,sweep_4161,3,1300.0,1255.5539883465683,100.0,99.72284064291401,0.20250456480146842,0.22167726988412853,0.20008313873840944
scope_20260817_114548,sweep_4162,3,1300.0,1310.5329619048885,100.0,98.47858241695134,0.20250456480146842,0.2121092720770457,0.209439513818185
scope_20260817_114548,sweep_4204,3,400.0,485.71347476637874,100.0,99.00189725165502,0.08112840430994564,0.09554908345211394,0.09718064079205131
scope_20260817_114548,sweep_4205,3,400.0,317.4833060890402,100.0,99.46950608680895,0.08112840430994564,0.0846012429147986,0.0676638048740432
scope_20260817_114548,sweep_4206,3,400.0,427.56357456690114,101.0,99.15732904540575,0.07958347943931597,0.1110639481172366,0.08715607346134686
scope_20260817_114548,sweep_4207,3,400.0,388.263634706967,101.0,100.12899479668404,0.07958347943931597,0.07948048035612201,0.078950764333789
scope_20260817_114548,sweep_4208,3,400.0,385.98525656813814,100.0,98.9729091511189,0.08112840430994564,0.09007435112652015,0.08034961748176278
scope_20260817_114548,sweep_4209,3,400.0,369.8915534098638,100.0,98.09480037524214,0.08112840430994564,0.06717422418064085,0.07890703478955548
scope_20260817_114548,sweep_4216,3,200.0,209.09034416771328,100.0,99.11261278108277,0.04563709980908426,0.05694787222650289,0.04817514071447817
scope_20260817_114548,sweep_4217,3,200.0,237.37025941646732,101.0,100.45164482278797,0.044768034392129924,0.04594008631086887,0.05215368753404697
scope_20260817_114548,sweep_4218,3,200.0,181.3596580027203,101.0,96.92715751502827,0.044768034392129924,0.04647008312497344,0.04469527145568306
scope_20260817_114548,sweep_4219,3,200.0,204.32828946394358,101.0,99.54309966538094,0.044768034392129924,0.06350296719164385,0.046868370043327924
scope_20260817_114548,sweep_4220,3,200.0,202.69392631775114,100.0,99.26523592815526,0.04563709980908426,0.056271579096243494,0.04680925394854031
scope_20260817_114548,sweep_4221,3,100.0,165.2529462426467,100.0,98.04054695410476,0.025672203178400146,0.0333073953177079,0.04047086163843421
scope_20260817_114548,sweep_4222,3,100.0,206.3688924418096,99.0,100.25309394723769,0.026175821663507567,0.043798671276016256,0.04661184906759363
scope_20260817_114548,sweep_4223,3,100.0,136.2114816119237,99.0,101.21889027124452,0.026175821663507567,0.030855620213673284,0.03241113766429589
scope_20260817_114548,sweep_4224,3,100.0,161.5632002332534,99.0,87.75300294396875,0.026175821663507567,0.037977977637362575,0.04922187838144744
scope_20260817_114548,sweep_4225,3,100.0,146.84628274221018,99.0,101.3991976769091,0.026175821663507567,0.04172369248372822,0.03437954507976993
scope_20260817_114548,sweep_4226,3,100.0,130.41092727397287,100.0,98.65984089941904,0.025672203178400146,0.04659137280358253,0.03284740184147962
scope_20260817_114548,sweep_010,4,100.0,1219.199655808823,42.0,56.24951883162596,0.1272071345498567,0.06661130596190415,0.5851343215747902
scope_20260817_114548,sweep_011,4,100.0,-26.776083110325924,43.0,55.98164177956432,0.12234466849836437,0.10180579707401854,0.0016903562802683284
scope_20260817_114548,sweep_029,4,500.0,501.03670896707763,40.0,42.889403847553254,0.5238983962017602,0.42924869540959726,0.46809813045327336
scope_20260817_114548,sweep_030,4,500.0,504.333226134695,40.0,42.86871625384243,0.5238983962017602,0.47956805923746243,0.47103052162404047
scope_20260817_114548,sweep_031,4,500.0,544.7810671874573,40.0,42.47451725048718,0.5238983962017602,0.4673377611059301,0.5099336867147475
scope_20260817_114548,sweep_032,4,500.0,487.9271659000175,40.0,42.65187886707683,0.5238983962017602,0.45074429356365925,0.4621518888438533
scope_20260817_114548,sweep_033,4,500.0,518.0748389455518,40.0,44.14354466136007,0.5238983962017602,0.41800254714229895,0.45863571759877875
scope_20260817_114548,sweep_034,4,500.0,486.0217453785635,41.0,42.353102092382265,0.5033003544181932,0.43943012107294027,0.46604870136454146
scope_20260817_114548,sweep_040,4,700.0,597.355354479246,43.0,42.93334514683168,0.6152001345093258,0.5316102251015749,0.5407281359069248
scope_20260817_114548,sweep_041,4,700.0,731.9969558645358,43.0,43.50695947929754,0.6152001345093258,0.6166961491987942,0.6260924862881998
scope_20260817_114548,sweep_042,4,700.0,711.5938591335791,43.0,47.97647463930085,0.6152001345093258,0.5872405459623494,0.517813280363667
scope_20260817_114548,sweep_043,4,700.0,726.6621320041406,43.0,41.187362166610804,0.6152001345093258,0.6244555470446473,0.6813216350082573
scope_20260817_114548,sweep_044,4,700.0,720.2974950107423,42.0,42.777684647414105,0.6396506463758489,0.6359179513924805,0.6354217368715451
scope_20260817_114548,sweep_045,4,700.0,720.687204267813,42.0,40.7781252267104,0.6396506463758489,0.6337881895575429,0.687789153600924
scope_20260817_114548,sweep_070,4,1300.0,1281.1177610963166,42.0,42.75301224358665,1.0034209079232557,1.1075129596933166,0.9672477862171972
scope_20260817_114548,sweep_071,4,1300.0,1086.6905886545912,42.0,44.244014599272184,1.0034209079232557,0.8762885264940876,0.8412303628994964
scope_20260817_114548,sweep_072,4,1300.0,1248.5260680111166,41.0,41.44951140140843,1.043887768262139,1.0342351156795522,1.004921180355302
scope_20260817_114548,sweep_073,4,1300.0,1314.0305148060024,41.0,42.07552010549791,1.043887768262139,0.9358846349637223,1.0058366241261172
scope_20260817_114548,sweep_074,4,1300.0,1316.0032470400488,41.0,42.4877015445877,1.043887768262139,0.9408443611014573,0.9905004967392319
scope_20260817_114548,sweep_075,4,1300.0,1248.9361585272343,41.0,40.84749541299925,1.043887768262139,1.0223435306628668,1.029420068427317
scope_20260817_114548,sweep_082,4,1500.0,1520.0832107544074,40.0,41.07745849608827,1.167206224439531,1.1540278582564467,1.1253223936744603
scope_20260817_114548,sweep_083,4,1500.0,1432.537356225493,40.0,42.05587987822163,1.167206224439531,1.0720342918261831,1.0510229610453588
scope_20260817_114548,sweep_084,4,1500.0,1507.4421003783152,40.0,42.03383562206958,1.167206224439531,1.0741243613766698,1.0790836423933516
scope_20260817_114548,sweep_085,4,1500.0,1538.9095629544156,40.0,41.00974943114788,1.167206224439531,1.1746081806928594,1.135324690916128
scope_20260817_114548,sweep_086,4,1500.0,1403.8103919696987,40.0,46.240743980665144,1.167206224439531,0.9185278479247999,0.8871689666280833
scope_20260817_114548,sweep_099,4,1800.0,1790.6072157143462,42.0,41.59554913439194,1.1807221822725393,1.189424221627789,1.196538380866689
scope_20260817_114548,sweep_100,4,1800.0,1815.5157507484557,41.0,41.48111585927965,1.22833940777757,1.2449534391915194,1.2102922980535562
scope_20260817_114548,sweep_101,4,1800.0,1787.512236335266,41.0,41.35413158477576,1.22833940777757,1.2344432895027735,1.2069734912631307
scope_20260817_114548,sweep_102,4,1800.0,1794.6003312558637,41.0,41.5234111763297,1.22833940777757,1.1777371440971114,1.201290173285391
scope_20260817_114548,sweep_103,4,1800.0,1621.6045968758822,41.0,41.732709071428786,1.22833940777757,1.2200011209503545,1.132529170519745
scope_20260817_114548,sweep_223,4,1900.0,1871.358389507937,41.0,41.91560731485699,1.2619987742837786,1.2101487445899175,1.20789595823319
scope_20260817_114548,sweep_224,4,1900.0,1819.7595121068257,41.0,42.32894401442809,1.2619987742837786,1.0751482166971376,1.171989996473899
scope_20260817_114548,sweep_225,4,1900.0,1898.1771011142173,40.0,43.165453648481204,1.3136472646043484,1.2330214554330907,1.1587135535735489
scope_20260817_114548,sweep_226,4,1900.0,1878.770928321102,40.0,41.264161522865905,1.3136472646043484,1.2364203044340285,1.2418215923442575
scope_20260817_114548,sweep_227,4,1900.0,1855.140008400775,40.0,41.663446964738625,1.3136472646043484,1.2227169550818815,1.2146499701984765
scope_20260817_114548,sweep_242,4,1500.0,1271.1487993845847,40.0,47.72466471157606,1.167206224439531,0.8082086633157172,0.7995980271042984
scope_20260817_114548,sweep_243,4,1500.0,1357.7199946144494,40.0,48.20092010892928,1.167206224439531,0.952300609322282,0.8122948601430255
scope_20260817_114548,sweep_244,4,1500.0,1314.295283487878,40.0,43.31029919255545,1.167206224439531,0.9563877660799653,0.9588003059288738
scope_20260817_114548,sweep_245,4,1500.0,1527.0814917634625,40.0,43.121882258625504,1.167206224439531,1.0609783734683356,1.0410452077228325
scope_20260817_114548,sweep_246,4,1500.0,1559.831801906642,40.0,43.534200796334275,1.167206224439531,1.0160788157125058,1.0355718616843474
scope_20260817_114548,sweep_247,4,1400.0,1411.7767132409635,41.0,45.13601584096675,1.0832935328532693,0.8544756748277412,0.9270622519508647
scope_20260817_114548,sweep_248,4,1400.0,1366.2823948282194,41.0,43.863124813905145,1.0832935328532693,0.8779769218817794,0.9570582162399046
scope_20260817_114548,sweep_249,4,1400.0,1292.5915480573997,42.0,45.69650048275495,1.041299087250205,0.9296495311135499,0.8686676545950741
scope_20260817_114548,sweep_250,4,1400.0,1400.2389592964312,42.0,41.833808195854324,1.041299087250205,0.9956207220756256,1.0482119775908052
scope_20260817_114548,sweep_251,4,1400.0,1442.1959361829781,42.0,44.074286086256,1.041299087250205,0.8718901687385505,0.9753938183443497
scope_20260817_114548,sweep_252,4,1400.0,1382.7823198238107,42.0,43.219464152948,1.041299087250205,0.9739349217028647,0.9869142482317431
scope_20260817_114548,sweep_299,4,400.0,359.4714456065698,43.0,47.17087615820188,0.3866293695997511,0.2935132697200213,0.30249444343163095
scope_20260817_114548,sweep_300,4,400.0,411.3041276945049,43.0,42.00025626774758,0.3866293695997511,0.370894984694597,0.41139825712949013
scope_20260817_114548,sweep_301,4,400.0,307.5481842608186,43.0,46.39066961875175,0.3866293695997511,0.2955870621141045,0.2734737205604237
scope_20260817_114548,sweep_302,4,400.0,407.60789028618524,43.0,43.84153327464949,0.3866293695997511,0.33630354940602697,0.38021387361119247
scope_20260817_114548,sweep_303,4,400.0,370.0405007794968,43.0,42.80027870216682,0.3866293695997511,0.33387019193371514,0.3652525148488453
scope_20260817_114548,sweep_304,4,400.0,371.5017612868231,43.0,43.07182538642996,0.3866293695997511,0.3476578380334181,0.36261528155752315
scope_20260817_114548,sweep_351,4,400.0,384.5746276951074,46.0,42.27934578953165,0.3450908355031582,0.3439377755724996,0.3848510636838361
scope_20260817_114548,sweep_352,4,400.0,372.6882418703955,46.0,45.53815338615741,0.3450908355031582,0.3027183949282267,0.3310582317226164
scope_20260817_114548,sweep_364,4,700.0,746.4995290552266,48.0,45.37867411715624,0.5103677558258934,0.5958279992214788,0.5927759331580674
scope_20260817_114548,sweep_365,4,700.0,770.3012283648635,48.0,48.04958973597479,0.5103677558258934,0.6307867205998176,0.5515736813013804
scope_20260817_114548,sweep_366,4,700.0,807.8996969700485,48.0,42.93390002255297,0.5103677558258934,0.7049572230000198,0.6947093146772604
scope_20260817_114548,sweep_367,4,700.0,805.5214840606502,48.0,49.627977356824175,0.5103677558258934,0.6182637900103019,0.5410984932750097
scope_20260817_114548,sweep_368,4,700.0,785.0979092970249,48.0,42.581227585126015,0.5103677558258934,0.5578902906069692,0.687750199682391
scope_20260817_114548,sweep_418,4,1700.0,1729.6912508070484,47.0,45.14272150388146,0.9494051461926568,0.9924344989372801,1.0258901338786446
scope_20260817_114548,sweep_419,4,1700.0,1726.8758103055193,46.0,45.58662622781469,0.985026907055259,0.9348737448502158,1.0081667836136303
scope_20260817_114548,sweep_420,4,1700.0,1558.3359725709788,46.0,47.69930874549498,0.985026907055259,0.8652171731824201,0.8861411071912085
scope_20260817_114548,sweep_421,4,1700.0,1691.4122885329573,46.0,47.41323105893054,0.985026907055259,0.9938146234803066,0.9328384872615659
scope_20260817_114548,sweep_422,4,1700.0,1700.260483444603,46.0,45.00181740898248,0.985026907055259,0.9906464639132255,1.0225247328151794
scope_20260817_114548,sweep_463,4,2500.0,2619.1732473506827,47.0,46.032865088544646,1.1513228527227357,1.1571418474633437,1.2211709313495784
scope_20260817_114548,sweep_476,4,2800.0,2643.6081619751258,48.0,48.32141367311352,1.1749810733982493,1.0645982886400538,1.128564248346733
scope_20260817_114548,sweep_477,4,2800.0,2515.7893786628124,48.0,46.45042025959429,1.1749810733982493,1.2263838359451646,1.178495578376245
scope_20260817_114548,sweep_478,4,2800.0,2685.3248192373767,48.0,45.92517765920526,1.1749810733982493,1.1638462997354635,1.2414463627542183
scope_20260817_114548,sweep_479,4,2800.0,2722.0645399624423,48.0,47.12556155963934,1.1749810733982493,1.2137457398815132,1.195868719526415
scope_20260817_114548,sweep_480,4,2800.0,2650.8287996975755,48.0,47.32714630958592,1.1749810733982493,1.1826798303300101,1.1714749360391852
scope_20260817_114548,sweep_540,4,2000.0,1972.6359092200707,46.0,47.3561622746448,1.0684116895559612,1.0452916591843735,1.0095013192866875
scope_20260817_114548,sweep_541,4,2000.0,2002.4273005083596,46.0,47.077291019684324,1.0684116895559612,1.0548781058675016,1.0274918349929558
scope_20260817_114548,sweep_542,4,2000.0,1718.6319163393184,46.0,45.60134872297482,1.0684116895559612,1.0056975317521448,1.0052052660739867
scope_20260817_114548,sweep_543,4,2000.0,2068.684918865418,46.0,46.06272984131841,1.0684116895559612,1.0370091172333706,1.0840785760201967
scope_20260817_114548,sweep_544,4,2000.0,2114.8866204290835,45.0,45.05329707236526,1.1090746488592438,1.1074010241813919,1.1382010108065819
scope_20260817_114548,sweep_545,4,2000.0,1678.7623112408328,45.0,47.62504506542593,1.1090746488592438,0.8643683918403886,0.9222227308182682
scope_20260817_114548,sweep_563,4,1600.0,1363.1756734193614,46.0,47.70564179534627,0.9556164663210125,0.8190028855870585,0.8286070519649645
scope_20260817_114548,sweep_564,4,1600.0,1584.5802560256284,46.0,49.043865473838956,0.9556164663210125,0.7242475042923399,0.8514773479667379
scope_20260817_114548,sweep_565,4,1600.0,1586.2789028226193,46.0,48.039853766343015,0.9556164663210125,0.9875098713449336,0.883115382330989
scope_20260817_114548,sweep_566,4,1600.0,1608.0414319084625,46.0,47.856062287498986,0.9556164663210125,0.9985565553963431,0.8950713613246031
scope_20260817_114548,sweep_567,4,1600.0,1519.6932127019743,46.0,46.412048582182344,0.9556164663210125,0.8774333073069185,0.9172404012441363
scope_20260817_114548,sweep_568,4,1600.0,1596.1248030830918,46.0,45.38567210658745,0.9556164663210125,0.9214209024054246,0.976552868988104
scope_20260817_114548,sweep_569,4,1500.0,1434.7385396618536,45.0,46.935579200536615,0.9604868206054112,0.8453966883881235,0.8742533342907128
scope_20260817_114548,sweep_570,4,1500.0,1344.7161195918798,45.0,48.51945616736548,0.9604868206054112,0.7579310046559997,0.7992055500463731
scope_20260817_114548,sweep_571,4,1500.0,1475.3168253514734,45.0,47.582868070571706,0.9604868206054112,0.8073680755579272,0.8658611442444433
scope_20260817_114548,sweep_572,4,1500.0,1551.9323592666622,45.0,49.31825006663883,0.9604868206054112,0.8402062969160544,0.8344942358483832
scope_20260817_114548,sweep_573,4,1500.0,1410.614972460597,46.0,48.36103738826466,0.9252716648557155,0.8361639768316143,0.8232166886100932
scope_20260817_114548,sweep_599,4,900.0,1006.5324276867303,48.0,46.835228165606495,0.6287429641834438,0.8431554838333849,0.7349561711300258
scope_20260817_114548,sweep_600,4,900.0,893.915153569382,48.0,50.53556285888276,0.6287429641834438,0.6242367755217285,0.5714674613638986
scope_20260817_114548,sweep_601,4,900.0,908.3854172858337,48.0,50.95420236583603,0.6287429641834438,0.5976280657651223,0.5707739089027887
scope_20260817_114548,sweep_602,4,900.0,1052.6141272684376,48.0,46.80708027909221,0.6287429641834438,0.6883831218569639,0.7523681495422535
scope_20260817_114548,sweep_603,4,900.0,967.4379883787067,48.0,47.122138390258094,0.6287429641834438,0.7517694680098811,0.6892166882018923
scope_20260817_114548,sweep_604,4,900.0,837.4959963294921,48.0,49.698561408893106,0.6287429641834438,0.6762401518752971,0.5574774033218579
scope_20260817_114548,sweep_622,4,500.0,503.1359584432362,47.0,48.49363295892833,0.4002876806554732,0.36717323417064046,0.38119198143262883
scope_20260817_114548,sweep_623,4,500.0,499.7058679036399,48.0,50.044039623632614,0.3860085808183441,0.3332426552231754,0.35876496225005583
scope_20260817_114548,sweep_624,4,500.0,488.0648843060406,48.0,47.99191273685718,0.3860085808183441,0.40138384106736175,0.37845559878442603
scope_20260817_114548,sweep_625,4,500.0,465.1064837683021,48.0,48.74691541441859,0.3860085808183441,0.42352562429313056,0.35389899538879294
scope_20260817_114548,sweep_626,4,500.0,432.4708234973518,48.0,44.24639439756284,0.3860085808183441,0.3758584636213451,0.3932482943765224
scope_20260817_114548,sweep_627,4,500.0,505.2144945722946,48.0,45.85486763218049,0.3860085808183441,0.43581845418087856,0.421161637044378
scope_20260817_114548,sweep_670,4,300.0,257.4022431079512,51.0,55.69215336786781,0.22720704655334845,0.2127691860023133,0.17094836076436018
scope_20260817_114548,sweep_671,4,300.0,301.73241581688256,51.0,48.102779804021864,0.22720704655334845,0.2499370117380578,0.2528884991746537
scope_20260817_114548,sweep_672,4,300.0,316.7905783725044,51.0,49.34604255505585,0.22720704655334845,0.24323041795694117,0.2518839235329067
scope_20260817_114548,sweep_673,4,300.0,333.37199990604137,51.0,48.49546731663812,0.22720704655334845,0.25942618085050834,0.27086166193751315
scope_20260817_114548,sweep_674,4,300.0,323.65619424676225,50.0,43.07107128785523,0.23526572197859924,0.2855641710577712,0.3234155454477141
scope_20260817_114548,sweep_681,4,500.0,547.9619486719004,53.0,49.1972302969293,0.3242594633721119,0.368989357565073,0.3990369064515356
scope_20260817_114548,sweep_682,4,500.0,578.1188549323605,54.0,52.266766395500056,0.3135871010158452,0.4581227981302365,0.37497634405815816
scope_20260817_114548,sweep_683,4,500.0,573.6169855514016,54.0,47.692399059025156,0.3135871010158452,0.4461560776336226,0.43745894663452783
scope_20260817_114548,sweep_684,4,500.0,508.1932073832851,53.0,47.85545914822635,0.3242594633721119,0.399149992281919,0.3932986562670446
scope_20260817_114548,sweep_685,4,500.0,558.6185077398949,53.0,47.916610780758006,0.3242594633721119,0.44006301291337463,0.42448730658136674
scope_20260817_114548,sweep_686,4,500.0,487.13116734610526,53.0,46.37395370077651,0.3242594633721119,0.4259209886545633,0.40083128866982093
scope_20260817_114548,sweep_694,4,800.0,729.1968646146996,50.0,49.12281368672354,0.5310222312742162,0.5082617954766777,0.5071760163431174
scope_20260817_114548,sweep_695,4,800.0,816.6183208138634,51.0,51.713334025767466,0.5128328589787458,0.5107847771941189,0.508996378824988
scope_20260817_114548,sweep_696,4,800.0,862.3939134810805,52.0,48.90666246732018,0.4955000027566642,0.583387377397353,0.5874519819021798
scope_20260817_114548,sweep_697,4,800.0,815.7753007114862,53.0,52.902248979128856,0.4789743373297209,0.5149164069290835,0.4884075617400325
scope_20260817_114548,sweep_698,4,800.0,783.2927643781342,54.0,55.888219392431594,0.4632098392510038,0.3652008895093917,0.42780882586479463
scope_20260817_114548,sweep_699,4,800.0,869.7954177309852,54.0,54.47112238871438,0.4632098392510038,0.4729321991256405,0.4888199916800403
scope_20260817_114548,sweep_752,4,1900.0,1804.114263109088,51.0,50.82657085881177,0.870538445196509,0.8735681099774022,0.85340182278561
scope_20260817_114548,sweep_753,4,1900.0,2046.1482892071415,52.0,50.36269566259593,0.8411157640203583,0.9588577489937569,0.9236396920017792
scope_20260817_114548,sweep_754,4,1900.0,2112.699936118414,53.0,51.45799983396292,0.8130632965648648,0.871084819401831,0.9035786508597226
scope_20260817_114548,sweep_755,4,1900.0,2087.7272856722766,53.0,49.95348197754733,0.8130632965648648,0.9562698379623971,0.9464421697092761
scope_20260817_114548,sweep_756,4,1900.0,1856.4710733108295,53.0,52.390925017888414,0.8130632965648648,0.8250738574298345,0.8204280448912192
scope_20260817_114548,sweep_757,4,1900.0,1832.1613037839898,53.0,51.65817079834694,0.8130632965648648,0.8617543600262947,0.8356844134249466
scope_20260817_114548,sweep_786,4,2500.0,2419.263388524122,51.0,51.09166725132156,0.9985760813364747,1.036658980394253,0.9792091841484539
scope_20260817_114548,sweep_787,4,2500.0,2512.460549246191,51.0,52.43431799528264,0.9985760813364747,0.9536804349147447,0.9530288376987006
scope_20260817_114548,sweep_788,4,2500.0,2662.262828633818,51.0,49.97055519435697,0.9985760813364747,1.024643644980675,1.0681255973697767
scope_20260817_114548,sweep_789,4,2500.0,2724.2552850425145,50.0,52.20520543324711,1.0339939992619207,1.091521244137726,1.000146595092703
scope_20260817_114548,sweep_790,4,2500.0,2677.3588197819026,50.0,49.606062267159736,1.0339939992619207,0.9356469281312825,1.084979052297935
scope_20260817_114548,sweep_791,4,2500.0,2607.765496137702,50.0,50.6189647892196,1.0339939992619207,0.9364826062999404,1.033448281298053
scope_20260817_114548,sweep_792,4,2600.0,2681.422562938526,50.0,50.464785154882414,1.0544711158348752,0.9825320220899142,1.0535849208480481
scope_20260817_114548,sweep_793,4,2600.0,2525.2345629613637,52.0,47.92500385358286,0.9839332706452982,1.047238473350271,1.1188663788750801
scope_20260817_114548,sweep_794,4,2600.0,2695.549815713654,52.0,54.5116416301424,0.9839332706452982,0.9925157096980921,0.9208211315604699
scope_20260817_114548,sweep_795,4,2600.0,2591.487336470695,53.0,50.51645960170482,0.9511176259577896,0.971484309280584,1.0339015386699122
scope_20260817_114548,sweep_796,4,2600.0,2430.766520342308,53.0,51.79740626273966,0.9511176259577896,0.9207703234731105,0.9579865675251952
scope_20260817_114548,sweep_797,4,2600.0,2566.8879505156783,53.0,49.89513552645708,0.9511176259577896,1.0000688096006398,1.051600556316103
scope_20260817_114548,sweep_803,4,2800.0,2522.540158468514,51.0,47.637273367119626,1.056793590557488,1.1393447050475771,1.129972072634091
scope_20260817_114548,sweep_804,4,2800.0,2645.8615134825536,51.0,50.600307230354225,1.056793590557488,0.9482034843592139,1.0416457013357072
scope_20260817_114548,sweep_805,4,2800.0,2567.760519642379,50.0,51.0844327967956,1.0942763916720586,1.0172315924088886,1.0090665078201297
scope_20260817_114548,sweep_806,4,2900.0,2727.13138834622,50.0,48.00500979880169,1.113645619122711,1.154049683624771,1.159381604211294
scope_20260817_114548,sweep_807,4,2900.0,2666.861650666778,50.0,51.4736295167741,1.113645619122711,0.9960294329945624,1.0146442618464682
scope_20260817_114548,sweep_808,4,2900.0,2640.6705148304054,50.0,52.20093775800848,1.113645619122711,1.019038973698576,0.9848270953571039
scope_20260817_114548,sweep_809,4,2900.0,2389.7846678209858,51.0,52.425109230656524,1.0754993540918931,0.9529626940511827,0.9297615610682213
scope_20260817_114548,sweep_810,4,2900.0,2431.0567947246436,52.0,54.32182128120599,1.0391493516592507,0.8865732854897747,0.8799832592258775
scope_20260817_114548,sweep_811,4,2900.0,2565.4756689941332,53.0,51.16691821944074,1.004492168170638,0.914138691746945,1.0057464949240271
scope_20260817_114548,sweep_817,4,2900.0,2368.4867548106704,53.0,52.61874967045103,1.004492168170638,0.931879833094484,0.9195512904430144
scope_20260817_114548,sweep_818,4,2900.0,2544.376663057306,53.0,53.3481936739516,1.004492168170638,0.9366937215509611,0.9299407753502401
scope_20260817_114548,sweep_819,4,2900.0,2576.7189842893567,52.0,49.22688604977494,1.0391493516592507,1.0317690941207673,1.078765074903578
scope_20260817_114548,sweep_820,4,2900.0,2574.669729758247,52.0,52.34185194217673,1.0391493516592507,0.9586673385883976,0.9677905592374526
scope_20260817_114548,sweep_821,4,2900.0,2630.361089637541,52.0,52.075801952589785,1.0391493516592507,1.001924997328729,0.9871042089869209
scope_20260817_114548,sweep_822,4,2900.0,2527.544382384184,52.0,51.22856322678412,1.0391493516592507,1.0429605599552116,0.9961613792629561
scope_20260817_114548,sweep_846,4,2400.0,2689.6145761713387,51.0,51.090810373539234,0.978400747448926,0.9571686898429902,1.0325041183603396
scope_20260817_114548,sweep_847,4,2400.0,2519.4203950091087,50.0,52.605285336706594,1.0131030781165726,0.9472949474967106,0.9488309561031177
scope_20260817_114548,sweep_848,4,2400.0,2494.769187980151,50.0,52.478664794306816,1.0131030781165726,0.9519942508789723,0.9482392643200582
scope_20260817_114548,sweep_849,4,2400.0,2651.1857050773465,50.0,50.95094656438131,1.0131030781165726,0.971989278365205,1.0300752172966352
scope_20260817_114548,sweep_850,4,2400.0,2583.9070799338933,50.0,54.95236748798433,1.0131030781165726,0.9329914989761343,0.8885647043315151
scope_20260817_114548,sweep_929,4,800.0,834.7074976904457,53.0,54.20014139402913,0.4789743373297209,0.5122924039451979,0.47665147523710677
scope_20260817_114548,sweep_930,4,800.0,726.1275507065062,53.0,51.47475241695082,0.4789743373297209,0.5956120413971183,0.46551910255708795
scope_20260817_114548,sweep_931,4,800.0,753.10416230441,53.0,54.5175270455296,0.4789743373297209,0.46723312287550606,0.43306880229139927
scope_20260817_114548,sweep_932,4,800.0,849.877961865062,53.0,54.37230955277977,0.4789743373297209,0.5076390673478733,0.48107996591441277
scope_20260817_114548,sweep_933,4,800.0,812.6794900513353,53.0,52.231959405728944,0.4789743373297209,0.5253119860887481,0.49805483154788066
scope_20260817_114548,sweep_940,4,600.0,694.9608260969071,51.0,51.11859305730627,0.4039026408768319,0.4815093624269114,0.45441928184459135
scope_20260817_114548,sweep_941,4,600.0,507.5031893648901,51.0,49.99068645331658,0.4039026408768319,0.3506647811162582,0.36408614319668564
scope_20260817_114548,sweep_942,4,600.0,546.4907078876702,50.0,49.30339578441552,0.4182284302200941,0.4246187566709042,0.39665158444287624
scope_20260817_114548,sweep_943,4,600.0,489.1500524925621,50.0,47.76485796655033,0.4182284302200941,0.369037543550906,0.3822773465420229
scope_20260817_114548,sweep_944,4,600.0,772.5997540186314,50.0,50.47889829091053,0.4182284302200941,0.514743866535017,0.507312423240162
scope_20260817_114548,sweep_945,4,600.0,581.998430755981,50.0,57.34354110574053,0.4182284302200941,0.32190701039611236,0.3190685905604048
scope_20260817_114548,sweep_946,4,500.0,521.1018122718712,51.0,58.751753274732614,0.34718124686826624,0.2129533180577025,0.2784668931166703
scope_20260817_114548,sweep_947,4,500.0,555.8876154176223,52.0,53.505562479212266,0.3354471262291282,0.3795832572436362,0.3481082398813917
scope_20260817_114548,sweep_948,4,500.0,519.0082614121426,53.0,54.021948151134346,0.3242594633721119,0.2779328398330015,0.3232145530806378
scope_20260817_114548,sweep_949,4,500.0,410.8308666574972,53.0,49.39379408102803,0.3242594633721119,0.2710645914245362,0.3120080116622181
scope_20260817_114548,sweep_950,4,500.0,452.4558538068823,54.0,55.97501854971715,0.3135871010158452,0.30499233974200446,0.2705201650650951
scope_20260817_114548,sweep_1022,4,800.0,1033.2995424148846,58.0,53.69947456641697,0.40694522063282745,0.7366524552057832,0.5856979538301181
scope_20260817_114548,sweep_1023,4,800.0,782.1965744804066,58.0,55.49150484915776,0.40694522063282745,0.43331763764992803,0.4328574981398056
scope_20260817_114548,sweep_1024,4,800.0,693.653844620733,57.0,59.15450782318314,0.4200675498315469,0.36777743543210106,0.3486820042284799
scope_20260817_114548,sweep_1025,4,800.0,872.5748589872321,57.0,55.48328456164804,0.4200675498315469,0.45410973377412533,0.47410586361671053
scope_20260817_114548,sweep_1026,4,800.0,784.5629009806289,57.0,55.74659629057435,0.4200675498315469,0.43178486628324225,0.4303576656197945
scope_20260817_114548,sweep_1047,4,1300.0,1416.1283474265572,55.0,57.040991427732024,0.6292793877613403,0.5933093352547328,0.6148047248566396
scope_20260817_114548,sweep_1048,4,1300.0,1334.8970479717113,55.0,55.816468076673594,0.6292793877613403,0.6421502986670676,0.6209080234783144
scope_20260817_114548,sweep_1049,4,1300.0,1260.0942181355608,56.0,54.9995756058346,0.6091045090887311,0.5573314348415277,0.6195543144739747
scope_20260817_114548,sweep_1050,4,1300.0,1350.090101440946,57.0,57.947331196132176,0.5898289986136707,0.5579166277586349,0.5832759713555452
scope_20260817_114548,sweep_1051,4,1300.0,1355.6044570971553,58.0,57.812496732199854,0.5714035565773518,0.5993697431057811,0.5869598620495226
scope_20260817_114548,sweep_1052,4,1300.0,1330.3582234006617,58.0,57.57536847142198,0.5714035565773518,0.5991003260077381,0.5858497653430426
scope_20260817_114548,sweep_1069,4,1700.0,1952.959142119084,58.0,54.33560022053688,0.6534249657339392,0.701060325328691,0.7883614486258831
scope_20260817_114548,sweep_1070,4,1700.0,1492.0623119346587,58.0,54.9136480408942,0.6534249657339392,0.6910443845075412,0.676077023790614
scope_20260817_114548,sweep_1071,4,1700.0,1713.4586592584674,58.0,56.25591252361509,0.6534249657339392,0.7063945626603608,0.6935302186879654
scope_20260817_114548,sweep_1072,4,1700.0,1850.0003228974656,58.0,55.42043191057618,0.6534249657339392,0.6893960340162237,0.7404317303791349
scope_20260817_114548,sweep_1073,4,1700.0,1528.1830733920556,58.0,56.5202327299163,0.6534249657339392,0.5853023546746656,0.6494106856263523
scope_20260817_114548,sweep_1074,4,1700.0,1819.292942069299,57.0,53.93124475464753,0.6744952648117584,0.7661873280874454,0.7711830887645698
scope_20260817_114548,sweep_1095,4,2200.0,2279.805129482246,55.0,54.1734685282149,0.8186215455521425,0.8197410416340446,0.856368029374671
scope_20260817_114548,sweep_1096,4,2200.0,2338.647415127526,55.0,51.1301261478186,0.8186215455521425,0.9969629291905164,0.9614771402414234
scope_20260817_114548,sweep_1097,4,2200.0,2472.4640424796758,55.0,55.19659498703522,0.8186215455521425,0.9437433160673409,0.8622631253401495
scope_20260817_114548,sweep_1098,4,2200.0,2216.6985478452207,56.0,54.59961677888072,0.7923763026894255,0.7560254576082286,0.8326149212806895
scope_20260817_114548,sweep_1099,4,2200.0,2251.8356348689786,57.0,58.34017945176109,0.7673010364669999,0.6951167453518479,0.7440323993167078
scope_20260817_114548,sweep_1106,4,2400.0,2523.691949287009,58.0,56.66679067946928,0.776384549209293,0.8414969041537647,0.8306262830391142
scope_20260817_114548,sweep_1107,4,2400.0,2677.895937205196,57.0,58.462836810472936,0.8014197950433165,0.7967694594966148,0.8082572025149395
scope_20260817_114548,sweep_1108,4,2400.0,2366.443682404079,57.0,55.58040504406544,0.8014197950433165,0.9195328655094833,0.8330735607815778
scope_20260817_114548,sweep_1109,4,2400.0,2554.4109593204926,56.0,53.88384650370269,0.8276100564421062,0.8634447564528951,0.915243624186418
scope_20260817_114548,sweep_1110,4,2400.0,2530.1932673605565,56.0,56.90856729596534,0.8276100564421062,0.7929193403470937,0.8252785938230047
scope_20260817_114548,sweep_1111,4,2400.0,2188.825711268377,56.0,55.95330130218117,0.8276100564421062,0.8466148539941907,0.7915574253250106
scope_20260817_114548,sweep_1148,4,2800.0,2324.7542635113177,56.0,55.47339913064531,0.8939210291993308,0.7324047583801806,0.8285859213865134
scope_20260817_114548,sweep_1149,4,2800.0,2400.6819666171245,57.0,56.51284737674698,0.8656323137078181,0.8044895523291736,0.814145770338304
scope_20260817_114548,sweep_1150,4,2800.0,2162.6481550069434,58.0,61.08362919663221,0.8385911576126177,0.6882068181559238,0.6700005967858416
scope_20260817_114548,sweep_1151,4,2800.0,2627.575667236736,58.0,55.818152468433766,0.8385911576126177,0.8399371578439585,0.8710784398399614
scope_20260817_114548,sweep_1152,4,2800.0,2635.195205730436,58.0,55.442174176035,0.8385911576126177,0.9136518881011196,0.883074915002035
scope_20260817_114548,sweep_1153,4,2800.0,2621.9603898326573,58.0,59.079968492000845,0.8385911576126177,0.8556315335900329,0.7845127156815921
scope_20260817_114548,sweep_1176,4,2300.0,2325.799121851688,57.0,54.71796920745569,0.7845459095714552,0.9888687560424098,0.849538878193878
scope_20260817_114548,sweep_1177,4,2300.0,2490.2207717168026,56.0,58.17607538038048,0.8101847352881534,0.7720564958509039,0.7864696177392847
scope_20260817_114548,sweep_1178,4,2300.0,2515.6535665651713,56.0,54.897159594576145,0.8101847352881534,0.8216223157304823,0.8783412953157582
scope_20260817_114548,sweep_1179,4,2300.0,2495.868022438628,56.0,58.037962363733044,0.8101847352881534,0.8325817272351846,0.7907922042224829
scope_20260817_114548,sweep_1180,4,2300.0,2325.4713868356894,55.0,58.94818385888195,0.8370198325382007,0.7231734451082271,0.7418622150101502
scope_20260817_114548,sweep_1181,4,2300.0,2427.483719967486,55.0,58.29398917119585,0.8370198325382007,0.799688074051591,0.7736268568809274
scope_20260817_114548,sweep_1182,4,2200.0,2517.573539374978,55.0,61.799688281269205,0.8186215455521425,0.7200461471702134,0.7074499268554165
scope_20260817_114548,sweep_1183,4,2200.0,2193.5194665666836,55.0,58.34536701378601,0.8186215455521425,0.7336900586527644,0.7342154754127909
scope_20260817_114548,sweep_1184,4,2200.0,2260.539827131898,56.0,60.356458126840806,0.7923763026894255,0.6838097140538939,0.7003259479654388
scope_20260817_114548,sweep_1185,4,2200.0,2144.641272897385,56.0,60.202815847191395,0.7923763026894255,0.6618050635474125,0.6853523288782831
scope_20260817_114548,sweep_1186,4,2200.0,2142.2212394807193,58.0,55.54508888650938,0.7433316134561618,0.7127662820627179,0.7935362806043028
scope_20260817_114548,sweep_1187,4,2200.0,2413.511422210389,58.0,58.60523237500867,0.7433316134561618,0.6320563430908872,0.7639081322472624
scope_20260817_114548,sweep_1188,4,2100.0,2110.990952027452,58.0,61.594857323923996,0.726241245881527,0.6367573903691571,0.651810759533222
scope_20260817_114548,sweep_1189,4,2100.0,2199.8751531656694,58.0,54.784070880447075,0.726241245881527,0.795215893353724,0.8244254151251872
scope_20260817_114548,sweep_1190,4,2100.0,2290.4165898913143,58.0,58.00078657308236,0.726241245881527,0.7830874890048573,0.7584338935286818
scope_20260817_114548,sweep_1191,4,2100.0,2264.2782604163176,58.0,58.417237292847965,0.726241245881527,0.7326253226471285,0.7442836041372732
scope_20260817_114548,sweep_1192,4,2100.0,2025.438849985994,57.0,56.47610549730026,0.7496595740076709,0.7240260151728943,0.748699566657288
scope_20260817_114548,sweep_1193,4,2100.0,2097.9325908626397,57.0,57.82318350779743,0.7496595740076709,0.804440426642673,0.7299464332371282
scope_20260817_114548,sweep_1201,4,1800.0,1661.1205409649635,58.0,62.24059802353188,0.6723687427209775,0.5961803731407922,0.567118213959771
scope_20260817_114548,sweep_1202,4,1800.0,1895.0913045585962,58.0,56.77378794462202,0.6723687427209775,0.704759884622007,0.717319480479972
scope_20260817_114548,sweep_1203,4,1800.0,1864.0191471888863,58.0,53.745016875728034,0.6723687427209775,0.7257850561211776,0.7854631532606985
scope_20260817_114548,sweep_1204,4,1800.0,1805.8068893874215,58.0,55.08391830806553,0.6723687427209775,0.7514929273581086,0.7396268366228982
scope_20260817_114548,sweep_1205,4,1800.0,2297.8308377160924,58.0,60.185724158308034,0.6723687427209775,0.6334871858058045,0.7097788382314366
scope_20260817_114548,sweep_1206,4,1800.0,1919.1554856836547,58.0,61.82960410259646,0.6723687427209775,0.6377520186305198,0.6171202409419864
scope_20260817_114548,sweep_1224,4,1400.0,1274.994242587604,58.0,53.71196371573883,0.5929734941909588,0.6600415659939731,0.6503298358760058
scope_20260817_114548,sweep_1225,4,1400.0,1510.2007471603956,58.0,55.24029278217776,0.5929734941909588,0.7302195771607012,0.6729324241510838
scope_20260817_114548,sweep_1226,4,1400.0,1459.1379661469919,57.0,58.46563423935646,0.6120944790369989,0.6191169430541386,0.5965719646965001
scope_20260817_114548,sweep_1227,4,1400.0,1387.1051590805928,57.0,54.853164779004395,0.6120944790369989,0.6312812640354271,0.6531611803266797
scope_20260817_114548,sweep_1228,4,1400.0,1236.7936708595755,57.0,55.00851232320045,0.6120944790369989,0.6816513573668787,0.6136195655355279
scope_20260817_114548,sweep_1229,4,1400.0,1482.9476696194588,56.0,56.659845961372056,0.6320976215921045,0.6397340827868957,0.6368647168709922
scope_20260817_114548,sweep_1235,4,1200.0,1203.3965576110752,55.0,55.25568149576434,0.6045920795389138,0.6215378076247935,0.6003990447830976
scope_20260817_114548,sweep_1236,4,1200.0,1215.1256945599669,57.0,58.23144463206831,0.5666893716522622,0.5483219400062637,0.5484252833475604
scope_20260817_114548,sweep_1237,4,1200.0,1195.2032103477673,58.0,61.87436643568747,0.5489867795543519,0.5368797715585173,0.4863539491193671
scope_20260817_114548,sweep_1238,4,1200.0,1176.5755062177288,58.0,54.39256657407609,0.5489867795543519,0.5185916834423777,0.6107595374814634
scope_20260817_114548,sweep_1239,4,1200.0,1153.759139690905,58.0,56.49722902460038,0.5489867795543519,0.5253212505559028,0.564690572735757
scope_20260817_114548,sweep_1240,4,1200.0,991.30657008591,58.0,61.82936840538584,0.5489867795543519,0.4846540488186466,0.43218571573718256
scope_20260817_114548,sweep_1293,4,100.0,28.926938240226487,58.0,58.297433789460406,0.07243880262993393,0.045578384834304694,0.0256322917955337
scope_20260817_114548,sweep_1294,4,100.0,179.53450932637094,58.0,64.32618703751781,0.07243880262993393,0.06211839782608509,0.09721557344375932
scope_20260817_114548,sweep_1295,4,100.0,148.6467998266017,58.0,58.975718226311734,0.07243880262993393,0.12081442583880456,0.09763028137809286
scope_20260817_114548,sweep_1296,4,100.0,79.46032278037454,57.0,63.43601513837211,0.07477465956269964,0.024847924438978285,0.05072465279809349
scope_20260817_114548,sweep_1297,4,100.0,85.98971306697187,57.0,57.59792216668837,0.07477465956269964,0.05565705652317134,0.06472648907129326
scope_20260817_114548,sweep_1298,4,100.0,83.49206556987734,57.0,68.91491400925074,0.07477465956269964,0.06408164952787873,0.04523346540478324
scope_20260817_114548,sweep_1310,4,100.0,21.867354282963227,64.0,62.17446317595226,0.06038365996563974,0.009131723593414038,0.018045194338716715
scope_20260817_114548,sweep_1311,4,100.0,112.36519820448687,63.0,68.62179425694349,0.0621836853051411,0.06842154826857076,0.058347196709531715
scope_20260817_114548,sweep_1312,4,100.0,96.08505909778418,63.0,62.2238209262083,0.0621836853051411,0.053912051044868736,0.06155947249617525
scope_20260817_114548,sweep_1341,4,700.0,756.8139761734682,63.0,57.816732146270404,0.3126855631189179,0.41689732794473067,0.3908811816216803
scope_20260817_114548,sweep_1342,4,700.0,691.220380654567,63.0,62.961985032583215,0.3126855631189179,0.28809697152302927,0.3097749812088938
scope_20260817_114548,sweep_1343,4,700.0,726.4076529133952,63.0,73.34331164759894,0.3126855631189179,0.22994345124654508,0.24203205699867827
scope_20260817_114548,sweep_1344,4,700.0,709.9563891125399,63.0,61.27210131776281,0.3126855631189179,0.3310788932851158,0.33314087399718756
scope_20260817_114548,sweep_1345,4,700.0,872.736862088491,62.0,54.5322634941644,0.3221276777457189,0.5264859600592687,0.48920298437401405
scope_20260817_114548,sweep_1346,4,700.0,748.7238974875984,62.0,61.11913406794237,0.3221276777457189,0.2764839095482865,0.34978586129040945
scope_20260817_114548,sweep_1353,4,900.0,1094.2145418394412,61.0,56.48342944288422,0.4089821856011116,0.597322249518956,0.5501700499281127
scope_20260817_114548,sweep_1354,4,900.0,860.93291241857,62.0,67.56203509279166,0.39684229389378844,0.3247591368433539,0.3256752518809333
scope_20260817_114548,sweep_1355,4,900.0,975.805865745667,63.0,56.92970641566137,0.3852101657453167,0.4756292699695138,0.4964800264441399
scope_20260817_114548,sweep_1356,4,900.0,937.9393335938521,63.0,60.78142743493058,0.3852101657453167,0.32166782860991067,0.42606016297791083
scope_20260817_114548,sweep_1357,4,900.0,895.2551242924272,63.0,60.96053670329424,0.3852101657453167,0.3583654235905167,0.407679479763983
scope_20260817_114548,sweep_1367,4,1200.0,1381.9158393315752,63.0,60.664322422443156,0.4712670543560837,0.5274523182194971,0.5424435333275123
scope_20260817_114548,sweep_1368,4,1200.0,1231.917418777201,63.0,61.843137144894904,0.4712670543560837,0.49997052979504897,0.4942300776159787
scope_20260817_114548,sweep_1369,4,1200.0,1244.0392505608686,63.0,62.95656057539527,0.4712670543560837,0.5012314401372351,0.48045346821244395
scope_20260817_114548,sweep_1370,4,1200.0,1247.315330456961,63.0,61.30719039732679,0.4712670543560837,0.5138549395571681,0.5053977869244405
scope_20260817_114548,sweep_1400,4,1800.0,1840.6056700015545,63.0,63.22051900258994,0.5771819078784348,0.5533860722118211,0.5798688082464011
scope_20260817_114548,sweep_1401,4,1800.0,1905.123933687169,63.0,60.364323127045466,0.5771819078784348,0.672463445047077,0.6427636514140755
scope_20260817_114548,sweep_1402,4,1800.0,1628.6509719467008,63.0,61.595087597981184,0.5771819078784348,0.6069995456665824,0.5725182575513911
scope_20260817_114548,sweep_1403,4,1800.0,1611.37172730704,62.0,59.67166567744492,0.594610975214784,0.5996854724959612,0.6038464933081193
scope_20260817_114548,sweep_1404,4,1800.0,1908.4167919243478,62.0,64.13932352606757,0.594610975214784,0.5308189126093152,0.5747665384723403
scope_20260817_114548,sweep_1405,4,1900.0,1819.0211898483888,62.0,59.497519451104466,0.6109047036555089,0.6759675764668529,0.6450352662628509
scope_20260817_114548,sweep_1406,4,1900.0,2062.8107408470273,61.0,59.19663893416065,0.6295930265988722,0.6168910995232404,0.6933341195642967
scope_20260817_114548,sweep_1407,4,1900.0,2167.7990603604567,61.0,62.32353929316727,0.6295930265988722,0.6599445356810594,0.6462609905029695
scope_20260817_114548,sweep_1408,4,1900.0,1949.6160366597276,60.0,63.143043206811804,0.6491060965622221,0.5860083270089865,0.5981584795529631
scope_20260817_114548,sweep_1409,4,1900.0,2008.2255574215499,60.0,61.07602553839942,0.6491060965622221,0.6568469099744961,0.6457858752512996
scope_20260817_114548,sweep_1410,4,1900.0,1981.7667431614486,60.0,60.950443519575195,0.6491060965622221,0.6392283279858808,0.6439650129784619
scope_20260817_114548,sweep_1425,4,2300.0,2729.516083522007,62.0,62.91818883241748,0.6721413075824307,0.7211744044886732,0.7124758258244135
scope_20260817_114548,sweep_1426,4,2300.0,2091.7702918060786,63.0,59.504551679261986,0.652439693253559,0.7222020473485292,0.6915556712887142
scope_20260817_114548,sweep_1427,4,2300.0,2661.0035981055435,63.0,61.86204465194652,0.652439693253559,0.6703801330648029,0.7259635072840279
scope_20260817_114548,sweep_1428,4,2300.0,2581.21093865383,63.0,62.74276942174554,0.652439693253559,0.6590723011703102,0.6964596635623811
scope_20260817_114548,sweep_1429,4,2300.0,2684.4788060793016,63.0,58.899458811471355,0.652439693253559,0.8569374006408199,0.7982831173724951
scope_20260817_114548,sweep_1430,4,2300.0,2363.156854666036,63.0,59.06553206106024,0.652439693253559,0.6903068436782953,0.7451232785912418
scope_20260817_114548,sweep_1448,4,2700.0,2586.708758790462,62.0,60.012105947839586,0.7282467423674579,0.765962751118883,0.7570963555057924
scope_20260817_114548,sweep_1449,4,2700.0,2226.0343632945824,61.0,60.91488883997572,0.7505247019614472,0.6746218557089636,0.6832358060962777
scope_20260817_114548,sweep_1450,4,2700.0,2284.637764763002,61.0,60.225437695890875,0.7505247019614472,0.7684149880764263,0.706877670980742
scope_20260817_114548,sweep_1451,4,2700.0,2708.859906456634,60.0,62.65863705812215,0.7737858252583649,0.672467718851054,0.7152563373705211
scope_20260817_114548,sweep_1452,4,2700.0,2614.478312785609,60.0,62.75545799157246,0.7737858252583649,0.6716515724753005,0.7006696789890849
scope_20260817_114548,sweep_1483,4,2600.0,2691.6508504262933,61.0,62.06100049192271,0.7364949657772754,0.7382083895911044,0.7257936460074024
scope_20260817_114548,sweep_1484,4,2600.0,2550.482517451869,62.0,63.30133572177146,0.7146334533635168,0.6764122945945426,0.6809675925485491
scope_20260817_114548,sweep_1485,4,2600.0,2680.448041483467,63.0,57.81295408914606,0.6936863213752763,0.8266918696901577,0.8253522290773566
scope_20260817_114548,sweep_1486,4,2600.0,2637.6916886947965,63.0,58.99504107280751,0.6936863213752763,0.729550537104489,0.7889440917237397
scope_20260817_114548,sweep_1487,4,2600.0,2515.542871290558,63.0,63.74484273902309,0.6936863213752763,0.6789383366742563,0.6675364736337991
scope_20260817_114548,sweep_1488,4,2600.0,2597.58895674302,63.0,62.65107870760669,0.6936863213752763,0.7221172712946209,0.7005693266712822
scope_20260817_114548,sweep_1501,4,2300.0,2356.249497016782,63.0,61.851518321551865,0.652439693253559,0.7164120400256043,0.6833446828661652
scope_20260817_114548,sweep_1502,4,2300.0,2645.538747530402,63.0,61.43612523858681,0.652439693253559,0.7467238795176897,0.7331826984527549
scope_20260817_114548,sweep_1503,4,2300.0,2446.258435754554,63.0,66.35178212587468,0.652439693253559,0.6605383465133439,0.6106539469215344
scope_20260817_114548,sweep_1504,4,2300.0,2308.7917474716355,63.0,63.05304267948375,0.652439693253559,0.5988757972517013,0.6526616565631785
scope_20260817_114548,sweep_1505,4,2300.0,2649.219001627755,62.0,63.08752179480344,0.6721413075824307,0.6813679628070439,0.6984131328568999
scope_20260817_114548,sweep_1523,4,1900.0,2102.094403907985,62.0,61.107156640531365,0.6109047036555089,0.6687354807134248,0.660083493366537
scope_20260817_114548,sweep_1524,4,1900.0,2020.8860102467322,61.0,63.549540630692846,0.6295930265988722,0.5581366134371112,0.6017510489414869
scope_20260817_114548,sweep_1525,4,1900.0,2434.120694851358,61.0,60.506896354239856,0.6295930265988722,0.6960644578723812,0.7233846291609717
scope_20260817_114548,sweep_1526,4,1900.0,2019.2249268765945,60.0,63.40288296084375,0.6491060965622221,0.5713941692489974,0.6041012836084687
scope_20260817_114548,sweep_1527,4,1900.0,2218.578665114205,60.0,61.213525372269665,0.6491060965622221,0.6975993319384495,0.6759461920218598
scope_20260817_114548,sweep_1528,4,1900.0,2099.2309416405897,60.0,61.36007405062204,0.6491060965622221,0.6507392221464788,0.6546087182018882
scope_20260817_114548,sweep_1554,4,1300.0,1132.6765299728738,61.0,56.57899084814407,0.5207805846108657,0.5363516632170504,0.558039108374233
scope_20260817_114548,sweep_1555,4,1300.0,1490.6987470634695,61.0,63.01415520751195,0.5207805846108657,0.48666146348645417,0.525036734598369
scope_20260817_114548,sweep_1556,4,1300.0,1249.0255861149783,60.0,63.65916207073813,0.5369212144363935,0.4774258843394767,0.47155790826148847
scope_20260817_114548,sweep_1557,4,1300.0,1513.452793279171,60.0,61.78423647035538,0.5369212144363935,0.5776885375749119,0.5487701944542951
scope_20260817_114548,sweep_1558,4,1300.0,1270.9902048117933,60.0,60.902609365377714,0.5369212144363935,0.5160790629490892,0.516461206695365
scope_20260817_114548,sweep_1571,4,1000.0,1022.6497940488201,60.0,62.220085219353074,0.470911056857508,0.42005751770556676,0.44524846340845625
scope_20260817_114548,sweep_1572,4,1000.0,1075.2634334782867,60.0,66.11964084182095,0.470911056857508,0.3811200465472255,0.4075329144545025
scope_20260817_114548,sweep_1573,4,1000.0,1076.792840946491,60.0,65.39779795713656,0.470911056857508,0.44932566398788854,0.4163145731033443
scope_20260817_114548,sweep_1574,4,1000.0,1128.8196185279617,60.0,64.57853101759997,0.470911056857508,0.47813121404693876,0.4364401713116545
scope_20260817_114548,sweep_1575,4,1000.0,1030.309465114379,61.0,62.75515728731567,0.45675478803236264,0.4469892238006247,0.43985397344344623
scope_20260817_114548,sweep_1576,4,1000.0,991.5977995964839,62.0,62.36648513339574,0.4431968535825665,0.4280191674956464,0.4254034213944509
scope_20260817_114548,sweep_1582,4,800.0,700.018013363886,62.0,62.03520616932928,0.3598830212128056,0.349317699533612,0.32179525896711114
scope_20260817_114548,sweep_1583,4,800.0,696.690122224889,62.0,63.94351882434248,0.3598830212128056,0.349396602978101,0.30294136647615355
scope_20260817_114548,sweep_1584,4,800.0,768.0733219210713,61.0,59.83939665318912,0.37089228351184134,0.36494008249969084,0.3715078798601093
scope_20260817_114548,sweep_1585,4,800.0,729.5104512081192,61.0,60.75960614818337,0.37089228351184134,0.3290636830401341,0.34607505493195284
scope_20260817_114548,sweep_1586,4,800.0,733.7375269880969,61.0,58.80670874250505,0.37089228351184134,0.38978126944551916,0.36930206584355857
scope_20260817_114548,sweep_1587,4,800.0,820.3269339819634,60.0,60.71490908445833,0.38238740301170226,0.3260635717996104,0.3819917667301291
scope_20260817_114548,sweep_1602,4,400.0,505.58920200086686,60.0,60.546267104013346,0.21510409609821743,0.2862044075166297,0.2569382026858174
scope_20260817_114548,sweep_1603,4,400.0,399.53104876859624,60.0,61.08146073089713,0.21510409609821743,0.20961820992530908,0.20792070017387607
scope_20260817_114548,sweep_1604,4,400.0,422.9361537887386,61.0,62.223817480964165,0.20863775523530226,0.19156820271619662,0.2106195413797776
scope_20260817_114548,sweep_1605,4,400.0,442.53570311127635,62.0,67.11845726006739,0.20244472325545487,0.19100222268487116,0.18979730487777233
scope_20260817_114548,sweep_1606,4,400.0,386.34710132007666,63.0,64.33604567220532,0.19651072125989233,0.18997716593004496,0.18359466550086714
scope_20260817_114548,sweep_1607,4,400.0,351.9138373874585,63.0,68.61253425171401,0.19651072125989233,0.14373866518626363,0.1505388390602543
scope_20260817_114548,sweep_1701,4,1300.0,1286.6688906459453,66.0,64.15390054086858,0.4496295020591513,0.49159223056786333,0.47174121340766784
scope_20260817_114548,sweep_1702,4,1300.0,1177.4195369048687,67.0,63.35193756437627,0.4370888879080623,0.4770976350979191,0.46199145644757444
scope_20260817_114548,sweep_1703,4,1300.0,1196.0269101418407,68.0,69.07926695533189,0.4250464762903103,0.4442618197975922,0.39573747098338
scope_20260817_114548,sweep_1704,4,1300.0,1179.7275091101267,68.0,68.22697790152286,0.4250464762903103,0.389633152006582,0.4023670753232745
scope_20260817_114548,sweep_1705,4,1300.0,1232.1134927995413,68.0,69.37425710088634,0.4250464762903103,0.4456616406959889,0.3984357117367468
scope_20260817_114548,sweep_1764,4,2500.0,2714.7613499504664,66.0,68.94931824794038,0.6235239325521582,0.5807720631966207,0.5983427676948481
scope_20260817_114548,sweep_1765,4,2500.0,2542.855908128161,67.0,65.38976409736841,0.6061332297261733,0.667376934112662,0.6399064371812685
scope_20260817_114548,sweep_1766,4,2500.0,2427.9284744438214,68.0,62.98842520617452,0.5894334095076933,0.6452868329514339,0.6705682869677559
scope_20260817_114548,sweep_1802,4,2800.0,2494.5697970325045,65.0,68.61352760967794,0.6790498216339486,0.6053056534379486,0.5788850567957616
scope_20260817_114548,sweep_1803,4,2800.0,2684.7502233278833,65.0,63.729984661210295,0.6790498216339486,0.6732696731510592,0.6899220988954804
scope_20260817_114548,sweep_1804,4,2800.0,2744.568300054451,64.0,67.23408269964162,0.6990342395657941,0.6210624821097559,0.6309303337732151
scope_20260817_114548,sweep_1805,4,2800.0,2358.0885495948646,65.0,64.21390420719662,0.6790498216339486,0.6408633650693966,0.6375167605402935
scope_20260817_114548,sweep_1806,4,2800.0,2288.0164143740217,65.0,65.23966230996702,0.6790498216339486,0.5425731919599395,0.6096164640586047
scope_20260817_114548,sweep_1833,4,2200.0,2292.7644032338508,67.0,70.00297022137013,0.5686033706520638,0.5721229221801103,0.5343023448107248
scope_20260817_114548,sweep_1834,4,2200.0,2024.1053631426098,68.0,71.00758083719394,0.5529375506642684,0.564561583325459,0.48862582497746
scope_20260817_114548,sweep_1835,4,2200.0,2032.3031201306862,68.0,67.3719807746635,0.5529375506642684,0.5523636186249985,0.5408307652676372
scope_20260817_114548,sweep_1836,4,2200.0,2351.9756709770877,68.0,67.14493880069658,0.5529375506642684,0.6062739714309929,0.5855265263145404
scope_20260817_114548,sweep_1837,4,2200.0,2528.100837267622,67.0,67.6085577770345,0.5686033706520638,0.6122862521009221,0.5992300051037269
scope_20260817_114548,sweep_1838,4,2100.0,2406.9856089921586,67.0,66.64185603137308,0.5555302812896493,0.544596030987586,0.6007822167023124
scope_20260817_114548,sweep_1839,4,2100.0,2159.8292852467157,66.0,66.87847022040373,0.571469123707361,0.5355920673781367,0.5653177836429728
scope_20260817_114548,sweep_1840,4,2100.0,1986.531523222817,66.0,66.66671657917315,0.571469123707361,0.5295658541377792,0.5454101666836124
scope_20260817_114548,sweep_1841,4,2100.0,2327.9986837238334,66.0,71.37864904129727,0.571469123707361,0.4886546161506699,0.5188577017772118
scope_20260817_114548,sweep_1842,4,2100.0,2085.621618120599,65.0,68.19509210137807,0.5880743959702913,0.5342268321206841,0.5354671522122879
scope_20260817_114548,sweep_1843,4,2100.0,2303.821383926139,65.0,67.69996541889407,0.5880743959702913,0.6198728713061793,0.5705763996102522
scope_20260817_114548,sweep_1861,4,1700.0,1626.7923700904532,67.0,68.0323458138992,0.4998302658715574,0.47109132913460655,0.47505166674609867
scope_20260817_114548,sweep_1862,4,1700.0,1606.2388546933569,67.0,65.53611415416441,0.4998302658715574,0.5009223565551773,0.5064531964686806
scope_20260817_114548,sweep_1863,4,1700.0,1661.5465808610816,68.0,66.87142114990623,0.48605924133363365,0.5196936556008163,0.49593571976883766
scope_20260817_114548,sweep_1864,4,1700.0,1704.2823939053742,68.0,67.14071361354358,0.48605924133363365,0.5200481149013496,0.4984853896116305
scope_20260817_114548,sweep_1865,4,1700.0,1502.167063505686,68.0,66.23503211333977,0.48605924133363365,0.45903473453351695,0.48011036433386917
scope_20260817_114548,sweep_1890,4,1100.0,1176.638755490731,68.0,66.97540471516214,0.3909858916473844,0.442376199812367,0.41612133868610657
scope_20260817_114548,sweep_1891,4,1100.0,1101.5975503482127,67.0,68.54652807750516,0.40206329919360223,0.3759247976044924,0.38539683061411795
scope_20260817_114548,sweep_1892,4,1100.0,978.7073726417825,67.0,66.67607711032717,0.40206329919360223,0.3564823412578317,0.37136641409575744
scope_20260817_114548,sweep_1893,4,1100.0,1087.5658403757106,66.0,65.34076078799845,0.4135989864164753,0.4037820281392836,0.41907715194660344
scope_20260817_114548,sweep_1894,4,1100.0,1159.2170617443887,66.0,65.04084266806255,0.4135989864164753,0.4224021650537777,0.4364091844840663
scope_20260817_114548,sweep_1895,4,1100.0,1043.1633059666487,65.0,69.79472369644218,0.4256170001502051,0.3388368897519966,0.3624405060270524
scope_20260817_114548,sweep_1933,4,300.0,301.6721828753642,67.0,69.22092116715125,0.1379141194325498,0.14200294582570658,0.1302767342923196
scope_20260817_114548,sweep_1934,4,300.0,206.29902409410116,66.0,59.2684325466087,0.1418710439978675,0.11856727828355951,0.12699251557291896
scope_20260817_114548,sweep_1935,4,300.0,332.35812866678094,66.0,73.15767377528877,0.1418710439978675,0.10584340803061755,0.1270943659592876
scope_20260817_114548,sweep_1936,4,300.0,297.06705604948337,65.0,67.73729283228691,0.14599341424339826,0.15169210183018536,0.13400066465186736
scope_20260817_114548,sweep_1937,4,300.0,346.7303171943939,65.0,60.81387954988,0.14599341424339826,0.16051318850777138,0.18635050251611973
scope_20260817_114548,sweep_1944,4,100.0,89.28874657567273,68.0,71.05077862122185,0.05388461001007895,0.040448189220902646,0.045135599728266536
scope_20260817_114548,sweep_1945,4,100.0,-1.9274108546720372,68.0,72.269034507832,0.05388461001007895,0.010858800292651719,0.0010502927843869707
scope_20260817_114548,sweep_1946,4,100.0,114.65292055798837,68.0,72.79844297236791,0.05388461001007895,0.04052449873713831,0.05303463784860241
scope_20260817_114548,sweep_1947,4,100.0,115.66656548627172,68.0,69.09169694908128,0.05388461001007895,0.060035265534245354,0.058999904706193644
scope_20260817_114548,sweep_1948,4,100.0,134.5854312810868,67.0,69.35159815382677,0.055411268128190735,0.07870733730672679,0.06643087439384113
scope_20260817_114548,sweep_1949,4,100.0,89.68183435499753,67.0,71.83763772446106,0.055411268128190735,0.04679527787553719,0.04436145961448881
scope_20260817_114548,sweep_1961,4,100.0,44.93655608367107,74.0,71.67068234341059,0.04588831594094421,0.03591443739821827,0.025109718880558997
scope_20260817_114548,sweep_1962,4,100.0,121.07477044133732,73.0,74.35160765605562,0.04709559965303381,0.05860973211698624,0.05329703895669721
scope_20260817_114548,sweep_1963,4,100.0,98.96089122470057,73.0,75.08994190992517,0.04709559965303381,0.04202757281267385,0.04423812595349284
scope_20260817_114548,sweep_1964,4,100.0,107.49769006701838,72.0,69.16050564820705,0.0483498136123364,0.06786448781046674,0.05541556753483982
scope_20260817_114548,sweep_1965,4,100.0,150.7495524448067,72.0,58.37989882343765,0.0483498136123364,0.0967356419549375,0.10063167058409517
scope_20260817_114548,sweep_1972,4,300.0,257.5405673059496,71.0,68.70253623333554,0.12358296507673766,0.08794190269958833,0.11588621212622799
scope_20260817_114548,sweep_1973,4,300.0,297.1866232083394,72.0,72.79286487196424,0.12033873604276614,0.10428660278033569,0.11693585199960907
scope_20260817_114548,sweep_1974,4,300.0,345.6744245254054,72.0,71.45998091286667,0.12033873604276614,0.15867303615332112,0.13731252952884246
scope_20260817_114548,sweep_1975,4,300.0,262.71692712831276,73.0,69.29035547869638,0.11721709996367363,0.10093719770244657,0.11593198002162028
scope_20260817_114548,sweep_1976,4,300.0,234.41845317453746,73.0,78.02251566611264,0.11721709996367363,0.10185428301985072,0.08409256157356565
scope_20260817_114548,sweep_1977,4,300.0,285.0080281000031,72.0,80.56072112034863,0.12033873604276614,0.08429838427362904,0.09299437103199881
scope_20260817_114548,sweep_2026,4,1300.0,1223.030480604934,73.0,73.00495591424345,0.37149417389412137,0.35343390003487984,0.3602821481576163
scope_20260817_114548,sweep_2027,4,1300.0,1276.6227427875779,72.0,68.12614178723696,0.38138752236256107,0.44879119918002525,0.4197359301069762
scope_20260817_114548,sweep_2028,4,1300.0,1256.6351324043217,72.0,71.92702292490313,0.38138752236256107,0.3835723895738545,0.37569706128572566
scope_20260817_114548,sweep_2029,4,1300.0,1187.5402206109843,71.0,73.56872763848361,0.3916694026110238,0.3223357429999316,0.3498434176777746
scope_20260817_114548,sweep_2030,4,1300.0,1190.781454020483,71.0,71.89110421114536,0.3916694026110238,0.4041795527386019,0.36606832582075255
scope_20260817_114548,sweep_2031,4,1300.0,1321.8126660659727,70.0,72.61494881645147,0.40235924762448805,0.3793863960693262,0.37839394461133347
scope_20260817_114548,sweep_2037,4,1500.0,1259.4016097983952,72.0,69.99490051660554,0.40967591630531525,0.42243614869326884,0.3960813873339056
scope_20260817_114548,sweep_2038,4,1500.0,1553.9402591170292,72.0,70.74925391521546,0.40967591630531525,0.4068816818606573,0.4311060115924928
scope_20260817_114548,sweep_2039,4,1500.0,1612.85720938936,73.0,73.67246601356722,0.39904875531685785,0.3826153688747995,0.40661108852923056
scope_20260817_114548,sweep_2040,4,1500.0,1582.888606420965,72.0,74.84633633515455,0.40967591630531525,0.3569504749881458,0.3908290491164612
scope_20260817_114548,sweep_2041,4,1500.0,1559.3105014142152,72.0,76.04394164258254,0.40967591630531525,0.3696057573018054,0.3762966856871766
scope_20260817_114548,sweep_2042,4,1500.0,1529.3880909865281,71.0,70.14688942194697,0.42072042737383986,0.42420301958473366,0.4346847907462203
scope_20260817_114548,sweep_2056,4,1900.0,2127.720655210638,69.0,65.78343369373789,0.4998701122444385,0.5808521831463459,0.5787902466392636
scope_20260817_114548,sweep_2057,4,1900.0,1826.5228815776256,70.0,67.59011336633714,0.48642861116113334,0.47040499672971287,0.5096035316284839
scope_20260817_114548,sweep_2058,4,1900.0,1931.0493809134414,71.0,69.11702735965399,0.4735052187099175,0.5170939376477988,0.5023242843840124
scope_20260817_114548,sweep_2059,4,1900.0,2040.7993864886644,71.0,69.32393024599318,0.4735052187099175,0.4966439836991684,0.5134875611308101
scope_20260817_114548,sweep_2060,4,1900.0,2076.4140401839936,72.0,70.31039776416365,0.4610750316099245,0.5099564423677172,0.5042595484468603
scope_20260817_114548,sweep_2061,4,1900.0,1863.1568250824669,72.0,73.36770088515006,0.4610750316099245,0.42809387292973133,0.440496351336824
scope_20260817_114548,sweep_2090,4,2500.0,2545.678975378965,71.0,71.98147706533426,0.543147736209383,0.524205197376403,0.5339607720701001
scope_20260817_114548,sweep_2091,4,2500.0,2602.5090931070245,71.0,68.6254051412003,0.543147736209383,0.5491270791494148,0.591083045907161
scope_20260817_114548,sweep_2092,4,2500.0,2642.597239855733,70.0,69.97623666316368,0.5579718840258477,0.5681106208127908,0.5740337593692134
scope_20260817_114548,sweep_2093,4,2500.0,2539.6397331445046,70.0,69.12457683342272,0.5579718840258477,0.5637517233752989,0.5759486359728307
scope_20260817_114548,sweep_2094,4,2500.0,2703.783097572069,69.0,70.4080132218001,0.5733903432025897,0.5720929726747409,0.5739044314789721
scope_20260817_114548,sweep_2095,4,2500.0,2304.511574053718,70.0,69.47877602109945,0.5579718840258477,0.5226850274930154,0.5433553441920494
scope_20260817_114548,sweep_2101,4,2700.0,2755.8524406972083,70.0,69.75268472248709,0.5798613913966185,0.5460081979633191,0.5897725402865757
scope_20260817_114548,sweep_2102,4,2700.0,2643.5043899506363,70.0,68.84273027063153,0.5798613913966185,0.5657691176317586,0.5921686397144198
scope_20260817_114548,sweep_2103,4,2700.0,2694.804982552701,69.0,67.70476891535772,0.5958847241977447,0.6408004483197761,0.6170138838037296
scope_20260817_114548,sweep_2104,4,2800.0,2414.946998907941,70.0,68.42927615191337,0.5905019374794266,0.5559437952696439,0.5724741058846535
scope_20260817_114548,sweep_2105,4,2800.0,2407.8362486804217,70.0,66.67212658142252,0.5905019374794266,0.6143130277397296,0.6003750714955154
scope_20260817_114548,sweep_2106,4,2800.0,2499.5213723567635,71.0,67.63252293916973,0.5748135340710958,0.5377437562323,0.5954351129198262
scope_20260817_114548,sweep_2107,4,2800.0,2591.362909113503,72.0,74.58782611367982,0.5597238592506601,0.4825671628895672,0.503383810619807
scope_20260817_114548,sweep_2108,4,2800.0,2258.666394890966,72.0,72.11279254402392,0.5597238592506601,0.5191281354844086,0.5012178024257888
scope_20260817_114548,sweep_2132,4,2700.0,2671.8462633881045,71.0,69.52157423051392,0.5644556850784016,0.4936570354132481,0.584377635459918
scope_20260817_114548,sweep_2133,4,2700.0,2619.8115816295776,72.0,66.7193173296473,0.5496379185619196,0.6244058492055217,0.6254115289792749
scope_20260817_114548,sweep_2134,4,2700.0,2707.7218493647147,72.0,68.08810644194645,0.5496379185619196,0.5790901828349851,0.6119344775004615
scope_20260817_114548,sweep_2135,4,2700.0,2431.637234684943,72.0,72.82276490553436,0.5496379185619196,0.5333072212017723,0.5104377255453338
scope_20260817_114548,sweep_2136,4,2700.0,2647.158163970844,72.0,71.74854709547914,0.5496379185619196,0.527697183706062,0.5478689366131126
scope_20260817_114548,sweep_2137,4,2700.0,2497.802126030746,72.0,71.3763395183858,0.5496379185619196,0.5313483399717481,0.537480409783784
scope_20260817_114548,sweep_2168,4,2000.0,1743.0023250501863,72.0,66.11680176540686,0.4730530011187607,0.5331695532702766,0.5189067013579853
scope_20260817_114548,sweep_2169,4,2000.0,2224.778319530794,73.0,74.28205066055887,0.46078181260394596,0.4723978984812413,0.47009839985117047
scope_20260817_114548,sweep_2170,4,2000.0,1856.1654642375393,72.0,75.42589144345095,0.4730530011187607,0.4464185707434774,0.41702293910407945
scope_20260817_114548,sweep_2171,4,2000.0,1948.5751594640965,72.0,71.48936710589645,0.4730530011187607,0.492703492061727,0.47329871749464425
scope_20260817_114548,sweep_2172,4,2000.0,2055.6675587171467,72.0,72.86748537239224,0.4730530011187607,0.48819523867184,0.46877179433510974
scope_20260817_114548,sweep_2173,4,2000.0,1807.1342137833403,71.0,73.41903770157434,0.48580610399572166,0.4119260112837643,0.43324453315649397
scope_20260817_114548,sweep_2208,4,1300.0,1231.578784844549,73.0,68.24914188095006,0.37149417389412137,0.41379627584833134,0.41086221631135933
scope_20260817_114548,sweep_2209,4,1300.0,1449.7108528104127,73.0,64.02176728670553,0.37149417389412137,0.46928624524131246,0.5026714673350916
scope_20260817_114548,sweep_2210,4,1300.0,1071.106340099093,72.0,71.92580038829877,0.38138752236256107,0.348483848997025,0.346867448481059
scope_20260817_114548,sweep_2211,4,1300.0,1421.2982959378485,72.0,74.15469160199733,0.38138752236256107,0.36728424233029416,0.37697461761548107
scope_20260817_114548,sweep_2212,4,1300.0,1251.3402113093389,72.0,72.23224215452282,0.38138752236256107,0.3868761336299814,0.37189411654825927
scope_20260817_114548,sweep_2291,4,200.0,105.20221576075811,75.0,81.02748709497781,0.07950834074041588,0.027160442360325988,0.0402136537300442
scope_20260817_114548,sweep_2292,4,200.0,204.52056224968436,75.0,78.13042716345025,0.07950834074041588,0.08880392449612741,0.07488988243256783
scope_20260817_114548,sweep_2293,4,200.0,172.61832303175947,74.0,82.50333337712276,0.08157498755033503,0.04441656539752125,0.05858206577455523
scope_20260817_114548,sweep_2294,4,200.0,201.47142680300763,75.0,74.89779113693353,0.07950834074041588,0.0842811277697963,0.08020250654019388
scope_20260817_114548,sweep_2295,4,200.0,205.83466633449112,75.0,83.14427638913422,0.07950834074041588,0.05088544464654793,0.06679124252735544
scope_20260817_114548,sweep_2296,4,200.0,235.09268145219048,76.0,77.0900253133444,0.07751752981060002,0.07526439213453892,0.0862613973997474
scope_20260817_114548,sweep_2320,4,700.0,706.2133386395723,75.0,75.67778801249358,0.2248998506702201,0.2198315162938786,0.22268761188758016
scope_20260817_114548,sweep_2321,4,700.0,761.8220987256706,76.0,84.30753562782607,0.21926857882303089,0.20788191796243502,0.19265951564416878
scope_20260817_114548,sweep_2322,4,700.0,700.2464072376586,77.0,79.63858339894708,0.21384195839869813,0.23873401572601508,0.20049663117462527
scope_20260817_114548,sweep_2323,4,700.0,689.8607058719738,77.0,80.66803339319351,0.21384195839869813,0.17817549819736467,0.1931896913330834
scope_20260817_114548,sweep_2324,4,700.0,681.5262370037906,77.0,82.88104451070397,0.21384195839869813,0.21060832297046417,0.18152927688145956
scope_20260817_114548,sweep_2338,4,1100.0,1127.8446664490875,75.0,72.82005606068707,0.32452946695647733,0.3214182224124591,0.34765527058420753
scope_20260817_114548,sweep_2339,4,1100.0,1023.0107621660256,74.0,78.60909355764403,0.33296490632503456,0.2711371407205955,0.2859926734716673
scope_20260817_114548,sweep_2340,4,1100.0,1164.3753112917566,75.0,76.29139429073135,0.32452946695647733,0.3261926567085588,0.32315203202562537
scope_20260817_114548,sweep_2341,4,1100.0,1120.9799737391738,75.0,79.46428314723696,0.32452946695647733,0.29792256843849196,0.29320970786772427
scope_20260817_114548,sweep_2342,4,1100.0,1103.6196695888132,76.0,81.34766447903424,0.31640356715970475,0.27861583003660667,0.27810114079490583
scope_20260817_114548,sweep_2343,4,1100.0,1078.665137286886,77.0,82.09647896458729,0.30857297844016746,0.2648322599270813,0.27012576218110074
scope_20260817_114548,sweep_2349,4,1300.0,1252.888864269831,75.0,80.96183430191728,0.3528007258804786,0.30753895471441717,0.29903862369805945
scope_20260817_114548,sweep_2350,4,1300.0,1460.7042429643125,75.0,73.51916668057417,0.3528007258804786,0.4107501825596038,0.38849850207224446
scope_20260817_114548,sweep_2351,4,1300.0,1331.9545022523596,74.0,73.64686864530098,0.36197101528519043,0.3528086102119137,0.36975503101545826
scope_20260817_114548,sweep_2352,4,1300.0,1376.5284325677471,74.0,77.82303375059182,0.36197101528519043,0.3117598399937755,0.3382143988744829
scope_20260817_114548,sweep_2353,4,1300.0,1217.6433014289505,75.0,80.12236855300813,0.3528007258804786,0.2931817669967969,0.3007788241751368
scope_20260817_114548,sweep_2354,4,1300.0,1273.141592553254,76.0,72.8685060617537,0.3439669414675585,0.38390122956675765,0.36890265909051445
scope_20260817_114548,sweep_2366,4,1600.0,1506.3564161716076,75.0,74.58424298957624,0.39139726374860956,0.3761687894959507,0.38382997346388165
scope_20260817_114548,sweep_2367,4,1600.0,1672.425287357905,76.0,76.38483598945705,0.38159705985409326,0.38622631713388966,0.38638019397047724
scope_20260817_114548,sweep_2368,4,1600.0,1593.6541271737894,77.0,74.99897868296111,0.3721530145194406,0.40720605147454886,0.39063049516838827
scope_20260817_114548,sweep_2369,4,1600.0,1624.1745216496379,77.0,79.0334902582553,0.3721530145194406,0.3720322560208654,0.3566449126931759
scope_20260817_114548,sweep_2370,4,1600.0,1572.3022043512858,77.0,78.63041948650277,0.3721530145194406,0.3704701895427063,0.3543695592712468
scope_20260817_114548,sweep_2371,4,1600.0,1562.1246380187667,77.0,78.87613120333891,0.3721530145194406,0.346499660973108,0.3511087520857877
scope_20260817_114548,sweep_2385,4,2000.0,2081.4529984710907,74.0,77.2685799879526,0.44896978809884913,0.44002386386048314,0.4216416525738448
scope_20260817_114548,sweep_2386,4,2000.0,1942.671955010206,75.0,77.72542718890652,0.43759544397465255,0.41416021555181576,0.4027594689066527
scope_20260817_114548,sweep_2387,4,2000.0,1983.7974204824868,76.0,76.05832828348207,0.4266384829239042,0.4037773340113694,0.4242827212984385
scope_20260817_114548,sweep_2388,4,2000.0,1985.6644177305482,77.0,79.89695837964666,0.4160797192484677,0.3852597837011359,0.38618463127315966
scope_20260817_114548,sweep_2389,4,2000.0,1940.4875502425414,77.0,76.78847367831123,0.4160797192484677,0.3964017032391772,0.41201065967500733
scope_20260817_114548,sweep_2390,4,2000.0,1929.1023099620122,77.0,77.27129781167818,0.4160797192484677,0.40042588607761725,0.4058901577273242
scope_20260817_114548,sweep_2431,4,2800.0,2516.9909093010597,74.0,73.56938685057669,0.5312282173188241,0.5043039396798027,0.5093108617847798
scope_20260817_114548,sweep_2432,4,2800.0,2337.4638096297303,74.0,75.93959434196377,0.5312282173188241,0.47623596303582727,0.46193303109916456
scope_20260817_114548,sweep_2433,4,2800.0,2518.875353229841,75.0,75.11739222341949,0.5177699118549886,0.491580846730904,0.4896227040639738
scope_20260817_114548,sweep_2434,4,2800.0,2702.7461646434845,75.0,76.1741315504198,0.5177699118549886,0.46738002898877545,0.4937911116702099
scope_20260817_114548,sweep_2435,4,2800.0,2406.3976894360967,76.0,74.85928551653055,0.5048054607036802,0.5410386403603868,0.4817277406830886
scope_20260817_114548,sweep_2436,4,2800.0,2648.427792902376,77.0,69.77101302601558,0.4923121630407249,0.525361036297972,0.5778756049864011
scope_20260817_114548,sweep_2450,4,2800.0,2646.8997843416705,75.0,74.91055988943957,0.5177699118549886,0.5003742903894866,0.5045659062353952
scope_20260817_114548,sweep_2451,4,2800.0,2576.5290797032444,74.0,75.81449144372381,0.5312282173188241,0.4618735230345027,0.48651437903454586
scope_20260817_114548,sweep_2452,4,2800.0,2482.8128979538005,74.0,72.09979829416724,0.5312282173188241,0.47738895522325536,0.5256800145178987
scope_20260817_114548,sweep_2453,4,2800.0,2704.6409210798683,74.0,76.26015582597113,0.5312282173188241,0.5093159362483142,0.49289689694240707
scope_20260817_114548,sweep_2454,4,2800.0,2625.594849985976,75.0,73.13415967764668,0.5177699118549886,0.5099310042432731,0.52610598735302
scope_20260817_114548,sweep_2455,4,2800.0,2678.2644013039103,76.0,74.29399931498989,0.5048054607036802,0.5385871567242633,0.5156305378116938
scope_20260817_114548,sweep_2496,4,2000.0,2144.324040413982,77.0,76.66023861096058,0.4160797192484677,0.4149665933954452,0.43450040047333677
scope_20260817_114548,sweep_2497,4,2000.0,1959.6027742013257,76.0,77.31360966208837,0.4266384829239042,0.3913459863865208,0.40865675722603956
scope_20260817_114548,sweep_2498,4,2000.0,1878.3158479047556,76.0,76.80862750923426,0.4266384829239042,0.3874415109594922,0.4051527216385008
scope_20260817_114548,sweep_2515,4,1600.0,1416.5412657178597,77.0,69.62397138934689,0.3721530145194406,0.4384674774714355,0.424317923044411
scope_20260817_114548,sweep_2516,4,1600.0,1494.0897133857297,77.0,73.15280130396948,0.3721530145194406,0.3762963639778749,0.3966766011635066
scope_20260817_114548,sweep_2517,4,1600.0,1734.7387087604334,77.0,76.31195160438055,0.3721530145194406,0.3784432586939086,0.3942331817274526
scope_20260817_114548,sweep_2518,4,1600.0,1549.212886107042,76.0,76.59469103980071,0.38159705985409326,0.38043213800606035,0.36992427732871797
scope_20260817_114548,sweep_2519,4,1600.0,1563.8184977094297,76.0,78.0084621577799,0.38159705985409326,0.3494193745149158,0.3588457606079768
scope_20260817_114548,sweep_2520,4,1600.0,1709.494745710146,75.0,77.11533998221171,0.39139726374860956,0.3599701974498141,0.3835732827236719
scope_20260817_114548,sweep_2532,4,1300.0,1343.4383072805265,75.0,72.04435329432894,0.3528007258804786,0.34937266328183525,0.38725272051728055
scope_20260817_114548,sweep_2533,4,1300.0,1368.4680693606456,75.0,74.09698488423523,0.3528007258804786,0.33129295525036045,0.3704527283634594
scope_20260817_114548,sweep_2534,4,1300.0,1348.5171776609611,74.0,75.31589571440321,0.36197101528519043,0.346515082135267,0.3564454236565431
scope_20260817_114548,sweep_2535,4,1300.0,1403.4300876913471,74.0,74.65536538823007,0.36197101528519043,0.3692500912676041,0.3698102394932209
scope_20260817_114548,sweep_2536,4,1300.0,1346.5211742930865,75.0,76.69674819329377,0.3528007258804786,0.3647281633069654,0.3439973154856945
scope_20260817_114548,sweep_2537,4,1300.0,1421.9757839786498,76.0,75.68153845337716,0.3439669414675585,0.32426198164689285,0.36264703680347415
scope_20260817_114548,sweep_2543,4,1100.0,1090.7558893841353,76.0,72.89011551633904,0.31640356715970475,0.31539298521092496,0.34126494570007715
scope_20260817_114548,sweep_2544,4,1100.0,1139.3431424691632,76.0,76.44049891454671,0.31640356715970475,0.2630091031683435,0.3184654625415288
scope_20260817_114548,sweep_2545,4,1100.0,989.8894295632359,75.0,78.74829815479427,0.32452946695647733,0.29102212241370107,0.2730705629292431
scope_20260817_114548,sweep_2546,4,1100.0,1015.1339382044007,75.0,76.07147480907618,0.32452946695647733,0.31160216137064944,0.30340626499298334
scope_20260817_114548,sweep_2547,4,1100.0,1173.4979778193556,74.0,71.12550726864593,0.33296490632503456,0.3810978979301659,0.370878314225449
scope_20260817_114548,sweep_2548,4,1100.0,1295.4483126052774,74.0,73.3172491921184,0.33296490632503456,0.33638375208102794,0.36778814734211956
scope_20260817_114548,sweep_2561,4,700.0,815.3185004712204,77.0,74.5892319189169,0.21384195839869813,0.291130308991444,0.2579414467187265
scope_20260817_114548,sweep_2562,4,700.0,576.1847078148095,77.0,75.77417442799248,0.21384195839869813,0.1590401157973923,0.18762333215286486
scope_20260817_114548,sweep_2563,4,700.0,684.7126580614289,77.0,81.72961593371026,0.21384195839869813,0.17686695777097894,0.18721658410056005
scope_20260817_114548,sweep_2564,4,700.0,688.667192398286,76.0,73.61732253194094,0.21926857882303089,0.2657194476267057,0.22990578093993774
scope_20260817_114548,sweep_2565,4,700.0,682.2176817527953,76.0,76.28683841761267,0.21926857882303089,0.16733629189821417,0.2130915212698769
scope_20260817_114548,sweep_2566,4,700.0,697.0606345161788,75.0,82.41744803633549,0.2248998506702201,0.1643604391970548,0.18696894966839644
scope_20260817_114548,sweep_2590,4,200.0,220.8536163509831,76.0,82.08507444343122,0.07751752981060002,0.0774544524244084,0.07258481265816437
scope_20260817_114548,sweep_2591,4,200.0,182.33161159921173,76.0,78.79238982158665,0.07751752981060002,0.0663522540819246,0.06698631474324662
scope_20260817_114548,sweep_2592,4,200.0,239.82402184460588,75.0,76.05529733935013,0.07950834074041588,0.1668988178498479,0.09000171203155648
scope_20260817_114548,sweep_2593,4,200.0,231.60324701104898,74.0,72.18760727626295,0.08157498755033503,0.08846499992627518,0.09660084498833389
scope_20260817_114548,sweep_2594,4,200.0,258.0828196151391,74.0,71.54798405698467,0.08157498755033503,0.08825768261264817,0.10748794088831215
scope_20260817_114548,sweep_2595,4,200.0,165.71969430700548,75.0,80.63005344196571,0.07950834074041588,0.06784596617086218,0.05919518224023296
scope_20260817_114548,sweep_2621,4,300.0,233.61341304038757,82.0,83.97948592212559,0.09378165907023693,0.06712373644545161,0.07277366697370315
scope_20260817_114548,sweep_2622,4,300.0,256.7411902413928,82.0,80.07614631192136,0.09378165907023693,0.08373805053144544,0.08626823308270967
scope_20260817_114548,sweep_2623,4,300.0,302.9555422095542,82.0,83.02128174503734,0.09378165907023693,0.09767341300767497,0.09231751864486154
scope_20260817_114548,sweep_2624,4,300.0,280.9220182882055,81.0,84.79936611925984,0.09602567603243688,0.08585130862852182,0.08323377294560501
scope_20260817_114548,sweep_2625,4,300.0,250.50469309559315,81.0,81.0991589153019,0.09602567603243688,0.09090047358314551,0.0824841164623637
scope_20260817_114548,sweep_2626,4,300.0,360.70842494439484,80.0,79.47901038102935,0.09835025080892655,0.11567428402185959,0.11605512428258176
scope_20260817_114548,sweep_2632,4,500.0,383.03288792712567,81.0,79.38821036083459,0.14673098586527222,0.07688463171556767,0.12225467077830882
scope_20260817_114548,sweep_2633,4,500.0,501.67867880613403,82.0,78.5238583212826,0.1433020402460738,0.15196088649726522,0.15619731464745287
scope_20260817_114548,sweep_2634,4,500.0,514.1180740377495,82.0,77.24465713677981,0.1433020402460738,0.1731935345765253,0.1645130837774184
scope_20260817_114548,sweep_2635,4,500.0,502.23039654296116,82.0,81.31522663994677,0.1433020402460738,0.14538541795781523,0.14617607616275813
scope_20260817_114548,sweep_2636,4,500.0,494.67199417990554,81.0,82.53646500073492,0.14673098586527222,0.12836477098485752,0.1402586449501127
scope_20260817_114548,sweep_2637,4,500.0,502.28683068168084,81.0,80.51145732008855,0.14673098586527222,0.16348312411097665,0.14901390690755778
scope_20260817_114548,sweep_2668,4,1200.0,1073.6854443136674,81.0,79.96518570979693,0.29239325833378105,0.2549777803324125,0.28350921480413
scope_20260817_114548,sweep_2669,4,1200.0,1100.4594759067818,81.0,81.48149809781602,0.29239325833378105,0.2815202143393154,0.27682438735474674
scope_20260817_114548,sweep_2670,4,1200.0,1134.9118389080813,80.0,77.44294089635949,0.2994714693000724,0.2971046233333088,0.310000654434953
scope_20260817_114548,sweep_2671,4,1200.0,1216.7084756128231,79.0,78.76968588409451,0.30680626684714535,0.3170595724521172,0.31067371038280345
scope_20260817_114548,sweep_2672,4,1200.0,1234.8928441032983,79.0,84.24755546041577,0.30680626684714535,0.2678072198003903,0.27495616089792557
scope_20260817_114548,sweep_2673,4,1300.0,1267.980491079698,79.0,81.07248525178751,0.31933408705941796,0.30327191335150083,0.3000438084911426
scope_20260817_114548,sweep_2674,4,1300.0,1311.3828374873904,80.0,73.70411037757799,0.31169978772606327,0.3996981340778225,0.36634470646929823
scope_20260817_114548,sweep_2675,4,1300.0,1287.051902349221,80.0,84.65046224602919,0.31169978772606327,0.280623676038783,0.2781285598838455
scope_20260817_114548,sweep_2676,4,1300.0,1330.1653569793157,81.0,83.47852076098488,0.30433255217327476,0.29315623804076446,0.29046220036510745
scope_20260817_114548,sweep_2677,4,1300.0,1158.4565674432374,82.0,85.7144365230929,0.29722062713985203,0.26613205749784175,0.2575774616714213
scope_20260817_114548,sweep_2678,4,1300.0,1400.558505716599,82.0,79.57931967145281,0.29722062713985203,0.29281397638430073,0.3268296645886454
scope_20260817_114548,sweep_2739,4,2500.0,2603.3091298211275,79.0,80.70858976395529,0.4428367018831588,0.4166741038138182,0.43366508958917327
scope_20260817_114548,sweep_2740,4,2500.0,2475.240749316702,80.0,75.79651707056784,0.43224983353752394,0.4827826481723367,0.4770722009549965
scope_20260817_114548,sweep_2741,4,2500.0,2537.57823003106,80.0,81.64023133325199,0.43224983353752394,0.47115384214797207,0.4187917174778131
scope_20260817_114548,sweep_2742,4,2500.0,2487.7467127729333,81.0,82.16489763633835,0.42203331602060074,0.4029500261720832,0.4095700547246134
scope_20260817_114548,sweep_2743,4,2500.0,2491.164637814554,82.0,83.66141094899636,0.412170850491654,0.3841881274798289,0.3958253597754514
scope_20260817_114548,sweep_2791,4,2500.0,2592.6923303622807,80.0,80.53681497504012,0.43224983353752394,0.4198707585547242,0.4345592145818987
scope_20260817_114548,sweep_2792,4,2500.0,2580.4085742681773,79.0,79.69395394733579,0.4428367018831588,0.42877489972161986,0.4423971566685708
scope_20260817_114548,sweep_2793,4,2500.0,2609.218632270006,79.0,78.44847947906581,0.4428367018831588,0.482865858769963,0.4585397914301894
scope_20260817_114548,sweep_2794,4,2500.0,2581.185576011079,79.0,79.5293317724735,0.4428367018831588,0.4438272190007032,0.4442274918061314
scope_20260817_114548,sweep_2795,4,2500.0,2381.8677940620737,80.0,75.07216713211136,0.43224983353752394,0.46221429242552686,0.4766696306011336
scope_20260817_114548,sweep_2796,4,2500.0,2615.0533503157803,81.0,76.96143659738208,0.42203331602060074,0.48630703018010124,0.47623264353905254
scope_20260817_114548,sweep_2809,4,2200.0,2298.413099321225,82.0,80.26696165578223,0.3866505305771761,0.3730073530702587,0.411807192783774
scope_20260817_114548,sweep_2810,4,2200.0,2347.127281460493,82.0,77.09570947148126,0.3866505305771761,0.43024698526487976,0.44967103700239314
scope_20260817_114548,sweep_2811,4,2200.0,2527.2554487342436,81.0,82.36693631904384,0.3959023433267135,0.42124206969116124,0.4108591460779823
scope_20260817_114548,sweep_2812,4,2200.0,2564.759174115377,81.0,81.73453804517445,0.3959023433267135,0.4010212177346034,0.42009282500229816
scope_20260817_114548,sweep_2813,4,2200.0,2531.384739905021,80.0,80.00819691888131,0.40548628628109123,0.39927814776943316,0.4348688211338134
scope_20260817_114548,sweep_2893,4,600.0,708.4988591830594,80.0,77.21215577848577,0.17483580124482181,0.2212078793217403,0.2148574752609367
scope_20260817_114548,sweep_2894,4,600.0,650.8014518199872,81.0,83.79275874865179,0.1707034386910073,0.17832551895665522,0.17106043646620092
scope_20260817_114548,sweep_2895,4,600.0,683.689725703491,81.0,76.53825273306707,0.1707034386910073,0.21947842055432068,0.21213096003852616
scope_20260817_114548,sweep_2896,4,600.0,591.1448014623192,82.0,85.7496889030462,0.16671428258447718,0.16710984325810604,0.15105281244057905
scope_20260817_114548,sweep_2897,4,600.0,613.6025375699222,82.0,81.40989259329314,0.16671428258447718,0.16977048799470104,0.1722262929982336
scope_20260817_114548,sweep_2898,4,600.0,541.714642172764,82.0,82.85810884337853,0.16671428258447718,0.15004980668237577,0.1501127550623133
scope_20260817_114548,sweep_2910,4,300.0,363.97481820499263,82.0,75.9784240324486,0.09378165907023693,0.14030433617125995,0.12748834321334485
scope_20260817_114548,sweep_2911,4,300.0,326.6926321064078,81.0,84.98141928304217,0.09602567603243688,0.08146067549922878,0.09395286588847503
scope_20260817_114548,sweep_2912,4,300.0,271.6337566050714,81.0,76.62452806527084,0.09602567603243688,0.11656175035960457,0.09838739878614824
scope_20260817_114548,sweep_2913,4,300.0,327.1352044518476,80.0,77.9284909274022,0.09835025080892655,0.11453920318394395,0.11114598736356257
scope_20260817_114548,sweep_2914,4,300.0,368.57802159037766,80.0,69.27535406814316,0.09835025080892655,0.15336331873178102,0.15361218156859843
scope_20260817_114548,sweep_2952,4,400.0,364.24808100708793,84.0,84.75146662706707,0.11366483233859094,0.11175143616030096,0.10337298650353378
scope_20260817_114548,sweep_2953,4,400.0,453.0403547063975,84.0,76.72766131540956,0.11366483233859094,0.13706559507588745,0.1500398002016584
scope_20260817_114548,sweep_2954,4,400.0,350.79716397006763,84.0,79.03704201877595,0.11366483233859094,0.08623874460832928,0.1146248292781323
scope_20260817_114548,sweep_2955,4,400.0,394.2865716239046,85.0,84.08438934237809,0.11109660044324876,0.12342145217026787,0.11209812470026358
scope_20260817_114548,sweep_2956,4,400.0,449.4625801619354,85.0,84.88612414963643,0.11109660044324876,0.11099961556912608,0.12270188712263132
scope_20260817_114548,sweep_3038,4,2000.0,1896.633336311605,84.0,82.36091405622852,0.3519097671339278,0.35471497732734386,0.35597648925670533
scope_20260817_114548,sweep_3039,4,2000.0,2076.297281013684,84.0,85.21782479304676,0.3519097671339278,0.34931107956756113,0.3487293763333535
scope_20260817_114548,sweep_3040,4,2000.0,2008.6365442675653,84.0,85.37177286714427,0.3519097671339278,0.3577513909328519,0.3418063000821506
scope_20260817_114548,sweep_3041,4,2000.0,2039.6400153405912,84.0,86.67663273471386,0.3519097671339278,0.3642990894414377,0.3344833670738891
scope_20260817_114548,sweep_3042,4,2000.0,2118.587628177145,85.0,82.94305141166593,0.3439584433195087,0.38754303481167224,0.37115281378003656
scope_20260817_114548,sweep_3043,4,2000.0,1860.0995287286005,86.0,85.24358680857145,0.3362726467724484,0.3727054037626738,0.3298817231584761
scope_20260817_114548,sweep_3119,4,2500.0,2478.8526941005266,86.0,81.78560047393896,0.3759642485784849,0.4154276812193115,0.41250052639159357
scope_20260817_114548,sweep_3120,4,2500.0,2502.955491666341,85.0,80.40428394416219,0.384557230348715,0.4425782312977373,0.42832876079850657
scope_20260817_114548,sweep_3121,4,2500.0,2573.29966637558,84.0,83.490797398453,0.39344708062879197,0.375154164363499,0.403885938762628
scope_20260817_114548,sweep_3167,4,1600.0,1708.0415797142082,84.0,79.16002043618211,0.31475766450303355,0.31547003275292457,0.3646137217695671
scope_20260817_114548,sweep_3168,4,1600.0,1719.7834748320543,84.0,80.70989252169494,0.31475766450303355,0.3332134554525351,0.3524641715998822
scope_20260817_114548,sweep_3169,4,1600.0,1636.1216094762385,84.0,88.25032364573067,0.31475766450303355,0.2990905182918193,0.2893309533700032
scope_20260817_114548,sweep_3170,4,1600.0,1527.165126048036,85.0,84.20395318775513,0.307645784278972,0.31929911245764214,0.30607363545446403
scope_20260817_114548,sweep_3171,4,1600.0,1589.5447313987736,85.0,82.58202100274895,0.307645784278972,0.3011396941241753,0.32420553950394
scope_20260817_114548,sweep_3172,4,1600.0,1674.020614537723,86.0,83.46577234931824,0.3007713988627879,0.3109439926711725,0.3259456707224985
scope_20260817_114548,sweep_3231,4,400.0,456.93295625062774,84.0,77.74561275752373,0.11366483233859094,0.13661771025821787,0.1473353841802094
scope_20260817_114548,sweep_3232,4,400.0,519.7410707279103,84.0,80.70791967306585,0.11366483233859094,0.1528168006298268,0.15258146363229397
scope_20260817_114548,sweep_3233,4,400.0,412.7306714576919,85.0,84.22096496119218,0.11109660044324876,0.11710687030835407,0.11606918251770698
scope_20260817_114548,sweep_3274,4,300.0,205.86366955595406,91.0,89.3274640119031,0.0766859950214011,0.048842382340521635,0.05815217801618238
scope_20260817_114548,sweep_3275,4,300.0,355.7724474226167,91.0,86.00866944179093,0.0766859950214011,0.0970654634306388,0.0985292000305735
scope_20260817_114548,sweep_3276,4,300.0,316.6462130033735,91.0,86.23109563423606,0.0766859950214011,0.08644792805364561,0.0890021960656427
scope_20260817_114548,sweep_3277,4,300.0,324.03766060546394,91.0,85.81025357710354,0.0766859950214011,0.07365109255677957,0.09158505536210707
scope_20260817_114548,sweep_3278,4,300.0,284.6762587084253,90.0,86.75947379900293,0.07834343166260471,0.08231220882316581,0.0805206472268116
scope_20260817_114548,sweep_3279,4,300.0,330.5323884246999,90.0,84.9420898025014,0.07834343166260471,0.09094310656032517,0.0949533629041366
scope_20260817_114548,sweep_3285,4,500.0,456.53636176120074,91.0,82.46722218875327,0.11717919744453154,0.12840311799656082,0.1314358414165879
scope_20260817_114548,sweep_3286,4,500.0,580.400177556086,91.0,85.88331097159976,0.11717919744453154,0.14558897773435384,0.1483235050586168
scope_20260817_114548,sweep_3287,4,500.0,535.3628131058578,91.0,78.71341759353922,0.11717919744453154,0.1644029618690212,0.16409138414130808
scope_20260817_114548,sweep_3310,4,1000.0,1050.4754792750164,89.0,84.74254764165589,0.22252593392474132,0.2371683732942565,0.2507428538219734
scope_20260817_114548,sweep_3311,4,1000.0,1009.8066209732642,89.0,84.86313724103287,0.22252593392474132,0.24885728653030392,0.24516693717327737
scope_20260817_114548,sweep_3312,4,1000.0,1084.4320870673025,89.0,88.20852933460279,0.22252593392474132,0.24023685436998998,0.23576872978633664
scope_20260817_114548,sweep_3313,4,1000.0,976.5775125158699,89.0,83.6730010625707,0.22252593392474132,0.2574050727912388,0.2402386370062703
scope_20260817_114548,sweep_3314,4,1000.0,984.4944022105327,90.0,84.78369847028918,0.21776694047594877,0.24536043302572755,0.23577371062497673
scope_20260817_114548,sweep_3315,4,1000.0,1074.0798607469505,91.0,90.09285033163214,0.2131598547416647,0.2163894118501285,0.2252390578430641
scope_20260817_114548,sweep_3352,4,1800.0,1721.0250408573609,89.0,89.02961444902954,0.29854986900740893,0.3009584853598864,0.2917391430354958
scope_20260817_114548,sweep_3353,4,1800.0,1931.9604620928656,89.0,88.54927125760364,0.29854986900740893,0.31565957206542794,0.312352756317416
scope_20260817_114548,sweep_3354,4,1800.0,1851.4977223004405,89.0,88.44902602528741,0.29854986900740893,0.29906406972902694,0.3064498389019711
scope_20260817_114548,sweep_3355,4,1800.0,1794.1010746715176,90.0,89.2230867034346,0.29216500929382316,0.3091808507891257,0.2966201549826421
scope_20260817_114548,sweep_3356,4,1800.0,1677.0384761733158,90.0,88.85249160683104,0.29216500929382316,0.29339068381615174,0.28909847566828833
scope_20260817_114548,sweep_3380,4,2300.0,2652.663605366268,90.0,90.22645395633754,0.33025991709226155,0.3420005246700189,0.3529564959135633
scope_20260817_114548,sweep_3381,4,2300.0,2499.41954780209,91.0,89.05764395627654,0.323272925635633,0.33231367644732757,0.3513631475052217
scope_20260817_114548,sweep_3382,4,2300.0,2422.931326365291,91.0,88.18606998895598,0.323272925635633,0.33044191772587206,0.3525895884339143
scope_20260817_114548,sweep_3383,4,2300.0,2284.6483976302916,91.0,89.02860543345697,0.323272925635633,0.3219375595637363,0.33614009378286985
scope_20260817_114548,sweep_3384,4,2300.0,2426.3672719245214,90.0,89.54778579847012,0.33025991709226155,0.3229034311345493,0.34253358749567214
scope_20260817_114548,sweep_3385,4,2300.0,2690.6563871163908,89.0,90.64890505957402,0.33747728800451177,0.3472352631619686,0.3522763256076266
scope_20260817_114548,sweep_3456,4,2300.0,2636.196667068662,90.0,76.39073617631603,0.33025991709226155,0.3637712602359217,0.4850272039535402
scope_20260817_114548,sweep_3457,4,2300.0,2159.8172202632486,90.0,90.73619759847314,0.33025991709226155,0.3253053889177992,0.3150314405268581
scope_20260817_114548,sweep_3458,4,2300.0,2426.454682013662,90.0,90.11317205045395,0.33025991709226155,0.3661267221197176,0.3383934674711871
scope_20260817_114548,sweep_3481,4,1800.0,1813.5630492282758,90.0,89.1627550629997,0.29216500929382316,0.28807559711322167,0.2986151769434137
scope_20260817_114548,sweep_3482,4,1800.0,1709.837699524328,89.0,89.58585117273383,0.29854986900740893,0.2998035398960863,0.28730634574877845
scope_20260817_114548,sweep_3483,4,1800.0,1904.0587833014745,89.0,90.15944450388096,0.29854986900740893,0.29216032277288495,0.29946401062170286
scope_20260817_114548,sweep_3484,4,1800.0,1990.7061683564089,89.0,85.49222647398405,0.29854986900740893,0.33963766387699457,0.33935158989640507
scope_20260817_114548,sweep_3485,4,1800.0,1765.53366871145,89.0,89.97020086280915,0.29854986900740893,0.3068426209194187,0.2895397808158486
scope_20260817_114548,sweep_3486,4,1800.0,1739.3379679663738,90.0,85.07252740633167,0.29216500929382316,0.3206708702387923,0.3202340014181312
scope_20260817_114548,sweep_3504,4,1400.0,1501.0718970740645,90.0,89.99627364225468,0.2576653187954436,0.25751385772625335,0.2668255980976422
scope_20260817_114548,sweep_3505,4,1400.0,1396.3270918220624,89.0,88.77309671581455,0.26329623578150463,0.2818747171658176,0.26425239300756664
scope_20260817_114548,sweep_3506,4,1400.0,1662.7146220886932,89.0,83.651689625183,0.26329623578150463,0.2881650522843322,0.3234511266671012
scope_20260817_114548,sweep_3507,4,1400.0,1505.4038012945307,89.0,89.1978085604322,0.26329623578150463,0.2651914810649391,0.2718577954009438
scope_20260817_114548,sweep_3508,4,1400.0,1591.3045047535404,89.0,84.85006720922448,0.26329623578150463,0.2809910577372521,0.3078567246650925
scope_20260817_114548,sweep_3524,4,1000.0,1015.912021329156,90.0,92.01290065231248,0.21776694047594877,0.21095425739518106,0.21029530686031084
scope_20260817_114548,sweep_3525,4,1000.0,1004.0638011991028,89.0,93.19478268842305,0.22252593392474132,0.2177258575583098,0.20396435075359132
scope_20260817_114548,sweep_3526,4,1000.0,899.8558452301305,89.0,88.28396317742792,0.22252593392474132,0.20219751558252075,0.20236271937954883
scope_20260817_114548,sweep_3527,4,1000.0,1203.0527068588167,89.0,91.60267859540765,0.22252593392474132,0.2231996625759995,0.23083390072075574
scope_20260817_114548,sweep_3528,4,1000.0,930.8977665626363,89.0,89.59189084234929,0.22252593392474132,0.2411339543054038,0.20230181333567987
scope_20260817_114548,sweep_3552,4,500.0,521.302671158168,90.0,93.22457644687445,0.1197118254084407,0.1232447042279603,0.11576828392805791
scope_20260817_114548,sweep_3553,4,500.0,558.4863857551483,91.0,85.31546992401945,0.11717919744453154,0.13928984999413813,0.14551353140316864
scope_20260817_114548,sweep_3554,4,500.0,481.66245426628086,91.0,88.73942472216365,0.11717919744453154,0.12477768074101864,0.11926708200471287
scope_20260817_114548,sweep_3555,4,500.0,517.04047441342,91.0,82.87860397840795,0.11717919744453154,0.16366928542941375,0.14434647313045335
scope_20260817_114548,sweep_3556,4,500.0,529.3100986398066,91.0,77.87592160155708,0.11717919744453154,0.14193748742055776,0.16592521589192613
scope_20260817_114548,sweep_3557,4,400.0,404.5248452817182,91.0,91.09646435412951,0.09736776661098284,0.11023396601667215,0.09807977335638664
scope_20260817_114548,sweep_3558,4,400.0,387.08439187476995,90.0,94.76695953625712,0.09947220437707256,0.11004791041885921,0.08759741690197528
scope_20260817_114548,sweep_3559,4,400.0,436.5877405323087,89.0,88.88606265357046,0.10164603098240033,0.13207962853337327,0.10957621284401918
scope_20260817_114548,sweep_3560,4,400.0,367.8134456779231,89.0,94.95288879116465,0.10164603098240033,0.08233815540424329,0.08364427127414494
scope_20260817_114548,sweep_3561,4,400.0,431.799130006955,89.0,84.84918895518473,0.10164603098240033,0.1076114394885978,0.11878580477286373
scope_20260817_114548,sweep_3562,4,400.0,401.9720249155778,89.0,82.12835198515678,0.10164603098240033,0.1039293369155847,0.11920108012324516
scope_20260817_114548,sweep_3563,4,300.0,272.6722024984934,90.0,94.96973462714486,0.07834343166260471,0.0633187982316938,0.06522260208114175
scope_20260817_114548,sweep_3564,4,300.0,326.3982328309183,91.0,94.3776462010076,0.0766859950214011,0.08325130330295688,0.07664487964023883
scope_20260817_114548,sweep_3565,4,300.0,336.3734623133974,91.0,80.58940201783103,0.0766859950214011,0.09595355422409443,0.10663250848009277
scope_20260817_114548,sweep_3566,4,300.0,280.25473232974485,91.0,94.20968638601919,0.0766859950214011,0.08324388882871096,0.06777016672598453
scope_20260817_114548,sweep_3567,4,300.0,344.62410721920713,91.0,96.50166840967158,0.0766859950214011,0.09135982949358962,0.07680084860698048
scope_20260817_114548,sweep_3571,4,100.0,118.58305310332922,90.0,79.95192261298887,0.03147689965175974,0.043728921647959336,0.045572837286941434
scope_20260817_114548,sweep_3572,4,100.0,140.36786030024692,91.0,87.94884317326157,0.030810973157002697,0.060282629317539235,0.04361076922097283
scope_20260817_114548,sweep_3573,4,100.0,133.78945594106426,91.0,82.55730050083723,0.030810973157002697,0.05371153967845115,0.04735490859209333
scope_20260817_114548,sweep_3574,4,100.0,97.85868349076785,92.0,90.19447709263505,0.03016611533672,0.01206521267256645,0.03078757325363589
scope_20260817_114548,sweep_3587,4,100.0,86.69520960368338,96.0,90.7517681370984,0.027781049455508352,0.01470616899860701,0.02751294766093135
scope_20260817_114548,sweep_3588,4,100.0,121.15851649629312,96.0,81.76237974676378,0.027781049455508352,0.25219439347130923,0.04443453494186079
scope_20260817_114548,sweep_3589,4,100.0,103.98183433538286,96.0,96.45277984461751,0.027781049455508352,0.024776125096662348,0.028436071718617943
scope_20260817_114548,sweep_3590,4,100.0,146.78319583385013,95.0,85.34206811554952,0.028349696373348443,0.059497813824164456,0.047969229850744394
scope_20260817_114548,sweep_3591,4,100.0,113.99992725289785,95.0,95.71573121250934,0.028349696373348443,0.04466368509765342,0.031150960295773043
scope_20260817_114548,sweep_3592,4,100.0,121.08217416393238,94.0,86.56556627170806,0.02893626308459003,0.07604579760872177,0.03977688925682986
scope_20260817_114548,sweep_3610,4,500.0,535.777222082763,96.0,90.55128312252663,0.10565589936984617,0.12066757149158035,0.12529012313307789
scope_20260817_114548,sweep_3611,4,500.0,455.3925841180088,96.0,91.59731872049278,0.10565589936984617,0.11446256148532982,0.10706974966341305
scope_20260817_114548,sweep_3612,4,500.0,430.9650032178909,96.0,96.20244015440542,0.10565589936984617,0.12504803382322258,0.09301766351201438
scope_20260817_114548,sweep_3613,4,500.0,444.5632056876025,95.0,91.2972696066044,0.10781855710617488,0.11301009447752518,0.10562070983408618
scope_20260817_114548,sweep_3614,4,500.0,491.4904684982067,95.0,94.08131658648549,0.10781855710617488,0.1143293147681866,0.10831115522034943
scope_20260817_114548,sweep_3645,4,1200.0,1370.993078811747,95.0,91.36268779539722,0.2148518190293346,0.24596343202908888,0.24767367934181497
scope_20260817_114548,sweep_3646,4,1200.0,1106.6803624179997,94.0,93.31182177458605,0.21929719026832908,0.20736311460614124,0.2136140279552161
scope_20260817_114548,sweep_3647,4,1200.0,1161.3258120008481,94.0,91.88356723734492,0.21929719026832908,0.23213069771797373,0.22545551524448118
scope_20260817_114548,sweep_3648,4,1200.0,1336.1825386064916,94.0,94.70999961840658,0.21929719026832908,0.23506870721752615,0.22806088725033305
scope_20260817_114548,sweep_3649,4,1200.0,1262.3176326974444,94.0,94.13952515218259,0.21929719026832908,0.2238837176569604,0.22427461134630905
scope_20260817_114548,sweep_3650,4,1200.0,1068.807002263864,94.0,94.65180115499714,0.21929719026832908,0.21011029104145063,0.2042133713884245
scope_20260817_114548,sweep_3662,4,1500.0,1558.2357813254443,94.0,94.24217304208103,0.24518171235734457,0.2463638240492491,0.24865454671165088
scope_20260817_114548,sweep_3663,4,1500.0,1673.1237980988858,95.0,93.87896916688689,0.2402116362195375,0.23302912181679233,0.25959086284091487
scope_20260817_114548,sweep_3664,4,1500.0,1434.2968278453886,95.0,95.00150057169124,0.2402116362195375,0.24588549887677486,0.2348846607849697
scope_20260817_114548,sweep_3665,4,1500.0,1482.9159953521337,95.0,94.5974724891019,0.2402116362195375,0.2379604056257132,0.2408104668254306
scope_20260817_114548,sweep_3666,4,1500.0,1513.7753058063672,96.0,94.81361611404114,0.23539339743607107,0.2402783615078462,0.24223094971462322
scope_20260817_114548,sweep_3667,4,1500.0,1537.2179012730808,96.0,95.13985955451284,0.23539339743607107,0.25284085951057395,0.24248214292050124
scope_20260817_114548,sweep_3679,4,1800.0,1726.876441700731,96.0,96.45852049723129,0.25786054732702973,0.23653499005214607,0.2502508277359326
scope_20260817_114548,sweep_3680,4,1800.0,1798.8196819927139,95.0,94.47363432885852,0.2631386634653314,0.28569156625630376,0.2658960555826907
scope_20260817_114548,sweep_3681,4,1800.0,1926.8683641626237,95.0,77.41877904746323,0.2631386634653314,0.2710797290851115,0.4041733499295432
scope_20260817_114548,sweep_3682,4,1800.0,2023.7716588301682,94.0,95.1743122702547,0.26858310909172156,0.2780433126619164,0.2780279887746762
scope_20260817_114548,sweep_3683,4,1800.0,1759.8323049304734,94.0,95.37751942287693,0.26858310909172156,0.2682012592438061,0.25819687218805437
scope_20260817_114548,sweep_3684,4,1800.0,1911.200384509247,94.0,95.00050264725934,0.26858310909172156,0.2622865057123846,0.27114217611729324
scope_20260817_114548,sweep_3686,4,1900.0,1989.1285313890166,96.0,95.67134618278575,0.26492652812599776,0.2640155361112699,0.27287380010158885
scope_20260817_114548,sweep_3704,4,2300.0,2494.8952142846615,94.0,94.05540596188355,0.303603212292298,0.3117330313249983,0.3158445043146763
scope_20260817_114548,sweep_3705,4,2300.0,2492.977538529733,94.0,78.84577247193234,0.303603212292298,0.3581902076579127,0.4438787981724544
scope_20260817_114548,sweep_3706,4,2300.0,2551.3777990036147,94.0,94.95714368770457,0.303603212292298,0.2984152438846628,0.3135559305495463
scope_20260817_114548,sweep_3707,4,2300.0,2343.6533570900037,94.0,94.68429379033874,0.303603212292298,0.30628690443738255,0.30219880876462274
scope_20260817_114548,sweep_3708,4,2300.0,2564.299567327302,95.0,94.72674597508613,0.29744887449007107,0.3118373804785551,0.3158302313047131
scope_20260817_114548,sweep_3709,4,2300.0,2287.47633795893,95.0,96.74735647389477,0.29744887449007107,0.2784090895647188,0.2863591459572141
scope_20260817_114548,sweep_3727,4,2700.0,2659.1743720390623,94.0,94.62322513746736,0.32894578540249364,0.32658501078867685,0.32230104940037374
scope_20260817_114548,sweep_3728,4,2700.0,2646.0924035453045,94.0,95.60152330402319,0.32894578540249364,0.3314073257523572,0.3151711448305999
scope_20260817_114548,sweep_3729,4,2700.0,2521.209254170352,94.0,93.8162214851858,0.32894578540249364,0.3139836498861474,0.3190742785151642
scope_20260817_114548,sweep_3730,4,2700.0,2618.1936949393057,94.0,95.43588683201384,0.32894578540249364,0.3424937921746254,0.3145589850484395
scope_20260817_114548,sweep_3731,4,2700.0,2526.4597343100227,94.0,95.26986195961959,0.32894578540249364,0.29153101869703024,0.31004209007552097
scope_20260817_114548,sweep_3768,4,2500.0,2522.8214214702593,95.0,98.09673790979082,0.31011188888116775,0.29618966760083637,0.2927794737945736
scope_20260817_114548,sweep_3769,4,2500.0,2543.3521830329087,96.0,98.46604010982766,0.303891569359029,0.29930025164735574,0.2918400292194215
scope_20260817_114548,sweep_3770,4,2500.0,2602.601417504435,95.0,95.36839150040096,0.31011188888116775,0.31707068032007885,0.31405057767894107
scope_20260817_114548,sweep_3771,4,2500.0,2627.25333109993,95.0,94.71849852055082,0.31011188888116775,0.32562151468741757,0.31973742493912205
scope_20260817_114548,sweep_3772,4,2500.0,2516.2927142638373,94.0,92.03689688168762,0.3165282295848709,0.33551449958877977,0.3307980440905778
scope_20260817_114548,sweep_3773,4,2500.0,2625.2660748242233,94.0,94.30774138205038,0.3165282295848709,0.3183050000411991,0.32231603677589515
scope_20260817_114548,sweep_3785,4,2200.0,2476.9772164976307,94.0,95.06720994059378,0.2969297992947775,0.3186621515556766,0.308258490897592
scope_20260817_114548,sweep_3786,4,2200.0,2341.948907073751,94.0,95.24480403313864,0.2969297992947775,0.30736104117741436,0.2986580640040657
scope_20260817_114548,sweep_3787,4,2200.0,2468.082850835304,94.0,94.87303299112801,0.2969297992947775,0.32083064905372183,0.3089244428190159
scope_20260817_114548,sweep_3788,4,2200.0,2405.1785195561283,94.0,96.47758281153277,0.2969297992947775,0.27525000359239743,0.2952245834198497
scope_20260817_114548,sweep_3789,4,2200.0,2423.7931254709247,94.0,94.81269037857889,0.2969297992947775,0.29475601681805425,0.30651723864496777
scope_20260817_114548,sweep_3790,4,2200.0,2370.6104868526936,95.0,96.02576263812921,0.29091073818336827,0.29842634188736594,0.2957694238870905
scope_20260817_114548,sweep_3796,4,2000.0,2430.3322114303623,95.0,96.5624825732773,0.27737250566766086,0.30134277245544466,0.29625973033633174
scope_20260817_114548,sweep_3797,4,2000.0,2226.0029271416215,94.0,95.0659703960819,0.28311145525977255,0.30296210636141496,0.29223206409096325
scope_20260817_114548,sweep_3798,4,2000.0,2204.0509311374562,94.0,95.62070829100287,0.28311145525977255,0.26816632720456396,0.28753196758392435
scope_20260817_114548,sweep_3822,4,1500.0,1462.5776097984901,95.0,95.7484357802264,0.2402116362195375,0.2432718739505826,0.2336216145935708
scope_20260817_114548,sweep_3823,4,1500.0,1408.136498593488,95.0,95.9150328800553,0.2402116362195375,0.22262351770005612,0.22846258599055413
scope_20260817_114548,sweep_3824,4,1500.0,1486.3664500836996,95.0,95.15367736802462,0.2402116362195375,0.2308022027126394,0.23837073816661325
scope_20260817_114548,sweep_3825,4,1500.0,1610.767757336753,95.0,98.97717465900067,0.2402116362195375,0.2359925489273525,0.22993781323582635
scope_20260817_114548,sweep_3826,4,1500.0,1596.9422872812215,96.0,96.93875397507755,0.23539339743607107,0.23932084534473577,0.23835096248245752
scope_20260817_114548,sweep_3839,4,1200.0,1098.612173842735,95.0,96.36112060429531,0.2148518190293346,0.20093173130020373,0.19999353442958567
scope_20260817_114548,sweep_3840,4,1200.0,1171.1523954456636,95.0,96.45786197022994,0.2148518190293346,0.24182091087785876,0.20609019587637806
scope_20260817_114548,sweep_3841,4,1200.0,1111.8650394238973,94.0,97.08497515359143,0.21929719026832908,0.20638430402460806,0.1983042690538172
scope_20260817_114548,sweep_3842,4,1200.0,1436.806912063997,94.0,96.47042046549255,0.21929719026832908,0.22834603988771413,0.22821303336237198
scope_20260817_114548,sweep_3843,4,1200.0,1246.5798510232478,94.0,97.3339977396718,0.21929719026832908,0.19847212055615082,0.20893636400025545
scope_20260817_114548,sweep_3887,4,300.0,350.07509128711956,94.0,99.01195689846625,0.07201999480949497,0.07576486316753106,0.0740376670103066
scope_20260817_114548,sweep_3888,4,300.0,299.56072365262065,94.0,94.20618819117588,0.07201999480949497,0.059200495949277274,0.07162807088854092
scope_20260817_114548,sweep_3889,4,300.0,317.794768664942,95.0,96.39876792368419,0.07056007818599914,0.06446173734067709,0.07195274069293404
scope_20260817_114548,sweep_3890,4,300.0,283.3460904553662,95.0,96.38259751250571,0.07056007818599914,0.08419543436910093,0.06543796684135614
scope_20260817_114548,sweep_3891,4,300.0,280.29823026130686,96.0,100.25286519804911,0.06914476246428494,0.05995094774908887,0.06009916360640597
scope_20260817_114548,sweep_3892,4,200.0,127.47499231139858,96.0,101.16044425995803,0.04938596496731025,0.041780115606565645,0.030710309216787877
scope_20260817_114548,sweep_3893,4,200.0,200.30596893263717,96.0,97.83824549694133,0.04938596496731025,0.050582699083347483,0.0476671790569404
scope_20260817_114548,sweep_3894,4,200.0,177.66945856071385,95.0,95.66282981974577,0.05039684026949044,0.03631777229491549,0.045069613175724374
scope_20260817_114548,sweep_3895,4,200.0,213.78193932737375,95.0,94.76533806270496,0.05039684026949044,0.050397215047938204,0.05351837555165169
scope_20260817_114548,sweep_3896,4,200.0,255.62449487632392,94.0,92.50505804889329,0.0514395713260965,0.0666108040579525,0.06504705587957407
scope_20260817_114548,sweep_3897,4,200.0,178.69778705155068,94.0,96.92830464283495,0.0514395713260965,0.052011246114812525,0.04414909239650159
scope_20260817_114548,sweep_3934,4,500.0,548.2983455362122,99.0,96.30719232687079,0.09955095411466656,0.12191764097892945,0.11335695772542789
scope_20260817_114548,sweep_3935,4,500.0,455.25574347442546,100.0,96.06794892587723,0.09763561020123664,0.08684998358920709,0.0976126506367015
scope_20260817_114548,sweep_3936,4,500.0,473.8496249409939,100.0,97.05491111611147,0.09763561020123664,0.10563298414991842,0.09893452435400213
scope_20260817_114548,sweep_3937,4,500.0,456.7727606313721,100.0,98.0535918383835,0.09763561020123664,0.10145307929046016,0.09408448758234891
scope_20260817_114548,sweep_3938,4,500.0,535.2685006581052,101.0,99.28680355405585,0.0957763392869127,0.11944850427435952,0.10475771460198947
scope_20260817_114548,sweep_3967,4,1100.0,941.9006000487685,100.0,96.01855802968262,0.18627710673571024,0.18143484737889878,0.17865304954880548
scope_20260817_114548,sweep_3968,4,1100.0,1003.9355346738457,99.0,97.86776673173317,0.1899313546260262,0.1970243610137043,0.18552952564568234
scope_20260817_114548,sweep_3969,4,1100.0,1063.135161529246,99.0,99.58361448064693,0.1899313546260262,0.18526430351818512,0.18461196016451395
scope_20260817_114548,sweep_3970,4,1200.0,1194.8854632298724,99.0,97.13892964881506,0.19837683003473416,0.20344645372519177,0.20535364354057464
scope_20260817_114548,sweep_3971,4,1200.0,1136.2861394636245,100.0,95.55053764495233,0.19456009259257062,0.20693313262679364,0.20674551505887706
scope_20260817_114548,sweep_3972,4,1200.0,1220.208637466275,100.0,99.4076409838854,0.19456009259257062,0.20782268081333824,0.1984574552843533
scope_20260817_114548,sweep_3973,4,1200.0,1098.150351667461,100.0,98.56726189850687,0.19456009259257062,0.19604774886064802,0.19138578587390345
scope_20260817_114548,sweep_3974,4,1200.0,1221.670995404832,100.0,95.92022328996946,0.19456009259257062,0.210273344618626,0.2127768475105309
scope_20260817_114548,sweep_3975,4,1200.0,1179.857202295683,100.0,100.17152048042928,0.19456009259257062,0.19564583350467982,0.1922823897833999
scope_20260817_114548,sweep_3987,4,1500.0,1513.8129974669603,100.0,99.17005447083592,0.2175247963728206,0.2307590980261012,0.22207284060927393
scope_20260817_114548,sweep_3988,4,1500.0,1583.8015680887734,100.0,99.84753354718056,0.2175247963728206,0.2232066611087288,0.22417864878836077
scope_20260817_114548,sweep_3989,4,1500.0,1392.8377404962114,100.0,95.77043462621316,0.2175247963728206,0.21344310025296379,0.2278823939174489
scope_20260817_114548,sweep_3990,4,1500.0,1456.9869826742472,100.0,97.92571128835398,0.2175247963728206,0.2185023344068791,0.22324966090034307
scope_20260817_114548,sweep_3991,4,1500.0,1350.9715693510223,100.0,97.2568924348029,0.2175247963728206,0.21927016655983336,0.21784260627454136
scope_20260817_114548,sweep_3992,4,1500.0,1542.0522623812274,99.0,98.85065483594991,0.22179203855929377,0.23332290963492258,0.22553683758698714
scope_20260817_114548,sweep_4015,4,2000.0,1999.5420728261124,100.0,99.9040979384775,0.251175999482533,0.24964411457750285,0.2516133947876099
scope_20260817_114548,sweep_4016,4,2000.0,1972.5488803859735,100.0,96.17193153774868,0.251175999482533,0.2770962671582775,0.269004141519501
scope_20260817_114548,sweep_4017,4,2000.0,1741.8173204626094,100.0,100.56256021370439,0.251175999482533,0.244168528738475,0.23187633101890154
scope_20260817_114548,sweep_4018,4,2000.0,1982.579949085884,100.0,99.01013486233087,0.251175999482533,0.24901859228000647,0.25493515420882223
scope_20260817_114548,sweep_4019,4,2000.0,1996.6620421440243,100.0,99.39535463385151,0.251175999482533,0.25117186700241073,0.2539255604286475
scope_20260817_114548,sweep_4020,4,2000.0,2061.5953304402196,99.0,98.81084795047627,0.25610338633264823,0.2739275806434375,0.2609803800513664
scope_20260817_114548,sweep_4051,4,2700.0,2534.9526449109385,100.0,100.46137073265915,0.2918401388888559,0.2807881121742014,0.2802753256788045
scope_20260817_114548,sweep_4052,4,2700.0,2506.250671150312,100.0,100.24455392664463,0.2918401388888559,0.28081330366663426,0.2798500350538563
scope_20260817_114548,sweep_4053,4,2700.0,2625.5502465769955,100.0,98.91764081466668,0.2918401388888559,0.282037822602435,0.29390657160555667
scope_20260817_114548,sweep_4054,4,2700.0,2537.854234364978,100.0,98.97672826808437,0.2918401388888559,0.29837392736262924,0.2886230799473315
scope_20260817_114548,sweep_4055,4,2700.0,2633.723071001923,100.0,100.20255830506103,0.2918401388888559,0.284058472205954,0.287111001768355
scope_20260817_114548,sweep_4056,4,2700.0,2426.632846678973,100.0,99.07550840167362,0.2918401388888559,0.2735555325003742,0.28168401872719784
scope_20260817_114548,sweep_4062,4,2900.0,2521.924296598262,100.0,98.0010837292822,0.3024559553691606,0.29812279819556703,0.29328021890140943
scope_20260817_114548,sweep_4063,4,2900.0,2542.67517314951,100.0,99.96919632711608,0.3024559553691606,0.2771937855238693,0.283378678437213
scope_20260817_114548,sweep_4064,4,2900.0,2477.765387768863,100.0,99.7636843086925,0.3024559553691606,0.28510330718809895,0.280853056522148
scope_20260817_114548,sweep_4065,4,2900.0,2537.297282822917,100.0,100.20553685938037,0.3024559553691606,0.27658834633060697,0.2817899567520838
scope_20260817_114548,sweep_4066,4,2900.0,2598.1913342904095,100.0,99.98691551317279,0.3024559553691606,0.28693177357653105,0.2863574831404025
scope_20260817_114548,sweep_4067,4,2900.0,2469.523735080282,100.0,99.23614897776122,0.3024559553691606,0.277727747577588,0.2832738987123094
scope_20260817_114548,sweep_4074,4,2900.0,2509.782231259926,100.0,100.13521965143072,0.3024559553691606,0.286257677079053,0.280638343937418
scope_20260817_114548,sweep_4075,4,2900.0,2161.847002477072,100.0,100.30828828285053,0.3024559553691606,0.2722686115901099,0.2595925211066409
scope_20260817_114548,sweep_4076,4,2900.0,2500.72797083278,100.0,96.48769997280796,0.3024559553691606,0.3114979081631649,0.3009705352502203
scope_20260817_114548,sweep_4077,4,2900.0,2544.2248918200858,100.0,99.3117676102499,0.3024559553691606,0.2962268707535917,0.28710330907559056
scope_20260817_114548,sweep_4078,4,2900.0,2584.0271678036584,100.0,99.17244630533035,0.3024559553691606,0.2919420265574897,0.29012664853953324
scope_20260817_114548,sweep_4081,4,2700.0,2557.787250003283,100.0,98.0824592392834,0.2918401388888559,0.28181389632042725,0.29488442815924587
scope_20260817_114548,sweep_4082,4,2700.0,2701.392858476928,100.0,98.08818086718028,0.2918401388888559,0.32418587187494335,0.30301526754856045
scope_20260817_114548,sweep_4083,4,2700.0,2573.0699475230845,100.0,99.95535240990384,0.2918401388888559,0.2876185696583947,0.2851436918141945
scope_20260817_114548,sweep_4084,4,2700.0,2477.754804923145,100.0,100.11435515151899,0.2918401388888559,0.28499324722947933,0.2789542927565423
scope_20260817_114548,sweep_4085,4,2700.0,2516.1528360580382,100.0,96.90536287746635,0.2918401388888559,0.29251089282399617,0.2993851456342418
scope_20260817_114548,sweep_4086,4,2700.0,2453.2481756182815,100.0,99.4887149247677,0.2918401388888559,0.2718729353108317,0.28095496604416603
scope_20260817_114548,sweep_4115,4,2100.0,2148.1260498327592,100.0,98.67821523837527,0.2573788100288209,0.28828078182101835,0.2670938707491161
scope_20260817_114548,sweep_4116,4,2100.0,2207.7942489181055,100.0,98.87115918314205,0.2573788100288209,0.27239332562992785,0.26975722440909694
scope_20260817_114548,sweep_4117,4,2100.0,2172.356909212455,100.0,99.09567291100329,0.2573788100288209,0.2520017732792505,0.26641268223059184
scope_20260817_114548,sweep_4118,4,2100.0,2204.0804730701043,100.0,99.86148919301193,0.2573788100288209,0.24992853956684433,0.26438710794330145
scope_20260817_114548,sweep_4119,4,2100.0,2274.288952087065,100.0,99.68198974053806,0.2573788100288209,0.26070222818907307,0.2695004876913918
scope_20260817_114548,sweep_4120,4,2100.0,2167.8612422489873,100.0,99.35048417449326,0.2573788100288209,0.2746389092541994,0.2648188884489518
scope_20260817_114548,sweep_4121,4,2000.0,2104.112210845673,99.0,99.8004428637718,0.25610338633264823,0.25011656352879696,0.2586272514193216
scope_20260817_114548,sweep_4122,4,2000.0,2098.0214523776854,99.0,98.7585093793944,0.25610338633264823,0.2410753612849814,0.26354574256430335
scope_20260817_114548,sweep_4123,4,2000.0,2157.098578620466,100.0,97.06718513453164,0.251175999482533,0.2745577152013845,0.2763089672450697
scope_20260817_114548,sweep_4124,4,2000.0,1971.5075995897223,100.0,100.22151200243675,0.251175999482533,0.33590516032036843,0.24831632515839977
scope_20260817_114548,sweep_4125,4,2000.0,2175.745419225857,100.0,99.91523881117435,0.251175999482533,0.2575842672785468,0.2624091204872821
scope_20260817_114548,sweep_4126,4,2000.0,1930.3277323894447,100.0,99.90788160378132,0.251175999482533,0.24839691007015863,0.24720213670948354
scope_20260817_114548,sweep_4147,4,1500.0,1508.0984643580296,100.0,99.74673981669146,0.2175247963728206,0.2190710514015621,0.21918281292001895
scope_20260817_114548,sweep_4148,4,1500.0,1479.246556898742,100.0,98.95435735184422,0.2175247963728206,0.21668663340807334,0.22044883303762527
scope_20260817_114548,sweep_4149,4,1500.0,1471.3642560580831,100.0,99.69313199703628,0.2175247963728206,0.22287498308832612,0.21672200506505504
scope_20260817_114548,sweep_4150,4,1500.0,1458.4427969901924,100.0,99.80021507345582,0.2175247963728206,0.21857345404649778,0.21532103159128863
scope_20260817_114548,sweep_4151,4,1500.0,1559.5353282883334,100.0,99.89209112181878,0.2175247963728206,0.23054409010168092,0.22226290025880996
scope_20260817_114548,sweep_4163,4,1200.0,1240.3864392647788,100.0,99.39368243239075,0.19456009259257062,0.20539343056646042,0.20014593209164594
scope_20260817_114548,sweep_4164,4,1200.0,1210.005491960651,100.0,98.12003762906554,0.19456009259257062,0.19856838365503562,0.20267098569367026
scope_20260817_114548,sweep_4165,4,1200.0,1092.108545633411,100.0,97.1909039140988,0.19456009259257062,0.18057697109509005,0.19612041612777997
scope_20260817_114548,sweep_4166,4,1200.0,1302.5249922196376,99.0,98.3154845123758,0.19837683003473416,0.21595796815398116,0.20946896927696118
scope_20260817_114548,sweep_4167,4,1200.0,1321.35731216716,99.0,99.49853951491198,0.19837683003473416,0.20417211126420173,0.2061546855419763
scope_20260817_114548,sweep_4168,4,1200.0,1071.4410204432004,99.0,99.986244754962,0.19837683003473416,0.21129891713854024,0.18389195804828035
scope_20260817_114548,sweep_4199,4,500.0,550.6530079788307,99.0,98.73848380995317,0.09955095411466656,0.11838365176810477,0.10840519219362597
scope_20260817_114548,sweep_4200,4,500.0,504.0551232896236,99.0,101.013546643061,0.09955095411466656,0.11914601687420916,0.09639563650600004
scope_20260817_114548,sweep_4201,4,500.0,479.63347885096437,99.0,99.3732585937158,0.09955095411466656,0.07207411140451815,0.09547631902677167
scope_20260817_114548,sweep_4202,4,500.0,500.3687648485599,99.0,98.15285230799576,0.09955095411466656,0.10264081792314529,0.10128098903635725
scope_20260817_114548,sweep_4203,4,500.0,550.8630240557859,100.0,98.05185621462185,0.09763561020123664,0.10584171962228625,0.10991271440653783