file,sweep,group,rpm,y_true,y_pred
scope_20260424_115654,sweep_000,1,1031.78,1.3039179467837791,0.15631129454308978
scope_20260424_115654,sweep_001,1,1031.78,1.2472057437549073,0.1493951146668202
scope_20260424_115654,sweep_002,1,1031.78,1.2472057437549073,0.14730355993494557
scope_20260424_115654,sweep_003,1,1031.78,1.1937490342076567,0.16531881253145986
scope_20260424_115654,sweep_004,1,1031.78,1.1433238167802302,0.14340016146165582
scope_20260424_115654,sweep_005,1,1031.78,1.1433238167802302,0.15359035313888883
scope_20260424_115654,sweep_006,2,0.54,0.0020454758255549193,0.15582935394071062
scope_20260424_115654,sweep_007,2,14.53,0.03144763501530736,0.16547754845083115
scope_20260424_115654,sweep_008,2,14.53,0.030157122430660502,0.15844406321065335
scope_20260424_115654,sweep_009,2,14.53,0.02893719779053028,0.13853774489899845
scope_20260424_115654,sweep_010,2,14.53,0.02893719779053028,0.14907494714325548
scope_20260424_115654,sweep_011,2,14.53,0.027783210234427785,0.16201744040126734
scope_20260424_115654,sweep_012,2,14.53,0.02669086154727896,0.1540244787481462
scope_20260424_115654,sweep_013,2,14.53,0.02669086154727896,0.16373657117282683
scope_20260424_115654,sweep_014,2,14.53,0.02565617621098429,0.15440173038507268
scope_20260424_115654,sweep_015,2,14.53,0.024675474253672912,0.14938427344080932
scope_20260424_115654,sweep_016,2,14.53,0.024675474253672912,0.1706613766521148
scope_20260424_115654,sweep_017,2,14.53,0.023745346612873072,0.14764561456485523
scope_20260424_115654,sweep_018,2,14.53,0.02286263275976879,0.15790623401748533
scope_20260424_115654,sweep_019,2,14.53,0.02286263275976879,0.1661891956444108
scope_20260424_115654,sweep_020,2,14.53,0.022024400359061953,0.15726574526961928
scope_20260424_115654,sweep_021,2,14.53,0.022024400359061953,0.15895918979582857
scope_20260424_115654,sweep_022,2,14.53,0.02122792676314961,0.1629199345011705
scope_20260424_115654,sweep_023,2,14.53,0.02122792676314961,0.1624641066797154
scope_20260424_115654,sweep_024,2,14.53,0.02047068216074285,0.13994869925924316
scope_20260424_115654,sweep_025,2,14.53,0.02047068216074285,0.16383411958910968
scope_20260424_115654,sweep_026,2,14.53,0.02047068216074285,0.15115642060989232
scope_20260424_115654,sweep_027,2,14.53,0.019750314219046248,0.1598197528695457
scope_20260424_115654,sweep_028,2,14.53,0.019750314219046248,0.16431671626275512
scope_20260424_115654,sweep_029,2,14.53,0.019750314219046248,0.14182416941313053
scope_20260424_115654,sweep_030,2,14.53,0.019750314219046248,0.1569756429790116
scope_20260424_115654,sweep_031,2,14.53,0.019750314219046248,0.14288369464379314
scope_20260424_115654,sweep_032,2,14.53,0.019750314219046248,0.1517853002376099
scope_20260424_115654,sweep_033,2,14.53,0.019750314219046248,0.15209331106849563
scope_20260424_115654,sweep_034,2,14.53,0.01906463407545526,0.15637712228129208
scope_20260424_115654,sweep_035,2,14.53,0.01906463407545526,0.14664220093884225
scope_20260424_115654,sweep_036,2,14.53,0.01906463407545526,0.15413502354174874
scope_20260424_115654,sweep_037,2,14.53,0.01906463407545526,0.1505769805326071
scope_20260424_115654,sweep_038,2,14.53,0.01906463407545526,0.1577899733129803
scope_20260424_115654,sweep_039,2,14.53,0.01906463407545526,0.12796857528321348
scope_20260424_115654,sweep_040,2,14.53,0.01906463407545526,0.1588724536890983
scope_20260424_115654,sweep_041,2,14.53,0.01906463407545526,0.16325469699019138
scope_20260424_115654,sweep_042,2,14.53,0.01906463407545526,0.14023475777128827
scope_20260424_115654,sweep_043,2,14.53,0.019750314219046248,0.15638665172185423
scope_20260424_115654,sweep_044,2,14.53,0.019750314219046248,0.1456827585542393
scope_20260424_115654,sweep_045,2,14.53,0.019750314219046248,0.15875511143554089
scope_20260424_115654,sweep_046,2,14.53,0.019750314219046248,0.16095642926706935
scope_20260424_115654,sweep_047,2,14.53,0.019750314219046248,0.1727670820405714
scope_20260424_115654,sweep_048,2,14.53,0.019750314219046248,0.1565423728325744
scope_20260424_115654,sweep_049,2,14.53,0.019750314219046248,0.24044123914207707
scope_20260424_115654,sweep_053,4,435.08,0.3318225672629654,0.3934565547614167
scope_20260424_115654,sweep_054,4,413.95,0.3300035421867169,0.3533794964439113
scope_20260424_115654,sweep_055,4,401.38,0.3216644828306798,0.3602826591409673
scope_20260424_115654,sweep_056,4,381.93,0.30867281802686913,0.4353078603959565
scope_20260424_115654,sweep_057,4,364.25,0.29676555412840355,0.39038608141922543
scope_20260424_115654,sweep_058,4,364.04,0.2966235396562312,0.30002992925936744
scope_20260424_115654,sweep_059,4,364.68,0.29705630224988216,0.3011942509914522
scope_20260424_115654,sweep_060,5,520.6,0.399163030608154,0.3504025617064021
scope_20260424_115654,sweep_061,5,484.54,0.3899875275544041,0.3441166874513065
scope_20260424_115654,sweep_062,5,467.08,0.3782874000801627,0.4189915335514915
scope_20260424_115654,sweep_063,5,450.85,0.36734466947554256,0.4920537539428329
scope_20260424_115654,sweep_064,6,435.06,0.3566341438711733,0.35634044926864505
scope_20260424_115654,sweep_065,6,420.64,0.3467950523309022,0.3409126999446069
scope_20260424_115654,sweep_066,6,406.91,0.3373733410483544,0.33980444108129
scope_20260424_115654,sweep_067,6,398.07,0.33127866188560373,0.26143068756051985
scope_20260424_115654,sweep_068,6,385.97,0.32289890122720155,0.3522070696550411
scope_20260424_115654,sweep_069,6,374.56,0.32677317072680834,0.34312209257217513
scope_20260424_115654,sweep_070,6,366.61,0.32100604288768886,0.4550779039606368
scope_20260424_115654,sweep_080,8,445.68,0.3918636606888146,0.46622327747787967
scope_20260424_115654,sweep_081,9,619.7,0.5151769484425386,0.4400201271264084
scope_20260424_115654,sweep_082,9,613.57,0.510943639987942,0.6215804859638524
scope_20260424_115654,sweep_083,9,601.67,0.502705014434661,0.41692892390086106
scope_20260424_115654,sweep_084,9,588.63,0.49364525433603285,0.49236445805145906
scope_20260424_115654,sweep_085,9,577.1,0.5043551330607924,0.44874733510832043
scope_20260424_115654,sweep_086,9,568.74,0.498283476296419,0.48143947118783764
scope_20260424_115654,sweep_087,9,558.5,0.4908256956853179,0.5948460377243155
scope_20260424_115654,sweep_088,10,549.11,0.48396651718956457,0.46303988388166734
scope_20260424_115654,sweep_089,10,539.16,0.4766764707030552,0.36584374666822583
scope_20260424_115654,sweep_090,10,530.87,0.4705851799821866,0.3567283922306121
scope_20260424_115654,sweep_098,12,642.7,0.5731020176961188,0.5166864809531666
scope_20260424_115654,sweep_099,12,632.28,0.5653792788749732,0.3894465544790876
scope_20260424_115654,sweep_100,12,625.26,0.5601642454828225,0.5765442781410759
scope_20260424_115654,sweep_101,12,616.62,0.5537320513746635,0.6184022424405045
scope_20260424_115654,sweep_102,13,794.6,0.683452527509244,0.5326426045066778
scope_20260424_115654,sweep_103,13,790.57,0.680574264436875,0.6368918828755423
scope_20260424_115654,sweep_104,13,778.66,0.6987634786050182,0.48568851042843636
scope_20260424_115654,sweep_105,13,771.95,0.6937619585727238,0.6527453648667063
scope_20260424_115654,sweep_106,13,761.51,0.6859654257664696,0.5347844465902833
scope_20260424_115654,sweep_107,13,751.34,0.6783530368682597,0.5328341324941221
scope_20260424_115654,sweep_108,14,742.41,0.6716543544458098,0.6429909549037338
scope_20260424_115654,sweep_109,14,733.62,0.6650473003021342,0.4904053643903126
scope_20260424_115654,sweep_110,14,725.14,0.6586604939813111,0.47861177205532557
scope_20260424_115654,sweep_111,14,715.96,0.6517321422586593,0.38610727734935457
scope_20260424_115654,sweep_112,15,895.09,0.7844419943924608,0.9172423463050636
scope_20260424_115654,sweep_113,15,888.81,0.7798712019804512,0.7506110401664733
scope_20260424_115654,sweep_114,15,881.28,0.8056134001712107,0.8019791136781154
scope_20260424_115654,sweep_115,15,868.94,0.7962393893515686,0.7850974034691242
scope_20260424_115654,sweep_116,15,859.32,0.7889159127381687,0.6466803138944486
scope_20260424_115654,sweep_117,16,849.93,0.7817540762572831,0.7756520906672935
scope_20260424_115654,sweep_118,16,839.67,0.7739132839015618,0.8056733795276451
scope_20260424_115654,sweep_119,16,834.04,0.76960386962435,0.6469385072542577
scope_20260424_115654,sweep_120,16,828.45,0.765320177421317,0.6613448865340819
scope_20260424_115654,sweep_121,16,820.78,0.7594345442441056,0.612461927380318
scope_20260424_115654,sweep_122,17,1025.01,0.9269283897169432,0.963553069979909
scope_20260424_115654,sweep_123,17,990.65,0.8877607400019798,0.9164891858409299
scope_20260424_115654,sweep_124,17,982.9,0.8819924768356632,0.9476092347607032
scope_20260424_115654,sweep_125,17,970.69,0.8728889459791473,0.7516909223002731
scope_20260424_115654,sweep_126,17,960.06,0.9003463682817496,0.7892008748006546
scope_20260424_115654,sweep_127,17,954.21,0.8957905057138591,0.8667206977257964
scope_20260424_115654,sweep_128,18,944.12,0.8879214333502865,0.8344411451352628
scope_20260424_115654,sweep_129,18,934.27,0.8802257320467809,0.5976383149658818
scope_20260424_115654,sweep_130,18,927.2,0.8746935144791834,0.8485102397960602
scope_20260424_115654,sweep_131,18,921.69,0.8703770119351014,0.853880130971976
scope_20260424_115654,sweep_132,18,914.9,0.8650517245313325,1.0555042289975174
scope_20260424_115654,sweep_133,19,1093.33,0.9965006763794501,0.9069802707403714
scope_20260424_115654,sweep_134,19,1083.93,0.9922076783804121,0.8604555793437095
scope_20260424_115654,sweep_135,19,1072.65,0.9870314340748536,1.0190128948398987
scope_20260424_115654,sweep_136,19,1063.51,0.9828172134541289,1.0253162839044738
scope_20260424_115654,sweep_137,19,1050.92,0.9769825210410692,0.8433318414328048
scope_20260424_115654,sweep_138,20,1042.14,0.9728928196458893,0.9246148990262719
scope_20260424_115654,sweep_139,20,1035.13,0.9696151956597684,0.8568758642711786
scope_20260424_115654,sweep_140,20,1024.96,0.9269057816522929,0.867531309012997
scope_20260424_115654,sweep_141,20,1016.59,0.9231133872673477,0.9347351689070775
scope_20260424_115654,sweep_142,20,1011.72,0.920899633857973,0.6297163298498117
scope_20260424_115654,sweep_143,21,1217.63,1.010275456635068,0.8583399404133365
scope_20260424_115654,sweep_144,21,1182.9,0.9571620821604367,0.925683508020543
scope_20260424_115654,sweep_145,21,1173.85,0.953493577341675,0.8991928411484899
scope_20260424_115654,sweep_146,21,1160.77,0.9481663918483555,0.945101215028206
scope_20260424_115654,sweep_147,21,1152.12,0.908518774487504,0.9051391806546768
scope_20260424_115654,sweep_148,22,1143.71,0.9051967952659932,1.0023447921838327
scope_20260424_115654,sweep_149,22,1143.64,0.9051690938621266,1.0313108624127223
scope_20260424_115654,sweep_150,22,1145.69,0.9059799984463319,1.1208593313100432
scope_20260424_115654,sweep_151,22,1143.66,0.8710568881103906,0.9843699901492381
scope_20260424_115654,sweep_152,22,1143.77,0.8710987772880496,1.088394540351791
scope_20260424_115654,sweep_153,22,1145.74,0.8718486335968177,0.9867968603976813
scope_20260424_115654,sweep_154,23,1332.21,0.9401223947422029,1.1755866977465375
scope_20260424_115654,sweep_155,23,1332.21,0.9401223947422029,1.0475334951140443
scope_20260424_115654,sweep_156,23,1332.24,0.940132979977663,1.0564231383852798
scope_20260424_115654,sweep_157,23,1332.33,0.9401647349689736,1.0620633579497811
scope_20260424_115654,sweep_158,23,1332.3,0.9401541500910444,0.9563216871597165
scope_20260424_115654,sweep_159,23,1332.36,0.940175319727734,1.0409008210705972
scope_20260424_115654,sweep_160,23,1332.3,0.9401541500910444,1.0688629775527365
scope_20260424_115654,sweep_161,23,1332.27,0.940143565093942,1.2008037379749648
scope_20260424_115654,sweep_162,23,1332.27,0.940143565093942,0.9530843425580203
scope_20260424_115654,sweep_163,23,1332.27,0.940143565093942,1.0254729783040988
scope_20260424_115654,sweep_164,24,1517.49,1.0033696780188333,1.2527182488945146
scope_20260424_115654,sweep_165,24,1521.18,1.0045888577468907,0.9806307277417528
scope_20260424_115654,sweep_166,24,1521.34,1.00464168844112,1.1613587978527604
scope_20260424_115654,sweep_167,24,1521.26,1.0046152734412879,1.2337451794792145
scope_20260424_115654,sweep_168,24,1521.26,1.0046152734412879,1.2785694790325153
scope_20260424_115654,sweep_169,24,1521.41,1.0046648009962555,1.0501623713303967
scope_20260424_115654,sweep_170,24,1521.03,1.0045393264476359,1.263238516605118
scope_20260424_115654,sweep_171,24,1521.22,1.0046020656809131,1.0210474843050186
scope_20260424_115654,sweep_172,24,1521.3,1.004628481028021,1.0970611135618382
scope_20260424_115654,sweep_173,24,1521.14,1.043925826085883,1.258422265862484
scope_20260424_115654,sweep_174,24,1521.3,1.0439807269300596,1.200746117960935
scope_20260424_115654,sweep_185,26,1920.49,1.219600222539054,1.1762410276920912
scope_20260424_115654,sweep_186,26,1896.87,1.2120771216756974,1.2513432523098758
scope_20260424_115654,sweep_187,26,1897.05,1.212134629229284,1.1963094163812498
scope_20260424_115654,sweep_188,26,1896.87,1.2120771216756974,1.2003101444757067
scope_20260424_115654,sweep_189,26,1896.93,1.212096291163385,1.2356935272469414
scope_20260424_115654,sweep_190,26,1896.81,1.2120579518848316,1.248380459946417
scope_20260424_115654,sweep_191,26,1896.99,1.2121154603479094,1.119782033826919
scope_20260424_115654,sweep_192,26,1896.87,1.2120771216756974,1.3161511480428056
scope_20260424_115654,sweep_193,26,1902.65,1.213922392302427,1.2310147087982108
scope_20260424_115654,sweep_194,26,1896.93,1.212096291163385,1.3080085018500838
scope_20260424_115654,sweep_195,26,1896.99,1.2121154603479094,1.1548769585492784
scope_20260424_115654,sweep_196,27,2080.88,1.269506672654293,1.425404781751944
scope_20260424_115654,sweep_197,27,2081.02,1.269549377650466,1.4096355388264872
scope_20260424_115654,sweep_198,27,2080.73,1.3206568766203182,1.4103925529913777
scope_20260424_115654,sweep_199,27,2081.02,1.3207489061364988,1.2086877249024437
scope_20260424_115654,sweep_200,27,2080.95,1.3207266927024839,1.247082178257354
scope_20260424_115654,sweep_201,27,2080.8,1.3206790912286186,1.2787882767782301
scope_20260424_115654,sweep_202,27,2087.97,1.3229525259243313,1.1238890089599332
scope_20260424_115654,sweep_203,27,2080.8,1.3206790912286186,1.2501453673636775
scope_20260424_115654,sweep_204,27,2080.88,1.320704478894853,1.2479279203048774
scope_20260424_115654,sweep_205,27,2081.02,1.3207489061364988,1.3049969030572397
scope_20260424_115654,sweep_206,28,2270.66,1.3796158886262484,1.4562033438432327
scope_20260424_115654,sweep_207,28,2270.66,1.3796158886262484,1.4541831043983122
scope_20260424_115654,sweep_208,28,2270.83,1.3796675322698233,1.1834952207767693
scope_20260424_115654,sweep_209,28,2270.75,1.3796432296195378,1.4865197938056753
scope_20260424_115654,sweep_210,28,2270.58,1.3795915850662173,1.3248727633311306
scope_20260424_115654,sweep_211,28,2270.75,1.3796432296195378,1.4120628410777545
scope_20260424_115654,sweep_212,28,2270.75,1.3796432296195378,1.3217235508817
scope_20260424_115654,sweep_213,28,2270.66,1.3796158886262484,1.3667115266145442
scope_20260424_115654,sweep_214,28,2270.49,1.4360242110824024,1.4699661177024637
scope_20260424_115654,sweep_215,28,2270.75,1.4361064302524265,1.337674624411463
scope_20260424_115654,sweep_216,28,2270.66,1.4360779703031952,1.2863049947138654
scope_20260424_115654,sweep_217,29,2449.58,1.4915842163846884,1.4089213668347151
scope_20260424_115654,sweep_218,29,2449.48,1.491553770360481,1.3480550219349048
scope_20260424_115654,sweep_219,30,2459.22,1.4945163012877571,1.4514076936416902
scope_20260424_115654,sweep_220,30,2459.12,1.4944859149966856,1.4682585899204066
scope_20260424_115654,sweep_221,30,2459.12,1.4944859149966856,1.457438441544294
scope_20260424_115654,sweep_222,30,2459.22,1.4945163012877571,1.5459193739245365
scope_20260424_115654,sweep_227,33,2670.23,1.5573144050092804,1.344377443071828
scope_20260424_115654,sweep_228,34,2647.6,1.5507013021194915,1.5322547435277165
scope_20260424_115654,sweep_229,34,2636.32,1.486555728429482,1.4490128145764924
scope_20260424_115654,sweep_230,34,2647.72,1.4897663505275818,1.6151593892120863
scope_20260424_115654,sweep_231,34,2647.49,1.4897016432129633,1.364539393543642
scope_20260424_115654,sweep_232,34,2647.37,1.4896678817591154,1.428706463130319
scope_20260424_115654,sweep_233,34,2647.25,1.431887666612664,1.4436242365580751
scope_20260424_115654,sweep_234,34,2647.49,1.431952572694718,1.4437745505302315
scope_20260424_115654,sweep_235,34,2647.49,1.3772164857864309,1.3746972444847252
scope_20260424_115654,sweep_236,34,2647.37,1.3771852736097943,1.468334425616722
scope_20260424_115654,sweep_237,34,2647.37,1.3771852736097943,1.479546423157252
scope_20260424_115654,sweep_238,35,2853.75,1.375960655525955,1.387209785363302
scope_20260424_115654,sweep_239,36,2840.77,1.3728278786178871,1.3279740399260327
scope_20260424_115654,sweep_240,36,2841.04,1.3728931170427243,1.470074588911813
scope_20260424_115654,sweep_241,36,2828.32,1.3698162876005933,1.4732424489799514
scope_20260424_115654,sweep_242,36,2840.64,1.3217638797752647,1.548923709640826
scope_20260424_115654,sweep_243,36,2841.04,1.3218569374913112,1.4116287475574327
scope_20260424_115654,sweep_244,36,2841.04,1.3218569374913112,1.4417119452660307
scope_20260424_115654,sweep_245,36,2828.19,1.3188641756975352,1.5149942017093896
scope_20260424_115654,sweep_246,36,2828.45,1.3189247969438274,1.4048976706313983
scope_20260424_115654,sweep_247,36,2827.79,1.270419672941796,1.395960157242287
scope_20260424_115654,sweep_248,37,2962.67,1.300365004153017,1.3781986007194138
scope_20260424_115654,sweep_249,37,2976.63,1.3034250414671984,1.4684068176028358
scope_20260424_115654,sweep_250,37,2962.82,1.300397922480367,1.4372847247962157
scope_20260424_115654,sweep_251,37,2962.96,1.30042864550076,1.3386721610929921
scope_20260424_115654,sweep_252,37,2962.82,1.300397922480367,1.3403136438474883
scope_20260424_115654,sweep_253,37,2962.67,1.300365004153017,1.4420884327802554
scope_20260424_115654,sweep_254,37,2962.82,1.300397922480367,1.4591158084497338
scope_20260424_115654,sweep_255,37,2962.67,1.300365004153017,1.375578191080739
scope_20260424_115654,sweep_256,37,2962.82,1.3498901063611601,1.4009707700082015
scope_20260424_115654,sweep_257,37,2962.67,1.3498559351865993,1.233932187665878
scope_20260424_115654,sweep_258,37,2962.67,1.3498559351865993,1.232869808116486
scope_20260424_115654,sweep_259,37,2962.82,1.3498901063611601,1.2936041513584122
scope_20260424_115654,sweep_260,37,2976.78,1.353066526212738,1.352605485767479
scope_20260424_115654,sweep_261,37,2962.52,1.3498217631469842,1.3786441177788866
scope_20260424_115654,sweep_262,37,2976.78,1.353066526212738,1.38132825876133
scope_20260424_115654,sweep_263,37,2962.96,1.3499219986770037,1.3708484480164371
scope_20260424_115654,sweep_264,37,2962.96,1.3499219986770037,1.410669952696704
scope_20260424_115654,sweep_265,37,2962.52,1.3498217631469842,1.3800075024390797
scope_20260424_115654,sweep_266,37,2962.67,1.3498559351865993,1.3498118231291323
scope_20260424_115654,sweep_267,37,2962.52,1.3498217631469842,1.3862403240926662
scope_20260424_115654,sweep_268,37,2976.93,1.3531006163071027,1.4119594528417354
scope_20260424_115654,sweep_269,37,2976.63,1.353032435259462,1.2548342340665424
scope_20260424_115654,sweep_270,37,2962.67,1.4019731408559737,1.4004816251884193
scope_20260424_115654,sweep_271,37,2962.82,1.4020086313610542,1.2938205010526833
scope_20260424_115654,sweep_272,37,2962.96,1.4020417550219182,1.4142884065375605
scope_20260424_115654,sweep_273,37,2962.82,1.4020086313610542,1.3858851407860024
scope_20260424_115654,sweep_274,37,2962.52,1.4019376494524394,1.4211960297544102
scope_20260424_115654,sweep_275,37,2962.67,1.4019731408559737,1.2213212172487635
scope_20260424_115654,sweep_276,37,2962.52,1.4019376494524394,1.376636210156753
scope_20260424_115654,sweep_277,37,2962.67,1.4019731408559737,1.3775588086157373
scope_20260424_115654,sweep_278,37,2962.67,1.4019731408559737,1.3978155180863974
scope_20260424_115654,sweep_279,37,2962.52,1.4019376494524394,1.313971036172413
scope_20260424_115654,sweep_280,37,2962.52,1.4019376494524394,1.4311722638324629
scope_20260424_115654,sweep_281,37,2976.93,1.46039171302564,1.3524892621845275
scope_20260424_115654,sweep_282,37,2962.67,1.4568897521494961,1.3520544072826648
scope_20260424_115654,sweep_283,37,2962.67,1.4568897521494961,1.1588282256661235
scope_20260424_115654,sweep_284,37,2962.82,1.4569266328511612,1.4301958085724724
scope_20260424_115654,sweep_285,37,2962.82,1.4569266328511612,0.9303010945676088
scope_20260424_115654,sweep_286,37,2962.52,1.4568528705141839,1.4049656143284286
scope_20260424_115654,sweep_287,37,2962.67,1.4568897521494961,1.413044084834739
scope_20260424_115654,sweep_288,37,2962.67,1.4568897521494961,1.4202349188766707
scope_20260424_115654,sweep_289,37,2962.52,1.4568528705141839,1.3264767563220468
scope_20260424_115654,sweep_290,37,2962.38,1.45681844681214,1.2827805257431972
scope_20260424_115654,sweep_291,37,2976.78,1.4603549198332442,1.4034197343787267
scope_20260424_115654,sweep_292,37,2962.67,1.4568897521494961,1.358722495970429
scope_20260424_115654,sweep_293,37,2962.67,1.4568897521494961,1.397100820689139
scope_20260424_115654,sweep_294,37,2977.08,1.4604285052910893,1.4193123365893536
scope_20260424_115654,sweep_295,37,2962.82,1.4569266328511612,1.3748504063329858
scope_20260424_115654,sweep_296,37,2962.52,1.5147540256020255,1.3768073271051695
scope_20260424_115654,sweep_297,37,2962.96,1.5148665087288729,1.321945459429025
scope_20260424_115654,sweep_298,37,2962.38,1.5147182337644949,1.3880513187586283
scope_20260424_115654,sweep_299,37,2962.67,1.5147923730609147,1.4140606830675473
scope_20260424_115654,sweep_300,37,2962.67,1.5147923730609147,1.45052248964954
scope_20260424_115654,sweep_301,37,2963.11,1.5149048533404268,1.4187246320460272
scope_20260424_115654,sweep_302,37,2962.82,1.5148307195490502,1.309396719241332
scope_20260424_115654,sweep_303,37,2962.82,1.5148307195490502,1.3656641472824897
scope_20260424_115654,sweep_304,37,2962.67,1.5147923730609147,1.3908381024549084
scope_20260424_115654,sweep_305,37,2962.82,1.5148307195490502,1.2629373056556936
scope_20260424_115654,sweep_306,37,2962.67,1.5147923730609147,0.9986395368628709
scope_20260424_115654,sweep_307,37,2963.11,1.5149048533404268,1.2879100112985866
scope_20260424_115654,sweep_308,37,2962.38,1.5147182337644949,1.34735157323729
scope_20260424_115654,sweep_309,37,2962.82,1.5148307195490502,1.4282249101637723
scope_20260424_115654,sweep_310,37,2962.52,1.5147540256020255,1.184225964902298
scope_20260424_115654,sweep_311,37,2962.52,1.5147540256020255,1.3838869496804305
scope_20260424_115654,sweep_312,37,2962.52,1.5758423875424432,1.4197027224418008
scope_20260424_115654,sweep_313,37,2962.67,1.5758822815121245,1.3251906012669346
scope_20260424_115654,sweep_314,37,2962.67,1.5758822815121245,1.3837649129242169
scope_20260424_115654,sweep_315,37,2962.52,1.5758423875424432,1.3729202771881956
scope_20260424_115654,sweep_316,37,2962.52,1.5758423875424432,1.339350326070525
scope_20260424_115654,sweep_317,37,2962.67,1.5758822815121245,1.4118087112542828
scope_20260424_115654,sweep_318,37,2962.96,1.57595940698994,1.401290891998725
scope_20260424_115654,sweep_319,37,2962.67,1.5758822815121245,1.3851780687552833
scope_20260424_115654,sweep_320,37,2976.93,1.5796702675880248,1.3622489209083164
scope_20260424_115654,sweep_321,37,2962.82,1.575922174471903,1.4121405388025103
scope_20260424_115654,sweep_322,37,2962.82,1.575922174471903,1.4020279816606742
scope_20260424_115654,sweep_323,37,2962.67,1.5758822815121245,1.3636871071229038
scope_20260424_115654,sweep_324,37,2976.78,1.579630469284899,1.3838596225800794
scope_20260424_115654,sweep_325,37,2962.67,1.5758822815121245,1.367354706274825
scope_20260424_115654,sweep_326,37,2976.93,1.5796702675880248,1.3230479692762585
scope_20260424_115654,sweep_327,37,2962.38,1.5758051522595158,1.300875796953237
scope_20260424_115654,sweep_328,37,2962.52,1.5758423875424432,1.3002332534449386
scope_20260424_115654,sweep_329,37,2962.96,1.57595940698994,1.328301188268801
scope_20260424_115654,sweep_330,37,2976.63,1.5795906699790423,1.3974373519586214
scope_20260424_115654,sweep_331,37,2976.63,1.5795906699790423,1.320089689944603
scope_20260424_115654,sweep_332,37,2962.82,1.575922174471903,1.4553418086516108
scope_20260424_115654,sweep_333,37,2976.63,1.5795906699790423,1.4450534746440449
scope_20260424_115654,sweep_334,37,2976.93,1.6443197634415496,1.2569206231574566
scope_20260424_115654,sweep_335,37,2976.63,1.6442369082253323,1.2547957057995878
scope_20260424_115654,sweep_336,37,2976.93,1.6443197634415496,1.3253250925329139
scope_20260424_115654,sweep_337,37,2976.78,1.6442783363553253,1.418744628114541
scope_20260424_115654,sweep_338,37,2962.67,1.6403767504621671,1.3155039333388174
scope_20260424_115654,sweep_339,37,2962.96,1.6404570323729168,1.3175634202155946
scope_20260424_115654,sweep_340,37,2962.67,1.6403767504621671,1.4241586598816496
scope_20260424_115654,sweep_341,37,2962.82,1.6404182760789565,1.3383404702130608
scope_20260424_115654,sweep_342,37,2962.52,1.640335223794143,1.417756589274035
scope_20260424_115654,sweep_343,37,2962.82,1.6404182760789565,1.3311095368956996
scope_20260424_115654,sweep_344,37,2962.82,1.6404182760789565,1.4654597408055283
scope_20260424_115654,sweep_345,37,2962.52,1.640335223794143,1.4396130790991588
scope_20260424_115654,sweep_346,37,2963.11,1.640498555957546,1.4124706350895948
scope_20260424_115654,sweep_347,37,2962.67,1.6403767504621671,1.4166444998174694
scope_20260424_115654,sweep_348,37,2962.82,1.6404182760789565,1.3804607723864801
scope_20260424_115654,sweep_349,37,2976.49,1.6441982410288905,1.4592844142915709
scope_20260424_115654,sweep_350,37,2976.63,1.6442369082253323,1.3968496819939678
scope_20260424_115654,sweep_351,37,2962.67,1.6403767504621671,1.006827830574078
scope_20260424_115654,sweep_352,37,2962.67,1.6403767504621671,1.3570156775146307
scope_20260424_115654,sweep_353,37,2976.49,1.5795535230554885,1.358502335651544
scope_20260424_115654,sweep_354,37,2976.93,1.5796702675880248,1.5042091986021608
scope_20260424_115654,sweep_355,37,2962.52,1.5758423875424432,1.298197740948435
scope_20260424_115654,sweep_356,37,2962.67,1.5758822815121245,1.3706010609957728
scope_20260424_115654,sweep_357,37,2962.52,1.5758423875424432,1.4354414539286668
scope_20260424_115654,sweep_358,37,2976.63,1.5183570038914889,1.300102128417707
scope_20260424_115654,sweep_359,37,2962.82,1.5148307195490502,1.2978603646044489
scope_20260424_115654,sweep_360,37,2977.22,1.5185074737594073,1.3697600787182256
scope_20260424_115654,sweep_361,37,2962.82,1.4569266328511612,1.3938375247844772
scope_20260424_115654,sweep_362,37,2962.67,1.4568897521494961,1.4490731745659982
scope_20260424_115654,sweep_363,37,2962.96,1.4569610539970879,1.3341221480802201
scope_20260424_115654,sweep_364,37,2962.52,1.4568528705141839,1.2693689872592913
scope_20260424_115654,sweep_365,37,2962.82,1.4569266328511612,1.2747017815470267
scope_20260424_115654,sweep_366,37,2976.63,1.460318125713832,1.24033148916218
scope_20260424_115654,sweep_367,37,2962.67,1.4019731408559737,1.3652688791951686
scope_20260424_115654,sweep_368,37,2962.52,1.4019376494524394,1.2904325645535888
scope_20260424_115654,sweep_369,37,2977.08,1.4053785027574583,1.422736569338592
scope_20260424_115654,sweep_370,37,2962.67,1.4019731408559737,1.3268694217349362
scope_20260424_115654,sweep_371,37,2962.67,1.4019731408559737,1.1958812867391804
scope_20260424_115654,sweep_372,37,2962.82,1.4020086313610542,1.2079429657802132
scope_20260424_115654,sweep_373,37,2962.96,1.4020417550219182,1.3942587914250841
scope_20260424_115654,sweep_374,37,2962.38,1.4019045233318093,1.1882293723124344
scope_20260424_115654,sweep_375,37,2962.38,1.4019045233318093,1.391334465932563
scope_20260424_115654,sweep_376,37,2976.63,1.4052722838741245,1.2320750543095942
scope_20260424_115654,sweep_377,37,2962.67,1.4019731408559737,1.4150579881897456
scope_20260424_115654,sweep_378,37,2962.67,1.4019731408559737,1.3200775201667307
scope_20260424_115654,sweep_379,37,2962.67,1.4019731408559737,1.2283999479310235
scope_20260424_115654,sweep_380,37,2962.82,1.4020086313610542,1.0223876907409453
scope_20260424_115654,sweep_381,37,2962.82,1.4020086313610542,1.3614689308053558
scope_20260424_115654,sweep_382,37,2976.93,1.405343097355042,1.2596458579603373
scope_20260424_115654,sweep_383,37,2962.67,1.4019731408559737,1.3923167403142318
scope_20260424_115654,sweep_384,37,2976.49,1.4052392363618207,0.8934942201037367
scope_20260424_115654,sweep_385,37,2976.93,1.405343097355042,1.1954679204718337
scope_20260424_115654,sweep_386,37,2962.96,1.4020417550219182,1.3329417194623039
scope_20260424_115654,sweep_387,37,2962.67,1.4568897521494961,1.4338785869888013
scope_20260424_115654,sweep_388,37,2976.78,1.4603549198332442,1.4363491954461645
scope_20260424_115654,sweep_389,37,2976.93,1.46039171302564,1.3126204798122547
scope_20260424_115654,sweep_390,37,2976.93,1.46039171302564,1.2652782846211024
scope_20260424_115654,sweep_391,37,2976.63,1.460318125713832,1.3336149849709829
scope_20260424_115654,sweep_392,37,2976.78,1.4603549198332442,1.3042148315589601
scope_20260424_115654,sweep_393,37,2976.93,1.46039171302564,1.3289870036846796
scope_20260424_115654,sweep_394,37,2976.78,1.4603549198332442,1.1150351711461852
scope_20260424_115654,sweep_395,37,2976.63,1.460318125713832,1.0887570441151782
scope_20260424_115654,sweep_396,37,2977.08,1.4604285052910893,1.307418250881331
scope_20260424_115654,sweep_397,37,2976.78,1.4603549198332442,1.3352875281961258
scope_20260424_115654,sweep_398,37,2962.67,1.4568897521494961,1.1433406296254176
scope_20260424_115654,sweep_399,37,2976.93,1.46039171302564,1.3568004446910458
scope_20260424_115654,sweep_400,37,2962.96,1.4569610539970879,1.4044502190549952
scope_20260424_115654,sweep_401,37,2977.08,1.4604285052910893,1.390144275025599
scope_20260424_115654,sweep_402,37,2962.67,1.5147923730609147,1.339868884478327
scope_20260424_115654,sweep_403,37,2976.63,1.5183570038914889,1.1672143759106155
scope_20260424_115654,sweep_404,37,2962.96,1.5148665087288729,1.3541485292338253
scope_20260424_115654,sweep_405,37,2976.63,1.5183570038914889,1.1524436622364496
scope_20260424_115654,sweep_406,37,2962.96,1.5148665087288729,1.4064108311472132
scope_20260424_115654,sweep_407,37,2962.67,1.5147923730609147,1.306956766784307
scope_20260424_115654,sweep_408,37,2976.78,1.5183952603562467,1.3042158108514783
scope_20260424_115654,sweep_409,37,2976.93,1.518433515857145,1.2471255609171643
scope_20260424_115654,sweep_410,37,2962.67,1.5147923730609147,1.3662740463466287
scope_20260424_115654,sweep_411,37,2976.49,1.5183212969880344,1.424843402268773
scope_20260424_115654,sweep_412,37,2976.93,1.518433515857145,1.3530103354794145
scope_20260424_115654,sweep_413,37,2962.82,1.5148307195490502,1.3794060173379021
scope_20260424_115654,sweep_414,37,2976.63,1.5183570038914889,1.3106035161449963
scope_20260424_115654,sweep_415,37,2962.96,1.5148665087288729,1.4599499927406743
scope_20260424_115654,sweep_416,37,2962.96,1.5148665087288729,1.1511835380293696
scope_20260424_115654,sweep_417,37,2962.82,1.5148307195490502,1.2430696440315991
scope_20260424_115654,sweep_418,37,2962.67,1.5758822815121245,1.322611758151668
scope_20260424_115654,sweep_419,37,2976.34,1.579513721810803,1.203409429240833
scope_20260424_115654,sweep_420,37,2963.11,1.5759992979974562,1.35577139262912
scope_20260424_115654,sweep_421,37,2962.82,1.575922174471903,1.4179086431434174
scope_20260424_115654,sweep_422,37,2962.82,1.575922174471903,1.2765705844294797
scope_20260424_115654,sweep_423,37,2962.52,1.5758423875424432,1.3809721800734058
scope_20260424_115654,sweep_424,37,2962.67,1.5758822815121245,1.4418257041847542
scope_20260424_115654,sweep_425,37,2962.82,1.575922174471903,1.3090736676606565
scope_20260424_115654,sweep_426,37,2962.96,1.57595940698994,1.311466964756574
scope_20260424_115654,sweep_427,37,2962.52,1.5758423875424432,1.4408086493741887
scope_20260424_115654,sweep_428,37,2962.82,1.575922174471903,1.3435108552768777
scope_20260424_115654,sweep_429,37,2962.52,1.5758423875424432,1.418688987965999
scope_20260424_115654,sweep_430,37,2962.52,1.5758423875424432,1.4232618204727823
scope_20260424_115654,sweep_431,37,2962.67,1.5758822815121245,1.3122652447009495
scope_20260424_115654,sweep_432,37,2976.78,1.579630469284899,1.3835852996090614
scope_20260424_115654,sweep_433,37,2962.52,1.5758423875424432,1.3854887784304744
scope_20260424_115654,sweep_434,37,2976.49,1.5795535230554885,1.4022864203099208
scope_20260424_115654,sweep_435,37,2962.38,1.5758051522595158,1.461098944720506
scope_20260424_115654,sweep_436,37,2976.49,1.5795535230554885,1.4246871813960944
scope_20260424_115654,sweep_437,37,2976.63,1.5795906699790423,1.2723012770296678
scope_20260424_115654,sweep_438,37,2962.96,1.6404570323729168,1.2018725834983375
scope_20260424_115654,sweep_439,37,2962.52,1.640335223794143,1.3461804050761181
scope_20260424_115654,sweep_440,37,2962.67,1.6403767504621671,1.427216790262834
scope_20260424_115654,sweep_441,37,2962.82,1.6404182760789565,1.202308446249723
scope_20260424_115654,sweep_442,37,2962.38,1.6402964646221367,1.260626423337125
scope_20260424_115654,sweep_443,37,2962.67,1.6403767504621671,1.4015238952546545
scope_20260424_115654,sweep_444,37,2962.67,1.6403767504621671,1.3763716986646475
scope_20260424_115654,sweep_445,37,2962.82,1.6404182760789565,1.4010831700324482
scope_20260424_115654,sweep_446,37,2962.67,1.6403767504621671,1.013274437335767
scope_20260424_115654,sweep_447,37,2962.96,1.6404570323729168,1.4556640754512569
scope_20260424_115654,sweep_448,37,2962.52,1.640335223794143,1.371433651813785
scope_20260424_115654,sweep_449,37,2962.67,1.6403767504621671,1.3629632860127117
scope_20260424_115654,sweep_450,37,2962.67,1.6403767504621671,1.3263419393756812
scope_20260424_115654,sweep_451,37,2962.67,1.6403767504621671,1.3689545459239683
scope_20260424_115654,sweep_452,37,2976.63,1.6442369082253323,1.4011558441191447
scope_20260424_115654,sweep_453,37,2962.82,1.6404182760789565,1.34829715223988
scope_20260424_115654,sweep_454,37,2962.96,1.6404570323729168,1.3318699356386703
scope_20260424_115654,sweep_455,37,2976.78,1.6442783363553253,1.39685149211552
scope_20260424_115654,sweep_456,37,2962.67,1.5758822815121245,1.2312486380946512
scope_20260424_115654,sweep_457,37,2976.63,1.5795906699790423,1.307419118653538
scope_20260424_115654,sweep_458,37,2962.67,1.5758822815121245,1.371213090799263
scope_20260424_115654,sweep_459,37,2976.34,1.579513721810803,1.3870493203461591
scope_20260424_115654,sweep_460,37,2962.52,1.5147540256020255,1.4041475054994572
scope_20260424_115654,sweep_461,37,2962.67,1.5147923730609147,1.4524465675700202
scope_20260424_115654,sweep_462,37,2976.93,1.518433515857145,1.1305908162382836
scope_20260424_115654,sweep_463,37,2962.52,1.4568528705141839,1.4145518355422433
scope_20260424_115654,sweep_464,37,2976.78,1.4603549198332442,1.4597911364111706
scope_20260424_115654,sweep_465,37,2962.82,1.4569266328511612,1.4611432439976626
scope_20260424_115654,sweep_466,37,2962.82,1.4569266328511612,1.0026830025527016
scope_20260424_115654,sweep_467,37,2962.96,1.4569610539970879,1.4228975478200938
scope_20260424_115654,sweep_468,37,2962.52,1.4019376494524394,1.3783203360396625
scope_20260424_115654,sweep_469,38,2840.77,1.3728278786178871,1.4663487338380299
scope_20260424_115654,sweep_470,38,2840.91,1.3728617063362694,1.5128084327389095
scope_20260424_115654,sweep_471,38,2841.04,1.3728931170427243,1.4729103109405752
scope_20260424_115654,sweep_472,38,2840.77,1.3728278786178871,1.4736915635654102
scope_20260424_115654,sweep_473,38,2840.64,1.3727964664187238,1.49460819319793
scope_20260424_115654,sweep_474,38,2840.91,1.3728617063362694,1.4324795842707125
scope_20260424_115654,sweep_475,38,2840.91,1.3728617063362694,1.3214369833427564
scope_20260424_115654,sweep_476,38,2840.91,1.3728617063362694,1.471158325689677
scope_20260424_115654,sweep_477,38,2827.92,1.3697194198682872,1.4783759417957616
scope_20260424_115654,sweep_478,38,2840.77,1.3728278786178871,1.4635634292727613
scope_20260424_115654,sweep_479,38,2840.91,1.3728617063362694,1.3791716035670794
scope_20260424_115654,sweep_480,39,2647.6,1.3253306439812607,1.4805529802958273
scope_20260424_115654,sweep_481,39,2647.49,1.3253031118984089,1.4895625034584434
scope_20260424_115654,sweep_482,39,2647.6,1.3253306439812607,1.1755301453460691
scope_20260424_115654,sweep_483,39,2647.6,1.3253306439812607,1.462163800119861
scope_20260424_115654,sweep_484,39,2647.72,1.3253606783284502,1.4281613371729032
scope_20260424_115654,sweep_485,39,2647.6,1.3253306439812607,1.3481654098248095
scope_20260424_115654,sweep_487,41,2647.6,1.3253306439812607,1.2956909770328855
scope_20260424_115654,sweep_488,41,2647.72,1.3253606783284502,1.433112404497027
scope_20260424_115654,sweep_489,41,2647.37,1.3252730762466052,1.2054778069831227
scope_20260424_115654,sweep_501,43,2270.75,1.275468419459905,1.3102583366019787
scope_20260424_115654,sweep_502,43,2278.77,1.2777188302340674,1.2075319510874767
scope_20260424_115654,sweep_503,43,2278.86,1.2777440617316111,1.2577352808599056
scope_20260424_115654,sweep_504,43,2271.01,1.2755414376910978,1.4060525661740724
scope_20260424_115654,sweep_505,43,2270.83,1.2754908870531805,1.3837305383227159
scope_20260424_115654,sweep_506,43,2270.83,1.2754908870531805,1.300726963857827
scope_20260424_115654,sweep_507,43,2270.75,1.275468419459905,1.4083517810528647
scope_20260424_115654,sweep_508,43,2279.03,1.2777917198676152,1.3252597655032143
scope_20260424_115654,sweep_509,43,2278.86,1.2777440617316111,1.3150310369981975
scope_20260424_115654,sweep_510,43,2279.03,1.3285762692476097,1.3442625489579962
scope_20260424_115654,sweep_511,44,2060.16,1.2631704144077214,1.1365830286616934
scope_20260424_115654,sweep_512,44,2087.68,1.2715792583704775,1.0777876993678321
scope_20260424_115654,sweep_513,44,2087.76,1.2716036216268551,1.180611365109031
scope_20260424_115654,sweep_514,44,2087.9,1.271646256202347,1.217941027376758
scope_20260424_115654,sweep_515,44,2087.76,1.2716036216268551,1.307536896994757
scope_20260424_115654,sweep_516,44,2081.38,1.2696591839021316,1.153018716046943
scope_20260424_115654,sweep_517,44,2080.88,1.269506672654293,1.2638601287197038
scope_20260424_115654,sweep_518,44,2087.54,1.271536621548551,1.0380685844217972
scope_20260424_115654,sweep_519,44,2087.68,1.2715792583704775,1.2576366144455242
scope_20260424_115654,sweep_520,44,2081.09,1.269570729609871,1.3320821669089993
scope_20260424_115654,sweep_521,44,2087.76,1.2716036216268551,1.2284876083891865
scope_20260424_115654,sweep_533,46,1709.35,1.1970095926215545,1.119242617749227
scope_20260424_115654,sweep_534,46,1709.26,1.1969780799759806,1.1527537861181816
scope_20260424_115654,sweep_535,46,1713.99,1.1986331221719182,1.2920038528267408
scope_20260424_115654,sweep_536,46,1709.35,1.1970095926215545,0.9970847061481812
scope_20260424_115654,sweep_537,46,1709.4,1.1970270992884067,1.0777203593428637
scope_20260424_115654,sweep_538,46,1709.35,1.1970095926215545,1.1914478435869165
scope_20260424_115654,sweep_539,46,1713.94,1.1986156389622167,1.1178988638881127
scope_20260424_115654,sweep_540,46,1713.94,1.1986156389622167,1.0907462066376457
scope_20260424_115654,sweep_541,46,1713.99,1.1986331221719182,1.1077131035947712
scope_20260424_115654,sweep_542,46,1709.35,1.1970095926215545,1.0790739326512426
scope_20260424_115654,sweep_543,46,1714.04,1.1986506051266137,1.0795449734895917
scope_20260424_115654,sweep_544,47,1521.3,1.129248611558914,0.9407786203469319
scope_20260424_115654,sweep_545,47,1521.34,1.1754796295581593,1.0518163022823444
scope_20260424_115654,sweep_546,47,1521.3,1.1754641762425788,1.227653632634392
scope_20260424_115654,sweep_547,47,1521.22,1.1754332690019276,1.1182780603797315
scope_20260424_115654,sweep_548,47,1521.22,1.1754332690019276,1.0771750896505177
scope_20260424_115654,sweep_549,47,1521.3,1.1754641762425788,0.9889278681003386
scope_20260424_115654,sweep_550,47,1521.18,1.1754178150768408,0.9626939515910136
scope_20260424_115654,sweep_551,47,1525.01,1.176896607896814,1.093626577872294
scope_20260424_115654,sweep_552,47,1521.18,1.1754178150768408,0.9942593589361814
scope_20260424_115654,sweep_553,48,1312.57,1.0918505627410913,0.9780188200187607
scope_20260424_115654,sweep_554,48,1332.24,1.100001303702937,0.8044562529493904
scope_20260424_115654,sweep_555,48,1335.05,1.1011607702671402,0.9352585674056025
scope_20260424_115654,sweep_556,48,1335.08,1.101173142327186,0.991711305036013
scope_20260424_115654,sweep_557,48,1335.11,1.101185514248229,1.0562054736123123
scope_20260424_115654,sweep_558,48,1334.96,1.1011236532529394,0.9311051752681013
scope_20260424_115654,sweep_559,48,1332.24,1.100001303702937,0.9596285037359463
scope_20260424_115654,sweep_560,48,1334.99,1.1011360257300216,0.8583122271979633
scope_20260424_115654,sweep_561,48,1335.05,1.1011607702671402,0.9371877166494474
scope_20260424_115654,sweep_562,48,1335.05,1.1011607702671402,0.961586374937021
scope_20260424_115654,sweep_563,48,1334.99,1.057842810801677,0.99434546639923
scope_20260424_115654,sweep_564,49,1123.11,0.9702715106357395,0.832708158703682
scope_20260424_115654,sweep_565,49,1145.83,0.9800364465990078,0.6733291729546993
scope_20260424_115654,sweep_566,49,1145.78,0.9420242624583548,0.775902024472579
scope_20260424_115654,sweep_567,49,1145.67,0.9419790421036401,0.6109335366778167
scope_20260424_115654,sweep_568,49,1143.73,0.9411811624293542,0.7023958775192741
scope_20260424_115654,sweep_569,49,1143.69,0.9051888806656786,0.7376607647681884
scope_20260424_115654,sweep_570,49,1145.76,0.906007675056595,0.9085983619344327
scope_20260424_115654,sweep_571,49,1143.77,0.9052205386517396,0.9461926428173745
scope_20260424_115654,sweep_572,49,1145.78,0.8718638524252474,0.9073510024792526
scope_20260424_115654,sweep_573,49,1145.8,0.8718714617398434,0.9697838750194182
scope_20260424_115654,sweep_574,49,1143.82,0.8711178171574607,0.6504656198052875
scope_20260424_115654,sweep_586,51,769.95,0.6168927622261825,0.5017366873535491
scope_20260424_115654,sweep_587,51,772.87,0.618833953279055,0.5076275220080679
scope_20260424_115654,sweep_588,51,772.9,0.618853890544827,0.55964362215848
scope_20260424_115654,sweep_589,51,774.78,0.6201030303380423,0.6972670424216032
scope_20260424_115654,sweep_590,51,776.72,0.6213914962167254,0.5238602673447884
scope_20260424_115654,sweep_591,51,777.67,0.622022246397844,0.5674972815275179
scope_20260424_115654,sweep_592,51,777.67,0.622022246397844,0.5779713839629628
scope_20260424_115654,sweep_593,51,779.59,0.6232966260569772,0.5660045952113995
scope_20260424_115654,sweep_594,51,781.58,0.6246169045184823,0.5984358703768509
scope_20260424_115654,sweep_595,51,782.57,0.6252735135388341,0.4025710289979474
scope_20260424_115654,sweep_596,52,595.96,0.49874204653637577,0.48204893247654274
scope_20260424_115654,sweep_597,52,602.86,0.5035301151279279,0.4583283484346991
scope_20260424_115654,sweep_598,52,609.37,0.508039018426815,0.4379564262034926
scope_20260424_115654,sweep_599,52,613.57,0.510943639987942,0.5136275087101706
scope_20260424_115654,sweep_600,52,616.62,0.5130508296515504,0.4029578305137026
scope_20260424_115654,sweep_601,52,622.13,0.5168531055997183,0.4559739678029055
scope_20260424_115654,sweep_602,52,628.42,0.5211866455191121,0.34967169245424373
scope_20260424_115654,sweep_603,52,632.23,0.5238079834362537,0.2740112891110071
scope_20260424_115654,sweep_604,52,636.15,0.5265022017330449,0.527094632429779
scope_20260424_115654,sweep_605,52,637.46,0.5477646383744337,0.49247314072112286
scope_20260424_115654,sweep_606,53,428.46,0.39389783048306143,0.4081787215323976
scope_20260424_115654,sweep_607,54,460.85,0.41845861638710374,0.33356507581912126
scope_20260424_115654,sweep_608,54,469.57,0.42501997172879213,0.3190342810693395
scope_20260424_115654,sweep_609,54,477.11,0.43067674744642886,0.282997317984481
scope_20260424_115654,sweep_610,54,484.92,0.43652008753311433,0.44898386238792887
scope_20260424_115654,sweep_611,54,492.6,0.4422505806217935,0.3909202030915125
scope_20260424_115654,sweep_612,54,498.91,0.44694747377432076,0.32015664730466326
scope_20260424_115654,sweep_613,54,502.94,0.4499419444525299,0.3935629178247256
scope_20260424_115654,sweep_614,54,507.47,0.45330307312352963,0.29815872452191056
scope_20260424_115654,sweep_615,54,513.79,0.45798382586198844,0.35315485883176595
scope_20260424_115654,sweep_616,54,518.92,0.46177603814461693,0.28098904263572994
scope_20260424_115654,sweep_748,58,536.95,0.36834624567973384,0.24896144571820653
scope_20260424_115654,sweep_749,59,365.75,0.2678268742805728,0.28006779365731144
scope_20260424_115654,sweep_750,59,365.32,0.26756550184579275,0.15654728970626652
scope_20260424_115654,sweep_751,59,365.76,0.26783295208751867,0.2405455907537343
scope_20260424_115654,sweep_752,59,365.54,0.26769923380765787,0.2972892908359663
scope_20260424_115654,sweep_753,59,365.33,0.27706192263342616,0.21483681856871203
scope_20260424_115654,sweep_754,59,365.32,0.2770556279975946,0.2646483120897943
scope_20260424_115654,sweep_755,59,365.54,0.2771941032211278,0.24016739828478828
scope_20260424_115654,sweep_756,59,365.54,0.2771941032211278,0.5010464067256467
scope_20260424_115654,sweep_757,59,364.89,0.27678493093429657,0.30003962200702483
scope_20260424_115654,sweep_758,59,365.55,0.2772003972127755,0.2817186088985147
scope_20260424_115654,sweep_759,59,365.75,0.2773262709002098,0.27634179408632364
scope_20260424_115654,sweep_760,59,365.97,0.2874440365468491,0.2738626581438914
scope_20260424_115654,sweep_761,59,365.32,0.28702023272256333,0.32874623251542967
scope_20260424_115654,sweep_762,59,365.11,0.28688328409800073,0.28208963698432515
scope_20260424_115654,sweep_763,59,366.17,0.2875744119712114,0.25438151368543943
scope_20260424_115654,sweep_764,59,366.17,0.2875744119712114,0.30642534464917975
scope_20260424_115654,sweep_765,59,365.12,0.2868898057646619,0.2765033392067501
scope_20260424_115654,sweep_766,59,365.76,0.287307129314584,0.32246215250954574
scope_20260424_115654,sweep_767,59,365.12,0.2868898057646619,0.21075144941104712
scope_20260424_115654,sweep_768,59,365.33,0.2974956946262686,0.2370742833691386
scope_20260424_115654,sweep_769,59,365.98,0.2979349541213058,0.25775034876559927
scope_20260424_115654,sweep_770,59,365.75,0.29777953901203824,0.24267857533426423
scope_20260424_115654,sweep_771,59,365.98,0.2979349541213058,0.2748407663893067
scope_20260424_115654,sweep_772,59,365.55,0.29764438193335163,0.3707361410953942
scope_20260424_115654,sweep_773,60,495.32,0.38300736273788943,0.36983003979737084
scope_20260424_115654,sweep_774,60,502.98,0.387917122950845,0.34341400574203823
scope_20260424_115654,sweep_775,60,509.14,0.3918562215463159,0.39584529922278217
scope_20260424_115654,sweep_776,60,513.75,0.40940311593485423,0.3782868016646374
scope_20260424_115654,sweep_777,60,519.32,0.4130838451523742,0.35843241078786325
scope_20260424_115654,sweep_778,60,523.69,0.41596690038018497,0.48938306357319794
scope_20260424_115654,sweep_779,60,528.15,0.41890511817036186,0.4076927104184377
scope_20260424_115654,sweep_780,60,532.18,0.42155642864841303,0.35856748510545167
scope_20260424_115654,sweep_781,60,535.42,0.4236855283503119,0.49190535090659526
scope_20260424_115654,sweep_782,60,540.55,0.4270521319011488,0.4733610647089837
scope_20260424_115654,sweep_794,62,904.34,0.7050194934850654,0.6449441996723797
scope_20260424_115654,sweep_795,62,896.39,0.6998714747420441,0.7357697670600576
scope_20260424_115654,sweep_796,62,891.41,0.6966427263119672,0.674440591072049
scope_20260424_115654,sweep_797,62,887.56,0.6941445038840195,0.7081134810268118
scope_20260424_115654,sweep_798,62,881.25,0.6900460248933625,0.7407705118220123
scope_20260424_115654,sweep_799,62,876.26,0.686801381238971,0.6886680405154392
scope_20260424_115654,sweep_800,62,872.59,0.6844130356731318,0.6343257624370335
scope_20260424_115654,sweep_801,62,867.73,0.6812476370816112,0.6731327494667335
scope_20260424_115654,sweep_802,62,864.11,0.6788879126703513,0.805218584593051
scope_20260424_115654,sweep_803,62,860.52,0.6765460837019439,0.611303090051244
scope_20260424_115654,sweep_804,63,1068.95,0.8108200442171597,0.9747007995180414
scope_20260424_115654,sweep_815,65,1160.77,0.7845131152794075,0.8076388604404
scope_20260424_115654,sweep_816,65,1152.21,0.7816150998566025,0.5871493179397234
scope_20260424_115654,sweep_825,67,1355.47,0.7613651062737588,0.9193075247776834
scope_20260424_115654,sweep_826,68,1332.09,0.7547702923358905,0.8067229210706763
scope_20260424_115654,sweep_827,68,1335.02,0.7555999142938563,0.7157348998972685
scope_20260424_115654,sweep_828,68,1335.08,0.7556168936220625,0.8640935271768462
scope_20260424_115654,sweep_829,68,1332.42,0.729007046915007,0.6400370900512476
scope_20260424_115654,sweep_830,68,1332.3,0.7289742183716847,0.8485029642932403
scope_20260424_115654,sweep_831,68,1332.27,0.7289660110048519,0.9243297590410229
scope_20260424_115654,sweep_832,68,1332.33,0.7289824256461134,0.9880971557149704
scope_20260424_115654,sweep_833,68,1335.11,0.7297425658137348,0.9874299578504132
scope_20260424_115654,sweep_834,68,1335.02,0.7297179693618385,0.9193992395399767
scope_20260424_115654,sweep_835,68,1332.21,0.7289495959939624,0.8862434454587028
scope_20260424_115654,sweep_836,69,1517.53,0.7780003594550517,1.0342768224724304
scope_20260424_115654,sweep_837,69,1521.18,0.7789354302058077,0.9757684058598346
scope_20260424_115654,sweep_838,69,1521.34,0.7789763939286484,1.1124759417210512
scope_20260424_115654,sweep_839,69,1521.22,0.8065736451819154,0.9280529890566556
scope_20260424_115654,sweep_840,69,1521.26,0.8065842494119823,0.8727572666250724
scope_20260424_115654,sweep_841,69,1521.26,0.8065842494119823,1.0481139440054352
scope_20260424_115654,sweep_842,69,1521.26,0.8065842494119823,0.8998662595012401
scope_20260424_115654,sweep_843,69,1521.18,0.8065630408124304,0.9859271882709624
scope_20260424_115654,sweep_844,69,1521.18,0.8065630408124304,1.1051565546449469
scope_20260424_115654,sweep_845,69,1521.3,0.8065948535026359,0.9765802357856315
scope_20260424_115654,sweep_846,69,1524.89,0.8075460035768307,0.8112232615376642
scope_20260424_115654,sweep_868,72,2080.73,1.0503522865489547,1.1215409665830032
scope_20260424_115654,sweep_869,72,2081.02,1.0504254799835717,1.154108943909658
scope_20260424_115654,sweep_870,72,2087.61,1.052087365099992,1.19064403244538
scope_20260424_115654,sweep_871,72,2080.88,1.0503901458588085,1.1546280053966924
scope_20260424_115654,sweep_872,72,2080.88,1.0898008723945414,1.1874846730966495
scope_20260424_115654,sweep_873,72,2080.95,1.0898192024807358,1.2531979599007015
scope_20260424_115654,sweep_874,72,2080.8,1.0897799233470804,1.1105250766971
scope_20260424_115654,sweep_875,72,2087.54,1.0915434706207117,1.141937773435775
scope_20260424_115654,sweep_876,72,2080.8,1.0897799233470804,0.9312775583647996
scope_20260424_115654,sweep_877,72,2080.95,1.0898192024807358,1.0366775577444474
scope_20260424_115654,sweep_889,74,2459.12,1.2298032643066157,1.2391262535631398
scope_20260424_115654,sweep_890,74,2459.02,1.2297782591062383,1.2838777473866396
scope_20260424_115654,sweep_891,74,2459.42,1.2298782768573966,1.2532979937142588
scope_20260424_115654,sweep_892,74,2459.12,1.2298032643066157,1.2081168395302249
scope_20260424_115654,sweep_893,74,2459.32,1.2298532731821636,1.2935732235844637
scope_20260424_115654,sweep_894,74,2459.12,1.2298032643066157,1.292101839979965
scope_20260424_115654,sweep_895,74,2468.73,1.232203896561139,1.250397765422034
scope_20260424_115654,sweep_896,74,2459.32,1.2298532731821636,1.1545344018838595
scope_20260424_115654,sweep_897,74,2459.22,1.2298282689985802,1.210738433486856
scope_20260424_115654,sweep_898,74,2459.02,1.2297782591062383,1.241015665919135
scope_20260424_115654,sweep_899,74,2468.73,1.1870265435752527,0.9858575586750253
scope_20260424_115654,sweep_900,75,2647.72,1.2293050371325716,1.2493895809765383
scope_20260424_115654,sweep_901,75,2647.6,1.1848225383300914,1.0315217184118495
scope_20260424_115654,sweep_902,76,2658.51,1.1872611855480857,1.1448806077591234
scope_20260424_115654,sweep_921,80,2977.08,1.1283485277935184,1.1394877396817713
scope_20260424_115654,sweep_922,80,2976.63,1.1282632469098288,1.1038714254636657
scope_20260424_115654,sweep_923,80,2976.93,1.128320101548479,1.0591747941857919
scope_20260424_115654,sweep_924,80,2976.93,1.128320101548479,1.0466599088160091
scope_20260424_115654,sweep_925,80,2976.63,1.168842452473788,1.1070147065526632
scope_20260424_115654,sweep_926,80,2962.96,1.1661554434793528,1.1234723585468
scope_20260424_115654,sweep_927,80,2976.78,1.1688719025833314,1.0601134586371206
scope_20260424_115654,sweep_928,80,2962.67,1.166098373293797,1.083973381618429
scope_20260424_115654,sweep_929,80,2976.34,1.1687855134911849,1.0289186048268115
scope_20260424_115654,sweep_930,80,2962.52,1.1660688531362984,0.9923526012491691
scope_20260424_115654,sweep_931,80,2963.11,1.1661849614449518,1.046830226291761
scope_20260424_115654,sweep_932,80,2976.78,1.1688719025833314,1.1520247542883548
scope_20260424_115654,sweep_933,80,2976.93,1.1689013519508884,1.0412178544926127
scope_20260424_115654,sweep_934,80,2962.52,1.208599752153604,1.0143603045603884
scope_20260424_115654,sweep_935,80,2976.78,1.211505039313832,1.035483421682352
scope_20260424_115654,sweep_936,80,2962.67,1.2086303490218255,1.0157185465333207
scope_20260424_115654,sweep_937,80,2976.78,1.211505039313832,1.0879632350807653
scope_20260424_115654,sweep_938,80,2962.82,1.208660945115497,1.0785909508579157
scope_20260424_115654,sweep_939,80,2962.52,1.208599752153604,1.085456432362524
scope_20260424_115654,sweep_940,80,2962.52,1.208599752153604,1.035925521857992
scope_20260424_115654,sweep_941,80,2976.63,1.2114745150484771,1.0599173302501437
scope_20260424_115654,sweep_942,80,2976.78,1.2563206270214229,0.8663030221410432
scope_20260424_115654,sweep_943,80,2976.63,1.2562889736126914,1.0763950554265993
scope_20260424_115654,sweep_944,80,2976.93,1.2563522796326567,1.0208472144927594
scope_20260424_115654,sweep_945,80,2962.67,1.2533395971511787,1.0624528007207428
scope_20260424_115654,sweep_946,80,2962.82,1.2533713250452763,0.9323307421463544
scope_20260424_115654,sweep_947,80,2977.08,1.2563839314464529,0.9811618274009157
scope_20260424_115654,sweep_948,80,2962.52,1.2533078684538796,1.1431587729926003
scope_20260424_115654,sweep_949,80,2962.38,1.2532782542783465,0.9135237540204441
scope_20260424_115654,sweep_950,80,2962.96,1.30042864550076,1.2737394519331946
scope_20260424_115654,sweep_951,80,2976.93,1.3034907227343524,1.0993383494783042
scope_20260424_115654,sweep_952,80,2976.49,1.3033943890764914,1.1678466692005907
scope_20260424_115654,sweep_953,80,2976.93,1.3034907227343524,0.9223771270870806
scope_20260424_115654,sweep_954,80,2976.93,1.3034907227343524,0.8066722410507349
scope_20260424_115654,sweep_955,80,2962.67,1.300365004153017,1.1409878634839348
scope_20260424_115654,sweep_956,80,2962.67,1.300365004153017,1.081399121822556
scope_20260424_115654,sweep_957,80,2962.82,1.300397922480367,1.0787071697425061
scope_20260424_115654,sweep_958,80,2976.63,1.3034250414671984,1.10893373636144
scope_20260424_115654,sweep_959,80,2962.52,1.3498217631469842,1.2939371324423274
scope_20260424_115654,sweep_960,80,2976.78,1.353066526212738,1.0693340661722956
scope_20260424_115654,sweep_961,80,2962.82,1.3498901063611601,0.7881972578872916
scope_20260424_115654,sweep_962,80,2962.82,1.3498901063611601,1.2580680901226147
scope_20260424_115654,sweep_963,80,2976.34,1.352966523647397,1.4292541545305633
scope_20260424_115654,sweep_964,80,2976.63,1.353032435259462,1.1223769730269277
scope_20260424_115654,sweep_965,80,2976.63,1.353032435259462,1.1298159756436346
scope_20260424_115654,sweep_966,80,2962.67,1.3498559351865993,1.0513062697605653
scope_20260424_115654,sweep_967,80,2976.49,1.353000616261418,1.3480542543682108
scope_20260424_115654,sweep_968,80,2962.52,1.3498217631469842,1.2705122839812701
scope_20260424_115654,sweep_969,80,2962.67,1.3498559351865993,1.2392170328379042
scope_20260424_115654,sweep_970,80,2976.93,1.3531006163071027,1.1249894457135772
scope_20260424_115654,sweep_971,80,2962.52,1.3498217631469842,1.1481730291414314
scope_20260424_115654,sweep_972,80,2976.63,1.353032435259462,1.03718206621852
scope_20260424_115654,sweep_973,80,2962.82,1.3498901063611601,1.1050472051054205
scope_20260424_115654,sweep_974,80,2976.93,1.3531006163071027,0.992939239450632
scope_20260424_115654,sweep_975,80,2962.82,1.3498901063611601,0.9708907193629843
scope_20260424_115654,sweep_976,80,2976.78,1.3034578825144854,0.9114795290597033
scope_20260424_115654,sweep_977,80,2962.67,1.300365004153017,1.0945471988706965
scope_20260424_115654,sweep_978,80,2962.67,1.300365004153017,1.1054032305909176
scope_20260424_115654,sweep_979,80,2962.96,1.2534009370218209,1.0552886547292077
scope_20260424_115654,sweep_980,80,2976.93,1.2563522796326567,0.9246463800160029
scope_20260424_115654,sweep_981,80,2962.67,1.2533395971511787,1.0669543989852694
scope_20260424_115654,sweep_982,80,2976.78,1.211505039313832,1.094670844579204
scope_20260424_115654,sweep_983,80,2962.82,1.208660945115497,0.9493099191131253
scope_20260424_115654,sweep_984,80,2962.52,1.208599752153604,0.9592663666246787
scope_20260424_115654,sweep_985,80,2976.63,1.168842452473788,1.0274930221896905
scope_20260424_115654,sweep_986,80,2976.34,1.1687855134911849,1.1097014426934004
scope_20260424_115654,sweep_987,80,2962.67,1.166098373293797,1.0237294035640658
scope_20260424_115654,sweep_988,80,2962.52,1.1660688531362984,0.9759822399690279
scope_20260424_115654,sweep_989,80,2976.34,1.1687855134911849,0.97886354518623
scope_20260424_115654,sweep_990,80,2962.67,1.1256144351056017,1.0558902743106553
scope_20260424_115654,sweep_991,80,2976.93,1.128320101548479,1.019890434799732
scope_20260424_115654,sweep_992,80,2976.63,1.1282632469098288,1.0463506790472175
scope_20260424_115654,sweep_993,80,2976.93,1.128320101548479,1.1764626755620353
scope_20260424_115654,sweep_994,80,2962.67,1.1256144351056017,1.0789758922559407
scope_20260424_115654,sweep_995,80,2962.67,1.1256144351056017,1.3640257562142053
scope_20260424_115654,sweep_996,80,2962.96,1.125669523961008,1.0858833934913987
scope_20260424_115654,sweep_997,80,2977.08,1.1283485277935184,1.0744694004294442
scope_20260424_115654,sweep_998,80,2962.67,1.1256144351056017,1.132468025417883
scope_20260424_115654,sweep_999,80,2976.63,1.1282632469098288,1.0894653616332712
scope_20260424_115654,sweep_1000,80,2962.96,1.125669523961008,1.032625451966004
scope_20260424_115654,sweep_1001,80,2976.78,1.128291674587267,1.0327645991964625
scope_20260424_115654,sweep_1002,80,2976.63,1.1282632469098288,0.9496954341921373
scope_20260424_115654,sweep_1003,80,2976.93,1.1689013519508884,1.0050800627233503
scope_20260424_115654,sweep_1004,80,2962.67,1.166098373293797,1.0997565715877846
scope_20260424_115654,sweep_1005,80,2976.93,1.1689013519508884,1.0397090989308564
scope_20260424_115654,sweep_1006,80,2962.96,1.1661554434793528,1.0977843593050192
scope_20260424_115654,sweep_1007,80,2962.96,1.1661554434793528,1.0484499676776269
scope_20260424_115654,sweep_1008,80,2962.67,1.166098373293797,0.8460481640800512
scope_20260424_115654,sweep_1009,80,2976.63,1.168842452473788,1.1049667523580933
scope_20260424_115654,sweep_1010,80,2976.78,1.1688719025833314,1.0756250038978195
scope_20260424_115654,sweep_1011,80,2962.67,1.166098373293797,1.1834548377538205
scope_20260424_115654,sweep_1012,80,2962.52,1.208599752153604,1.2264046009825724
scope_20260424_115654,sweep_1013,80,2962.67,1.2086303490218255,1.0587026666510604
scope_20260424_115654,sweep_1014,80,2976.34,1.2114154992878925,1.0704746295433296
scope_20260424_115654,sweep_1015,80,2962.67,1.2086303490218255,1.1798754711025539
scope_20260424_115654,sweep_1016,80,2962.96,1.2086895007708263,1.0638200630935932
scope_20260424_115654,sweep_1017,80,2962.23,1.2085405960118776,0.9796161591950729
scope_20260424_115654,sweep_1018,80,2962.82,1.208660945115497,1.317129140535088
scope_20260424_115654,sweep_1019,80,2962.67,1.2086303490218255,0.9199532549749011
scope_20260424_115654,sweep_1020,80,2962.38,1.2532782542783465,1.1462717988262061
scope_20260424_115654,sweep_1021,80,2962.96,1.2534009370218209,1.088301253297275
scope_20260424_115654,sweep_1022,80,2962.82,1.2533713250452763,1.04026587859506
scope_20260424_115654,sweep_1023,80,2976.63,1.2562889736126914,0.7969906503837859
scope_20260424_115654,sweep_1024,80,2962.67,1.2533395971511787,0.8045278025480829
scope_20260424_115654,sweep_1025,80,2976.49,1.2562594297116345,0.9904429606154219
scope_20260424_115654,sweep_1026,80,2976.93,1.2563522796326567,1.0301612516332108
scope_20260424_115654,sweep_1027,80,2976.78,1.2563206270214229,0.9810330571327714
scope_20260424_115654,sweep_1028,80,2962.52,1.300332084992329,1.0680036071585066
scope_20260424_115654,sweep_1029,80,2976.78,1.3034578825144854,1.063188121923833
scope_20260424_115654,sweep_1030,80,2976.78,1.3034578825144854,1.0938281002199046
scope_20260424_115654,sweep_1031,80,2962.82,1.300397922480367,1.0347909534051374
scope_20260424_115654,sweep_1032,80,2962.82,1.300397922480367,1.0520729256945653
scope_20260424_115654,sweep_1033,80,2963.11,1.300461562217169,1.09947873426036
scope_20260424_115654,sweep_1034,80,2963.11,1.300461562217169,1.126396578164097
scope_20260424_115654,sweep_1035,80,2962.82,1.300397922480367,0.9917726980809268
scope_20260424_115654,sweep_1036,80,2962.96,1.30042864550076,1.0552160152958263
scope_20260424_115654,sweep_1037,80,2962.52,1.3498217631469842,1.011565354650026
scope_20260424_115654,sweep_1038,80,2976.78,1.353066526212738,1.0808780016063326
scope_20260424_115654,sweep_1039,80,2976.49,1.353000616261418,1.112525449237664
scope_20260424_115654,sweep_1040,80,2962.82,1.3498901063611601,1.2417720468056301
scope_20260424_115654,sweep_1041,80,2976.78,1.353066526212738,0.9394764806928952
scope_20260424_115654,sweep_1042,80,2962.82,1.3498901063611601,0.9340545310394086
scope_20260424_115654,sweep_1043,80,2962.67,1.3498559351865993,1.278046624043187
scope_20260424_115654,sweep_1044,80,2976.63,1.353032435259462,1.2997693482218786
scope_20260424_115654,sweep_1045,80,2963.11,1.3499561681793124,1.0421325115986266
scope_20260424_115654,sweep_1046,80,2962.96,1.3499219986770037,1.0323465818498914
scope_20260424_115654,sweep_1047,80,2962.96,1.3499219986770037,1.11615945804856
scope_20260424_115654,sweep_1048,80,2976.78,1.353066526212738,1.059800498580618
scope_20260424_115654,sweep_1049,80,2962.82,1.3498901063611601,1.0971163308625838
scope_20260424_115654,sweep_1050,80,2976.78,1.353066526212738,1.1154525253909853
scope_20260424_115654,sweep_1051,80,2962.67,1.3498559351865993,1.0153791171099278
scope_20260424_115654,sweep_1052,80,2962.96,1.3499219986770037,1.047898298954354
scope_20260424_115654,sweep_1053,80,2977.08,1.3531347055426213,0.9401360626069464
scope_20260424_115654,sweep_1054,80,2962.82,1.300397922480367,1.0784863834141043
scope_20260424_115654,sweep_1055,80,2976.93,1.3034907227343524,1.0983667140775264
scope_20260424_115654,sweep_1056,80,2976.78,1.3034578825144854,1.0700219810750538
scope_20260424_115654,sweep_1057,80,2962.82,1.2533713250452763,1.0833425420483604
scope_20260424_115654,sweep_1058,80,2962.82,1.2533713250452763,1.0222924336403312
scope_20260424_115654,sweep_1059,80,2962.67,1.2533395971511787,1.0213177139092453
scope_20260424_115654,sweep_1060,80,2977.08,1.211566085537451,0.8907701568940314
scope_20260424_115654,sweep_1061,80,2962.52,1.208599752153604,1.1164791314318356
scope_20260424_115654,sweep_1062,80,2962.67,1.2086303490218255,0.9567650033711429
scope_20260424_115654,sweep_1063,80,2976.63,1.168842452473788,1.1778678249863033
scope_20260424_115654,sweep_1064,80,2962.67,1.166098373293797,1.0554739048339379
scope_20260424_115654,sweep_1065,80,2962.82,1.1661278927040024,0.930524349838854
scope_20260424_115654,sweep_1066,80,2962.82,1.1661278927040024,1.0363356408592943
scope_20260424_115654,sweep_1067,80,2976.93,1.128320101548479,0.975128071029987
scope_20260424_115654,sweep_1068,80,2962.96,1.125669523961008,1.0734402879725802
scope_20260424_115654,sweep_1069,80,2962.67,1.1256144351056017,0.9813769435316494
scope_20260424_115654,sweep_1070,80,2962.52,1.1255859398120929,0.9106069693610243
scope_20260424_115654,sweep_1071,80,2962.52,1.1255859398120929,0.7511250314542787
scope_20260424_115654,sweep_1072,80,2976.49,1.1282367137646425,1.137938221428016
scope_20260424_115654,sweep_1073,80,2962.82,1.1256429296777613,0.8435883651321099
scope_20260424_115654,sweep_1074,80,2976.63,1.1282632469098288,1.1776865448584055
scope_20260424_115654,sweep_1075,80,2976.63,1.1282632469098288,0.9583061271512223
scope_20260424_115654,sweep_1076,80,2976.63,1.1282632469098288,1.1052815611900388
scope_20260424_115654,sweep_1077,80,2962.67,1.1256144351056017,0.85441771248969
scope_20260424_115654,sweep_1078,80,2963.11,1.1256980171387139,1.0255063952962247
scope_20260424_115654,sweep_1079,80,2962.82,1.1256429296777613,0.9852001150786796
scope_20260424_115654,sweep_1080,80,2962.52,1.1255859398120929,0.7851136965236241
scope_20260424_115654,sweep_1081,80,2962.82,1.1256429296777613,0.9945370277960012
scope_20260424_115654,sweep_1082,80,2962.96,1.1661554434793528,1.0680675360248948
scope_20260424_115654,sweep_1083,80,2976.93,1.1689013519508884,1.1497386997246275
scope_20260424_115654,sweep_1084,80,2962.38,1.1660413003150245,1.039796390488908
scope_20260424_115654,sweep_1085,80,2962.82,1.1661278927040024,1.0924667156708783
scope_20260424_115654,sweep_1086,80,2962.67,1.166098373293797,1.1120794044029847
scope_20260424_115654,sweep_1087,80,2976.78,1.1688719025833314,0.9309983844230961
scope_20260424_115654,sweep_1088,80,2962.67,1.166098373293797,0.6928466777979276
scope_20260424_115654,sweep_1089,80,2962.52,1.1660688531362984,0.9426218896207231
scope_20260424_115654,sweep_1090,80,2976.63,1.168842452473788,0.9839801055305997
scope_20260424_115654,sweep_1091,80,2962.82,1.208660945115497,0.7865598575631233
scope_20260424_115654,sweep_1092,80,2976.78,1.211505039313832,0.6877403710636686
scope_20260424_115654,sweep_1093,80,2962.82,1.208660945115497,1.0127800302612922
scope_20260424_115654,sweep_1094,80,2976.49,1.211446025040241,0.9688103711478654
scope_20260424_115654,sweep_1095,80,2962.52,1.208599752153604,1.0367806130960362
scope_20260424_115654,sweep_1096,80,2976.78,1.211505039313832,0.989929142019119
scope_20260424_115654,sweep_1097,80,2976.78,1.211505039313832,0.9956799152430403
scope_20260424_115654,sweep_1098,80,2976.78,1.211505039313832,0.8854949846499363
scope_20260424_115654,sweep_1099,80,2963.11,1.253432663363234,1.0796654633465668
scope_20260424_115654,sweep_1100,80,2976.34,1.2562277747609027,0.9906909820062199
scope_20260424_115654,sweep_1101,80,2962.82,1.2533713250452763,1.0818725386054369
scope_20260424_115654,sweep_1102,80,2976.93,1.2563522796326567,0.9167921191708333
scope_20260424_115654,sweep_1103,80,2962.82,1.2533713250452763,1.0448025851256988
scope_20260424_115654,sweep_1104,80,2962.67,1.2533395971511787,0.9886318202538796
scope_20260424_115654,sweep_1105,80,2962.38,1.2532782542783465,1.1192672151187497
scope_20260424_115654,sweep_1106,80,2976.63,1.2562889736126914,0.9486002219631531
scope_20260424_115654,sweep_1107,80,2962.52,1.300332084992329,1.0646886384597178
scope_20260424_115654,sweep_1108,80,2976.78,1.3034578825144854,1.0251317295277877
scope_20260424_115654,sweep_1109,80,2976.78,1.3034578825144854,1.0227736914374317
scope_20260424_115654,sweep_1110,80,2962.96,1.30042864550076,0.9835967712202691
scope_20260424_115654,sweep_1111,80,2962.96,1.30042864550076,1.1530810278504477
scope_20260424_115654,sweep_1112,80,2962.96,1.30042864550076,0.6800244791490033
scope_20260424_115654,sweep_1113,80,2962.82,1.300397922480367,0.7227652583674462
scope_20260424_115654,sweep_1114,80,2962.52,1.300332084992329,1.055926526473317
scope_20260424_115654,sweep_1115,80,2962.82,1.300397922480367,1.0440065499439206
scope_20260424_115654,sweep_1116,80,2962.82,1.300397922480367,0.8340455729801751
scope_20260424_115654,sweep_1117,80,2976.63,1.353032435259462,0.9836911049024945
scope_20260424_115654,sweep_1118,80,2976.93,1.3531006163071027,0.9039704908648967
scope_20260424_115654,sweep_1119,80,2976.93,1.3531006163071027,0.8533291810964801
scope_20260424_115654,sweep_1120,80,2962.67,1.3498559351865993,1.1058411374857933
scope_20260424_115654,sweep_1121,80,2962.82,1.3498901063611601,1.151677598578447
scope_20260424_115654,sweep_1122,80,2962.82,1.3498901063611601,1.1005119001743473
scope_20260424_115654,sweep_1123,80,2962.96,1.3499219986770037,1.0859013514417084
scope_20260424_115654,sweep_1124,80,2976.63,1.353032435259462,0.9720373959943692
scope_20260424_115654,sweep_1125,80,2962.96,1.3499219986770037,0.9919505356560747
scope_20260424_115654,sweep_1126,80,2976.63,1.353032435259462,1.0235037371158775
scope_20260424_115654,sweep_1127,80,2962.67,1.3498559351865993,1.1339330252685982
scope_20260424_115654,sweep_1128,80,2962.96,1.3499219986770037,1.083646417335248
scope_20260424_115654,sweep_1129,80,2976.63,1.353032435259462,1.046277758181034
scope_20260424_115654,sweep_1130,80,2962.96,1.3499219986770037,0.947741466209113
scope_20260424_115654,sweep_1131,80,2962.67,1.3498559351865993,1.0100908392571606
scope_20260424_115654,sweep_1132,80,2977.08,1.3531347055426213,0.9385832866478582
scope_20260424_115654,sweep_1133,80,2962.82,1.3498901063611601,0.9641821606600283
scope_20260424_115654,sweep_1134,80,2962.67,1.300365004153017,1.06377887951096
scope_20260424_115654,sweep_1135,80,2962.96,1.30042864550076,0.9415170463527873
scope_20260424_115654,sweep_1136,80,2962.52,1.300332084992329,0.9989517619989733
scope_20260424_115654,sweep_1137,80,2962.82,1.2533713250452763,0.9299384403111
scope_20260424_115654,sweep_1138,80,2976.49,1.2562594297116345,1.0222261191754207
scope_20260424_115654,sweep_1139,80,2976.93,1.2563522796326567,0.9809920025843807
scope_20260424_115654,sweep_1140,80,2962.82,1.208660945115497,1.0192194369148209
scope_20260424_115654,sweep_1141,80,2962.67,1.2086303490218255,0.9936846021983068
scope_20260424_115654,sweep_1142,80,2976.34,1.2114154992878925,1.105592078230936
scope_20260424_115654,sweep_1143,81,2827.92,1.1392711749114872,1.0361302209510939
scope_20260424_115654,sweep_1144,81,2840.91,1.141884787848822,1.0974601000103275
scope_20260424_115654,sweep_1145,81,2841.04,1.1419109138655295,0.9452037926236656
scope_20260424_115654,sweep_1146,81,2841.04,1.1419109138655295,1.0927513861256513
scope_20260424_115654,sweep_1147,81,2840.91,1.141884787848822,1.1862417609352582
scope_20260424_115654,sweep_1148,81,2840.77,1.1022143235527522,1.0081101330606987
scope_20260424_115654,sweep_1149,81,2840.77,1.1022143235527522,1.1479131642260956
scope_20260424_115654,sweep_1150,81,2841.04,1.1022667020973766,1.0314867427796428
scope_20260424_115654,sweep_1151,81,2841.04,1.1022667020973766,0.7349273693863307
scope_20260424_115654,sweep_1152,81,2841.18,1.1022938603628774,1.1640626669687681
scope_20260424_115654,sweep_1153,81,2840.91,1.1022414831088152,1.3104024059360997
scope_20260424_115654,sweep_1154,81,2840.77,1.1022143235527522,1.0309808922526638
scope_20260424_115654,sweep_1165,83,2469.03,1.0645271273002002,0.9698572056071624
scope_20260424_115654,sweep_1166,83,2459.12,1.0623886213317313,1.0911546988328702
scope_20260424_115654,sweep_1167,83,2459.12,1.0623886213317313,1.1651388375393572
scope_20260424_115654,sweep_1168,83,2459.12,1.0623886213317313,0.8091092842515752
scope_20260424_115654,sweep_1169,83,2459.12,1.0623886213317313,0.7923266165069809
scope_20260424_115654,sweep_1170,83,2459.12,1.0623886213317313,1.1004319109939549
scope_20260424_115654,sweep_1171,83,2459.32,1.0624318224370544,1.020526920898827
scope_20260424_115654,sweep_1172,83,2459.12,1.1011379139223576,0.9331181250894254
scope_20260424_115654,sweep_1173,83,2459.32,1.1011826907338176,1.0531659926504942
scope_20260424_115654,sweep_1174,83,2459.12,1.1011379139223576,1.0424123730927966
scope_20260424_115654,sweep_1175,83,2459.22,1.101160302555684,1.091972241124079
scope_20260424_115654,sweep_1176,84,2270.58,1.058084273506902,1.0300994652504178
scope_20260424_115654,sweep_1177,84,2279.03,1.0600512839644993,1.0357972269367914
scope_20260424_115654,sweep_1178,84,2279.03,1.0600512839644993,1.0593257533054605
scope_20260424_115654,sweep_1179,84,2270.66,1.0581029132369044,0.903168608308964
scope_20260424_115654,sweep_1180,84,2278.94,1.0600303527881942,0.9080912453742774
scope_20260424_115654,sweep_1181,84,2270.58,1.0972245717496796,1.0370078146008155
scope_20260424_115654,sweep_1182,84,2278.77,1.0992016393795838,1.0655059026767018
scope_20260424_115654,sweep_1183,84,2270.66,1.097243900994317,1.0758688594314383
scope_20260424_115654,sweep_1184,84,2270.75,1.0972656459875292,0.9927883744504288
scope_20260424_115654,sweep_1185,84,2270.75,1.0972656459875292,0.9228989795255736
scope_20260424_115654,sweep_1186,85,2087.61,1.052087365099992,0.9414774725525622
scope_20260424_115654,sweep_1187,85,2087.83,1.0521428000525546,0.9964273665583613
scope_20260424_115654,sweep_1188,85,2087.83,1.0521428000525546,0.982684585831355
scope_20260424_115654,sweep_1189,85,2081.02,1.0898375322586347,0.8231021495269675
scope_20260424_115654,sweep_1190,85,2080.88,1.0898008723945414,0.9652541035966751
scope_20260424_115654,sweep_1191,85,2080.88,1.0898008723945414,1.0330260330145562
scope_20260424_115654,sweep_1192,85,2087.9,1.0916375858734513,0.840658763016987
scope_20260424_115654,sweep_1193,85,2080.8,1.0897799233470804,1.0686325687599096
scope_20260424_115654,sweep_1194,85,2087.83,1.0916192863209102,0.653539751800167
scope_20260424_115654,sweep_1195,85,2087.83,1.0916192863209102,0.9542687073621686
scope_20260424_115654,sweep_1196,86,1874.06,1.0342258266781226,0.7661831874150862
scope_20260424_115654,sweep_1197,86,1896.87,1.0405007969354316,0.7778752235811022
scope_20260424_115654,sweep_1198,86,1896.93,1.040517252874463,0.7129102743224085
scope_20260424_115654,sweep_1199,86,1896.81,1.0800844057828252,0.817174751354812
scope_20260424_115654,sweep_1200,86,1896.87,1.0801014882929016,0.8461695396197455
scope_20260424_115654,sweep_1201,86,1896.99,1.0801356525025667,0.7432122484920688
scope_20260424_115654,sweep_1202,86,1896.87,1.0801014882929016,0.8073135619723171
scope_20260424_115654,sweep_1203,86,1896.81,1.0800844057828252,0.8107057972994219
scope_20260424_115654,sweep_1204,86,1896.81,1.0800844057828252,0.9787650808845282
scope_20260424_115654,sweep_1205,86,1896.93,1.080118570532811,0.8140996993645917
scope_20260424_115654,sweep_1206,86,1896.81,1.0800844057828252,0.8316103392071341
scope_20260424_115654,sweep_1217,88,1499.25,0.9250403180175312,0.7777119755719022
scope_20260424_115654,sweep_1218,88,1521.41,0.931851624006324,0.7698640382858586
scope_20260424_115654,sweep_1219,88,1521.3,0.931817936331241,0.6935666978324119
scope_20260424_115654,sweep_1220,88,1521.22,0.8980967691927468,0.690544945677363
scope_20260424_115654,sweep_1221,88,1524.93,0.8991912558473161,0.6810558998688326
scope_20260424_115654,sweep_1222,88,1521.3,0.8660825491427172,0.6627741373695106
scope_20260424_115654,sweep_1223,88,1524.89,0.867103848097575,0.7276407135036215
scope_20260424_115654,sweep_1224,88,1521.38,0.8661053210131796,0.7723793572184242
scope_20260424_115654,sweep_1225,88,1521.18,0.8355719512090619,0.7337946516563526
scope_20260424_115654,sweep_1226,88,1521.3,0.8356049080770105,0.8024825365178994
scope_20260424_115654,sweep_1227,88,1521.34,0.8356158934108099,0.6514618391000766
scope_20260424_115654,sweep_1228,89,1312.45,0.776130826557163,0.4680677477713581
scope_20260424_115654,sweep_1229,89,1332.21,0.7548042879350582,0.7166639152565873
scope_20260424_115654,sweep_1230,89,1334.99,0.7555914244866712,0.6945341025581996
scope_20260424_115654,sweep_1231,89,1332.21,0.7548042879350582,0.6688366394028916
scope_20260424_115654,sweep_1232,89,1334.99,0.7555914244866712,0.7252059975475786
scope_20260424_115654,sweep_1233,89,1332.39,0.7548552784631415,0.7045556350648513
scope_20260424_115654,sweep_1234,89,1334.96,0.7555829345840936,0.706745360061376
scope_20260424_115654,sweep_1235,89,1332.42,0.7548637765496189,0.6309854658490146
scope_20260424_115654,sweep_1236,89,1332.33,0.7548382820031682,0.7696848885246619
scope_20260424_115654,sweep_1237,89,1335.14,0.7556338725687378,0.6490099885729229
scope_20260424_115654,sweep_1238,89,1335.11,0.7556253831430898,0.6729782865309611
scope_20260424_115654,sweep_1239,90,1147.95,0.700663509746459,0.616935348497937
scope_20260424_115654,sweep_1240,90,1141.7,0.698753529446508,0.6824792387352965
scope_20260424_115654,sweep_1241,90,1141.66,0.6987412887589396,0.6322054327384727
scope_20260424_115654,sweep_1242,90,1143.64,0.6993469456143977,0.6791094339043242
scope_20260424_115654,sweep_1243,90,1143.73,0.6993744630092278,0.5841777522204276
scope_20260424_115654,sweep_1244,90,1143.69,0.699362233189638,0.6028149517653199
scope_20260424_115654,sweep_1245,90,1143.69,0.699362233189638,0.40969710203455206
scope_20260424_115654,sweep_1246,90,1143.73,0.6993744630092278,0.671999366740856
scope_20260424_115654,sweep_1247,90,1145.76,0.6999948457702667,0.6649972646632067
scope_20260424_115654,sweep_1248,90,1145.67,0.6999673527641708,0.6855167126651811
scope_20260424_115654,sweep_1249,90,1143.66,0.6993530606845955,0.5281715224014111
scope_20260424_115654,sweep_1260,92,745.12,0.5186105086601716,0.4507464758318542
scope_20260424_115654,sweep_1261,93,770.04,0.5329660881935229,0.4548479692699195
scope_20260424_115654,sweep_1262,93,772.82,0.5540601154403882,0.5506682020986574
scope_20260424_115654,sweep_1263,93,774.78,0.5552261707715904,0.4592626288147154
scope_20260424_115654,sweep_1264,93,774.86,0.5552737542071233,0.5383861884050744
scope_20260424_115654,sweep_1265,93,775.72,0.5557852234144685,0.44455328792672033
scope_20260424_115654,sweep_1266,93,777.72,0.5569743141742717,0.5700918757981989
scope_20260424_115654,sweep_1267,93,778.73,0.5575746074067947,0.4698093650039603
scope_20260424_115654,sweep_1268,93,781.6,0.5592796694810815,0.506588809063563
scope_20260424_115654,sweep_1269,93,780.64,0.5587094537854768,0.3479675342351165
scope_20260424_115654,sweep_1270,93,783.58,0.5604553635601518,0.5079579702858866
scope_20260424_115654,sweep_1271,94,598.22,0.4479674163560158,0.3385072554196243
scope_20260424_115654,sweep_1272,94,604.03,0.4682800793130121,0.2465072371077025
scope_20260424_115654,sweep_1273,94,607.58,0.4705632432954491,0.34934682369106723
scope_20260424_115654,sweep_1274,94,612.97,0.4740254652867464,0.3661901659295384
scope_20260424_115654,sweep_1275,94,618.48,0.47755942298257475,0.2646676942393253
scope_20260424_115654,sweep_1276,94,622.15,0.4799102859530336,0.38986988312385734
scope_20260424_115654,sweep_1277,94,626.55,0.48272565472202916,0.33996263780682906
scope_20260424_115654,sweep_1278,95,925.0,0.6669983490265496,0.41563242829579
scope_20260424_115654,sweep_1279,96,630.37,0.4851671816022285,0.479654724187637
scope_20260424_115654,sweep_1280,96,634.18,0.4875998129435442,0.4720171016524902
scope_20260424_115654,sweep_1281,96,636.15,0.48885665515711707,0.29462304059633476
scope_20260424_115654,sweep_1282,97,453.11,0.38271251147006174,0.40961939885026477
scope_20260424_115654,sweep_1283,97,462.93,0.3895842165582771,0.3710909673590844
scope_20260424_115654,sweep_1284,97,472.39,0.3961806046114995,0.3052358206532971
scope_20260424_115654,sweep_1285,97,480.43,0.40176919206870587,0.25837443230901147
scope_20260424_115654,sweep_1286,97,487.2,0.4064626790014924,0.45633106940175566
scope_20260424_115654,sweep_1287,97,491.82,0.4096592514735522,0.3953939230029284
scope_20260424_115654,sweep_1288,97,496.93,0.4131889157955299,0.4859793854171065
scope_20260424_115654,sweep_1289,97,502.55,0.41706373993994045,0.2851205553253029
scope_20260424_115654,sweep_1290,97,509.11,0.4215773640761187,0.32909525260327666
scope_20260424_115654,sweep_1291,97,513.32,0.42446885248361726,0.41730922340772203
scope_20260424_115654,sweep_1292,98,365.53,0.3324083253917846,0.25518789282419535
scope_20260424_115654,sweep_1293,98,365.56,0.33243096897661367,0.2838650391881364
scope_20260424_115654,sweep_1294,98,365.13,0.3321063807262934,0.2278999960291566
scope_20260424_115654,sweep_1295,98,365.95,0.3327253068432585,0.28424734796500245
scope_20260424_115654,sweep_1296,98,365.76,0.332581918137196,0.250498549677486
scope_20260424_115654,sweep_1297,98,368.15,0.3343846774546884,0.3032124922231567
scope_20260424_115654,sweep_1298,98,377.53,0.34144086580022026,0.24505928894580134
scope_20260424_115654,sweep_1299,98,384.76,0.3468593539354984,0.26390288551378144
scope_20260424_115654,sweep_1300,98,392.02,0.3522829356083813,0.22020805023670198
scope_20260424_115654,sweep_1301,98,396.02,0.3552638268417804,0.21543287349415402
scope_20260424_115654,sweep_1302,98,400.62,0.35868553310963874,0.29464866246663335
scope_20260424_115654,sweep_1303,98,364.06,0.33129840212099004,0.30679506681560154
scope_20260424_115654,sweep_1304,98,364.26,0.33144945680223115,0.2528865216201011
scope_20260424_115654,sweep_1305,98,365.33,0.3322573600842759,0.22863236739283357
scope_20260424_115654,sweep_1306,98,364.91,0.33194028719346774,0.31215610828454177
scope_20260424_115654,sweep_1307,98,365.77,0.3325894652268328,0.18256639392720825
scope_20260424_115654,sweep_1308,98,365.98,0.3327479460082045,0.22055488364320636
scope_20260424_115654,sweep_1309,98,365.74,0.33256682385268765,0.28594512742715517
scope_20260424_115654,sweep_1310,98,365.55,0.32023549488239406,0.27718692993413424
scope_20260424_115654,sweep_1311,98,366.19,0.32070077677830594,0.39542822828482777
scope_20260424_115654,sweep_1312,98,366.2,0.32070804571046874,0.26394635871382416
scope_20260424_115654,sweep_1313,98,365.13,0.3083603713408785,0.2769241045964354
scope_20260424_115654,sweep_1314,98,365.33,0.30850055549148253,0.2682804821501288
scope_20260424_115654,sweep_1315,98,364.47,0.2969143162666168,0.2242242375257936
scope_20260424_115654,sweep_1316,98,364.46,0.2969075546824743,0.27293203672700056
scope_20260424_115654,sweep_1317,98,363.83,0.2860482597245468,0.21741850319056816
scope_20260424_115654,sweep_1318,98,365.12,0.2868898057646619,0.25090674381206696
scope_20260424_115654,sweep_1319,98,365.32,0.28702023272256333,0.27292760551168715
scope_20260424_115654,sweep_1320,98,364.27,0.28633535559631085,0.2837983839258769
scope_20260424_115654,sweep_1321,98,365.54,0.2771941032211278,0.2443640902065424
scope_20260424_115654,sweep_1322,98,365.53,0.2771878092002089,0.29655836328451385
scope_20260424_115654,sweep_1323,98,364.91,0.27679752269742486,0.30466465926327907
scope_20260424_115654,sweep_1324,98,365.52,0.26768707692209603,0.3682173493756146
scope_20260424_115654,sweep_1325,98,365.75,0.2678268742805728,0.3072272710666578
scope_20260424_115654,sweep_1326,98,364.91,0.26731623755663864,0.23013581713688167
scope_20260424_115654,sweep_1327,98,365.32,0.26756550184579275,0.35444962163302857
scope_20260424_115654,sweep_1328,98,364.9,0.26731015734524416,0.31461986695986166
scope_20260424_115654,sweep_1329,98,365.32,0.26756550184579275,0.22940026543233125
scope_20260424_115654,sweep_1330,98,365.1,0.26743175619228277,0.2825566713730701
scope_20260424_115654,sweep_1331,98,365.76,0.26783295208751867,0.2455306135058261
scope_20260424_115654,sweep_1332,98,365.12,0.2674439154540806,0.2282128282011446
scope_20260424_115654,sweep_1333,98,366.19,0.2680942710748705,0.24750680566478214
scope_20260424_115654,sweep_1334,98,365.54,0.26769923380765787,0.22652140169183463
scope_20260424_115654,sweep_1335,98,365.33,0.2675715808682887,0.2506983537725363
scope_20260424_115654,sweep_1336,98,365.77,0.2678390298662157,0.2775023963092136
scope_20260424_115654,sweep_1337,98,365.76,0.26783295208751867,0.37429321899348333
scope_20260424_115654,sweep_1338,98,365.55,0.2677053122080354,0.23813602924188443
scope_20260424_115654,sweep_1339,98,365.54,0.26769923380765787,0.273839971725953
scope_20260424_115654,sweep_1340,98,365.32,0.26756550184579275,0.2600729066355706
scope_20260424_115654,sweep_1341,98,366.4,0.2682218730141698,0.27925067319238966
scope_20260424_115654,sweep_1342,98,365.75,0.2678268742805728,0.3050132440814047
scope_20260424_115654,sweep_1343,98,366.19,0.2680942710748705,0.10859552784077026
scope_20260424_115654,sweep_1344,99,227.31,0.18046980321834552,0.04275301999576516
scope_20260424_115654,sweep_1345,99,227.31,0.18687078237043378,0.11247199889908802
scope_20260424_115654,sweep_1346,99,227.31,0.18687078237043378,0.07474635898398004
scope_20260424_115654,sweep_1347,99,227.31,0.18687078237043378,0.04143207903957109
scope_20260424_115654,sweep_1348,99,227.31,0.18687078237043378,0.06073808304734977
scope_20260424_115654,sweep_1349,99,227.31,0.18687078237043378,0.14050365853017052
scope_20260424_115654,sweep_1350,99,227.31,0.18687078237043378,0.04729749403501347
scope_20260424_115654,sweep_1351,99,227.31,0.18687078237043378,0.15600946593897566
scope_20260424_115654,sweep_1352,99,227.31,0.18687078237043378,0.18889206288202406
scope_20260424_115654,sweep_1353,99,227.31,0.18687078237043378,0.15165498871498484
scope_20260424_115654,sweep_1354,99,227.31,0.18687078237043378,0.12974329263821582
scope_20260424_115654,sweep_1355,99,227.31,0.18687078237043378,0.1398293871081612
scope_20260424_115654,sweep_1356,99,227.31,0.18687078237043378,0.3529729410018145
scope_20260424_115654,sweep_1357,99,227.31,0.18687078237043378,0.13726466151723482
scope_20260424_115654,sweep_1358,99,227.31,0.18687078237043378,0.08821187604561886
scope_20260424_115654,sweep_1359,99,227.31,0.18687078237043378,0.038771779302393394
scope_20260424_115654,sweep_1360,99,227.31,0.18687078237043378,0.1312253168318359
scope_20260424_115654,sweep_1361,99,227.31,0.18687078237043378,0.3980925878490519
scope_20260424_115654,sweep_1362,99,227.31,0.18687078237043378,0.04047544908974502
scope_20260424_115654,sweep_1363,99,227.31,0.18687078237043378,0.11657144353845764
scope_20260424_115654,sweep_1364,99,227.31,0.18687078237043378,0.08568079053485395
scope_20260424_115654,sweep_1365,99,227.31,0.18046980321834552,0.06637255887896286
scope_20260424_115654,sweep_1366,99,227.31,0.18046980321834552,0.09734377803968103
scope_20260424_115654,sweep_1367,99,227.31,0.18046980321834552,0.11955513464215099
scope_20260424_115654,sweep_1368,99,227.31,0.17437023861977408,0.16318811794749255
scope_20260424_115654,sweep_1369,99,227.31,0.17437023861977408,0.0415340355805997
scope_20260424_115654,sweep_1370,99,227.31,0.16855473063225593,0.06273719809467863
scope_20260424_115654,sweep_1371,99,227.31,0.16855473063225593,0.0796648752548279
scope_20260424_115654,sweep_1372,99,227.31,0.16855473063225593,0.08568563943216292
scope_20260424_115654,sweep_1373,99,227.31,0.163007083253015,0.08569603866298672
scope_20260424_115654,sweep_1374,99,227.31,0.163007083253015,0.04740202104344293
scope_20260424_115654,sweep_1375,99,227.31,0.163007083253015,0.06539064395759102
scope_20260424_115654,sweep_1376,99,227.31,0.15771217467390153,0.052721852885745636
scope_20260424_115654,sweep_1377,99,227.31,0.15771217467390153,0.13832845394458892
scope_20260424_115654,sweep_1378,99,227.31,0.15771217467390153,0.15033739639568888
scope_20260424_115654,sweep_1379,99,227.31,0.15771217467390153,0.06537440701964112
scope_20260424_115654,sweep_1380,99,227.31,0.15771217467390153,0.03974322378204413
scope_20260424_115654,sweep_1381,99,227.31,0.15265587686545332,0.09723914225439359
scope_20260424_115654,sweep_1382,99,227.31,0.15265587686545332,0.07213293651254953
scope_20260424_115654,sweep_1383,99,227.31,0.15265587686545332,0.0817032826790461
scope_20260424_115654,sweep_1384,99,227.31,0.15265587686545332,0.07477728314534336
scope_20260424_115654,sweep_1385,99,227.31,0.15265587686545332,0.06454715479285444
scope_20260424_115654,sweep_1386,99,227.31,0.15265587686545332,0.04359781167220672
scope_20260424_115654,sweep_1387,99,227.31,0.15265587686545332,0.027784299984682934
scope_20260424_115654,sweep_1388,99,227.31,0.15265587686545332,0.061833553365360894
scope_20260424_115654,sweep_1389,99,227.31,0.15265587686545332,0.05860592636128682
scope_20260424_115654,sweep_1390,99,227.31,0.15265587686545332,0.03729525971433503
scope_20260424_115654,sweep_1391,99,227.31,0.15265587686545332,0.04286459675156801
scope_20260424_115654,sweep_1392,99,227.31,0.15265587686545332,0.06754395877672988
scope_20260424_115654,sweep_1393,99,227.31,0.15265587686545332,0.062424256665134355
scope_20260424_115654,sweep_1394,99,227.31,0.15265587686545332,0.050786366600374847
scope_20260424_115654,sweep_1395,99,227.31,0.15265587686545332,0.08833607523411352
scope_20260424_115654,sweep_1396,99,227.31,0.15265587686545332,0.278831924809614
scope_20260424_115654,sweep_1397,100,363.2,0.23269812154151867,0.25842561275347564
scope_20260424_115654,sweep_1398,100,363.19,0.23269280381319019,0.26502041246200747
scope_20260424_115654,sweep_1399,100,363.61,0.23291612698173164,0.29080828570760986
scope_20260424_115654,sweep_1400,100,363.84,0.2330384044179351,0.2909425138210965
scope_20260424_115654,sweep_1401,100,363.62,0.23292144366536185,0.2503800523904472
scope_20260424_115654,sweep_1402,100,363.41,0.23280978808801717,0.259841426835213
scope_20260424_115654,sweep_1403,100,363.63,0.2329267603241356,0.2308598874940546
scope_20260424_115654,sweep_1404,100,364.25,0.24108751573137163,0.339829331450807
scope_20260424_115654,sweep_1405,100,365.12,0.24156535782992408,0.2735219610841479
scope_20260424_115654,sweep_1406,100,364.9,0.24144454249797356,0.2889525502121041
scope_20260424_115654,sweep_1407,100,364.89,0.24143905059780674,0.2860034544573329
scope_20260424_115654,sweep_1408,100,363.84,0.24086225853298227,0.2541839182130792
scope_20260424_115654,sweep_1409,100,363.84,0.24086225853298227,0.2965267864880875
scope_20260424_115654,sweep_1410,100,364.06,0.240983133611206,0.21963090078322578
scope_20260424_115654,sweep_1411,100,364.91,0.24966734385183326,0.2732668724518271
scope_20260424_115654,sweep_1412,100,364.48,0.24942313239103603,0.24398229164099186
scope_20260424_115654,sweep_1413,100,363.62,0.24893456245003545,0.2399514878328621
scope_20260424_115654,sweep_1414,100,363.83,0.24905388252249244,0.22830855108113285
scope_20260424_115654,sweep_1415,100,364.68,0.24953672520606607,0.277851034553172
scope_20260424_115654,sweep_1416,100,364.48,0.24942313239103603,0.30312980896654507
scope_20260424_115654,sweep_1417,100,364.26,0.25789950177100013,0.2398709687658955
scope_20260424_115654,sweep_1418,100,365.11,0.2583989034137302,0.2943087190152145
scope_20260424_115654,sweep_1419,100,364.91,0.2582814149428462,0.3029971903248893
scope_20260424_115654,sweep_1420,100,365.54,0.2586514665885495,0.24085684443954727
scope_20260424_115654,sweep_1421,100,365.77,0.25878653778414085,0.2495789763707903
scope_20260424_115654,sweep_1422,100,365.75,0.2587747930360926,0.21412896588466657
scope_20260424_115654,sweep_1423,100,364.25,0.257893625279319,0.3058966002302182
scope_20260424_115654,sweep_1424,100,364.25,0.2669148828024053,0.25429439037445006
scope_20260424_115654,sweep_1425,100,364.25,0.2669148828024053,0.2400226898009551
scope_20260424_115654,sweep_1426,100,364.69,0.2671824663611128,0.23357888979954214
scope_20260424_115654,sweep_1427,100,364.27,0.26692704688305297,0.25421378754245727
scope_20260424_115654,sweep_1428,100,364.91,0.26731623755663864,0.26443837817230254
scope_20260424_115654,sweep_1429,100,364.25,0.2669148828024053,0.229537941232749
scope_20260424_115654,sweep_1430,100,364.69,0.2671824663611128,0.2666116245913014
scope_20260424_115654,sweep_1431,100,365.53,0.26769315537901167,0.2456155074656178
scope_20260424_115654,sweep_1432,100,364.89,0.27678493093429657,0.2881379080602123
scope_20260424_115654,sweep_1433,100,365.31,0.2770493333324711,0.22817562808277778
scope_20260424_115654,sweep_1434,100,364.46,0.276514179635633,0.27441667534446834
scope_20260424_115654,sweep_1435,100,365.13,0.27693602435027004,0.23375901525125728
scope_20260424_115654,sweep_1436,100,365.11,0.27692343387726487,0.25810661105698196
scope_20260424_115654,sweep_1437,100,364.91,0.27679752269742486,0.24834722383883942
scope_20260424_115654,sweep_1438,100,364.69,0.27665900684867484,0.30262492421824666
scope_20260424_115654,sweep_1439,100,364.69,0.27665900684867484,0.2721736443707327
scope_20260424_115654,sweep_1440,100,364.9,0.28674632208211714,0.29022590992065617
scope_20260424_115654,sweep_1441,100,365.76,0.287307129314584,0.31693723396742707
scope_20260424_115654,sweep_1442,100,365.11,0.28688328409800073,0.27311987081970757
scope_20260424_115654,sweep_1443,100,365.12,0.2868898057646619,0.2799803914852968
scope_20260424_115654,sweep_1444,100,364.05,0.2861918150339945,0.27764682100028665
scope_20260424_115654,sweep_1445,100,363.42,0.2758591146131881,0.25357728357170944
scope_20260424_115654,sweep_1446,100,363.84,0.2761236984144097,0.28744614530913704
scope_20260424_115654,sweep_1447,100,363.81,0.2761048012940288,0.28711709134903746
scope_20260424_115654,sweep_1448,100,364.25,0.2763819325233671,0.31188810613014234
scope_20260424_115654,sweep_1449,101,507.87,0.3641854900684426,0.31951297207946394
scope_20260424_115654,sweep_1450,101,512.47,0.3543528791965507,0.322620808766329
scope_20260424_115654,sweep_1451,101,518.05,0.3575523590174172,0.319800139751138
scope_20260424_115654,sweep_1452,101,522.84,0.34811687879762615,0.3281869023788555
scope_20260424_115654,sweep_1453,101,527.68,0.35078951037707823,0.32738279832707506
scope_20260424_115654,sweep_1454,101,532.65,0.3535295944629221,0.2798128689014358
scope_20260424_115654,sweep_1455,101,535.38,0.3431919837144187,0.3090195967585541
scope_20260424_115654,sweep_1456,101,540.07,0.34568545014742824,0.29758325377174066
scope_20260424_115654,sweep_1457,101,542.92,0.34719887043516245,0.3880604663623862
scope_20260424_115654,sweep_1458,101,546.72,0.337720951871378,0.2844636581937511
scope_20260424_115654,sweep_1470,103,906.96,0.48141352715309943,0.44104368236005875
scope_20260424_115654,sweep_1471,103,902.99,0.4796638392556199,0.4756247086984772
scope_20260424_115654,sweep_1472,103,896.47,0.4767874547462527,0.4484711232229031
scope_20260424_115654,sweep_1473,103,892.67,0.4751093948581987,0.49156080362299215
scope_20260424_115654,sweep_1474,103,888.84,0.4890974636339999,0.5336915697998992
scope_20260424_115654,sweep_1475,103,884.99,0.4873384436231187,0.4783683071030381
scope_20260424_115654,sweep_1476,103,881.29,0.4856467306275321,0.27948272386324957
scope_20260424_115654,sweep_1477,103,877.53,0.4839263470210474,0.49216280063275175
scope_20260424_115654,sweep_1478,103,872.6,0.48166873087224565,0.5367057499914
scope_20260424_115654,sweep_1479,103,867.69,0.47941811720149247,0.47457670979142047
scope_20260424_115654,sweep_1480,103,864.06,0.4777528296831601,0.46144534120203634
scope_20260424_115654,sweep_1481,104,1047.27,0.5648084192542911,0.6535045132333913
scope_20260424_115654,sweep_1482,104,1038.55,0.5624520906649192,0.5757264360341529
scope_20260424_115654,sweep_1483,104,1028.35,0.5784736255327227,0.5439735478808742
scope_20260424_115654,sweep_1484,104,1021.61,0.5765747964327997,0.39354281235651356
scope_20260424_115654,sweep_1485,104,1014.95,0.5746923427739878,0.5733572449163248
scope_20260424_115654,sweep_1486,104,1011.5,0.5737147693308515,0.49766552529065433
scope_20260424_115654,sweep_1487,104,1003.46,0.5714301082302203,0.6401615863122857
scope_20260424_115654,sweep_1488,104,997.09,0.5561124346699781,0.5953653083439886
scope_20260424_115654,sweep_1489,104,993.85,0.5546121577183027,0.61029700308719
scope_20260424_115654,sweep_1490,104,987.57,0.5704780035862068,0.5425153895496378
scope_20260424_115654,sweep_1491,105,1196.41,0.6451899193493982,0.738363986756782
scope_20260424_115654,sweep_1492,105,1162.81,0.636065638868445,0.7002856562107681
scope_20260424_115654,sweep_1493,105,1152.12,0.6331351337146764,0.689732433750658
scope_20260424_115654,sweep_1494,106,1143.71,0.6308200888111795,0.653288546640209
scope_20260424_115654,sweep_1495,106,1143.62,0.6307952683038228,0.547246042078836
scope_20260424_115654,sweep_1496,106,1143.75,0.6308311198343122,0.5517330897095302
scope_20260424_115654,sweep_1497,106,1143.66,0.6525705009855853,0.7568240000450077
scope_20260424_115654,sweep_1498,106,1143.71,0.652584765788251,0.6977432282373948
scope_20260424_115654,sweep_1499,106,1145.72,0.6531579528632508,0.6607334705289077
scope_20260424_115654,sweep_1500,106,1143.62,0.6525590889189384,0.5474727552014067
scope_20260424_115654,sweep_1501,106,1143.69,0.6525790599046026,0.8138736592742467
scope_20260424_115654,sweep_1502,107,1329.4,0.7035691839119615,0.7421907991119132
scope_20260424_115654,sweep_1503,107,1332.24,0.7043203011320938,0.7339818278002542
scope_20260424_115654,sweep_1504,107,1332.18,0.728941388349899,0.6438815798718406
scope_20260424_115654,sweep_1505,107,1332.3,0.7289742183716847,0.7011620031338501
scope_20260424_115654,sweep_1506,107,1332.21,0.7289495959939624,0.6716709968365823
scope_20260424_115654,sweep_1507,107,1329.4,0.728180411841706,0.7041099860503517
scope_20260424_115654,sweep_1508,107,1332.27,0.7289660110048519,0.6974273364188418
scope_20260424_115654,sweep_1509,107,1332.21,0.7289495959939624,0.6758657687063587
scope_20260424_115654,sweep_1510,107,1335.05,0.7297261682712548,0.7204548420455085
scope_20260424_115654,sweep_1511,107,1332.3,0.7548297836296661,0.7433761843915314
scope_20260424_115654,sweep_1512,108,1543.89,0.8125614064061768,0.821748029995323
scope_20260424_115654,sweep_1513,108,1521.14,0.8065524363035216,0.8022981199665679
scope_20260424_115654,sweep_1514,108,1521.22,0.8065736451819154,0.7996315966478764
scope_20260424_115654,sweep_1515,108,1521.18,0.8065630408124304,0.6698616499177743
scope_20260424_115654,sweep_1516,108,1521.11,0.8065444828303396,0.773123120885847
scope_20260424_115654,sweep_1517,108,1521.14,0.8065524363035216,0.7131127617243822
scope_20260424_115654,sweep_1518,108,1521.14,0.8355609652975432,0.6261524478225975
scope_20260424_115654,sweep_1519,108,1521.26,0.83559392259879,0.7232074004724677
scope_20260424_115654,sweep_1520,108,1521.18,0.8355719512090619,0.7960186524822185
scope_20260424_115654,sweep_1521,108,1521.18,0.8355719512090619,0.7918852548217805
scope_20260424_115654,sweep_1522,108,1521.26,0.83559392259879,0.7779687877028989
scope_20260424_115654,sweep_1544,111,2108.96,0.8015045677385753,0.792219261440979
scope_20260424_115654,sweep_1545,111,2081.02,0.7961776048240147,0.8716896934631168
scope_20260424_115654,sweep_1546,111,2087.61,0.7974372426914291,0.9621002198091485
scope_20260424_115654,sweep_1547,111,2081.02,0.7961776048240147,0.8041074654518626
scope_20260424_115654,sweep_1548,111,2081.02,0.7961776048240147,0.9477535846393302
scope_20260424_115654,sweep_1549,111,2087.9,0.7974926286997563,0.7805974961060365
scope_20260424_115654,sweep_1550,111,2087.76,0.7974658911070363,0.7138685051897412
scope_20260424_115654,sweep_1551,111,2087.83,0.7974792600154523,0.7431188779731613
scope_20260424_115654,sweep_1552,111,2087.76,0.7974658911070363,0.7992295873647915
scope_20260424_115654,sweep_1553,111,2081.09,0.7961909953641517,0.9930607848860027
scope_20260424_115654,sweep_1554,111,2080.88,0.7961508230680896,0.6821584553487954
scope_20260424_115654,sweep_1555,112,2270.58,0.8595704770501776,0.9763370234194106
scope_20260424_115654,sweep_1556,112,2270.75,0.8596026547858316,0.9501461673287951
scope_20260424_115654,sweep_1557,112,2270.66,0.8595856196640616,0.8585062022077953
scope_20260424_115654,sweep_1558,112,2270.58,0.8595704770501776,0.835214747975573
scope_20260424_115654,sweep_1559,112,2278.86,0.8611363251678312,0.796411933063456
scope_20260424_115654,sweep_1560,112,2270.75,0.8596026547858316,0.8923556090499856
scope_20260424_115654,sweep_1561,112,2270.66,0.8595856196640616,0.8594627965148046
scope_20260424_115654,sweep_1562,112,2278.86,0.8904435220217944,0.8967942941937881
scope_20260424_115654,sweep_1563,112,2278.86,0.8904435220217944,1.0046344805947034
scope_20260424_115654,sweep_1564,112,2270.75,0.888857655978689,0.7675166027612509
scope_20260424_115654,sweep_1565,112,2270.83,0.8888733133575702,0.9282206670877771
scope_20260424_115654,sweep_1566,113,2458.92,0.9249531925298814,0.9024214971636214
scope_20260424_115654,sweep_1567,113,2459.32,0.9250284219459952,0.8766707925401525
scope_20260424_115654,sweep_1568,113,2459.32,0.9569439318597751,0.5696815676149203
scope_20260424_115654,sweep_1569,113,2459.12,0.9569050201529574,0.9427458497426651
scope_20260424_115654,sweep_1570,113,2459.22,0.9569244762041508,1.048423691348062
scope_20260424_115654,sweep_1571,113,2459.02,0.95688556370617,0.8830731101062175
scope_20260424_115654,sweep_1572,113,2459.02,0.95688556370617,0.8368403252574813
scope_20260424_115654,sweep_1573,113,2468.83,0.9587923606924125,1.0374281362738127
scope_20260424_115654,sweep_1574,113,2459.22,0.9903982083316208,0.8300329056901342
scope_20260424_115654,sweep_1575,113,2468.83,0.9923314324224948,0.872192590924467
scope_20260424_115654,sweep_1576,114,2670.23,1.0320137660601176,1.0886867457363292
scope_20260424_115654,sweep_1577,114,2658.51,1.029746451556813,1.0313740271975393
scope_20260424_115654,sweep_1578,114,2658.51,1.029746451556813,0.788049177188823
scope_20260424_115654,sweep_1579,115,2647.49,1.0276099935400445,0.8265061179666104
scope_20260424_115654,sweep_1580,115,2647.6,1.064079803442087,1.0159008514190822
scope_20260424_115654,sweep_1581,115,2647.37,1.0640335835315653,1.0310790349056012
scope_20260424_115654,sweep_1582,115,2647.6,1.064079803442087,1.0111307568236116
scope_20260424_115654,sweep_1583,115,2647.37,1.0640335835315653,0.8937393508274676
scope_20260424_115654,sweep_1584,115,2647.6,1.064079803442087,0.893147882501728
scope_20260424_115654,sweep_1585,115,2647.49,1.0640576985179746,1.0145794112603423
scope_20260424_115654,sweep_1586,115,2647.72,1.102375563402566,0.9231038990045064
scope_20260424_115654,sweep_1587,116,2828.05,1.1392973608627643,1.1343890138043415
scope_20260424_115654,sweep_1588,116,2840.91,1.141884787848822,1.1437053104376949
scope_20260424_115654,sweep_1589,116,2840.64,1.1418305242117333,1.084325319308148
scope_20260424_115654,sweep_1590,116,2840.77,1.1418566514700084,0.987775773861611
scope_20260424_115654,sweep_1591,116,2840.64,1.1418305242117333,1.1429925823015348
scope_20260424_115654,sweep_1592,116,2840.64,1.1418305242117333,1.1267992931501318
scope_20260424_115654,sweep_1593,116,2828.05,1.1392973608627643,1.0280825549493857
scope_20260424_115654,sweep_1594,116,2840.51,1.1418043963556026,1.0011421204924553
scope_20260424_115654,sweep_1595,116,2840.77,1.1418566514700084,1.0369005236960664
scope_20260424_115654,sweep_1596,116,2828.19,1.0997711055021435,0.9683921048299334
scope_20260424_115654,sweep_1597,116,2828.19,1.0997711055021435,1.0741253676663896
scope_20260424_115654,sweep_1598,117,2962.82,1.1256429296777613,0.931380561015605
scope_20260424_115654,sweep_1599,117,2962.96,1.125669523961008,1.1425583180786028
scope_20260424_115654,sweep_1600,117,2976.63,1.0896162769023876,1.0356847463606231
scope_20260424_115654,sweep_1601,117,2962.67,1.087058196184752,0.9662397655089521
scope_20260424_115654,sweep_1602,117,2962.82,1.087085714717961,1.0683885843459144
scope_20260424_115654,sweep_1603,117,2976.93,1.0528421985010354,1.0850996189652586
scope_20260424_115654,sweep_1604,117,2976.93,1.0528421985010354,1.1609760819807808
scope_20260424_115654,sweep_1605,117,2962.96,1.0153375556381634,1.1276938923150193
scope_20260424_115654,sweep_1606,117,2976.63,1.0176770560535175,1.1668853974955264
scope_20260424_115654,sweep_1607,117,2962.96,1.0153375556381634,1.0734979240890599
scope_20260424_115654,sweep_1608,117,2976.93,1.017728338111533,1.2436619772008828
scope_20260424_115654,sweep_1609,117,2977.08,0.9842566080975306,1.0773851636330838
scope_20260424_115654,sweep_1610,117,2976.49,0.9841590728997719,1.0082235517838924
scope_20260424_115654,sweep_1611,117,2962.96,0.9819197173582628,0.8945506669184183
scope_20260424_115654,sweep_1612,117,2976.63,0.9841822177196922,1.1255087875468093
scope_20260424_115654,sweep_1613,117,2962.82,0.9818965192077106,1.0309816248456902
scope_20260424_115654,sweep_1614,117,2976.49,0.9841590728997719,0.9778895715858534
scope_20260424_115654,sweep_1615,117,2962.82,0.9818965192077106,0.8792537337726356
scope_20260424_115654,sweep_1616,117,2976.63,0.9841822177196922,1.0911312482211646
scope_20260424_115654,sweep_1617,117,2976.78,0.9842070151370526,1.0805025085277247
scope_20260424_115654,sweep_1618,117,2976.78,0.9842070151370526,1.0793221932801027
scope_20260424_115654,sweep_1619,117,2976.78,0.9842070151370526,0.8775559393655895
scope_20260424_115654,sweep_1620,117,2976.93,0.9842318119296496,0.942128366029946
scope_20260424_115654,sweep_1621,117,2962.52,0.9818468070394425,0.909407117763432
scope_20260424_115654,sweep_1622,117,2962.96,0.9819197173582628,0.9886000347715899
scope_20260424_115654,sweep_1623,117,2976.78,0.9842070151370526,1.0684895114376485
scope_20260424_115654,sweep_1624,117,2976.93,0.9842318119296496,1.0425515265733165
scope_20260424_115654,sweep_1625,117,2976.78,0.9842070151370526,0.9899648030036915
scope_20260424_115654,sweep_1626,117,2976.78,0.9842070151370526,0.9705346440663037
scope_20260424_115654,sweep_1627,117,2962.82,1.0153135679810663,1.0760005954020055
scope_20260424_115654,sweep_1628,117,2962.96,1.0153375556381634,0.974029851632594
scope_20260424_115654,sweep_1629,117,2962.96,1.0153375556381634,1.0046608721644101
scope_20260424_115654,sweep_1630,117,2976.93,1.017728338111533,1.0607122928764152
scope_20260424_115654,sweep_1631,117,2962.52,1.0152621639502453,1.1746545502968366
scope_20260424_115654,sweep_1632,117,2976.63,1.0176770560535175,0.9379706527588064
scope_20260424_115654,sweep_1633,117,2962.52,1.0152621639502453,1.0346721825599043
scope_20260424_115654,sweep_1634,117,2962.82,1.0503441135034683,1.0274101269853533
scope_20260424_115654,sweep_1635,117,2976.78,1.0528156731344325,0.8794641317715862
scope_20260424_115654,sweep_1636,117,2976.49,1.0527643888639102,0.9277145508046821
scope_20260424_115654,sweep_1637,117,2962.82,1.0503441135034683,0.9101560908505932
scope_20260424_115654,sweep_1638,117,2976.78,1.0528156731344325,1.0295823845713217
scope_20260424_115654,sweep_1639,117,2976.49,1.0527643888639102,0.9990117205557402
scope_20260424_115654,sweep_1640,117,2962.82,1.087085714717961,0.9431840487563741
scope_20260424_115654,sweep_1641,117,2976.78,1.089643730832254,1.087753679669626
scope_20260424_115654,sweep_1642,117,2962.96,1.0871113980538114,1.0491908126980163
scope_20260424_115654,sweep_1643,117,2977.08,1.089698636616959,0.9047577816409339
scope_20260424_115654,sweep_1644,117,2963.11,1.0871389152403317,0.9774338239924198
scope_20260424_115654,sweep_1645,117,2976.93,1.089671184070427,0.9620637730673934
scope_20260424_115654,sweep_1646,117,2976.78,1.128291674587267,1.070726227588815
scope_20260424_115654,sweep_1647,117,2976.63,1.1282632469098288,1.0701947557517497
scope_20260424_115654,sweep_1648,117,2976.93,1.128320101548479,1.193387849039028
scope_20260424_115654,sweep_1649,117,2962.82,1.1256429296777613,0.928976762398156
scope_20260424_115654,sweep_1650,117,2962.67,1.1256144351056017,1.1247137164127117
scope_20260424_115654,sweep_1651,117,2962.96,1.125669523961008,0.9108555473166654
scope_20260424_115654,sweep_1652,117,2962.67,1.166098373293797,1.0667278944799932
scope_20260424_115654,sweep_1653,117,2962.82,1.1661278927040024,1.0761991668763156
scope_20260424_115654,sweep_1654,117,2976.78,1.1688719025833314,1.1590891621187163
scope_20260424_115654,sweep_1655,117,2976.49,1.1688149650353943,1.0087434196390817
scope_20260424_115654,sweep_1656,117,2962.96,1.1661554434793528,1.0537963667712524
scope_20260424_115654,sweep_1657,117,2976.78,1.1688719025833314,1.0672712300174043
scope_20260424_115654,sweep_1658,117,2962.82,1.1661278927040024,1.1079637005426548
scope_20260424_115654,sweep_1659,117,2962.82,1.1661278927040024,1.1310387649195215
scope_20260424_115654,sweep_1660,117,2962.38,1.1660413003150245,1.0055574677303676
scope_20260424_115654,sweep_1661,117,2962.82,1.1256429296777613,0.9437139542943789
scope_20260424_115654,sweep_1662,117,2976.93,1.128320101548479,1.1391366053026044
scope_20260424_115654,sweep_1663,117,2962.52,1.1255859398120929,1.02672987907741
scope_20260424_115654,sweep_1664,117,2976.93,1.128320101548479,1.067216939390062
scope_20260424_115654,sweep_1665,117,2976.63,1.0896162769023876,1.0127179234443415
scope_20260424_115654,sweep_1666,117,2962.38,1.0870049917118052,1.0089762387035732
scope_20260424_115654,sweep_1667,117,2976.93,1.089671184070427,0.8446317649623284
scope_20260424_115654,sweep_1668,117,2976.78,1.0528156731344325,0.9914424910735837
scope_20260424_115654,sweep_1669,117,2977.08,1.0528687231993734,0.8261232345290764
scope_20260424_115654,sweep_1670,117,2976.78,1.0528156731344325,0.946317806602475
scope_20260424_115654,sweep_1671,117,2962.96,1.0153375556381634,0.8398743287713035
scope_20260424_115654,sweep_1672,117,2976.78,1.0177026974055383,0.8454961468130406
scope_20260424_115654,sweep_1673,117,2962.96,1.0153375556381634,0.9421679571038012
scope_20260424_115654,sweep_1674,117,2962.82,0.9818965192077106,1.0058941212600456
scope_20260424_115654,sweep_1675,117,2962.52,0.9818468070394425,1.0479259405801873
scope_20260424_115654,sweep_1676,117,2962.67,0.9818716634381924,1.0829552519506718
scope_20260424_115654,sweep_1677,117,2976.78,0.9842070151370526,0.9559250390776516
scope_20260424_115654,sweep_1678,117,2962.82,0.9818965192077106,0.8978126580237624
scope_20260424_115654,sweep_1679,117,2962.67,0.9818716634381924,0.8674484124686698
scope_20260424_115654,sweep_1680,117,2976.63,0.9841822177196922,0.911813467444744
scope_20260424_115654,sweep_1681,117,2962.67,0.9818716634381924,0.8337270377839642
scope_20260424_115654,sweep_1682,117,2976.93,0.9842318119296496,0.858326461283039
scope_20260424_115654,sweep_1683,117,2962.82,0.9818965192077106,1.0031356726827492
scope_20260424_115654,sweep_1684,117,2962.82,0.9818965192077106,1.0868579207200706
scope_20260424_115654,sweep_1685,117,2976.49,0.9841590728997719,0.877145679983994
scope_20260424_115654,sweep_1686,117,2962.82,0.9818965192077106,0.871422182336552
scope_20260424_115654,sweep_1687,117,2963.26,0.9819694258354486,0.9293221535169696
scope_20260424_115654,sweep_1688,117,2976.63,0.9841822177196922,0.9024001523131191
scope_20260424_115654,sweep_1689,117,2962.96,0.9819197173582628,0.9115525731912988
scope_20260424_115654,sweep_1690,117,2976.63,0.9841822177196922,1.0502040698093875
scope_20260424_115654,sweep_1691,117,2976.49,0.9841590728997719,0.8579187845963822
scope_20260424_115654,sweep_1692,117,2976.78,1.0177026974055383,0.9034422196941923
scope_20260424_115654,sweep_1693,117,2962.67,1.015287866290979,0.8840095683807945
scope_20260424_115654,sweep_1694,117,2976.93,1.017728338111533,0.8596594473604233
scope_20260424_115654,sweep_1695,117,2962.82,1.0153135679810663,0.8476050472530899
scope_20260424_115654,sweep_1696,117,2977.08,1.0177539781715506,0.8744647324800541
scope_20260424_115654,sweep_1697,117,2976.63,1.0176770560535175,0.9721041877729588
scope_20260424_115654,sweep_1698,117,2976.78,1.0177026974055383,0.9585664263647445
scope_20260424_115654,sweep_1699,117,2976.93,1.0528421985010354,1.0699310207944828
scope_20260424_115654,sweep_1700,117,2962.82,1.0503441135034683,0.969209432036601
scope_20260424_115654,sweep_1701,117,2976.49,1.0527643888639102,0.9522555022307748
scope_20260424_115654,sweep_1702,117,2963.11,1.050395515940968,0.8808782176829436
scope_20260424_115654,sweep_1703,117,2962.52,1.0502909359208121,0.9626371830930106
scope_20260424_115654,sweep_1704,117,2976.63,1.0527891470995143,0.9333710117204086
scope_20260424_115654,sweep_1705,117,2962.52,1.0870306769549025,0.9765020339117544
scope_20260424_115654,sweep_1706,117,2976.78,1.089643730832254,0.950506584781243
scope_20260424_115654,sweep_1707,117,2976.78,1.089643730832254,1.0057627693600468
scope_20260424_115654,sweep_1708,117,2976.49,1.0895906526104047,1.005527773621586
scope_20260424_115654,sweep_1709,117,2962.82,1.087085714717961,1.0028417340599949
scope_20260424_115654,sweep_1710,117,2976.63,1.0896162769023876,0.7719758310057808
scope_20260424_115654,sweep_1711,117,2962.82,1.1256429296777613,0.8882035744608991
scope_20260424_115654,sweep_1712,117,2977.08,1.1283485277935184,0.8405960377008858
scope_20260424_115654,sweep_1713,117,2962.82,1.1256429296777613,0.713101509550965
scope_20260424_115654,sweep_1714,117,2976.63,1.1282632469098288,1.111383446495406
scope_20260424_115654,sweep_1715,117,2962.82,1.1256429296777613,0.989034567402016
scope_20260424_115654,sweep_1716,117,2976.93,1.128320101548479,1.0818498676826693
scope_20260424_115654,sweep_1717,117,2976.34,1.1687855134911849,0.8323072847725482
scope_20260424_115654,sweep_1718,117,2962.82,1.1661278927040024,1.0664872815092785
scope_20260424_115654,sweep_1719,117,2976.63,1.168842452473788,0.9551218105692489
scope_20260424_115654,sweep_1720,117,2962.52,1.1660688531362984,1.0078140502003388
scope_20260424_115654,sweep_1721,117,2962.67,1.166098373293797,0.9989401423615731
scope_20260424_115654,sweep_1722,117,2962.82,1.1661278927040024,0.7095168816323036
scope_20260424_115654,sweep_1723,117,2962.82,1.1661278927040024,1.1225643599895891
scope_20260424_115654,sweep_1724,117,2976.63,1.168842452473788,1.0909272165972552
scope_20260424_115654,sweep_1725,117,2976.63,1.1282632469098288,0.9366613802127539
scope_20260424_115654,sweep_1726,117,2962.67,1.1256144351056017,0.9535742275395815
scope_20260424_115654,sweep_1727,117,2962.82,1.1256429296777613,0.9395945984707649
scope_20260424_115654,sweep_1728,117,2962.82,1.1256429296777613,1.0037198289226168
scope_20260424_115654,sweep_1729,117,2976.49,1.0895906526104047,0.9612724477239649
scope_20260424_115654,sweep_1730,117,2976.93,1.089671184070427,0.9985330950403083
scope_20260424_115654,sweep_1731,117,2976.78,1.089643730832254,0.9256183502267202
scope_20260424_115654,sweep_1732,117,2962.67,1.0503175250486878,0.996483352336856
scope_20260424_115654,sweep_1733,117,2976.93,1.0528421985010354,0.9522270245549737
scope_20260424_115654,sweep_1734,117,2976.93,1.0528421985010354,1.0047845168667555
scope_20260424_115654,sweep_1735,117,2962.96,1.0153375556381634,1.109019853863791
scope_20260424_115654,sweep_1736,117,2962.82,1.0153135679810663,0.8977277946845024
scope_20260424_115654,sweep_1737,117,2962.67,1.015287866290979,0.7508757543122104
scope_20260424_115654,sweep_1738,117,2962.67,0.9818716634381924,0.8306713295490546
scope_20260424_115654,sweep_1739,117,2962.82,0.9818965192077106,0.9542054699220164
scope_20260424_115654,sweep_1740,117,2976.78,0.9842070151370526,0.855155093965244
scope_20260424_115654,sweep_1741,117,2976.63,0.9841822177196922,0.9904547087911239
scope_20260424_115654,sweep_1742,117,2962.82,0.9818965192077106,0.9252937305607142
scope_20260424_115654,sweep_1743,117,2962.52,0.9818468070394425,0.9373376389700563
scope_20260424_115654,sweep_1744,117,2962.96,0.9819197173582628,0.9161506907460564
scope_20260424_115654,sweep_1745,117,2962.67,0.9818716634381924,0.8576516842872486
scope_20260424_115654,sweep_1746,117,2962.52,0.9818468070394425,0.8402082005765864
scope_20260424_115654,sweep_1747,117,2962.96,0.9819197173582628,0.9868305208419607
scope_20260424_115654,sweep_1748,117,2976.63,0.9841822177196922,1.0110884119089998
scope_20260424_115654,sweep_1749,117,2976.78,0.9842070151370526,1.0558810794027202
scope_20260424_115654,sweep_1750,117,2962.38,0.9818236071661934,1.0577703763640254
scope_20260424_115654,sweep_1751,117,2976.63,0.9841822177196922,1.1237734248147395
scope_20260424_115654,sweep_1752,117,2962.67,0.9818716634381924,0.841657263346014
scope_20260424_115654,sweep_1753,117,2962.67,0.9818716634381924,0.8634047729473165
scope_20260424_115654,sweep_1754,117,2962.96,0.9819197173582628,0.8407586332309039
scope_20260424_115654,sweep_1755,117,2962.67,0.9818716634381924,0.947294795010349
scope_20260424_115654,sweep_1756,117,2976.49,0.9841590728997719,0.9058296178735641
scope_20260424_115654,sweep_1757,117,2962.38,1.0152381745118222,0.6728562712712687
scope_20260424_115654,sweep_1758,117,2976.63,1.0176770560535175,0.8595374346353104
scope_20260424_115654,sweep_1759,117,2962.52,1.0152621639502453,1.0606510612951747
scope_20260424_115654,sweep_1760,117,2962.38,1.0152381745118222,0.9487207678829175
scope_20260424_115654,sweep_1761,117,2962.67,1.015287866290979,0.9216416856561974
scope_20260424_115654,sweep_1762,117,2962.52,1.0152621639502453,0.6848299948690298
scope_20260424_115654,sweep_1763,117,2962.82,1.0503441135034683,0.8486942765647963
scope_20260424_115654,sweep_1764,117,2976.78,1.0528156731344325,1.0804534523431688
scope_20260424_115654,sweep_1765,117,2962.82,1.0503441135034683,1.111067170478751
scope_20260424_115654,sweep_1766,117,2962.82,1.0503441135034683,1.0203877408046438
scope_20260424_115654,sweep_1767,117,2962.67,1.0503175250486878,1.0509325777092358
scope_20260424_115654,sweep_1768,117,2962.82,1.0503441135034683,0.9132125619418135
scope_20260424_115654,sweep_1769,117,2962.67,1.087058196184752,0.8153043608585567
scope_20260424_115654,sweep_1770,117,2962.82,1.087085714717961,0.92761186746125
scope_20260424_115654,sweep_1771,117,2976.93,1.089671184070427,0.9158258180413048
scope_20260424_115654,sweep_1772,117,2976.93,1.089671184070427,0.6877686065910864
scope_20260424_115654,sweep_1773,117,2962.82,1.087085714717961,1.0174010188784468
scope_20260424_115654,sweep_1774,117,2962.67,1.087058196184752,0.8059766292370116
scope_20260424_115654,sweep_1775,117,2962.82,1.1256429296777613,0.8780889026191354
scope_20260424_115654,sweep_1776,117,2962.96,1.125669523961008,0.9073396559930215
scope_20260424_115654,sweep_1777,117,2976.63,1.1282632469098288,0.8565885660799393
scope_20260424_115654,sweep_1778,117,2962.67,1.1256144351056017,1.1748541016055294
scope_20260424_115654,sweep_1779,117,2962.82,1.1256429296777613,1.14001331871951
scope_20260424_115654,sweep_1780,117,2976.63,1.1282632469098288,1.0630174131166676
scope_20260424_115654,sweep_1781,117,2976.49,1.1282367137646425,1.0199674149229183
scope_20260424_115654,sweep_1782,117,2962.82,1.1661278927040024,0.9166242083424222
scope_20260424_115654,sweep_1783,117,2976.63,1.168842452473788,1.0273412856661424
scope_20260424_115654,sweep_1784,117,2976.93,1.1689013519508884,0.9243435757837701
scope_20260424_115654,sweep_1785,117,2962.96,1.1661554434793528,0.9274022128211911
scope_20260424_115654,sweep_1786,117,2976.63,1.168842452473788,1.0311053137580286
scope_20260424_115654,sweep_1787,117,2962.82,1.1661278927040024,1.0281450060794168
scope_20260424_115654,sweep_1788,117,2976.93,1.1689013519508884,1.0013253951479697
scope_20260424_115654,sweep_1789,117,2976.78,1.1688719025833314,1.0372109306751869
scope_20260424_115654,sweep_1790,117,2962.67,1.166098373293797,0.8837479437070741
scope_20260424_115654,sweep_1791,117,2976.93,1.128320101548479,1.0197347825938963
scope_20260424_115654,sweep_1792,117,2976.78,1.128291674587267,1.1404559719533536
scope_20260424_115654,sweep_1793,117,2976.49,1.1282367137646425,1.0413015291687524
scope_20260424_115654,sweep_1794,117,2962.52,1.1255859398120929,0.9220651205777785
scope_20260424_115654,sweep_1795,117,2962.67,1.087058196184752,0.9301394491308753
scope_20260424_115654,sweep_1796,117,2976.78,1.089643730832254,1.0094297535410086
scope_20260424_115654,sweep_1797,117,2962.96,1.0871113980538114,0.9375657577301031
scope_20260424_115654,sweep_1798,117,2976.93,1.0528421985010354,0.8957727384247873
scope_20260424_115654,sweep_1799,117,2976.78,1.0528156731344325,0.9060070395365375
scope_20260424_115654,sweep_1800,117,2976.63,1.0527891470995143,1.042206450611521
scope_20260424_115654,sweep_1801,117,2962.82,1.0153135679810663,0.9233958131786408
scope_20260424_115654,sweep_1802,117,2976.78,1.0177026974055383,0.8824567744532593
scope_20260424_115654,sweep_1803,117,2976.78,1.0177026974055383,0.9348664479112092
scope_20260424_115654,sweep_1804,117,2976.49,0.9841590728997719,1.039338408332657
scope_20260424_115654,sweep_1805,117,2976.63,0.9841822177196922,0.8693749578680255
scope_20260424_115654,sweep_1806,117,2976.93,0.9842318119296496,1.0906600885746447
scope_20260424_115654,sweep_1807,117,2962.67,0.9818716634381924,0.9256930650888912
scope_20260424_115654,sweep_1808,117,2976.78,0.9842070151370526,0.9136892798319576
scope_20260424_115654,sweep_1809,117,2962.82,0.9818965192077106,0.7689165479113892
scope_20260424_115654,sweep_1810,117,2976.93,0.9842318119296496,0.9964100503232677
scope_20260424_115654,sweep_1811,117,2976.34,0.9521669455677902,0.6981160215297245
scope_20260424_115654,sweep_1812,117,2976.63,0.9841822177196922,0.9129617038328504
scope_20260424_115654,sweep_1813,117,2962.67,0.949977830418325,0.7952422654375685
scope_20260424_115654,sweep_1814,117,2962.82,0.9818965192077106,0.8496544063987552
scope_20260424_115654,sweep_1815,117,2962.67,0.9818716634381924,0.9710656259724709
scope_20260424_115654,sweep_1816,117,2976.93,0.9842318119296496,0.8309268872225763
scope_20260424_115654,sweep_1817,117,2962.82,0.9818965192077106,0.8790158158061004
scope_20260424_115654,sweep_1818,117,2962.82,0.9818965192077106,0.9660870827264602
scope_20260424_115654,sweep_1819,117,2962.67,0.9818716634381924,0.8755594024082479
scope_20260424_115654,sweep_1820,118,2841.18,0.9615291635547176,0.9608707714917799
scope_20260424_115654,sweep_1821,118,2840.91,0.9614834749601434,0.9930586621184547
scope_20260424_115654,sweep_1822,118,2841.04,0.961505473443351,0.8845510110850994
scope_20260424_115654,sweep_1823,118,2840.77,0.9941813056530688,1.0662895657975036
scope_20260424_115654,sweep_1824,118,2841.04,0.9942285503393065,0.9395394561563857
scope_20260424_115654,sweep_1825,118,2841.04,0.9942285503393065,1.0361800491776552
scope_20260424_115654,sweep_1826,118,2840.91,0.9942058031780335,0.9856808768223385
scope_20260424_115654,sweep_1827,118,2841.18,0.9942530467002029,0.7964655782058114
scope_20260424_115654,sweep_1828,118,2840.91,0.9942058031780335,1.089595779812601
scope_20260424_115654,sweep_1829,118,2841.04,0.9942285503393065,0.9653489112094943
scope_20260424_115654,sweep_1838,120,2658.99,1.0298394088877982,0.8982691656778179
scope_20260424_115654,sweep_1841,122,2459.12,0.9903780716973071,0.7842514064317179
scope_20260424_115654,sweep_1842,122,2459.22,1.0255260700056663,0.688922473187186
scope_20260424_115654,sweep_1843,122,2459.22,1.0255260700056663,0.8215590494687307
scope_20260424_115654,sweep_1844,122,2459.32,1.0255469204306977,0.6801305088300779
scope_20260424_115654,sweep_1845,122,2459.42,1.025567770431827,0.6242903638350891
scope_20260424_115654,sweep_1846,122,2459.52,1.0255886200090796,0.9311758629460474
scope_20260424_115654,sweep_1847,122,2459.12,1.0255052191567076,0.832937067948436
scope_20260424_115654,sweep_1848,122,2468.93,1.027548672310371,0.8830095155467761
scope_20260424_115654,sweep_1849,122,2459.12,1.0255052191567076,0.7158207057755803
scope_20260424_115654,sweep_1850,122,2459.62,1.0624966208014948,0.6148039297676241
scope_20260424_115654,sweep_1851,123,2271.01,1.0209467074402159,0.8035206473359353
scope_20260424_115654,sweep_1852,123,2270.66,1.0208680320675128,0.8478804069999334
scope_20260424_115654,sweep_1853,123,2270.83,1.0209062465772323,0.726787361676175
scope_20260424_115654,sweep_1854,123,2270.83,1.0209062465772323,0.8739218499185756
scope_20260424_115654,sweep_1855,123,2278.94,1.0227276445844415,0.671132681092031
scope_20260424_115654,sweep_1856,123,2270.66,0.9854261180274584,0.8264556827358058
scope_20260424_115654,sweep_1857,123,2279.2,0.9872774830795279,0.8216616723827698
scope_20260424_115654,sweep_1858,123,2270.75,0.9854456470348453,0.883359059903115
scope_20260424_115654,sweep_1859,123,2270.75,0.9854456470348453,0.8349822881555081
scope_20260424_115654,sweep_1860,123,2279.12,0.9872601561903283,0.724352149332665
scope_20260424_115654,sweep_1861,123,2278.86,0.9533886506391018,0.737495604301087
scope_20260424_115654,sweep_1862,124,2087.83,0.9125543124573804,0.5917339214929719
scope_20260424_115654,sweep_1863,124,2080.88,0.9110341840654269,0.8319127436724727
scope_20260424_115654,sweep_1864,124,2080.8,0.8802258967921016,0.692961159286954
scope_20260424_115654,sweep_1865,124,2087.76,0.8816967872707651,0.7108801119179695
scope_20260424_115654,sweep_1866,124,2080.88,0.8508854043916592,0.5833796567150608
scope_20260424_115654,sweep_1867,124,2080.88,0.8508854043916592,0.6956088683787199
scope_20260424_115654,sweep_1868,124,2087.83,0.852305170064713,0.7658158696034434
scope_20260424_115654,sweep_1869,124,2087.76,0.8242394042939784,0.6795473434921677
scope_20260424_115654,sweep_1870,124,2081.24,0.8229513627530701,0.7672542428381246
scope_20260424_115654,sweep_1871,124,2087.97,0.8242808568370135,0.6859568032018812
scope_20260424_115654,sweep_1872,125,1874.12,0.7809294199858928,0.6935763776399319
scope_20260424_115654,sweep_1873,125,1896.87,0.7856549853563565,0.7404065746672817
scope_20260424_115654,sweep_1874,125,1896.87,0.76013479789475,0.6408907715644623
scope_20260424_115654,sweep_1875,125,1896.99,0.7601588413803766,0.7339386469039028
scope_20260424_115654,sweep_1876,125,1896.99,0.7601588413803766,0.7270788525530321
scope_20260424_115654,sweep_1877,125,1896.81,0.7601227758667413,0.7685230568509029
scope_20260424_115654,sweep_1878,125,1896.99,0.7601588413803766,0.7186999135311121
scope_20260424_115654,sweep_1879,125,1896.87,0.76013479789475,0.732809222067866
scope_20260424_115654,sweep_1880,125,1896.99,0.7601588413803766,0.7182508360845136
scope_20260424_115654,sweep_1881,125,1896.81,0.7601227758667413,0.6004658496153231
scope_20260424_115654,sweep_1882,125,1896.93,0.7601468197326253,0.6404506329821145
scope_20260424_115654,sweep_1883,126,1714.19,0.7226055768580918,0.6815946863100728
scope_20260424_115654,sweep_1884,126,1709.3,0.7215741670176065,0.7234622899848736
scope_20260424_115654,sweep_1885,126,1714.04,0.7225739604072272,0.5973424492847222
scope_20260424_115654,sweep_1886,126,1713.94,0.7225528820047464,0.6563416489197968
scope_20260424_115654,sweep_1887,126,1713.89,0.7225423425729146,0.6417557639196737
scope_20260424_115654,sweep_1888,126,1709.35,0.7458106570822283,0.6592881096300365
scope_20260424_115654,sweep_1889,126,1713.84,0.7467895361029436,0.616546986133321
scope_20260424_115654,sweep_1890,126,1709.35,0.7458106570822283,0.6756298259934415
scope_20260424_115654,sweep_1891,126,1713.84,0.7467895361029436,0.631845834298849
scope_20260424_115654,sweep_1892,126,1709.3,0.7457997491916403,0.8113291397307957
scope_20260424_115654,sweep_1893,127,1499.18,0.698457486215148,0.5412893605180309
scope_20260424_115654,sweep_1894,127,1521.26,0.7035821449810117,0.6500950777336802
scope_20260424_115654,sweep_1895,127,1521.3,0.7035913949122533,0.6406973040795597
scope_20260424_115654,sweep_1896,127,1521.34,0.7275464033651818,0.600637343244919
scope_20260424_115654,sweep_1897,127,1524.82,0.7283780436481534,0.7182055761492501
scope_20260424_115654,sweep_1898,127,1521.26,0.7275272740195218,0.7013583745756631
scope_20260424_115654,sweep_1899,127,1524.78,0.7283684899589241,0.5801883698791191
scope_20260424_115654,sweep_1900,127,1521.26,0.7275272740195218,0.6367516890551715
scope_20260424_115654,sweep_1901,127,1524.78,0.7283684899589241,0.715998508759909
scope_20260424_115654,sweep_1902,127,1521.22,0.7526186661754122,0.628886648111408
scope_20260424_115654,sweep_1903,127,1521.22,0.7526186661754122,0.6628891483790496
scope_20260424_115654,sweep_1904,128,1335.23,0.705110225404545,0.7204423625625603
scope_20260424_115654,sweep_1905,128,1332.33,0.7043440910485403,0.6312875401107696
scope_20260424_115654,sweep_1906,128,1335.14,0.7050864613377973,0.6477248253562968
scope_20260424_115654,sweep_1907,128,1332.24,0.7043203011320938,0.7090168896533521
scope_20260424_115654,sweep_1908,128,1332.3,0.7043361611656734,0.672820072103828
scope_20260424_115654,sweep_1909,128,1332.24,0.7043203011320938,0.5491809605059601
scope_20260424_115654,sweep_1910,128,1332.3,0.7289742183716847,0.5881827860966893
scope_20260424_115654,sweep_1911,128,1335.02,0.7297179693618385,0.7050821781791876
scope_20260424_115654,sweep_1912,128,1335.11,0.7297425658137348,0.6364855965512931
scope_20260424_115654,sweep_1913,128,1332.47,0.72902072503842,0.6088311309272552
scope_20260424_115654,sweep_1914,128,1332.27,0.7289660110048519,0.6507000225066288
scope_20260424_115654,sweep_1915,129,1145.67,0.675991018019105,0.49352791148316005
scope_20260424_115654,sweep_1916,129,1145.83,0.6760382195635688,0.5411381534957376
scope_20260424_115654,sweep_1917,129,1143.66,0.6993530606845955,0.5936203003294913
scope_20260424_115654,sweep_1918,129,1143.64,0.6993469456143977,0.6932221476124835
scope_20260424_115654,sweep_1919,129,1143.75,0.6993805778388258,0.5423406551643787
scope_20260424_115654,sweep_1920,129,1145.74,0.6999887363066748,0.6741917096294385
scope_20260424_115654,sweep_1921,129,1143.79,0.6993928073376349,0.5821520019548054
scope_20260424_115654,sweep_1922,129,1143.69,0.699362233189638,0.6048459874847962
scope_20260424_115654,sweep_1923,129,1143.77,0.699386692614961,0.4113621505319892
scope_20260424_115654,sweep_1924,129,1145.74,0.6999887363066748,0.7203005064979976
scope_20260424_115654,sweep_1925,129,1143.75,0.7245345552579188,0.5106953520530438
scope_20260424_115654,sweep_1926,130,957.18,0.6384372974362852,0.6239063723231817
scope_20260424_115654,sweep_1927,130,957.06,0.638370863711725,0.551760141725425
scope_20260424_115654,sweep_1928,130,955.76,0.637651074219261,0.5182077645055307
scope_20260424_115654,sweep_1929,130,955.7,0.637617849149215,0.5841261973171429
scope_20260424_115654,sweep_1930,130,955.78,0.6376621491638128,0.5709647114737328
scope_20260424_115654,sweep_1931,130,955.69,0.6154760510592331,0.4875665994343005
scope_20260424_115654,sweep_1932,130,955.78,0.6155241583879733,0.4806703475912861
scope_20260424_115654,sweep_1933,130,955.72,0.6154920869210506,0.5144529299542164
scope_20260424_115654,sweep_1934,130,955.7,0.6154813963560137,0.5152098224341047
scope_20260424_115654,sweep_1935,130,957.08,0.5951112974893232,0.3879065077419933
scope_20260424_115654,sweep_1936,131,769.07,0.4963212016366941,0.4114256503733948
scope_20260424_115654,sweep_1937,131,770.97,0.4805295279532673,0.41035428787563905
scope_20260424_115654,sweep_1938,131,773.8,0.4819930922180995,0.51065581826336
scope_20260424_115654,sweep_1939,131,773.8,0.4819930922180995,0.4460090480081453
scope_20260424_115654,sweep_1940,131,775.76,0.46689721520159555,0.40675468595058145
scope_20260424_115654,sweep_1941,131,777.71,0.4678711141428368,0.4505455151891468
scope_20260424_115654,sweep_1942,131,777.69,0.45246239890394696,0.2655574094935969
scope_20260424_115654,sweep_1943,131,780.63,0.4538816591244125,0.487535132621634
scope_20260424_115654,sweep_1944,131,781.63,0.4543641934590777,0.47216082939305476
scope_20260424_115654,sweep_1945,131,782.63,0.4400719809363449,0.4679447456342625
scope_20260424_115654,sweep_1967,135,364.26,0.23326165975096402,0.22551865672084703
scope_20260424_115654,sweep_1968,135,364.47,0.23337327100496918,0.2796437252121394
scope_20260424_115654,sweep_1969,135,364.67,0.23347955727385986,0.22879797202034274
scope_20260424_115654,sweep_1970,135,364.68,0.23348487132713666,0.21530832906283603
scope_20260424_115654,sweep_1971,135,364.48,0.23337858555385393,0.28072520438087734
scope_20260424_115654,sweep_1972,135,373.43,0.2461198980482822,0.2501178049894007
scope_20260424_115654,sweep_1973,135,381.0,0.25025387818807,0.23708312532700174
scope_20260424_115654,sweep_1974,135,388.61,0.25439565148152976,0.32144783599529975
scope_20260424_115654,sweep_1975,135,394.28,0.25747260521169013,0.2651984026474769
scope_20260424_115654,sweep_1976,135,401.13,0.26117990272285807,0.27588892580736923
scope_20260424_115654,sweep_1977,135,364.47,0.24120836767607273,0.22439324173957295
scope_20260424_115654,sweep_1978,135,364.69,0.24132920722021645,0.20299632064306705
scope_20260424_115654,sweep_1979,135,364.9,0.24144454249797356,0.2729265211866172
scope_20260424_115654,sweep_1980,135,364.7,0.2413346996322689,0.16912060597967057
scope_20260424_115654,sweep_1981,135,364.23,0.24928112646964534,0.27726375874031506
scope_20260424_115654,sweep_1982,135,364.48,0.24942313239103603,0.22764754106986704
scope_20260424_115654,sweep_1983,135,364.68,0.24953672520606607,0.2871030774261936
scope_20260424_115654,sweep_1984,135,364.88,0.24965030743105585,0.27638987863653114
scope_20260424_115654,sweep_1985,135,364.46,0.2494117725268191,0.26020412036581986
scope_20260424_115654,sweep_1986,135,364.89,0.24965598626443866,0.24315304339039856
scope_20260424_115654,sweep_1987,135,364.68,0.24953672520606607,0.22151875319087008
scope_20260424_115654,sweep_1988,135,362.99,0.24857653190886378,0.267855021269408
scope_20260424_115654,sweep_1989,135,363.41,0.2573999019788061,0.3118138201040316
scope_20260424_115654,sweep_1990,135,363.42,0.2574057807773792,0.22344469777722048
scope_20260424_115654,sweep_1991,135,364.04,0.2577702126171649,0.23549890272779714
scope_20260424_115654,sweep_1992,135,364.69,0.2581521649804241,0.21926376443701925
scope_20260424_115654,sweep_1993,135,364.27,0.2579053782352557,0.23749624895324625
scope_20260424_115654,sweep_1994,135,364.9,0.25827554023199256,0.1786195581674009
scope_20260424_115654,sweep_1995,135,365.53,0.2586455936001904,0.29562149081867
scope_20260424_115654,sweep_1996,135,365.11,0.2583989034137302,0.2680749763864135
scope_20260424_115654,sweep_1997,135,364.69,0.2671824663611128,0.24068693590423065
scope_20260424_115654,sweep_1998,135,363.62,0.2665316561041427,0.3148274815918107
scope_20260424_115654,sweep_1999,135,363.83,0.26665941086911155,0.3201732749442754
scope_20260424_115654,sweep_2000,135,364.26,0.26692096485692157,0.24262252518293717
scope_20260424_115654,sweep_2018,138,192.8,0.16299971631623508,0.09263018749736564
scope_20260424_115654,sweep_2019,138,192.8,0.16299971631623508,0.09688537566654325
scope_20260424_115654,sweep_2020,138,192.8,0.16299971631623508,0.11708865352641813
scope_20260424_115654,sweep_2021,138,192.8,0.16299971631623508,0.0945313741668614
scope_20260424_115654,sweep_2022,138,192.8,0.15741640482846983,0.12667466503809155
scope_20260424_115654,sweep_2023,138,192.8,0.15741640482846983,0.0943732843136659
scope_20260424_115654,sweep_2024,138,192.8,0.15741640482846983,0.0966979277093431
scope_20260424_115654,sweep_2025,138,192.8,0.15209600488896063,0.09031850774426775
scope_20260424_115654,sweep_2026,138,192.8,0.15209600488896063,0.09648437673338119
scope_20260424_115654,sweep_2027,138,192.8,0.14702337587667777,0.09556034729425435
scope_20260424_115654,sweep_2028,138,192.8,0.14702337587667777,0.09838570376258954
scope_20260424_115654,sweep_2029,138,192.8,0.14702337587667777,0.0854539249215279
scope_20260424_115654,sweep_2030,138,192.8,0.1421843906829076,0.10402327046941647
scope_20260424_115654,sweep_2031,138,192.8,0.1375658591748357,0.09753667250304289
scope_20260424_115654,sweep_2032,138,192.8,0.1375658591748357,0.12098729084166877
scope_20260424_115654,sweep_2033,138,192.8,0.13315545805202295,0.10172951559686275
scope_20260424_115654,sweep_2034,138,192.8,0.13315545805202295,0.10493782625368898
scope_20260424_115654,sweep_2035,138,192.8,0.1289416665134688,0.1079291107391255
scope_20260424_115654,sweep_2036,138,192.8,0.1289416665134688,0.09697889538784603
scope_20260424_115654,sweep_2037,138,192.8,0.1289416665134688,0.10661020690456792
scope_20260424_115654,sweep_2038,138,192.8,0.12491370721001925,0.0920393270032186
scope_20260424_115654,sweep_2039,138,192.8,0.12491370721001925,0.11438281942154534
scope_20260424_115654,sweep_2040,138,192.8,0.1210614920082863,0.10650852415106322
scope_20260424_115654,sweep_2041,138,192.8,0.1210614920082863,0.0965130196524543
scope_20260424_115654,sweep_2042,138,192.8,0.1173755721380016,0.10498665319005256
scope_20260424_115654,sweep_2043,138,192.8,0.1173755721380016,0.11506232422557139
scope_20260424_115654,sweep_2044,138,192.8,0.1138470923359366,0.10472916188351446
scope_20260424_115654,sweep_2045,138,192.8,0.1138470923359366,0.1012401342850744
scope_20260424_115654,sweep_2046,138,192.8,0.1138470923359366,0.10016226314003275
scope_20260424_115654,sweep_2047,138,192.8,0.11046774863635583,0.10183254906887595
scope_20260424_115654,sweep_2048,138,192.8,0.11046774863635583,0.10257295199927823
scope_20260424_115654,sweep_2049,138,192.8,0.11046774863635583,0.10551417267441593
scope_20260424_115654,sweep_2050,138,192.8,0.11046774863635583,0.10067267127015539
scope_20260424_115654,sweep_2051,138,192.8,0.11046774863635583,0.10223959197158972
scope_20260424_115654,sweep_2052,138,192.8,0.11046774863635583,0.09930221956030869
scope_20260424_115654,sweep_2053,138,192.8,0.11046774863635583,0.10093123691473602
scope_20260424_115654,sweep_2054,138,192.8,0.10722974949114585,0.09355195652359355
scope_20260424_115654,sweep_2055,138,192.8,0.10722974949114585,0.09647408364986172
scope_20260424_115654,sweep_2056,138,192.8,0.10722974949114585,0.09593616259353532
scope_20260424_115654,sweep_2057,138,192.8,0.10722974949114585,0.0875717054922542
scope_20260424_115654,sweep_2058,138,192.8,0.10722974949114585,0.09800473765185658
scope_20260424_115654,sweep_2059,138,192.8,0.10722974949114585,0.09228379771267657
scope_20260424_115654,sweep_2060,138,192.8,0.11046774863635583,0.08989834611820796
scope_20260424_115654,sweep_2061,138,192.8,0.11046774863635583,0.11651903105594813
scope_20260424_115654,sweep_2062,138,192.8,0.11046774863635583,0.11402660861783388
scope_20260424_115654,sweep_2063,138,192.8,0.11046774863635583,0.08842951806770662
scope_20260424_115654,sweep_2064,138,192.8,0.11046774863635583,0.11001357159272997
scope_20260424_115654,sweep_2065,138,192.8,0.11046774863635583,0.09215770744359371
scope_20260424_115654,sweep_2066,138,192.8,0.11046774863635583,0.11519973952500859
scope_20260424_115654,sweep_2067,138,192.8,0.11046774863635583,0.09324949010493583
scope_20260424_115654,sweep_2068,138,192.8,0.11046774863635583,0.08422582581740144
scope_20260424_115654,sweep_2069,138,192.8,0.1138470923359366,0.10227916970739104
scope_20260424_115654,sweep_2070,138,192.8,0.1138470923359366,0.24107837144881925
scope_20260424_115654,sweep_2071,139,363.41,0.1926692974561432,0.2052189938208065
scope_20260424_115654,sweep_2072,139,363.2,0.19257688418073962,0.25276575330951306
scope_20260424_115654,sweep_2073,139,363.61,0.1927573016595424,0.2347975421177102
scope_20260424_115654,sweep_2074,139,362.76,0.1923832269022077,0.221810210789231
scope_20260424_115654,sweep_2075,139,362.75,0.19237882513650909,0.18988883691532088
scope_20260424_115654,sweep_2076,139,364.04,0.1989265017721058,0.1806918583089992
scope_20260424_115654,sweep_2077,139,364.04,0.1989265017721058,0.16563584031932832
scope_20260424_115654,sweep_2078,139,362.55,0.19825048229702455,0.23250072585051246
scope_20260424_115654,sweep_2079,139,363.6,0.19872692088669316,0.2185508922463717
scope_20260424_115654,sweep_2080,139,363.2,0.19854544808724056,0.25797370039868595
scope_20260424_115654,sweep_2081,139,363.82,0.20507042911176157,0.1711861080439791
scope_20260424_115654,sweep_2082,139,364.27,0.20528093363738076,0.2614407872331388
scope_20260424_115654,sweep_2083,139,364.48,0.2053791539514571,0.3052744303678783
scope_20260424_115654,sweep_2084,139,364.69,0.20547736464554406,0.2723564963387541
scope_20260424_115654,sweep_2085,139,362.13,0.2042794718436712,0.21020295070516976
scope_20260424_115654,sweep_2086,139,364.04,0.21170202918763184,0.2434830074212572
scope_20260424_115654,sweep_2087,139,364.46,0.2119047324439045,0.21207193804861618
scope_20260424_115654,sweep_2088,139,364.89,0.21211222083230377,0.24483539230229553
scope_20260424_115654,sweep_2089,139,363.63,0.21150411384796378,0.27841274707436703
scope_20260424_115654,sweep_2090,139,365.55,0.2124306105463378,0.27427345730261593
scope_20260424_115654,sweep_2091,139,364.91,0.2121218704430406,0.1658736377080149
scope_20260424_115654,sweep_2092,139,364.9,0.21895695814950844,0.2706034456492905
scope_20260424_115654,sweep_2093,139,364.27,0.2186431477718194,0.3010390982883463
scope_20260424_115654,sweep_2094,139,365.53,0.2192706764357263,0.21015086214093726
scope_20260424_115654,sweep_2095,139,365.1,0.2190565612245524,0.18339983131874563
scope_20260424_115654,sweep_2096,139,364.68,0.21884738404709483,0.24576920238431374
scope_20260424_115654,sweep_2097,139,364.92,0.22612272021423696,0.22577839200740582
scope_20260424_115654,sweep_2098,139,364.91,0.226117577106297,0.18842092249787584
scope_20260424_115654,sweep_2099,139,364.9,0.22611243397439684,0.23993461780889655
scope_20260424_115654,sweep_2100,139,363.4,0.22534069239870397,0.2361444959541873
scope_20260424_115654,sweep_2101,139,364.89,0.22610729081853578,0.2536220159005216
scope_20260424_115654,sweep_2102,139,365.31,0.22632328274315164,0.22445806370809707
scope_20260424_115654,sweep_2103,139,365.1,0.23370803920540903,0.257456230896154
scope_20260424_115654,sweep_2104,139,365.32,0.23382491924568216,0.28398736520499107
scope_20260424_115654,sweep_2105,139,365.54,0.23394178732085608,0.2426336310686727
scope_20260424_115654,sweep_2106,139,364.91,0.23360708771702757,0.2818292674607098
scope_20260424_115654,sweep_2107,139,364.06,0.23315535314844488,0.24978967730855756
scope_20260424_115654,sweep_2108,139,364.89,0.23359646072483142,0.20710817833585796
scope_20260424_115654,sweep_2109,139,365.33,0.23383023169042705,0.2323644826761103
scope_20260424_115654,sweep_2110,139,364.9,0.24144454249797356,0.28324093070463574
scope_20260424_115654,sweep_2111,139,364.89,0.24143905059780674,0.19198697032702694
scope_20260424_115654,sweep_2112,139,364.67,0.241318222319302,0.2230908006466493
scope_20260424_115654,sweep_2113,139,364.48,0.24121386065157888,0.2612382181484521
scope_20260424_115654,sweep_2114,139,364.04,0.24097214548095802,0.2522728801059955
scope_20260424_115654,sweep_2115,139,364.47,0.24120836767607273,0.24670346186001602
scope_20260424_115654,sweep_2116,139,363.83,0.240856763916073,0.2427655825286011
scope_20260424_115654,sweep_2117,139,364.47,0.24120836767607273,0.14372840790068642
scope_20260424_115654,sweep_2118,139,363.61,0.24073587584715347,0.27108383919771745
scope_20260424_115654,sweep_2119,139,364.26,0.23326165975096402,0.2128580200264829
scope_20260424_115654,sweep_2120,139,364.48,0.23337858555385393,0.30961120397545533
scope_20260424_115654,sweep_2121,139,364.45,0.2333626418328327,0.26376784318448215
scope_20260424_115654,sweep_2122,140,515.87,0.3113725021409206,0.2327078798498895
scope_20260424_115654,sweep_2123,140,506.24,0.29671260608235744,0.387095977696745
scope_20260424_115654,sweep_2124,140,511.19,0.2991186474946926,0.3465953879674974
scope_20260424_115654,sweep_2125,140,515.89,0.3013995081992827,0.30890687024588204
scope_20260424_115654,sweep_2126,140,521.05,0.29428243888294425,0.32193365767952825
scope_20260424_115654,sweep_2127,140,526.36,0.296769478397418,0.26634982247945055
scope_20260424_115654,sweep_2128,140,494.96,0.273189780106522,0.46950738955472837
scope_20260424_115654,sweep_2129,140,530.38,0.2893200879353831,0.42199798187867477
scope_20260424_115654,sweep_2130,140,535.89,0.28281339770756125,0.46860007871325265
scope_20260424_115654,sweep_2131,140,538.66,0.28402620476922574,0.36777993517811564
scope_20260424_115654,sweep_2132,140,541.96,0.28546968234998216,0.32060992081844797
scope_20260424_115654,sweep_2133,141,756.89,0.37667290756002053,0.5032446196932392
scope_20260424_115654,sweep_2134,142,731.98,0.3552002281520312,0.3170944526448715
scope_20260424_115654,sweep_2135,142,730.26,0.35450733323737105,0.4351371207517792
scope_20260424_115654,sweep_2136,142,728.54,0.3538141608280605,0.44529663874457515
scope_20260424_115654,sweep_2137,142,726.82,0.3531207101574384,0.48626201924077844
scope_20260424_115654,sweep_2138,142,725.11,0.3524310145750393,0.4615355204610246
scope_20260424_115654,sweep_2139,142,724.31,0.35210825506446297,0.37581493095975865
scope_20260424_115654,sweep_2140,142,723.41,0.3517450781649286,0.45963509679162473
scope_20260424_115654,sweep_2141,142,722.58,0.3514100802706162,0.44651661693573186
scope_20260424_115654,sweep_2142,142,720.11,0.3504127714477518,0.49990222515512384
scope_20260424_115654,sweep_2143,143,931.43,0.43384397620342136,0.4697601127486618
scope_20260424_115654,sweep_2144,143,905.56,0.4238187724318957,0.4182501387008881
scope_20260424_115654,sweep_2145,143,896.49,0.4202924715250582,0.34301170086051275
scope_20260424_115654,sweep_2146,143,891.29,0.41826804437973336,0.5488536022347803
scope_20260424_115654,sweep_2147,143,887.56,0.41681467070774036,0.536996629269076
scope_20260424_115654,sweep_2148,143,883.76,0.4153329537620816,0.4163821010394289
scope_20260424_115654,sweep_2149,143,881.17,0.41432242611033254,0.4878764857034894
scope_20260424_115654,sweep_2150,143,876.17,0.4123701703400649,0.44959073484603945
scope_20260424_115654,sweep_2151,143,870.11,0.42287668396741857,0.5288384212185063
scope_20260424_115654,sweep_2152,143,868.91,0.42239256750180343,0.4305106122954272
scope_20260424_115654,sweep_2153,143,864.09,0.42044688589641555,0.46746029010825535
scope_20260424_115654,sweep_2154,144,1045.62,0.49665421806625426,0.5992546056566423
scope_20260424_115654,sweep_2155,144,1042.12,0.49582229688760515,0.5342370382438217
scope_20260424_115654,sweep_2156,144,1033.48,0.49376263922565355,0.5402814423293963
scope_20260424_115654,sweep_2157,144,1024.94,0.5073649763233791,0.47265462212263876
scope_20260424_115654,sweep_2158,144,1016.6,0.5052965299059069,0.5460657986680393
scope_20260424_115654,sweep_2159,144,1011.67,0.5040698235324172,0.5726378151663983
scope_20260424_115654,sweep_2160,144,1005.03,0.5024128930642353,0.4154726128560642
scope_20260424_115654,sweep_2161,144,998.59,0.4891731932027757,0.5951588423647428
scope_20260424_115654,sweep_2162,144,993.84,0.4872411224608388,0.6133423038908221
scope_20260424_115654,sweep_2163,144,987.56,0.5003134082147296,0.3090232148397103
scope_20260424_115654,sweep_2164,144,984.38,0.4989758802679846,0.6857481271824006
scope_20260424_115654,sweep_2165,145,1167.13,0.5588741992255022,0.32560606794211716
scope_20260424_115654,sweep_2166,145,1154.36,0.5558083656372157,0.7317696529265858
scope_20260424_115654,sweep_2175,147,1355.38,0.6425432517739006,0.6766042206371273
scope_20260424_115654,sweep_2176,148,1332.39,0.6370705255276511,0.7432710844468929
scope_20260424_115654,sweep_2177,148,1335.02,0.6376989712092735,0.6632766878873034
scope_20260424_115654,sweep_2178,148,1332.24,0.6370346639298738,0.7296780293329291
scope_20260424_115654,sweep_2179,148,1332.3,0.6370490088112369,0.785928623178754
scope_20260424_115654,sweep_2180,148,1334.99,0.6591011857188549,0.8032732817808733
scope_20260424_115654,sweep_2181,148,1332.3,0.6584368076228688,0.733051265749762
scope_20260424_115654,sweep_2182,148,1332.3,0.6584368076228688,0.6465869823154443
scope_20260424_115654,sweep_2183,148,1332.27,0.6584293944218527,0.699805579369729
scope_20260424_115654,sweep_2184,148,1332.33,0.658444220740422,0.8253465408079841
scope_20260424_115654,sweep_2185,148,1332.27,0.6584293944218527,0.75942405329278
scope_20260424_115654,sweep_2197,150,1709.3,0.6763376913894769,0.9185728845316404
scope_20260424_115654,sweep_2198,150,1713.89,0.6772451706894126,0.8421805959876288
scope_20260424_115654,sweep_2199,150,1709.26,0.6763297777213292,0.9361863262382939
scope_20260424_115654,sweep_2200,150,1709.45,0.6552385858653988,0.7482492453125409
scope_20260424_115654,sweep_2201,150,1709.35,0.6552194203978876,0.7182400689814511
scope_20260424_115654,sweep_2202,150,1709.4,0.6552290032017172,0.8505024923823853
scope_20260424_115654,sweep_2203,150,1709.3,0.6552098374539045,0.7520825809743439
scope_20260424_115654,sweep_2204,150,1709.4,0.6350223887065904,0.7390967354650769
scope_20260424_115654,sweep_2205,150,1709.26,0.6349963839813105,0.6718439990499614
scope_20260424_115654,sweep_2206,150,1709.21,0.6349870963213312,0.7214086373982217
scope_20260424_115654,sweep_2207,150,1709.16,0.6349778085255039,0.7234842146476365
scope_20260424_115654,sweep_2208,151,1896.75,0.6689170007748125,0.7852321062942795
scope_20260424_115654,sweep_2209,151,1896.93,0.6689487398557904,0.6956508344487092
scope_20260424_115654,sweep_2210,151,1896.93,0.6689487398557904,0.7446115084094656
scope_20260424_115654,sweep_2211,151,1896.81,0.6689275806357992,0.7470814751156
scope_20260424_115654,sweep_2212,151,1902.77,0.669977680945258,0.820489860398237
scope_20260424_115654,sweep_2213,151,1902.59,0.6699459906109645,0.5556921589166016
scope_20260424_115654,sweep_2214,151,1896.81,0.6689275806357992,0.7473133572157242
scope_20260424_115654,sweep_2215,151,1896.99,0.6689593192148109,0.7429187170471214
scope_20260424_115654,sweep_2216,151,1896.93,0.6689487398557904,0.7472588509767252
scope_20260424_115654,sweep_2217,151,1896.93,0.6689487398557904,0.810489688809101
scope_20260424_115654,sweep_2218,152,2080.8,0.7006197200760139,0.9001711392447422
scope_20260424_115654,sweep_2219,152,2080.8,0.7006197200760139,0.852136644599676
scope_20260424_115654,sweep_2220,152,2081.02,0.7006567568562136,0.7929407618690069
scope_20260424_115654,sweep_2221,152,2080.88,0.7006331882226127,0.8129333346241273
scope_20260424_115654,sweep_2222,152,2080.88,0.7229275592380057,0.8207418523055698
scope_20260424_115654,sweep_2223,152,2080.8,0.7229136625306962,0.9914526512289946
scope_20260424_115654,sweep_2224,152,2080.88,0.7229275592380057,0.8465943021603203
scope_20260424_115654,sweep_2225,152,2081.02,0.7229518778330282,0.893505057269859
scope_20260424_115654,sweep_2226,152,2087.76,0.7241216783672982,0.8479332899052251
scope_20260424_115654,sweep_2227,152,2080.88,0.7462390344394978,0.8469457457829264
scope_20260424_115654,sweep_2228,153,2295.68,0.7838087723335997,0.9380076406117761
scope_20260424_115654,sweep_2229,153,2270.75,0.7795412584681941,0.8883967216839729
scope_20260424_115654,sweep_2230,153,2270.92,0.7795704381519358,0.8589201760205124
scope_20260424_115654,sweep_2231,153,2270.66,0.7795258099581308,0.879757516052812
scope_20260424_115654,sweep_2232,153,2270.58,0.8049863986467217,0.933518574442086
scope_20260424_115654,sweep_2233,153,2270.58,0.8049863986467217,0.9429463405477025
scope_20260424_115654,sweep_2234,153,2270.83,0.8050307135487405,0.9653298566668362
scope_20260424_115654,sweep_2235,153,2270.75,0.8050165330455084,0.6519914427411796
scope_20260424_115654,sweep_2236,153,2270.75,0.8050165330455084,0.9017707671829965
scope_20260424_115654,sweep_2237,153,2270.66,0.8316639663149417,0.9510880502304081
scope_20260424_115654,sweep_2238,153,2270.49,0.831632833181703,0.8291129262935609
scope_20260424_115654,sweep_2239,154,2459.02,0.8654716788868825,0.570728421465658
scope_20260424_115654,sweep_2240,154,2459.12,0.8654892766063016,1.2085282772390535
scope_20260424_115654,sweep_2241,154,2459.32,0.8655244709717568,0.8788412700057218
scope_20260424_115654,sweep_2242,154,2459.12,0.8945465551918576,0.8498847633563679
scope_20260424_115654,sweep_2243,154,2459.12,0.8945465551918576,0.8257565154498167
scope_20260424_115654,sweep_2244,154,2459.02,0.8945283666599935,0.9267268340621341
scope_20260424_115654,sweep_2245,154,2459.22,0.8945647433539072,0.7502573141331242
scope_20260424_115654,sweep_2246,154,2459.12,0.8945465551918576,0.9124647120930818
scope_20260424_115654,sweep_2247,154,2459.12,0.8945465551918576,0.7525866019975885
scope_20260424_115654,sweep_2248,154,2459.12,0.8945465551918576,0.953007316813655
scope_20260424_115654,sweep_2249,154,2459.42,0.8946011185686551,0.9025416034806493
scope_20260424_115654,sweep_2250,155,2647.49,0.928175821003967,1.0365571540082406
scope_20260424_115654,sweep_2251,155,2647.37,0.9281547855400629,0.712776869117025
scope_20260424_115654,sweep_2252,155,2647.6,0.9281951030937587,0.9117364870400071
scope_20260424_115654,sweep_2253,155,2647.49,0.928175821003967,0.7263120638808686
scope_20260424_115654,sweep_2254,155,2647.49,0.8980261733967444,1.0567333091909177
scope_20260424_115654,sweep_2256,157,2647.37,0.8980058212212967,0.9843952978143198
scope_20260424_115654,sweep_2257,157,2647.37,0.8980058212212967,0.8047491604398825
scope_20260424_115654,sweep_2258,158,2658.99,0.8711210141020743,0.8144243746314366
scope_20260424_115654,sweep_2260,160,2840.51,0.9003643684353758,0.858251629354435
scope_20260424_115654,sweep_2261,160,2840.77,0.9004055739546658,0.8558233356192623
scope_20260424_115654,sweep_2262,160,2840.91,0.8719331354944955,0.868998780437381
scope_20260424_115654,sweep_2263,160,2840.91,0.8719331354944955,0.8835289337612867
scope_20260424_115654,sweep_2264,160,2840.77,0.8719116508042171,0.8868989625192973
scope_20260424_115654,sweep_2265,160,2841.04,0.8447144768400509,0.9362138410448424
scope_20260424_115654,sweep_2266,160,2841.04,0.8447144768400509,0.8776575749498552
scope_20260424_115654,sweep_2267,160,2841.18,0.8447352893893103,0.8610339475886257
scope_20260424_115654,sweep_2268,160,2840.77,0.844674336904012,0.9552652806565313
scope_20260424_115654,sweep_2269,160,2840.91,0.818645587331545,0.8316982358201339
scope_20260424_115654,sweep_2270,160,2841.04,0.8186643177223161,0.9478759387760072
scope_20260424_115654,sweep_2271,161,2977.08,0.838035546117273,0.895266198382365
scope_20260424_115654,sweep_2272,161,2962.96,0.8360458236294718,0.9696074806351195
scope_20260424_115654,sweep_2273,161,2962.96,0.8360458236294718,0.8743854499454154
scope_20260424_115654,sweep_2274,161,2962.52,0.8359837448602285,1.0003145137640128
scope_20260424_115654,sweep_2275,161,2962.52,0.8359837448602285,0.9562282576469173
scope_20260424_115654,sweep_2276,161,2962.52,0.8359837448602285,1.0022103655398038
scope_20260424_115654,sweep_2277,161,2977.08,0.838035546117273,0.8630452807989805
scope_20260424_115654,sweep_2278,161,2962.67,0.8626068508325855,0.7118412259124395
scope_20260424_115654,sweep_2279,161,2976.78,0.8646585348250597,0.9738501694249894
scope_20260424_115654,sweep_2280,161,2976.63,0.8646367494707262,0.8311500440434139
scope_20260424_115654,sweep_2281,161,2962.67,0.8626068508325855,0.8456237306669429
scope_20260424_115654,sweep_2282,161,2962.82,0.8626286874512267,0.8728899978348535
scope_20260424_115654,sweep_2283,161,2976.49,0.864616415978104,0.8510481955491426
scope_20260424_115654,sweep_2284,161,2962.96,0.8904659937036877,0.8451176501810574
scope_20260424_115654,sweep_2285,161,2962.96,0.8904659937036877,0.72047733894121
scope_20260424_115654,sweep_2286,161,2962.67,0.8904224154142102,0.7019020609932662
scope_20260424_115654,sweep_2287,161,2976.63,0.8925177700322204,0.6856978586845537
scope_20260424_115654,sweep_2288,161,2962.67,0.8904224154142102,0.8845978675726472
scope_20260424_115654,sweep_2289,161,2962.82,0.8904449561750402,0.898706315340616
scope_20260424_115654,sweep_2290,161,2976.78,0.9217083203658776,0.8400089671293809
scope_20260424_115654,sweep_2291,161,2962.82,0.9195445445651642,0.9373591298875152
scope_20260424_115654,sweep_2292,161,2976.93,0.9217315425231104,0.8237741205974292
scope_20260424_115654,sweep_2293,161,2976.63,0.921685097623555,0.8407976498857465
scope_20260424_115654,sweep_2294,161,2976.78,0.9522373236115375,0.9535488687207767
scope_20260424_115654,sweep_2295,161,2962.82,0.9500018788055832,0.8207810718590969
scope_20260424_115654,sweep_2296,161,2976.93,0.9522613149376037,1.04303199091769
scope_20260424_115654,sweep_2297,161,2976.78,0.9522373236115375,0.9557623686031126
scope_20260424_115654,sweep_2298,161,2962.52,0.949953781422274,0.8652059530590854
scope_20260424_115654,sweep_2299,161,2962.38,0.9818236071661934,0.8231490327306251
scope_20260424_115654,sweep_2300,161,2976.93,0.9842318119296496,0.8989619790576014
scope_20260424_115654,sweep_2301,161,2976.78,0.9842070151370526,0.8048955330662174
scope_20260424_115654,sweep_2302,161,2962.82,0.9818965192077106,0.9080873207917042
scope_20260424_115654,sweep_2303,161,2962.82,0.9818965192077106,0.6858176359534156
scope_20260424_115654,sweep_2304,161,2962.67,0.9818716634381924,1.0315782280843928
scope_20260424_115654,sweep_2305,161,2962.67,0.9818716634381924,1.032773770494319
scope_20260424_115654,sweep_2306,161,2962.67,0.9818716634381924,0.9088302104417972
scope_20260424_115654,sweep_2307,161,2976.63,0.9841822177196922,1.0623994648719657
scope_20260424_115654,sweep_2308,161,2976.63,0.9841822177196922,0.9792240738970337
scope_20260424_115654,sweep_2309,161,2962.82,0.9818965192077106,0.9453254389483949
scope_20260424_115654,sweep_2310,161,2962.82,0.9818965192077106,0.8162125331087081
scope_20260424_115654,sweep_2311,161,2976.93,0.9842318119296496,1.0905556919831227
scope_20260424_115654,sweep_2312,161,2976.49,0.9521909386670959,1.111710487063853
scope_20260424_115654,sweep_2313,161,2976.93,0.9522613149376037,0.9175690720110444
scope_20260424_115654,sweep_2314,161,2976.78,0.9522373236115375,1.055760447052152
scope_20260424_115654,sweep_2315,161,2962.82,0.9500018788055832,0.9247475869221625
scope_20260424_115654,sweep_2316,161,2963.11,0.9195895458465274,0.8081416111876153
scope_20260424_115654,sweep_2317,161,2976.78,0.9217083203658776,1.0070587504254631
scope_20260424_115654,sweep_2318,161,2962.67,0.9195212671761377,0.8237900751152682
scope_20260424_115654,sweep_2319,161,2962.67,0.8904224154142102,0.9040039914579626
scope_20260424_115654,sweep_2320,161,2962.82,0.8904449561750402,1.0242556473169404
scope_20260424_115654,sweep_2321,161,2976.63,0.8925177700322204,0.8367149910786418
scope_20260424_115654,sweep_2322,161,2962.82,0.8904449561750402,0.8430092092538035
scope_20260424_115654,sweep_2323,161,2976.78,0.8646585348250597,0.8954962552238669
scope_20260424_115654,sweep_2324,161,2976.93,0.864680319630518,0.9901170944249736
scope_20260424_115654,sweep_2325,161,2976.78,0.8646585348250597,1.0769951374681668
scope_20260424_115654,sweep_2326,161,2962.82,0.8626286874512267,0.9957842685094574
scope_20260424_115654,sweep_2327,161,2976.63,0.8379722071664295,0.8469839217377292
scope_20260424_115654,sweep_2328,161,2962.82,0.8360260717938153,1.0726871674134497
scope_20260424_115654,sweep_2329,161,2962.67,0.8360049085948985,1.0617217537342896
scope_20260424_115654,sweep_2330,161,2976.49,0.8379525007386117,0.9819959109267591
scope_20260424_115654,sweep_2331,161,2962.67,0.8360049085948985,0.9788988781336363
scope_20260424_115654,sweep_2332,161,2962.52,0.8359837448602285,0.8285950863925312
scope_20260424_115654,sweep_2333,161,2977.08,0.838035546117273,0.9434437067107688
scope_20260424_115654,sweep_2334,161,2976.78,0.8379933206819792,1.0451790081101917
scope_20260424_115654,sweep_2335,161,2962.67,0.8360049085948985,1.0645972564465938
scope_20260424_115654,sweep_2336,161,2962.82,0.8626286874512267,1.098214625273799
scope_20260424_115654,sweep_2337,161,2976.93,0.864680319630518,1.1014250267884411
scope_20260424_115654,sweep_2338,161,2976.93,0.864680319630518,0.9674795073569319
scope_20260424_115654,sweep_2339,161,2962.82,0.8626286874512267,0.8652056345113064
scope_20260424_115654,sweep_2340,161,2976.78,0.8646585348250597,0.8744017469502591
scope_20260424_115654,sweep_2341,161,2977.08,0.8647021038871423,0.9897368324047712
scope_20260424_115654,sweep_2342,161,2976.78,0.8925402578756771,0.9962471969255547
scope_20260424_115654,sweep_2343,161,2976.63,0.8925177700322204,0.8500510595931916
scope_20260424_115654,sweep_2344,161,2962.67,0.8904224154142102,0.9935160611540426
scope_20260424_115654,sweep_2345,161,2962.96,0.8904659937036877,0.9907361630697201
scope_20260424_115654,sweep_2346,161,2976.78,0.8925402578756771,0.83240183778654
scope_20260424_115654,sweep_2347,161,2977.08,0.8925852318629106,0.8625658287146252
scope_20260424_115654,sweep_2348,161,2962.52,0.9194979891978365,0.7108667417228989
scope_20260424_115654,sweep_2349,161,2962.52,0.9194979891978365,1.0975146937197087
scope_20260424_115654,sweep_2350,161,2962.82,0.9195445445651642,0.7342056857969191
scope_20260424_115654,sweep_2351,161,2962.96,0.9195662695966385,1.067057490163935
scope_20260424_115654,sweep_2352,161,2976.93,0.9217315425231104,0.8703054787286877
scope_20260424_115654,sweep_2353,161,2962.82,0.9500018788055832,0.8814595603166129
scope_20260424_115654,sweep_2354,161,2976.93,0.9522613149376037,1.0250772689771195
scope_20260424_115654,sweep_2355,161,2962.52,0.949953781422274,0.8469832148729456
scope_20260424_115654,sweep_2356,161,2976.93,0.9522613149376037,0.8232843322665524
scope_20260424_115654,sweep_2357,161,2962.96,0.9819197173582628,0.9556108574710245
scope_20260424_115654,sweep_2358,161,2962.67,0.9818716634381924,1.155701508156776
scope_20260424_115654,sweep_2359,161,2962.96,0.9819197173582628,0.9673354656533227
scope_20260424_115654,sweep_2360,161,2976.93,0.9842318119296496,0.9502455473690717
scope_20260424_115654,sweep_2361,161,2976.63,0.9841822177196922,0.7271848116244083
scope_20260424_115654,sweep_2362,161,2962.67,0.9818716634381924,0.7099766082084118
scope_20260424_115654,sweep_2363,161,2976.63,0.9841822177196922,1.0798677956828577
scope_20260424_115654,sweep_2364,161,2976.63,0.9841822177196922,0.8196433443954485
scope_20260424_115654,sweep_2365,161,2976.63,0.9841822177196922,0.9263963337984182
scope_20260424_115654,sweep_2366,161,2962.82,0.9818965192077106,0.8976026749088545
scope_20260424_115654,sweep_2367,161,2976.63,0.9841822177196922,1.0646613421456859
scope_20260424_115654,sweep_2368,161,2976.63,0.9841822177196922,0.8286948247298391
scope_20260424_115654,sweep_2369,161,2976.78,0.9842070151370526,1.0466152156032458
scope_20260424_115654,sweep_2370,161,2976.63,0.952213331681002,0.9212184256110033
scope_20260424_115654,sweep_2371,161,2976.78,0.9522373236115375,0.9248785267022711
scope_20260424_115654,sweep_2372,161,2962.82,0.9500018788055832,0.8903538808946755
scope_20260424_115654,sweep_2373,161,2977.08,0.9522853056592462,0.8687942067530242
scope_20260424_115654,sweep_2374,161,2976.49,0.9216634225361335,0.8820267398984661
scope_20260424_115654,sweep_2375,161,2976.63,0.921685097623555,0.7520329135445383
scope_20260424_115654,sweep_2376,161,2976.63,0.921685097623555,0.9113655085571043
scope_20260424_115654,sweep_2377,161,2962.67,0.8904224154142102,1.0174179895587292
scope_20260424_115654,sweep_2378,161,2976.93,0.8925627451525597,0.6894889388522518
scope_20260424_115654,sweep_2379,161,2976.78,0.8925402578756771,0.9653045375193497
scope_20260424_115654,sweep_2380,161,2976.63,0.8646367494707262,0.6795263919319207
scope_20260424_115654,sweep_2381,161,2962.96,0.8626490677965795,0.9275765931644101
scope_20260424_115654,sweep_2382,161,2976.63,0.8646367494707262,1.0050406980004194
scope_20260424_115654,sweep_2383,161,2976.49,0.864616415978104,0.7644454256298502
scope_20260424_115654,sweep_2384,161,2976.78,0.8379933206819792,0.8669435579197065
scope_20260424_115654,sweep_2385,161,2962.82,0.8360260717938153,0.7770135154774542
scope_20260424_115654,sweep_2386,161,2976.49,0.8379525007386117,0.9023907271647719
scope_20260424_115654,sweep_2387,161,2962.52,0.8359837448602285,0.8367181635819146
scope_20260424_115654,sweep_2388,161,2963.11,0.8360669857927142,0.9367406419656723
scope_20260424_115654,sweep_2389,161,2963.11,0.8360669857927142,1.0680194742861988
scope_20260424_115654,sweep_2390,161,2976.78,0.8379933206819792,0.9769908788246748
scope_20260424_115654,sweep_2391,161,2976.34,0.8379313861945143,0.771342251827358
scope_20260424_115654,sweep_2392,161,2976.78,0.8379933206819792,0.9250317358027451
scope_20260424_115654,sweep_2393,161,2962.96,0.8360458236294718,0.7985840314225341
scope_20260424_115654,sweep_2394,161,2976.49,0.864616415978104,0.966138955702719
scope_20260424_115654,sweep_2395,161,2962.82,0.8626286874512267,0.9855122272600704
scope_20260424_115654,sweep_2396,161,2962.67,0.8626068508325855,0.8176548772340406
scope_20260424_115654,sweep_2397,161,2962.67,0.8626068508325855,1.12877094377418
scope_20260424_115654,sweep_2398,161,2962.52,0.8625850136611433,0.9065153228310692
scope_20260424_115654,sweep_2399,161,2976.34,0.864594629562494,0.6373123546677832
scope_20260424_115654,sweep_2400,161,2962.67,0.8904224154142102,0.8071558233162192
scope_20260424_115654,sweep_2401,161,2962.82,0.8904449561750402,1.123662050078449
scope_20260424_115654,sweep_2402,161,2962.52,0.8903998740827536,0.9920051063741862
scope_20260424_115654,sweep_2403,161,2976.63,0.8925177700322204,0.946685687342795
scope_20260424_115654,sweep_2404,161,2976.63,0.8925177700322204,0.8610064303390602
scope_20260424_115654,sweep_2405,161,2976.78,0.8925402578756771,0.9790375895038512
scope_20260424_115654,sweep_2406,161,2976.93,0.9217315425231104,0.9797054096958011
scope_20260424_115654,sweep_2407,161,2976.93,0.9217315425231104,0.8472036373273746
scope_20260424_115654,sweep_2408,161,2962.96,0.9195662695966385,0.8697193931553189
scope_20260424_115654,sweep_2409,161,2976.78,0.9217083203658776,0.9201964807557733
scope_20260424_115654,sweep_2410,161,2962.96,0.9195662695966385,0.894247512172912
scope_20260424_115654,sweep_2411,161,2962.82,0.9500018788055832,0.9086128882960948
scope_20260424_115654,sweep_2412,161,2976.78,0.9522373236115375,0.7811644129321498
scope_20260424_115654,sweep_2413,161,2962.67,0.949977830418325,0.771131658845186
scope_20260424_115654,sweep_2414,161,2962.52,0.949953781422274,0.6687244925519522
scope_20260424_115654,sweep_2415,161,2976.63,0.952213331681002,0.8767609740925517
scope_20260424_115654,sweep_2416,161,2962.82,0.9818965192077106,0.8179002474209329
scope_20260424_115654,sweep_2417,161,2976.63,0.9841822177196922,0.9559462224676741
scope_20260424_115654,sweep_2418,161,2976.78,0.9842070151370526,1.0187195000360167
scope_20260424_115654,sweep_2419,161,2976.78,0.9842070151370526,0.6763399003158861
scope_20260424_115654,sweep_2420,161,2962.52,0.9818468070394425,0.8317803013509852
scope_20260424_115654,sweep_2421,161,2976.63,0.9841822177196922,0.7125505303918046
scope_20260424_115654,sweep_2422,161,2976.78,0.9842070151370526,0.8628029035497518
scope_20260424_115654,sweep_2423,161,2976.78,0.9842070151370526,0.701050916861169
scope_20260424_115654,sweep_2424,161,2976.63,0.9841822177196922,0.84465902880629
scope_20260424_115654,sweep_2425,161,2976.34,0.9841342742744019,1.0889847340533603
scope_20260424_115654,sweep_2426,161,2963.11,0.9819445719114014,0.7425521796437224
scope_20260424_115654,sweep_2427,161,2977.08,0.9842566080975306,1.0734880992598668
scope_20260424_115654,sweep_2428,161,2976.63,0.952213331681002,0.9178761479200607
scope_20260424_115654,sweep_2429,161,2976.93,0.9522613149376037,1.097804482029113
scope_20260424_115654,sweep_2430,161,2962.67,0.949977830418325,0.8991464233892783
scope_20260424_115654,sweep_2431,161,2976.49,0.9521909386670959,0.8144646212971768
scope_20260424_115654,sweep_2432,161,2976.93,0.9217315425231104,0.8456758962324035
scope_20260424_115654,sweep_2433,161,2962.67,0.9195212671761377,0.7629789595365141
scope_20260424_115654,sweep_2434,161,2976.63,0.921685097623555,0.8715980251332653
scope_20260424_115654,sweep_2435,161,2976.49,0.8924967808671134,0.9536639291433935
scope_20260424_115654,sweep_2436,161,2962.82,0.8904449561750402,0.8547559195255456
scope_20260424_115654,sweep_2437,161,2962.67,0.8904224154142102,0.8892687740068197
scope_20260424_115654,sweep_2438,161,2976.93,0.8925627451525597,0.7689498711698209
scope_20260424_115654,sweep_2439,161,2962.67,0.8626068508325855,1.0937501603006365
scope_20260424_115654,sweep_2440,161,2962.82,0.8626286874512267,0.8165539257468335
scope_20260424_115654,sweep_2441,161,2976.93,0.864680319630518,0.9528935587231738
scope_20260424_115654,sweep_2442,161,2962.82,0.8626286874512267,0.7994074414381747
scope_20260424_115654,sweep_2443,161,2962.96,0.8360458236294718,0.991527149924437
scope_20260424_115654,sweep_2444,161,2976.78,0.8379933206819792,0.6469590760278965
scope_20260424_115654,sweep_2445,161,2977.22,0.8380552505923223,0.8503062800567188
scope_20260424_115654,sweep_2446,161,2976.78,0.8379933206819792,0.9289844932071409
scope_20260424_115654,sweep_2447,161,2977.08,0.838035546117273,0.7763310808313894
scope_20260424_115654,sweep_2448,161,2962.82,0.8360260717938153,0.8559945378927516
scope_20260424_115654,sweep_2449,161,2962.82,0.8360260717938153,0.956491388232707
scope_20260424_115654,sweep_2450,161,2962.52,0.8359837448602285,0.6901901335319737
scope_20260424_115654,sweep_2451,161,2976.63,0.8646367494707262,0.8160583109067143
scope_20260424_115654,sweep_2452,161,2962.67,0.8626068508325855,0.8283584789124149
scope_20260424_115654,sweep_2453,161,2962.52,0.8625850136611433,0.6755180443190019
scope_20260424_115654,sweep_2454,161,2962.96,0.8626490677965795,0.9565634479197246
scope_20260424_115654,sweep_2455,161,2962.96,0.8626490677965795,0.742177397714168
scope_20260424_115654,sweep_2456,161,2962.82,0.8626286874512267,0.9943185666188432
scope_20260424_115654,sweep_2457,161,2962.67,0.8626068508325855,0.9088282925709136
scope_20260424_115654,sweep_2458,161,2963.11,0.890488533361429,0.8283325114722032
scope_20260424_115654,sweep_2459,161,2976.63,0.8925177700322204,1.0173952052288737
scope_20260424_115654,sweep_2460,161,2976.78,0.8925402578756771,0.9472058620865321
scope_20260424_115654,sweep_2461,161,2962.96,0.8904659937036877,1.0073414860042234
scope_20260424_115654,sweep_2462,161,2962.82,0.8904449561750402,0.8123508309768189
scope_20260424_115654,sweep_2463,161,2976.78,0.8925402578756771,0.8338040004435844
scope_20260424_115654,sweep_2464,161,2976.49,0.9216634225361335,0.9595585823859188
scope_20260424_115654,sweep_2465,161,2976.63,0.921685097623555,0.8014040791069764
scope_20260424_115654,sweep_2466,161,2962.82,0.9195445445651642,0.8893808100629177
scope_20260424_115654,sweep_2467,161,2962.38,0.9194762625530593,0.9460670219242855
scope_20260424_115654,sweep_2468,161,2976.78,0.9522373236115375,0.8371088719805225
scope_20260424_115654,sweep_2469,161,2976.78,0.9522373236115375,1.0321558876579482
scope_20260424_115654,sweep_2470,161,2976.78,0.9522373236115375,1.03897575850212
scope_20260424_115654,sweep_2471,161,2962.96,0.9500243234177987,0.6890394892397003
scope_20260424_115654,sweep_2472,161,2962.96,0.9500243234177987,0.7745926228957065
scope_20260424_115654,sweep_2473,161,2962.52,0.9818468070394425,1.112560721238651
scope_20260424_115654,sweep_2474,161,2962.82,0.9818965192077106,0.9631745556658393
scope_20260424_115654,sweep_2475,161,2976.93,0.9842318119296496,0.81728615821036
scope_20260424_115654,sweep_2476,161,2976.78,0.9842070151370526,0.7518557678811209
scope_20260424_115654,sweep_2477,161,2963.11,0.9819445719114014,0.7137453481815801
scope_20260424_115654,sweep_2478,161,2976.63,0.9841822177196922,0.7774638209005276
scope_20260424_115654,sweep_2479,161,2962.96,0.9819197173582628,0.812902402366586
scope_20260424_115654,sweep_2480,161,2977.08,0.9842566080975306,0.6955891165023933
scope_20260424_115654,sweep_2481,161,2962.67,0.9818716634381924,0.8632714399483441
scope_20260424_115654,sweep_2482,161,2976.49,0.9841590728997719,0.9871573940885475
scope_20260424_115654,sweep_2483,161,2976.49,0.9841590728997719,0.6743669048785049
scope_20260424_115654,sweep_2484,161,2976.78,0.9842070151370526,1.0168505650213988
scope_20260424_115654,sweep_2485,161,2962.67,0.9818716634381924,0.7997120184800895
scope_20260424_115654,sweep_2486,161,2962.82,0.9500018788055832,0.9419979738457412
scope_20260424_115654,sweep_2487,161,2962.96,0.9500243234177987,0.8882444001086394
scope_20260424_115654,sweep_2488,161,2976.63,0.952213331681002,0.8394829997339007
scope_20260424_115654,sweep_2489,161,2976.49,0.9521909386670959,0.782983548438631
scope_20260424_115654,sweep_2490,161,2962.52,0.9194979891978365,0.9676074304856347
scope_20260424_115654,sweep_2491,161,2976.63,0.921685097623555,0.920420560233325
scope_20260424_115654,sweep_2492,162,2841.18,0.9004705480578333,0.8666593294629032
scope_20260424_115654,sweep_2493,162,2840.91,0.8719331354944955,0.8420849483388884
scope_20260424_115654,sweep_2494,162,2840.77,0.8719116508042171,0.8404362353738949
scope_20260424_115654,sweep_2495,162,2840.77,0.8719116508042171,0.7175395367594313
scope_20260424_115654,sweep_2496,162,2840.77,0.844674336904012,0.8701095760385666
scope_20260424_115654,sweep_2497,162,2840.77,0.844674336904012,0.8814914325435386
scope_20260424_115654,sweep_2498,162,2840.64,0.8446550095878114,0.8613578452631558
scope_20260424_115654,sweep_2499,162,2840.91,0.8446951504422847,0.7784342734513796
scope_20260424_115654,sweep_2500,162,2841.04,0.8186643177223161,0.7478123890287683
scope_20260424_115654,sweep_2501,162,2840.51,0.8185879526718285,0.7735797501064129
scope_20260424_115654,sweep_2502,162,2840.64,0.8186066843813278,0.8467835425137322
scope_20260424_115654,sweep_2503,163,2647.6,0.7903025326170612,0.8160624796758487
scope_20260424_115654,sweep_2504,163,2647.6,0.7903025326170612,0.8670086258814556
scope_20260424_115654,sweep_2505,163,2647.49,0.7902861150725754,0.8243902376609513
scope_20260424_115654,sweep_2506,163,2647.72,0.7903204422766297,0.899302573478085
scope_20260424_115654,sweep_2507,163,2647.72,0.7903204422766297,0.7688983788629699
scope_20260424_115654,sweep_2508,163,2647.6,0.7903025326170612,0.8265159467238806
scope_20260424_115654,sweep_2509,163,2647.49,0.7902861150725754,0.7589120352402677
scope_20260424_115654,sweep_2510,163,2647.49,0.7902861150725754,0.804747216010298
scope_20260424_115654,sweep_2511,163,2647.49,0.8154332707510522,0.7646512961436771
scope_20260424_115654,sweep_2512,163,2647.6,0.8154502107070282,0.9015839798551111
scope_20260424_115654,sweep_2513,164,2439.92,0.7828148516451112,0.8035190752394743
scope_20260424_115654,sweep_2534,167,2060.09,0.8187591824101359,0.7454581453216272
scope_20260424_115654,sweep_2535,167,2087.9,0.8242670395542968,0.7680457548281838
scope_20260424_115654,sweep_2536,167,2087.97,0.8242808568370135,0.8437748393484645
scope_20260424_115654,sweep_2537,167,2080.88,0.8228801851610789,0.7240391948504576
scope_20260424_115654,sweep_2538,167,2081.02,0.8229078660673043,0.7692065785900055
scope_20260424_115654,sweep_2539,167,2087.76,0.8242394042939784,0.7977461809913288
scope_20260424_115654,sweep_2540,167,2087.68,0.8242236123006387,0.7422925992318719
scope_20260424_115654,sweep_2541,167,2087.76,0.8242394042939784,0.7196140605892971
scope_20260424_115654,sweep_2542,167,2080.73,0.8228505260139272,0.7384227506697714
scope_20260424_115654,sweep_2543,167,2081.09,0.8229217061712494,0.8172690234471699
scope_20260424_115654,sweep_2544,167,2087.9,0.8242670395542968,0.6755240400687565
scope_20260424_115654,sweep_2545,168,1896.87,0.76013479789475,0.7153896015847806
scope_20260424_115654,sweep_2546,168,1896.81,0.7601227758667413,0.6774896782084322
scope_20260424_115654,sweep_2547,168,1896.99,0.7601588413803766,0.6070020099469576
scope_20260424_115654,sweep_2548,168,1896.87,0.76013479789475,0.7039822013595719
scope_20260424_115654,sweep_2549,168,1896.93,0.7357762934453546,0.7219554221574151
scope_20260424_115654,sweep_2550,168,1896.87,0.735764657031069,0.6261346720278465
scope_20260424_115654,sweep_2551,168,1896.87,0.735764657031069,0.5971329835019026
scope_20260424_115654,sweep_2552,168,1896.99,0.7125034395195564,0.686389967367512
scope_20260424_115654,sweep_2553,168,1896.87,0.712480903353068,0.6707963657650272
scope_20260424_115654,sweep_2554,168,1896.87,0.712480903353068,0.6545719530195361
scope_20260424_115654,sweep_2555,169,1690.76,0.651646767748167,0.6183269078823964
scope_20260424_115654,sweep_2556,169,1709.45,0.6552385858653988,0.6619613503595696
scope_20260424_115654,sweep_2557,169,1713.94,0.6560985384592193,0.5720802115402919
scope_20260424_115654,sweep_2558,169,1709.3,0.6350038140114872,0.6413669893264117
scope_20260424_115654,sweep_2559,169,1709.21,0.6349870963213312,0.6731308489527014
scope_20260424_115654,sweep_2560,169,1709.35,0.6350131014269546,0.6496405292819257
scope_20260424_115654,sweep_2561,169,1709.3,0.6350038140114872,0.6174573897955324
scope_20260424_115654,sweep_2562,169,1714.04,0.6358836578926182,0.7513132047351491
scope_20260424_115654,sweep_2563,169,1709.26,0.6349963839813105,0.694835276990369
scope_20260424_115654,sweep_2564,169,1713.84,0.6358465582795263,0.672372581754609
scope_20260424_115654,sweep_2565,169,1713.89,0.6164961376473669,0.6689715424972238
scope_20260424_115654,sweep_2566,170,1524.86,0.5815055629841069,0.576495661944693
scope_20260424_115654,sweep_2567,170,1521.26,0.580818727123161,0.7130481198045301
scope_20260424_115654,sweep_2568,170,1521.26,0.5990580528051664,0.6096162201971123
scope_20260424_115654,sweep_2569,170,1521.14,0.5990344248967091,0.5432631929326589
scope_20260424_115654,sweep_2570,170,1521.22,0.5990501769392294,0.5266453432596372
scope_20260424_115654,sweep_2571,170,1521.26,0.5990580528051664,0.5905448390968729
scope_20260424_115654,sweep_2572,170,1521.3,0.59906592856756,0.6172187765226755
scope_20260424_115654,sweep_2573,170,1521.14,0.5990344248967091,0.6179795315993016
scope_20260424_115654,sweep_2574,170,1521.49,0.599103337025042,0.7050419434339481
scope_20260424_115654,sweep_2575,170,1521.18,0.599042300969745,0.5310763974795495
scope_20260424_115654,sweep_2576,170,1521.18,0.599042300969745,0.46649041817581394
scope_20260424_115654,sweep_2577,171,1332.36,0.5606321257711667,0.564031858289878
scope_20260424_115654,sweep_2578,171,1332.27,0.5784520804165089,0.5683494810714033
scope_20260424_115654,sweep_2579,171,1335.08,0.5790617894679702,0.5027571683780849
scope_20260424_115654,sweep_2580,171,1335.11,0.5790682953537958,0.5166342563322521
scope_20260424_115654,sweep_2581,171,1335.11,0.5790682953537958,0.5353763517721923
scope_20260424_115654,sweep_2582,171,1332.42,0.5784846433992029,0.5571531595940731
scope_20260424_115654,sweep_2583,171,1335.2,0.5790878125727222,0.5419229109342146
scope_20260424_115654,sweep_2584,171,1335.11,0.5977408940597281,0.5470952574105349
scope_20260424_115654,sweep_2585,171,1334.94,0.5977028375749086,0.461591400868546
scope_20260424_115654,sweep_2586,171,1332.27,0.597104808695528,0.483588795357939
scope_20260424_115654,sweep_2587,172,1147.89,0.5542485692316972,0.4959471324400151
scope_20260424_115654,sweep_2588,172,1143.73,0.5532433479971047,0.5519495049591031
scope_20260424_115654,sweep_2589,172,1143.69,0.553233673542727,0.4818506051593333
scope_20260424_115654,sweep_2590,172,1145.74,0.571825049273956,0.4450136278001138
scope_20260424_115654,sweep_2591,172,1143.73,0.5713232456871817,0.576066616747111
scope_20260424_115654,sweep_2592,172,1145.69,0.5718125719386092,0.4897854104616664
scope_20260424_115654,sweep_2593,172,1145.78,0.5718350309462112,0.47373062073319805
scope_20260424_115654,sweep_2594,172,1143.71,0.5713182504020765,0.4760115349073491
scope_20260424_115654,sweep_2595,172,1145.74,0.571825049273956,0.4832515521073824
scope_20260424_115654,sweep_2596,172,1145.74,0.5907651503878361,0.5239155699124786
scope_20260424_115654,sweep_2597,173,934.16,0.5097080377295404,0.2666331827899282
scope_20260424_115654,sweep_2598,174,955.75,0.5194665711176466,0.5128559949615646
scope_20260424_115654,sweep_2599,174,955.73,0.519457548715953,0.4690602068371317
scope_20260424_115654,sweep_2600,174,955.6,0.5193989023225406,0.4581667822441469
scope_20260424_115654,sweep_2601,174,955.75,0.5194665711176466,0.4592178838515113
scope_20260424_115654,sweep_2602,174,955.66,0.5368647824429014,0.5266110112804615
scope_20260424_115654,sweep_2603,174,955.73,0.5368974212994644,0.4440972038416648
scope_20260424_115654,sweep_2604,174,955.7,0.5368834332678444,0.44098133849992344
scope_20260424_115654,sweep_2605,174,955.76,0.5369114092564412,0.4027850579476528
scope_20260424_115654,sweep_2606,174,955.66,0.5368647824429014,0.4003879292972785
scope_20260424_115654,sweep_2607,174,955.63,0.5368507942371031,0.26126183415527915
scope_20260424_115654,sweep_2608,175,770.96,0.4492101067056154,0.3807317939585303
scope_20260424_115654,sweep_2609,175,770.91,0.4491859260448831,0.43947872911310293
scope_20260424_115654,sweep_2610,175,771.86,0.44964531303055094,0.41216892445496733
scope_20260424_115654,sweep_2611,175,772.9,0.45014811069482685,0.4107742215550921
scope_20260424_115654,sweep_2612,175,773.89,0.435989063398109,0.29258774378335783
scope_20260424_115654,sweep_2613,175,775.79,0.4368773180688471,0.39145776688824496
scope_20260424_115654,sweep_2614,175,777.68,0.4377605308790384,0.41510177335699816
scope_20260424_115654,sweep_2615,175,779.65,0.424616509004027,0.4369482102650755
scope_20260424_115654,sweep_2616,175,779.68,0.42463007011028464,0.38381158645387015
scope_20260424_115654,sweep_2617,175,781.61,0.42550231503824026,0.36364585998756827
scope_20260424_115654,sweep_2618,175,782.61,0.41247451499383664,0.2881057933025157
scope_20260424_115654,sweep_2619,176,597.66,0.3297702113052914,0.30865904886401735
scope_20260424_115654,sweep_2620,176,601.15,0.33136772880537874,0.273025339532612
scope_20260424_115654,sweep_2621,176,604.62,0.3225534901594414,0.22300666841612457
scope_20260424_115654,sweep_2622,176,612.3,0.325950460095412,0.2781799544570868
scope_20260424_115654,sweep_2623,176,615.39,0.3172210865330112,0.26696746333165333
scope_20260424_115654,sweep_2624,176,621.53,0.31984585518770925,0.28937667203451733
scope_20260424_115654,sweep_2625,176,626.55,0.3219885638095137,0.3379081036716306
scope_20260424_115654,sweep_2626,176,629.08,0.3230673477498225,0.2745624083687968
scope_20260424_115654,sweep_2627,176,635.48,0.3158736899724085,0.21267148431498256
scope_20260424_115654,sweep_2628,176,636.85,0.3164387969928949,0.2544776610996748
scope_20260424_115654,sweep_2630,178,460.17,0.24163568875075808,0.23435270713423187
scope_20260424_115654,sweep_2631,178,469.56,0.24572112536285348,0.18928696256580066
scope_20260424_115654,sweep_2632,178,477.48,0.2491561958485787,0.2623366522264281
scope_20260424_115654,sweep_2633,178,484.54,0.2522101060209939,0.23962004857189753
scope_20260424_115654,sweep_2634,178,491.83,0.2553555789922045,0.25272973388223136
scope_20260424_115654,sweep_2635,178,496.53,0.257379318851117,0.1952312046714834
scope_20260424_115654,sweep_2636,178,502.95,0.26013841034950264,0.2083538401585171
scope_20260424_115654,sweep_2637,178,509.13,0.26278870748973204,0.18654424054392985
scope_20260424_115654,sweep_2638,178,515.45,0.2654933938244921,0.2332478632341517
scope_20260424_115654,sweep_2639,178,520.62,0.26770173837628847,0.19674041316081295
scope_20260424_115654,sweep_2640,179,365.11,0.19941167521238534,0.2021463751822912
scope_20260424_115654,sweep_2641,179,365.1,0.19940714200114074,0.17225122242526236
scope_20260424_115654,sweep_2642,179,364.71,0.1992303302917883,0.1905542685154096
scope_20260424_115654,sweep_2643,179,364.9,0.19931647334269925,0.22114831527612513
scope_20260424_115654,sweep_2644,179,365.12,0.1994162084025228,0.1674760253391809
scope_20260424_115654,sweep_2645,179,374.11,0.20348308852614444,0.1939308417435266
scope_20260424_115654,sweep_2646,179,382.61,0.207313044974375,0.1547052815249716
scope_20260424_115654,sweep_2647,179,386.91,0.2158159059964661,0.23248504105044707
scope_20260424_115654,sweep_2648,179,394.77,0.219448605301278,0.19384478231690627
scope_20260424_115654,sweep_2649,179,401.13,0.2223790428354613,0.15639117073189462
scope_20260424_115654,sweep_2650,179,365.33,0.20577661416056195,0.2358626607736255
scope_20260424_115654,sweep_2651,179,365.55,0.2058794605922007,0.256830695914215
scope_20260424_115654,sweep_2652,179,365.75,0.2059729482175154,0.15718293427775484
scope_20260424_115654,sweep_2653,179,364.9,0.20557556572612262,0.1689376012558113
scope_20260424_115654,sweep_2654,179,365.33,0.21232449150851498,0.1630089413478238
scope_20260424_115654,sweep_2655,179,365.54,0.2124257871892938,0.14749966593536581
scope_20260424_115654,sweep_2656,179,364.05,0.21170685591749552,0.1616477433979119
scope_20260424_115654,sweep_2657,179,365.77,0.2125367187275083,0.16073082603209585
scope_20260424_115654,sweep_2658,179,364.68,0.21201089448988863,0.19519019465384968
scope_20260424_115654,sweep_2659,179,365.55,0.2124306105463378,0.252580598943112
scope_20260424_115654,sweep_2660,179,365.53,0.21242096380981804,0.2037482712920433
scope_20260424_115654,sweep_2661,179,364.9,0.21895695814950844,0.13544013005057998
scope_20260424_115654,sweep_2662,179,364.91,0.2189619385236366,0.27142506896667323
scope_20260424_115654,sweep_2663,179,364.89,0.21895197775217765,0.15668536609814604
scope_20260424_115654,sweep_2664,179,365.12,0.21906652102182697,0.2357994933883881
scope_20260424_115654,sweep_2665,179,364.48,0.218747761474925,0.2131799695226714
scope_20260424_115654,sweep_2666,179,365.75,0.21938020719289503,0.17184152983837053
scope_20260424_115654,sweep_2667,179,364.9,0.21895695814950844,0.147904512332181
scope_20260424_115654,sweep_2668,179,365.74,0.2265443736019827,0.15826323839734885
scope_20260424_115654,sweep_2669,179,364.68,0.22599927900911648,0.2079487945612569
scope_20260424_115654,sweep_2670,179,365.32,0.22632842489331448,0.2366622818802074
scope_20260424_115654,sweep_2671,179,364.9,0.22611243397439684,0.20609078237701026
scope_20260424_115654,sweep_2672,179,364.9,0.22611243397439684,0.24145409881850557
scope_20260424_115654,sweep_2673,179,364.68,0.22599927900911648,0.18108783005585186
scope_20260424_115654,sweep_2674,179,365.09,0.23370272619187435,0.20398748132097344
scope_20260424_115654,sweep_2675,179,364.9,0.23360177423330675,0.20985877142901652
scope_20260424_115654,sweep_2676,179,364.47,0.23337327100496918,0.2104530753627384
scope_20260424_115654,sweep_2677,179,365.12,0.233718665158263,0.1389437705880147
scope_20260424_115654,sweep_2678,179,365.53,0.2339364753950752,0.14811877497101958
scope_20260424_115654,sweep_2679,179,364.68,0.23348487132713666,0.176233461682009
scope_20260424_115654,sweep_2680,179,365.11,0.23371335219420494,0.23303691958584224
scope_20260424_115654,sweep_2681,179,364.9,0.23360177423330675,0.26712454918159745
scope_20260424_115654,sweep_2682,179,364.26,0.2410930092707295,0.19193214478395343
scope_20260424_115654,sweep_2683,179,364.68,0.24132371478256107,0.20624016047749374
scope_20260424_115654,sweep_2684,179,365.96,0.2420265389819388,0.16635245320999867
scope_20260424_115654,sweep_2685,179,365.55,0.24180146116507553,0.22641057724929026
scope_20260424_115654,sweep_2686,179,364.69,0.24132920722021645,0.1847397138435138
scope_20260424_115654,sweep_2687,179,364.89,0.24143905059780674,0.26061717111699967
scope_20260424_115654,sweep_2688,179,364.89,0.24143905059780674,0.1746730937350171
scope_20260424_115654,sweep_2689,179,365.12,0.233718665158263,0.2723258094972983
scope_20260424_115654,sweep_2690,179,363.63,0.2329267603241356,0.2780085356747687
scope_20260424_115654,sweep_2691,179,364.68,0.23348487132713666,0.15155660368117715
scope_20260424_115654,sweep_2692,180,174.47,0.12661934484640092,0.08627861275529825
scope_20260424_115654,sweep_2693,180,174.47,0.12255989213022483,0.13200303591573098
scope_20260424_115654,sweep_2694,180,174.47,0.12255989213022483,0.1373509002412109
scope_20260424_115654,sweep_2695,180,174.47,0.12255989213022483,0.13187322980244207
scope_20260424_115654,sweep_2696,180,174.47,0.11868140420355887,0.14951858081687772
scope_20260424_115654,sweep_2697,180,174.47,0.11868140420355887,0.15690721480713182
scope_20260424_115654,sweep_2698,180,174.47,0.11497396130217331,0.19494073534828685
scope_20260424_115654,sweep_2699,180,174.47,0.11497396130217331,0.10783154564966506
scope_20260424_115654,sweep_2700,180,174.47,0.1114282780347075,0.06552167102987715
scope_20260424_115654,sweep_2701,180,174.47,0.1114282780347075,0.13683304380590458
scope_20260424_115654,sweep_2702,180,174.47,0.1114282780347075,0.09310876264512825
scope_20260424_115654,sweep_2703,180,174.47,0.10803565749694291,0.06142998502701507
scope_20260424_115654,sweep_2704,180,174.47,0.10803565749694291,0.09889207433385203
scope_20260424_115654,sweep_2705,180,174.47,0.10478794906462459,0.10250140269640073
scope_20260424_115654,sweep_2706,180,174.47,0.10478794906462459,0.07253080884935684
scope_20260424_115654,sweep_2707,180,174.47,0.10167750954265051,0.1253711928180019
scope_20260424_115654,sweep_2708,180,174.47,0.10167750954265051,0.05109066689143807
scope_20260424_115654,sweep_2709,180,174.47,0.09869716737898457,0.1090903466581018
scope_20260424_115654,sweep_2710,180,174.47,0.09869716737898457,0.08041090068833044
scope_20260424_115654,sweep_2711,180,174.47,0.09584018967900751,0.10999186049327973
scope_20260424_115654,sweep_2712,180,174.47,0.09584018967900751,0.09852314215316335
scope_20260424_115654,sweep_2713,180,174.47,0.09584018967900751,0.06573236586911486
scope_20260424_115654,sweep_2714,180,174.47,0.0931002517806832,0.09526205743247304
scope_20260424_115654,sweep_2715,180,174.47,0.0931002517806832,0.07264706007743353
scope_20260424_115654,sweep_2716,180,174.47,0.0931002517806832,0.12952089690322358
scope_20260424_115654,sweep_2717,180,174.47,0.09047140917308273,0.0816333075331817
scope_20260424_115654,sweep_2718,180,174.47,0.09047140917308273,0.1250300383262835
scope_20260424_115654,sweep_2719,180,174.47,0.09047140917308273,0.08037679951921044
scope_20260424_115654,sweep_2720,180,174.47,0.09047140917308273,0.07435228304361233
scope_20260424_115654,sweep_2721,180,174.47,0.09047140917308273,0.13087790865813323
scope_20260424_115654,sweep_2722,180,174.47,0.09047140917308273,0.0830372143907277
scope_20260424_115654,sweep_2723,180,174.47,0.08794807156078419,0.0792498489250568
scope_20260424_115654,sweep_2724,180,174.47,0.08794807156078419,0.05163676279994452
scope_20260424_115654,sweep_2725,180,174.47,0.08794807156078419,0.08009746099733285
scope_20260424_115654,sweep_2726,180,174.47,0.08794807156078419,0.06248824594257244
scope_20260424_115654,sweep_2727,180,174.47,0.08794807156078419,0.12684134080925052
scope_20260424_115654,sweep_2728,180,174.47,0.08794807156078419,0.08203948395962496
scope_20260424_115654,sweep_2729,180,174.47,0.08794807156078419,0.057184684374334126
scope_20260424_115654,sweep_2730,180,174.47,0.09047140917308273,0.10282378433497655
scope_20260424_115654,sweep_2731,180,174.47,0.09047140917308273,0.07496454178933921
scope_20260424_115654,sweep_2732,180,174.47,0.09047140917308273,0.10279665973526991
scope_20260424_115654,sweep_2733,180,174.47,0.09047140917308273,0.08443250544191039
scope_20260424_115654,sweep_2734,180,174.47,0.09047140917308273,0.08816571397085429
scope_20260424_115654,sweep_2735,180,174.47,0.09047140917308273,0.08295348988772082
scope_20260424_115654,sweep_2736,180,174.47,0.09047140917308273,0.08445288446947151
scope_20260424_115654,sweep_2737,180,174.47,0.09047140917308273,0.12056089840236903
scope_20260424_115654,sweep_2738,180,174.47,0.09047140917308273,0.06256985919891342
scope_20260424_115654,sweep_2739,180,174.47,0.09047140917308273,0.09924016845755522
scope_20260424_115654,sweep_2740,180,174.47,0.0931002517806832,0.13156597733911687
scope_20260424_115654,sweep_2741,180,174.47,0.0931002517806832,0.10848474114650096
scope_20260424_115654,sweep_2742,180,174.47,0.0931002517806832,0.11553608327077138
scope_20260424_115654,sweep_2743,180,174.47,0.0931002517806832,0.06039886958132265
scope_20260424_115654,sweep_2744,181,362.97,0.1710075680914776,0.2361888374749305
scope_20260424_115654,sweep_2745,181,363.61,0.17125779707742,0.20633000639585958
scope_20260424_115654,sweep_2746,181,363.39,0.17117178931528915,0.17520835470514562
scope_20260424_115654,sweep_2747,181,363.83,0.17638643928718262,0.21378797693749915
scope_20260424_115654,sweep_2748,181,364.05,0.17647496004902413,0.21723867694215163
scope_20260424_115654,sweep_2749,181,363.82,0.1763824154000199,0.17041114999439091
scope_20260424_115654,sweep_2750,181,364.04,0.17647093657535737,0.19638009024945313
scope_20260424_115654,sweep_2751,181,364.03,0.18172735796672548,0.17235541750868053
scope_20260424_115654,sweep_2752,181,365.1,0.18217059558515153,0.22201566625888533
scope_20260424_115654,sweep_2753,181,364.05,0.181735644811367,0.16713435380197314
scope_20260424_115654,sweep_2754,181,365.33,0.18226584210661242,0.20108550221131824
scope_20260424_115654,sweep_2755,181,365.11,0.1876758375807263,0.24627332212978698
scope_20260424_115654,sweep_2756,181,365.13,0.1876843703637187,0.17522807769217574
scope_20260424_115654,sweep_2757,181,365.32,0.18776542784005817,0.18895066728953913
scope_20260424_115654,sweep_2758,181,364.67,0.1874880962425189,0.21252245660076302
scope_20260424_115654,sweep_2759,181,364.91,0.18759050537966845,0.16562616074833517
scope_20260424_115654,sweep_2760,181,365.33,0.19351379868431146,0.22298360976265486
scope_20260424_115654,sweep_2761,181,365.12,0.193421468179017,0.21073333006006342
scope_20260424_115654,sweep_2762,181,365.11,0.1934170712631447,0.2558740311928227
scope_20260424_115654,sweep_2763,181,365.54,0.19360612016752124,0.23097731899094384
scope_20260424_115654,sweep_2764,181,365.11,0.19941167521238534,0.22090396013026323
scope_20260424_115654,sweep_2765,181,364.9,0.19931647334269925,0.2333975332997981
scope_20260424_115654,sweep_2766,181,365.32,0.199506867773806,0.2505277715095089
scope_20260424_115654,sweep_2767,181,365.32,0.199506867773806,0.20482324898102966
scope_20260424_115654,sweep_2768,181,364.9,0.19931647334269925,0.2573709590717152
scope_20260424_115654,sweep_2769,181,364.91,0.20558024172837247,0.2265379791079066
scope_20260424_115654,sweep_2770,181,364.9,0.20557556572612262,0.23821321900740475
scope_20260424_115654,sweep_2771,181,364.69,0.20547736464554406,0.2331413926763801
scope_20260424_115654,sweep_2772,181,364.69,0.20547736464554406,0.22884484010075337
scope_20260424_115654,sweep_2773,181,365.53,0.2058701113514954,0.18920204830814505
scope_20260424_115654,sweep_2774,181,365.12,0.20567843274459882,0.22652073299953604
scope_20260424_115654,sweep_2775,181,365.33,0.20577661416056195,0.20868079021890967
scope_20260424_115654,sweep_2776,181,364.91,0.20558024172837247,0.20612588371938279
scope_20260424_115654,sweep_2777,181,364.91,0.20558024172837247,0.29074256934405945
scope_20260424_115654,sweep_2778,181,364.46,0.20536980005039943,0.22425107307460593
scope_20260424_115654,sweep_2779,181,364.67,0.20546801166039652,0.19029303218685822
scope_20260424_115654,sweep_2780,181,364.68,0.2054726881638703,0.2130383704212246
scope_20260424_115654,sweep_2781,181,364.03,0.20516867006196182,0.1850299200264474
scope_20260424_115654,sweep_2782,181,364.89,0.1993119396880476,0.16884006752857117
scope_20260424_115654,sweep_2783,181,365.11,0.19941167521238534,0.17896231343263724
scope_20260424_115654,sweep_2784,181,364.26,0.19902627683466406,0.18843485379690939
scope_20260424_115654,sweep_2785,181,364.68,0.1932279845048011,0.24126865300098596
scope_20260424_115654,sweep_2786,181,364.26,0.1930432585191866,0.1729282504699321
scope_20260424_115654,sweep_2787,181,364.9,0.19332473129963026,0.16743743012674542
scope_20260424_115654,sweep_2788,181,365.53,0.18785500934482913,0.25774592268620683
scope_20260424_115654,sweep_2789,181,363.18,0.1868520494480392,0.27465271481550135
scope_20260424_115654,sweep_2790,181,364.68,0.18749236351860862,0.22614239861582996
scope_20260424_115654,sweep_2791,181,364.47,0.18190965067857306,0.17294581288626915
scope_20260424_115654,sweep_2792,181,365.12,0.18217887829620696,0.21109539527362264
scope_20260424_115654,sweep_2793,181,365.33,0.1769898097726084,0.20270120281479176
scope_20260424_115654,sweep_2794,181,365.33,0.1769898097726084,0.18404007493007798
scope_20260424_115654,sweep_2795,181,364.26,0.17655944865685314,0.20534411713971032
scope_20260424_115654,sweep_2796,181,364.69,0.17673242331033412,0.27297426793564944
scope_20260424_115654,sweep_2797,182,507.88,0.2259978699305228,0.36809845111533285
scope_20260424_115654,sweep_2798,182,513.33,0.2280089213165546,0.27866788647918017
scope_20260424_115654,sweep_2799,182,517.14,0.22941265582993603,0.2716210200026477
scope_20260424_115654,sweep_2800,182,522.36,0.2313330329259132,0.21452206107551205
scope_20260424_115654,sweep_2801,182,526.37,0.23280604928805826,0.2511705365611098
scope_20260424_115654,sweep_2802,182,525.49,0.23248295770232202,0.4562897556625644
scope_20260424_115654,sweep_2803,182,530.39,0.2342808254007298,0.2868884391123347
scope_20260424_115654,sweep_2804,182,533.58,0.23544975574563273,0.26561584299428387
scope_20260424_115654,sweep_2805,182,538.61,0.23729051892865108,0.22514977649858423
scope_20260424_115654,sweep_2806,182,541.98,0.23852215810843147,0.3253415192306888
scope_20260424_115654,sweep_2808,184,732.82,0.306387042175554,0.40930660727504103
scope_20260424_115654,sweep_2809,184,731.12,0.30579699627268725,0.350641954846057
scope_20260424_115654,sweep_2810,184,729.39,0.3051962982977851,0.32374081042156977
scope_20260424_115654,sweep_2811,184,728.51,0.31386357157853256,0.272060171593076
scope_20260424_115654,sweep_2812,184,726.81,0.3132555505202836,0.3047950617477254
scope_20260424_115654,sweep_2813,184,725.1,0.31264370891391885,0.35517246835679367
scope_20260424_115654,sweep_2814,184,722.63,0.3117595043909779,0.3397517204107247
scope_20260424_115654,sweep_2815,184,722.59,0.3117451810661147,0.2685103074994299
scope_20260424_115654,sweep_2816,184,721.77,0.3114515231892053,0.2691727370580601
scope_20260424_115654,sweep_2817,184,720.89,0.32041122901557706,0.31174025249666915
scope_20260424_115654,sweep_2818,185,930.0,0.39583783639928466,0.38344288279314476
scope_20260424_115654,sweep_2819,185,901.63,0.3857891331470652,0.4480241604099115
scope_20260424_115654,sweep_2820,185,895.2,0.38350419410975556,0.45815123382991213
scope_20260424_115654,sweep_2821,185,892.68,0.3826079368311921,0.5181498057641851
scope_20260424_115654,sweep_2822,185,887.5,0.3922621539417497,0.4791867556395395
scope_20260424_115654,sweep_2823,185,882.52,0.39043437770214695,0.281155670545203
scope_20260424_115654,sweep_2824,185,877.57,0.3886158737714271,0.46163581471518683
scope_20260424_115654,sweep_2825,185,873.81,0.3872333802467678,0.37737320156466353
scope_20260424_115654,sweep_2826,185,870.2,0.3859050875074925,0.38690833455488577
scope_20260424_115654,sweep_2827,185,865.25,0.39583176535932985,0.49216160077547766
scope_20260424_115654,sweep_2828,185,862.84,0.3949164577135304,0.3653223924351504
scope_20260424_115654,sweep_2829,186,1043.93,0.4666795794183871,0.5538629891810681
scope_20260424_115654,sweep_2830,186,1035.21,0.4647263930538028,0.5418626775470412
scope_20260424_115654,sweep_2831,186,1026.76,0.46282582003200506,0.5985107174021197
scope_20260424_115654,sweep_2832,186,1021.54,0.4759557480104774,0.48992513494987594
scope_20260424_115654,sweep_2833,186,1016.59,0.4748011960895142,0.38177746607799834
scope_20260424_115654,sweep_2834,186,1010.03,0.4732667835608853,0.41078653362032885
scope_20260424_115654,sweep_2835,186,1003.41,0.47171327689889136,0.5836974332971626
scope_20260424_115654,sweep_2836,186,995.5,0.45847233749710425,0.399605543788732
scope_20260424_115654,sweep_2837,186,993.84,0.4722150880825835,0.5072673439330363
scope_20260424_115654,sweep_2838,186,986.06,0.46914485854935656,0.4636204290213838
scope_20260424_115654,sweep_2839,187,1194.2,0.5307692093492307,0.49006661479299946
scope_20260424_115654,sweep_2840,187,1160.65,0.5232603475706643,0.539135068259172
scope_20260424_115654,sweep_2841,187,1150.09,0.520874505455751,0.48905757851072745
scope_20260424_115654,sweep_2842,188,1145.72,0.5198839795195848,0.5864507897109577
scope_20260424_115654,sweep_2843,188,1143.71,0.5194277487162181,0.5243255561719733
scope_20260424_115654,sweep_2844,188,1143.64,0.5194118528602871,0.5637515811442042
scope_20260424_115654,sweep_2845,188,1143.71,0.5194277487162181,0.4845501220051322
scope_20260424_115654,sweep_2846,188,1143.75,0.5194368318440599,0.5693713977668668
scope_20260424_115654,sweep_2847,188,1145.69,0.5198771730478975,0.40784147028776174
scope_20260424_115654,sweep_2848,188,1143.73,0.5194322902999932,0.6223147155271629
scope_20260424_115654,sweep_2849,188,1143.73,0.5194322902999932,0.3150082459595013
scope_20260424_115654,sweep_2850,189,1355.47,0.5482565674004908,0.6685937682643858
scope_20260424_115654,sweep_2851,190,1332.27,0.543544382836627,0.5960814493841632
scope_20260424_115654,sweep_2852,190,1332.36,0.5435627417910117,0.5801509619024626
scope_20260424_115654,sweep_2853,190,1332.33,0.5435566222084485,0.5733241874364167
scope_20260424_115654,sweep_2854,190,1332.24,0.5271987151509993,0.6038998250709511
scope_20260424_115654,sweep_2855,190,1332.21,0.5271927792646375,0.5479040793339174
scope_20260424_115654,sweep_2856,190,1332.24,0.5271987151509993,0.4487126310814711
scope_20260424_115654,sweep_2857,190,1332.27,0.5115555405796377,0.6873136429615913
scope_20260424_115654,sweep_2858,190,1332.3,0.5115613001403216,0.4792903056713606
scope_20260424_115654,sweep_2859,190,1335.08,0.5120947383005483,0.4947915042996696
scope_20260424_115654,sweep_2860,191,1540.08,0.5338854649750653,0.6368095552197172
scope_20260424_115654,sweep_2861,191,1521.18,0.5305994069789643,0.6296887975122153
scope_20260424_115654,sweep_2862,191,1521.22,0.5306063830885497,0.5413415950532902
scope_20260424_115654,sweep_2863,191,1521.26,0.5306133591064184,0.5426543798838023
scope_20260424_115654,sweep_2864,191,1521.22,0.5152469695997259,0.651454586599544
scope_20260424_115654,sweep_2865,191,1521.22,0.5152469695997259,0.5370984723791962
scope_20260424_115654,sweep_2866,191,1521.14,0.5152334211650773,0.5592218854914716
scope_20260424_115654,sweep_2867,191,1521.11,0.5152283404102332,0.5992538297255631
scope_20260424_115654,sweep_2868,191,1521.22,0.5152469695997259,0.5834754729112447
scope_20260424_115654,sweep_2869,191,1521.26,0.5152537436834559,0.5177932526147028
scope_20260424_115654,sweep_2870,191,1521.22,0.5152469695997259,0.6311600483643278
scope_20260424_115654,sweep_2871,192,1709.3,0.5461709276598342,0.660721573001011
scope_20260424_115654,sweep_2872,192,1709.26,0.5461645370423536,0.6847569677504074
scope_20260424_115654,sweep_2873,192,1709.35,0.5461789158265341,0.45925084866838
scope_20260424_115654,sweep_2874,192,1709.3,0.5461709276598342,0.6479501441658574
scope_20260424_115654,sweep_2875,192,1709.4,0.5461869038764045,0.7523596011587828
scope_20260424_115654,sweep_2876,192,1709.26,0.5461645370423536,0.7314901642185525
scope_20260424_115654,sweep_2877,192,1713.89,0.5632068512898295,0.539148019057788
scope_20260424_115654,sweep_2878,192,1709.4,0.5624686308807094,0.5739569657503474
scope_20260424_115654,sweep_2879,192,1709.35,0.5624604047086023,0.74933340545816
scope_20260424_115654,sweep_2880,192,1709.5,0.5624850828640079,0.734369214323925
scope_20260424_115654,sweep_2892,194,2102.17,0.6827674439099356,0.6977519159261437
scope_20260424_115654,sweep_2893,194,2087.9,0.6804461087289579,0.7403194526671144
scope_20260424_115654,sweep_2894,194,2081.09,0.6793355137136182,0.6463759004930947
scope_20260424_115654,sweep_2895,194,2080.88,0.6793012374312422,0.8656793892494006
scope_20260424_115654,sweep_2896,194,2080.95,0.7006449726385148,0.6496537203306474
scope_20260424_115654,sweep_2897,194,2087.61,0.7017652705567352,0.762436768719291
scope_20260424_115654,sweep_2898,194,2087.68,0.7017770359624271,0.8547227138157236
scope_20260424_115654,sweep_2899,194,2087.76,0.7017904818988362,0.8194154774745633
scope_20260424_115654,sweep_2900,194,2087.9,0.7018140116676816,0.7115717645260631
scope_20260424_115654,sweep_2901,194,2087.9,0.7018140116676816,0.7258819704622321
scope_20260424_115654,sweep_2902,194,2087.97,0.7241580958024254,0.7401816773409557
scope_20260424_115654,sweep_2903,195,2270.66,0.7551745019333356,0.6956384932831587
scope_20260424_115654,sweep_2904,195,2270.66,0.7551745019333356,0.8959347585820474
scope_20260424_115654,sweep_2905,195,2270.83,0.7552027706443124,0.7410566995496594
scope_20260424_115654,sweep_2906,195,2279.03,0.7565650660036034,0.7003880698761693
scope_20260424_115654,sweep_2907,195,2270.83,0.7319130640264825,0.7093236502573929
scope_20260424_115654,sweep_2908,195,2270.66,0.7318856670945968,0.8371272727587309
scope_20260424_115654,sweep_2909,195,2270.75,0.7319001714804028,0.7157823317095275
scope_20260424_115654,sweep_2910,195,2270.75,0.7319001714804028,0.7311439334097249
scope_20260424_115654,sweep_2911,195,2278.94,0.7332188695308937,0.8225776516392793
scope_20260424_115654,sweep_2912,195,2270.66,0.7096021822443035,0.728349750598421
scope_20260424_115654,sweep_2913,195,2278.77,0.7108682776212657,0.7456867061657584
scope_20260424_115654,sweep_2914,196,2459.12,0.7384630142269534,0.6428669436633542
scope_20260424_115654,sweep_2915,196,2459.22,0.7384780288563123,0.6848186958986364
scope_20260424_115654,sweep_2916,196,2459.02,0.7162491822563842,0.680773164188949
scope_20260424_115654,sweep_2917,196,2459.22,0.7162783090881764,0.694794133923962
scope_20260424_115654,sweep_2918,196,2459.22,0.7162783090881764,0.7168487378455138
scope_20260424_115654,sweep_2919,196,2459.32,0.6950310220241975,0.7966121555670896
scope_20260424_115654,sweep_2920,196,2459.12,0.6950027603440114,0.7631454722397252
scope_20260424_115654,sweep_2921,196,2459.22,0.695016891327756,0.7197308285702715
scope_20260424_115654,sweep_2922,196,2459.22,0.695016891327756,0.6930362300961048
scope_20260424_115654,sweep_2923,196,2459.12,0.674631037631344,0.7417972787899278
scope_20260424_115654,sweep_2924,197,2647.49,0.6999928775019786,0.797721776093479
scope_20260424_115654,sweep_2925,197,2647.95,0.7000536865585142,0.6456696228508072
scope_20260424_115654,sweep_2926,197,2647.6,0.700007419278668,0.7719991098790536
scope_20260424_115654,sweep_2927,197,2647.49,0.6999928775019786,0.7715526888604239
scope_20260424_115654,sweep_2928,197,2647.49,0.6999928775019786,0.6840267434258356
scope_20260424_115654,sweep_2929,197,2647.37,0.6999770134010458,0.7973375676835124
scope_20260424_115654,sweep_2930,197,2647.49,0.6999928775019786,0.5830019424917235
scope_20260424_115654,sweep_2931,197,2647.6,0.700007419278668,0.6740193373988758
scope_20260424_115654,sweep_2932,197,2647.49,0.6999928775019786,0.785522529428239
scope_20260424_115654,sweep_2933,197,2647.49,0.6999928775019786,0.8007529539087418
scope_20260424_115654,sweep_2934,198,2828.19,0.7234870268841659,0.8060094558744269
scope_20260424_115654,sweep_2935,198,2841.04,0.7251287610158905,0.7705056134237378
scope_20260424_115654,sweep_2936,198,2840.77,0.7250943036662355,0.804229686921641
scope_20260424_115654,sweep_2937,198,2840.91,0.7470082638450636,0.7498694852632032
scope_20260424_115654,sweep_2938,198,2840.77,0.7469898573405613,0.6327335866027681
scope_20260424_115654,sweep_2939,198,2840.77,0.7469898573405613,0.7415274412330146
scope_20260424_115654,sweep_2940,198,2840.91,0.7470082638450636,0.6217599104362153
scope_20260424_115654,sweep_2941,198,2841.18,0.747043760823014,0.7706320457044242
scope_20260424_115654,sweep_2942,198,2841.04,0.7698777755480629,0.6860041116767213
scope_20260424_115654,sweep_2943,198,2840.91,0.7698601613547119,0.6282617942851658
scope_20260424_115654,sweep_2944,198,2840.91,0.7698601613547119,0.6558242708960269
scope_20260424_115654,sweep_2945,199,2976.93,0.7880747628803609,0.6826103690548404
scope_20260424_115654,sweep_2946,199,2976.49,0.7880165207131923,0.7857851740348772
scope_20260424_115654,sweep_2947,199,2962.82,0.8105718579147234,0.7142886778425408
scope_20260424_115654,sweep_2948,199,2976.49,0.8124396335040347,0.6758762401278671
scope_20260424_115654,sweep_2949,199,2976.78,0.8124792106158637,0.8469159961770835
scope_20260424_115654,sweep_2950,199,2976.93,0.8380144336655803,0.8951549842708316
scope_20260424_115654,sweep_2951,199,2976.63,0.8379722071664295,0.7825112058528416
scope_20260424_115654,sweep_2952,199,2976.78,0.8379933206819792,0.7215728605007565
scope_20260424_115654,sweep_2953,199,2962.67,0.8360049085948985,0.700349313419974
scope_20260424_115654,sweep_2954,199,2976.63,0.8379722071664295,0.730619791781327
scope_20260424_115654,sweep_2955,199,2976.63,0.8646367494707262,0.7266707805449276
scope_20260424_115654,sweep_2956,199,2976.93,0.864680319630518,0.7687611059505532
scope_20260424_115654,sweep_2957,199,2976.63,0.8646367494707262,0.6363030218718695
scope_20260424_115654,sweep_2958,199,2976.63,0.8646367494707262,0.6926346639587274
scope_20260424_115654,sweep_2959,199,2962.67,0.8626068508325855,0.6338426723314943
scope_20260424_115654,sweep_2960,199,2976.63,0.8646367494707262,0.8083210211980016
scope_20260424_115654,sweep_2961,199,2962.52,0.8625850136611433,0.6107828442036878
scope_20260424_115654,sweep_2962,199,2962.82,0.8626286874512267,0.8698471834312155
scope_20260424_115654,sweep_2963,199,2976.93,0.8380144336655803,0.6039772859157744
scope_20260424_115654,sweep_2964,199,2963.11,0.8360669857927142,0.6813970939137755
scope_20260424_115654,sweep_2965,199,2976.49,0.8379525007386117,0.7380101409537524
scope_20260424_115654,sweep_2966,199,2962.82,0.8360260717938153,0.8584004611056805
scope_20260424_115654,sweep_2967,199,2962.67,0.8360049085948985,0.7110109034529224
scope_20260424_115654,sweep_2968,199,2976.49,0.8124396335040347,0.6944701258838781
scope_20260424_115654,sweep_2969,199,2962.67,0.8105513390648404,0.6959580114722986
scope_20260424_115654,sweep_2970,199,2977.08,0.8125201504270636,0.7141162689859344
scope_20260424_115654,sweep_2971,199,2976.78,0.7880549080796836,0.7398278738167601
scope_20260424_115654,sweep_2972,199,2962.96,0.7862234679323443,0.6664345161441106
scope_20260424_115654,sweep_2973,199,2962.67,0.7861849911414035,0.7873668144060009
scope_20260424_115654,sweep_2974,199,2962.52,0.7861650886140583,0.7359844825334337
scope_20260424_115654,sweep_2975,199,2962.52,0.7628292090186541,0.7460083391722262
scope_20260424_115654,sweep_2976,199,2977.08,0.7647014630422492,0.7885738530671073
scope_20260424_115654,sweep_2977,199,2976.78,0.7646629326334898,0.7451574980864514
scope_20260424_115654,sweep_2978,199,2976.63,0.7646436667010296,0.7235643943445536
scope_20260424_115654,sweep_2979,199,2962.67,0.7404881224812869,0.7790050619819062
scope_20260424_115654,sweep_2980,199,2963.11,0.7405431071197583,0.8558742051354933
scope_20260424_115654,sweep_2981,199,2976.63,0.7422306496011833,0.7387915094679426
scope_20260424_115654,sweep_2982,199,2962.52,0.7404693767849527,0.603902138745909
scope_20260424_115654,sweep_2983,199,2976.78,0.7422493508161255,0.7715068160277176
scope_20260424_115654,sweep_2984,199,2976.93,0.7422680515598963,0.6358100957509268
scope_20260424_115654,sweep_2985,199,2962.82,0.7405068677030799,0.8486287625803022
scope_20260424_115654,sweep_2986,199,2962.52,0.7404693767849527,0.807080428535681
scope_20260424_115654,sweep_2987,199,2976.49,0.7422131947087711,0.8511658958416082
scope_20260424_115654,sweep_2988,199,2976.49,0.7422131947087711,0.7299500397534034
scope_20260424_115654,sweep_2989,199,2976.93,0.7422680515598963,0.7132154528017375
scope_20260424_115654,sweep_2990,199,2976.78,0.7422493508161255,0.8033663678786267
scope_20260424_115654,sweep_2991,199,2976.78,0.7646629326334898,0.5366451111126757
scope_20260424_115654,sweep_2992,199,2962.96,0.7628858554531449,0.8175399771756918
scope_20260424_115654,sweep_2993,199,2962.67,0.7628485207757038,0.9037298499677403
scope_20260424_115654,sweep_2994,199,2962.67,0.7628485207757038,0.6673232453223554
scope_20260424_115654,sweep_2995,199,2976.93,0.7646821980805508,0.9639876050883271
scope_20260424_115654,sweep_2996,199,2976.63,0.7646436667010296,0.826029836393178
scope_20260424_115654,sweep_2997,199,2962.52,0.7861650886140583,0.813765542551331
scope_20260424_115654,sweep_2998,199,2976.78,0.7880549080796836,0.8927817899729421
scope_20260424_115654,sweep_2999,199,2962.67,0.7861849911414035,0.7591590401246048
scope_20260424_115654,sweep_3000,199,2963.11,0.7862433689819078,0.8280439884896198
scope_20260424_115654,sweep_3001,199,2962.52,0.8105308196955162,0.7068912849145764
scope_20260424_115654,sweep_3002,199,2962.82,0.8105718579147234,0.9200859957969365
scope_20260424_115654,sweep_3003,199,2976.78,0.8124792106158637,0.6034402045721213
scope_20260424_115654,sweep_3004,199,2962.52,0.8105308196955162,0.8228917761272295
scope_20260424_115654,sweep_3005,199,2962.82,0.8360260717938153,0.6893062479738817
scope_20260424_115654,sweep_3006,199,2976.78,0.8379933206819792,0.6763846186804963
scope_20260424_115654,sweep_3007,199,2976.93,0.8380144336655803,0.7362355831190132
scope_20260424_115654,sweep_3008,199,2977.08,0.838035546117273,0.6321938466273715
scope_20260424_115654,sweep_3009,199,2977.08,0.838035546117273,0.6609730311067098
scope_20260424_115654,sweep_3010,199,2962.82,0.8626286874512267,0.8137186488735721
scope_20260424_115654,sweep_3011,199,2976.93,0.864680319630518,0.6892377869173817
scope_20260424_115654,sweep_3012,199,2977.08,0.8647021038871423,0.6630985894207728
scope_20260424_115654,sweep_3013,199,2976.34,0.864594629562494,0.7537624534091956
scope_20260424_115654,sweep_3014,199,2976.63,0.8646367494707262,0.7868756803458833
scope_20260424_115654,sweep_3015,199,2962.82,0.8626286874512267,0.9518694928959214
scope_20260424_115654,sweep_3016,199,2962.96,0.8626490677965795,0.8286031056948835
scope_20260424_115654,sweep_3017,199,2963.11,0.8626709033465908,0.7386065426292012
scope_20260424_115654,sweep_3018,199,2976.63,0.8379722071664295,0.7733497698421373
scope_20260424_115654,sweep_3019,199,2976.49,0.8379525007386117,0.509123456031887
scope_20260424_115654,sweep_3020,199,2976.78,0.8379933206819792,0.8201126128244024
scope_20260424_115654,sweep_3021,199,2962.82,0.8360260717938153,0.8352091339867999
scope_20260424_115654,sweep_3022,199,2977.08,0.8125201504270636,0.9494939502229048
scope_20260424_115654,sweep_3023,199,2962.82,0.8105718579147234,0.8110839476129738
scope_20260424_115654,sweep_3024,199,2976.63,0.8124587399366545,0.7547586164649447
scope_20260424_115654,sweep_3025,199,2962.82,0.8105718579147234,0.9338416035221132
scope_20260424_115654,sweep_3026,199,2962.67,0.7861849911414035,0.7356416510004475
scope_20260424_115654,sweep_3027,199,2962.96,0.7862234679323443,0.8563920557896396
scope_20260424_115654,sweep_3028,199,2962.38,0.7861465124672725,0.6288205286998085
scope_20260424_115654,sweep_3029,199,2976.63,0.7880350527787581,0.7375255361936776
scope_20260424_115654,sweep_3030,199,2976.49,0.7646256847260962,0.8160811038698872
scope_20260424_115654,sweep_3031,199,2962.82,0.7628678320438824,0.7988612435019218
scope_20260424_115654,sweep_3032,199,2962.52,0.7628292090186541,0.6482996615246044
scope_20260424_115654,sweep_3033,199,2976.49,0.7646256847260962,0.6582203743749374
scope_20260424_115654,sweep_3034,199,2962.82,0.7405068677030799,0.7960779723530587
scope_20260424_115654,sweep_3035,199,2962.96,0.74052436281531,0.8728709265472951
scope_20260424_115654,sweep_3036,199,2962.82,0.7405068677030799,0.6823044146132912
scope_20260424_115654,sweep_3037,199,2962.82,0.7405068677030799,0.6683288064256495
scope_20260424_115654,sweep_3038,199,2962.82,0.7405068677030799,0.6362367891341922
scope_20260424_115654,sweep_3039,199,2962.82,0.7405068677030799,0.7666146641219996
scope_20260424_115654,sweep_3040,199,2962.52,0.7404693767849527,0.6457108444238581
scope_20260424_115654,sweep_3041,199,2976.93,0.7422680515598963,0.681544428424633
scope_20260424_115654,sweep_3042,199,2976.63,0.7422306496011833,0.6170237832404238
scope_20260424_115654,sweep_3043,199,2976.78,0.7422493508161255,0.7755951405450173
scope_20260424_115654,sweep_3044,199,2962.82,0.7405068677030799,0.7058112375411464
scope_20260424_115654,sweep_3045,199,2962.82,0.7405068677030799,0.7052691195210559
scope_20260424_115654,sweep_3046,199,2962.82,0.7628678320438824,0.7431822863826041
scope_20260424_115654,sweep_3047,199,2976.49,0.7646256847260962,0.7085380576889156
scope_20260424_115654,sweep_3048,199,2976.63,0.7646436667010296,0.7119460679517222
scope_20260424_115654,sweep_3049,199,2962.82,0.7628678320438824,0.7155354571030667
scope_20260424_115654,sweep_3050,199,2962.96,0.7628858554531449,0.6088089576717504
scope_20260424_115654,sweep_3051,199,2976.93,0.7880747628803609,0.6395317859934297
scope_20260424_115654,sweep_3052,199,2976.63,0.7880350527787581,0.679190091971986
scope_20260424_115654,sweep_3053,199,2963.26,0.7862632695277575,0.8113217316950002
scope_20260424_115654,sweep_3054,199,2962.96,0.7862234679323443,0.77455010380424
scope_20260424_115654,sweep_3055,199,2976.49,0.7880165207131923,0.7898173198418739
scope_20260424_115654,sweep_3056,199,2976.78,0.8124792106158637,0.827579427413777
scope_20260424_115654,sweep_3057,199,2962.67,0.8105513390648404,0.7809168052988241
scope_20260424_115654,sweep_3058,199,2976.93,0.8124996807793204,0.8135757849881456
scope_20260424_115654,sweep_3059,199,2976.49,0.8124396335040347,0.7723777509143289
scope_20260424_115654,sweep_3060,199,2976.93,0.8380144336655803,0.7434048227479996
scope_20260424_115654,sweep_3061,199,2962.82,0.8360260717938153,0.7409324006691272
scope_20260424_115654,sweep_3062,199,2976.63,0.8379722071664295,0.6851419111238599
scope_20260424_115654,sweep_3063,199,2976.63,0.8379722071664295,0.7772822202396092
scope_20260424_115654,sweep_3064,199,2976.78,0.8379933206819792,0.8762546817545462
scope_20260424_115654,sweep_3065,199,2976.93,0.864680319630518,0.8881892976816895
scope_20260424_115654,sweep_3066,199,2976.63,0.8646367494707262,0.8468011205831324
scope_20260424_115654,sweep_3067,199,2962.82,0.8626286874512267,0.8243648215263373
scope_20260424_115654,sweep_3068,199,2976.78,0.8646585348250597,0.9892834239795587
scope_20260424_115654,sweep_3069,199,2976.93,0.864680319630518,1.0013172674679127
scope_20260424_115654,sweep_3070,199,2962.52,0.8625850136611433,0.7221232834204405
scope_20260424_115654,sweep_3071,199,2976.49,0.864616415978104,0.6145896233006497
scope_20260424_115654,sweep_3072,199,2962.67,0.8360049085948985,0.7202058254361647
scope_20260424_115654,sweep_3073,199,2962.67,0.8360049085948985,0.879359513363585
scope_20260424_115654,sweep_3074,199,2976.49,0.8379525007386117,0.7770528874100234
scope_20260424_115654,sweep_3075,199,2976.93,0.8380144336655803,0.6303114807820472
scope_20260424_115654,sweep_3076,199,2962.82,0.8360260717938153,0.8207193658685735
scope_20260424_115654,sweep_3077,199,2976.63,0.8124587399366545,0.7907121668082335
scope_20260424_115654,sweep_3078,199,2962.67,0.8105513390648404,0.6249828119796172
scope_20260424_115654,sweep_3079,199,2962.82,0.8105718579147234,0.691830411088535
scope_20260424_115654,sweep_3080,199,2962.67,0.8105513390648404,0.6189524484449331
scope_20260424_115654,sweep_3081,199,2962.82,0.7862048931649226,0.8203819314103129
scope_20260424_115654,sweep_3082,199,2962.52,0.7861650886140583,0.8057784315988746
scope_20260424_115654,sweep_3083,199,2962.82,0.7862048931649226,0.8436145405763315
scope_20260424_115654,sweep_3084,199,2962.82,0.7862048931649226,0.6932468085025045
scope_20260424_115654,sweep_3085,199,2962.82,0.7628678320438824,0.7917445414981773
scope_20260424_115654,sweep_3086,199,2976.93,0.7646821980805508,0.7124540559034458
scope_20260424_115654,sweep_3087,199,2976.93,0.7646821980805508,0.8598115778256857
scope_20260424_115654,sweep_3088,199,2976.49,0.7646256847260962,0.6843735023834552
scope_20260424_115654,sweep_3089,199,2962.82,0.7405068677030799,0.7344914857195647
scope_20260424_115654,sweep_3090,199,2962.96,0.74052436281531,0.888183280752165
scope_20260424_115654,sweep_3091,199,2977.08,0.7422867518325313,0.7449924391242911
scope_20260424_115654,sweep_3092,199,2962.67,0.7404881224812869,0.9173397738109985
scope_20260424_115654,sweep_3093,199,2962.82,0.7405068677030799,0.7876616398538937
scope_20260424_115654,sweep_3094,199,2962.96,0.74052436281531,0.7307783544462647
scope_20260424_115654,sweep_3095,199,2976.78,0.7422493508161255,0.9484356886785456
scope_20260424_115654,sweep_3096,199,2962.82,0.7405068677030799,0.6896095915115716
scope_20260424_115654,sweep_3097,199,2962.67,0.7404881224812869,0.799615672808742
scope_20260424_115654,sweep_3098,199,2962.96,0.74052436281531,0.9595631168702644
scope_20260424_115654,sweep_3099,199,2962.96,0.74052436281531,0.793337220510316
scope_20260424_115654,sweep_3100,199,2962.82,0.7405068677030799,0.754515664334811
scope_20260424_115654,sweep_3101,199,2962.82,0.7628678320438824,0.7322721056359668
scope_20260424_115654,sweep_3102,199,2976.78,0.7646629326334898,0.7305640599351841
scope_20260424_115654,sweep_3103,199,2962.52,0.7628292090186541,0.8376930872724105
scope_20260424_115654,sweep_3104,199,2976.78,0.7646629326334898,0.6388555431952373
scope_20260424_115654,sweep_3105,199,2976.78,0.7646629326334898,0.7368192253279326
scope_20260424_115654,sweep_3106,199,2976.78,0.7646629326334898,0.6682519458080446
scope_20260424_115654,sweep_3107,199,2976.49,0.7880165207131923,0.6555519571314544
scope_20260424_115654,sweep_3108,199,2976.63,0.7880350527787581,0.7789853840903812
scope_20260424_115654,sweep_3109,199,2962.52,0.7861650886140583,0.673746447977375
scope_20260424_115654,sweep_3110,199,2962.96,0.7862234679323443,0.7233168394953634
scope_20260424_115654,sweep_3111,199,2976.93,0.8124996807793204,0.8545065540744807
scope_20260424_115654,sweep_3112,199,2962.82,0.8105718579147234,0.7199120598974484
scope_20260424_115654,sweep_3113,199,2976.93,0.8124996807793204,0.8395079803132759
scope_20260424_115654,sweep_3114,199,2962.82,0.8105718579147234,0.8507065512665763
scope_20260424_115654,sweep_3115,199,2976.49,0.8379525007386117,0.8478220239778
scope_20260424_115654,sweep_3116,199,2962.96,0.8360458236294718,0.6782459934844927
scope_20260424_115654,sweep_3117,199,2976.78,0.8379933206819792,0.8840241220150955
scope_20260424_115654,sweep_3118,199,2976.49,0.8379525007386117,0.718890416478638
scope_20260424_115654,sweep_3119,199,2976.63,0.8379722071664295,0.6979955973505687
scope_20260424_115654,sweep_3120,199,2976.49,0.864616415978104,0.6879577892384612
scope_20260424_115654,sweep_3121,199,2962.96,0.8626490677965795,0.6887286621799421
scope_20260424_115654,sweep_3122,199,2962.38,0.8625646318023441,0.845719532241406
scope_20260424_115654,sweep_3123,199,2976.78,0.8646585348250597,0.6290671506325065
scope_20260424_115654,sweep_3124,199,2976.63,0.8646367494707262,0.6770034161572049
scope_20260424_115654,sweep_3125,199,2976.78,0.8646585348250597,0.7889880881532139
scope_20260424_115654,sweep_3126,199,2962.96,0.8626490677965795,0.6158394179596879
scope_20260424_115654,sweep_3127,199,2976.49,0.8379525007386117,0.9124920817520439
scope_20260424_115654,sweep_3128,199,2976.49,0.8379525007386117,0.6224011543663391
scope_20260424_115654,sweep_3129,199,2976.78,0.8379933206819792,0.6962389931322754
scope_20260424_115654,sweep_3130,199,2962.67,0.8360049085948985,0.7690306286640086
scope_20260424_115654,sweep_3131,199,2976.63,0.8379722071664295,0.9312045188683895
scope_20260424_115654,sweep_3132,199,2976.93,0.8124996807793204,0.8426430831231122
scope_20260424_115654,sweep_3133,199,2962.67,0.8105513390648404,0.6516902652274128
scope_20260424_115654,sweep_3134,199,2976.63,0.8124587399366545,0.720807258329944
scope_20260424_115654,sweep_3135,199,2976.34,0.8124191618275937,0.8567369834167566
scope_20260424_115654,sweep_3136,199,2976.49,0.7880165207131923,0.701320521271304
scope_20260424_115654,sweep_3137,199,2976.63,0.7880350527787581,0.9362773902008205
scope_20260424_115654,sweep_3138,199,2962.67,0.7861849911414035,0.601975327625396
scope_20260424_115654,sweep_3139,199,2962.52,0.7628292090186541,0.8454185310352829
scope_20260424_115654,sweep_3140,199,2962.67,0.7628485207757038,0.5745352716138542
scope_20260424_115654,sweep_3141,199,2962.82,0.7628678320438824,0.7371153950039508
scope_20260424_115654,sweep_3142,199,2963.11,0.7629051657762781,0.8981530058138714
scope_20260424_115654,sweep_3143,199,2962.82,0.7628678320438824,0.6716517021592501
scope_20260424_115654,sweep_3144,199,2962.82,0.7405068677030799,0.7597834722780724
scope_20260424_115654,sweep_3145,199,2976.93,0.7422680515598963,0.9220029093377098
scope_20260424_115654,sweep_3146,199,2976.78,0.7422493508161255,0.7131190906096349
scope_20260424_115654,sweep_3147,199,2976.63,0.7422306496011833,0.7463981403937707
scope_20260424_115654,sweep_3148,199,2962.67,0.7404881224812869,0.7461727886855575
scope_20260424_115654,sweep_3149,199,2976.93,0.7422680515598963,0.7891087733024281
scope_20260424_115654,sweep_3150,199,2976.78,0.7422493508161255,0.6757680702077605
scope_20260424_115654,sweep_3151,199,2976.78,0.7422493508161255,0.6303765098822222
scope_20260424_115654,sweep_3152,199,2976.93,0.7422680515598963,0.7173482391720635
scope_20260424_115654,sweep_3153,199,2962.82,0.7405068677030799,0.8024627308655613
scope_20260424_115654,sweep_3154,199,2962.96,0.74052436281531,0.7262220839670807
scope_20260424_115654,sweep_3155,199,2976.49,0.7646256847260962,0.7242018079410774
scope_20260424_115654,sweep_3156,199,2962.96,0.7628858554531449,0.6556460502853074
scope_20260424_115654,sweep_3157,199,2976.78,0.7646629326334898,0.6892491841810952
scope_20260424_115654,sweep_3158,199,2976.63,0.7646436667010296,0.6506113270284509
scope_20260424_115654,sweep_3159,199,2976.63,0.7646436667010296,0.8137839295799908
scope_20260424_115654,sweep_3160,199,2976.78,0.7646629326334898,0.6066694534547572
scope_20260424_115654,sweep_3161,199,2962.52,0.7861650886140583,0.7625130134518062
scope_20260424_115654,sweep_3162,199,2962.67,0.7861849911414035,0.6962713906901936
scope_20260424_115654,sweep_3163,199,2976.63,0.7880350527787581,0.6169203423282448
scope_20260424_115654,sweep_3164,199,2976.49,0.7880165207131923,0.7057554680456763
scope_20260424_115654,sweep_3165,199,2976.93,0.7880747628803609,0.758731951748043
scope_20260424_115654,sweep_3166,199,2963.11,0.8106115262184057,0.703467080550033
scope_20260424_115654,sweep_3167,199,2962.52,0.8105308196955162,0.6783473591864184
scope_20260424_115654,sweep_3179,201,2647.84,0.8154871693895386,0.7142960538824518
scope_20260424_115654,sweep_3180,201,2647.6,0.8154502107070282,0.8381192093476658
scope_20260424_115654,sweep_3181,201,2647.49,0.8154332707510522,0.7806810692761884
scope_20260424_115654,sweep_3182,201,2647.37,0.7902682046350576,0.8171971995181725
scope_20260424_115654,sweep_3183,201,2647.72,0.7903204422766297,0.6574825607464349
scope_20260424_115654,sweep_3184,202,2658.75,0.7919649089630951,0.6121505175500656
scope_20260424_115654,sweep_3185,203,2647.37,0.7902682046350576,0.726819969438885
scope_20260424_115654,sweep_3186,203,2647.49,0.7902861150725754,0.5360078826725074
scope_20260424_115654,sweep_3187,203,2647.6,0.7662404484630829,0.6792021940884184
scope_20260424_115654,sweep_3188,203,2647.49,0.766224530778234,0.6902066306510289
scope_20260424_115654,sweep_3189,204,2459.02,0.7384479992923065,0.5949474934247594
scope_20260424_115654,sweep_3190,204,2459.02,0.7162491822563842,0.638514926646063
scope_20260424_115654,sweep_3191,204,2459.32,0.7162928720599252,0.5390872690275968
scope_20260424_115654,sweep_3192,204,2459.12,0.7162637458203356,0.693016614398466
scope_20260424_115654,sweep_3193,204,2459.22,0.695016891327756,0.5463453588837017
scope_20260424_115654,sweep_3194,204,2459.02,0.6949886290729459,0.6284710885302006
scope_20260424_115654,sweep_3195,204,2459.02,0.6949886290729459,0.760353846635111
scope_20260424_115654,sweep_3196,204,2459.42,0.6950451524333531,0.6150142913071853
scope_20260424_115654,sweep_3197,204,2459.22,0.6746447544117229,0.7338999420028184
scope_20260424_115654,sweep_3198,204,2459.32,0.6746584709132201,0.6726808320594567
scope_20260424_115654,sweep_3199,205,2254.2,0.6459109982850287,0.6593921539226709
scope_20260424_115654,sweep_3200,205,2270.75,0.6482777532181616,0.6831708385663365
scope_20260424_115654,sweep_3201,205,2271.09,0.6483262848015667,0.5884806116136665
scope_20260424_115654,sweep_3202,205,2270.66,0.648264906014392,0.6698757071432494
scope_20260424_115654,sweep_3203,205,2270.66,0.648264906014392,0.6264954237115391
scope_20260424_115654,sweep_3204,205,2270.83,0.629523206514889,0.6414096650244457
scope_20260424_115654,sweep_3205,205,2270.92,0.629535681364883,0.6761576622427785
scope_20260424_115654,sweep_3206,205,2270.58,0.6482534860639628,0.6440873055115452
scope_20260424_115654,sweep_3207,205,2270.75,0.6482777532181616,0.6796428682555534
scope_20260424_115654,sweep_3208,205,2270.83,0.6482891727411123,0.7249014290631994
scope_20260424_115654,sweep_3209,205,2270.66,0.648264906014392,0.5778495521414159
scope_20260424_115654,sweep_3210,206,2087.9,0.6216290532364379,0.5838722141198363
scope_20260424_115654,sweep_3211,206,2087.83,0.6216186326227948,0.6329005410044029
scope_20260424_115654,sweep_3212,206,2087.61,0.6215858809854604,0.6791827232641657
scope_20260424_115654,sweep_3213,206,2087.83,0.6216186326227948,0.6950442415541238
scope_20260424_115654,sweep_3214,206,2081.02,0.6393442969582656,0.6292801619253762
scope_20260424_115654,sweep_3215,206,2080.88,0.6393227907480814,0.6964708099863574
scope_20260424_115654,sweep_3216,206,2087.76,0.6403788129794509,0.6029375987938249
scope_20260424_115654,sweep_3217,206,2080.8,0.6393105011602994,0.39856428120711207
scope_20260424_115654,sweep_3218,206,2081.17,0.6393673385235694,0.6304682582326242
scope_20260424_115654,sweep_3219,206,2087.68,0.6403665436583086,0.5430123496806611
scope_20260424_115654,sweep_3220,206,2087.9,0.6599909125811514,0.5815860183553181
scope_20260424_115654,sweep_3221,207,1896.93,0.6290841760744021,0.7259740895685897
scope_20260424_115654,sweep_3222,207,1896.87,0.6290742270122232,0.7162789968884774
scope_20260424_115654,sweep_3223,207,1896.75,0.6290543284158048,0.5438328511240463
scope_20260424_115654,sweep_3224,207,1896.93,0.6485814751580482,0.5903515885554105
scope_20260424_115654,sweep_3225,207,1896.75,0.6485507024265453,0.635631611170126
scope_20260424_115654,sweep_3226,207,1896.93,0.6485814751580482,0.6001348831046082
scope_20260424_115654,sweep_3227,207,1896.87,0.6485712177431109,0.5301861614793041
scope_20260424_115654,sweep_3228,207,1896.87,0.6485712177431109,0.7130329072329543
scope_20260424_115654,sweep_3229,207,1896.87,0.668938160329456,0.6775102467879729
scope_20260424_115654,sweep_3230,207,1896.87,0.668938160329456,0.6086199728682211
scope_20260424_115654,sweep_3231,208,1713.89,0.6358558333857318,0.4274743332971334
scope_20260424_115654,sweep_3232,208,1709.5,0.6350409628583913,0.4896041297512651
scope_20260424_115654,sweep_3233,208,1713.89,0.6358558333857318,0.5972145472309488
scope_20260424_115654,sweep_3234,208,1713.99,0.6358743831922719,0.6197178898052365
scope_20260424_115654,sweep_3235,208,1709.3,0.6350038140114872,0.6950794484489183
scope_20260424_115654,sweep_3236,208,1709.35,0.6350131014269546,0.5831909148948354
scope_20260424_115654,sweep_3237,208,1713.89,0.6358558333857318,0.5066785291236845
scope_20260424_115654,sweep_3238,208,1709.4,0.6350223887065904,0.6403796978887379
scope_20260424_115654,sweep_3239,208,1709.4,0.6350223887065904,0.4892581169362793
scope_20260424_115654,sweep_3240,208,1713.99,0.6358743831922719,0.5043651940571178
scope_20260424_115654,sweep_3241,209,1499.14,0.5946867791735685,0.48250694108086495
scope_20260424_115654,sweep_3242,209,1521.34,0.5990738042264144,0.46112216876841544
scope_20260424_115654,sweep_3243,209,1521.22,0.5990501769392294,0.6122766674862599
scope_20260424_115654,sweep_3244,209,1521.22,0.5808110910511524,0.48378210456855064
scope_20260424_115654,sweep_3245,209,1521.26,0.580818727123161,0.49758957779858215
scope_20260424_115654,sweep_3246,209,1521.18,0.5808034548787492,0.5726738014979501
scope_20260424_115654,sweep_3247,209,1521.3,0.563365880872147,0.5706109263576371
scope_20260424_115654,sweep_3248,209,1521.14,0.5633362545949158,0.5173285731552432
scope_20260424_115654,sweep_3249,209,1521.22,0.5633510679282847,0.49827624086039307
scope_20260424_115654,sweep_3250,209,1521.11,0.5633306994944763,0.4814559100963322
scope_20260424_115654,sweep_3251,209,1521.14,0.5466146433209681,0.5187234306023787
scope_20260424_115654,sweep_3252,210,1337.91,0.512637200524415,0.4750220316355172
scope_20260424_115654,sweep_3253,210,1332.36,0.49657774248326614,0.5952823407874854
scope_20260424_115654,sweep_3254,210,1332.33,0.4965721518710689,0.49212350828155627
scope_20260424_115654,sweep_3255,210,1335.14,0.4970955330092178,0.443559713314192
scope_20260424_115654,sweep_3256,210,1332.3,0.4965665611959297,0.5843676891671562
scope_20260424_115654,sweep_3257,210,1335.05,0.48268988541051205,0.4942073831138952
scope_20260424_115654,sweep_3258,210,1335.05,0.48268988541051205,0.47068764478863684
scope_20260424_115654,sweep_3259,210,1335.05,0.48268988541051205,0.4289042513748839
scope_20260424_115654,sweep_3260,210,1335.05,0.48268988541051205,0.4806118450453128
scope_20260424_115654,sweep_3261,210,1334.91,0.48266457611286223,0.48506985607232955
scope_20260424_115654,sweep_3262,210,1335.02,0.48268446210130544,0.5257743434804374
scope_20260424_115654,sweep_3294,215,570.28,0.2887300889474979,0.2751376966453551
scope_20260424_115654,sweep_3295,215,597.67,0.30019392345931384,0.2648290980960843
scope_20260424_115654,sweep_3296,215,604.02,0.3123487571780059,0.21024643946654753
scope_20260424_115654,sweep_3297,215,609.94,0.31488755246918554,0.23187518565116194
scope_20260424_115654,sweep_3298,215,615.42,0.31723392192572936,0.25509206166319204
scope_20260424_115654,sweep_3299,215,620.93,0.3195895581290252,0.2803837857306064
scope_20260424_115654,sweep_3300,215,625.91,0.32171555258688894,0.247458677281942
scope_20260424_115654,sweep_3301,215,628.48,0.322811576484943,0.3050106322902443
scope_20260424_115654,sweep_3302,215,632.95,0.32471607810582714,0.2454782794332429
scope_20260424_115654,sweep_3303,215,637.46,0.3266353064054743,0.29327909911381495
scope_20260424_115654,sweep_3304,215,642.07,0.328594705536046,0.23448017111743005
scope_20260424_115654,sweep_3305,216,460.52,0.24938104424774238,0.24196496473628404
scope_20260424_115654,sweep_3306,216,466.02,0.25185058766813473,0.24679416544487076
scope_20260424_115654,sweep_3307,216,471.34,0.24649400122416576,0.2004966626501536
scope_20260424_115654,sweep_3308,216,478.19,0.24946366254667615,0.20934241332112216
scope_20260424_115654,sweep_3309,216,480.42,0.250428863823833,0.22245439020251778
scope_20260424_115654,sweep_3310,216,485.68,0.25270251845701835,0.2924780195982072
scope_20260424_115654,sweep_3311,216,492.97,0.24815562049571685,0.29969446296595065
scope_20260424_115654,sweep_3312,216,499.72,0.25097259177284853,0.18931348181351523
scope_20260424_115654,sweep_3313,216,506.26,0.24616526314923823,0.2607932401761337
scope_20260424_115654,sweep_3314,216,509.97,0.24766162049403703,0.19370841502666103
scope_20260424_115654,sweep_3315,216,515.04,0.24970352014225417,0.18275720316275598
scope_20260424_115654,sweep_3316,217,365.11,0.18217473695032058,0.14660031440655685
scope_20260424_115654,sweep_3317,217,365.11,0.18217473695032058,0.19298090432733614
scope_20260424_115654,sweep_3318,217,364.89,0.18208362246120416,0.25010469264753266
scope_20260424_115654,sweep_3319,217,364.91,0.17682090856116808,0.1856283954771175
scope_20260424_115654,sweep_3320,217,366.62,0.17750837159383542,0.19848649585986033
scope_20260424_115654,sweep_3321,217,375.23,0.18096158945191881,0.13400039086731994
scope_20260424_115654,sweep_3322,217,382.86,0.17874990499978913,0.20627719272788206
scope_20260424_115654,sweep_3323,217,387.64,0.18060025087715187,0.16401681620709288
scope_20260424_115654,sweep_3324,217,395.28,0.18354968424428067,0.20059539728203424
scope_20260424_115654,sweep_3325,217,400.88,0.18570541488415496,0.16994811917131555
scope_20260424_115654,sweep_3326,217,364.48,0.17159783208198387,0.23264957798410943
scope_20260424_115654,sweep_3327,217,364.47,0.17159392441811253,0.16772068859213982
scope_20260424_115654,sweep_3328,217,364.68,0.171675981532728,0.21916825989239655
scope_20260424_115654,sweep_3329,217,364.9,0.171761937513716,0.18172572529565678
scope_20260424_115654,sweep_3330,217,364.9,0.171761937513716,0.19227581181621642
scope_20260424_115654,sweep_3331,217,365.12,0.17184788468519682,0.22048128554107527
scope_20260424_115654,sweep_3332,217,364.91,0.17176584439439715,0.15987805166602068
scope_20260424_115654,sweep_3333,217,365.12,0.17184788468519682,0.21659376867581542
scope_20260424_115654,sweep_3334,217,364.89,0.1717580306148334,0.1974505778976967
scope_20260424_115654,sweep_3335,217,364.9,0.171761937513716,0.16017590174374516
scope_20260424_115654,sweep_3336,217,364.68,0.171675981532728,0.14184536626475694
scope_20260424_115654,sweep_3337,217,363.82,0.1713398871436474,0.18738006473474433
scope_20260424_115654,sweep_3338,217,364.67,0.1716720742332656,0.2374377014027794
scope_20260424_115654,sweep_3339,217,364.25,0.1765554255776144,0.21610800666762647
scope_20260424_115654,sweep_3340,217,364.46,0.1766399062995427,0.17497489141609898
scope_20260424_115654,sweep_3341,217,364.06,0.17647898350390256,0.11986518134243379
scope_20260424_115654,sweep_3342,217,364.27,0.17656347171731618,0.20937696044280776
scope_20260424_115654,sweep_3343,217,364.26,0.17655944865685314,0.24573606670881223
scope_20260424_115654,sweep_3344,217,364.69,0.17673242331033412,0.1481712787301153
scope_20260424_115654,sweep_3345,217,364.48,0.18191379325979914,0.1662068319776418
scope_20260424_115654,sweep_3346,217,364.45,0.18190136545815333,0.21091213098156253
scope_20260424_115654,sweep_3347,217,364.26,0.18182265200841496,0.16244000660118207
scope_20260424_115654,sweep_3348,217,364.67,0.18199249863267924,0.20040471232045134
scope_20260424_115654,sweep_3349,217,364.69,0.18200078300318986,0.21007916199543764
scope_20260424_115654,sweep_3350,217,363.62,0.1815574605877325,0.21816880645764988
scope_20260424_115654,sweep_3351,217,364.26,0.1873131207876195,0.18669664655933357
scope_20260424_115654,sweep_3352,217,364.46,0.1873984788483636,0.1475004314659766
scope_20260424_115654,sweep_3353,217,364.27,0.1873173888798467,0.2026355666807054
scope_20260424_115654,sweep_3354,217,364.26,0.1873131207876195,0.24025990253172305
scope_20260424_115654,sweep_3355,217,364.04,0.18721921771792538,0.17582756658150187
scope_20260424_115654,sweep_3356,217,364.48,0.18740701421641223,0.2233215711366057
scope_20260424_115654,sweep_3357,217,364.26,0.1930432585191866,0.17719015607160357
scope_20260424_115654,sweep_3358,217,364.25,0.19303885984026325,0.20941932807284247
scope_20260424_115654,sweep_3359,217,364.46,0.19313122778753064,0.1647858330454275
scope_20260424_115654,sweep_3360,217,364.46,0.19313122778753064,0.18415910018683238
scope_20260424_115654,sweep_3361,217,364.71,0.19324117783367037,0.19424036674275105
scope_20260424_115654,sweep_3362,217,364.25,0.19902174182683305,0.24911274439102232
scope_20260424_115654,sweep_3363,217,364.68,0.1992167280601225,0.17945308565317072
scope_20260424_115654,sweep_3364,217,364.26,0.19902627683466406,0.18410811479412797
scope_20260424_115654,sweep_3365,217,364.25,0.19902174182683305,0.2185207489189653
scope_20260424_115654,sweep_3366,217,364.46,0.1991169725475767,0.22502633278957282
scope_20260424_115654,sweep_3367,218,139.62,0.08979360827041517,0.13835227444305867
scope_20260424_115654,sweep_3368,218,139.62,0.08979360827041517,0.1435718543789067
scope_20260424_115654,sweep_3369,218,139.62,0.09261337765615543,0.13728778652951035
scope_20260424_115654,sweep_3370,218,139.62,0.09261337765615543,0.10824761912701499
scope_20260424_115654,sweep_3371,218,139.62,0.09261337765615543,0.13509004526226245
scope_20260424_115654,sweep_3372,218,139.62,0.09261337765615543,0.13215087930771954
scope_20260424_115654,sweep_3373,218,139.62,0.09261337765615543,0.1296497033152725
scope_20260424_115654,sweep_3374,218,139.62,0.09261337765615543,0.12692543998918793
scope_20260424_115654,sweep_3375,218,139.62,0.09261337765615543,0.1342281906573888
scope_20260424_115654,sweep_3376,218,139.62,0.09261337765615543,0.13746110296156
scope_20260424_115654,sweep_3377,218,139.62,0.09261337765615543,0.1226792100751025
scope_20260424_115654,sweep_3378,218,139.62,0.08979360827041517,0.1296047299792699
scope_20260424_115654,sweep_3379,218,139.62,0.08979360827041517,0.13354640796520942
scope_20260424_115654,sweep_3380,218,139.62,0.08979360827041517,0.12557638339831195
scope_20260424_115654,sweep_3381,218,139.62,0.08979360827041517,0.0781567239028871
scope_20260424_115654,sweep_3382,218,139.62,0.08709428227467746,0.07997862798786899
scope_20260424_115654,sweep_3383,218,139.62,0.08709428227467746,0.08217865038517509
scope_20260424_115654,sweep_3384,218,139.62,0.08709428227467746,0.0796533158967433
scope_20260424_115654,sweep_3385,218,139.62,0.08450904704349592,0.08337110374077228
scope_20260424_115654,sweep_3386,218,139.62,0.08450904704349592,0.08146348036290815
scope_20260424_115654,sweep_3387,218,139.62,0.08450904704349592,0.08810966542075196
scope_20260424_115654,sweep_3388,218,139.62,0.08203194195656113,0.08125264248697958
scope_20260424_115654,sweep_3389,218,139.62,0.08203194195656113,0.08058634571920177
scope_20260424_115654,sweep_3390,218,139.62,0.07965737098274805,0.08338693413908323
scope_20260424_115654,sweep_3391,218,139.62,0.07965737098274805,0.07643094642068159
scope_20260424_115654,sweep_3392,218,139.62,0.07965737098274805,0.07836980730912312
scope_20260424_115654,sweep_3393,218,139.62,0.07738007739257984,0.07783005413342758
scope_20260424_115654,sweep_3394,218,139.62,0.07738007739257984,0.08263238776374669
scope_20260424_115654,sweep_3395,218,139.62,0.0751951204183685,0.08221722441613162
scope_20260424_115654,sweep_3396,218,139.62,0.0751951204183685,0.08578597114878442
scope_20260424_115654,sweep_3397,218,139.62,0.07309785369789565,0.07116242203763727
scope_20260424_115654,sweep_3398,218,139.62,0.07309785369789565,0.08035351983327531
scope_20260424_115654,sweep_3399,218,139.62,0.07108390535247482,0.07212177426347004
scope_20260424_115654,sweep_3400,218,139.62,0.07108390535247482,0.06990869732902101
scope_20260424_115654,sweep_3401,218,139.62,0.07108390535247482,0.03847401830184632
scope_20260424_115654,sweep_3402,218,139.62,0.0691491595637216,0.04880684239319942
scope_20260424_115654,sweep_3403,218,139.62,0.0691491595637216,0.038840818933310234
scope_20260424_115654,sweep_3404,218,139.62,0.0691491595637216,0.03508714153592147
scope_20260424_115654,sweep_3405,218,139.62,0.06728973952555999,0.0491305238938654
scope_20260424_115654,sweep_3406,218,139.62,0.06728973952555999,0.07462074532744306
scope_20260424_115654,sweep_3407,218,139.62,0.06728973952555999,0.04988337090820697
scope_20260424_115654,sweep_3408,218,139.62,0.06550199165901675,0.05263920803067006
scope_20260424_115654,sweep_3409,218,139.62,0.06550199165901675,0.042382179473400367
scope_20260424_115654,sweep_3410,218,139.62,0.06550199165901675,0.036333176508557524
scope_20260424_115654,sweep_3411,218,139.62,0.06550199165901675,0.054347735721673854
scope_20260424_115654,sweep_3412,218,139.62,0.06550199165901675,0.054627898236333114
scope_20260424_115654,sweep_3413,218,139.62,0.06550199165901675,0.04765053595937496
scope_20260424_115654,sweep_3414,218,139.62,0.06550199165901675,0.034719953509954146
scope_20260424_115654,sweep_3415,218,139.62,0.06550199165901675,0.04726694043597491
scope_20260424_115654,sweep_3416,218,139.62,0.06550199165901675,0.04759234204886439
scope_20260424_115654,sweep_3417,218,139.62,0.06550199165901675,0.03980037913711566
scope_20260424_115654,sweep_3418,218,139.62,0.06550199165901675,0.05087390698686462
scope_20260424_115654,sweep_3419,218,139.62,0.06550199165901675,0.07590587775834465
scope_20260424_115654,sweep_3420,219,363.19,0.14483018709006482,0.21181973080298575
scope_20260424_115654,sweep_3421,219,364.05,0.14511477366808911,0.16463255517670128
scope_20260424_115654,sweep_3422,219,364.46,0.14525040842219109,0.15043361456812052
scope_20260424_115654,sweep_3423,219,364.06,0.1490787944066733,0.1981406068651504
scope_20260424_115654,sweep_3424,219,364.46,0.14921473227241952,0.16471379040727732
scope_20260424_115654,sweep_3425,219,364.04,0.14907199684708644,0.24410434330333602
scope_20260424_115654,sweep_3426,219,364.26,0.149146766511654,0.19589647277351782
scope_20260424_115654,sweep_3427,219,364.68,0.14928948728655403,0.2121591089603792
scope_20260424_115654,sweep_3428,219,363.84,0.15312145168465438,0.21042811311528323
scope_20260424_115654,sweep_3429,219,364.05,0.15319480194838808,0.2024908833759335
scope_20260424_115654,sweep_3430,219,364.03,0.15318781651894767,0.23438962581280726
scope_20260424_115654,sweep_3431,219,364.47,0.153341480902823,0.20462672580851596
scope_20260424_115654,sweep_3432,219,364.25,0.15755289192186805,0.19956919722638375
scope_20260424_115654,sweep_3433,219,364.48,0.15763545948036606,0.2538412910166429
scope_20260424_115654,sweep_3434,219,364.48,0.15763545948036606,0.21421285821853997
scope_20260424_115654,sweep_3435,219,364.26,0.15755648199997763,0.20507317545434794
scope_20260424_115654,sweep_3436,219,364.25,0.16201667854739096,0.18538735694579866
scope_20260424_115654,sweep_3437,219,364.05,0.16194283908515353,0.17110409738172003
scope_20260424_115654,sweep_3438,219,364.06,0.16194653122201966,0.17915626521322725
scope_20260424_115654,sweep_3439,219,363.84,0.16186530022740114,0.20659965752685774
scope_20260424_115654,sweep_3440,219,364.26,0.16202037033955005,0.15616860616074568
scope_20260424_115654,sweep_3441,219,364.25,0.1666651349779082,0.15222763959221824
scope_20260424_115654,sweep_3442,219,363.63,0.16642964205989919,0.23552278928481007
scope_20260424_115654,sweep_3443,219,364.05,0.1665891769712953,0.22950322518127542
scope_20260424_115654,sweep_3444,219,364.04,0.16658537888477626,0.20085797152028112
scope_20260424_115654,sweep_3445,219,364.05,0.1714297860696836,0.21496033964256386
scope_20260424_115654,sweep_3446,219,364.26,0.17151185926557172,0.21180824838807547
scope_20260424_115654,sweep_3447,219,364.02,0.1714180606704976,0.2398630370368902
scope_20260424_115654,sweep_3448,219,364.25,0.17150795120058024,0.14684692435590624
scope_20260424_115654,sweep_3449,219,364.26,0.17655944865685314,0.16404733514257772
scope_20260424_115654,sweep_3450,219,364.47,0.17664392898461934,0.22244311055164898
scope_20260424_115654,sweep_3451,219,364.04,0.17647093657535737,0.2428662785430036
scope_20260424_115654,sweep_3452,219,364.68,0.17672840103790427,0.19829640636372184
scope_20260424_115654,sweep_3453,219,364.69,0.17673242331033412,0.18621646552958543
scope_20260424_115654,sweep_3454,219,364.47,0.17664392898461934,0.13619833396697706
scope_20260424_115654,sweep_3455,219,364.69,0.17673242331033412,0.20902130433915717
scope_20260424_115654,sweep_3456,219,364.27,0.18182679499553997,0.24697224036522616
scope_20260424_115654,sweep_3457,219,364.27,0.17656347171731618,0.17132526438423615
scope_20260424_115654,sweep_3458,219,364.04,0.18173150139872077,0.23005692853697327
scope_20260424_115654,sweep_3459,219,364.27,0.17656347171731618,0.15476154145184978
scope_20260424_115654,sweep_3460,219,364.05,0.17647496004902413,0.2630605130909328
scope_20260424_115654,sweep_3461,219,364.25,0.1765554255776144,0.24331226248931778
scope_20260424_115654,sweep_3462,219,364.04,0.17647093657535737,0.19680665987420123
scope_20260424_115654,sweep_3463,219,363.84,0.1763904631555437,0.18270795997566378
scope_20260424_115654,sweep_3464,219,363.18,0.17108968273905306,0.16847379770488907
scope_20260424_115654,sweep_3465,219,364.04,0.17142587762154024,0.19585055215984604
scope_20260424_115654,sweep_3466,219,363.83,0.17134379599346541,0.14695390962821275
scope_20260424_115654,sweep_3467,219,364.25,0.1666651349779082,0.18556957274458352
scope_20260424_115654,sweep_3468,219,364.04,0.16658537888477626,0.2177682613699452
scope_20260424_115654,sweep_3469,219,364.05,0.1665891769712953,0.18385307926954636
scope_20260424_115654,sweep_3470,219,364.48,0.16675247792105577,0.1827549387447935
scope_20260424_115654,sweep_3471,219,364.48,0.16210158540895622,0.19237671152387872
scope_20260424_115654,sweep_3472,220,519.78,0.21763479375588357,0.2292040915874134
scope_20260424_115654,sweep_3473,220,509.96,0.2083146039439406,0.25655029889749614
scope_20260424_115654,sweep_3474,220,515.48,0.210184436371806,0.34829611909755176
scope_20260424_115654,sweep_3475,220,518.9,0.21134121053386065,0.2650944496942662
scope_20260424_115654,sweep_3476,220,524.57,0.21325617105572867,0.269512647098127
scope_20260424_115654,sweep_3477,220,528.61,0.20877703766639738,0.2843488763597671
scope_20260424_115654,sweep_3478,220,533.55,0.21039514949234178,0.3305820119968067
scope_20260424_115654,sweep_3479,220,537.28,0.21161523446527222,0.2892140890350153
scope_20260424_115654,sweep_3480,220,541.02,0.21283714554914765,0.16500098428714938
scope_20260424_115654,sweep_3481,220,543.84,0.21375752992783162,0.2622365233315889
scope_20260424_115654,sweep_3482,220,545.78,0.21439023100828478,0.3592404326175224
scope_20260424_115654,sweep_3494,222,905.73,0.3355627222025395,0.37848863273125877
scope_20260424_115654,sweep_3495,222,900.31,0.3338951920339433,0.39378255480988716
scope_20260424_115654,sweep_3496,222,893.88,0.3319147074780369,0.43272186912219546
scope_20260424_115654,sweep_3497,222,887.46,0.3392825964440431,0.33422143353139205
scope_20260424_115654,sweep_3498,222,882.47,0.33769843512152603,0.3730224945178563
scope_20260424_115654,sweep_3499,222,878.71,0.33650375247605424,0.37357290014565214
scope_20260424_115654,sweep_3500,222,873.74,0.33492327603140987,0.5093814787257713
scope_20260424_115654,sweep_3501,222,868.91,0.33338585508627333,0.3595892278215218
scope_20260424_115654,sweep_3502,222,865.29,0.34176479282428346,0.3724955283948988
scope_20260424_115654,sweep_3503,222,860.49,0.34019048323709516,0.4299030747215082
scope_20260424_115654,sweep_3504,223,1070.85,0.4080820044344889,0.5163348229978528
scope_20260424_115654,sweep_3515,225,1160.72,0.4500732139504804,0.6636742842855051
scope_20260424_115654,sweep_3516,225,1154.27,0.46220023398741505,0.45631360586585873
scope_20260424_115654,sweep_3517,226,1143.71,0.46008112447331767,0.5723690682067573
scope_20260424_115654,sweep_3518,226,1143.75,0.4600891698187608,0.4719048647670643
scope_20260424_115654,sweep_3519,226,1143.75,0.4600891698187608,0.4945843282606467
scope_20260424_115654,sweep_3520,226,1143.6,0.4600589990478952,0.5058987787164833
scope_20260424_115654,sweep_3521,226,1143.64,0.46006704478025306,0.5744089646609277
scope_20260424_115654,sweep_3522,226,1143.77,0.46009319243872604,0.5085105938704081
scope_20260424_115654,sweep_3523,226,1143.64,0.4467495269391949,0.5727354619993447
scope_20260424_115654,sweep_3524,226,1145.67,0.44714584896849513,0.40939348779506624
scope_20260424_115654,sweep_3525,226,1143.73,0.44676710531456354,0.5618132685450543
scope_20260424_115654,sweep_3526,227,1332.5,0.48222868638515254,0.3298191651984016
scope_20260424_115654,sweep_3527,227,1335.05,0.48268988541051205,0.47518069807189234
scope_20260424_115654,sweep_3528,227,1332.21,0.46839146032170437,0.38558084519475766
scope_20260424_115654,sweep_3529,227,1332.24,0.4683967341391591,0.6614465464921377
scope_20260424_115654,sweep_3530,227,1332.27,0.468402007897235,0.4981960086557521
scope_20260424_115654,sweep_3531,227,1332.39,0.46842310233579104,0.5809463532217803
scope_20260424_115654,sweep_3532,227,1332.33,0.45518613683589454,0.3205353290201499
scope_20260424_115654,sweep_3533,227,1332.3,0.4551810121066697,0.6318676143220833
scope_20260424_115654,sweep_3534,227,1332.42,0.4552015106773993,0.5364575439106377
scope_20260424_115654,sweep_3535,227,1332.27,0.44248057896561277,0.5087466493486952
scope_20260424_115654,sweep_3547,229,1713.99,0.48805513431027064,0.6893311960413289
scope_20260424_115654,sweep_3548,229,1709.4,0.4874011996745438,0.6451046017771401
scope_20260424_115654,sweep_3549,229,1709.35,0.48739407137274415,0.5991432663355832
scope_20260424_115654,sweep_3550,229,1709.26,0.48738124016677836,0.6275603146430191
scope_20260424_115654,sweep_3551,229,1709.26,0.48738124016677836,0.6900609776155736
scope_20260424_115654,sweep_3552,229,1713.99,0.48805513431027064,0.6542311557648108
scope_20260424_115654,sweep_3553,229,1713.89,0.48804089670523154,0.6227388573275839
scope_20260424_115654,sweep_3554,229,1709.26,0.5011897195596297,0.7457281927384138
scope_20260424_115654,sweep_3555,229,1709.4,0.5012102445599274,0.6411295520941008
scope_20260424_115654,sweep_3556,229,1713.89,0.50186806547914,0.6278523094155709
scope_20260424_115654,sweep_3557,230,1920.31,0.5312314291172453,0.8074332587105745
scope_20260424_115654,sweep_3558,230,1896.87,0.5279792726947594,0.5581927186785264
scope_20260424_115654,sweep_3559,230,1896.99,0.5431448224478423,0.7865982909335769
scope_20260424_115654,sweep_3560,230,1896.99,0.5431448224478423,0.684898133268325
scope_20260424_115654,sweep_3561,230,1897.11,0.5431620013333338,0.7158205350191389
scope_20260424_115654,sweep_3562,230,1902.65,0.5439545025218264,0.8926901013448305
scope_20260424_115654,sweep_3563,230,1902.59,0.5597514518344475,0.7155904481492967
scope_20260424_115654,sweep_3564,230,1902.65,0.5597602779142467,0.7190071443808228
scope_20260424_115654,sweep_3565,230,1902.65,0.5597602779142467,0.9025436620289582
scope_20260424_115654,sweep_3566,230,1896.99,0.5589270708332614,0.7461575250235352
scope_20260424_115654,sweep_3567,230,1902.53,0.5762158359870703,0.6196575992368691
scope_20260424_115654,sweep_3568,231,2108.89,0.606661446953873,0.8207344165456258
scope_20260424_115654,sweep_3569,231,2080.88,0.6026191810461933,0.7601328847703868
scope_20260424_115654,sweep_3570,231,2087.68,0.6036030119577108,0.8371599810482092
scope_20260424_115654,sweep_3571,231,2087.83,0.6036246960341779,0.6403241591545256
scope_20260424_115654,sweep_3572,231,2080.8,0.6205712140666948,0.7742148214872376
scope_20260424_115654,sweep_3573,231,2087.83,0.6216186326227948,0.7077576435385168
scope_20260424_115654,sweep_3574,231,2081.09,0.6206144569016829,0.7270860631538534
scope_20260424_115654,sweep_3575,231,2087.97,0.6216394736753992,0.7125942936183519
scope_20260424_115654,sweep_3576,231,2080.88,0.6205831434255845,0.6437298467133149
scope_20260424_115654,sweep_3577,231,2081.02,0.6206040192518688,0.753208648632109
scope_20260424_115654,sweep_3589,233,2459.12,0.6363740837805986,0.8211672905926347
scope_20260424_115654,sweep_3590,233,2459.02,0.6363611445878499,0.6778403934375852
scope_20260424_115654,sweep_3591,233,2459.32,0.6184301352813986,0.6416649215674582
scope_20260424_115654,sweep_3592,233,2459.42,0.6184427083473032,0.6740839480899663
scope_20260424_115654,sweep_3593,233,2459.02,0.6183924145498819,0.8343115478937688
scope_20260424_115654,sweep_3594,233,2458.92,0.6183798404613903,0.5843282642512669
scope_20260424_115654,sweep_3595,233,2459.22,0.6011692808900583,0.614838749592988
scope_20260424_115654,sweep_3596,233,2468.53,0.6023061452008786,0.8047775273766065
scope_20260424_115654,sweep_3597,233,2468.73,0.6023305440919596,0.6833974668916819
scope_20260424_115654,sweep_3598,233,2459.32,0.6011815035291398,0.6879721486407387
scope_20260424_115654,sweep_3599,233,2459.42,0.6011937259197273,0.6997354655507086
scope_20260424_115654,sweep_3600,234,2647.6,0.6237697011850508,0.5687143611348542
scope_20260424_115654,sweep_3601,234,2647.49,0.6237567431513923,0.5384039980749692
scope_20260424_115654,sweep_3602,234,2647.25,0.6237284701435255,0.5494915985912028
scope_20260424_115654,sweep_3603,235,2658.63,0.6250676746176996,0.7030618046087372
scope_20260424_115654,sweep_3604,235,2658.75,0.6250817809947776,0.6663739614225406
scope_20260424_115654,sweep_3607,237,2658.87,0.6250958870535204,0.8097915171442684
scope_20260424_115654,sweep_3608,238,2647.6,0.6237697011850508,0.5611348382687584
scope_20260424_115654,sweep_3609,238,2647.49,0.6237567431513923,0.8741759403853185
scope_20260424_115654,sweep_3610,239,2853.75,0.6475988243669911,0.7880105453395697
scope_20260424_115654,sweep_3611,240,2841.04,0.6461550808213726,0.7957753563908714
scope_20260424_115654,sweep_3612,240,2840.77,0.6646624738900831,0.7107270063134772
scope_20260424_115654,sweep_3613,240,2840.64,0.6646472654940916,0.7874211454501656
scope_20260424_115654,sweep_3614,240,2840.77,0.6646624738900831,0.7702975216530377
scope_20260424_115654,sweep_3615,240,2840.51,0.664632056750095,0.8974031626212524
scope_20260424_115654,sweep_3616,240,2840.91,0.6839925344262471,0.8213605354122132
scope_20260424_115654,sweep_3617,240,2840.91,0.6839925344262471,0.6895545175037653
scope_20260424_115654,sweep_3618,240,2840.91,0.6839925344262471,0.6328936962723768
scope_20260424_115654,sweep_3619,240,2828.05,0.6824426576254793,0.6630317191501219
scope_20260424_115654,sweep_3620,240,2827.92,0.7025107795400367,0.7968522262594652
scope_20260424_115654,sweep_3621,241,2962.67,0.7190532818550769,0.5612888295767551
scope_20260424_115654,sweep_3622,241,2976.63,0.7207453682049354,0.7104451779010321
scope_20260424_115654,sweep_3623,241,2976.93,0.7422680515598963,0.5743061122159399
scope_20260424_115654,sweep_3624,241,2962.67,0.7404881224812869,0.5550939811388771
scope_20260424_115654,sweep_3625,241,2962.82,0.7405068677030799,0.8277604588344905
scope_20260424_115654,sweep_3626,241,2976.63,0.7422306496011833,0.7822471513783176
scope_20260424_115654,sweep_3627,241,2976.63,0.7422306496011833,0.5239699060987961
scope_20260424_115654,sweep_3628,241,2962.67,0.7404881224812869,0.7224406330399858
scope_20260424_115654,sweep_3629,241,2976.63,0.7422306496011833,0.6631627878680855
scope_20260424_115654,sweep_3630,241,2962.67,0.7404881224812869,0.6734707341673267
scope_20260424_115654,sweep_3631,241,2962.67,0.7404881224812869,0.6678413657053719
scope_20260424_115654,sweep_3632,241,2976.49,0.7422131947087711,0.7737559496275854
scope_20260424_115654,sweep_3633,241,2976.63,0.7422306496011833,0.5871727679436837
scope_20260424_115654,sweep_3634,241,2976.78,0.7422493508161255,0.6771157967382333
scope_20260424_115654,sweep_3635,241,2976.34,0.7421944925827968,0.6445632765715316
scope_20260424_115654,sweep_3636,241,2962.96,0.74052436281531,0.6201016234869836
scope_20260424_115654,sweep_3637,241,2962.67,0.7404881224812869,0.5608978797497177
scope_20260424_115654,sweep_3638,241,2976.34,0.7207102578203881,0.636048733771366
scope_20260424_115654,sweep_3639,241,2963.11,0.7191066748583461,0.6671158714129478
scope_20260424_115654,sweep_3640,241,2962.82,0.7190714844606826,0.6482914796252147
scope_20260424_115654,sweep_3641,241,2962.67,0.7190532818550769,0.6258400805422271
scope_20260424_115654,sweep_3642,241,2962.67,0.7190532818550769,0.7023294823780971
scope_20260424_115654,sweep_3643,241,2976.93,0.700175540232353,0.8027509710420654
scope_20260424_115654,sweep_3644,241,2962.52,0.6984788646451419,0.6248435030424351
scope_20260424_115654,sweep_3645,241,2962.82,0.6985142295295638,0.867511429844883
scope_20260424_115654,sweep_3646,241,2962.96,0.6985307325295669,0.7550707399264089
scope_20260424_115654,sweep_3647,241,2976.78,0.6803877609605984,0.6426028315191255
scope_20260424_115654,sweep_3648,241,2976.93,0.680404903120667,0.8862561900692452
scope_20260424_115654,sweep_3649,241,2976.93,0.680404903120667,0.828119421858945
scope_20260424_115654,sweep_3650,241,2963.11,0.6788237214273231,0.9098581927284943
scope_20260424_115654,sweep_3651,241,2962.23,0.6787229136217432,0.6689126316209306
scope_20260424_115654,sweep_3652,241,2976.63,0.6613944049181668,0.8418730551930993
scope_20260424_115654,sweep_3653,241,2962.67,0.6598416562030108,0.8153562226509027
scope_20260424_115654,sweep_3654,241,2962.82,0.6598583598851068,0.8271264128190499
scope_20260424_115654,sweep_3655,241,2976.49,0.6613788510358445,0.841013930690612
scope_20260424_115654,sweep_3656,241,2976.34,0.661362185756007,0.6302787234975425
scope_20260424_115654,sweep_3657,241,2962.67,0.6598416562030108,0.7679935105493444
scope_20260424_115654,sweep_3658,241,2962.82,0.6598583598851068,0.7058460519619637
scope_20260424_115654,sweep_3659,241,2962.52,0.6598249520980558,0.7529310112521852
scope_20260424_115654,sweep_3660,241,2976.34,0.661362185756007,0.7289139252843281
scope_20260424_115654,sweep_3661,241,2962.67,0.6598416562030108,0.6674525482886994
scope_20260424_115654,sweep_3662,241,2962.82,0.6598583598851068,0.7047548299412515
scope_20260424_115654,sweep_3663,241,2962.67,0.6598416562030108,0.5978628211025987
scope_20260424_115654,sweep_3664,241,2976.78,0.6614110693861924,0.6269472203436416
scope_20260424_115654,sweep_3665,241,2962.67,0.6598416562030108,0.6709722066459853
scope_20260424_115654,sweep_3666,241,2976.49,0.6803546182264204,0.8152887154766316
scope_20260424_115654,sweep_3667,241,2976.93,0.680404903120667,0.6389430641193736
scope_20260424_115654,sweep_3668,241,2962.38,0.6787400978289526,0.50479105006522
scope_20260424_115654,sweep_3669,241,2962.82,0.6787905023271039,0.5619882262851719
scope_20260424_115654,sweep_3670,241,2962.82,0.6787905023271039,0.8655974503940866
scope_20260424_115654,sweep_3671,241,2962.82,0.6985142295295638,0.5830925343112
scope_20260424_115654,sweep_3672,241,2962.67,0.6984965473111684,0.6413741050347372
scope_20260424_115654,sweep_3673,241,2976.49,0.7001237942016686,0.7463828907325284
scope_20260424_115654,sweep_3674,241,2976.63,0.7001402592626378,0.6255449922925098
scope_20260424_115654,sweep_3675,241,2962.96,0.7190884731435305,0.9110417058462492
scope_20260424_115654,sweep_3676,241,2976.63,0.7207453682049354,0.6006634590323044
scope_20260424_115654,sweep_3677,241,2962.96,0.7190884731435305,0.7834388068984652
scope_20260424_115654,sweep_3678,241,2976.93,0.7422680515598963,0.6034151374453572
scope_20260424_115654,sweep_3679,241,2976.78,0.7422493508161255,0.7811097108205616
scope_20260424_115654,sweep_3680,241,2962.67,0.7404881224812869,0.779613787198446
scope_20260424_115654,sweep_3681,241,2976.63,0.7422306496011833,0.6385250020031868
scope_20260424_115654,sweep_3682,241,2962.82,0.7405068677030799,0.9177042895060038
scope_20260424_115654,sweep_3683,241,2976.49,0.7422131947087711,1.0301659344106242
scope_20260424_115654,sweep_3684,241,2962.67,0.7404881224812869,1.0576217538253603
scope_20260424_115654,sweep_3685,241,2976.34,0.7421944925827968,0.7953462110273339
scope_20260424_115654,sweep_3686,241,2962.82,0.7405068677030799,0.9463978928362815
scope_20260424_115654,sweep_3687,241,2976.93,0.7422680515598963,0.8271999216994519
scope_20260424_115654,sweep_3688,241,2962.67,0.7404881224812869,0.9578089768024804
scope_20260424_115654,sweep_3689,241,2976.78,0.7422493508161255,0.6746994928923626
scope_20260424_115654,sweep_3690,241,2962.96,0.74052436281531,0.8250311867641363
scope_20260424_115654,sweep_3691,241,2962.82,0.7405068677030799,0.8502024458413239
scope_20260424_115654,sweep_3692,241,2962.67,0.7190532818550769,0.8445791462747926
scope_20260424_115654,sweep_3693,241,2962.82,0.7190714844606826,0.8005527867349637
scope_20260424_115654,sweep_3694,241,2962.82,0.7190714844606826,0.902109518295737
scope_20260424_115654,sweep_3695,241,2962.82,0.7190714844606826,0.7637570889227532
scope_20260424_115654,sweep_3696,241,2962.82,0.7190714844606826,0.7755567137896436
scope_20260424_115654,sweep_3697,241,2962.67,0.6984965473111684,0.7345402492619535
scope_20260424_115654,sweep_3698,241,2962.67,0.6984965473111684,0.7954160390958195
scope_20260424_115654,sweep_3699,241,2976.78,0.7001578999697214,0.7809286617907025
scope_20260424_115654,sweep_3700,241,2976.93,0.700175540232353,0.6994195303118227
scope_20260424_115654,sweep_3701,241,2962.67,0.6984965473111684,0.7500389346418327
scope_20260424_115654,sweep_3702,241,2962.67,0.6787733193959631,0.7863588757005167
scope_20260424_115654,sweep_3703,241,2976.63,0.6803706183686274,0.8438977324114484
scope_20260424_115654,sweep_3704,241,2976.34,0.6803374747993457,0.6444336577463238
scope_20260424_115654,sweep_3705,241,2962.82,0.6787905023271039,0.8730777074356518
scope_20260424_115654,sweep_3706,241,2976.63,0.6613944049181668,0.7998435544876545
scope_20260424_115654,sweep_3707,241,2962.67,0.6598416562030108,0.8306999518511916
scope_20260424_115654,sweep_3708,241,2962.96,0.6598739496069117,0.7100201495358516
scope_20260424_115654,sweep_3709,241,2976.93,0.6614277334343619,0.7150865607725047
scope_20260424_115654,sweep_3710,241,2976.78,0.6614110693861924,0.7275205487777462
scope_20260424_115654,sweep_3711,241,2962.67,0.6598416562030108,0.815512056213786
scope_20260424_115654,sweep_3712,241,2962.67,0.6598416562030108,0.6117492873069478
scope_20260424_115654,sweep_3713,241,2976.63,0.6613944049181668,0.8073951148426681
scope_20260424_115654,sweep_3714,241,2976.93,0.6614277334343619,0.7357469967120598
scope_20260424_115654,sweep_3715,241,2962.82,0.6598583598851068,0.6291305596664508
scope_20260424_115654,sweep_3716,241,2962.82,0.6598583598851068,1.1964576405515503
scope_20260424_115654,sweep_3717,241,2976.78,0.6614110693861924,0.6091981956654345
scope_20260424_115654,sweep_3718,241,2962.52,0.6598249520980558,1.0695211478459736
scope_20260424_115654,sweep_3719,241,2976.93,0.6614277334343619,0.7387213662688018
scope_20260424_115654,sweep_3720,241,2976.93,0.680404903120667,0.7352032733072228
scope_20260424_115654,sweep_3721,241,2962.82,0.6787905023271039,0.7505094533762469
scope_20260424_115654,sweep_3722,241,2962.67,0.6787733193959631,0.6665919962083717
scope_20260424_115654,sweep_3723,241,2976.78,0.6803877609605984,0.6376895670697926
scope_20260424_115654,sweep_3724,241,2976.93,0.700175540232353,0.5506965990589459
scope_20260424_115654,sweep_3725,241,2976.93,0.700175540232353,0.6577226072387984
scope_20260424_115654,sweep_3726,241,2976.63,0.7001402592626378,0.7304442429146311
scope_20260424_115654,sweep_3727,241,2962.96,0.6985307325295669,1.074682812188004
scope_20260424_115654,sweep_3728,241,2962.38,0.719018088844237,0.9048302425929737
scope_20260424_115654,sweep_3729,241,2962.96,0.7190884731435305,0.867548710412344
scope_20260424_115654,sweep_3730,241,2976.63,0.7207453682049354,0.6585406984987942
scope_20260424_115654,sweep_3731,241,2962.67,0.7190532818550769,0.734748435125396
scope_20260424_115654,sweep_3732,241,2976.63,0.7422306496011833,0.7642995969539983
scope_20260424_115654,sweep_3733,241,2976.49,0.7422131947087711,0.6452329387571393
scope_20260424_115654,sweep_3734,241,2976.78,0.7422493508161255,0.7562016770118372
scope_20260424_115654,sweep_3735,241,2962.96,0.74052436281531,0.6317256499023752
scope_20260424_115654,sweep_3736,241,2976.78,0.7422493508161255,0.8162111371075681
scope_20260424_115654,sweep_3737,241,2962.82,0.7405068677030799,0.7545995177285311
scope_20260424_115654,sweep_3738,241,2962.67,0.7404881224812869,0.6353601554695215
scope_20260424_115654,sweep_3739,241,2976.78,0.7422493508161255,0.7289710822413086
scope_20260424_115654,sweep_3740,241,2976.63,0.7422306496011833,1.0253184953233487
scope_20260424_115654,sweep_3741,241,2976.78,0.7422493508161255,0.7392304665639727
scope_20260424_115654,sweep_3742,241,2962.52,0.7404693767849527,0.6488519172304668
scope_20260424_115654,sweep_3743,241,2976.63,0.7422306496011833,0.9684785325619362
scope_20260424_115654,sweep_3744,241,2977.22,0.7423042049952864,0.8272570862169663
scope_20260424_115654,sweep_3745,241,2976.78,0.7422493508161255,0.8082703945217039
scope_20260424_115654,sweep_3746,241,2962.96,0.7190884731435305,0.7753218694684084
scope_20260424_115654,sweep_3747,241,2962.96,0.7190884731435305,0.9194271929504063
scope_20260424_115654,sweep_3748,241,2962.67,0.7190532818550769,0.6003423250454393
scope_20260424_115654,sweep_3749,241,2976.78,0.7207635280775526,0.7192975677841125
scope_20260424_115654,sweep_3750,241,2962.82,0.7190714844606826,0.8902919629306052
scope_20260424_115654,sweep_3751,241,2962.82,0.6985142295295638,0.6930567525330533
scope_20260424_115654,sweep_3752,241,2976.63,0.7001402592626378,0.6723056923682755
scope_20260424_115654,sweep_3753,241,2962.96,0.6985307325295669,0.9100630798290916
scope_20260424_115654,sweep_3754,241,2976.63,0.7001402592626378,0.5150864212537722
scope_20260424_115654,sweep_3755,241,2976.93,0.700175540232353,0.7811198767578386
scope_20260424_115654,sweep_3756,241,2976.93,0.680404903120667,0.67151062339825
scope_20260424_115654,sweep_3757,241,2976.63,0.6803706183686274,0.847730883690882
scope_20260424_115654,sweep_3758,241,2962.82,0.6787905023271039,0.7646772369704521
scope_20260424_115654,sweep_3759,241,2976.78,0.6803877609605984,1.061393707790679
scope_20260424_115654,sweep_3760,241,2977.08,0.6804220448488659,0.8379894399356678
scope_20260424_115654,sweep_3761,241,2962.82,0.6598583598851068,0.7666372634185217
scope_20260424_115654,sweep_3762,241,2963.11,0.659890652471571,0.6626220753278804
scope_20260424_115654,sweep_3763,241,2962.67,0.6598416562030108,0.7385800585659081
scope_20260424_115654,sweep_3764,241,2976.49,0.6613788510358445,0.7495541997597625
scope_20260424_115654,sweep_3765,241,2976.78,0.6614110693861924,0.7969468056336979
scope_20260424_115654,sweep_3766,241,2976.63,0.6613944049181668,0.6255435762086128
scope_20260424_115654,sweep_3767,241,2962.67,0.6598416562030108,0.8158986482971804
scope_20260424_115654,sweep_3768,241,2963.26,0.6599073549134654,0.71526655891833
scope_20260424_115654,sweep_3769,241,2962.96,0.6598739496069117,0.7801446062379316
scope_20260424_115654,sweep_3770,241,2976.63,0.6613944049181668,0.9271610311727185
scope_20260424_115654,sweep_3771,241,2962.67,0.6598416562030108,0.8354360367769278
scope_20260424_115654,sweep_3772,241,2976.34,0.661362185756007,0.6085625555637013
scope_20260424_115654,sweep_3773,241,2976.49,0.6803546182264204,0.7968538568962552
scope_20260424_115654,sweep_3774,241,2962.82,0.6787905023271039,0.6437160951801106
scope_20260424_115654,sweep_3775,241,2976.63,0.6803706183686274,0.6045337891547921
scope_20260424_115654,sweep_3776,241,2962.82,0.6787905023271039,0.5429260661039631
scope_20260424_115654,sweep_3777,241,2976.78,0.6803877609605984,0.4793715674781264
scope_20260424_115654,sweep_3778,241,2963.11,0.6985484138826384,0.5564709792812875
scope_20260424_115654,sweep_3779,241,2976.49,0.7001237942016686,0.5130241794134693
scope_20260424_115654,sweep_3780,241,2976.49,0.7001237942016686,0.6801959366541019
scope_20260424_115654,sweep_3781,241,2976.63,0.7001402592626378,0.6270749768561958
scope_20260424_115654,sweep_3782,241,2962.67,0.7190532818550769,0.5977602486066924
scope_20260424_115654,sweep_3783,241,2962.96,0.7190884731435305,0.6859929612400331
scope_20260424_115654,sweep_3784,241,2962.67,0.7190532818550769,1.082276978286938
scope_20260424_115654,sweep_3785,241,2976.78,0.7207635280775526,0.8023669946939026
scope_20260424_115654,sweep_3786,241,2962.67,0.7404881224812869,0.7937226136689147
scope_20260424_115654,sweep_3787,241,2976.63,0.7422306496011833,0.7786139926797808
scope_20260424_115654,sweep_3788,241,2962.67,0.7404881224812869,0.697746307602409
scope_20260424_115654,sweep_3789,241,2976.63,0.7422306496011833,0.568939690289552
scope_20260424_115654,sweep_3790,241,2962.52,0.7404693767849527,0.8981325305929861
scope_20260424_115654,sweep_3791,241,2962.82,0.7405068677030799,0.8418315648616455
scope_20260424_115654,sweep_3792,241,2962.52,0.7404693767849527,1.1367309013925695
scope_20260424_115654,sweep_3793,241,2976.78,0.7422493508161255,0.761927213936328
scope_20260424_115654,sweep_3794,241,2976.78,0.7422493508161255,0.5842115363580409
scope_20260424_115654,sweep_3795,241,2962.82,0.7405068677030799,0.5556574338959197
scope_20260424_115654,sweep_3796,241,2962.67,0.7404881224812869,0.8200341058609427
scope_20260424_115654,sweep_3797,241,2962.96,0.74052436281531,0.6642500169205204
scope_20260424_115654,sweep_3798,241,2962.67,0.7404881224812869,0.9408487495994907
scope_20260424_115654,sweep_3799,241,2976.78,0.7422493508161255,0.5947080526315262
scope_20260424_115654,sweep_3800,241,2976.78,0.7207635280775526,0.8911802154239199
scope_20260424_115654,sweep_3801,241,2976.49,0.720728418577666,0.6559075635560873
scope_20260424_115654,sweep_3802,241,2962.82,0.7190714844606826,1.099836671362317
scope_20260424_115654,sweep_3803,241,2962.82,0.7190714844606826,0.9527194605972362
scope_20260424_115654,sweep_3804,241,2976.93,0.7207816874926375,0.7248707391662264
scope_20260424_115654,sweep_3805,241,2976.78,0.7001578999697214,0.8129751938997799
scope_20260424_115654,sweep_3806,241,2962.96,0.6985307325295669,0.9274709066991909
scope_20260424_115654,sweep_3807,241,2962.82,0.6985142295295638,0.7510659802889187
scope_20260424_115654,sweep_3808,241,2963.11,0.6985484138826384,0.6866211577534512
scope_20260424_115654,sweep_3809,241,2976.93,0.680404903120667,0.8539799086720931
scope_20260424_115654,sweep_3810,241,2962.67,0.6787733193959631,0.6194839583616807
scope_20260424_115654,sweep_3811,241,2976.93,0.680404903120667,0.6189838659580421
scope_20260424_115654,sweep_3812,241,2962.96,0.6788065393370721,0.7151975601944068
scope_20260424_115654,sweep_3813,241,2962.67,0.6787733193959631,0.8784174797948955
scope_20260424_115654,sweep_3814,241,2962.38,0.6598093612185566,0.7198613254949516
scope_20260424_115654,sweep_3815,241,2962.96,0.6598739496069117,0.82355704282023
scope_20260424_115654,sweep_3816,241,2963.11,0.659890652471571,0.6221916764565124
scope_20260424_115654,sweep_3817,241,2977.22,0.6614599494037489,0.6238921873916561
scope_20260424_115654,sweep_3818,241,2976.49,0.6613788510358445,0.740139714561637
scope_20260424_115654,sweep_3819,241,2962.82,0.6598583598851068,0.6649765879574038
scope_20260424_115654,sweep_3820,241,2963.11,0.659890652471571,0.6665190039795467
scope_20260424_115654,sweep_3821,241,2962.82,0.6598583598851068,0.5875130755530368
scope_20260424_115654,sweep_3822,241,2962.52,0.6598249520980558,0.6894413602845582
scope_20260424_115654,sweep_3823,241,2976.63,0.6613944049181668,0.6697376954138677
scope_20260424_115654,sweep_3824,241,2962.96,0.6598739496069117,0.62042245165551
scope_20260424_115654,sweep_3825,241,2976.78,0.6614110693861924,0.5599577797409074
scope_20260424_115654,sweep_3826,241,2962.52,0.6598249520980558,0.6352914388295081
scope_20260424_115654,sweep_3827,241,2962.67,0.6787733193959631,0.5621606498511693
scope_20260424_115654,sweep_3828,241,2962.52,0.6787561360298308,0.63445141381748
scope_20260424_115654,sweep_3829,241,2976.34,0.6803374747993457,0.5423463596940175
scope_20260424_115654,sweep_3830,241,2976.78,0.6803877609605984,0.5810691183769464
scope_20260424_115654,sweep_3831,241,2962.96,0.6788065393370721,0.7340884739429586
scope_20260424_115654,sweep_3832,241,2976.63,0.7001402592626378,0.6045598913804647
scope_20260424_115654,sweep_3833,241,2976.63,0.7001402592626378,0.6336892036829184
scope_20260424_115654,sweep_3834,241,2962.82,0.6985142295295638,0.5190474733203161
scope_20260424_115654,sweep_3835,241,2962.82,0.6985142295295638,0.6530501750755618
scope_20260424_115654,sweep_3836,241,2976.78,0.7207635280775526,0.5621354771719901
scope_20260424_115654,sweep_3837,241,2962.67,0.7190532818550769,0.7151659968442936
scope_20260424_115654,sweep_3838,241,2962.82,0.7190714844606826,0.5162454373347924
scope_20260424_115654,sweep_3839,241,2962.67,0.7190532818550769,0.670958501323513
scope_20260424_115654,sweep_3840,241,2962.96,0.74052436281531,0.6521938326483189
scope_20260424_115654,sweep_3841,241,2962.52,0.7404693767849527,0.7188244696641339
scope_20260424_115654,sweep_3842,241,2962.67,0.7404881224812869,0.963476278650675
scope_20260424_115654,sweep_3843,242,2840.64,0.7250777125064596,0.6229510240899166
scope_20260424_115654,sweep_3844,242,2840.64,0.7250777125064596,0.7457568577172324
scope_20260424_115654,sweep_3845,242,2841.04,0.7251287610158905,0.6173856808240549
scope_20260424_115654,sweep_3846,242,2840.64,0.7250777125064596,0.691209576156811
scope_20260424_115654,sweep_3847,242,2840.91,0.7251121706445269,0.6559170448143847
scope_20260424_115654,sweep_3848,242,2841.04,0.7251287610158905,0.6888185428349103
scope_20260424_115654,sweep_3849,242,2840.77,0.7250943036662355,0.6340909563988523
scope_20260424_115654,sweep_3850,242,2828.05,0.7234691197709102,0.5591876081716491
scope_20260424_115654,sweep_3851,242,2840.91,0.7251121706445269,0.8936281124581446
scope_20260424_115654,sweep_3852,242,2841.18,0.7251466271451825,0.7787010872763588
scope_20260424_115654,sweep_3853,242,2840.77,0.7041050664776926,0.5710158450301638
scope_20260424_115654,sweep_3854,243,2647.72,0.6797597740081429,0.7554633780245491
scope_20260424_115654,sweep_3855,243,2647.6,0.6797443697929795,0.6717471467271765
scope_20260424_115654,sweep_3856,243,2647.49,0.6797302489557439,0.7246607428685724
scope_20260424_115654,sweep_3857,243,2647.6,0.6797443697929795,0.7032676769212552
scope_20260424_115654,sweep_3858,243,2647.25,0.6602677760024418,0.6257745147281912
scope_20260424_115654,sweep_3859,243,2647.49,0.660297705301678,0.7396834343195352
scope_20260424_115654,sweep_3860,243,2647.49,0.660297705301678,0.7247151639840517
scope_20260424_115654,sweep_3861,243,2647.6,0.6603114224437914,0.6841683829799656
scope_20260424_115654,sweep_3862,244,2658.87,0.6430306516834091,0.6851805190952782
scope_20260424_115654,sweep_3863,244,2658.75,0.6430161409046087,0.6805024061494397
scope_20260424_115654,sweep_3865,246,2459.32,0.6184301352813986,0.6947450117454378
scope_20260424_115654,sweep_3866,246,2468.83,0.6023427431668811,0.6430798689911047
scope_20260424_115654,sweep_3867,246,2459.02,0.6011448348663536,0.6058854502127526
scope_20260424_115654,sweep_3868,246,2459.12,0.6011570580024681,0.6173887489967116
scope_20260424_115654,sweep_3869,246,2459.22,0.6011692808900583,0.5984583146515361
scope_20260424_115654,sweep_3870,246,2458.92,0.6011326114817,0.5208608858520838
scope_20260424_115654,sweep_3871,246,2459.12,0.6011570580024681,0.6137222546914824
scope_20260424_115654,sweep_3872,246,2459.22,0.5846062244209842,0.6659425731710189
scope_20260424_115654,sweep_3873,246,2459.02,0.5845824519195035,0.5826130149402693
scope_20260424_115654,sweep_3874,246,2459.02,0.5845824519195035,0.6586808990986758
scope_20260424_115654,sweep_3875,247,2279.03,0.562781438245468,0.5701214214848642
scope_20260424_115654,sweep_3876,247,2278.94,0.5627703258797897,0.7404441389313555
scope_20260424_115654,sweep_3877,247,2270.92,0.5776955298208579,0.5981116469673904
scope_20260424_115654,sweep_3878,247,2279.03,0.5787261551369768,0.5920102870935375
scope_20260424_115654,sweep_3879,247,2279.03,0.5787261551369768,0.5244337802066513
scope_20260424_115654,sweep_3880,247,2279.03,0.5787261551369768,0.5291833519301904
scope_20260424_115654,sweep_3881,247,2279.12,0.5787375821124342,0.5566740815201736
scope_20260424_115654,sweep_3882,247,2270.83,0.5776840822329132,0.6079971024551718
scope_20260424_115654,sweep_3883,247,2270.66,0.5776624583922821,0.5970050967761424
scope_20260424_115654,sweep_3884,247,2270.58,0.5776522821871869,0.5652268532635195
scope_20260424_115654,sweep_3885,247,2278.94,0.59531876045049,0.5728616629464923
scope_20260424_115654,sweep_3928,252,1312.54,0.4270915881118903,0.3348765138579048
scope_20260424_115654,sweep_3929,252,1335.08,0.4307431592515884,0.46483657474652507
scope_20260424_115654,sweep_3930,252,1332.3,0.4302944632951255,0.4948153284853226
scope_20260424_115654,sweep_3931,252,1335.11,0.4307479987451714,0.5436274840269033
scope_20260424_115654,sweep_3932,252,1332.24,0.4302847740515323,0.5170279867881092
scope_20260424_115654,sweep_3933,252,1332.36,0.4303041523205439,0.40659037270142256
scope_20260424_115654,sweep_3934,252,1332.39,0.4303089967514424,0.4883260616385648
scope_20260424_115654,sweep_3935,252,1334.99,0.4307286404445918,0.4526639919167587
scope_20260424_115654,sweep_3936,252,1335.05,0.430738319703632,0.5004260276857262
scope_20260424_115654,sweep_3937,252,1332.33,0.43029930783510556,0.532548679919143
scope_20260424_115654,sweep_3938,252,1332.27,0.43028961870060156,0.2840823522335857
scope_20260424_115654,sweep_3939,253,1145.83,0.39904772421701484,0.3938528344367887
scope_20260424_115654,sweep_3940,253,1145.74,0.41033742343995133,0.37425349899073906
scope_20260424_115654,sweep_3941,253,1143.71,0.40997374832016886,0.36314326121791674
scope_20260424_115654,sweep_3942,253,1145.72,0.41033384200599454,0.4381745156131735
scope_20260424_115654,sweep_3943,253,1143.73,0.40997733289979166,0.3890483637389489
scope_20260424_115654,sweep_3944,253,1145.74,0.41033742343995133,0.43962393733549027
scope_20260424_115654,sweep_3945,253,1145.76,0.42211418955281366,0.3321639217971126
scope_20260424_115654,sweep_3946,253,1145.69,0.42210129486082326,0.4199153106711295
scope_20260424_115654,sweep_3947,253,1145.76,0.42211418955281366,0.4313531597228582
scope_20260424_115654,sweep_3948,253,1143.75,0.4217437708109968,0.32686626656176293
scope_20260424_115654,sweep_3949,254,932.76,0.36374091221847926,0.35472240360407203
scope_20260424_115654,sweep_3950,255,955.75,0.3819516569238966,0.4440050481183348
scope_20260424_115654,sweep_3951,255,955.73,0.38194502296231375,0.3386459748896251
scope_20260424_115654,sweep_3952,255,955.69,0.38193175496834675,0.372786926479505
scope_20260424_115654,sweep_3953,255,955.66,0.38192180391091796,0.3405131038170282
scope_20260424_115654,sweep_3954,255,955.76,0.39319589847352876,0.4435449584626406
scope_20260424_115654,sweep_3955,255,955.73,0.39318565468429933,0.4264377904971344
scope_20260424_115654,sweep_3956,255,955.7,0.3931754108404065,0.34326798547844106
scope_20260424_115654,sweep_3957,255,955.69,0.3931719962136278,0.31348083777837443
scope_20260424_115654,sweep_3958,255,955.72,0.3931822400757422,0.36513574439907787
scope_20260424_115654,sweep_3959,255,957.18,0.3936807086725817,0.3757530592061707
scope_20260424_115654,sweep_3960,256,745.12,0.3197917060833368,0.298939379002796
scope_20260424_115654,sweep_3981,259,459.82,0.191166885820989,0.18783707476622413
scope_20260424_115654,sweep_3982,259,466.03,0.18804590746663136,0.1832596910015407
scope_20260424_115654,sweep_3983,259,474.55,0.19089493772728797,0.16935439218947418
scope_20260424_115654,sweep_3984,259,482.26,0.1934656206037957,0.17762668246788346
scope_20260424_115654,sweep_3985,259,489.11,0.19574370312822448,0.22897559945988313
scope_20260424_115654,sweep_3986,259,492.99,0.197031653240204,0.15393148455706288
scope_20260424_115654,sweep_3987,259,500.13,0.1993972582101862,0.17973402462045684
scope_20260424_115654,sweep_3988,259,505.83,0.20128164546676414,0.15210515593966698
scope_20260424_115654,sweep_3989,259,513.28,0.20373914261864406,0.17532681140129672
scope_20260424_115654,sweep_3990,259,516.77,0.20488828341190182,0.1902641102550105
scope_20260424_115654,sweep_3991,260,365.76,0.15379181535460595,0.17409143510124403
scope_20260424_115654,sweep_3992,260,365.96,0.15386161045256644,0.11790494173074594
scope_20260424_115654,sweep_3993,260,366.18,0.1539383775713408,0.12146399786719574
scope_20260424_115654,sweep_3994,260,366.62,0.15409188829363824,0.13351054464673176
scope_20260424_115654,sweep_3995,260,365.97,0.15386510003722226,0.11771032801226634
scope_20260424_115654,sweep_3996,260,370.76,0.15553475704055858,0.113938218254871
scope_20260424_115654,sweep_3997,260,379.15,0.15845047673355603,0.17092647455296112
scope_20260424_115654,sweep_3998,260,386.68,0.1610579954001021,0.20813724426326255
scope_20260424_115654,sweep_3999,260,394.01,0.16358797745542847,0.2283491986721556
scope_20260424_115654,sweep_4000,260,400.37,0.1704149974008165,0.16333650092362237
scope_20260424_115654,sweep_4001,260,403.99,0.171692907253743,0.11455210479950742
scope_20260424_115654,sweep_4002,260,365.96,0.15816655218652306,0.08081985011069151
scope_20260424_115654,sweep_4003,260,365.55,0.15801946177893106,0.12433217063400454
scope_20260424_115654,sweep_4004,260,365.76,0.15809480426986303,0.1254743033539362
scope_20260424_115654,sweep_4005,260,366.19,0.15824905405068868,0.13076561504822048
scope_20260424_115654,sweep_4006,260,365.33,0.16241529266109586,0.16574183152633437
scope_20260424_115654,sweep_4007,260,365.33,0.16241529266109586,0.11686164379998201
scope_20260424_115654,sweep_4008,260,366.19,0.16273256433321287,0.073183186814747
scope_20260424_115654,sweep_4009,260,365.74,0.16256656590452934,0.20109695912806813
scope_20260424_115654,sweep_4010,260,365.75,0.162570255135571,0.15435713225117642
scope_20260424_115654,sweep_4011,260,365.54,0.16249277768188697,0.1323340574797399
scope_20260424_115654,sweep_4012,260,365.98,0.16732187631782758,0.1267261925194118
scope_20260424_115654,sweep_4013,260,365.54,0.16715489397818561,0.08884022778582691
scope_20260424_115654,sweep_4014,260,365.97,0.1673180816438046,0.19559211014881533
scope_20260424_115654,sweep_4015,260,365.31,0.1670675941579209,0.1788257648171966
scope_20260424_115654,sweep_4016,260,365.97,0.1673180816438046,0.2257882581574014
scope_20260424_115654,sweep_4017,260,366.18,0.1722618705030207,0.18802088380481063
scope_20260424_115654,sweep_4018,260,365.34,0.17193382305338065,0.17125904899964686
scope_20260424_115654,sweep_4019,260,365.75,0.1720939574520514,0.10655342957776297
scope_20260424_115654,sweep_4020,260,366.4,0.17234776654210573,0.18280204196703737
scope_20260424_115654,sweep_4021,260,365.96,0.17217596569044677,0.09715417709027828
scope_20260424_115654,sweep_4022,260,365.99,0.17725515929189334,0.11932740903101625
scope_20260424_115654,sweep_4023,260,365.53,0.17707022731716315,0.15013508455224933
scope_20260424_115654,sweep_4024,260,365.55,0.17707826866015391,0.16161507749627477
scope_20260424_115654,sweep_4025,260,365.98,0.1772511394519004,0.16471824058601264
scope_20260424_115654,sweep_4026,260,365.98,0.1772511394519004,0.13903219115649995
scope_20260424_115654,sweep_4027,260,365.32,0.17698578869895154,0.1453554427518887
scope_20260424_115654,sweep_4028,260,365.54,0.17707424799800792,0.13431126831743104
scope_20260424_115654,sweep_4029,260,366.18,0.17733153270478705,0.1727980358514867
scope_20260424_115654,sweep_4030,260,366.18,0.17733153270478705,0.19880230150973627
scope_20260424_115654,sweep_4031,260,365.76,0.177162698246868,0.2465709599291158
scope_20260424_115654,sweep_4032,260,365.76,0.177162698246868,0.13305196820429574
scope_20260424_115654,sweep_4033,260,365.33,0.1769898097726084,0.18091898674914478
scope_20260424_115654,sweep_4034,260,366.39,0.17741593758704918,0.22695571853659927
scope_20260424_115654,sweep_4035,260,365.76,0.177162698246868,0.25974849870087957
scope_20260424_115654,sweep_4036,260,365.11,0.1718439781866116,0.07428268057455988
scope_20260424_115654,sweep_4037,260,365.97,0.17217987064507587,0.17291806405454146
scope_20260424_115654,sweep_4038,260,365.54,0.172011941208633,0.1866314716964443
scope_20260424_115654,sweep_4039,260,365.76,0.16723838941661165,0.1979559563931183
scope_20260424_115654,sweep_4040,260,365.55,0.16715868941067982,0.09836102206865589
scope_20260424_115654,sweep_4041,260,365.98,0.16732187631782758,0.12492648163786192
scope_20260424_115654,sweep_4042,260,366.39,0.16280633027948954,0.12917528633132944
scope_20260424_115654,sweep_4043,260,365.54,0.16249277768188697,0.16256566702014005
scope_20260424_115654,sweep_4044,261,212.55,0.10360740830504374,0.09215495985230902
scope_20260424_115654,sweep_4045,261,212.55,0.10075287895878346,0.14023864894182012
scope_20260424_115654,sweep_4046,261,212.55,0.10075287895878346,0.06056588580029915
scope_20260424_115654,sweep_4047,261,212.55,0.10075287895878346,0.11534385320451539
scope_20260424_115654,sweep_4048,261,212.55,0.09801060970242102,0.1755544738080756
scope_20260424_115654,sweep_4049,261,212.55,0.09801060970242102,0.10633563114603985
scope_20260424_115654,sweep_4050,261,212.55,0.09801060970242102,0.20771520962186615
scope_20260424_115654,sweep_4051,261,212.55,0.09801060970242102,0.07623070196655975
scope_20260424_115654,sweep_4052,261,212.55,0.09537510563002256,0.04932852556866319
scope_20260424_115654,sweep_4053,261,212.55,0.09537510563002256,0.061937614306196626
scope_20260424_115654,sweep_4054,261,212.55,0.09537510563002256,0.06202848587066141
scope_20260424_115654,sweep_4055,261,212.55,0.09537510563002256,0.05235354365285851
scope_20260424_115654,sweep_4056,261,212.55,0.092841188233201,0.03871711318041668
scope_20260424_115654,sweep_4057,261,212.55,0.092841188233201,0.04062933350974198
scope_20260424_115654,sweep_4058,261,212.55,0.092841188233201,0.008596047778697375
scope_20260424_115654,sweep_4059,261,212.55,0.09040397467203147,0.031232023902959986
scope_20260424_115654,sweep_4060,261,212.55,0.09040397467203147,0.029018525722142956
scope_20260424_115654,sweep_4061,261,212.55,0.09040397467203147,0.0506315858398555
scope_20260424_115654,sweep_4062,261,212.55,0.09040397467203147,0.038846700807926245
scope_20260424_115654,sweep_4063,261,212.55,0.08805885855805394,0.053208696797902195
scope_20260424_115654,sweep_4064,261,212.55,0.08805885855805394,0.08624234870215025
scope_20260424_115654,sweep_4065,261,212.55,0.08805885855805394,0.06814899500831345
scope_20260424_115654,sweep_4066,261,212.55,0.08805885855805394,0.07343482588437872
scope_20260424_115654,sweep_4067,261,212.55,0.08805885855805394,0.08170183702568966
scope_20260424_115654,sweep_4068,261,212.55,0.08580149212837537,0.05884675285565141
scope_20260424_115654,sweep_4069,261,212.55,0.08580149212837537,0.047780211655103905
scope_20260424_115654,sweep_4070,261,212.55,0.08580149212837537,0.05255826081184189
scope_20260424_115654,sweep_4071,261,212.55,0.08580149212837537,0.1141306936571805
scope_20260424_115654,sweep_4072,261,212.55,0.08580149212837537,0.09223945533806453
scope_20260424_115654,sweep_4073,261,212.55,0.08580149212837537,0.07528225405501325
scope_20260424_115654,sweep_4074,261,212.55,0.08580149212837537,0.10515011256905288
scope_20260424_115654,sweep_4075,261,212.55,0.08580149212837537,0.05163572113823688
scope_20260424_115654,sweep_4076,261,212.55,0.08580149212837537,0.05587563565852716
scope_20260424_115654,sweep_4077,261,212.55,0.08580149212837537,0.08874901006264183
scope_20260424_115654,sweep_4078,261,212.55,0.08580149212837537,0.0588699354003965
scope_20260424_115654,sweep_4079,261,212.55,0.08580149212837537,0.06410966349159496
scope_20260424_115654,sweep_4080,261,212.55,0.08580149212837537,0.04678128152627905
scope_20260424_115654,sweep_4081,261,212.55,0.08805885855805394,0.05677559016787141
scope_20260424_115654,sweep_4082,261,212.55,0.08805885855805394,0.05559934290810618
scope_20260424_115654,sweep_4083,261,212.55,0.08805885855805394,0.07054554526455713
scope_20260424_115654,sweep_4084,261,212.55,0.08805885855805394,0.08080961568328615
scope_20260424_115654,sweep_4085,261,212.55,0.08805885855805394,0.06360624585448624
scope_20260424_115654,sweep_4086,261,212.55,0.08805885855805394,0.05242977640906279
scope_20260424_115654,sweep_4087,261,212.55,0.08805885855805394,0.07189849292175786
scope_20260424_115654,sweep_4088,261,212.55,0.09040397467203147,0.1286678929243741
scope_20260424_115654,sweep_4089,261,212.55,0.09040397467203147,0.08533895811480806
scope_20260424_115654,sweep_4090,261,212.55,0.09040397467203147,0.05024315654223381
scope_20260424_115654,sweep_4091,261,212.55,0.09040397467203147,0.14541221570095317
scope_20260424_115654,sweep_4092,261,212.55,0.09040397467203147,0.09888192404344753
scope_20260424_115654,sweep_4093,261,212.55,0.092841188233201,0.04548570663896907
scope_20260424_115654,sweep_4094,261,212.55,0.092841188233201,0.01628688000676653
scope_20260424_115654,sweep_4095,261,212.55,0.092841188233201,0.06446815767440466
scope_20260424_115654,sweep_4096,262,364.68,0.14532317735170147,0.2317641385420124
scope_20260424_115654,sweep_4097,262,364.89,0.1453926316411361,0.2502814609151057
scope_20260424_115654,sweep_4098,262,364.69,0.14929288505955063,0.2188632972449801
scope_20260424_115654,sweep_4099,262,365.32,0.1495069128487498,0.22697416596626865
scope_20260424_115654,sweep_4100,262,365.33,0.14951030960909534,0.1809416342510406
scope_20260424_115654,sweep_4101,262,365.54,0.14958163792589813,0.18530811712267486
scope_20260424_115654,sweep_4102,262,364.49,0.15334846489796772,0.19397731939598828
scope_20260424_115654,sweep_4103,262,365.33,0.1536417339177494,0.26628196875889343
scope_20260424_115654,sweep_4104,262,365.55,0.15371852351868967,0.1603943175100152
scope_20260424_115654,sweep_4105,262,365.97,0.15386510003722226,0.2032932955622517
scope_20260424_115654,sweep_4106,262,365.95,0.15816296494903173,0.16389394151273562
scope_20260424_115654,sweep_4107,262,364.9,0.1577862121724045,0.17357559663322697
scope_20260424_115654,sweep_4108,262,365.12,0.1578651660945085,0.2369143517816988
scope_20260424_115654,sweep_4109,262,365.32,0.15793693536953532,0.22659611100870303
scope_20260424_115654,sweep_4110,262,365.55,0.15801946177893106,0.1842054999674968
scope_20260424_115654,sweep_4111,262,365.54,0.15801587385776425,0.151549023032808
scope_20260424_115654,sweep_4112,262,365.76,0.15809480426986303,0.14408749069841206
scope_20260424_115654,sweep_4113,262,365.34,0.15794411192961194,0.1903741822206521
scope_20260424_115654,sweep_4114,262,365.12,0.1578651660945085,0.19049936352455857
scope_20260424_115654,sweep_4115,262,364.9,0.1577862121724045,0.18722480840321745
scope_20260424_115654,sweep_4116,262,363.63,0.15733027433442628,0.2231777339737422
scope_20260424_115654,sweep_4117,262,365.12,0.1578651660945085,0.28308520209719784
scope_20260424_115654,sweep_4118,262,364.9,0.15349162244762576,0.20830024673841202
scope_20260424_115654,sweep_4119,262,364.9,0.15349162244762576,0.18253596911795048
scope_20260424_115654,sweep_4120,262,365.34,0.15364522452466514,0.2001791125794384
scope_20260424_115654,sweep_4121,262,364.66,0.15340782622680502,0.2327391212144597
scope_20260424_115654,sweep_4122,262,365.1,0.14943218012115497,0.27423283993791053
scope_20260424_115654,sweep_4123,262,365.53,0.14957824149737656,0.16062888901077374
scope_20260424_115654,sweep_4124,262,365.75,0.14965295927685116,0.15413776345616245
scope_20260424_115654,sweep_4125,262,365.33,0.1455381328862482,0.17997443839450095
scope_20260424_115654,sweep_4126,262,365.55,0.1456108723357516,0.19735930438352844
scope_20260424_115654,sweep_4127,262,365.76,0.14568029850456046,0.11912004644014279
scope_20260424_115654,sweep_4128,262,365.54,0.14178515994426455,0.15538094101272756
scope_20260424_115654,sweep_4129,262,365.55,0.14178837932953317,0.2046046751586054
scope_20260424_115654,sweep_4130,262,364.91,0.14158230846823894,0.09901036588711758
scope_20260424_115654,sweep_4131,262,364.88,0.13790019495733907,0.1840483248355438
scope_20260424_115654,sweep_4132,262,365.13,0.13797861149003596,0.19311397080938275
scope_20260424_115654,sweep_4133,262,365.53,0.138104058961416,0.14996742049746187
scope_20260424_115654,sweep_4134,262,365.54,0.13810719484909664,0.16520340218843005
scope_20260424_115654,sweep_4135,262,365.97,0.13469822511826807,0.13263831617487967
scope_20260424_115654,sweep_4136,262,365.55,0.13456990754082146,0.19633408408607284
scope_20260424_115654,sweep_4137,262,365.54,0.13456685205503355,0.185052096104468
scope_20260424_115654,sweep_4138,262,365.34,0.13450573935456175,0.1817283741852766
scope_20260424_115654,sweep_4139,262,365.54,0.13456685205503355,0.1661056071330868
scope_20260424_115654,sweep_4140,262,365.54,0.13456685205503355,0.23731907893189236
scope_20260424_115654,sweep_4141,262,365.33,0.13450268357026746,0.1410336496463202
scope_20260424_115654,sweep_4142,262,365.34,0.13450573935456175,0.17564640780622462
scope_20260424_115654,sweep_4143,262,364.91,0.134374327783987,0.13170813555588917
scope_20260424_115654,sweep_4144,262,365.98,0.13470127999345416,0.2303490547970501
scope_20260424_115654,sweep_4145,262,365.75,0.1346310142731717,0.12832839575823538
scope_20260424_115654,sweep_4146,262,365.1,0.13443239660596765,0.15152122917811167
scope_20260424_115654,sweep_4147,262,365.32,0.13449962777175353,0.15681696028592615
scope_20260424_115654,sweep_4148,262,365.33,0.13804133814446676,0.2011427496426655
scope_20260424_115654,sweep_4149,263,494.97,0.17761547398197633,0.35810367700646567
scope_20260424_115654,sweep_4150,263,504.57,0.1804700397498175,0.3254435793538684
scope_20260424_115654,sweep_4151,263,510.36,0.18218723002234283,0.2086524150516224
scope_20260424_115654,sweep_4152,263,516.31,0.18394842615732265,0.23076325882557666
scope_20260424_115654,sweep_4153,263,518.91,0.1847169394969906,0.18042920226351633
scope_20260424_115654,sweep_4154,263,524.59,0.19135746565113468,0.2285519993842271
scope_20260424_115654,sweep_4155,263,529.97,0.19298491891714675,0.2222430798223949
scope_20260424_115654,sweep_4156,263,533.53,0.194060276201062,0.23344500988299002
scope_20260424_115654,sweep_4157,263,538.18,0.19546305140875514,0.2525629845927752
scope_20260424_115654,sweep_4158,263,541.49,0.20175673223101354,0.3574254624112911
scope_20260424_115654,sweep_4159,264,757.81,0.2666754550962219,0.24325056056960576
scope_20260424_115654,sweep_4170,266,904.32,0.33512908187895263,0.23770585724440246
scope_20260424_115654,sweep_4171,266,900.35,0.33390750476901554,0.23087722385215953
scope_20260424_115654,sweep_4172,266,896.5,0.33272197702700845,0.34212845980293105
scope_20260424_115654,sweep_4173,266,890.1,0.33074931153123543,0.2865496579876455
scope_20260424_115654,sweep_4174,266,884.96,0.3291632685259179,0.28174530959121774
scope_20260424_115654,sweep_4175,266,878.77,0.3272511478189248,0.37803973452574885
scope_20260424_115654,sweep_4176,266,873.86,0.32573279674931555,0.3508460100665805
scope_20260424_115654,sweep_4177,266,872.51,0.32531507359561507,0.4502576267819163
scope_20260424_115654,sweep_4178,266,866.55,0.3234695870291905,0.35553041991920925
scope_20260424_115654,sweep_4179,266,862.87,0.32232901494372274,0.4156250174930689
scope_20260424_115654,sweep_4180,266,859.29,0.32121864287181706,0.6365818120175776
scope_20260424_115654,sweep_4181,267,1042.17,0.38056954208061783,0.41130858067367565
scope_20260424_115654,sweep_4182,267,1031.73,0.36835231155433035,0.4751805489036801
scope_20260424_115654,sweep_4183,267,1024.96,0.36714179645499695,0.3482926397578276
scope_20260424_115654,sweep_4184,267,1021.57,0.3665341427338292,0.4517653794910172
scope_20260424_115654,sweep_4185,267,1014.9,0.36533560205081883,0.3621281151656813
scope_20260424_115654,sweep_4186,267,1006.76,0.3638675664145771,0.34776845102238246
scope_20260424_115654,sweep_4187,267,1003.36,0.3534847668445444,0.3946563686398875
scope_20260424_115654,sweep_4188,267,996.99,0.3439978095241766,0.34421609057081104
scope_20260424_115654,sweep_4189,267,989.17,0.34175681879546627,0.2663791489596919
scope_20260424_115654,sweep_4190,267,985.97,0.34083892194719295,0.36407360672414235
scope_20260424_115654,sweep_4191,268,1194.17,0.3753885724674772,0.3710699605209903
scope_20260424_115654,sweep_4192,268,1160.74,0.3700968978460405,0.5216725528177133
scope_20260424_115654,sweep_4193,268,1150.04,0.368387124221419,0.4574212987647926
scope_20260424_115654,sweep_4194,269,1145.85,0.358062375647621,0.4032087796631827
scope_20260424_115654,sweep_4195,269,1145.78,0.3580514384616444,0.39326735300561566
scope_20260424_115654,sweep_4196,269,1145.78,0.3580514384616444,0.5299183875381931
scope_20260424_115654,sweep_4197,269,1145.74,0.3580451884910833,0.41443974975853765
scope_20260424_115654,sweep_4198,269,1145.74,0.3580451884910833,0.3235427520669525
scope_20260424_115654,sweep_4199,269,1145.69,0.34874973976536683,0.42464838582820025
scope_20260424_115654,sweep_4200,269,1145.58,0.34873299728169627,0.5190158588133803
scope_20260424_115654,sweep_4201,269,1145.8,0.3487664814453168,0.5561060547903345
scope_20260424_115654,sweep_4202,270,1332.3,0.3760809584123144,0.4850782167092263
scope_20260424_115654,sweep_4203,270,1335.14,0.37648158189778513,0.3861823760159081
scope_20260424_115654,sweep_4204,270,1335.05,0.3764688926242266,0.5399297216309199
scope_20260424_115654,sweep_4205,270,1332.24,0.3760724899324067,0.46286038258570883
scope_20260424_115654,sweep_4206,270,1332.3,0.3760809584123144,0.4898237027204703
scope_20260424_115654,sweep_4207,270,1334.96,0.3764562029229486,0.34122272388721103
scope_20260424_115654,sweep_4208,270,1334.96,0.3764562029229486,0.49649032790030007
scope_20260424_115654,sweep_4209,270,1335.05,0.3764688926242266,0.5925880212778027
scope_20260424_115654,sweep_4210,270,1335.08,0.3864990664441616,0.46662778945526734
scope_20260424_115654,sweep_4211,270,1332.3,0.3860964586149589,0.5638899385881081
scope_20260424_115654,sweep_4212,270,1335.11,0.3865034088456872,0.4950104497157432
scope_20260424_115654,sweep_4213,271,1521.26,0.4125689380923519,0.4774854624208261
scope_20260424_115654,sweep_4214,271,1521.11,0.4125485974318792,0.4962606756017108
scope_20260424_115654,sweep_4215,271,1524.82,0.4241869068721465,0.5590835726495643
scope_20260424_115654,sweep_4216,271,1521.26,0.42369144254510216,0.6179337900047044
scope_20260424_115654,sweep_4217,271,1524.7,0.4241702152526959,0.7184512828883662
scope_20260424_115654,sweep_4218,271,1524.89,0.4241966433468479,0.5508572068350184
scope_20260424_115654,sweep_4219,271,1521.18,0.43524382132679007,0.563520913134932
scope_20260424_115654,sweep_4220,271,1521.18,0.43524382132679007,0.5164231779304334
scope_20260424_115654,sweep_4221,271,1521.38,0.4352724326361777,0.5873653481714299
scope_20260424_115654,sweep_4222,271,1524.86,0.4357699687045191,0.592266422074369
scope_20260424_115654,sweep_4223,272,1733.15,0.47741762269643856,0.4790173531407303
scope_20260424_115654,sweep_4224,272,1714.04,0.4747782840490879,0.6008390746620457
scope_20260424_115654,sweep_4225,272,1709.45,0.4741421573504002,0.7637920920850358
scope_20260424_115654,sweep_4226,272,1709.5,0.47414909143285855,0.5644709260311387
scope_20260424_115654,sweep_4227,272,1709.5,0.48741545596539537,0.579524883795781
scope_20260424_115654,sweep_4228,272,1709.4,0.4874011996745438,0.725270040880182
scope_20260424_115654,sweep_4229,272,1709.26,0.48738124016677836,0.5144259086027002
scope_20260424_115654,sweep_4230,272,1714.14,0.4880764899390984,0.5869315716211864
scope_20260424_115654,sweep_4231,272,1709.4,0.4874011996745438,0.6072225875749161
scope_20260424_115654,sweep_4232,272,1709.4,0.4874011996745438,0.38974339410677994
scope_20260424_115654,sweep_4233,272,1713.89,0.48804089670523154,0.6177644718492009
scope_20260424_115654,sweep_4234,273,1896.87,0.5134327035567012,0.5965890403112555
scope_20260424_115654,sweep_4235,273,1902.59,0.5142062474458798,0.6629444720381835
scope_20260424_115654,sweep_4236,273,1897.05,0.5134570636062269,0.6573989134735991
scope_20260424_115654,sweep_4237,273,1902.65,0.5142143553754944,0.7353839695556859
scope_20260424_115654,sweep_4238,273,1902.53,0.5141981393884186,0.7847276993752019
scope_20260424_115654,sweep_4239,273,1896.93,0.513440823701627,0.684644437475312
scope_20260424_115654,sweep_4240,273,1902.59,0.5002106971611363,0.4512156471526177
scope_20260424_115654,sweep_4241,273,1902.77,0.5002343585374747,0.6375044625269166
scope_20260424_115654,sweep_4242,273,1902.71,0.5002264715363857,0.6414497105696717
scope_20260424_115654,sweep_4243,273,1902.65,0.5002185844109416,0.6857946317507707
scope_20260424_115654,sweep_4244,274,2102.39,0.5258198914930989,0.49994035155716987
scope_20260424_115654,sweep_4245,274,2087.76,0.5098971652218027,0.7041105964525836
scope_20260424_115654,sweep_4246,274,2081.09,0.5090820009213614,0.6753272945978228
scope_20260424_115654,sweep_4247,274,2081.24,0.5091003472985446,0.5620607495510535
scope_20260424_115654,sweep_4248,274,2081.02,0.5090734390524052,0.5462953385340832
scope_20260424_115654,sweep_4249,274,2087.61,0.5098788475155923,0.547314272884132
scope_20260424_115654,sweep_4250,274,2087.61,0.4963324312526007,0.49005814644605905
scope_20260424_115654,sweep_4251,274,2081.09,0.49555675520842446,0.5078926668755136
scope_20260424_115654,sweep_4252,274,2087.68,0.4963407524857205,0.38141891998050587
scope_20260424_115654,sweep_4253,274,2087.68,0.4963407524857205,0.5545138336596058
scope_20260424_115654,sweep_4254,274,2080.95,0.49554008627229623,0.608679398529635
scope_20260424_115654,sweep_4255,275,2270.66,0.50404679657388,0.5180195511471996
scope_20260424_115654,sweep_4256,275,2270.92,0.5040756534735964,0.5418556131028944
scope_20260424_115654,sweep_4257,275,2278.86,0.5049561046447969,0.7984625873427326
scope_20260424_115654,sweep_4258,275,2270.66,0.50404679657388,0.5169994707359129
scope_20260424_115654,sweep_4259,275,2278.94,0.5049649678776952,0.44935639789643406
scope_20260424_115654,sweep_4260,275,2270.75,0.5040567856876589,0.6342404291374025
scope_20260424_115654,sweep_4261,275,2270.58,0.5040379171954384,0.6802100929572992
scope_20260424_115654,sweep_4262,275,2270.66,0.50404679657388,0.5127734924557957
scope_20260424_115654,sweep_4263,275,2270.58,0.5040379171954384,0.5962764403738211
scope_20260424_115654,sweep_4264,275,2270.83,0.5040656647337222,0.5142950109050085
scope_20260424_115654,sweep_4265,275,2279.03,0.504974938828756,0.5801740582267025
scope_20260424_115654,sweep_4266,276,2469.03,0.5256031842773738,0.7221380443406533
scope_20260424_115654,sweep_4267,276,2459.22,0.5386996092287634,0.7330264978620753
scope_20260424_115654,sweep_4268,276,2459.32,0.5387105617692644,0.5273261125628472
scope_20260424_115654,sweep_4269,276,2459.22,0.5386996092287634,0.5578385280725754
scope_20260424_115654,sweep_4270,276,2459.12,0.5386886564655771,0.6611166995345884
scope_20260424_115654,sweep_4271,276,2468.73,0.5397402013763691,0.5797841173668075
scope_20260424_115654,sweep_4272,276,2459.22,0.553402354179173,0.6277515062268532
scope_20260424_115654,sweep_4273,276,2459.32,0.5534136056476978,0.6185666781160404
scope_20260424_115654,sweep_4274,276,2468.63,0.5544601172360287,0.6200378091618539
scope_20260424_115654,sweep_4275,276,2459.32,0.5687061057374289,0.8880119294120666
scope_20260424_115654,sweep_4276,276,2459.32,0.5687061057374289,0.7211989733509483
scope_20260424_115654,sweep_4277,277,2647.95,0.5901131061927083,0.7194801876023202
scope_20260424_115654,sweep_4278,277,2647.84,0.5901008489529879,0.6170685921427899
scope_20260424_115654,sweep_4279,277,2647.49,0.6065713704316048,0.5238242321692529
scope_20260424_115654,sweep_4280,277,2647.6,0.6065839714532701,0.44059264410643356
scope_20260424_115654,sweep_4281,277,2647.72,0.6065977177238185,0.6740445185085259
scope_20260424_115654,sweep_4282,277,2647.72,0.6065977177238185,0.5685251713180738
scope_20260424_115654,sweep_4284,279,2647.6,0.6237697011850508,0.6979553245513748
scope_20260424_115654,sweep_4285,279,2647.6,0.6237697011850508,0.6309387186910388
scope_20260424_115654,sweep_4286,279,2647.72,0.6237838369147699,0.5842584103878354
scope_20260424_115654,sweep_4287,280,2840.91,0.6461402973052226,0.5831861947504414
scope_20260424_115654,sweep_4288,280,2840.91,0.6461402973052226,0.6508905710799995
scope_20260424_115654,sweep_4289,280,2828.19,0.6446921477429969,0.5355447722092854
scope_20260424_115654,sweep_4290,280,2841.04,0.6461550808213726,0.6834974357733833
scope_20260424_115654,sweep_4291,280,2840.91,0.6283382262889426,0.681506588636263
scope_20260424_115654,sweep_4292,280,2828.05,0.6269144580591071,0.5919945252625366
scope_20260424_115654,sweep_4293,280,2840.91,0.6283382262889426,0.6728634205352847
scope_20260424_115654,sweep_4294,280,2840.64,0.6283083669565097,0.631185439927819
scope_20260424_115654,sweep_4295,280,2828.05,0.6269144580591071,0.5399598588066183
scope_20260424_115654,sweep_4296,280,2840.64,0.6283083669565097,0.6157369350359416
scope_20260424_115654,sweep_4297,281,2962.67,0.6416620935411312,0.5694589586236014
scope_20260424_115654,sweep_4298,281,2976.93,0.6256978770970412,0.7049732410818101
scope_20260424_115654,sweep_4299,281,2962.67,0.6241974786311114,0.5553485454410289
scope_20260424_115654,sweep_4300,281,2962.67,0.6241974786311114,0.608776504610834
scope_20260424_115654,sweep_4301,281,2976.49,0.6256516352909697,0.6848084528553087
scope_20260424_115654,sweep_4302,281,2962.82,0.6242132799921654,0.7298746711492962
scope_20260424_115654,sweep_4303,281,2976.63,0.6256663489636172,0.5131160384120095
scope_20260424_115654,sweep_4304,281,2962.82,0.6242132799921654,1.1431698652727513
scope_20260424_115654,sweep_4305,281,2962.67,0.6074128162164207,0.7036793295264778
scope_20260424_115654,sweep_4306,281,2962.96,0.6074425436930422,0.6858797066783804
scope_20260424_115654,sweep_4307,281,2976.63,0.6088421886440067,0.5596741219434217
scope_20260424_115654,sweep_4308,281,2976.49,0.6088278706218333,0.6281138965601027
scope_20260424_115654,sweep_4309,281,2962.52,0.6073974393645083,0.6067540748053538
scope_20260424_115654,sweep_4310,281,2962.96,0.6074425436930422,0.5745918987781055
scope_20260424_115654,sweep_4311,281,2976.49,0.5926525854376368,0.7063574519675077
scope_20260424_115654,sweep_4312,281,2976.63,0.5926665230598596,0.8231998116678555
scope_20260424_115654,sweep_4313,281,2976.93,0.5926963882895397,0.5702419817720565
scope_20260424_115654,sweep_4314,281,2976.78,0.5926814558628134,0.5791860128678462
scope_20260424_115654,sweep_4315,281,2962.67,0.5912751260728968,0.47563660351163717
scope_20260424_115654,sweep_4316,281,2976.63,0.5926665230598596,0.7003314374270446
scope_20260424_115654,sweep_4317,281,2976.63,0.5926665230598596,0.7345235312468813
scope_20260424_115654,sweep_4318,281,2976.93,0.5926963882895397,0.666029701009916
scope_20260424_115654,sweep_4319,281,2963.11,0.5913190309621952,0.6330074450237869
scope_20260424_115654,sweep_4320,281,2962.52,0.5912601577518302,0.6824305501863338
scope_20260424_115654,sweep_4321,281,2962.96,0.5913040637525406,0.9730575275352935
scope_20260424_115654,sweep_4322,281,2962.82,0.5912900940150452,0.6425237425158805
scope_20260424_115654,sweep_4323,281,2976.63,0.5926665230598596,0.6029354182754075
scope_20260424_115654,sweep_4324,281,2962.67,0.5912751260728968,0.7185416579799976
scope_20260424_115654,sweep_4325,281,2976.78,0.5926814558628134,0.6985759516845296
scope_20260424_115654,sweep_4326,281,2976.49,0.5926525854376368,0.6746625649661357
scope_20260424_115654,sweep_4327,281,2976.49,0.6088278706218333,0.7860963354952684
scope_20260424_115654,sweep_4328,281,2976.78,0.6088575290084094,0.4796198860553081
scope_20260424_115654,sweep_4329,281,2962.96,0.6074425436930422,0.9302696008747263
scope_20260424_115654,sweep_4330,281,2962.82,0.607428192679073,0.7116416266230691
scope_20260424_115654,sweep_4331,281,2962.67,0.6241974786311114,0.7041182070015433
scope_20260424_115654,sweep_4332,281,2976.78,0.625682113228917,0.5121745851577427
scope_20260424_115654,sweep_4333,281,2962.52,0.6241816768700408,0.5919931093220461
scope_20260424_115654,sweep_4334,281,2962.67,0.6241974786311114,0.6926209806822266
scope_20260424_115654,sweep_4335,281,2976.78,0.6431882671909523,0.6769650818931172
scope_20260424_115654,sweep_4336,281,2976.63,0.6431720618523828,0.6292944880969185
scope_20260424_115654,sweep_4337,281,2962.67,0.6416620935411312,0.5951254682194718
scope_20260424_115654,sweep_4338,281,2976.63,0.6431720618523828,0.5960240241716025
scope_20260424_115654,sweep_4339,281,2962.82,0.6416783370133685,0.5845758413679794
scope_20260424_115654,sweep_4340,281,2962.82,0.6416783370133685,0.6867046491965539
scope_20260424_115654,sweep_4341,281,2976.34,0.661362185756007,0.6302467364243038
scope_20260424_115654,sweep_4342,281,2962.82,0.6598583598851068,0.5481918020380029
scope_20260424_115654,sweep_4343,281,2976.93,0.6614277334343619,0.6652594213322207
scope_20260424_115654,sweep_4344,281,2962.67,0.6598416562030108,0.6861354061476227
scope_20260424_115654,sweep_4345,281,2962.67,0.6598416562030108,0.8348515475379145
scope_20260424_115654,sweep_4346,281,2976.78,0.6431882671909523,0.5270118877059097
scope_20260424_115654,sweep_4347,281,2976.78,0.6431882671909523,0.7679303093311676
scope_20260424_115654,sweep_4348,281,2976.63,0.6431720618523828,0.6030814154397641
scope_20260424_115654,sweep_4349,281,2976.78,0.6431882671909523,0.5866688725956933
scope_20260424_115654,sweep_4350,281,2962.67,0.6416620935411312,0.7570193226586462
scope_20260424_115654,sweep_4351,281,2962.82,0.6416783370133685,0.7311960711495091
scope_20260424_115654,sweep_4352,281,2976.78,0.6431882671909523,0.7620752316443108
scope_20260424_115654,sweep_4353,281,2976.78,0.6431882671909523,0.6127710049272899
scope_20260424_115654,sweep_4354,281,2976.49,0.6256516352909697,0.6109881930698071
scope_20260424_115654,sweep_4355,281,2962.67,0.6241974786311114,0.5157823395789705
scope_20260424_115654,sweep_4356,281,2962.38,0.6241669281987777,0.6268104526362628
scope_20260424_115654,sweep_4357,281,2976.78,0.625682113228917,0.6951089284925728
scope_20260424_115654,sweep_4358,281,2976.93,0.6256978770970412,0.7747792335763981
scope_20260424_115654,sweep_4359,281,2962.67,0.6241974786311114,0.6070497257330506
scope_20260424_115654,sweep_4360,281,2962.82,0.607428192679073,0.7440419345074918
scope_20260424_115654,sweep_4361,281,2962.52,0.6073974393645083,0.6494541280087457
scope_20260424_115654,sweep_4362,281,2976.78,0.6088575290084094,0.7102157958356696
scope_20260424_115654,sweep_4363,281,2962.67,0.6074128162164207,0.6827760748578449
scope_20260424_115654,sweep_4364,281,2962.52,0.6073974393645083,0.6148645993167383
scope_20260424_115654,sweep_4365,281,2962.67,0.6074128162164207,0.5448010427683566
scope_20260424_115654,sweep_4366,281,2962.67,0.5912751260728968,0.824955605594496
scope_20260424_115654,sweep_4367,281,2962.52,0.5912601577518302,0.7786836787578311
scope_20260424_115654,sweep_4368,281,2962.67,0.5912751260728968,0.7221105406690321
scope_20260424_115654,sweep_4369,281,2976.78,0.5926814558628134,0.6386239521460089
scope_20260424_115654,sweep_4370,281,2962.82,0.5912900940150452,0.8327043949670133
scope_20260424_115654,sweep_4371,281,2976.63,0.5926665230598596,0.6098355950139344
scope_20260424_115654,sweep_4372,281,2962.82,0.5912900940150452,0.7150873825993789
scope_20260424_115654,sweep_4373,281,2976.63,0.5926665230598596,0.7925274720141177
scope_20260424_115654,sweep_4374,281,2976.78,0.5926814558628134,0.61850882389288
scope_20260424_115654,sweep_4375,281,2976.63,0.5926665230598596,0.7168993352214021
scope_20260424_115654,sweep_4376,281,2976.49,0.5926525854376368,0.65335567837569
scope_20260424_115654,sweep_4377,281,2976.93,0.5926963882895397,0.7789476706905448
scope_20260424_115654,sweep_4378,281,2963.11,0.5913190309621952,0.8069107747281377
scope_20260424_115654,sweep_4379,281,2976.93,0.5926963882895397,0.7040495873486269
scope_20260424_115654,sweep_4380,281,2976.78,0.5926814558628134,0.7625334906353693
scope_20260424_115654,sweep_4381,281,2976.63,0.5926665230598596,0.5810649972391851
scope_20260424_115654,sweep_4382,281,2976.78,0.6088575290084094,0.8914859501751915
scope_20260424_115654,sweep_4383,281,2962.82,0.607428192679073,0.542389872133214
scope_20260424_115654,sweep_4384,281,2976.63,0.6088421886440067,0.6995456886791005
scope_20260424_115654,sweep_4385,281,2962.67,0.6074128162164207,0.6264926562312962
scope_20260424_115654,sweep_4386,281,2962.67,0.6241974786311114,0.5805601242750371
scope_20260424_115654,sweep_4387,281,2962.67,0.6241974786311114,0.569019130780799
scope_20260424_115654,sweep_4388,281,2976.63,0.6256663489636172,0.5599661208952745
scope_20260424_115654,sweep_4389,281,2962.52,0.6416458496576853,0.6152939838263928
scope_20260424_115654,sweep_4390,281,2976.63,0.6431720618523828,0.7928308615913795
scope_20260424_115654,sweep_4391,281,2976.78,0.6431882671909523,0.5553900963053195
scope_20260424_115654,sweep_4392,281,2976.63,0.6431720618523828,0.8329799765326472
scope_20260424_115654,sweep_4393,281,2962.67,0.6416620935411312,0.882155851636824
scope_20260424_115654,sweep_4394,281,2976.63,0.6431720618523828,0.7671411111585174
scope_20260424_115654,sweep_4395,281,2976.63,0.6431720618523828,0.5981129081857943
scope_20260424_115654,sweep_4396,281,2976.78,0.6431882671909523,0.6883968041306271
scope_20260424_115654,sweep_4397,281,2976.49,0.6431569365013236,0.7229354479043771
scope_20260424_115654,sweep_4398,281,2976.49,0.6431569365013236,0.8179538868455922
scope_20260424_115654,sweep_4399,281,2976.78,0.6431882671909523,0.5414755215153628
scope_20260424_115654,sweep_4400,281,2962.52,0.6416458496576853,0.581808330481245
scope_20260424_115654,sweep_4401,281,2962.96,0.6416934972164825,0.591362491917365
scope_20260424_115654,sweep_4402,281,2962.82,0.6416783370133685,0.5195762114229039
scope_20260424_115654,sweep_4403,281,2976.78,0.6431882671909523,0.591430104375232
scope_20260424_115654,sweep_4404,281,2976.63,0.6431720618523828,0.5767215153389014
scope_20260424_115654,sweep_4405,281,2962.82,0.6416783370133685,0.713672150514752
scope_20260424_115654,sweep_4406,281,2962.96,0.6416934972164825,0.8156832394006677
scope_20260424_115654,sweep_4407,281,2962.82,0.6416783370133685,0.6717465087223009
scope_20260424_115654,sweep_4408,281,2962.67,0.6241974786311114,0.6573389028455295
scope_20260424_115654,sweep_4409,281,2962.52,0.6241816768700408,0.6718062335230427
scope_20260424_115654,sweep_4410,281,2976.34,0.6256358702577115,0.7251136171436712
scope_20260424_115654,sweep_4411,281,2976.78,0.625682113228917,0.6471382839461821
scope_20260424_115654,sweep_4412,281,2976.63,0.6256663489636172,0.5229007777115305
scope_20260424_115654,sweep_4413,281,2962.67,0.6241974786311114,0.5747587100178699
scope_20260424_115654,sweep_4414,281,2976.63,0.6088421886440067,0.5809690252709712
scope_20260424_115654,sweep_4415,281,2962.52,0.6073974393645083,0.6471446453272938
scope_20260424_115654,sweep_4416,281,2976.78,0.6088575290084094,0.5608414807838332
scope_20260424_115654,sweep_4417,281,2976.78,0.6088575290084094,0.642884837747872
scope_20260424_115654,sweep_4418,281,2962.38,0.6073830872848314,0.6079349810935281
scope_20260424_115654,sweep_4419,281,2976.63,0.6088421886440067,0.5564126630439475
scope_20260424_115654,sweep_4420,281,2962.82,0.5912900940150452,0.5638433618573292
scope_20260424_115654,sweep_4421,281,2962.96,0.5913040637525406,0.6250056893583595
scope_20260424_115654,sweep_4422,281,2962.82,0.5912900940150452,0.6837208344089581
scope_20260424_115654,sweep_4423,281,2962.52,0.5912601577518302,0.5876863692893721
scope_20260424_115654,sweep_4424,281,2962.38,0.5912461869769406,0.5073999819119713
scope_20260424_115654,sweep_4425,281,2976.78,0.5926814558628134,0.7633076541663654
scope_20260424_115654,sweep_4426,281,2962.96,0.5913040637525406,0.7562876888520944
scope_20260424_115654,sweep_4427,281,2976.49,0.5926525854376368,0.7235345757627377
scope_20260424_115654,sweep_4428,281,2976.63,0.5926665230598596,0.8037065367993402
scope_20260424_115654,sweep_4429,281,2976.93,0.5926963882895397,0.5677259504219534
scope_20260424_115654,sweep_4430,281,2976.78,0.5926814558628134,0.6621940634172202
scope_20260424_115654,sweep_4431,281,2976.63,0.5926665230598596,0.7399755171474661
scope_20260424_115654,sweep_4432,281,2976.49,0.5926525854376368,0.6308219465409473
scope_20260424_115654,sweep_4433,281,2976.93,0.5926963882895397,0.7467283478282148
scope_20260424_115654,sweep_4434,281,2976.78,0.5926814558628134,0.4902030390440991
scope_20260424_115654,sweep_4435,281,2962.67,0.5912751260728968,0.7348058772945221
scope_20260424_115654,sweep_4436,281,2962.82,0.607428192679073,0.5976759460928245
scope_20260424_115654,sweep_4437,281,2976.78,0.6088575290084094,0.6867364494012145
scope_20260424_115654,sweep_4438,281,2976.93,0.6088728689863163,0.5715241101932261
scope_20260424_115654,sweep_4439,281,2962.67,0.6074128162164207,0.7811520435929145
scope_20260424_115654,sweep_4440,281,2962.67,0.6241974786311114,0.5965048680956639
scope_20260424_115654,sweep_4441,281,2976.78,0.625682113228917,0.6586747244053254
scope_20260424_115654,sweep_4442,281,2962.52,0.6241816768700408,0.5732296628317949
scope_20260424_115654,sweep_4443,281,2962.52,0.6241816768700408,0.4689091773120414
scope_20260424_115654,sweep_4444,281,2976.63,0.6431720618523828,0.6121173607610909
scope_20260424_115654,sweep_4445,281,2962.52,0.6416458496576853,0.6462003518259314
scope_20260424_115654,sweep_4446,281,2976.78,0.6431882671909523,0.7716788540046563
scope_20260424_115654,sweep_4447,281,2962.82,0.6416783370133685,0.5550516968643163
scope_20260424_115654,sweep_4448,281,2976.78,0.6431882671909523,0.7434566624872027
scope_20260424_115654,sweep_4449,281,2962.82,0.6416783370133685,0.7772695733936209
scope_20260424_115654,sweep_4450,281,2962.96,0.6416934972164825,0.5878477983988983
scope_20260424_115654,sweep_4451,281,2977.08,0.6432206766432568,0.6952335554972773
scope_20260424_115654,sweep_4452,281,2976.78,0.6431882671909523,0.6123525553537345
scope_20260424_115654,sweep_4453,281,2962.67,0.6416620935411312,0.6633862231658906
scope_20260424_115654,sweep_4454,281,2976.63,0.6431720618523828,0.7012032271433645
scope_20260424_115654,sweep_4455,281,2976.49,0.6431569365013236,0.7284685160788188
scope_20260424_115654,sweep_4456,281,2976.93,0.6432044721212334,0.5387878844773443
scope_20260424_115654,sweep_4457,281,2962.96,0.6416934972164825,0.6476875733613525
scope_20260424_115654,sweep_4458,281,2962.82,0.6416783370133685,0.7717680558717099
scope_20260424_115654,sweep_4459,281,2962.67,0.6416620935411312,0.6800300055405981
scope_20260424_115654,sweep_4460,281,2976.63,0.6431720618523828,0.6392425882954538
scope_20260424_115654,sweep_4461,281,2976.49,0.6256516352909697,0.6923875541914966
scope_20260424_115654,sweep_4462,281,2976.93,0.6256978770970412,0.5434914327962556
scope_20260424_115654,sweep_4463,281,2976.78,0.625682113228917,0.6785097942186793
scope_20260424_115654,sweep_4464,281,2976.78,0.625682113228917,1.0859568123043997
scope_20260424_115654,sweep_4465,281,2976.93,0.6256978770970412,0.6420069810832751
scope_20260424_115654,sweep_4466,281,2962.52,0.6241816768700408,0.8073252314196604
scope_20260424_115654,sweep_4467,281,2976.63,0.6088421886440067,0.5522339692853167
scope_20260424_115654,sweep_4468,281,2962.82,0.607428192679073,0.5470692501351928
scope_20260424_115654,sweep_4469,281,2976.34,0.6088125295101228,0.6576555558284146
scope_20260424_115654,sweep_4470,281,2977.08,0.6088882085777566,0.729722362589426
scope_20260424_115654,sweep_4471,281,2962.82,0.607428192679073,0.7380200024067037
scope_20260424_115654,sweep_4472,281,2962.67,0.6074128162164207,0.6060719434452384
scope_20260424_115654,sweep_4473,281,2962.82,0.5912900940150452,0.7325089579029457
scope_20260424_115654,sweep_4474,281,2976.78,0.5926814558628134,0.5227552296914155
scope_20260424_115654,sweep_4475,281,2962.52,0.5912601577518302,0.7548965997617694
scope_20260424_115654,sweep_4476,281,2976.78,0.5926814558628134,0.7255785970357941
scope_20260424_115654,sweep_4477,281,2962.82,0.5912900940150452,0.571031947755492
scope_20260424_115654,sweep_4478,281,2976.49,0.5926525854376368,0.727390240807784
scope_20260424_115654,sweep_4479,281,2976.78,0.5926814558628134,0.6685911566764106
scope_20260424_115654,sweep_4480,281,2962.67,0.5912751260728968,0.6617804538645877
scope_20260424_115654,sweep_4481,281,2976.63,0.5926665230598596,0.5377990251277625
scope_20260424_115654,sweep_4482,281,2977.08,0.5927113203400672,0.8536834058715995
scope_20260424_115654,sweep_4483,281,2962.96,0.5913040637525406,0.672538709474218
scope_20260424_115654,sweep_4484,281,2962.96,0.5913040637525406,0.5339664009760565
scope_20260424_115654,sweep_4485,281,2962.82,0.5912900940150452,0.5591083510146384
scope_20260424_115654,sweep_4486,281,2976.78,0.5926814558628134,0.5943074227996631
scope_20260424_115654,sweep_4487,281,2962.82,0.5912900940150452,0.5265018450356447
scope_20260424_115654,sweep_4488,281,2976.93,0.5926963882895397,0.5353589906035306
scope_20260424_115654,sweep_4489,281,2962.96,0.5913040637525406,0.6316853979164074
scope_20260424_115654,sweep_4490,281,2976.78,0.6088575290084094,0.6019026775548102
scope_20260424_115654,sweep_4491,281,2962.52,0.6073974393645083,0.7753054744957831
scope_20260424_115654,sweep_4492,281,2976.49,0.6088278706218333,0.8234689791423717
scope_20260424_115654,sweep_4493,281,2977.08,0.6088882085777566,0.6113898055932855
scope_20260424_115654,sweep_4494,281,2976.78,0.625682113228917,0.5644911747844829
scope_20260424_115654,sweep_4495,281,2962.67,0.6241974786311114,0.6363858189249009
scope_20260424_115654,sweep_4496,281,2962.82,0.6242132799921654,0.6510081762975098
scope_20260424_115654,sweep_4497,281,2962.82,0.6242132799921654,0.6402148596571918
scope_20260424_115654,sweep_4498,281,2976.78,0.6431882671909523,0.494730654158529
scope_20260424_115654,sweep_4499,281,2962.82,0.6416783370133685,0.49419987257138576
scope_20260424_115654,sweep_4500,281,2976.63,0.6431720618523828,0.6873974593867135
scope_20260424_115654,sweep_4501,281,2962.67,0.6416620935411312,0.6091725685703003
scope_20260424_115654,sweep_4502,281,2962.96,0.6416934972164825,0.5442534198872975
scope_20260424_115654,sweep_4503,281,2962.67,0.6416620935411312,0.7637017239037173
scope_20260424_115654,sweep_4504,281,2962.82,0.6416783370133685,0.7514685663636188
scope_20260424_115654,sweep_4505,281,2962.67,0.6416620935411312,0.6587450178581306
scope_20260424_115654,sweep_4506,281,2976.93,0.6432044721212334,0.6324708276578401
scope_20260424_115654,sweep_4507,281,2962.52,0.6416458496576853,1.1054448326220154
scope_20260424_115654,sweep_4508,281,2962.82,0.6416783370133685,0.6322023787925165
scope_20260424_115654,sweep_4509,281,2976.93,0.6432044721212334,0.716230643760748
scope_20260424_115654,sweep_4510,281,2976.93,0.6432044721212334,0.586548909717874
scope_20260424_115654,sweep_4511,281,2962.82,0.6416783370133685,0.6746901395865109
scope_20260424_115654,sweep_4512,281,2976.78,0.6431882671909523,0.8643429298050221
scope_20260424_115654,sweep_4513,281,2976.78,0.6431882671909523,0.7708264328286139
scope_20260424_115654,sweep_4514,281,2976.63,0.6431720618523828,0.7570222361274255
scope_20260424_115654,sweep_4515,281,2976.49,0.6256516352909697,0.7042981302194067
scope_20260424_115654,sweep_4516,281,2962.67,0.6241974786311114,0.8169041348840571
scope_20260424_115654,sweep_4517,281,2976.49,0.6256516352909697,0.6371794634632691
scope_20260424_115654,sweep_4518,281,2962.52,0.6241816768700408,0.5964261421079121
scope_20260424_115654,sweep_4530,283,2647.49,0.5589399266908183,0.46039583230136377
scope_20260424_115654,sweep_4531,283,2647.49,0.5589399266908183,0.5393388619487269
scope_20260424_115654,sweep_4532,283,2647.49,0.5589399266908183,0.5928149676813655
scope_20260424_115654,sweep_4533,283,2647.37,0.5442546218479334,0.5498693469827807
scope_20260424_115654,sweep_4534,283,2647.37,0.5442546218479334,0.49086131750707584
scope_20260424_115654,sweep_4535,283,2647.6,0.5442782633948848,0.7208613832817554
scope_20260424_115654,sweep_4536,283,2647.72,0.5442905977073862,0.7540637504466994
scope_20260424_115654,sweep_4537,283,2647.6,0.5442782633948848,0.5960106481444789
scope_20260424_115654,sweep_4538,283,2647.37,0.5442546218479334,0.5265409352201861
scope_20260424_115654,sweep_4539,283,2647.49,0.5589399266908183,0.6957023680404332
scope_20260424_115654,sweep_4540,284,2439.82,0.5365705876654359,0.4325545528729953
scope_20260424_115654,sweep_4551,286,2270.66,0.5464575427129066,0.6774565076652198
scope_20260424_115654,sweep_4552,286,2270.66,0.5464575427129066,0.6124164346932436
scope_20260424_115654,sweep_4553,286,2270.83,0.5464779984490266,0.5487791593179585
scope_20260424_115654,sweep_4554,286,2270.75,0.5617581804448438,0.7253085983069771
scope_20260424_115654,sweep_4555,286,2270.66,0.5617470478372885,0.6019052226061176
scope_20260424_115654,sweep_4556,286,2270.75,0.5617581804448438,0.6847592251063571
scope_20260424_115654,sweep_4557,286,2270.75,0.5617581804448438,0.7005889634942891
scope_20260424_115654,sweep_4558,286,2270.66,0.5617470478372885,0.670419599744744
scope_20260424_115654,sweep_4559,286,2270.83,0.5617680759107957,0.6815724499310817
scope_20260424_115654,sweep_4560,286,2270.92,0.5617792081016442,0.5353325204631936
scope_20260424_115654,sweep_4572,288,1896.93,0.4860354691734533,0.5424130150428168
scope_20260424_115654,sweep_4573,288,1896.93,0.4860354691734533,0.39379372242856725
scope_20260424_115654,sweep_4574,288,1897.05,0.486050842258894,0.5108253261735786
scope_20260424_115654,sweep_4575,288,1896.69,0.4860047215437479,0.4565670519034463
scope_20260424_115654,sweep_4576,288,1891.07,0.47239117089806293,0.5213028007960597
scope_20260424_115654,sweep_4577,288,1896.99,0.47313000407039735,0.3943010464286281
scope_20260424_115654,sweep_4578,288,1896.87,0.47311503917907055,0.4545059140981684
scope_20260424_115654,sweep_4579,288,1896.81,0.4731075565558988,0.41673828988006045
scope_20260424_115654,sweep_4580,288,1896.87,0.47311503917907055,0.5057464815662819
scope_20260424_115654,sweep_4581,288,1896.99,0.460709666889661,0.5670849957340696
scope_20260424_115654,sweep_4582,288,1896.87,0.460695094848068,0.5030062167858668
scope_20260424_115654,sweep_4583,289,1714.04,0.4379305882936882,0.43308043189237405
scope_20260424_115654,sweep_4584,289,1709.3,0.43732464325376175,0.40648335445488704
scope_20260424_115654,sweep_4585,289,1709.3,0.43732464325376175,0.41900320064588675
scope_20260424_115654,sweep_4586,289,1709.5,0.43735022751933805,0.5581104921316664
scope_20260424_115654,sweep_4587,289,1709.26,0.4373195262210375,0.4728121930740221
scope_20260424_115654,sweep_4588,289,1709.35,0.4373310394604717,0.39086059878748014
scope_20260424_115654,sweep_4589,289,1709.26,0.4373195262210375,0.40349621996949403
scope_20260424_115654,sweep_4590,289,1709.3,0.43732464325376175,0.46362123004861944
scope_20260424_115654,sweep_4591,289,1709.35,0.4373310394604717,0.458733283672158
scope_20260424_115654,sweep_4592,289,1709.35,0.4373310394604717,0.549767383244499
scope_20260424_115654,sweep_4604,291,1309.9,0.4038884020833763,0.46644022308440425
scope_20260424_115654,sweep_4605,291,1332.27,0.40732253270758084,0.5012355068933602
scope_20260424_115654,sweep_4606,291,1332.27,0.41857809239099325,0.39559442259668437
scope_20260424_115654,sweep_4607,291,1332.33,0.418587517808808,0.42279953510967333
scope_20260424_115654,sweep_4608,291,1332.24,0.4185733796024955,0.5233562839468918
scope_20260424_115654,sweep_4609,291,1332.21,0.418568666760935,0.4782438251349345
scope_20260424_115654,sweep_4610,291,1332.36,0.41859223043812854,0.48343076174578536
scope_20260424_115654,sweep_4611,291,1332.27,0.43028961870060156,0.4857191702587801
scope_20260424_115654,sweep_4612,291,1332.3,0.4302944632951255,0.35679076696075024
scope_20260424_115654,sweep_4613,291,1332.33,0.43029930783510556,0.48211893862492283
scope_20260424_115654,sweep_4614,291,1332.3,0.4302944632951255,0.3801397401442523
scope_20260424_115654,sweep_4615,292,1147.84,0.39939757300858847,0.51480345195811
scope_20260424_115654,sweep_4616,292,1143.73,0.3986818826302668,0.45317538791728934
scope_20260424_115654,sweep_4617,292,1143.64,0.3986661962028146,0.4206843108183399
scope_20260424_115654,sweep_4618,292,1143.64,0.3986661962028146,0.3838029302667278
scope_20260424_115654,sweep_4619,292,1143.71,0.39867839681083783,0.36122820996736615
scope_20260424_115654,sweep_4620,292,1143.66,0.3986696821289212,0.5048174879675639
scope_20260424_115654,sweep_4621,292,1143.69,0.3878238666740628,0.29932417792377625
scope_20260424_115654,sweep_4622,292,1143.71,0.3878272576468893,0.32532313971294696
scope_20260424_115654,sweep_4623,292,1143.88,0.3878560797189246,0.39144104678306024
scope_20260424_115654,sweep_4624,292,1143.64,0.3878153891122781,0.33308634652262276
scope_20260424_115654,sweep_4625,293,932.81,0.33450970360536014,0.2870078970865889
scope_20260424_115654,sweep_4626,294,955.75,0.33214528043661046,0.34228423369387756
scope_20260424_115654,sweep_4627,294,957.14,0.3325461683948864,0.2680847905616987
scope_20260424_115654,sweep_4628,294,957.14,0.3325461683948864,0.26695966049845143
scope_20260424_115654,sweep_4629,294,955.69,0.32330402696972815,0.3458997692975157
scope_20260424_115654,sweep_4630,294,957.18,0.3237223395355603,0.296173049341171
scope_20260424_115654,sweep_4631,294,957.2,0.32372795371606156,0.31383958106534227
scope_20260424_115654,sweep_4632,294,955.78,0.3233292973162862,0.32023895187161555
scope_20260424_115654,sweep_4633,294,957.14,0.3152132329108416,0.20625665711793303
scope_20260424_115654,sweep_4634,294,957.23,0.3152378335338529,0.2795146650226405
scope_20260424_115654,sweep_4635,294,957.15,0.31521596633281723,0.2274672977440814
scope_20260424_115654,sweep_4646,296,569.24,0.19946905091732745,0.1508160357083611
scope_20260424_115654,sweep_4647,296,598.81,0.20803204476694995,0.193120949130926
scope_20260424_115654,sweep_4648,296,605.8,0.2100456173270806,0.16137515292083768
scope_20260424_115654,sweep_4649,296,611.18,0.2115927155764313,0.25237204910270294
scope_20260424_115654,sweep_4650,296,616.62,0.21315471549904888,0.21342950313685272
scope_20260424_115654,sweep_4651,296,620.92,0.2143877268661181,0.18988387037799156
scope_20260424_115654,sweep_4652,296,625.89,0.21581105191683866,0.1839226979944643
scope_20260424_115654,sweep_4653,296,629.69,0.21689801227363673,0.21568398448341897
scope_20260424_115654,sweep_4654,296,634.86,0.22419065973023816,0.15207170587616647
scope_20260424_115654,sweep_4655,296,639.43,0.22552931506895674,0.26259643404546595
scope_20260424_115654,sweep_4656,296,642.03,0.2262901869663404,0.15334588192682969
scope_20260424_115654,sweep_4658,298,461.19,0.17195511787872073,0.20249863950102934
scope_20260424_115654,sweep_4659,298,469.91,0.17464935842731744,0.17003810471254813
scope_20260424_115654,sweep_4660,298,478.98,0.18222644156647444,0.14158799306069897
scope_20260424_115654,sweep_4661,298,485.66,0.18433330418985885,0.2973082307211303
scope_20260424_115654,sweep_4662,298,492.98,0.18663637422032683,0.12842100765675024
scope_20260424_115654,sweep_4663,298,499.32,0.18862641372675354,0.197499741283768
scope_20260424_115654,sweep_4664,298,503.39,0.18990166568369657,0.17602040900854873
scope_20260424_115654,sweep_4665,298,509.96,0.19719562915474975,0.17356395848841086
scope_20260424_115654,sweep_4666,298,515.46,0.19895925032466952,0.1664653451726611
scope_20260424_115654,sweep_4667,299,365.76,0.1496563553579868,0.18668287478766799
scope_20260424_115654,sweep_4668,299,366.83,0.15001964493979994,0.15435065411675883
scope_20260424_115654,sweep_4669,299,366.62,0.14994835933943135,0.17445311456590532
scope_20260424_115654,sweep_4670,299,366.63,0.15409537680956104,0.19321311534256103
scope_20260424_115654,sweep_4671,299,366.61,0.1540883997615393,0.14239399552275406
scope_20260424_115654,sweep_4672,299,366.62,0.15409188829363824,0.1578098880918414
scope_20260424_115654,sweep_4673,299,374.78,0.15693318459303937,0.10768480170694793
scope_20260424_115654,sweep_4674,299,383.1,0.15981938542334734,0.17928819943549723
scope_20260424_115654,sweep_4675,299,390.29,0.16230501233653485,0.15600768877625532
scope_20260424_115654,sweep_4676,299,397.55,0.16941813748280077,0.1877784552284178
scope_20260424_115654,sweep_4677,299,403.19,0.17141066438997282,0.11820900514090867
scope_20260424_115654,sweep_4678,299,366.41,0.15401862572177902,0.12759193102406718
scope_20260424_115654,sweep_4679,299,366.62,0.15409188829363824,0.16874534319573406
scope_20260424_115654,sweep_4680,299,366.41,0.15401862572177902,0.12019432264101088
scope_20260424_115654,sweep_4681,299,366.84,0.15416863190816937,0.1757817618789509
scope_20260424_115654,sweep_4682,299,366.41,0.15401862572177902,0.12867191457956145
scope_20260424_115654,sweep_4683,299,365.98,0.1538685896056683,0.11547601683885886
scope_20260424_115654,sweep_4684,299,366.6,0.15408491121326373,0.17996444819583143
scope_20260424_115654,sweep_4685,299,365.34,0.14951370635363465,0.136097183654667
scope_20260424_115654,sweep_4686,299,366.17,0.14979558109991908,0.14104003085879754
scope_20260424_115654,sweep_4687,299,365.97,0.14972766941640164,0.13414421792402637
scope_20260424_115654,sweep_4688,299,365.98,0.14973106515039566,0.15301323521263283
scope_20260424_115654,sweep_4689,299,366.4,0.14589184124509186,0.1313721988414306
scope_20260424_115654,sweep_4690,299,365.55,0.1456108723357516,0.13940620792276542
scope_20260424_115654,sweep_4691,299,366.84,0.14603724043855093,0.14375117886409838
scope_20260424_115654,sweep_4692,299,365.75,0.14185276389146378,0.14318878078670716
scope_20260424_115654,sweep_4693,299,366.18,0.14199117043824844,0.1488332052392052
scope_20260424_115654,sweep_4694,299,366.18,0.14199117043824844,0.15380707028378146
scope_20260424_115654,sweep_4695,299,366.4,0.1383768266806968,0.14561909398210585
scope_20260424_115654,sweep_4696,299,365.99,0.13824829470747535,0.1524473075491368
scope_20260424_115654,sweep_4697,299,365.98,0.13824515947560825,0.18292113209787655
scope_20260424_115654,sweep_4698,299,366.39,0.13837369204552782,0.2800041556979626
scope_20260424_115654,sweep_4699,300,537.42,0.18529452799772422,0.12930248377231568
scope_20260424_115654,sweep_4700,301,365.76,0.13463406946065382,0.17116730499823704
scope_20260424_115654,sweep_4701,301,364.9,0.13437127138783844,0.12006116505385049
scope_20260424_115654,sweep_4702,301,365.74,0.1346279590714891,0.11554448088892794
scope_20260424_115654,sweep_4703,301,365.76,0.13463406946065382,0.119872256779874
scope_20260424_115654,sweep_4704,301,365.97,0.13469822511826807,0.18113085129633275
scope_20260424_115654,sweep_4705,301,365.98,0.13470127999345416,0.1509025826675263
scope_20260424_115654,sweep_4706,301,366.2,0.1347684836582681,0.10763985119533986
scope_20260424_115654,sweep_4707,301,365.76,0.13463406946065382,0.12217027083770297
scope_20260424_115654,sweep_4708,301,366.2,0.1347684836582681,0.11783439680557398
scope_20260424_115654,sweep_4709,301,366.19,0.13476542909515846,0.13108471240211336
scope_20260424_115654,sweep_4710,301,365.96,0.1346951702288914,0.12941238172008915
scope_20260424_115654,sweep_4711,301,366.4,0.13482957194324727,0.14964621365517347
scope_20260424_115654,sweep_4712,301,366.19,0.13831099628722401,0.1325223786111269
scope_20260424_115654,sweep_4713,301,365.98,0.13824515947560825,0.11604304074454777
scope_20260424_115654,sweep_4714,301,366.39,0.13837369204552782,0.11172845553307482
scope_20260424_115654,sweep_4715,301,366.41,0.13837996130132194,0.12658432102837816
scope_20260424_115654,sweep_4716,301,366.2,0.13831413121336755,0.15900159094918007
scope_20260424_115654,sweep_4717,301,366.4,0.1383768266806968,0.21091280392808615
scope_20260424_115654,sweep_4718,301,365.76,0.14185598296242516,0.12382982918396135
scope_20260424_115654,sweep_4719,302,171.54,0.07566901679314804,0.12795074358613917
scope_20260424_115654,sweep_4720,302,171.54,0.07566901679314804,0.10131779139112898
scope_20260424_115654,sweep_4721,302,171.54,0.07566901679314804,0.14413413540072265
scope_20260424_115654,sweep_4722,302,171.54,0.07566901679314804,0.11765694335944686
scope_20260424_115654,sweep_4723,302,171.54,0.07566901679314804,0.08702182323549992
scope_20260424_115654,sweep_4724,302,171.54,0.0777089885372851,0.09044785360116515
scope_20260424_115654,sweep_4725,302,171.54,0.0777089885372851,0.1183031032324586
scope_20260424_115654,sweep_4726,302,171.54,0.0777089885372851,0.08788001704422745
scope_20260424_115654,sweep_4727,302,171.54,0.0777089885372851,0.10102323427559014
scope_20260424_115654,sweep_4728,302,171.54,0.0777089885372851,0.07508354587844611
scope_20260424_115654,sweep_4729,302,171.54,0.0777089885372851,0.11998133213510452
scope_20260424_115654,sweep_4730,302,171.54,0.0777089885372851,0.11936705802302934
scope_20260424_115654,sweep_4731,302,171.54,0.0777089885372851,0.118130277652325
scope_20260424_115654,sweep_4732,302,171.54,0.0777089885372851,0.11563825210148758
scope_20260424_115654,sweep_4733,302,171.54,0.0777089885372851,0.10517928341093544
scope_20260424_115654,sweep_4734,302,171.54,0.0777089885372851,0.1031077805400738
scope_20260424_115654,sweep_4735,302,171.54,0.0777089885372851,0.11109803229984742
scope_20260424_115654,sweep_4736,302,171.54,0.07566901679314804,0.10757815930945334
scope_20260424_115654,sweep_4737,302,171.54,0.07566901679314804,0.11662663936323257
scope_20260424_115654,sweep_4738,302,171.54,0.07566901679314804,0.12972712950606555
scope_20260424_115654,sweep_4739,302,171.54,0.07566901679314804,0.1021528545626826
scope_20260424_115654,sweep_4740,302,171.54,0.07370613151897495,0.10698158416937777
scope_20260424_115654,sweep_4741,302,171.54,0.07370613151897495,0.12309791395020439
scope_20260424_115654,sweep_4742,302,171.54,0.07370613151897495,0.10731638196445538
scope_20260424_115654,sweep_4743,302,171.54,0.07370613151897495,0.10580245024677673
scope_20260424_115654,sweep_4744,302,171.54,0.07181669359442228,0.09747340091620696
scope_20260424_115654,sweep_4745,302,171.54,0.07181669359442228,0.10390880389679313
scope_20260424_115654,sweep_4746,302,171.54,0.07181669359442228,0.11709158565460502
scope_20260424_115654,sweep_4747,302,171.54,0.06999726652280583,0.11890905325108009
scope_20260424_115654,sweep_4748,302,171.54,0.06999726652280583,0.11626947873891898
scope_20260424_115654,sweep_4749,302,171.54,0.06999726652280583,0.1067833573701636
scope_20260424_115654,sweep_4750,302,171.54,0.06824460357004973,0.11315197573334373
scope_20260424_115654,sweep_4751,302,171.54,0.06824460357004973,0.12695079493712821
scope_20260424_115654,sweep_4752,302,171.54,0.06824460357004973,0.17294407996300434
scope_20260424_115654,sweep_4753,302,171.54,0.06655563581383227,0.15295149857393536
scope_20260424_115654,sweep_4754,302,171.54,0.06655563581383227,0.13582817926559618
scope_20260424_115654,sweep_4755,302,171.54,0.06655563581383227,0.14378522410942907
scope_20260424_115654,sweep_4756,302,171.54,0.06492746103220857,0.10781771771662357
scope_20260424_115654,sweep_4757,302,171.54,0.06492746103220857,0.1692919629594335
scope_20260424_115654,sweep_4758,302,171.54,0.06492746103220857,0.15815464535130772
scope_20260424_115654,sweep_4759,302,171.54,0.06492746103220857,0.10615765516798473
scope_20260424_115654,sweep_4760,302,171.54,0.06335733336696,0.19240912704039914
scope_20260424_115654,sweep_4761,302,171.54,0.06335733336696,0.09190299285754347
scope_20260424_115654,sweep_4762,302,171.54,0.06335733336696,0.2750928038563031
scope_20260424_115654,sweep_4763,302,171.54,0.06335733336696,0.1415270487328351
scope_20260424_115654,sweep_4764,302,171.54,0.06335733336696,0.125401305225935
scope_20260424_115654,sweep_4765,302,171.54,0.06335733336696,0.15349388060037886
scope_20260424_115654,sweep_4766,302,171.54,0.06335733336696,0.08485652561115907
scope_20260424_115654,sweep_4767,302,171.54,0.06335733336696,0.08836301806054248
scope_20260424_115654,sweep_4768,302,171.54,0.06335733336696,0.12764512626543664
scope_20260424_115654,sweep_4769,302,171.54,0.06335733336696,0.10021913167402108
scope_20260424_115654,sweep_4770,302,171.54,0.06335733336696,0.08765101655177027
scope_20260424_115654,sweep_4771,302,171.54,0.06335733336696,0.15157426180234038
scope_20260424_115654,sweep_4824,304,519.34,0.1628283813262587,0.29885786484033633
scope_20260424_115654,sweep_4825,304,508.71,0.16005729083193096,0.252637439803102
scope_20260424_115654,sweep_4826,304,512.87,0.16114290521749566,0.25629402055030487
scope_20260424_115654,sweep_4827,304,518.48,0.16260455248821543,0.22929074705795074
scope_20260424_115654,sweep_4828,304,523.66,0.16395178020609535,0.15893454825271217
scope_20260424_115654,sweep_4829,304,527.71,0.1650035364846898,0.24332075617595225
scope_20260424_115654,sweep_4830,304,532.7,0.1662975196942901,0.2068398492184745
scope_20260424_115654,sweep_4831,304,537.71,0.1675946178432686,0.21766863583593477
scope_20260424_115654,sweep_4832,304,540.5,0.1683160625550734,0.26266167374067345
scope_20260424_115654,sweep_4833,304,542.9,0.16893615370947138,0.22530408450070982
scope_20260424_115654,sweep_4834,304,547.2,0.17004598694690995,0.19036280907599715
scope_20260424_115654,sweep_4835,305,761.54,0.22372272000126797,0.28668547327324784
scope_20260424_115654,sweep_4836,306,738.01,0.2179700370983589,0.3407631296191283
scope_20260424_115654,sweep_4837,306,735.38,0.2227749504437659,0.28002476753951494
scope_20260424_115654,sweep_4838,306,734.56,0.2225687509166239,0.19736282178393022
scope_20260424_115654,sweep_4839,306,731.87,0.22189204084111022,0.3272164985390575
scope_20260424_115654,sweep_4840,306,730.26,0.22148681883985966,0.26470412667048965
scope_20260424_115654,sweep_4841,306,728.51,0.22665562840987424,0.3048658096360316
scope_20260424_115654,sweep_4842,306,726.82,0.226219131179618,0.21992859109974897
scope_20260424_115654,sweep_4843,306,726.02,0.2260124451191405,0.26702967546277745
scope_20260424_115654,sweep_4844,306,724.24,0.22555242963902913,0.26187350883903593
scope_20260424_115654,sweep_4845,306,723.45,0.23113561313171438,0.22591104637729034
scope_20260424_115654,sweep_4846,307,906.93,0.2788329036316785,0.35103341313968595
scope_20260424_115654,sweep_4847,307,900.35,0.2771527741803646,0.3073604326263467
scope_20260424_115654,sweep_4848,307,893.92,0.2755089278442111,0.32760901701454154
scope_20260424_115654,sweep_4849,307,891.31,0.2819849996689588,0.27632406661408604
scope_20260424_115654,sweep_4850,307,885.06,0.2803428421094621,0.34321100256978826
scope_20260424_115654,sweep_4851,307,879.98,0.27900664395024377,0.3074306433487382
scope_20260424_115654,sweep_4852,307,873.79,0.2846742592422925,0.2739357342123067
scope_20260424_115654,sweep_4853,307,870.04,0.2836598594483222,0.3903620388504015
scope_20260424_115654,sweep_4854,307,865.33,0.28238471941332427,0.2647107320598328
scope_20260424_115654,sweep_4855,307,861.71,0.28140387358560365,0.2816556161126973
scope_20260424_115654,sweep_4856,308,1072.64,0.33744836258644123,0.27501683498224333
scope_20260424_115654,sweep_4857,309,1040.37,0.33233359169275,0.27979550793110536
scope_20260424_115654,sweep_4858,309,1031.76,0.3309555545523523,0.24980023334755488
scope_20260424_115654,sweep_4859,309,1023.16,0.32957336605087006,0.28525534370955036
scope_20260424_115654,sweep_4860,309,1014.95,0.32824842803510523,0.35394237383610133
scope_20260424_115654,sweep_4861,309,1008.32,0.3271745560235508,0.3918878656500218
scope_20260424_115654,sweep_4862,309,1006.73,0.32691649668614225,0.25834516622783166
scope_20260424_115654,sweep_4863,309,1000.27,0.3258659273335133,0.23743293786384628
scope_20260424_115654,sweep_4864,309,992.29,0.31636642082124833,0.2859515053599286
scope_20260424_115654,sweep_4865,309,987.54,0.31510894260020994,0.25439580744407503
scope_20260424_115654,sweep_4866,309,981.37,0.3134740078263768,0.4010568392395171
scope_20260424_115654,sweep_4867,310,1162.95,0.35136690444702445,0.3906925976159325
scope_20260424_115654,sweep_4868,310,1156.36,0.3503699581013629,0.2567790776914734
scope_20260424_115654,sweep_4877,312,1355.5,0.3602529574772319,0.2944382383035279
scope_20260424_115654,sweep_4878,313,1335.02,0.3485691236196217,0.2926649535565349
scope_20260424_115654,sweep_4879,313,1335.02,0.3485691236196217,0.29181756672341286
scope_20260424_115654,sweep_4880,313,1334.99,0.34856520714928574,0.3596437916257006
scope_20260424_115654,sweep_4881,313,1335.08,0.3485769564282821,0.4909120401273108
scope_20260424_115654,sweep_4882,313,1335.08,0.3485769564282821,0.3687480558562513
scope_20260424_115654,sweep_4883,313,1335.11,0.33995393636814936,0.2969743510251545
scope_20260424_115654,sweep_4884,313,1335.11,0.33995393636814936,0.2777292352074545
scope_20260424_115654,sweep_4885,313,1335.08,0.3399501169542499,0.4808389380454876
scope_20260424_115654,sweep_4886,313,1335.08,0.3399501169542499,0.37669721956033475
scope_20260424_115654,sweep_4887,313,1335.17,0.33996157506721675,0.4259181809793626
scope_20260424_115654,sweep_4888,314,1521.14,0.36286588794593305,0.34669281461767254
scope_20260424_115654,sweep_4889,314,1521.41,0.36289809058427736,0.4050545950335778
scope_20260424_115654,sweep_4890,314,1524.86,0.36330931748820094,0.4380683082644119
scope_20260424_115654,sweep_4891,314,1521.3,0.3628849713358381,0.4795088081047839
scope_20260424_115654,sweep_4892,314,1521.26,0.36288020058244663,0.5511852318334904
scope_20260424_115654,sweep_4893,314,1525.01,0.3633271863605863,0.30720899789305445
scope_20260424_115654,sweep_4894,314,1521.26,0.36288020058244663,0.5179742492181997
scope_20260424_115654,sweep_4895,314,1521.26,0.36288020058244663,0.4656908281692418
scope_20260424_115654,sweep_4896,314,1521.3,0.37209382357363385,0.32009948939993926
scope_20260424_115654,sweep_4897,314,1521.26,0.3720889317538811,0.4080623020716791
scope_20260424_115654,sweep_4898,314,1521.3,0.37209382357363385,0.4786348720751326
scope_20260424_115654,sweep_4899,315,1714.04,0.39496217416171947,0.35972148946030164
scope_20260424_115654,sweep_4900,315,1709.55,0.4045746783516882,0.4552689280706338
scope_20260424_115654,sweep_4901,315,1709.21,0.4045344448894706,0.36827307095901624
scope_20260424_115654,sweep_4902,315,1713.89,0.4050878956101831,0.4005223358583849
scope_20260424_115654,sweep_4903,315,1709.26,0.4045403618260443,0.48709698454073425
scope_20260424_115654,sweep_4904,315,1714.19,0.4156536498622198,0.4463936160218161
scope_20260424_115654,sweep_4905,315,1713.99,0.415629401338166,0.41078898929235763
scope_20260424_115654,sweep_4906,315,1709.35,0.4150664379070789,0.368908073749453
scope_20260424_115654,sweep_4907,315,1713.89,0.4156172765456111,0.4886568507351318
scope_20260424_115654,sweep_4908,315,1713.99,0.42656426778972384,0.43006495598177874
scope_20260424_115654,sweep_4909,316,1920.25,0.4515015212137919,0.40447543788527196
scope_20260424_115654,sweep_4910,316,1902.71,0.44943473199237627,0.4902930292361212
scope_20260424_115654,sweep_4911,316,1896.93,0.4487515725557408,0.5417061715459813
scope_20260424_115654,sweep_4912,316,1896.81,0.448737378294388,0.48198337752887194
scope_20260424_115654,sweep_4913,316,1902.71,0.461403733742287,0.4674520911923301
scope_20260424_115654,sweep_4914,316,1896.87,0.460695094848068,0.4906460703374376
scope_20260424_115654,sweep_4915,316,1896.81,0.460687808654423,0.5284833851433255
scope_20260424_115654,sweep_4916,316,1896.93,0.46070238092647875,0.4212971629225712
scope_20260424_115654,sweep_4917,316,1902.59,0.4613891836213885,0.5158743459167491
scope_20260424_115654,sweep_4918,316,1896.87,0.460695094848068,0.5113716993749418
scope_20260424_115654,sweep_4919,316,1902.59,0.4613891836213885,0.46091775313587724
scope_20260424_115654,sweep_4920,317,2087.76,0.4707828322161804,0.4509432087081273
scope_20260424_115654,sweep_4921,317,2087.68,0.4707738122648021,0.540544649921527
scope_20260424_115654,sweep_4922,317,2081.02,0.47002229427745523,0.42121903073184846
scope_20260424_115654,sweep_4923,317,2080.8,0.4699974488560249,0.43972784414632804
scope_20260424_115654,sweep_4924,317,2087.68,0.4707738122648021,0.433068866944655
scope_20260424_115654,sweep_4925,317,2080.73,0.46998954321922193,0.6232441332679177
scope_20260424_115654,sweep_4926,317,2087.9,0.470798616715264,0.4650769585408381
scope_20260424_115654,sweep_4927,317,2087.76,0.4707828322161804,0.4850687225977898
scope_20260424_115654,sweep_4928,317,2080.95,0.45796568980557223,0.46300594995101535
scope_20260424_115654,sweep_4929,317,2087.83,0.45872212411660007,0.48549531361491427
scope_20260424_115654,sweep_4930,318,2295.86,0.48103294409755293,0.5321448938296339
scope_20260424_115654,sweep_4931,318,2270.92,0.4784130716655422,0.685152885637815
scope_20260424_115654,sweep_4932,318,2270.75,0.47839516444196634,0.5547238788362434
scope_20260424_115654,sweep_4933,318,2270.66,0.4783856838757592,0.5573307919050018
scope_20260424_115654,sweep_4934,318,2279.03,0.46712468165351817,0.6758850474371225
scope_20260424_115654,sweep_4935,318,2279.03,0.46712468165351817,0.41935516668703654
scope_20260424_115654,sweep_4936,318,2270.66,0.46626610804520463,0.4322426832466297
scope_20260424_115654,sweep_4937,318,2278.94,0.4671154580723424,0.45209305412569795
scope_20260424_115654,sweep_4938,318,2278.86,0.46710725918061985,0.42340932605193643
scope_20260424_115654,sweep_4939,318,2270.75,0.46627534842771706,0.5105692632071985
scope_20260424_115654,sweep_4940,318,2279.03,0.46712468165351817,0.5125249296062268
scope_20260424_115654,sweep_4951,320,2670.11,0.4929576438150962,0.533173268005906
scope_20260424_115654,sweep_4956,323,2647.37,0.5034601668725315,0.6227786312281303
scope_20260424_115654,sweep_4957,324,2658.75,0.5045410948905346,0.6364543502158564
scope_20260424_115654,sweep_4958,325,2647.37,0.5034601668725315,0.6280706797462813
scope_20260424_115654,sweep_4959,325,2647.49,0.5165582284420472,0.532767424862122
scope_20260424_115654,sweep_4960,325,2647.49,0.5165582284420472,0.617203991059207
scope_20260424_115654,sweep_4961,325,2647.37,0.5165465215631102,0.6195098956736561
scope_20260424_115654,sweep_4962,326,2827.92,0.5479158839325871,0.5837235903710635
scope_20260424_115654,sweep_4963,326,2840.77,0.5491593312392031,0.5261844140044102
scope_20260424_115654,sweep_4964,326,2841.18,0.5491989590870037,0.5429380444836901
scope_20260424_115654,sweep_4965,326,2840.91,0.5491728630209316,0.5760577951352626
scope_20260424_115654,sweep_4966,326,2840.77,0.5491593312392031,0.5467791903404075
scope_20260424_115654,sweep_4967,326,2841.04,0.5638109138758961,0.5099875266760242
scope_20260424_115654,sweep_4968,326,2828.19,0.5625344128309615,0.5839058647482877
scope_20260424_115654,sweep_4969,326,2840.77,0.5637841221792441,0.5171720848651733
scope_20260424_115654,sweep_4970,326,2840.91,0.5637980143290253,0.4827936706039548
scope_20260424_115654,sweep_4971,326,2840.91,0.5637980143290253,0.556166703280708
scope_20260424_115654,sweep_4972,326,2840.77,0.5637841221792441,0.518637114965426
scope_20260424_115654,sweep_4973,327,2962.82,0.5757678860043196,0.5584503535111008
scope_20260424_115654,sweep_4974,327,2976.93,0.5771372630490585,0.5048212693493179
scope_20260424_115654,sweep_4975,327,2976.63,0.5771081818242383,0.5842891132239207
scope_20260424_115654,sweep_4976,327,2962.96,0.5757814890162881,0.7261526072239953
scope_20260424_115654,sweep_4977,327,2976.63,0.5771081818242383,0.4890516999778549
scope_20260424_115654,sweep_4978,327,2976.78,0.5771227226198238,0.6013114530556785
scope_20260424_115654,sweep_4979,327,2962.67,0.5757533109919934,0.5565503859109081
scope_20260424_115654,sweep_4980,327,2976.93,0.5771372630490585,0.6140043715199871
scope_20260424_115654,sweep_4981,327,2962.23,0.5757105554938456,0.5880319476118734
scope_20260424_115654,sweep_4982,327,2962.82,0.5757678860043196,0.5551701658612673
scope_20260424_115654,sweep_4983,327,2962.82,0.5608322313245565,0.5377141912573145
scope_20260424_115654,sweep_4984,327,2976.93,0.562166086168138,0.5931220962136982
scope_20260424_115654,sweep_4985,327,2962.67,0.560818034394017,0.5847894943741677
scope_20260424_115654,sweep_4986,327,2976.93,0.562166086168138,0.5498010950967452
scope_20260424_115654,sweep_4987,327,2962.67,0.560818034394017,0.6444265945431128
scope_20260424_115654,sweep_4988,327,2962.52,0.5608038371040777,0.5378082999329578
scope_20260424_115654,sweep_4989,327,2962.67,0.560818034394017,0.6196322296197445
scope_20260424_115654,sweep_4990,327,2976.93,0.562166086168138,0.46370134795593304
scope_20260424_115654,sweep_4991,327,2977.08,0.562180249055865,0.6057765408799604
scope_20260424_115654,sweep_4992,327,2976.78,0.5477413014373902,0.5103905290418116
scope_20260424_115654,sweep_4993,327,2962.82,0.5464554397966588,0.5339843809571181
scope_20260424_115654,sweep_4994,327,2976.63,0.5477275009163125,0.5362659164412162
scope_20260424_115654,sweep_4995,327,2962.96,0.5464683502768514,0.4921674653628575
scope_20260424_115654,sweep_4996,327,2976.63,0.5477275009163125,0.5510240109354207
scope_20260424_115654,sweep_4997,327,2976.63,0.5477275009163125,0.5985536247900631
scope_20260424_115654,sweep_4998,327,2976.93,0.547755101610768,0.5695112056948101
scope_20260424_115654,sweep_4999,327,2976.78,0.5477413014373902,0.6688781380661718
scope_20260424_115654,sweep_5000,327,2962.82,0.5464554397966588,0.5373295263924871
scope_20260424_115654,sweep_5001,327,2962.67,0.5464416068008208,0.5782739534887512
scope_20260424_115654,sweep_5002,327,2962.96,0.5326239464131722,0.6141927664949531
scope_20260424_115654,sweep_5003,327,2976.78,0.5338646482221131,0.46884269672879675
scope_20260424_115654,sweep_5004,327,2977.08,0.5338915489939962,0.5941442014769109
scope_20260424_115654,sweep_5005,327,2962.67,0.5325978804649119,0.49073155816505554
scope_20260424_115654,sweep_5006,327,2976.93,0.5338780987774874,0.5201897387820468
scope_20260424_115654,sweep_5007,327,2962.67,0.5325978804649119,0.5956459631980853
scope_20260424_115654,sweep_5008,327,2976.49,0.5338386428540887,0.562706344547814
scope_20260424_115654,sweep_5009,327,2962.96,0.5326239464131722,0.6130544419284925
scope_20260424_115654,sweep_5010,327,2976.78,0.5338646482221131,0.5734585214392718
scope_20260424_115654,sweep_5011,327,2976.49,0.5338386428540887,0.6564655833840136
scope_20260424_115654,sweep_5012,327,2976.78,0.5338646482221131,0.4663892388393053
scope_20260424_115654,sweep_5013,327,2962.52,0.5325843975772971,0.5662641948701935
scope_20260424_115654,sweep_5014,327,2963.11,0.5326374282996698,0.6457787909650133
scope_20260424_115654,sweep_5015,327,2962.82,0.5192752964683482,0.4892750595377666
scope_20260424_115654,sweep_5016,327,2976.78,0.5204972006458537,0.5445881476340438
scope_20260424_115654,sweep_5017,327,2976.34,0.5204587316908473,0.489537388641076
scope_20260424_115654,sweep_5018,327,2962.82,0.5192752964683482,0.6300873987500984
scope_20260424_115654,sweep_5019,327,2962.82,0.5192752964683482,0.6619014395230256
scope_20260424_115654,sweep_5020,327,2962.96,0.5192875647942562,0.47349049147360356
scope_20260424_115654,sweep_5021,327,2976.78,0.5338646482221131,0.620949553756404
scope_20260424_115654,sweep_5022,327,2976.93,0.5338780987774874,0.482121710273918
scope_20260424_115654,sweep_5023,327,2976.49,0.5338386428540887,0.6495021317128982
scope_20260424_115654,sweep_5024,327,2976.78,0.5338646482221131,0.5328334434036681
scope_20260424_115654,sweep_5025,327,2976.63,0.5338511973278477,0.5640774579791756
scope_20260424_115654,sweep_5026,327,2976.63,0.5338511973278477,0.6897441135970667
scope_20260424_115654,sweep_5027,327,2962.67,0.5325978804649119,0.5513051373614754
scope_20260424_115654,sweep_5028,327,2976.78,0.5477413014373902,0.5275239074080422
scope_20260424_115654,sweep_5029,327,2962.67,0.5464416068008208,0.5931565965544063
scope_20260424_115654,sweep_5030,327,2962.67,0.5464416068008208,0.504119528543732
scope_20260424_115654,sweep_5031,327,2962.82,0.5464554397966588,0.7823200211154052
scope_20260424_115654,sweep_5032,327,2976.93,0.562166086168138,0.620655549881635
scope_20260424_115654,sweep_5033,327,2963.11,0.5608596777046027,0.6444089211519499
scope_20260424_115654,sweep_5034,327,2976.63,0.5621377593221955,0.6023869389478267
scope_20260424_115654,sweep_5035,327,2962.52,0.5608038371040777,0.6068374874609803
scope_20260424_115654,sweep_5036,327,2962.96,0.5608454814688256,0.46736938279882134
scope_20260424_115654,sweep_5037,327,2976.78,0.5621519229235905,0.6264741900534249
scope_20260424_115654,sweep_5038,327,2962.67,0.560818034394017,0.5057421525440539
scope_20260424_115654,sweep_5039,327,2962.67,0.560818034394017,0.4681961313148973
scope_20260424_115654,sweep_5040,327,2976.78,0.5621519229235905,0.6235761706954787
scope_20260424_115654,sweep_5041,327,2976.93,0.562166086168138,0.5706902531741543
scope_20260424_115654,sweep_5042,327,2976.93,0.562166086168138,0.679973183507966
scope_20260424_115654,sweep_5043,327,2976.78,0.5621519229235905,0.6565736591092083
scope_20260424_115654,sweep_5044,327,2976.63,0.5621377593221955,0.49113293451376766
scope_20260424_115654,sweep_5045,327,2962.82,0.5608322313245565,0.4741223797497176
scope_20260424_115654,sweep_5046,327,2976.63,0.5621377593221955,0.49774681489541095
scope_20260424_115654,sweep_5047,327,2976.78,0.5621519229235905,0.47261044715109807
scope_20260424_115654,sweep_5048,327,2962.67,0.560818034394017,0.5253350458256173
scope_20260424_115654,sweep_5049,327,2976.63,0.5621377593221955,0.5767421700475592
scope_20260424_115654,sweep_5050,327,2962.67,0.560818034394017,0.46056464827468907
scope_20260424_115654,sweep_5051,327,2976.78,0.5621519229235905,0.6041220645240863
scope_20260424_115654,sweep_5052,327,2976.78,0.5621519229235905,0.6622836959643631
scope_20260424_115654,sweep_5053,327,2976.78,0.5621519229235905,0.5300929651860298
scope_20260424_115654,sweep_5054,327,2976.78,0.5621519229235905,0.6543218286361908
scope_20260424_115654,sweep_5055,327,2976.63,0.5621377593221955,0.5069820828003715
scope_20260424_115654,sweep_5056,327,2976.93,0.547755101610768,0.5375154782034621
scope_20260424_115654,sweep_5057,327,2962.67,0.5464416068008208,0.6131482648145883
scope_20260424_115654,sweep_5058,327,2962.96,0.5464683502768514,0.4685846415379626
scope_20260424_115654,sweep_5059,327,2976.63,0.5477275009163125,0.5010155179469864
scope_20260424_115654,sweep_5060,327,2962.96,0.5464683502768514,0.6451669982597499
scope_20260424_115654,sweep_5061,327,2962.52,0.5464277734547961,0.616616019803588
scope_20260424_115654,sweep_5062,327,2962.82,0.5464554397966588,0.48206664404776167
scope_20260424_115654,sweep_5063,327,2976.63,0.5477275009163125,0.5998682790236982
scope_20260424_115654,sweep_5064,327,2976.78,0.5477413014373902,0.71794034624678
scope_20260424_115654,sweep_5065,327,2976.63,0.5338511973278477,0.5526623739815799
scope_20260424_115654,sweep_5066,327,2962.82,0.5326113630112116,0.6312334958270562
scope_20260424_115654,sweep_5067,327,2976.93,0.5338780987774874,0.5502875221253752
scope_20260424_115654,sweep_5068,327,2962.82,0.5326113630112116,0.6456153318927231
scope_20260424_115654,sweep_5069,327,2962.67,0.5325978804649119,0.5027985751846896
scope_20260424_115654,sweep_5070,327,2976.78,0.5338646482221131,1.020975356023244
scope_20260424_115654,sweep_5071,327,2976.93,0.5338780987774874,0.5357510831389648
scope_20260424_115654,sweep_5072,327,2976.78,0.5338646482221131,0.5363359871086222
scope_20260424_115654,sweep_5073,327,2976.78,0.5338646482221131,0.5224135495039195
scope_20260424_115654,sweep_5074,327,2962.82,0.5326113630112116,0.5566054633559769
scope_20260424_115654,sweep_5075,327,2962.67,0.5325978804649119,0.4921747180090963
scope_20260424_115654,sweep_5076,327,2962.67,0.5325978804649119,0.6391872832973999
scope_20260424_115654,sweep_5077,327,2976.93,0.5338780987774874,0.47309993426888175
scope_20260424_115654,sweep_5078,327,2962.82,0.5192752964683482,0.6623578997624593
scope_20260424_115654,sweep_5079,327,2976.78,0.5204972006458537,0.5239947027180212
scope_20260424_115654,sweep_5080,327,2976.63,0.5204840865487981,0.6970622131076358
scope_20260424_115654,sweep_5081,327,2962.67,0.5192621515117942,0.5368164541609195
scope_20260424_115654,sweep_5082,327,2962.52,0.5192490062224715,0.6067842657709909
scope_20260424_115654,sweep_5083,327,2976.78,0.5204972006458537,0.6841397872715796
scope_20260424_115654,sweep_5084,327,2962.96,0.5326239464131722,0.6009893451388981
scope_20260424_115654,sweep_5085,327,2976.49,0.5338386428540887,0.46360863690557713
scope_20260424_115654,sweep_5086,327,2962.52,0.5325843975772971,0.5435014528258999
scope_20260424_115654,sweep_5087,327,2962.96,0.5326239464131722,0.4499801195301913
scope_20260424_115654,sweep_5088,327,2976.78,0.5338646482221131,0.4709433079994196
scope_20260424_115654,sweep_5089,327,2962.82,0.5326113630112116,0.47600989278034317
scope_20260424_115654,sweep_5090,327,2962.96,0.5326239464131722,0.5632142891115164
scope_20260424_115654,sweep_5091,327,2962.96,0.5464683502768514,0.6473364953069995
scope_20260424_115654,sweep_5092,327,2962.67,0.5464416068008208,0.5832572880116359
scope_20260424_115654,sweep_5093,327,2976.78,0.5477413014373902,0.4833473167775806
scope_20260424_115654,sweep_5094,327,2963.11,0.546482182595737,0.49701695702266907
scope_20260424_115654,sweep_5095,327,2962.38,0.5607905859758516,0.4776196926908061
scope_20260424_115654,sweep_5096,327,2962.67,0.560818034394017,0.5074849621138298
scope_20260424_115654,sweep_5097,327,2976.93,0.562166086168138,0.5011369356561226
scope_20260424_115654,sweep_5098,327,2962.67,0.560818034394017,0.46860930989142446
scope_20260424_115654,sweep_5099,327,2962.67,0.560818034394017,0.5671819564275061
scope_20260424_115654,sweep_5100,327,2976.78,0.5621519229235905,0.4836278348890123
scope_20260424_115654,sweep_5101,327,2976.63,0.5621377593221955,0.6032215824007442
scope_20260424_115654,sweep_5102,327,2976.93,0.562166086168138,0.5051790077297228
scope_20260424_115654,sweep_5103,327,2962.96,0.5608454814688256,0.5016713391144612
scope_20260424_115654,sweep_5104,327,2976.78,0.5621519229235905,0.5405904463423011
scope_20260424_115654,sweep_5105,327,2962.38,0.5607905859758516,0.5065590589025546
scope_20260424_115654,sweep_5106,327,2977.08,0.562180249055865,0.6054557607168203
scope_20260424_115654,sweep_5107,327,2976.63,0.5621377593221955,0.471629565402303
scope_20260424_115654,sweep_5108,327,2976.63,0.5621377593221955,0.5541117678183382
scope_20260424_115654,sweep_5109,327,2962.67,0.560818034394017,0.7154697258001699
scope_20260424_115654,sweep_5110,327,2962.52,0.5608038371040777,0.5778505318958232
scope_20260424_115654,sweep_5111,327,2976.78,0.5621519229235905,0.5952088900768372
scope_20260424_115654,sweep_5112,327,2976.93,0.562166086168138,0.6742996195214559
scope_20260424_115654,sweep_5113,327,2976.63,0.5621377593221955,0.6178191159220964
scope_20260424_115654,sweep_5114,327,2963.11,0.5608596777046027,0.43961848023313765
scope_20260424_115654,sweep_5115,327,2976.93,0.562166086168138,0.5697078026988646
scope_20260424_115654,sweep_5116,327,2976.93,0.562166086168138,0.5342356038766439
scope_20260424_115654,sweep_5117,327,2976.63,0.5621377593221955,0.679452885339324
scope_20260424_115654,sweep_5118,327,2976.78,0.5477413014373902,0.71477218153943
scope_20260424_115654,sweep_5119,327,2976.78,0.5477413014373902,0.683077208033599
scope_20260424_115654,sweep_5120,327,2962.67,0.5464416068008208,0.5708621209488175
scope_20260424_115654,sweep_5121,327,2976.63,0.5477275009163125,0.5619698012227614
scope_20260424_115654,sweep_5122,327,2976.63,0.5477275009163125,0.6272764628314168
scope_20260424_115654,sweep_5123,327,2962.96,0.5464683502768514,0.5418710417288748
scope_20260424_115654,sweep_5124,327,2976.49,0.5477146201162473,0.6105447361386445
scope_20260424_115654,sweep_5125,327,2977.08,0.5477689014364723,0.5805065723659496
scope_20260424_115654,sweep_5126,327,2962.82,0.5464554397966588,0.7535594193070585
scope_20260424_115654,sweep_5127,327,2976.93,0.547755101610768,0.63915613170213
scope_20260424_115654,sweep_5128,327,2976.78,0.5338646482221131,0.6277973613428282
scope_20260424_115654,sweep_5129,327,2976.78,0.5338646482221131,0.4855737284944399
scope_20260424_115654,sweep_5130,327,2976.63,0.5338511973278477,0.4316046807386059
scope_20260424_115654,sweep_5131,327,2976.93,0.5338780987774874,0.468807385092018
scope_20260424_115654,sweep_5132,327,2962.82,0.5326113630112116,0.45294481824297156
scope_20260424_115654,sweep_5133,327,2962.67,0.5325978804649119,0.7177653475642757
scope_20260424_115654,sweep_5134,327,2962.96,0.5326239464131722,0.6391693288908903
scope_20260424_115654,sweep_5135,327,2976.63,0.5338511973278477,0.5693625601542229
scope_20260424_115654,sweep_5136,327,2977.08,0.5338915489939962,0.5083238970480384
scope_20260424_115654,sweep_5137,327,2976.93,0.5338780987774874,0.527783420541985
scope_20260424_115654,sweep_5138,327,2962.96,0.5326239464131722,0.5739528676661044
scope_20260424_115654,sweep_5139,327,2962.67,0.5325978804649119,0.4759189284626842
scope_20260424_115654,sweep_5140,327,2963.26,0.5326509098449282,0.6547992459078751
scope_20260424_115654,sweep_5141,327,2976.93,0.5205103144125036,0.6184009209713827
scope_20260424_115654,sweep_5142,327,2962.82,0.5192752964683482,0.49456055180898756
scope_20260424_115654,sweep_5143,327,2962.82,0.5192752964683482,0.5154200072833499
scope_20260424_115654,sweep_5144,327,2976.78,0.5204972006458537,0.5674442733199312
scope_20260424_115654,sweep_5145,327,2962.82,0.5192752964683482,0.6119504696198805
scope_20260424_115654,sweep_5146,327,2976.63,0.5204840865487981,0.6724402588481809
scope_20260424_115654,sweep_5147,327,2976.78,0.5338646482221131,0.5510792658450663
scope_20260424_115654,sweep_5148,327,2976.93,0.5338780987774874,0.5383974801203356
scope_20260424_115654,sweep_5149,327,2962.52,0.5325843975772971,0.4719038469124604
scope_20260424_115654,sweep_5150,327,2962.82,0.5326113630112116,0.5437343060985752
scope_20260424_115654,sweep_5151,327,2976.93,0.5338780987774874,0.456727501571026
scope_20260424_115654,sweep_5152,327,2962.67,0.5325978804649119,0.5706245000393003
scope_20260424_115654,sweep_5153,327,2962.52,0.5464277734547961,0.5322241559219928
scope_20260424_115654,sweep_5154,327,2976.93,0.547755101610768,0.7042466556878271
scope_20260424_115654,sweep_5155,327,2976.63,0.5477275009163125,0.4850837877573305
scope_20260424_115654,sweep_5156,327,2962.96,0.5464683502768514,0.5517377537722093
scope_20260424_115654,sweep_5157,327,2976.49,0.5621245396389135,0.5523683178853861
scope_20260424_115654,sweep_5158,327,2976.93,0.562166086168138,0.6071948508858231
scope_20260424_115654,sweep_5159,327,2976.49,0.5621245396389135,0.559757155425635
scope_20260424_115654,sweep_5160,327,2962.52,0.5608038371040777,0.6990636023828798
scope_20260424_115654,sweep_5161,327,2976.93,0.562166086168138,0.6224494934050725
scope_20260424_115654,sweep_5162,327,2962.82,0.5608322313245565,0.5089367900688059
scope_20260424_115654,sweep_5163,327,2976.93,0.562166086168138,0.5466265847548565
scope_20260424_115654,sweep_5164,327,2976.93,0.5771372630490585,0.5722689389519883
scope_20260424_115654,sweep_5165,327,2976.78,0.5771227226198238,0.516881099376636
scope_20260424_115654,sweep_5166,327,2962.82,0.5757678860043196,0.593512072482299
scope_20260424_115654,sweep_5167,327,2976.93,0.5771372630490585,0.5233337373446413
scope_20260424_115654,sweep_5168,327,2962.96,0.5757814890162881,0.5286474164861793
scope_20260424_115654,sweep_5169,327,2977.08,0.5771518031119699,0.5720692773980773
scope_20260424_115654,sweep_5170,327,2976.93,0.562166086168138,0.6976112501931436
scope_20260424_115654,sweep_5171,327,2976.63,0.5621377593221955,0.6117454951525005
scope_20260424_115654,sweep_5172,327,2962.52,0.5608038371040777,0.5227214761634867
scope_20260424_115654,sweep_5173,327,2962.96,0.5608454814688256,0.5245598003916963
scope_20260424_115654,sweep_5174,327,2976.63,0.5621377593221955,0.47453748923721156
scope_20260424_115654,sweep_5175,327,2962.52,0.5608038371040777,0.5505082511242498
scope_20260424_115654,sweep_5176,327,2962.67,0.560818034394017,0.5052484798349578
scope_20260424_115654,sweep_5177,327,2962.96,0.5608454814688256,0.534346822320312
scope_20260424_115654,sweep_5178,327,2962.82,0.5608322313245565,0.5672897789547843
scope_20260424_115654,sweep_5179,327,2976.93,0.562166086168138,0.6886280614375027
scope_20260424_115654,sweep_5180,327,2962.82,0.5608322313245565,0.6292842195836952
scope_20260424_115654,sweep_5181,327,2976.93,0.562166086168138,0.5852411751219898
scope_20260424_115654,sweep_5182,327,2962.52,0.5464277734547961,0.5076178925599678
scope_20260424_115654,sweep_5183,327,2976.63,0.5477275009163125,0.5367606405872954
scope_20260424_115654,sweep_5184,327,2976.78,0.5477413014373902,0.575219354002789
scope_20260424_115654,sweep_5185,327,2962.96,0.5464683502768514,0.5905799786953949
scope_20260424_115654,sweep_5186,327,2962.67,0.5464416068008208,0.5480536428680635
scope_20260424_115654,sweep_5187,327,2963.11,0.546482182595737,0.5483085903561884
scope_20260424_115654,sweep_5188,327,2976.78,0.5477413014373902,0.6515797488837376
scope_20260424_115654,sweep_5189,327,2962.82,0.5464554397966588,0.5540026599923273
scope_20260424_115654,sweep_5190,327,2976.63,0.5477275009163125,0.6319688580728807
scope_20260424_115654,sweep_5191,327,2962.82,0.5464554397966588,0.4649488990259331
scope_20260424_115654,sweep_5192,327,2976.93,0.5338780987774874,0.5507557592453252
scope_20260424_115654,sweep_5193,327,2976.93,0.5338780987774874,0.5402381383927898
scope_20260424_115654,sweep_5194,327,2962.67,0.5325978804649119,0.48945915580473565
scope_20260424_115654,sweep_5205,329,2625.13,0.4887878884645886,0.5807553342478028
scope_20260424_115654,sweep_5206,329,2647.49,0.4908651423018535,0.6105155110900521
scope_20260424_115654,sweep_5207,329,2647.37,0.4908540177112867,0.5737448940528193
scope_20260424_115654,sweep_5208,330,2658.63,0.4918967793427709,0.45742976667190943
scope_20260424_115654,sweep_5209,331,2647.72,0.49088646372909556,0.561072368007368
scope_20260424_115654,sweep_5210,331,2647.72,0.49088646372909556,0.6123779401549528
scope_20260424_115654,sweep_5211,331,2647.37,0.4908540177112867,0.5531221810708549
scope_20260424_115654,sweep_5212,331,2647.49,0.4908651423018535,0.5599818190890424
scope_20260424_115654,sweep_5213,331,2647.72,0.5034934461713677,0.5058094190093735
scope_20260424_115654,sweep_5214,331,2647.37,0.5034601668725315,0.5471651293291591
scope_20260424_115654,sweep_5215,331,2647.6,0.5034820363738558,0.6070749942891444
scope_20260424_115654,sweep_5216,332,2468.53,0.48615750962270887,0.4408705584574429
scope_20260424_115654,sweep_5217,332,2459.22,0.4852398780718254,0.4913228564366103
scope_20260424_115654,sweep_5218,332,2459.02,0.48522014621602566,0.47842232331165835
scope_20260424_115654,sweep_5219,332,2459.42,0.49787287980659783,0.6144975980470389
scope_20260424_115654,sweep_5220,332,2459.32,0.4978627579498026,0.725191913937946
scope_20260424_115654,sweep_5221,332,2459.12,0.49784251361883625,0.514476358402965
scope_20260424_115654,sweep_5222,332,2459.42,0.49787287980659783,0.5810582041248219
scope_20260424_115654,sweep_5223,332,2459.12,0.5109403391884489,0.470209479876534
scope_20260424_115654,sweep_5224,332,2459.32,0.5109611161310516,0.5845562037645331
scope_20260424_115654,sweep_5225,332,2459.22,0.5109507277653575,0.5248084876297993
scope_20260424_115654,sweep_5226,333,2246.27,0.4883276431924458,0.7003621723827
scope_20260424_115654,sweep_5269,338,1521.14,0.3720742559087334,0.4571486881271701
scope_20260424_115654,sweep_5270,338,1521.07,0.3816211134027282,0.3656914079042423
scope_20260424_115654,sweep_5271,338,1521.18,0.3816349120982385,0.38034685314626737
scope_20260424_115654,sweep_5272,338,1521.18,0.3816349120982385,0.4233249421418498
scope_20260424_115654,sweep_5273,338,1521.3,0.3816499646516235,0.43334483130523976
scope_20260424_115654,sweep_5274,338,1521.3,0.3915701274245853,0.43590649639141094
scope_20260424_115654,sweep_5275,338,1521.07,0.3915405262500729,0.42808248723151354
scope_20260424_115654,sweep_5276,338,1521.14,0.39154953554008454,0.41725801811358726
scope_20260424_115654,sweep_5277,338,1521.26,0.39156497955498204,0.38414555898571034
scope_20260424_115654,sweep_5278,338,1521.18,0.40185616411435937,0.5168714055312672
scope_20260424_115654,sweep_5279,339,1309.93,0.37291029676806947,0.4248614634063753
scope_20260424_115654,sweep_5280,339,1332.3,0.3760809584123144,0.3328018488586064
scope_20260424_115654,sweep_5281,339,1332.27,0.3760767241961971,0.367227529118341
scope_20260424_115654,sweep_5282,339,1332.3,0.3760809584123144,0.4332169733336303
scope_20260424_115654,sweep_5283,339,1332.21,0.3760682556209414,0.3622358724839114
scope_20260424_115654,sweep_5284,339,1332.3,0.3760809584123144,0.48663690633703144
scope_20260424_115654,sweep_5285,339,1332.3,0.3760809584123144,0.409151573446003
scope_20260424_115654,sweep_5286,339,1332.24,0.3760724899324067,0.27058488652331464
scope_20260424_115654,sweep_5287,339,1332.21,0.3760682556209414,0.36992715071138604
scope_20260424_115654,sweep_5288,339,1332.39,0.3760936607746429,0.28799115625283433
scope_20260424_115654,sweep_5289,339,1332.27,0.3760767241961971,0.31587210436788604
scope_20260424_115654,sweep_5290,340,1145.85,0.3487740910341781,0.40286878158968786
scope_20260424_115654,sweep_5291,340,1143.69,0.34844520531582074,0.2722568194689977
scope_20260424_115654,sweep_5292,340,1143.66,0.3484406352729287,0.3862360324801709
scope_20260424_115654,sweep_5293,340,1143.71,0.33951586971238895,0.25130740181272365
scope_20260424_115654,sweep_5294,340,1143.71,0.33951586971238895,0.28109188445315386
scope_20260424_115654,sweep_5295,340,1143.69,0.33951290115083055,0.4138578442822414
scope_20260424_115654,sweep_5296,340,1145.76,0.3398200097168368,0.5565955956767128
scope_20260424_115654,sweep_5297,340,1143.69,0.33951290115083055,0.5517222936467437
scope_20260424_115654,sweep_5298,340,1143.66,0.33090723270825867,0.30179866150458684
scope_20260424_115654,sweep_5299,340,1143.55,0.330891318594407,0.3511347248301689
scope_20260424_115654,sweep_5300,341,932.85,0.2854313036220956,0.2424529660925233
scope_20260424_115654,sweep_5322,344,596.5,0.1872484458361232,0.17382386440033917
scope_20260424_115654,sweep_5323,344,603.45,0.18905746135936477,0.16153327757580596
scope_20260424_115654,sweep_5324,344,609.92,0.19073835633305725,0.16043373581036935
scope_20260424_115654,sweep_5325,344,614.81,0.19200675848342635,0.15641460115554223
scope_20260424_115654,sweep_5326,344,620.28,0.198332042512942,0.2297040841359316
scope_20260424_115654,sweep_5327,344,622.83,0.19900854879836566,0.2546504651884669
scope_20260424_115654,sweep_5328,344,627.81,0.20032837059897382,0.2231257052268032
scope_20260424_115654,sweep_5329,344,632.91,0.20167815207166728,0.20261919050781907
scope_20260424_115654,sweep_5330,344,636.81,0.20270909021862307,0.15939897989034071
scope_20260424_115654,sweep_5331,344,641.4,0.2091581669300215,0.18513500037922448
scope_20260424_115654,sweep_5332,345,459.51,0.15858518623085016,0.15058238025321252
scope_20260424_115654,sweep_5333,345,465.33,0.16025052739614756,0.1711077729131115
scope_20260424_115654,sweep_5334,345,470.98,0.16186384032821574,0.14806685757461152
scope_20260424_115654,sweep_5335,345,479.33,0.16851122939767943,0.18304900695476717
scope_20260424_115654,sweep_5336,345,486.78,0.17068221989312551,0.17688969649309289
scope_20260424_115654,sweep_5337,345,494.17,0.17283015224205536,0.10527179649570735
scope_20260424_115654,sweep_5338,345,500.54,0.17467723745653013,0.18943086636824258
scope_20260424_115654,sweep_5339,345,504.57,0.1758437362073361,0.12652297834287277
scope_20260424_115654,sweep_5340,345,510.36,0.18218723002234283,0.21939833826603383
scope_20260424_115654,sweep_5341,345,515.88,0.1838212625495938,0.20668951384907402
scope_20260424_115654,sweep_5342,346,364.47,0.13777157206655632,0.12207424600356986
scope_20260424_115654,sweep_5343,346,364.9,0.1379064686159974,0.1269991149983476
scope_20260424_115654,sweep_5344,346,364.89,0.1379033317939754,0.11193817561580753
scope_20260424_115654,sweep_5345,346,363.82,0.1375676073004071,0.12982769573049507
scope_20260424_115654,sweep_5346,346,364.25,0.1377025447663462,0.12839584025697756
scope_20260424_115654,sweep_5347,346,364.69,0.13784059228390982,0.1890124449619263
scope_20260424_115654,sweep_5348,346,367.92,0.1388531223816711,0.13144106457881788
scope_20260424_115654,sweep_5349,346,376.15,0.13780082088447718,0.11264319461614097
scope_20260424_115654,sweep_5350,346,384.52,0.1403410865807901,0.1355651726571595
scope_20260424_115654,sweep_5351,346,391.78,0.14253686322678719,0.15015735713113004
scope_20260424_115654,sweep_5352,346,397.8,0.14435235922484926,0.11718849687580096
scope_20260424_115654,sweep_5353,346,364.48,0.13084193760305676,0.15274619242639773
scope_20260424_115654,sweep_5354,346,364.25,0.13077340416919203,0.10996872797174347
scope_20260424_115654,sweep_5355,346,364.25,0.13077340416919203,0.13153833938612408
scope_20260424_115654,sweep_5356,346,364.24,0.13077042428782615,0.13679270771582702
scope_20260424_115654,sweep_5357,346,364.48,0.12756578371740485,0.15345732015649963
scope_20260424_115654,sweep_5358,346,361.5,0.12669950521865406,0.120690306646451
scope_20260424_115654,sweep_5359,346,362.77,0.12706883888816173,0.10592743041790637
scope_20260424_115654,sweep_5360,346,363.62,0.1273159079066609,0.12426970260372709
scope_20260424_115654,sweep_5361,346,363.83,0.12422451511168234,0.11563664293752729
scope_20260424_115654,sweep_5362,346,363.63,0.12416783415286521,0.1191626082855283
scope_20260424_115654,sweep_5363,346,364.25,0.12434352788882237,0.10162731561671229
scope_20260424_115654,sweep_5364,346,364.46,0.12135970896364562,0.09980191403189315
scope_20260424_115654,sweep_5365,346,364.25,0.1213016668369199,0.1109835931290799
scope_20260424_115654,sweep_5366,346,364.25,0.1213016668369199,0.16071699055989228
scope_20260424_115654,sweep_5367,346,364.27,0.12130719490355527,0.0997273913832714
scope_20260424_115654,sweep_5368,346,364.28,0.12130995891752377,0.09773218192205417
scope_20260424_115654,sweep_5369,346,363.83,0.12118556551273288,0.15532256113227422
scope_20260424_115654,sweep_5370,346,364.68,0.12142050890357631,0.09853585337680651
scope_20260424_115654,sweep_5371,346,364.68,0.12142050890357631,0.1513296941933141
scope_20260424_115654,sweep_5372,346,364.05,0.12124638333198665,0.13303406695154316
scope_20260424_115654,sweep_5373,346,364.7,0.12142603586160013,0.13315139555377548
scope_20260424_115654,sweep_5374,346,364.27,0.12130719490355527,0.13005885201114328
scope_20260424_115654,sweep_5375,346,364.46,0.12135970896364562,0.10587821520422476
scope_20260424_115654,sweep_5376,346,364.24,0.12129890278425219,0.10645210162571649
scope_20260424_115654,sweep_5377,346,364.04,0.12124361902122895,0.18775031155027938
scope_20260424_115654,sweep_5378,346,364.46,0.12135970896364562,0.09900774132268976
scope_20260424_115654,sweep_5379,346,364.03,0.12124085469756238,0.12142418655359555
scope_20260424_115654,sweep_5380,346,363.83,0.12118556551273288,0.1101699487925422
scope_20260424_115654,sweep_5381,346,364.46,0.12135970896364562,0.11123090331753589
scope_20260424_115654,sweep_5382,346,363.85,0.12423018291619475,0.12008211246731781
scope_20260424_115654,sweep_5383,346,363.39,0.12409981000597059,0.1296015533745867
scope_20260424_115654,sweep_5384,346,364.25,0.12434352788882237,0.13865478023743277
scope_20260424_115654,sweep_5385,346,364.47,0.12440585860350402,0.12772796383513857
scope_20260424_115654,sweep_5386,346,364.05,0.12428685804893715,0.10961195210276133
scope_20260424_115654,sweep_5387,346,364.47,0.12756287876109973,0.13590313122190706
scope_20260424_115654,sweep_5388,346,364.47,0.12756287876109973,0.09769798139842487
scope_20260424_115654,sweep_5389,346,364.04,0.1274379528162562,0.12263943163140144
scope_20260424_115654,sweep_5390,346,362.99,0.12713279559409588,0.13924574981275933
scope_20260424_115654,sweep_5391,346,363.82,0.13064525670611674,0.1092976314927392
scope_20260424_115654,sweep_5392,346,363.63,0.13058862520777423,0.21010538625677128
scope_20260424_115654,sweep_5393,346,363.62,0.13058564446327328,0.1313649869064885
scope_20260424_115654,sweep_5394,346,364.06,0.13071678404455783,0.13190043336289836
scope_20260424_115654,sweep_5395,347,233.01,0.09260256246162711,0.1149753503737747
scope_20260424_115654,sweep_5396,347,233.01,0.09260256246162711,0.08898880893176822
scope_20260424_115654,sweep_5397,347,233.01,0.09260256246162711,0.12996487974403126
scope_20260424_115654,sweep_5398,347,233.01,0.09260256246162711,0.09400387740145844
scope_20260424_115654,sweep_5399,347,233.01,0.09260256246162711,0.10367452293142305
scope_20260424_115654,sweep_5400,347,233.01,0.09260256246162711,0.12397031785327665
scope_20260424_115654,sweep_5401,347,233.01,0.09503885943756232,0.0899635481453489
scope_20260424_115654,sweep_5402,347,233.01,0.09503885943756232,0.11848106595782322
scope_20260424_115654,sweep_5403,347,233.01,0.09503885943756232,0.07413268205024019
scope_20260424_115654,sweep_5404,347,233.01,0.09503885943756232,0.12053913802761498
scope_20260424_115654,sweep_5405,347,233.01,0.09503885943756232,0.10468792622690293
scope_20260424_115654,sweep_5406,347,233.01,0.09260256246162711,0.09792758571602368
scope_20260424_115654,sweep_5407,347,233.01,0.09260256246162711,0.09164811788933518
scope_20260424_115654,sweep_5408,347,233.01,0.09260256246162711,0.08008729989621152
scope_20260424_115654,sweep_5409,347,233.01,0.09260256246162711,0.10706852590613503
scope_20260424_115654,sweep_5410,347,233.01,0.09260256246162711,0.09969442647432154
scope_20260424_115654,sweep_5411,347,233.01,0.09260256246162711,0.08872260508266255
scope_20260424_115654,sweep_5412,347,233.01,0.09025653954395797,0.09228311361378186
scope_20260424_115654,sweep_5413,347,233.01,0.09025653954395797,0.09886427314466882
scope_20260424_115654,sweep_5414,347,233.01,0.09025653954395797,0.0712126939974418
scope_20260424_115654,sweep_5415,347,233.01,0.09025653954395797,0.08670506749564902
scope_20260424_115654,sweep_5416,347,233.01,0.08799660424989729,0.0966760284321442
scope_20260424_115654,sweep_5417,347,233.01,0.08799660424989729,0.14675815769986122
scope_20260424_115654,sweep_5418,347,233.01,0.08799660424989729,0.10774948496022241
scope_20260424_115654,sweep_5419,347,233.01,0.08581879942050663,0.08860276544197823
scope_20260424_115654,sweep_5420,347,233.01,0.08581879942050663,0.09676131092910288
scope_20260424_115654,sweep_5421,347,233.01,0.08581879942050663,0.08962977852682458
scope_20260424_115654,sweep_5422,347,233.01,0.08371938284522916,0.12738301635655527
scope_20260424_115654,sweep_5423,347,233.01,0.08371938284522916,0.0855276903825871
scope_20260424_115654,sweep_5424,347,233.01,0.08371938284522916,0.08780527129782323
scope_20260424_115654,sweep_5425,347,233.01,0.08169481393350746,0.13770355241082533
scope_20260424_115654,sweep_5426,347,233.01,0.08169481393350746,0.09147030310948562
scope_20260424_115654,sweep_5427,347,233.01,0.08169481393350746,0.08984213661137727
scope_20260424_115654,sweep_5428,347,233.01,0.08169481393350746,0.09603758316263501
scope_20260424_115654,sweep_5429,347,233.01,0.07974174130886448,0.12047986750139135
scope_20260424_115654,sweep_5430,347,233.01,0.07974174130886448,0.10731313252347285
scope_20260424_115654,sweep_5431,347,233.01,0.07974174130886448,0.09549476544490412
scope_20260424_115654,sweep_5432,347,233.01,0.07785699125530257,0.08220346108438978
scope_20260424_115654,sweep_5433,347,233.01,0.07785699125530257,0.12260915060170431
scope_20260424_115654,sweep_5434,347,233.01,0.07785699125530257,0.07942831843877869
scope_20260424_115654,sweep_5435,347,233.01,0.07603755695167179,0.09419700485606461
scope_20260424_115654,sweep_5436,347,233.01,0.07603755695167179,0.1091059094038595
scope_20260424_115654,sweep_5437,347,233.01,0.07603755695167179,0.10020507230668216
scope_20260424_115654,sweep_5438,347,233.01,0.07603755695167179,0.09192175558958596
scope_20260424_115654,sweep_5439,347,233.01,0.07603755695167179,0.1318369143175956
scope_20260424_115654,sweep_5440,347,233.01,0.07428058843492907,0.08133356813293051
scope_20260424_115654,sweep_5441,347,233.01,0.07428058843492907,0.08700001344015702
scope_20260424_115654,sweep_5442,347,233.01,0.07428058843492907,0.08620158462809095
scope_20260424_115654,sweep_5443,347,233.01,0.07428058843492907,0.08765956102511017
scope_20260424_115654,sweep_5444,347,233.01,0.07428058843492907,0.10185078947388057
scope_20260424_115654,sweep_5445,347,233.01,0.07428058843492907,0.11090128532547817
scope_20260424_115654,sweep_5446,347,233.01,0.07428058843492907,0.07723015559485341
scope_20260424_115654,sweep_5447,347,233.01,0.07428058843492907,0.11719132390912232
scope_20260424_115654,sweep_5448,348,365.53,0.1079395399483473,0.13675327537090184
scope_20260424_115654,sweep_5449,348,365.98,0.1080498214614536,0.10805681380819603
scope_20260424_115654,sweep_5450,348,365.54,0.10794199089929053,0.1792309430660147
scope_20260424_115654,sweep_5451,348,365.75,0.10799345823660711,0.13718747403368614
scope_20260424_115654,sweep_5452,348,365.97,0.10804737101169945,0.1545757771906724
scope_20260424_115654,sweep_5453,348,365.76,0.10799590893686764,0.11747376833982369
scope_20260424_115654,sweep_5454,348,365.53,0.1079395399483473,0.13728194247157446
scope_20260424_115654,sweep_5455,348,365.11,0.1103872627343448,0.11172557533838638
scope_20260424_115654,sweep_5456,348,365.96,0.11060052125057036,0.11865509856366632
scope_20260424_115654,sweep_5457,348,365.77,0.11055285901407387,0.1072229860905957
scope_20260424_115654,sweep_5458,348,365.75,0.11054784169174228,0.10146212216915006
scope_20260424_115654,sweep_5459,348,365.96,0.11060052125057036,0.09562974353271572
scope_20260424_115654,sweep_5460,348,365.76,0.11319561025114792,0.1587288405667808
scope_20260424_115654,sweep_5461,348,364.89,0.11297208911281545,0.11052742610474149
scope_20260424_115654,sweep_5462,348,365.75,0.1131930415565162,0.10774578139808974
scope_20260424_115654,sweep_5463,348,365.54,0.11587795002721761,0.12455553623894153
scope_20260424_115654,sweep_5464,348,365.96,0.11598844712743814,0.12435688548411492
scope_20260424_115654,sweep_5465,348,365.96,0.11598844712743814,0.16697906603113666
scope_20260424_115654,sweep_5466,348,365.76,0.11593583215086452,0.14126421188729382
scope_20260424_115654,sweep_5467,348,365.53,0.11871339225958634,0.14507962155403464
scope_20260424_115654,sweep_5468,348,365.74,0.11876999700899972,0.11252917926031525
scope_20260424_115654,sweep_5469,348,366.16,0.11888318993671984,0.17647279266946855
scope_20260424_115654,sweep_5470,348,364.9,0.12148130260844806,0.17531831177172916
scope_20260424_115654,sweep_5471,348,365.11,0.12153932715075641,0.10233963174063519
scope_20260424_115654,sweep_5472,348,365.12,0.12154209008265879,0.1612757373839715
scope_20260424_115654,sweep_5473,348,364.69,0.1214232723890292,0.14289285597666157
scope_20260424_115654,sweep_5474,348,364.9,0.12148130260844806,0.12830254798201818
scope_20260424_115654,sweep_5475,348,365.1,0.12153656420598943,0.11876320469828658
scope_20260424_115654,sweep_5476,348,365.11,0.12153932715075641,0.12166788110432451
scope_20260424_115654,sweep_5477,348,365.11,0.12458714796950376,0.1329942425716337
scope_20260424_115654,sweep_5478,348,365.33,0.12464945370836597,0.10787457100515023
scope_20260424_115654,sweep_5479,348,365.33,0.12160010868161542,0.10089956353586485
scope_20260424_115654,sweep_5480,348,365.53,0.12165535921931772,0.11796029246042114
scope_20260424_115654,sweep_5481,348,364.67,0.12141774540524108,0.1293759435554873
scope_20260424_115654,sweep_5482,348,365.76,0.12171889098488348,0.1247992810896639
scope_20260424_115654,sweep_5483,348,365.12,0.12154209008265879,0.10935606062624167
scope_20260424_115654,sweep_5484,348,365.76,0.12171889098488348,0.13254458729611668
scope_20260424_115654,sweep_5485,348,364.89,0.12147853939342915,0.16594011822463298
scope_20260424_115654,sweep_5486,348,365.33,0.12160010868161542,0.1585797530307311
scope_20260424_115654,sweep_5487,348,365.1,0.11859747004205132,0.14785815393885748
scope_20260424_115654,sweep_5488,348,365.1,0.11859747004205132,0.10404296000093842
scope_20260424_115654,sweep_5489,348,364.9,0.1185435448245523,0.14892071039352547
scope_20260424_115654,sweep_5490,348,365.75,0.11877269233541783,0.12142900396143634
scope_20260424_115654,sweep_5491,348,364.69,0.11565425886645223,0.19264064178983348
scope_20260424_115654,sweep_5492,348,365.75,0.11593320127366875,0.15227674373410138
scope_20260424_115654,sweep_5493,348,365.32,0.11582006198109351,0.1891088358530881
scope_20260424_115654,sweep_5494,348,364.9,0.11570953197750167,0.14545859405794997
scope_20260424_115654,sweep_5495,348,365.34,0.11308771479251047,0.14578825821982339
scope_20260424_115654,sweep_5496,348,364.89,0.11297208911281545,0.1129301546380181
scope_20260424_115654,sweep_5497,348,364.47,0.11286414993923763,0.185237883543405
scope_20260424_115654,sweep_5498,348,364.68,0.11291812216767724,0.1541650119908013
scope_20260424_115654,sweep_5499,348,365.54,0.11049515699073473,0.10039521991103316
scope_20260424_115654,sweep_5500,349,519.73,0.14797993507780544,0.17035885745186422
scope_20260424_115654,sweep_5501,349,508.31,0.1452760598927908,0.21776594607929103
scope_20260424_115654,sweep_5502,349,513.76,0.14656771231992574,0.16235834491665266
scope_20260424_115654,sweep_5503,349,519.76,0.14798702468645847,0.1657550046932555
scope_20260424_115654,sweep_5504,349,522.81,0.14870743933704506,0.1610557725496732
scope_20260424_115654,sweep_5505,349,528.14,0.14996468194768303,0.16250752625957754
scope_20260424_115654,sweep_5506,349,531.74,0.15081263047462823,0.26544926638062605
scope_20260424_115654,sweep_5507,349,536.32,0.14838034093999788,0.1836075829644707
scope_20260424_115654,sweep_5508,349,541.01,0.14945651239864421,0.19284377334116115
scope_20260424_115654,sweep_5509,349,544.36,0.15377750862406206,0.21347808926669098
scope_20260424_115654,sweep_5510,349,547.19,0.15444076216343297,0.24505617732701102
scope_20260424_115654,sweep_5511,350,762.5,0.2034072104653024,0.2796217170071276
scope_20260424_115654,sweep_5512,351,737.16,0.19778052801525503,0.22850905939200006
scope_20260424_115654,sweep_5513,351,734.54,0.1971969048530582,0.25056319234098706
scope_20260424_115654,sweep_5514,351,731.95,0.19661961646397116,0.2807643311886695
scope_20260424_115654,sweep_5515,351,731.07,0.19642339315533783,0.2303096733571185
scope_20260424_115654,sweep_5516,351,729.37,0.200735177225139,0.2823658898498544
scope_20260424_115654,sweep_5517,351,727.63,0.20033762785604886,0.23832123422522686
scope_20260424_115654,sweep_5518,351,725.94,0.19995134757745991,0.24609501550331328
scope_20260424_115654,sweep_5519,351,724.2,0.19955347912554153,0.16928348200344057
scope_20260424_115654,sweep_5520,351,723.47,0.20421322682915824,0.17396519082792658
scope_20260424_115654,sweep_5521,351,720.89,0.20360859229729894,0.2596260786266356
scope_20260424_115654,sweep_5522,352,905.63,0.24605601994092086,0.31144501595273094
scope_20260424_115654,sweep_5523,352,900.36,0.2448670054383703,0.2437659720612792
scope_20260424_115654,sweep_5524,352,893.88,0.24936491891230145,0.2583642270498158
scope_20260424_115654,sweep_5525,352,887.51,0.24788908535981374,0.19000261182970718
scope_20260424_115654,sweep_5526,352,881.28,0.2464439449221562,0.35006682465770805
scope_20260424_115654,sweep_5527,352,877.51,0.25165429978664794,0.32172140118841325
scope_20260424_115654,sweep_5528,352,872.66,0.25049931428056527,0.2097127593883594
scope_20260424_115654,sweep_5529,352,868.89,0.24960076762572572,0.2509823455237206
scope_20260424_115654,sweep_5530,352,864.11,0.24846054258184233,0.2840374879351769
scope_20260424_115654,sweep_5531,352,861.6,0.24786137604753847,0.3025629356973298
scope_20260424_115654,sweep_5532,353,1042.05,0.3003349187680791,0.315089679511707
scope_20260424_115654,sweep_5533,353,1038.58,0.2998344479609921,0.42464658192004023
scope_20260424_115654,sweep_5534,353,1030.06,0.29860206805458195,0.25572263744531687
scope_20260424_115654,sweep_5535,353,1023.24,0.29761190818199446,0.26288858211996163
scope_20260424_115654,sweep_5536,353,1014.94,0.29640241262637,0.30462916054042055
scope_20260424_115654,sweep_5537,353,1010.12,0.29569776020247,0.2865981174312568
scope_20260424_115654,sweep_5538,353,1003.48,0.2947242766450729,0.311388827157539
scope_20260424_115654,sweep_5539,353,998.62,0.2871863311196981,0.3575646278183405
scope_20260424_115654,sweep_5540,353,993.85,0.2860472973539042,0.2152852113032279
scope_20260424_115654,sweep_5541,353,989.07,0.2849049430060747,0.27231559262993854
scope_20260424_115654,sweep_5542,353,982.93,0.2765023861386756,0.2907902478475032
scope_20260424_115654,sweep_5564,358,1521.14,0.3292011360613757,0.4722689848175103
scope_20260424_115654,sweep_5565,358,1524.82,0.3295991034946729,0.28664629026168614
scope_20260424_115654,sweep_5566,358,1524.78,0.3295947803448574,0.38595463315569195
scope_20260424_115654,sweep_5567,358,1524.89,0.32960666887040896,0.4094595220468024
scope_20260424_115654,sweep_5568,358,1524.97,0.3296153148014849,0.3444757151353429
scope_20260424_115654,sweep_5569,358,1524.86,0.329603426587785,0.45036544748884366
scope_20260424_115654,sweep_5570,358,1521.26,0.3292141208481986,0.3483273976784015
scope_20260424_115654,sweep_5571,358,1521.11,0.32919788978464365,0.2590682401810069
scope_20260424_115654,sweep_5572,358,1521.3,0.3292184489966648,0.32883063136233404
scope_20260424_115654,sweep_5573,358,1521.41,0.3292303511115616,0.35585986245374523
scope_20260424_115654,sweep_5574,358,1524.86,0.329603426587785,0.45826506219136365
scope_20260424_115654,sweep_5575,359,1709.26,0.34896413680659133,0.5680273237537781
scope_20260424_115654,sweep_5576,359,1709.35,0.3489733239281812,0.37013126804205904
scope_20260424_115654,sweep_5577,359,1709.45,0.35743167114242974,0.4663091150897038
scope_20260424_115654,sweep_5578,359,1713.89,0.3578955535223811,0.4145552816491291
scope_20260424_115654,sweep_5579,359,1714.09,0.35791643497411374,0.32946608204615435
scope_20260424_115654,sweep_5580,359,1713.84,0.357890332969081,0.3913914570859039
scope_20260424_115654,sweep_5581,359,1713.99,0.35790599440053433,0.3589247011520936
scope_20260424_115654,sweep_5582,359,1714.04,0.3666773462903587,0.335883161047995
scope_20260424_115654,sweep_5583,359,1709.35,0.36617534670181234,0.33761710057698213
scope_20260424_115654,sweep_5584,359,1713.94,0.366666649845276,0.3470505816289769
scope_20260424_115654,sweep_5585,360,1920.25,0.39772603473354906,0.600489673398984
scope_20260424_115654,sweep_5586,360,1902.65,0.39589916540187736,0.3794372501638705
scope_20260424_115654,sweep_5587,360,1902.77,0.3959116498711155,0.47386746544655556
scope_20260424_115654,sweep_5588,360,1902.59,0.3958929230196218,0.38409546672642114
scope_20260424_115654,sweep_5589,360,1902.71,0.4058334595524286,0.3787879557805287
scope_20260424_115654,sweep_5590,360,1902.53,0.4058142627882163,0.4117725042941881
scope_20260424_115654,sweep_5591,360,1896.81,0.40520375863338376,0.32727982140677503
scope_20260424_115654,sweep_5592,360,1896.93,0.4052165758586237,0.38515696191544635
scope_20260424_115654,sweep_5593,360,1902.77,0.40583985827204777,0.5184084031027332
scope_20260424_115654,sweep_5594,360,1902.77,0.40583985827204777,0.4804137802921259
scope_20260424_115654,sweep_5595,360,1902.65,0.4058270607319202,0.3836363490927138
scope_20260424_115654,sweep_5617,363,2459.32,0.43921900532705116,0.3898476162577037
scope_20260424_115654,sweep_5618,363,2459.02,0.43919221545826603,0.504863566700462
scope_20260424_115654,sweep_5619,363,2459.42,0.43922793492020246,0.46751760438645956
scope_20260424_115654,sweep_5620,363,2459.32,0.43921900532705116,0.37627936287331176
scope_20260424_115654,sweep_5621,363,2459.22,0.439210075552352,0.4063238416091277
scope_20260424_115654,sweep_5622,363,2459.22,0.439210075552352,0.44392227259205574
scope_20260424_115654,sweep_5623,363,2459.22,0.439210075552352,0.43097129006327606
scope_20260424_115654,sweep_5624,363,2459.32,0.43921900532705116,0.4177734214072886
scope_20260424_115654,sweep_5625,363,2459.12,0.4392011455960941,0.45471847966069723
scope_20260424_115654,sweep_5626,363,2459.12,0.4392011455960941,0.46185658440444743
scope_20260424_115654,sweep_5627,363,2459.12,0.4392011455960941,0.4738688977295271
scope_20260424_115654,sweep_5628,364,2658.75,0.4566803810245308,0.46114063509654035
scope_20260424_115654,sweep_5629,364,2658.75,0.4457625527384355,0.40570677421171764
scope_20260424_115654,sweep_5630,364,2658.75,0.4457625527384355,0.45449844681832896
scope_20260424_115654,sweep_5631,365,2647.6,0.44482687349907335,0.4854849433706218
scope_20260424_115654,sweep_5632,366,2658.87,0.4457726121465729,0.4379065365843441
scope_20260424_115654,sweep_5633,366,2658.63,0.44575249310328485,0.46312805677365326
scope_20260424_115654,sweep_5634,367,2647.6,0.44482687349907335,0.47048667259209226
scope_20260424_115654,sweep_5635,367,2647.6,0.44482687349907335,0.49795301868489095
scope_20260424_115654,sweep_5636,367,2647.49,0.4448176327783585,0.4643952365295736
scope_20260424_115654,sweep_5637,367,2647.37,0.4448075517731799,0.4831327018785119
scope_20260424_115654,sweep_5638,368,2841.04,0.4607904870198922,0.4278257409944282
scope_20260424_115654,sweep_5639,368,2840.77,0.4607685907446614,0.5280628844011515
scope_20260424_115654,sweep_5640,368,2840.91,0.4607799444987408,0.43983539957097584
scope_20260424_115654,sweep_5641,368,2840.91,0.4607799444987408,0.4396250036551954
scope_20260424_115654,sweep_5642,368,2840.77,0.4607685907446614,0.4566517101543901
scope_20260424_115654,sweep_5643,368,2828.19,0.45974723027600756,0.44392315789539083
scope_20260424_115654,sweep_5644,368,2840.77,0.4607685907446614,0.45585836930583556
scope_20260424_115654,sweep_5645,368,2840.91,0.4607799444987408,0.4105814177789869
scope_20260424_115654,sweep_5646,368,2840.77,0.4607685907446614,0.48401089839540895
scope_20260424_115654,sweep_5647,368,2840.91,0.4607799444987408,0.43693690147644826
scope_20260424_115654,sweep_5648,368,2841.04,0.4607904870198922,0.5326325053158669
scope_20260424_115654,sweep_5649,369,2976.93,0.47168182447819884,0.5883393456226164
scope_20260424_115654,sweep_5650,369,2976.78,0.47166994089931874,0.46880161501431045
scope_20260424_115654,sweep_5651,369,2976.49,0.4716469651311348,0.5384672387923043
scope_20260424_115654,sweep_5652,369,2962.67,0.4705507503420079,0.4274081381043148
scope_20260424_115654,sweep_5653,369,2976.93,0.47168182447819884,0.5327720720880277
scope_20260424_115654,sweep_5654,369,2976.93,0.47168182447819884,0.4544338976960362
scope_20260424_115654,sweep_5655,369,2976.78,0.47166994089931874,0.5962361179160462
scope_20260424_115654,sweep_5656,369,2976.78,0.47166994089931874,0.4520505987308276
scope_20260424_115654,sweep_5657,369,2976.78,0.47166994089931874,0.4612234235956063
scope_20260424_115654,sweep_5658,369,2976.78,0.47166994089931874,0.4665291538935247
scope_20260424_115654,sweep_5659,369,2976.93,0.47168182447819884,0.4636158681987466
scope_20260424_115654,sweep_5660,369,2962.96,0.47057377963288977,0.44522448724245706
scope_20260424_115654,sweep_5661,369,2976.78,0.47166994089931874,0.44196872316176566
scope_20260424_115654,sweep_5662,369,2976.78,0.47166994089931874,0.4928037452134632
scope_20260424_115654,sweep_5663,369,2962.96,0.47057377963288977,0.5186103962549135
scope_20260424_115654,sweep_5664,369,2962.82,0.47056266218490206,0.5029322323470744
scope_20260424_115654,sweep_5665,369,2976.78,0.47166994089931874,0.4768273692451778
scope_20260424_115654,sweep_5666,369,2976.93,0.47168182447819884,0.4944350942944798
scope_20260424_115654,sweep_5667,369,2976.49,0.4716469651311348,0.4904586374296
scope_20260424_115654,sweep_5668,369,2976.63,0.4832101303046053,0.4759389876882499
scope_20260424_115654,sweep_5669,369,2976.63,0.4832101303046053,0.4640648592255328
scope_20260424_115654,sweep_5670,369,2976.78,0.48322230524849086,0.5219925277227102
scope_20260424_115654,sweep_5671,369,2962.82,0.482087906537577,0.6643395670162754
scope_20260424_115654,sweep_5672,369,2976.63,0.4832101303046053,0.4536239132770556
scope_20260424_115654,sweep_5673,369,2962.82,0.482087906537577,0.49572400366957475
scope_20260424_115654,sweep_5674,369,2962.82,0.482087906537577,0.4548072522233825
scope_20260424_115654,sweep_5675,369,2976.78,0.48322230524849086,0.4907339123482164
scope_20260424_115654,sweep_5676,369,2977.08,0.4832466542160533,0.4902688490448305
scope_20260424_115654,sweep_5677,369,2962.67,0.4820757029441657,0.5383194037588521
scope_20260424_115654,sweep_5678,369,2962.82,0.482087906537577,0.4239921311670525
scope_20260424_115654,sweep_5679,369,2976.49,0.48319876674687356,0.5445294521635254
scope_20260424_115654,sweep_5680,369,2962.67,0.4820757029441657,0.4396827206453708
scope_20260424_115654,sweep_5681,369,2977.08,0.4832466542160533,0.47717174726064693
scope_20260424_115654,sweep_5682,369,2962.52,0.4820634990418165,0.4492771581189164
scope_20260424_115654,sweep_5683,369,2976.63,0.4832101303046053,0.45695358554957993
scope_20260424_115654,sweep_5684,369,2976.78,0.47166994089931874,0.4513685775415478
scope_20260424_115654,sweep_5685,369,2963.11,0.47058569089284796,0.8093704147575128
scope_20260424_115654,sweep_5686,369,2962.67,0.4705507503420079,0.5136683878954895
scope_20260424_115654,sweep_5687,369,2976.63,0.4716580570210279,0.45331692613162206
scope_20260424_115654,sweep_5688,369,2976.49,0.4716469651311348,0.578379084501781
scope_20260424_115654,sweep_5689,369,2976.93,0.47168182447819884,0.481760784918826
scope_20260424_115654,sweep_5690,369,2962.82,0.47056266218490206,0.45033816459583054
scope_20260424_115654,sweep_5691,369,2976.34,0.4716350806739193,0.5584242124975946
scope_20260424_115654,sweep_5692,369,2963.11,0.47058569089284796,0.566889285878047
scope_20260424_115654,sweep_5693,369,2962.67,0.4705507503420079,0.49503950722630496
scope_20260424_115654,sweep_5694,369,2962.96,0.47057377963288977,0.472122512896716
scope_20260424_115654,sweep_5695,369,2976.49,0.4716469651311348,0.4616872311862931
scope_20260424_115654,sweep_5696,369,2976.78,0.47166994089931874,0.4765962443243309
scope_20260424_115654,sweep_5697,369,2977.08,0.4716937077576909,0.49627798446379384
scope_20260424_115654,sweep_5698,369,2962.52,0.4705388381975616,0.4741601306407957
scope_20260424_115654,sweep_5699,369,2976.78,0.47166994089931874,0.48467974946639003
scope_20260424_115654,sweep_5700,369,2976.63,0.4716580570210279,0.5050395547185318
scope_20260424_115654,sweep_5701,369,2962.67,0.4705507503420079,0.5137907358429941
scope_20260424_115654,sweep_5702,369,2962.52,0.4705388381975616,0.504250808362276
scope_20260424_115654,sweep_5703,369,2962.82,0.47056266218490206,0.45528310748114365
scope_20260424_115654,sweep_5704,369,2962.82,0.47056266218490206,0.4726308615221211
scope_20260424_115654,sweep_5705,369,2962.82,0.47056266218490206,0.4985923376701865
scope_20260424_115654,sweep_5706,369,2962.52,0.4705388381975616,0.45717524038478624
scope_20260424_115654,sweep_5707,369,2963.26,0.4705976018513212,0.5229741105827295
scope_20260424_115654,sweep_5708,369,2976.78,0.47166994089931874,0.47479595234073546
scope_20260424_115654,sweep_5709,369,2962.52,0.4705388381975616,0.44687161789020247
scope_20260424_115654,sweep_5710,369,2962.67,0.4705507503420079,0.4773521309522981
scope_20260424_115654,sweep_5711,369,2962.82,0.47056266218490206,0.5351510419698943
scope_20260424_115654,sweep_5712,369,2962.52,0.4705388381975616,0.47897016631092215
scope_20260424_115654,sweep_5713,369,2962.67,0.4705507503420079,0.4864852209449111
scope_20260424_115654,sweep_5714,369,2976.93,0.47168182447819884,0.7261361059580036
scope_20260424_115654,sweep_5715,369,2977.08,0.4716937077576909,0.46113576538790785
scope_20260424_115654,sweep_5716,369,2962.82,0.47056266218490206,0.4456526522476618
scope_20260424_115654,sweep_5717,369,2976.49,0.4716469651311348,0.4500896859426012
scope_20260424_115654,sweep_5718,369,2962.82,0.47056266218490206,0.5006940323064544
scope_20260424_115654,sweep_5719,369,2976.78,0.47166994089931874,0.4506665580440713
scope_20260424_115654,sweep_5720,369,2976.93,0.47168182447819884,0.5276347954419239
scope_20260424_115654,sweep_5721,369,2962.82,0.47056266218490206,0.48892854362344973
scope_20260424_115654,sweep_5722,369,2976.49,0.4716469651311348,0.438310090237538
scope_20260424_115654,sweep_5723,369,2976.63,0.4716580570210279,0.44659452237277636
scope_20260424_115654,sweep_5724,369,2976.49,0.4716469651311348,0.45570231125397903
scope_20260424_115654,sweep_5725,369,2976.78,0.47166994089931874,0.44930685835072426
scope_20260424_115654,sweep_5726,369,2976.93,0.47168182447819884,0.4659515392588607
scope_20260424_115654,sweep_5727,369,2976.78,0.47166994089931874,0.4562621661768805
scope_20260424_115654,sweep_5728,369,2962.67,0.4705507503420079,0.4606228808021862
scope_20260424_115654,sweep_5729,369,2963.11,0.47058569089284796,0.42533922660033235
scope_20260424_115654,sweep_5730,369,2976.49,0.4716469651311348,0.45014639464180783
scope_20260424_115654,sweep_5731,369,2962.52,0.4705388381975616,0.4443708594575448
scope_20260424_115654,sweep_5732,369,2976.63,0.4716580570210279,0.44398400734479015
scope_20260424_115654,sweep_5733,369,2976.93,0.47168182447819884,0.4548423981061788
scope_20260424_115654,sweep_5734,369,2976.63,0.4716580570210279,0.4826096138876864
scope_20260424_115654,sweep_5735,369,2962.82,0.47056266218490206,0.5002911011830155
scope_20260424_115654,sweep_5736,369,2976.78,0.47166994089931874,0.4500325832162802
scope_20260424_115654,sweep_5737,369,2962.82,0.47056266218490206,0.5072213303194861
scope_20260424_115654,sweep_5738,369,2962.96,0.47057377963288977,0.4499105032504899
scope_20260424_115654,sweep_5739,369,2976.78,0.47166994089931874,0.5169575533970429
scope_20260424_115654,sweep_5740,369,2976.63,0.4716580570210279,0.44368039414491617
scope_20260424_115654,sweep_5741,369,2976.78,0.47166994089931874,0.5246184776689229
scope_20260424_115654,sweep_5742,369,2976.93,0.47168182447819884,0.4827279153972443
scope_20260424_115654,sweep_5743,369,2962.52,0.4705388381975616,0.447340555752986
scope_20260424_115654,sweep_5744,369,2962.82,0.47056266218490206,0.518661004678187
scope_20260424_115654,sweep_5745,369,2962.96,0.47057377963288977,0.5148828172672029
scope_20260424_115654,sweep_5746,369,2976.63,0.4716580570210279,0.4286945931072618
scope_20260424_115654,sweep_5747,369,2962.67,0.4705507503420079,0.48191347240497107
scope_20260424_115654,sweep_5748,369,2962.82,0.47056266218490206,0.5710953973927897
scope_20260424_115654,sweep_5749,369,2976.63,0.4716580570210279,0.44775608691007185
scope_20260424_115654,sweep_5750,369,2976.93,0.47168182447819884,0.5165750260476617
scope_20260424_115654,sweep_5751,369,2962.67,0.4705507503420079,0.6143065711418266
scope_20260424_115654,sweep_5752,369,2962.82,0.47056266218490206,0.45747936722517346
scope_20260424_115654,sweep_5753,369,2976.78,0.47166994089931874,0.4683654211107506
scope_20260424_115654,sweep_5754,369,2962.82,0.47056266218490206,0.4824800457604941
scope_20260424_115654,sweep_5755,369,2976.78,0.47166994089931874,0.49785547638777256
scope_20260424_115654,sweep_5756,369,2976.49,0.4716469651311348,0.4669947434179606
scope_20260424_115654,sweep_5757,369,2976.93,0.47168182447819884,0.612506134345236
scope_20260424_115654,sweep_5758,369,2976.78,0.47166994089931874,0.4351744158773992
scope_20260424_115654,sweep_5759,369,2962.82,0.47056266218490206,0.4671852346517203
scope_20260424_115654,sweep_5760,369,2976.49,0.4716469651311348,0.5075718790700516
scope_20260424_115654,sweep_5761,369,2962.67,0.4705507503420079,0.4372981615276036
scope_20260424_115654,sweep_5762,369,2976.34,0.4716350806739193,0.48294921651935147
scope_20260424_115654,sweep_5763,369,2976.34,0.4716350806739193,0.5286977074446544
scope_20260424_115654,sweep_5764,369,2976.78,0.47166994089931874,0.6717272892969337
scope_20260424_115654,sweep_5765,369,2976.49,0.4716469651311348,0.49067672190192874
scope_20260424_115654,sweep_5766,369,2962.67,0.4705507503420079,0.47902686782138676
scope_20260424_115654,sweep_5767,369,2962.82,0.47056266218490206,0.4755960283479812
scope_20260424_115654,sweep_5768,369,2962.82,0.47056266218490206,0.46152519004202464
scope_20260424_115654,sweep_5769,369,2962.67,0.4705507503420079,0.622987290248648
scope_20260424_115654,sweep_5770,369,2962.82,0.47056266218490206,0.5004068682863871
scope_20260424_115654,sweep_5771,369,2976.93,0.47168182447819884,0.4878053465241553
scope_20260424_115654,sweep_5772,369,2976.93,0.47168182447819884,0.4868094195411536
scope_20260424_115654,sweep_5773,369,2976.93,0.47168182447819884,0.46185550325354285
scope_20260424_115654,sweep_5774,369,2976.63,0.4716580570210279,0.45191457269849816
scope_20260424_115654,sweep_5775,369,2962.82,0.47056266218490206,0.45109586438602906
scope_20260424_115654,sweep_5776,369,2976.19,0.47162319591722673,0.49489824223047973
scope_20260424_115654,sweep_5777,369,2962.52,0.4705388381975616,0.4754965560479588
scope_20260424_115654,sweep_5778,369,2976.63,0.4716580570210279,0.5422716904431815
scope_20260424_115654,sweep_5779,369,2976.49,0.4716469651311348,0.5006461639163993
scope_20260424_115654,sweep_5780,369,2962.82,0.47056266218490206,0.47207489025315785
scope_20260424_115654,sweep_5781,369,2962.38,0.4705277199239911,0.4768060094064515
scope_20260424_115654,sweep_5782,369,2976.49,0.4716469651311348,0.5999372220319519
scope_20260424_115654,sweep_5783,369,2962.96,0.47057377963288977,0.46356352181871363
scope_20260424_115654,sweep_5784,369,2962.82,0.47056266218490206,0.46505210204821107
scope_20260424_115654,sweep_5785,369,2976.78,0.47166994089931874,0.5268757273845621
scope_20260424_115654,sweep_5786,369,2962.82,0.47056266218490206,0.5712165489296752
scope_20260424_115654,sweep_5787,369,2962.52,0.4705388381975616,0.6055703216860444
scope_20260424_115654,sweep_5788,369,2976.49,0.4716469651311348,0.5558560316711938
scope_20260424_115654,sweep_5789,369,2962.82,0.47056266218490206,0.4435460184445259
scope_20260424_115654,sweep_5790,369,2962.52,0.4705388381975616,0.4566104971396755
scope_20260424_115654,sweep_5791,369,2962.96,0.47057377963288977,0.47709935648324414
scope_20260424_115654,sweep_5792,369,2976.63,0.4716580570210279,0.46169597252449973
scope_20260424_115654,sweep_5793,369,2976.93,0.47168182447819884,0.5154809671798851
scope_20260424_115654,sweep_5794,369,2962.38,0.4705277199239911,0.5799707923172522
scope_20260424_115654,sweep_5795,369,2976.78,0.47166994089931874,0.6254439075739351
scope_20260424_115654,sweep_5796,369,2976.78,0.47166994089931874,0.45234696610230624
scope_20260424_115654,sweep_5797,369,2976.93,0.47168182447819884,0.4751685481767841
scope_20260424_115654,sweep_5798,369,2976.78,0.47166994089931874,0.7023561109792612
scope_20260424_115654,sweep_5799,369,2962.82,0.47056266218490206,0.45424543089264546
scope_20260424_115654,sweep_5800,369,2962.82,0.47056266218490206,0.4383166721604654
scope_20260424_115654,sweep_5801,369,2976.63,0.4716580570210279,0.447806821369013
scope_20260424_115654,sweep_5802,369,2976.63,0.4716580570210279,0.4479564002932558
scope_20260424_115654,sweep_5803,369,2977.08,0.4716937077576909,0.4729860265085048
scope_20260424_115654,sweep_5804,369,2962.82,0.47056266218490206,0.5348001964381821
scope_20260424_115654,sweep_5805,369,2962.96,0.47057377963288977,0.46626814076366635
scope_20260424_115654,sweep_5806,369,2976.93,0.47168182447819884,0.4840278282658045
scope_20260424_115654,sweep_5807,369,2976.49,0.4716469651311348,0.41745465462501774
scope_20260424_115654,sweep_5808,369,2962.67,0.4705507503420079,0.41214710092877493
scope_20260424_115654,sweep_5809,369,2976.93,0.47168182447819884,0.38113305174834594
scope_20260424_115654,sweep_5810,369,2962.67,0.4705507503420079,0.40944718003769276
scope_20260424_115654,sweep_5811,369,2963.11,0.47058569089284796,0.435429899921556
scope_20260424_115654,sweep_5812,369,2962.67,0.4705507503420079,0.468969509635236
scope_20260424_115654,sweep_5813,369,2976.63,0.4716580570210279,0.5200769679065813
scope_20260424_115654,sweep_5814,369,2976.93,0.47168182447819884,0.4363013769913391
scope_20260424_115654,sweep_5815,369,2976.78,0.47166994089931874,0.47005431471831743
scope_20260424_115654,sweep_5816,369,2962.96,0.47057377963288977,0.45770496804896726
scope_20260424_115654,sweep_5817,369,2976.49,0.4716469651311348,0.47970514880707454
scope_20260424_115654,sweep_5818,369,2976.34,0.4716350806739193,0.49709133794048066
scope_20260424_115654,sweep_5819,369,2962.96,0.47057377963288977,0.4636627226040614
scope_20260424_115654,sweep_5820,369,2976.78,0.47166994089931874,0.4467745444160876
scope_20260424_115654,sweep_5821,369,2976.78,0.47166994089931874,0.4968381442296158
scope_20260424_115654,sweep_5822,369,2976.93,0.47168182447819884,0.4471496850779093
scope_20260424_115654,sweep_5823,369,2962.96,0.47057377963288977,0.5872390585089957
scope_20260424_115654,sweep_5824,369,2962.67,0.4705507503420079,0.47938099445696947
scope_20260424_115654,sweep_5825,369,2977.08,0.4716937077576909,0.5500815261118361
scope_20260424_115654,sweep_5826,369,2976.34,0.4716350806739193,0.4774805697056998
scope_20260424_115654,sweep_5827,369,2976.78,0.47166994089931874,0.549668608845407
scope_20260424_115654,sweep_5828,369,2962.52,0.4705388381975616,0.4548105359461177
scope_20260424_115654,sweep_5829,369,2962.96,0.47057377963288977,0.4451825554492377
scope_20260424_115654,sweep_5830,369,2976.93,0.47168182447819884,0.44459774493681115
scope_20260424_115654,sweep_5831,369,2962.67,0.4705507503420079,0.5014990336236909
scope_20260424_115654,sweep_5832,369,2962.52,0.4705388381975616,0.46599554610040567
scope_20260424_115654,sweep_5833,369,2962.96,0.47057377963288977,0.4497175275793246
scope_20260424_115654,sweep_5834,369,2976.78,0.47166994089931874,0.5173869802180117
scope_20260424_115654,sweep_5835,369,2976.93,0.47168182447819884,0.591346196680934
scope_20260424_115654,sweep_5836,369,2962.96,0.47057377963288977,0.455353708710522
scope_20260424_115654,sweep_5837,369,2963.11,0.47058569089284796,0.4865140702386845
scope_20260424_115654,sweep_5838,369,2976.93,0.47168182447819884,0.5779686317532453
scope_20260424_115654,sweep_5839,369,2976.63,0.4716580570210279,0.5276482738404172
scope_20260424_115654,sweep_5840,369,2962.67,0.4705507503420079,0.4660687185240301
scope_20260424_115654,sweep_5841,369,2962.96,0.47057377963288977,0.4634880661836077
scope_20260424_115654,sweep_5842,369,2962.67,0.4705507503420079,0.47567902467564477
scope_20260424_115654,sweep_5843,369,2962.82,0.47056266218490206,0.46677414868822215
scope_20260424_115654,sweep_5844,369,2976.93,0.47168182447819884,0.4627985601106552
scope_20260424_115654,sweep_5845,369,2962.82,0.47056266218490206,0.4572937838948113
scope_20260424_115654,sweep_5846,369,2976.63,0.4716580570210279,0.4782684604403834
scope_20260424_115654,sweep_5847,369,2962.96,0.47057377963288977,0.43998638250098265
scope_20260424_115654,sweep_5848,369,2962.82,0.47056266218490206,0.47162683382269116
scope_20260424_115654,sweep_5849,369,2976.93,0.47168182447819884,0.46011221737654723
scope_20260424_115654,sweep_5850,369,2962.67,0.4705507503420079,0.4586213886306208
scope_20260424_115654,sweep_5851,369,2976.63,0.4716580570210279,0.46657547365632557
scope_20260424_115654,sweep_5852,369,2976.78,0.47166994089931874,0.5366327826130028
scope_20260424_115654,sweep_5853,369,2976.78,0.47166994089931874,0.4951590878769495
scope_20260424_115654,sweep_5854,369,2976.78,0.47166994089931874,0.44063317277897873
scope_20260424_115654,sweep_5855,369,2976.78,0.47166994089931874,0.44863319057758516
scope_20260424_115654,sweep_5856,369,2976.63,0.4716580570210279,0.5937760801362484
scope_20260424_115654,sweep_5857,369,2976.49,0.4716469651311348,0.43704145535556843
scope_20260424_115654,sweep_5858,369,2976.78,0.47166994089931874,0.45543893861152956
scope_20260424_115654,sweep_5859,369,2962.38,0.4705277199239911,0.4859084223599155
scope_20260424_115654,sweep_5860,369,2976.78,0.47166994089931874,0.49181468038598625
scope_20260424_115654,sweep_5861,369,2976.78,0.47166994089931874,0.46211532582119513
scope_20260424_115654,sweep_5862,369,2976.93,0.47168182447819884,0.45716154033936346
scope_20260424_115654,sweep_5863,369,2962.67,0.4705507503420079,0.4667823582474216
scope_20260424_115654,sweep_5864,369,2976.93,0.47168182447819884,0.47124251637779035
scope_20260424_115654,sweep_5865,369,2976.78,0.47166994089931874,0.4373661584667954
scope_20260424_115654,sweep_5866,369,2976.78,0.47166994089931874,0.5506960459210082
scope_20260424_115654,sweep_5867,369,2976.63,0.4716580570210279,0.5767752285298724
scope_20260424_115654,sweep_5868,369,2962.82,0.47056266218490206,0.5414488173935899
scope_20260424_115654,sweep_5869,369,2976.63,0.4716580570210279,0.4805566141322071
scope_20260424_115654,sweep_5870,369,2962.67,0.4705507503420079,0.43850354632866856
scope_20260424_115654,sweep_5871,370,2841.04,0.4607904870198922,0.45953656126254006
scope_20260424_115654,sweep_5872,370,2840.77,0.4607685907446614,0.5179044726455527
scope_20260424_115654,sweep_5873,370,2840.91,0.4607799444987408,0.47728542980727096
scope_20260424_115654,sweep_5874,370,2828.32,0.4597577964779142,0.4809518412915533
scope_20260424_115654,sweep_5875,370,2841.04,0.4607904870198922,0.4179524776686387
scope_20260424_115654,sweep_5876,370,2828.05,0.4597358510177546,0.47293840544828647
scope_20260424_115654,sweep_5877,370,2841.04,0.4607904870198922,0.6179505413454554
scope_20260424_115654,sweep_5878,370,2841.04,0.4607904870198922,0.5029550563876751
scope_20260424_115654,sweep_5879,370,2840.91,0.4607799444987408,0.4608901056263319
scope_20260424_115654,sweep_5880,370,2840.64,0.4607580477225054,0.49307292009584186
scope_20260424_115654,sweep_5881,370,2840.77,0.4607685907446614,0.4480032282813281
scope_20260424_115654,sweep_5882,371,2647.49,0.4448176327783585,0.513778923562759
scope_20260424_115654,sweep_5883,371,2647.37,0.4448075517731799,0.45707074183690644
scope_20260424_115654,sweep_5884,371,2647.49,0.4448176327783585,0.41157491185378825
scope_20260424_115654,sweep_5885,371,2647.49,0.4448176327783585,0.4187551463944176
scope_20260424_115654,sweep_5886,371,2647.49,0.4448176327783585,0.4542599457324617
scope_20260424_115654,sweep_5887,371,2647.37,0.4448075517731799,0.4282247672681894
scope_20260424_115654,sweep_5888,371,2647.25,0.4447974705395228,0.5416113476817014
scope_20260424_115654,sweep_5889,371,2647.37,0.4448075517731799,0.437557070518917
scope_20260424_115654,sweep_5890,371,2647.49,0.4448176327783585,0.44000856897246876
scope_20260424_115654,sweep_5891,371,2647.49,0.4448176327783585,0.3925415199500935
scope_20260424_115654,sweep_5892,372,2439.82,0.42701558293912556,0.46511786824345935
scope_20260424_115654,sweep_5893,373,2459.22,0.4287099087274803,0.5144347947233534
scope_20260424_115654,sweep_5894,373,2459.22,0.4287099087274803,0.43695863360711146
scope_20260424_115654,sweep_5895,373,2459.12,0.42870119225910824,0.42439170586856334
scope_20260424_115654,sweep_5896,373,2459.12,0.42870119225910824,0.42897431116682394
scope_20260424_115654,sweep_5897,373,2459.12,0.42870119225910824,0.545495721566344
scope_20260424_115654,sweep_5898,373,2459.12,0.42870119225910824,0.381253011429012
scope_20260424_115654,sweep_5899,373,2468.83,0.4295467360930553,0.5243343831110681
scope_20260424_115654,sweep_5900,373,2459.22,0.4287099087274803,0.6602855150759439
scope_20260424_115654,sweep_5901,373,2459.42,0.42872734113258054,0.4962602014378052
scope_20260424_115654,sweep_5902,373,2459.22,0.4287099087274803,0.48128294448998066
scope_20260424_115654,sweep_5903,374,2278.94,0.4126969658617937,0.5081899898602655
scope_20260424_115654,sweep_5904,374,2270.83,0.41196198481851953,0.41366951864596435
scope_20260424_115654,sweep_5905,374,2270.75,0.411954728165874,0.5872963855843963
scope_20260424_115654,sweep_5906,374,2270.66,0.4119465642788513,0.4887316183097152
scope_20260424_115654,sweep_5907,374,2270.66,0.4119465642788513,0.47869360806139044
scope_20260424_115654,sweep_5908,374,2270.92,0.4119701483999581,0.4645347133958718
scope_20260424_115654,sweep_5909,374,2270.58,0.41193930735456014,0.4570069413390529
scope_20260424_115654,sweep_5910,374,2270.58,0.41193930735456014,0.3594101419548687
scope_20260424_115654,sweep_5911,374,2279.03,0.4228132847132596,0.39407024209387964
scope_20260424_115654,sweep_5912,374,2270.83,0.42205195353172087,0.46891553021933985
scope_20260424_115654,sweep_5913,374,2270.75,0.4220445191456901,0.4303471425950966
scope_20260424_115654,sweep_5914,375,2081.24,0.4040496038951211,0.36524315415775804
scope_20260424_115654,sweep_5915,375,2087.76,0.40468200174748437,0.44962473692807803
scope_20260424_115654,sweep_5916,375,2087.83,0.4046887859330895,0.37371502025507325
scope_20260424_115654,sweep_5917,375,2081.02,0.40402824805387716,0.4160012583150392
scope_20260424_115654,sweep_5918,375,2087.83,0.4046887859330895,0.4518286769449851
scope_20260424_115654,sweep_5919,375,2087.68,0.4046742482532411,0.40681589518695005
scope_20260424_115654,sweep_5920,375,2081.09,0.4040350432167143,0.4949805659174497
scope_20260424_115654,sweep_5921,375,2087.83,0.4046887859330895,0.4160599338138776
scope_20260424_115654,sweep_5922,375,2081.17,0.4040428089771644,0.4775904925139813
scope_20260424_115654,sweep_5923,375,2081.02,0.40402824805387716,0.4713626068460972
scope_20260424_115654,sweep_5924,376,1874.12,0.38341782649192113,0.4397227684902112
scope_20260424_115654,sweep_5925,376,1896.87,0.37651615443798203,0.5731399631532984
scope_20260424_115654,sweep_5926,376,1896.87,0.37651615443798203,0.42893018646973496
scope_20260424_115654,sweep_5927,376,1896.93,0.37652210919255796,0.3822628272069836
scope_20260424_115654,sweep_5928,376,1896.87,0.37651615443798203,0.5421504672132275
scope_20260424_115654,sweep_5929,376,1896.93,0.37652210919255796,0.43702380492591186
scope_20260424_115654,sweep_5930,376,1896.87,0.37651615443798203,0.4159631046336393
scope_20260424_115654,sweep_5931,376,1896.99,0.3765280638529601,0.3475848995830698
scope_20260424_115654,sweep_5932,376,1896.87,0.37651615443798203,0.338241790376105
scope_20260424_115654,sweep_5933,376,1897.05,0.37653401841919276,0.5636590754837535
scope_20260424_115654,sweep_5934,376,1896.93,0.37652210919255796,0.3609655497809949
scope_20260424_115654,sweep_5935,377,1713.99,0.3494466438641103,0.33846340704321437
scope_20260424_115654,sweep_5936,377,1709.55,0.3489937388880634,0.3758982963187538
scope_20260424_115654,sweep_5937,377,1709.3,0.34896822000160227,0.34456321528948125
scope_20260424_115654,sweep_5938,377,1709.3,0.34896822000160227,0.36357797800623803
scope_20260424_115654,sweep_5939,377,1713.84,0.34943135260119457,0.3284653592067359
scope_20260424_115654,sweep_5940,377,1709.21,0.3489590327456401,0.36850949326083576
scope_20260424_115654,sweep_5941,377,1709.21,0.3489590327456401,0.3228130723621106
scope_20260424_115654,sweep_5942,377,1709.35,0.3489733239281812,0.3459808583891051
scope_20260424_115654,sweep_5943,377,1709.26,0.34896413680659133,0.38327025101933804
scope_20260424_115654,sweep_5944,377,1709.26,0.34896413680659133,0.44478932138328214
scope_20260424_115654,sweep_5945,377,1709.4,0.34897842778011356,0.5408735967150403
scope_20260424_115654,sweep_5946,378,1521.3,0.3292184489966648,0.5844339709831085
scope_20260424_115654,sweep_5947,378,1521.18,0.3292054643805562,0.30714559487981113
scope_20260424_115654,sweep_5948,378,1521.34,0.3371925513724198,0.4818323984302804
scope_20260424_115654,sweep_5949,378,1521.18,0.33717481956138423,0.3753645172932858
scope_20260424_115654,sweep_5950,378,1521.22,0.3371792526015643,0.4188271751426734
scope_20260424_115654,sweep_5951,378,1521.3,0.3371881185070798,0.6582766496525846
scope_20260424_115654,sweep_5952,378,1521.14,0.3371703864629195,0.3995835347319697
scope_20260424_115654,sweep_5953,378,1521.14,0.3454285238051978,0.2984398218529134
scope_20260424_115654,sweep_5954,378,1521.3,0.3454466901510106,0.4472604846526132
scope_20260424_115654,sweep_5955,378,1521.38,0.3454557729656771,0.4437009594609137
scope_20260424_115654,sweep_5956,379,1309.87,0.32054403614838184,0.2701945157250541
scope_20260424_115654,sweep_5957,379,1332.24,0.331280877617162,0.3695826374155368
scope_20260424_115654,sweep_5958,379,1332.24,0.331280877617162,0.3425216658702785
scope_20260424_115654,sweep_5959,379,1332.27,0.33128460756461126,0.3304174643847278
scope_20260424_115654,sweep_5960,379,1332.3,0.3312883374700654,0.38517467555782864
scope_20260424_115654,sweep_5961,379,1332.24,0.331280877617162,0.2810056525341939
scope_20260424_115654,sweep_5962,379,1332.27,0.33128460756461126,0.33683150728207756
scope_20260424_115654,sweep_5963,379,1332.21,0.3312771476277162,0.3432925776958394
scope_20260424_115654,sweep_5964,379,1335.11,0.3316375192933193,0.26522263292770043
scope_20260424_115654,sweep_5965,379,1332.3,0.3312883374700654,0.3908818626078118
scope_20260424_115654,sweep_5966,379,1332.15,0.33126968752282904,0.295945149903452
scope_20260424_115654,sweep_5967,380,1147.86,0.30750316811018324,0.31443887049804037
scope_20260424_115654,sweep_5968,380,1143.86,0.3069669153816791,0.31493891329943824
scope_20260424_115654,sweep_5969,380,1143.64,0.3069373943000524,0.25768423067105445
scope_20260424_115654,sweep_5970,380,1143.69,0.306944103886101,0.2742753719318388
scope_20260424_115654,sweep_5971,380,1143.69,0.306944103886101,0.3752480529277423
scope_20260424_115654,sweep_5972,380,1143.75,0.306952155195764,0.23658875483751773
scope_20260424_115654,sweep_5973,380,1143.73,0.29952657443020564,0.2609799263699249
scope_20260424_115654,sweep_5974,380,1143.66,0.2995174082891453,0.31016747015300306
scope_20260424_115654,sweep_5975,380,1143.73,0.29952657443020564,0.33608399111346676
scope_20260424_115654,sweep_5976,380,1143.69,0.29952133666966196,0.2936528797286741
scope_20260424_115654,sweep_5977,381,931.46,0.25803576011744384,0.2986349005735319
scope_20260424_115654,sweep_5988,383,771.88,0.21039870194089413,0.1864188271658487
scope_20260424_115654,sweep_5989,383,769.97,0.20996649060659262,0.2463242237569575
scope_20260424_115654,sweep_5990,383,770.98,0.21019506482873662,0.2043730923733766
scope_20260424_115654,sweep_5991,383,772.84,0.20569400358801687,0.19465367980586967
scope_20260424_115654,sweep_5992,383,773.77,0.20589942640341516,0.1845100509174584
scope_20260424_115654,sweep_5993,383,775.72,0.20633001547547034,0.1893433714038254
scope_20260424_115654,sweep_5994,383,776.74,0.20655517336457505,0.24063046834018104
scope_20260424_115654,sweep_5995,383,778.61,0.2069678323502574,0.17852522833167978
scope_20260424_115654,sweep_5996,383,779.56,0.2071774073864346,0.17789657649535215
scope_20260424_115654,sweep_5997,383,780.65,0.20741781368782364,0.22231618074640244
scope_20260424_115654,sweep_5998,383,781.62,0.20763170525654137,0.14089749796590229
scope_20260424_115654,sweep_5999,384,595.92,0.16577280186524063,0.16681027876539334
scope_20260424_115654,sweep_6000,384,602.88,0.16737820180287052,0.17600045224197564
scope_20260424_115654,sweep_6001,384,608.75,0.16872973276014566,0.1345776981924185
scope_20260424_115654,sweep_6002,384,612.96,0.1696976943999533,0.1454951517977035
scope_20260424_115654,sweep_6003,384,618.42,0.17504191616458173,0.14498212944202343
scope_20260424_115654,sweep_6004,384,620.3,0.1754834686874856,0.1731124292765513
scope_20260424_115654,sweep_6005,384,625.93,0.176804420326137,0.16182829115488181
scope_20260424_115654,sweep_6006,384,631.62,0.17813739896616604,0.18639150110690142
scope_20260424_115654,sweep_6007,384,634.84,0.178890833178762,0.1473400215868072
scope_20260424_115654,sweep_6008,384,636.79,0.1836883889565509,0.20167011647914293
scope_20260424_115654,sweep_6009,385,428.77,0.13228514419901366,0.1320285982075047
scope_20260424_115654,sweep_6010,386,461.52,0.14061866382393484,0.15218876866543288
scope_20260424_115654,sweep_6011,386,466.72,0.1419324345180865,0.14116612496719988
scope_20260424_115654,sweep_6012,386,472.75,0.14345279240534428,0.12239821046613274
scope_20260424_115654,sweep_6013,386,480.81,0.14904300607593032,0.13870728885728223
scope_20260424_115654,sweep_6014,386,488.31,0.15097010822622714,0.15878785738608786
scope_20260424_115654,sweep_6015,386,495.34,0.152771880725505,0.15317139011444553
scope_20260424_115654,sweep_6016,386,499.73,0.1538948205334782,0.16925083694337462
scope_20260424_115654,sweep_6017,386,505.83,0.15930482779812818,0.14763577522655655
scope_20260424_115654,sweep_6018,386,509.55,0.16027662265311876,0.15905155148429553
scope_20260424_115654,sweep_6019,386,515.45,0.16181544242097323,0.137601941093858
scope_20260424_115654,sweep_6020,387,364.9,0.12148130260844806,0.1370204107796696
scope_20260424_115654,sweep_6021,387,364.67,0.12141774540524108,0.14074313770070232
scope_20260424_115654,sweep_6022,387,363.82,0.12118280091788451,0.10484833687665636
scope_20260424_115654,sweep_6023,387,364.25,0.1213016668369199,0.10258509788786044
scope_20260424_115654,sweep_6024,387,365.11,0.12153932715075641,0.11551466514802669
scope_20260424_115654,sweep_6025,387,368.14,0.12237590882574807,0.15007219414502046
scope_20260424_115654,sweep_6026,387,376.84,0.12477151242518893,0.13309506103460667
scope_20260424_115654,sweep_6027,387,384.98,0.12700441343873958,0.15518962812607096
scope_20260424_115654,sweep_6028,387,391.79,0.12574996742298403,0.14886567561345496
scope_20260424_115654,sweep_6029,387,398.31,0.12748444791870203,0.17755414807536135
scope_20260424_115654,sweep_6030,387,403.47,0.12885371354427394,0.15089718396203092
scope_20260424_115654,sweep_6031,387,364.68,0.11848422128155621,0.10254078836254764
scope_20260424_115654,sweep_6032,387,364.91,0.11854624120473906,0.13739987799123482
scope_20260424_115654,sweep_6033,387,364.69,0.11565425886645223,0.12692469635096118
scope_20260424_115654,sweep_6034,387,364.04,0.11548314111697146,0.12998224827150684
scope_20260424_115654,sweep_6035,387,364.69,0.11565425886645223,0.09578022131747989
scope_20260424_115654,sweep_6036,387,364.48,0.11559898034437763,0.09956242057156969
scope_20260424_115654,sweep_6037,387,364.27,0.11281274290174248,0.10228254120706948
scope_20260424_115654,sweep_6038,387,364.68,0.11291812216767724,0.1172618944267738
scope_20260424_115654,sweep_6039,387,364.49,0.1128692903791926,0.1204464660720041
scope_20260424_115654,sweep_6040,387,364.26,0.11281017242393479,0.1315265364615235
scope_20260424_115654,sweep_6041,387,364.91,0.11297722854645952,0.12564358491942723
scope_20260424_115654,sweep_6042,387,364.48,0.11022914608103346,0.09749248991874623
scope_20260424_115654,sweep_6043,387,363.83,0.11006596114581949,0.10611802408331247
scope_20260424_115654,sweep_6044,387,364.48,0.11022914608103346,0.10198326729680914
scope_20260424_115654,sweep_6045,387,363.63,0.11001574042887594,0.1257565529524745
scope_20260424_115654,sweep_6046,387,363.4,0.10995798079884939,0.09908160130457173
scope_20260424_115654,sweep_6047,387,364.05,0.10757667332733062,0.1663196397467482
scope_20260424_115654,sweep_6048,387,364.05,0.10757667332733062,0.09492437742430455
scope_20260424_115654,sweep_6049,387,364.04,0.10757422067392204,0.0972851604031531
scope_20260424_115654,sweep_6050,387,363.6,0.10746629257978468,0.11946629523644445
scope_20260424_115654,sweep_6051,387,364.46,0.10767722226018588,0.12069368988520848
scope_20260424_115654,sweep_6052,387,364.27,0.10763062880533648,0.12748053816250596
scope_20260424_115654,sweep_6053,387,364.47,0.1076796744328809,0.09975811522883424
scope_20260424_115654,sweep_6054,387,364.03,0.10757176800906,0.12668379379544215
scope_20260424_115654,sweep_6055,387,364.06,0.11012370916887008,0.10493799408296632
scope_20260424_115654,sweep_6056,387,364.05,0.11012119851425223,0.10437604334288952
scope_20260424_115654,sweep_6057,387,363.81,0.11006093928535629,0.10508631425035773
scope_20260424_115654,sweep_6058,387,363.2,0.10990774998189871,0.14056919237441126
scope_20260424_115654,sweep_6059,387,363.83,0.11006596114581949,0.10475987274906143
scope_20260424_115654,sweep_6060,387,364.46,0.11022412574422577,0.11231302322139816
scope_20260424_115654,sweep_6061,387,364.26,0.11017391979976687,0.07763204986029681
scope_20260424_115654,sweep_6062,387,363.62,0.11264563687480447,0.1367926643747381
scope_20260424_115654,sweep_6063,387,362.98,0.1124810520870288,0.11665007189400384
scope_20260424_115654,sweep_6064,387,363.63,0.11264820812116198,0.14223173874635459
scope_20260424_115654,sweep_6065,387,363.85,0.11270477250046006,0.1069718725934852
scope_20260424_115654,sweep_6066,387,363.19,0.11525929335136846,0.10239196357557406
scope_20260424_115654,sweep_6067,387,363.2,0.11526192737184238,0.12311243939263067
scope_20260424_115654,sweep_6068,387,363.41,0.1153172389544504,0.09240461742438574
scope_20260424_115654,sweep_6069,387,363.6,0.11536727808540434,0.14163992535812825
scope_20260424_115654,sweep_6070,387,363.61,0.11536991160072241,0.12127395825379457
scope_20260424_115654,sweep_6071,387,364.03,0.11830891161688975,0.10200295331553466
scope_20260424_115654,sweep_6072,387,362.56,0.11791224560681081,0.05793412784678596
scope_20260424_115654,sweep_6073,388,207.04,0.0740625461374257,0.0764854093380712
scope_20260424_115654,sweep_6074,388,207.04,0.0740625461374257,0.07066567845442023
scope_20260424_115654,sweep_6075,388,207.04,0.07589797143816546,0.06483614543844235
scope_20260424_115654,sweep_6076,388,207.04,0.07589797143816546,0.07744102496486037
scope_20260424_115654,sweep_6077,388,207.04,0.07589797143816546,0.07452004500718713
scope_20260424_115654,sweep_6078,388,207.04,0.07589797143816546,0.07668266292989646
scope_20260424_115654,sweep_6079,388,207.04,0.07589797143816546,0.08238323883814873
scope_20260424_115654,sweep_6080,388,207.04,0.07589797143816546,0.08179388635140053
scope_20260424_115654,sweep_6081,388,207.04,0.07589797143816546,0.08627545691352534
scope_20260424_115654,sweep_6082,388,207.04,0.07589797143816546,0.06810698042659297
scope_20260424_115654,sweep_6083,388,207.04,0.07589797143816546,0.0695781537039107
scope_20260424_115654,sweep_6084,388,207.04,0.07589797143816546,0.06191242995098602
scope_20260424_115654,sweep_6085,388,207.04,0.0740625461374257,0.07647315559662339
scope_20260424_115654,sweep_6086,388,207.04,0.0740625461374257,0.07010199050362059
scope_20260424_115654,sweep_6087,388,207.04,0.0740625461374257,0.07316867069820947
scope_20260424_115654,sweep_6088,388,207.04,0.0740625461374257,0.07194258626422828
scope_20260424_115654,sweep_6089,388,207.04,0.0740625461374257,0.07579038385729714
scope_20260424_115654,sweep_6090,388,207.04,0.07229193764457699,0.08860418300931187
scope_20260424_115654,sweep_6091,388,207.04,0.07229193764457699,0.08478733616115953
scope_20260424_115654,sweep_6092,388,207.04,0.07229193764457699,0.0694472035104872
scope_20260424_115654,sweep_6093,388,207.04,0.07058326874531176,0.06953607123228844
scope_20260424_115654,sweep_6094,388,207.04,0.07058326874531176,0.07058077767144681
scope_20260424_115654,sweep_6095,388,207.04,0.07058326874531176,0.07434834003043145
scope_20260424_115654,sweep_6096,388,207.04,0.07058326874531176,0.07139123586918426
scope_20260424_115654,sweep_6097,388,207.04,0.07058326874531176,0.07599566497317908
scope_20260424_115654,sweep_6098,388,207.04,0.0689338135281624,0.07070490326546165
scope_20260424_115654,sweep_6099,388,207.04,0.0689338135281624,0.0900079861122324
scope_20260424_115654,sweep_6100,388,207.04,0.0689338135281624,0.07834840893209881
scope_20260424_115654,sweep_6101,388,207.04,0.06734098828543435,0.07617539048351808
scope_20260424_115654,sweep_6102,388,207.04,0.06734098828543435,0.06918703887132203
scope_20260424_115654,sweep_6103,388,207.04,0.06734098828543435,0.07164370459937927
scope_20260424_115654,sweep_6104,388,207.04,0.06734098828543435,0.0762215052384348
scope_20260424_115654,sweep_6105,388,207.04,0.06580234302574536,0.07650429320629315
scope_20260424_115654,sweep_6106,388,207.04,0.06580234302574536,0.06482591063042104
scope_20260424_115654,sweep_6107,388,207.04,0.06580234302574536,0.08050174283391087
scope_20260424_115654,sweep_6108,388,207.04,0.06580234302574536,0.10019354795372062
scope_20260424_115654,sweep_6109,388,207.04,0.06431555355295969,0.08562972413527543
scope_20260424_115654,sweep_6110,388,207.04,0.06431555355295969,0.08006178927168764
scope_20260424_115654,sweep_6111,388,207.04,0.06431555355295969,0.08316812699442111
scope_20260424_115654,sweep_6112,388,207.04,0.06431555355295969,0.1119672282899627
scope_20260424_115654,sweep_6113,388,207.04,0.0628784140699192,0.07505103356195315
scope_20260424_115654,sweep_6114,388,207.04,0.0628784140699192,0.08182374385664719
scope_20260424_115654,sweep_6115,388,207.04,0.0628784140699192,0.08008251802078613
scope_20260424_115654,sweep_6116,388,207.04,0.0628784140699192,0.11762935863890059
scope_20260424_115654,sweep_6117,388,207.04,0.06148883026873224,0.08463936691608606
scope_20260424_115654,sweep_6118,388,207.04,0.06148883026873224,0.08696148696592541
scope_20260424_115654,sweep_6119,388,207.04,0.06148883026873224,0.07410816498243966
scope_20260424_115654,sweep_6120,388,207.04,0.06148883026873224,0.07774119580002484
scope_20260424_115654,sweep_6121,388,207.04,0.06148883026873224,0.08561827498635917
scope_20260424_115654,sweep_6122,388,207.04,0.06014481287236377,0.06952875063530177
scope_20260424_115654,sweep_6123,388,207.04,0.06014481287236377,0.05009246972378966
scope_20260424_115654,sweep_6124,388,207.04,0.06014481287236377,0.07184004049692791
scope_20260424_115654,sweep_6125,388,207.04,0.06014481287236377,0.10565852753152509
scope_20260424_115654,sweep_6126,389,363.61,0.09598444820280902,0.11300771339658285
scope_20260424_115654,sweep_6127,389,364.47,0.09617283669006525,0.20402786777227766
scope_20260424_115654,sweep_6128,389,365.53,0.0964049325234893,0.09511713868302059
scope_20260424_115654,sweep_6129,389,365.32,0.09851223199858082,0.12153997257272055
scope_20260424_115654,sweep_6130,389,365.97,0.09865769164183978,0.10762555931602398
scope_20260424_115654,sweep_6131,389,365.12,0.09846746633654446,0.08300352765862153
scope_20260424_115654,sweep_6132,389,365.96,0.09865545413400434,0.06973195456373675
scope_20260424_115654,sweep_6133,389,365.33,0.0985144701723002,0.13939688696969468
scope_20260424_115654,sweep_6134,389,365.11,0.09846522794403448,0.20343387327868134
scope_20260424_115654,sweep_6135,389,365.12,0.10069272896663817,0.08201397558701183
scope_20260424_115654,sweep_6136,389,365.33,0.10074079504033978,0.07633292387780588
scope_20260424_115654,sweep_6137,389,364.91,0.10064465819299455,0.13514120398173998
scope_20260424_115654,sweep_6138,389,365.11,0.10299180539395064,0.12179991392112337
scope_20260424_115654,sweep_6139,389,365.54,0.10309247121337566,0.08872167315550207
scope_20260424_115654,sweep_6140,389,365.33,0.10304331135292319,0.11288483707019761
scope_20260424_115654,sweep_6141,389,365.12,0.10299414668834052,0.11985402975434638
scope_20260424_115654,sweep_6142,389,365.33,0.10542537451023318,0.14329760395685373
scope_20260424_115654,sweep_6143,389,365.74,0.10552356747027439,0.11865708601611506
scope_20260424_115654,sweep_6144,389,365.54,0.10547567080439361,0.10789163491402098
scope_20260424_115654,sweep_6145,389,365.53,0.1079395399483473,0.16137903354951558
scope_20260424_115654,sweep_6146,389,365.74,0.10799100752495577,0.15095550995015575
scope_20260424_115654,sweep_6147,389,365.12,0.10783904114106278,0.12262875687654656
scope_20260424_115654,sweep_6148,389,364.9,0.10778510704360061,0.10165864451464503
scope_20260424_115654,sweep_6149,389,364.69,0.10773361933909364,0.13960366306524738
scope_20260424_115654,sweep_6150,389,364.9,0.1103345623405958,0.10628762716783373
scope_20260424_115654,sweep_6151,389,364.49,0.11023165623187536,0.08724113141193823
scope_20260424_115654,sweep_6152,389,364.68,0.11027934687388562,0.11816839268115531
scope_20260424_115654,sweep_6153,389,365.55,0.11049766590267451,0.15049497181600072
scope_20260424_115654,sweep_6154,389,364.68,0.11027934687388562,0.10993414842539777
scope_20260424_115654,sweep_6155,390,534.17,0.15138444386198935,0.11987531646233439
scope_20260424_115654,sweep_6156,391,364.24,0.11016889894761657,0.10544678673811567
scope_20260424_115654,sweep_6157,391,364.05,0.11012119851425223,0.12223720932930796
scope_20260424_115654,sweep_6158,391,364.04,0.11011868784791037,0.09598312435996043
scope_20260424_115654,sweep_6159,391,364.27,0.10763062880533648,0.12174481455948168
scope_20260424_115654,sweep_6160,391,364.46,0.10767722226018588,0.11839817254054034
scope_20260424_115654,sweep_6161,391,364.46,0.10767722226018588,0.11442902654409091
scope_20260424_115654,sweep_6162,391,364.04,0.10757422067392204,0.12418868381883759
scope_20260424_115654,sweep_6163,391,364.48,0.10768212659413828,0.12750814314762737
scope_20260424_115654,sweep_6164,391,364.69,0.10773361933909364,0.12488726290696385
scope_20260424_115654,sweep_6165,391,364.69,0.10527206023629847,0.12559874160916695
scope_20260424_115654,sweep_6166,391,364.68,0.10526966433803832,0.11607782308565592
scope_20260424_115654,sweep_6167,391,363.21,0.10491734560952089,0.08777463206096105
scope_20260424_115654,sweep_6168,391,363.2,0.1049149480543696,0.16129405031500801
scope_20260424_115654,sweep_6169,391,363.61,0.10501323861762811,0.10667086776046678
scope_20260424_115654,sweep_6170,391,364.05,0.10511870021641312,0.10010958452219466
scope_20260424_115654,sweep_6171,391,364.46,0.10283959785910736,0.1635406240960765
scope_20260424_115654,sweep_6172,391,364.68,0.10289111941783327,0.14711491694672252
scope_20260424_115654,sweep_6173,391,364.46,0.10283959785910736,0.10174551653380802
scope_20260424_115654,sweep_6174,391,364.68,0.10289111941783327,0.11628733226627574
scope_20260424_115654,sweep_6175,391,365.11,0.10069043998877863,0.10096172906602038
scope_20260424_115654,sweep_6176,391,364.48,0.10054621288324937,0.10206790151443416
scope_20260424_115654,sweep_6177,391,364.91,0.10064465819299455,0.165896092136054
scope_20260424_115654,sweep_6178,392,505.39,0.13188234454252776,0.18935206428697557
scope_20260424_115654,sweep_6179,392,512.48,0.1334161454000834,0.18805301364117608
scope_20260424_115654,sweep_6180,392,516.74,0.134335987292674,0.11793180906320512
scope_20260424_115654,sweep_6181,392,521.95,0.13246562257523042,0.18868390607435317
scope_20260424_115654,sweep_6182,392,527.68,0.13367150031728783,0.22256036421919684
scope_20260424_115654,sweep_6183,392,532.2,0.13462116316084335,0.23743527294852174
scope_20260424_115654,sweep_6184,392,534.52,0.13510806774856018,0.16179174930217508
scope_20260424_115654,sweep_6185,392,539.58,0.13616878009151864,0.1625729451733147
scope_20260424_115654,sweep_6186,392,542.88,0.13685963754274025,0.19088681201989877
scope_20260424_115654,sweep_6187,392,546.72,0.13766264649152948,0.16290626591258103
scope_20260424_115654,sweep_6188,393,735.39,0.17606819172656704,0.16381651316954982
scope_20260424_115654,sweep_6189,393,735.38,0.1760662045256526,0.19057752886416546
scope_20260424_115654,sweep_6190,393,734.49,0.17986424159327677,0.24201618781565334
scope_20260424_115654,sweep_6191,393,732.8,0.17952067672588445,0.23146686372914088
scope_20260424_115654,sweep_6192,393,730.24,0.17899999037737085,0.20086900804142024
scope_20260424_115654,sweep_6193,393,729.31,0.17881075799184473,0.1929379791717766
scope_20260424_115654,sweep_6194,393,726.83,0.17830593755752333,0.2489635865562791
scope_20260424_115654,sweep_6195,393,725.13,0.18202714253793995,0.22896636541122836
scope_20260424_115654,sweep_6196,393,723.48,0.18168329463496968,0.2534156230684827
scope_20260424_115654,sweep_6197,393,724.24,0.18184168960541439,0.22329429274413953
scope_20260424_115654,sweep_6198,393,721.75,0.18132263211919109,0.22307927561143231
scope_20260424_115654,sweep_6199,394,904.25,0.22368444911710783,0.2058000987397694
scope_20260424_115654,sweep_6200,394,901.63,0.22314638537821793,0.24223470574758554
scope_20260424_115654,sweep_6201,394,895.27,0.22183913810071582,0.257508117001417
scope_20260424_115654,sweep_6202,394,888.88,0.2256806128381088,0.2028435188338697
scope_20260424_115654,sweep_6203,394,883.72,0.22459270115822466,0.15817701155971628
scope_20260424_115654,sweep_6204,394,880.0,0.22380772293711748,0.30389982128169124
scope_20260424_115654,sweep_6205,394,875.04,0.22276020699636534,0.21241092762472752
scope_20260424_115654,sweep_6206,394,870.16,0.22697317664510155,0.2585475358681803
scope_20260424_115654,sweep_6207,394,866.5,0.22618051089242605,0.2048687993112956
scope_20260424_115654,sweep_6208,394,861.62,0.22512273701853835,0.25640815753711643
scope_20260424_115654,sweep_6209,395,1043.75,0.26632106220296975,0.25485818400816596
scope_20260424_115654,sweep_6210,395,1040.38,0.26589077353124685,0.2704744725488127
scope_20260424_115654,sweep_6211,395,1031.89,0.26480365298519154,0.2479167310349358
scope_20260424_115654,sweep_6212,395,1023.37,0.263708185693654,0.21372037130045163
scope_20260424_115654,sweep_6213,395,1014.97,0.26262367418086185,0.27939773285181263
scope_20260424_115654,sweep_6214,395,1008.42,0.2617748957369071,0.22894442401992332
scope_20260424_115654,sweep_6215,395,1001.8,0.260914240817173,0.3439065543878426
scope_20260424_115654,sweep_6216,395,993.9,0.25345549030055864,0.25351047974017654
scope_20260424_115654,sweep_6217,395,989.1,0.25243910840149975,0.21569831602136685
scope_20260424_115654,sweep_6218,395,985.93,0.2517674132204435,0.2664643236375403
scope_20260424_115654,sweep_6219,396,1194.22,0.28487178715502515,0.2674257188406846
scope_20260424_115654,sweep_6220,396,1162.97,0.28111985876483414,0.25011121540393877
scope_20260424_115654,sweep_6221,396,1154.22,0.2800603116419349,0.266100310140403
scope_20260424_115654,sweep_6230,398,1329.46,0.2869154667582329,0.29087886580027617
scope_20260424_115654,sweep_6231,398,1335.02,0.28751480242099264,0.32752708588754914
scope_20260424_115654,sweep_6232,398,1332.27,0.2872185247253415,0.48548478914538523
scope_20260424_115654,sweep_6233,398,1334.96,0.2875083414383943,0.2927194782874723
scope_20260424_115654,sweep_6234,398,1335.14,0.28752772395063875,0.2702898241024092
scope_20260424_115654,sweep_6235,398,1335.11,0.287524493622668,0.30514699880138
scope_20260424_115654,sweep_6236,398,1332.39,0.2872314595834758,0.2708111089194875
scope_20260424_115654,sweep_6237,398,1334.94,0.28750618774526276,0.27917166646888414
scope_20260424_115654,sweep_6238,398,1335.05,0.2875180328578462,0.26550424759135866
scope_20260424_115654,sweep_6239,398,1334.96,0.28101215367770277,0.4483550541955909
scope_20260424_115654,sweep_6240,398,1335.17,0.2810342555502933,0.2718922267016499
scope_20260424_115654,sweep_6241,399,1521.18,0.2999723879421633,0.29849519809510366
scope_20260424_115654,sweep_6242,399,1521.18,0.2999723879421633,0.40092139825833634
scope_20260424_115654,sweep_6243,399,1524.93,0.30034190503964636,0.3596699023172343
scope_20260424_115654,sweep_6244,399,1524.82,0.3003310723439281,0.3316482786794798
scope_20260424_115654,sweep_6245,399,1521.26,0.2999802757251766,0.29087846635024417
scope_20260424_115654,sweep_6246,399,1521.38,0.29999210701082923,0.29180410569867177
scope_20260424_115654,sweep_6247,399,1521.22,0.29997633185959577,0.2875626231241388
scope_20260424_115654,sweep_6248,399,1524.89,0.30033796592277395,0.32026068606193464
scope_20260424_115654,sweep_6249,399,1524.82,0.3003310723439281,0.3406492034532426
scope_20260424_115654,sweep_6250,399,1521.38,0.29999210701082923,0.28558074660278626
scope_20260424_115654,sweep_6251,400,1709.35,0.3179848837072749,0.3448745973473003
scope_20260424_115654,sweep_6252,400,1713.99,0.318416173363139,0.34206060778692626
scope_20260424_115654,sweep_6253,400,1714.04,0.3184208176996171,0.34069332647751316
scope_20260424_115654,sweep_6254,400,1709.4,0.31798953434287336,0.33264185971480376
scope_20260424_115654,sweep_6255,400,1713.89,0.31840688448695326,0.3111452943188796
scope_20260424_115654,sweep_6256,400,1713.8,0.31839852426668863,0.2957605491718883
scope_20260424_115654,sweep_6257,400,1709.4,0.31798953434287336,0.3169007720584294
scope_20260424_115654,sweep_6258,400,1713.84,0.3184022399472399,0.32618011689610527
scope_20260424_115654,sweep_6259,400,1709.4,0.31798953434287336,0.41346858185287866
scope_20260424_115654,sweep_6260,400,1714.04,0.3184208176996171,0.3022109220926589
scope_20260424_115654,sweep_6261,400,1713.89,0.31840688448695326,0.3207447924634636
scope_20260424_115654,sweep_6262,401,1896.93,0.33497826544235515,0.4151907144013509
scope_20260424_115654,sweep_6263,401,1902.77,0.3354935110521556,0.31985876862000884
scope_20260424_115654,sweep_6264,401,1896.93,0.3427219935323512,0.39191955522949246
scope_20260424_115654,sweep_6265,401,1897.05,0.34273283367638013,0.3890359665114218
scope_20260424_115654,sweep_6266,401,1902.53,0.3432275021127546,0.3635285700128483
scope_20260424_115654,sweep_6267,401,1902.77,0.3432491501295603,0.4165964547462384
scope_20260424_115654,sweep_6268,401,1896.93,0.3507358049939491,0.45481304976390036
scope_20260424_115654,sweep_6269,401,1896.93,0.3507358049939491,0.35867518031599493
scope_20260424_115654,sweep_6270,401,1902.53,0.35125313379754214,0.3698372524902842
scope_20260424_115654,sweep_6271,401,1902.53,0.35125313379754214,0.3967389648178691
scope_20260424_115654,sweep_6272,402,2108.96,0.3698184909475731,0.4078284702085232
scope_20260424_115654,sweep_6273,402,2087.83,0.3679611924521134,0.36363065611470036
scope_20260424_115654,sweep_6274,402,2081.09,0.37605615497290945,0.3647457762043061
scope_20260424_115654,sweep_6275,402,2081.09,0.37605615497290945,0.38770923584546896
scope_20260424_115654,sweep_6276,402,2087.68,0.37665109591259094,0.3834111890637729
scope_20260424_115654,sweep_6277,402,2087.76,0.37665831248769177,0.3807099737679309
scope_20260424_115654,sweep_6278,402,2087.61,0.3766447812959526,0.33836990763052976
scope_20260424_115654,sweep_6279,402,2087.97,0.3766772553395217,0.3651456666389403
scope_20260424_115654,sweep_6280,402,2087.76,0.37665831248769177,0.42786055709193355
scope_20260424_115654,sweep_6281,402,2087.83,0.37666462687748564,0.383287410957225
scope_20260424_115654,sweep_6282,402,2087.76,0.37665831248769177,0.385390561460015
scope_20260424_115654,sweep_6283,403,2270.92,0.39283320262619137,0.5030845816257509
scope_20260424_115654,sweep_6284,403,2270.66,0.3928107140408861,0.39754789314895483
scope_20260424_115654,sweep_6285,403,2270.66,0.3928107140408861,0.3470503273634776
scope_20260424_115654,sweep_6286,403,2270.92,0.39283320262619137,0.38947136861873766
scope_20260424_115654,sweep_6287,403,2270.58,0.39280379421715234,0.41129066180979335
scope_20260424_115654,sweep_6288,403,2270.75,0.3928184986968799,0.597463335901581
scope_20260424_115654,sweep_6289,403,2270.58,0.39280379421715234,0.38186632614769866
scope_20260424_115654,sweep_6290,403,2270.58,0.39280379421715234,0.4082395468433539
scope_20260424_115654,sweep_6291,403,2270.75,0.3928184986968799,0.39995584053082306
scope_20260424_115654,sweep_6292,403,2270.66,0.3928107140408861,0.38333839685759336
scope_20260424_115654,sweep_6293,403,2271.01,0.39284098683654456,0.4166401471888945
scope_20260424_115654,sweep_6294,404,2459.12,0.4087870516319896,0.36241197888580884
scope_20260424_115654,sweep_6295,404,2459.02,0.4087787398943041,0.5288150246649174
scope_20260424_115654,sweep_6296,404,2459.02,0.4087787398943041,0.4293857587882017
scope_20260424_115654,sweep_6297,404,2459.22,0.4087953632006785,0.43837116110515534
scope_20260424_115654,sweep_6298,404,2459.12,0.4087870516319896,0.45869861280734264
scope_20260424_115654,sweep_6299,404,2459.22,0.4087953632006785,0.45421858039811225
scope_20260424_115654,sweep_6300,404,2458.92,0.40877042798761176,0.4541195991123137
scope_20260424_115654,sweep_6301,404,2459.32,0.4088036746003814,0.4791359426278171
scope_20260424_115654,sweep_6302,404,2459.02,0.4087787398943041,0.36123887742722816
scope_20260424_115654,sweep_6303,404,2459.02,0.4087787398943041,0.40802045323927394
scope_20260424_115654,sweep_6304,404,2459.22,0.4087953632006785,0.38212638767434676
scope_20260424_115654,sweep_6315,406,2827.92,0.43837000439404983,0.4947949249660274
scope_20260424_115654,sweep_6316,406,2840.77,0.4393648468821938,0.42163764261476266
scope_20260424_115654,sweep_6317,406,2841.31,0.43940660417746635,0.41067671947683354
scope_20260424_115654,sweep_6318,406,2840.91,0.4393756732287001,0.4649304801201835
scope_20260424_115654,sweep_6319,406,2828.19,0.43839093091887604,0.46935264882690897
scope_20260424_115654,sweep_6320,406,2841.04,0.4393857260258839,0.4366633505768698
scope_20260424_115654,sweep_6321,406,2828.19,0.43839093091887604,0.4335185095485122
scope_20260424_115654,sweep_6322,406,2840.91,0.4393756732287001,0.4549232952935968
scope_20260424_115654,sweep_6323,406,2827.79,0.4383599283035796,0.47066975591896437
scope_20260424_115654,sweep_6324,406,2841.04,0.4393857260258839,0.46977028973223167
scope_20260424_115654,sweep_6325,407,2976.63,0.4497484728047253,0.48672344437547854
scope_20260424_115654,sweep_6326,407,2962.96,0.44871456255522835,0.4614916652833253
scope_20260424_115654,sweep_6327,407,2962.38,0.44867064242405147,0.4672179625141962
scope_20260424_115654,sweep_6328,407,2976.78,0.44975980464997356,0.4457406294021015
scope_20260424_115654,sweep_6329,407,2976.63,0.4497484728047253,0.5131930763862337
scope_20260424_115654,sweep_6330,407,2962.96,0.44871456255522835,0.4748727764032418
scope_20260424_115654,sweep_6331,407,2962.82,0.44870396153786096,0.4493630177150959
scope_20260424_115654,sweep_6332,407,2962.82,0.44870396153786096,0.48962428601336505
scope_20260424_115654,sweep_6333,407,2962.52,0.44868124422865147,0.4605419097364891
scope_20260424_115654,sweep_6334,407,2976.63,0.4497484728047253,0.47192080073276466
scope_20260424_115654,sweep_6335,407,2962.67,0.4486926030270284,0.4669296622128925
scope_20260424_115654,sweep_6336,407,2977.08,0.44978246748398465,0.47731895261939744
scope_20260424_115654,sweep_6337,407,2976.78,0.44975980464997356,0.4223157707784633
scope_20260424_115654,sweep_6338,407,2962.82,0.44870396153786096,0.4907633243525466
scope_20260424_115654,sweep_6339,407,2962.82,0.44870396153786096,0.45747857900468647
scope_20260424_115654,sweep_6340,407,2976.63,0.4497484728047253,0.4281259893595935
scope_20260424_115654,sweep_6341,407,2976.93,0.44977113620971954,0.45936308871354287
scope_20260424_115654,sweep_6342,407,2976.63,0.4497484728047253,0.46514584907186
scope_20260424_115654,sweep_6343,407,2962.96,0.44871456255522835,0.48733425707453404
scope_20260424_115654,sweep_6344,407,2976.93,0.44977113620971954,0.4292641449879476
scope_20260424_115654,sweep_6345,407,2962.96,0.44871456255522835,0.4250617035038675
scope_20260424_115654,sweep_6346,407,2976.93,0.44977113620971954,0.37317135723012024
scope_20260424_115654,sweep_6347,407,2976.93,0.44977113620971954,0.5338356279919532
scope_20260424_115654,sweep_6348,407,2976.78,0.44975980464997356,0.4633419791061262
scope_20260424_115654,sweep_6349,407,2976.93,0.44977113620971954,0.40851067743347946
scope_20260424_115654,sweep_6350,407,2976.93,0.44977113620971954,0.47342327067188705
scope_20260424_115654,sweep_6351,407,2962.96,0.45945144969865087,0.5644016795054975
scope_20260424_115654,sweep_6352,407,2977.08,0.4605449075638545,0.48696422638540815
scope_20260424_115654,sweep_6353,407,2977.08,0.4605449075638545,0.45864159230768137
scope_20260424_115654,sweep_6354,407,2976.63,0.46051009945649374,0.5303909698644402
scope_20260424_115654,sweep_6355,407,2976.63,0.46051009945649374,0.3803660307348693
scope_20260424_115654,sweep_6356,407,2976.93,0.4605333051537201,0.48561891174398025
scope_20260424_115654,sweep_6357,407,2962.82,0.45944059501907464,0.43127508920193625
scope_20260424_115654,sweep_6358,407,2962.96,0.45945144969865087,0.46847395163083927
scope_20260424_115654,sweep_6359,407,2976.93,0.4605333051537201,0.4859837621087416
scope_20260424_115654,sweep_6360,407,2962.96,0.45945144969865087,0.4968800322695146
scope_20260424_115654,sweep_6361,407,2962.82,0.45944059501907464,0.480967776849713
scope_20260424_115654,sweep_6362,407,2962.67,0.4594289647206535,0.45842862822614633
scope_20260424_115654,sweep_6363,407,2962.82,0.45944059501907464,0.45191366342917794
scope_20260424_115654,sweep_6364,407,2962.82,0.45944059501907464,0.4603698242887547
scope_20260424_115654,sweep_6365,407,2962.67,0.4594289647206535,0.44817342497561186
scope_20260424_115654,sweep_6366,407,2976.93,0.4605333051537201,0.43232911432802407
scope_20260424_115654,sweep_6367,407,2962.96,0.45945144969865087,0.5538941746057553
scope_20260424_115654,sweep_6368,407,2962.96,0.45945144969865087,0.4737166084182199
scope_20260424_115654,sweep_6369,407,2976.49,0.4604992697309292,0.4863515740791837
scope_20260424_115654,sweep_6370,407,2976.49,0.4604992697309292,0.4513532928228456
scope_20260424_115654,sweep_6371,407,2976.78,0.46052170245127383,0.4692419429556476
scope_20260424_115654,sweep_6372,407,2976.93,0.4605333051537201,0.4471419940942877
scope_20260424_115654,sweep_6373,407,2976.78,0.46052170245127383,0.5247169373464887
scope_20260424_115654,sweep_6374,407,2976.63,0.46051009945649374,0.4455550800082156
scope_20260424_115654,sweep_6375,407,2976.93,0.4605333051537201,0.4606082802167232
scope_20260424_115654,sweep_6376,407,2976.93,0.4605333051537201,0.4673346980326139
scope_20260424_115654,sweep_6377,407,2963.11,0.45946307942791415,0.4783834649160548
scope_20260424_115654,sweep_6378,407,2962.82,0.45944059501907464,0.4913952504979698
scope_20260424_115654,sweep_6379,407,2962.52,0.45941733412780755,0.4596458971207085
scope_20260424_115654,sweep_6380,407,2962.67,0.4594289647206535,0.5089809675983776
scope_20260424_115654,sweep_6381,407,2976.78,0.46052170245127383,0.4889748186363788
scope_20260424_115654,sweep_6382,407,2976.63,0.46051009945649374,0.452132671391745
scope_20260424_115654,sweep_6383,407,2976.78,0.46052170245127383,0.5021220366967551
scope_20260424_115654,sweep_6384,407,2962.82,0.45944059501907464,0.4638663067340256
scope_20260424_115654,sweep_6385,407,2976.93,0.4605333051537201,0.48739177731371924
scope_20260424_115654,sweep_6386,407,2962.82,0.45944059501907464,0.515627848664313
scope_20260424_115654,sweep_6387,407,2976.63,0.46051009945649374,0.4609726276755701
scope_20260424_115654,sweep_6388,407,2976.78,0.46052170245127383,0.4709586725702041
scope_20260424_115654,sweep_6389,407,2977.08,0.4605449075638545,0.5247387573439773
scope_20260424_115654,sweep_6390,407,2962.96,0.45945144969865087,0.49342745779390074
scope_20260424_115654,sweep_6391,407,2976.63,0.46051009945649374,0.4749712127368028
scope_20260424_115654,sweep_6392,407,2976.49,0.4604992697309292,0.4832638662780105
scope_20260424_115654,sweep_6393,407,2976.63,0.46051009945649374,0.4445096144744856
scope_20260424_115654,sweep_6394,407,2976.93,0.4605333051537201,0.46796036587008466
scope_20260424_115654,sweep_6395,407,2976.93,0.4605333051537201,0.44732115494888003
scope_20260424_115654,sweep_6396,407,2976.49,0.4604992697309292,0.45112305899816385
scope_20260424_115654,sweep_6397,407,2976.78,0.46052170245127383,0.4793520159231699
scope_20260424_115654,sweep_6398,407,2976.93,0.4605333051537201,0.43620122944722883
scope_20260424_115654,sweep_6399,407,2962.82,0.45944059501907464,0.5077913815218192
scope_20260424_115654,sweep_6400,407,2962.96,0.45945144969865087,0.4338763751882995
scope_20260424_115654,sweep_6401,407,2962.82,0.45944059501907464,0.4626554870661148
scope_20260424_115654,sweep_6402,407,2976.78,0.46052170245127383,0.48287205407217304
scope_20260424_115654,sweep_6403,407,2962.96,0.45945144969865087,0.5157824498462932
scope_20260424_115654,sweep_6404,407,2962.96,0.45945144969865087,0.46692345786070005
scope_20260424_115654,sweep_6405,407,2976.78,0.46052170245127383,0.49639773794121644
scope_20260424_115654,sweep_6406,407,2962.96,0.45945144969865087,0.5037748649628213
scope_20260424_115654,sweep_6407,407,2976.78,0.46052170245127383,0.5215184390134304
scope_20260424_115654,sweep_6408,407,2976.78,0.46052170245127383,0.4369711333543821
scope_20260424_115654,sweep_6409,407,2976.78,0.46052170245127383,0.4924792882507378
scope_20260424_115654,sweep_6410,407,2976.49,0.4604992697309292,0.5440218214686903
scope_20260424_115654,sweep_6411,407,2962.67,0.4594289647206535,0.5353112734117543
scope_20260424_115654,sweep_6412,407,2962.96,0.45945144969865087,0.48550856222688166
scope_20260424_115654,sweep_6413,407,2962.82,0.45944059501907464,0.527187653706942
scope_20260424_115654,sweep_6414,407,2976.93,0.4605333051537201,0.46649275481292224
scope_20260424_115654,sweep_6415,407,2962.67,0.4594289647206535,0.46236550517186376
scope_20260424_115654,sweep_6416,407,2962.52,0.45941733412780755,0.4608473463340412
scope_20260424_115654,sweep_6417,407,2976.49,0.4604992697309292,0.46468647276396513
scope_20260424_115654,sweep_6418,407,2976.63,0.46051009945649374,0.4907878909582391
scope_20260424_115654,sweep_6419,407,2976.93,0.4605333051537201,0.4606234333545237
scope_20260424_115654,sweep_6420,407,2976.63,0.46051009945649374,0.47744435685754927
scope_20260424_115654,sweep_6421,407,2962.82,0.45944059501907464,0.4575244372039539
scope_20260424_115654,sweep_6422,407,2976.49,0.4604992697309292,0.4435536392551236
scope_20260424_115654,sweep_6423,407,2976.63,0.46051009945649374,0.5569637939762329
scope_20260424_115654,sweep_6424,407,2962.96,0.47057377963288977,0.44364858287178827
scope_20260424_115654,sweep_6425,407,2976.63,0.46051009945649374,0.4716444185564598
scope_20260424_115654,sweep_6426,407,2962.82,0.45944059501907464,0.5037741655498631
scope_20260424_115654,sweep_6427,407,2977.08,0.4605449075638545,0.45643412188543453
scope_20260424_115654,sweep_6428,407,2976.63,0.46051009945649374,0.44397095361670924
scope_20260424_115654,sweep_6429,407,2976.78,0.46052170245127383,0.45540141947949053
scope_20260424_115654,sweep_6430,407,2962.52,0.45941733412780755,0.45019207596419863
scope_20260424_115654,sweep_6431,407,2976.63,0.46051009945649374,0.4668857847993203
scope_20260424_115654,sweep_6432,407,2976.93,0.4605333051537201,0.5070825403169195
scope_20260424_115654,sweep_6433,407,2976.78,0.47166994089931874,0.46780831075795687
scope_20260424_115654,sweep_6434,407,2976.93,0.4605333051537201,0.48721036058601475
scope_20260424_115654,sweep_6435,407,2962.82,0.47056266218490206,0.5698871388546046
scope_20260424_115654,sweep_6436,407,2962.82,0.47056266218490206,0.4654769321076762
scope_20260424_115654,sweep_6437,407,2962.82,0.47056266218490206,0.5024353636969421
scope_20260424_115654,sweep_6438,407,2962.52,0.4705388381975616,0.45877213798519184
scope_20260424_115654,sweep_6439,407,2962.96,0.47057377963288977,0.4620049293316503
scope_20260424_115654,sweep_6440,407,2976.93,0.47168182447819884,0.6069756359405372
scope_20260424_115654,sweep_6441,407,2962.67,0.4705507503420079,0.47095977326368327
scope_20260424_115654,sweep_6442,407,2976.78,0.47166994089931874,0.48206147264561555
scope_20260424_115654,sweep_6443,407,2976.78,0.47166994089931874,0.4653162364509727
scope_20260424_115654,sweep_6444,407,2977.08,0.4716937077576909,0.4718904864951725
scope_20260424_115654,sweep_6445,407,2962.67,0.4705507503420079,0.4658980309822007
scope_20260424_115654,sweep_6446,407,2977.08,0.4716937077576909,0.4556658476472125
scope_20260424_115654,sweep_6447,407,2976.93,0.47168182447819884,0.5051630338119159
scope_20260424_115654,sweep_6448,407,2976.93,0.47168182447819884,0.5173078557379794
scope_20260424_115654,sweep_6449,407,2976.63,0.4716580570210279,0.4239931885129899
scope_20260424_115654,sweep_6450,407,2962.38,0.4705277199239911,0.4008775023770944
scope_20260424_115654,sweep_6451,407,2976.49,0.4716469651311348,0.5117196415897644
scope_20260424_115654,sweep_6452,407,2976.63,0.4716580570210279,0.46811835722729966
scope_20260424_115654,sweep_6453,407,2976.93,0.47168182447819884,0.463816886172672
scope_20260424_115654,sweep_6454,407,2962.96,0.47057377963288977,0.5723925081462294
scope_20260424_115654,sweep_6455,407,2976.93,0.47168182447819884,0.47961599767358876
scope_20260424_115654,sweep_6456,407,2962.96,0.47057377963288977,0.4450562900869969
scope_20260424_115654,sweep_6457,407,2976.93,0.47168182447819884,0.4763869345718902
scope_20260424_115654,sweep_6458,407,2976.78,0.47166994089931874,0.4800527135990882
scope_20260424_115654,sweep_6459,407,2962.96,0.47057377963288977,0.449783765970863
scope_20260424_115654,sweep_6460,407,2976.78,0.47166994089931874,0.4917461715951357
scope_20260424_115654,sweep_6461,407,2962.67,0.4705507503420079,0.4513618559724033
scope_20260424_115654,sweep_6462,407,2962.82,0.47056266218490206,0.485792941204069
scope_20260424_115654,sweep_6463,407,2976.63,0.4716580570210279,0.48777369009524046
scope_20260424_115654,sweep_6464,407,2976.78,0.47166994089931874,0.5291543005606747
scope_20260424_115654,sweep_6465,407,2976.34,0.4716350806739193,0.4468954484141897
scope_20260424_115654,sweep_6466,407,2962.67,0.4705507503420079,0.4962328239137069
scope_20260424_115654,sweep_6467,407,2976.78,0.47166994089931874,0.4511284418266964
scope_20260424_115654,sweep_6468,407,2976.93,0.47168182447819884,0.4506836078097529
scope_20260424_115654,sweep_6469,407,2977.08,0.4716937077576909,0.4943923996445266
scope_20260424_115654,sweep_6470,407,2962.67,0.4705507503420079,0.444152347781753
scope_20260424_115654,sweep_6471,407,2962.67,0.4705507503420079,0.47196695639260255
scope_20260424_115654,sweep_6472,407,2962.82,0.47056266218490206,0.4684544344552731
scope_20260424_115654,sweep_6473,407,2976.93,0.47168182447819884,0.46143267506102265
scope_20260424_115654,sweep_6474,407,2962.67,0.4705507503420079,0.48537303883457955
scope_20260424_115654,sweep_6475,407,2976.34,0.4716350806739193,0.6820760249766689
scope_20260424_115654,sweep_6476,407,2962.82,0.47056266218490206,0.5001897828532198
scope_20260424_115654,sweep_6477,407,2977.08,0.4716937077576909,0.4533014146648708
scope_20260424_115654,sweep_6478,407,2976.93,0.47168182447819884,0.47363378154816693
scope_20260424_115654,sweep_6479,407,2977.08,0.4716937077576909,0.4456038951991781
scope_20260424_115654,sweep_6480,407,2976.78,0.47166994089931874,0.53283329245935
scope_20260424_115654,sweep_6481,407,2962.96,0.47057377963288977,0.5004947804296195
scope_20260424_115654,sweep_6482,407,2976.49,0.4716469651311348,0.4907699187996
scope_20260424_115654,sweep_6483,407,2976.63,0.4716580570210279,0.4973556190847248
scope_20260424_115654,sweep_6484,407,2976.49,0.4716469651311348,0.49865552009772707
scope_20260424_115654,sweep_6485,407,2977.08,0.4716937077576909,0.46684743510932747
scope_20260424_115654,sweep_6486,407,2976.63,0.4716580570210279,0.5345326176949113
scope_20260424_115654,sweep_6487,407,2962.52,0.4705388381975616,0.46764512301850264
scope_20260424_115654,sweep_6488,407,2962.82,0.47056266218490206,0.5072806024480622
scope_20260424_115654,sweep_6489,407,2976.63,0.4716580570210279,0.4633800076869672
scope_20260424_115654,sweep_6490,407,2976.93,0.47168182447819884,0.5208323248976939
scope_20260424_115654,sweep_6491,407,2963.11,0.47058569089284796,0.5158688362863997
scope_20260424_115654,sweep_6492,407,2962.82,0.47056266218490206,0.5029568281279938
scope_20260424_115654,sweep_6493,407,2976.78,0.47166994089931874,0.4907327371623119
scope_20260424_115654,sweep_6494,407,2962.96,0.47057377963288977,0.5125616774208287
scope_20260424_115654,sweep_6495,407,2962.82,0.47056266218490206,0.4813687387218375
scope_20260424_115654,sweep_6496,407,2976.78,0.47166994089931874,0.5586918177608453
scope_20260424_115654,sweep_6497,407,2962.96,0.47057377963288977,0.4935107627042878
scope_20260424_115654,sweep_6498,407,2976.93,0.47168182447819884,0.496590754271931
scope_20260424_115654,sweep_6499,407,2976.63,0.4716580570210279,0.44988864990295924
scope_20260424_115654,sweep_6500,407,2962.67,0.4705507503420079,0.548511372455556
scope_20260424_115654,sweep_6501,407,2976.93,0.47168182447819884,0.4817141172541667
scope_20260424_115654,sweep_6502,407,2976.63,0.4716580570210279,0.549934092993411
scope_20260424_115654,sweep_6503,407,2962.67,0.4705507503420079,0.5477579814580407
scope_20260424_115654,sweep_6504,407,2976.93,0.47168182447819884,0.4669367921926851
scope_20260424_115654,sweep_6505,407,2962.96,0.47057377963288977,0.47532349114642986
scope_20260424_115654,sweep_6506,407,2976.63,0.4716580570210279,0.47936108437581715
scope_20260424_115654,sweep_6507,407,2976.93,0.47168182447819884,0.5283911294119584
scope_20260424_115654,sweep_6508,407,2962.52,0.4705388381975616,0.4724337181232736
scope_20260424_115654,sweep_6509,407,2977.08,0.4716937077576909,0.5830816684841977
scope_20260424_115654,sweep_6510,407,2976.93,0.47168182447819884,0.48049269129783645
scope_20260424_115654,sweep_6511,407,2976.93,0.47168182447819884,0.6786038336643
scope_20260424_115654,sweep_6512,407,2962.82,0.47056266218490206,0.49154178564590983
scope_20260424_115654,sweep_6513,407,2963.11,0.47058569089284796,0.588585937409844
scope_20260424_115654,sweep_6514,407,2962.67,0.4705507503420079,0.47437340736661476
scope_20260424_115654,sweep_6515,407,2976.93,0.47168182447819884,0.5049218842959132
scope_20260424_115654,sweep_6516,407,2976.49,0.4716469651311348,0.44977860184323637
scope_20260424_115654,sweep_6517,407,2963.11,0.47058569089284796,0.5984404690171935
scope_20260424_115654,sweep_6518,407,2976.93,0.47168182447819884,0.471800441746256
scope_20260424_115654,sweep_6519,407,2962.52,0.4705388381975616,0.5291578395057913
scope_20260424_115654,sweep_6520,407,2962.82,0.47056266218490206,0.4493775336360932
scope_20260424_115654,sweep_6521,407,2962.96,0.47057377963288977,0.4725545770078742
scope_20260424_115654,sweep_6522,407,2962.67,0.4705507503420079,0.41455868043612876
scope_20260424_115654,sweep_6523,407,2976.78,0.47166994089931874,0.4535455957088368
scope_20260424_115654,sweep_6524,407,2962.82,0.47056266218490206,0.4536054386678185
scope_20260424_115654,sweep_6525,407,2976.78,0.47166994089931874,0.46175238474790636
scope_20260424_115654,sweep_6526,407,2963.11,0.47058569089284796,0.429893585871011
scope_20260424_115654,sweep_6527,407,2976.63,0.4716580570210279,0.4862266919938777
scope_20260424_115654,sweep_6528,407,2976.63,0.4716580570210279,0.48274868312906194
scope_20260424_115654,sweep_6529,407,2962.82,0.47056266218490206,0.5178007123672979
scope_20260424_115654,sweep_6530,407,2976.93,0.47168182447819884,0.44184690305784197
scope_20260424_115654,sweep_6531,407,2976.93,0.47168182447819884,0.4502221894004472
scope_20260424_115654,sweep_6532,407,2976.78,0.47166994089931874,0.5648943591924126
scope_20260424_115654,sweep_6533,407,2962.67,0.4705507503420079,0.5053381425103542
scope_20260424_115654,sweep_6534,407,2976.63,0.4716580570210279,0.43993177926457866
scope_20260424_115654,sweep_6535,407,2976.78,0.47166994089931874,0.5113799772414956
scope_20260424_115654,sweep_6536,407,2976.78,0.47166994089931874,0.5378891336914037
scope_20260424_115654,sweep_6537,407,2962.96,0.47057377963288977,0.47581368486773506
scope_20260424_115654,sweep_6538,407,2962.67,0.4705507503420079,0.4739118663014367
scope_20260424_115654,sweep_6539,407,2976.63,0.4716580570210279,0.46671599120374435
scope_20260424_115654,sweep_6540,407,2976.93,0.47168182447819884,0.4746934663919385
scope_20260424_115654,sweep_6541,407,2976.93,0.47168182447819884,0.5114785696647223
scope_20260424_115654,sweep_6542,407,2976.93,0.47168182447819884,0.4734047725592023
scope_20260424_115654,sweep_6543,407,2962.82,0.47056266218490206,0.4889258909316012
scope_20260424_115654,sweep_6544,407,2976.49,0.4716469651311348,0.4718376066003607
scope_20260424_115654,sweep_6545,407,2976.78,0.47166994089931874,0.4959560065579595
scope_20260424_115654,sweep_6546,407,2976.93,0.47168182447819884,0.46899164612649474
scope_20260424_115654,sweep_6547,407,2962.96,0.47057377963288977,0.5025507974930529
scope_20260424_115654,sweep_6548,408,2840.51,0.46074750445909934,0.46755414644444976
scope_20260424_115654,sweep_6549,408,2828.19,0.45974723027600756,0.4651369692521182
scope_20260424_115654,sweep_6550,408,2840.91,0.4607799444987408,0.5107827111084349
scope_20260424_115654,sweep_6551,408,2841.04,0.4607904870198922,0.435889134882382
scope_20260424_115654,sweep_6552,408,2840.77,0.4607685907446614,0.5063720790417544
scope_20260424_115654,sweep_6553,408,2841.18,0.4608018402344663,0.5007129329500177
scope_20260424_115654,sweep_6554,408,2840.91,0.4607799444987408,0.481895138170495
scope_20260424_115654,sweep_6555,408,2840.91,0.4607799444987408,0.4805531035963478
scope_20260424_115654,sweep_6556,408,2840.91,0.4607799444987408,0.47569884368482096
scope_20260424_115654,sweep_6557,408,2841.04,0.4607904870198922,0.4639601186866943
scope_20260424_115654,sweep_6558,409,2625.13,0.44293524379828353,0.39514861481294605
scope_20260424_115654,sweep_6559,409,2647.49,0.4448176327783585,0.4028512248697233
scope_20260424_115654,sweep_6560,409,2647.49,0.4448176327783585,0.3716303560023365
scope_20260424_115654,sweep_6561,409,2647.49,0.4448176327783585,0.4578375948556863
scope_20260424_115654,sweep_6562,409,2647.6,0.44482687349907335,0.44027664567739755
scope_20260424_115654,sweep_6563,409,2647.72,0.44483695406637824,0.38998922832686334
scope_20260424_115654,sweep_6564,409,2647.49,0.4448176327783585,0.48488657605361146
scope_20260424_115654,sweep_6565,409,2647.6,0.44482687349907335,0.38553460112608995
scope_20260424_115654,sweep_6566,409,2647.6,0.4343130891260206,0.45617979100192313
scope_20260424_115654,sweep_6567,409,2647.49,0.4343040668159973,0.49582262885847905
scope_20260424_115654,sweep_6568,409,2647.37,0.4342942240822025,0.34858627772343936
scope_20260424_115654,sweep_6580,411,2278.94,0.4029425936127595,0.4011277444086849
scope_20260424_115654,sweep_6581,411,2270.75,0.40221789920739476,0.4357514625264553
scope_20260424_115654,sweep_6582,411,2279.03,0.40295055004763475,0.4395127526337431
scope_20260424_115654,sweep_6583,411,2270.83,0.4022249843441411,0.4581045146130964
scope_20260424_115654,sweep_6584,411,2271.26,0.40226306481611707,0.43631642941431736
scope_20260424_115654,sweep_6585,411,2270.66,0.4022099282793701,0.3763672381596769
scope_20260424_115654,sweep_6586,411,2279.03,0.40295055004763475,0.5242699760026138
scope_20260424_115654,sweep_6587,411,2270.66,0.3928107140408861,0.4612361803498592
scope_20260424_115654,sweep_6588,411,2270.92,0.39283320262619137,0.41580048781203705
scope_20260424_115654,sweep_6589,411,2270.75,0.3928184986968799,0.5010003555693661
scope_20260424_115654,sweep_6590,412,2060.16,0.3741603347012223,0.39743704514764894
scope_20260424_115654,sweep_6591,412,2080.95,0.37604350565280237,0.354900218708818
scope_20260424_115654,sweep_6592,412,2080.88,0.3760371808331848,0.4916722170478118
scope_20260424_115654,sweep_6593,412,2087.83,0.37666462687748564,0.38335085875379155
scope_20260424_115654,sweep_6594,412,2087.9,0.3766709411614272,0.34030569007274825
scope_20260424_115654,sweep_6595,412,2087.76,0.37665831248769177,0.432365752511142
scope_20260424_115654,sweep_6596,412,2081.09,0.37605615497290945,0.4593639590118022
scope_20260424_115654,sweep_6597,412,2080.8,0.3760299523376423,0.44481023787480534
scope_20260424_115654,sweep_6598,412,2080.8,0.3760299523376423,0.38815448832871685
scope_20260424_115654,sweep_6599,412,2087.76,0.37665831248769177,0.4349299696696045
scope_20260424_115654,sweep_6600,412,2087.83,0.37666462687748564,0.3584805727716817
scope_20260424_115654,sweep_6612,414,1709.4,0.33294791577034843,0.3359763336790098
scope_20260424_115654,sweep_6613,414,1709.35,0.3329430463666031,0.3248455559791573
scope_20260424_115654,sweep_6614,414,1709.35,0.3329430463666031,0.4139932601273546
scope_20260424_115654,sweep_6615,414,1709.35,0.3329430463666031,0.35495694221033947
scope_20260424_115654,sweep_6616,414,1714.09,0.33340434964208315,0.3876046385225922
scope_20260424_115654,sweep_6617,414,1709.35,0.3329430463666031,0.3540089102522868
scope_20260424_115654,sweep_6618,414,1709.4,0.3253405321342194,0.3272812494957294
scope_20260424_115654,sweep_6619,414,1709.26,0.32532720915331187,0.3287105723542773
scope_20260424_115654,sweep_6620,414,1709.4,0.3253405321342194,0.3446393911618244
scope_20260424_115654,sweep_6621,414,1709.35,0.3253357739893845,0.42275805858985416
scope_20260424_115654,sweep_6622,414,1709.3,0.32533101577495926,0.3472459752392249
scope_20260424_115654,sweep_6623,415,1521.22,0.3069109165386572,0.2768573221035083
scope_20260424_115654,sweep_6624,415,1521.14,0.3069028463068247,0.2751751372319636
scope_20260424_115654,sweep_6625,415,1521.11,0.30689981991517584,0.28171570963439674
scope_20260424_115654,sweep_6626,415,1521.18,0.30690688144926714,0.3337009233424729
scope_20260424_115654,sweep_6627,415,1521.14,0.3069028463068247,0.312923011917731
scope_20260424_115654,sweep_6628,415,1521.26,0.306914951574997,0.340506650665389
scope_20260424_115654,sweep_6629,415,1521.26,0.306914951574997,0.2885929882894901
scope_20260424_115654,sweep_6630,415,1521.18,0.30690688144926714,0.290750422467475
scope_20260424_115654,sweep_6631,415,1521.26,0.2999802757251766,0.39153342870639074
scope_20260424_115654,sweep_6632,415,1521.22,0.29997633185959577,0.36936564551012646
scope_20260424_115654,sweep_6633,416,1335.17,0.2810342555502933,0.3849714672275053
scope_20260424_115654,sweep_6634,416,1334.91,0.28100689107086424,0.2962116937857937
scope_20260424_115654,sweep_6635,416,1332.3,0.28073204601240115,0.2657617354780724
scope_20260424_115654,sweep_6636,416,1332.33,0.2807352066796572,0.27317584576798076
scope_20260424_115654,sweep_6637,416,1332.27,0.2807288853095597,0.29861478631858185
scope_20260424_115654,sweep_6638,416,1335.11,0.2810279409069241,0.30870353649432936
scope_20260424_115654,sweep_6639,416,1332.21,0.2807225637971163,0.31766166768793996
scope_20260424_115654,sweep_6640,416,1334.96,0.28101215367770277,0.26623039463593
scope_20260424_115654,sweep_6641,416,1332.33,0.2807352066796572,0.2749364803768894
scope_20260424_115654,sweep_6642,416,1332.21,0.2807225637971163,0.3093026975164589
scope_20260424_115654,sweep_6643,416,1332.42,0.27447141156735577,0.2357528698643756
scope_20260424_115654,sweep_6644,417,1143.77,0.2542997276023546,0.41294782580684425
scope_20260424_115654,sweep_6645,417,1143.62,0.25428305195521617,0.1970037473870178
scope_20260424_115654,sweep_6646,417,1143.64,0.2542852754380183,0.23572144993152805
scope_20260424_115654,sweep_6647,417,1143.69,0.2542908340599657,0.24212852691264877
scope_20260424_115654,sweep_6648,417,1143.64,0.2542852754380183,0.212770923959362
scope_20260424_115654,sweep_6649,417,1143.69,0.2542908340599657,0.2430991944850794
scope_20260424_115654,sweep_6650,417,1145.72,0.254516411591227,0.3805182970745829
scope_20260424_115654,sweep_6651,417,1143.77,0.2542997276023546,0.2823420032527325
scope_20260424_115654,sweep_6652,417,1145.67,0.2545108578959858,0.26140000181836903
scope_20260424_115654,sweep_6653,417,1143.75,0.25429750424591674,0.30245732933901737
scope_20260424_115654,sweep_6654,418,934.14,0.22461197739384114,0.27779849041016824
scope_20260424_115654,sweep_6655,419,955.69,0.22890438988064976,0.23118918225240292
scope_20260424_115654,sweep_6656,419,955.72,0.22891035384814973,0.2967540317458178
scope_20260424_115654,sweep_6657,419,955.66,0.22889842588132325,0.3187456894028145
scope_20260424_115654,sweep_6658,419,955.66,0.22889842588132325,0.1692603696704108
scope_20260424_115654,sweep_6659,419,955.7,0.22890637787335263,0.1635268690550204
scope_20260424_115654,sweep_6660,419,955.76,0.23421023450851114,0.20310423371278366
scope_20260424_115654,sweep_6661,419,955.69,0.23419599693910004,0.24780436308144002
scope_20260424_115654,sweep_6662,419,955.67,0.2341919290295638,0.20415071449259573
scope_20260424_115654,sweep_6663,419,955.69,0.23419599693910004,0.2047698913327931
scope_20260424_115654,sweep_6664,419,955.67,0.2341919290295638,0.20526781508179934
scope_20260424_115654,sweep_6665,420,770.97,0.20053748241715255,0.1770846017619088
scope_20260424_115654,sweep_6666,420,770.96,0.2005353234966509,0.16394673060185475
scope_20260424_115654,sweep_6667,420,771.87,0.20073176577704624,0.18197407785335007
scope_20260424_115654,sweep_6668,420,772.8,0.20093248479578277,0.1972252490275718
scope_20260424_115654,sweep_6669,420,774.78,0.20135968537001805,0.21560155247080665
scope_20260424_115654,sweep_6670,420,775.69,0.20155596275681126,0.19613116386676832
scope_20260424_115654,sweep_6671,420,777.66,0.20198073693372984,0.1915085727882132
scope_20260424_115654,sweep_6672,420,776.78,0.20179101272709996,0.2866233449828532
scope_20260424_115654,sweep_6673,420,778.67,0.20219844360380768,0.250801014501564
scope_20260424_115654,sweep_6674,420,780.61,0.20261647826841708,0.21042453519738563
scope_20260424_115654,sweep_6675,420,782.63,0.2030515638324733,0.14696321249857083
scope_20260424_115654,sweep_6676,421,557.48,0.1532232827199035,0.24635791800195447
scope_20260424_115654,sweep_6677,421,598.25,0.16246772449068309,0.14637647110415786
scope_20260424_115654,sweep_6678,421,602.85,0.16350390931366135,0.19238696493747834
scope_20260424_115654,sweep_6679,421,606.99,0.16443532683299997,0.15181779565591097
scope_20260424_115654,sweep_6680,421,610.59,0.1614687797854578,0.16455878409296196
scope_20260424_115654,sweep_6681,421,616.59,0.16278463075062707,0.16738690953496108
scope_20260424_115654,sweep_6682,421,621.53,0.16386638105727286,0.16272468599746023
scope_20260424_115654,sweep_6683,421,626.53,0.16495978269728165,0.16489980756456052
scope_20260424_115654,sweep_6684,421,629.68,0.1656478637149089,0.1883517787170318
scope_20260424_115654,sweep_6685,421,633.55,0.16273056038253111,0.15716597559346365
scope_20260424_115654,sweep_6686,422,424.95,0.11681843366446172,0.13934570223596246
scope_20260424_115654,sweep_6687,423,457.13,0.12411490737730159,0.11617951003075405
scope_20260424_115654,sweep_6688,423,466.74,0.12627670615520253,0.12621022199667953
scope_20260424_115654,sweep_6689,423,474.57,0.12803249535184233,0.10299339189849833
scope_20260424_115654,sweep_6690,423,480.06,0.12926062729088592,0.1780401497021725
scope_20260424_115654,sweep_6691,423,484.92,0.1274332397735875,0.140610082582304
scope_20260424_115654,sweep_6692,423,491.44,0.12885374971466657,0.13817281538647064
scope_20260424_115654,sweep_6693,423,498.91,0.13047730498166724,0.15651897573741666
scope_20260424_115654,sweep_6694,423,505.78,0.13196680904635427,0.17325647794129517
scope_20260424_115654,sweep_6695,423,510.8,0.13305303390812995,0.1476298086050703
scope_20260424_115654,sweep_6696,423,515.46,0.13405973882832406,0.08613121041815287
scope_20260424_115654,sweep_6697,424,364.67,0.09836672835080282,0.11257143218395504
scope_20260424_115654,sweep_6698,424,364.46,0.09831971005981235,0.09812509664587042
scope_20260424_115654,sweep_6699,424,365.33,0.0985144701723002,0.14678933640760145
scope_20260424_115654,sweep_6700,424,364.04,0.09822565965727978,0.031062624889816322
scope_20260424_115654,sweep_6701,424,364.7,0.09837344487371182,0.09668126233712186
scope_20260424_115654,sweep_6702,424,368.12,0.09913851503514089,0.08995983865189701
scope_20260424_115654,sweep_6703,424,375.47,0.10077867584965965,0.09838723176682698
scope_20260424_115654,sweep_6704,424,383.34,0.10252883704862233,0.09715812669801116
scope_20260424_115654,sweep_6705,424,388.58,0.10369073784277494,0.09333061444488785
scope_20260424_115654,sweep_6706,424,396.03,0.10533810652771888,0.07547312395654851
scope_20260424_115654,sweep_6707,424,400.62,0.1063504364321751,0.10500268508595206
scope_20260424_115654,sweep_6708,424,363.84,0.09818086726880226,0.0909707019310346
scope_20260424_115654,sweep_6709,424,363.83,0.1003973627123218,0.09807020771603887
scope_20260424_115654,sweep_6710,424,364.04,0.10044545770717157,0.10718049211381689
scope_20260424_115654,sweep_6711,424,363.82,0.10039507235677847,0.08330094549352658
scope_20260424_115654,sweep_6712,424,362.98,0.1002026442508462,0.08413222937557278
scope_20260424_115654,sweep_6713,424,364.06,0.10045003793684874,0.127398306172256
scope_20260424_115654,sweep_6714,424,363.83,0.10269202958777088,0.09809456769303762
scope_20260424_115654,sweep_6715,424,363.62,0.10264283051371083,0.052038727353804284
scope_20260424_115654,sweep_6716,424,363.39,0.10258894027086765,0.0845393246193519
scope_20260424_115654,sweep_6717,424,364.05,0.1027435662973439,0.11034590787931642
scope_20260424_115654,sweep_6718,424,364.05,0.1027435662973439,0.0821589520981162
scope_20260424_115654,sweep_6719,424,363.83,0.10506597212725893,0.06720468034918199
scope_20260424_115654,sweep_6720,424,363.83,0.10506597212725893,0.10517142932079908
scope_20260424_115654,sweep_6721,424,364.05,0.10511870021641312,0.12230927090890335
scope_20260424_115654,sweep_6722,424,364.46,0.10521695174997497,0.11105623281471924
scope_20260424_115654,sweep_6723,424,364.05,0.10757667332733062,0.17164412489810385
scope_20260424_115654,sweep_6724,424,364.69,0.10773361933909364,0.1308160880876351
scope_20260424_115654,sweep_6725,424,364.89,0.10778265536239369,0.11019055630902932
scope_20260424_115654,sweep_6726,424,363.84,0.1075251652000326,0.1424451027699065
scope_20260424_115654,sweep_6727,424,364.46,0.10767722226018588,0.11836334320395328
scope_20260424_115654,sweep_6728,424,364.27,0.10763062880533648,0.10701742658386847
scope_20260424_115654,sweep_6729,424,363.83,0.10752271230602388,0.09755248283563137
scope_20260424_115654,sweep_6730,424,364.25,0.10762572399084039,0.10423891331162984
scope_20260424_115654,sweep_6731,424,364.47,0.1076796744328809,0.14333545702906078
scope_20260424_115654,sweep_6732,424,364.45,0.1076747700760528,0.12235284300458056
scope_20260424_115654,sweep_6733,424,364.25,0.10762572399084039,0.13932196123663493
scope_20260424_115654,sweep_6734,424,364.25,0.10762572399084039,0.11283135763735681
scope_20260424_115654,sweep_6735,424,364.24,0.10762327156642391,0.11847017650185931
scope_20260424_115654,sweep_6736,424,363.85,0.10752761808258052,0.09924301009621668
scope_20260424_115654,sweep_6737,424,364.68,0.10773116741794235,0.15635800826128415
scope_20260424_115654,sweep_6738,424,364.45,0.10521455559474181,0.12549483088352717
scope_20260424_115654,sweep_6739,424,363.82,0.10506357526717042,0.10189353070264826
scope_20260424_115654,sweep_6740,424,364.04,0.10511630360262673,0.1126022231484342
scope_20260424_115654,sweep_6741,424,364.06,0.1051210968190081,0.1360286636523232
scope_20260424_115654,sweep_6742,424,364.26,0.10516902652126459,0.10866003643978882
scope_20260424_115654,sweep_6743,424,364.05,0.10511870021641312,0.18212093332332022
scope_20260424_115654,sweep_6744,424,364.24,0.10278807101309258,0.11793978157949403
scope_20260424_115654,sweep_6745,424,363.41,0.10259362660907692,0.12929270752891045
scope_20260424_115654,sweep_6746,424,363.61,0.10264048758019571,0.11601835132249191
scope_20260424_115654,sweep_6747,424,364.04,0.10274122383451907,0.11494261301973857
scope_20260424_115654,sweep_6748,424,363.41,0.10259362660907692,0.10662516109476641
scope_20260424_115654,sweep_6749,424,363.84,0.10039965305716342,0.117633572295277
scope_20260424_115654,sweep_6750,425,176.7,0.0551293510750842,0.1615929719098115
scope_20260424_115654,sweep_6751,425,176.7,0.0551293510750842,0.1252141614434859
scope_20260424_115654,sweep_6752,425,176.7,0.0551293510750842,0.16465523566022386
scope_20260424_115654,sweep_6753,425,176.7,0.053911017973700626,0.10018365086156383
scope_20260424_115654,sweep_6754,425,176.7,0.053911017973700626,0.08935409453674391
scope_20260424_115654,sweep_6755,425,176.7,0.053911017973700626,0.26417218922016517
scope_20260424_115654,sweep_6756,425,176.7,0.053911017973700626,0.1215973632672627
scope_20260424_115654,sweep_6757,425,176.7,0.053911017973700626,0.10962672351959804
scope_20260424_115654,sweep_6758,425,176.7,0.05273263572612952,0.05483736443825272
scope_20260424_115654,sweep_6759,425,176.7,0.05273263572612952,0.156693761647152
scope_20260424_115654,sweep_6760,425,176.7,0.05273263572612952,0.19677048529738583
scope_20260424_115654,sweep_6761,425,176.7,0.05273263572612952,0.1254060750079721
scope_20260424_115654,sweep_6762,425,176.7,0.05273263572612952,0.05488881430160056
scope_20260424_115654,sweep_6763,425,176.7,0.05273263572612952,0.08743598696392679
scope_20260424_115654,sweep_6764,425,176.7,0.05159254700327686,0.08265527636237603
scope_20260424_115654,sweep_6765,425,176.7,0.05159254700327686,0.11314463067798433
scope_20260424_115654,sweep_6766,425,176.7,0.05159254700327686,0.08757389258808339
scope_20260424_115654,sweep_6767,425,176.7,0.05159254700327686,0.1208230735927581
scope_20260424_115654,sweep_6768,425,176.7,0.05159254700327686,0.20904980888546326
scope_20260424_115654,sweep_6769,425,176.7,0.05159254700327686,0.14285297559189206
scope_20260424_115654,sweep_6770,425,176.7,0.05048917631355692,0.15054216050744776
scope_20260424_115654,sweep_6771,425,176.7,0.05048917631355692,0.1551323572558746
scope_20260424_115654,sweep_6772,425,176.7,0.05048917631355692,0.1113375082278158
scope_20260424_115654,sweep_6773,425,176.7,0.05048917631355692,0.0317342298506696
scope_20260424_115654,sweep_6774,425,176.7,0.05048917631355692,0.09973541641094556
scope_20260424_115654,sweep_6775,425,176.7,0.05048917631355692,0.017872081223164624
scope_20260424_115654,sweep_6776,425,176.7,0.04942102536547657,0.053764342352122164
scope_20260424_115654,sweep_6777,425,176.7,0.04942102536547657,0.053087484399938586
scope_20260424_115654,sweep_6778,425,176.7,0.04942102536547657,0.04181216831984967
scope_20260424_115654,sweep_6779,425,176.7,0.04942102536547657,0.07178114800540848
scope_20260424_115654,sweep_6780,425,176.7,0.04942102536547657,0.03159206282467703
scope_20260424_115654,sweep_6781,425,176.7,0.04942102536547657,0.036201759293479026
scope_20260424_115654,sweep_6782,425,176.7,0.04838666872471354,0.04219058146328425
scope_20260424_115654,sweep_6783,425,176.7,0.04838666872471354,0.04557557173647951
scope_20260424_115654,sweep_6784,425,176.7,0.04838666872471354,0.026237082853091544
scope_20260424_115654,sweep_6785,425,176.7,0.04838666872471354,0.0799258205983573
scope_20260424_115654,sweep_6786,425,176.7,0.04838666872471354,0.09250179393405036
scope_20260424_115654,sweep_6787,425,176.7,0.04838666872471354,0.03383428051482361
scope_20260424_115654,sweep_6788,425,176.7,0.04838666872471354,0.102417609346499
scope_20260424_115654,sweep_6789,425,176.7,0.04838666872471354,0.07971991313992449
scope_20260424_115654,sweep_6790,425,176.7,0.04838666872471354,0.05740477925891079
scope_20260424_115654,sweep_6791,425,176.7,0.04838666872471354,0.012526313248961633
scope_20260424_115654,sweep_6792,425,176.7,0.04838666872471354,0.04597325564160902
scope_20260424_115654,sweep_6793,425,176.7,0.04838666872471354,0.07596364189522925
scope_20260424_115654,sweep_6794,425,176.7,0.04942102536547657,0.08505164044193804
scope_20260424_115654,sweep_6795,425,176.7,0.04942102536547657,0.06009565160132796
scope_20260424_115654,sweep_6796,425,176.7,0.04942102536547657,0.06580089850675443
scope_20260424_115654,sweep_6797,425,176.7,0.04942102536547657,0.07503588568552151
scope_20260424_115654,sweep_6798,425,176.7,0.04942102536547657,0.07683653769688611
scope_20260424_115654,sweep_6799,425,176.7,0.04942102536547657,0.0642292656062206
scope_20260424_115654,sweep_6800,425,176.7,0.05048917631355692,0.058106570288417925
scope_20260424_115654,sweep_6801,425,176.7,0.05048917631355692,0.1035838380650748
scope_20260424_115654,sweep_6802,426,364.04,0.09199107780474748,0.09869387848005261
scope_20260424_115654,sweep_6803,426,364.46,0.09207915863746603,0.12563940271428664
scope_20260424_115654,sweep_6804,426,364.9,0.09418569330936451,0.10716514675942165
scope_20260424_115654,sweep_6805,426,364.92,0.0941899779770135,0.10321782156372745
scope_20260424_115654,sweep_6806,426,365.11,0.09423068032900395,0.11456767970793846
scope_20260424_115654,sweep_6807,426,364.89,0.09626481289790936,0.08687265890621773
scope_20260424_115654,sweep_6808,426,365.1,0.09631079425192007,0.05061329069313102
scope_20260424_115654,sweep_6809,426,364.89,0.09626481289790936,0.11795549591677675
scope_20260424_115654,sweep_6810,426,364.89,0.09841598067138822,0.08985243167227433
scope_20260424_115654,sweep_6811,426,364.47,0.09832194913046566,0.08938590489047057
scope_20260424_115654,sweep_6812,426,364.91,0.09842045790471328,0.14466456017800203
scope_20260424_115654,sweep_6813,426,364.89,0.09841598067138822,0.0971357148465552
scope_20260424_115654,sweep_6814,426,365.11,0.09846522794403448,0.1302207920809023
scope_20260424_115654,sweep_6815,426,365.12,0.09846746633654446,0.10068966102787935
scope_20260424_115654,sweep_6816,426,364.9,0.09841821929326539,0.10181294774864481
scope_20260424_115654,sweep_6817,426,364.89,0.09841598067138822,0.12397665107074808
scope_20260424_115654,sweep_6818,426,364.89,0.09841598067138822,0.15740210682584724
scope_20260424_115654,sweep_6819,426,365.54,0.09856146941507135,0.10466230043975783
scope_20260424_115654,sweep_6820,426,365.96,0.09865545413400434,0.04666210086862782
scope_20260424_115654,sweep_6821,426,365.76,0.0986107017941233,0.07095263412914492
scope_20260424_115654,sweep_6822,426,365.32,0.09851223199858082,0.06585103838033801
scope_20260424_115654,sweep_6823,426,365.76,0.0986107017941233,0.11655086702521818
scope_20260424_115654,sweep_6824,426,366.19,0.09870691418522025,0.06650722516411525
scope_20260424_115654,sweep_6825,426,365.75,0.098608464067945,0.05177153665123025
scope_20260424_115654,sweep_6826,426,365.33,0.0985144701723002,0.06210063326106312
scope_20260424_115654,sweep_6827,426,365.32,0.09851223199858082,0.09119854965336938
scope_20260424_115654,sweep_6828,426,365.54,0.09856146941507135,0.07121226677225785
scope_20260424_115654,sweep_6829,426,365.75,0.09645308900946244,0.10256221918145471
scope_20260424_115654,sweep_6830,426,364.89,0.09626481289790936,0.1220682987718907
scope_20260424_115654,sweep_6831,426,364.46,0.09617064656081964,0.09308074363437938
scope_20260424_115654,sweep_6832,426,364.89,0.09626481289790936,0.10429256715027647
scope_20260424_115654,sweep_6833,426,365.52,0.09640274347525618,0.18830230081574326
scope_20260424_115654,sweep_6834,426,363.81,0.0960282662320714,0.09033526136099518
scope_20260424_115654,sweep_6835,426,364.46,0.09617064656081964,0.0783566603193162
scope_20260424_115654,sweep_6836,426,365.11,0.09423068032900395,0.08936421984910903
scope_20260424_115654,sweep_6837,426,364.91,0.09418783564817924,0.06877005977859114
scope_20260424_115654,sweep_6838,426,364.69,0.09414070188820337,0.1296424267809695
scope_20260424_115654,sweep_6839,426,364.46,0.09409142051600598,0.1064705403787648
scope_20260424_115654,sweep_6840,426,364.25,0.09404641986298835,0.07262874760998461
scope_20260424_115654,sweep_6841,426,364.47,0.09409356329427777,0.08582847292416998
scope_20260424_115654,sweep_6842,426,364.67,0.0921231925821587,0.09571690948599025
scope_20260424_115654,sweep_6843,426,365.76,0.0923516805361729,0.12191957050556218
scope_20260424_115654,sweep_6844,426,365.12,0.0922175365236154,0.11835613023223145
scope_20260424_115654,sweep_6845,426,365.76,0.0923516805361729,0.12477604366079692
scope_20260424_115654,sweep_6846,426,365.32,0.09225946081828278,0.10571559649183328
scope_20260424_115654,sweep_6847,426,364.9,0.09217141529006252,0.12427759667662788
scope_20260424_115654,sweep_6848,426,364.04,0.09199107780474748,0.12437330540020797
scope_20260424_115654,sweep_6849,426,365.34,0.09031171965538315,0.07251327636917919
scope_20260424_115654,sweep_6850,426,364.69,0.09017833555775343,0.12590986694556738
scope_20260424_115654,sweep_6851,426,365.33,0.09030966789806902,0.07612529837662912
scope_20260424_115654,sweep_6852,426,365.12,0.09026657878852389,0.08316879499397344
scope_20260424_115654,sweep_6853,426,365.31,0.09030556435479785,0.1770592318883284
scope_20260424_115654,sweep_6854,427,502.99,0.11776050972941565,0.2859333536400213
scope_20260424_115654,sweep_6855,427,511.64,0.11943894057513096,0.1522577649538492
scope_20260424_115654,sweep_6856,427,517.17,0.12050944181452518,0.17075647735932173
scope_20260424_115654,sweep_6857,427,519.78,0.12101401059671604,0.15598471114786214
scope_20260424_115654,sweep_6858,427,525.05,0.1220315045358791,0.1606021673832867
scope_20260424_115654,sweep_6859,427,529.49,0.12288740076459986,0.18813421845514428
scope_20260424_115654,sweep_6860,427,534.07,0.1237690073244822,0.16531106291969305
scope_20260424_115654,sweep_6861,427,538.66,0.12465125024869676,0.20818265575186537
scope_20260424_115654,sweep_6862,427,542.88,0.12546124841881576,0.2725234644091345
scope_20260424_115654,sweep_6863,427,546.19,0.12609582968787686,0.17661045386299631
scope_20260424_115654,sweep_6864,428,761.45,0.1661375379276585,0.20733109411985795
scope_20260424_115654,sweep_6865,429,736.28,0.16505840441335876,0.2020703766830178
scope_20260424_115654,sweep_6866,429,732.86,0.16442179862363082,0.20711070024816905
scope_20260424_115654,sweep_6867,429,731.97,0.16425604946797476,0.2645672738700363
scope_20260424_115654,sweep_6868,429,729.38,0.16735254774642694,0.22969904491049092
scope_20260424_115654,sweep_6869,429,728.51,0.167186848751899,0.18198363755173713
scope_20260424_115654,sweep_6870,429,726.85,0.16687059407482774,0.2004711482622153
scope_20260424_115654,sweep_6871,429,725.11,0.16653896637233814,0.19948235616382112
scope_20260424_115654,sweep_6872,429,723.49,0.1699034295082342,0.18078282433929738
scope_20260424_115654,sweep_6873,429,721.8,0.16957395584139387,0.17879185489450816
scope_20260424_115654,sweep_6874,429,721.68,0.1695505562782331,0.2576567212945484
scope_20260424_115654,sweep_6875,430,904.34,0.20446947776372432,0.23204061488593386
scope_20260424_115654,sweep_6876,430,901.69,0.20853008323147887,0.2244982052367578
scope_20260424_115654,sweep_6877,430,895.18,0.20727971556769031,0.21084290543997275
scope_20260424_115654,sweep_6878,430,887.55,0.20581226107467554,0.18990201790100564
scope_20260424_115654,sweep_6879,430,883.72,0.20507484123308042,0.2208346306643412
scope_20260424_115654,sweep_6880,430,880.04,0.2043657900986272,0.24118043551408708
scope_20260424_115654,sweep_6881,430,875.02,0.20339773831753205,0.2483158366927019
scope_20260424_115654,sweep_6882,430,870.15,0.20245770976360344,0.2883422530123746
scope_20260424_115654,sweep_6883,430,865.31,0.2015225853869916,0.21582888968658642
scope_20260424_115654,sweep_6884,430,861.71,0.2008264617205169,0.1983709548472372
scope_20260424_115654,sweep_6885,430,859.33,0.2003659752140518,0.2597284474378372
scope_20260424_115654,sweep_6886,431,1042.08,0.23736775745311736,0.2186451374060447
scope_20260424_115654,sweep_6887,431,1033.48,0.23638626280553546,0.2165339309452283
scope_20260424_115654,sweep_6888,431,1024.94,0.23540756636864396,0.20731181897738732
scope_20260424_115654,sweep_6889,431,1016.59,0.2344466940125807,0.2808222581629293
scope_20260424_115654,sweep_6890,431,1009.96,0.23368093582977761,0.22084206574078927
scope_20260424_115654,sweep_6891,431,1005.06,0.23311337434124726,0.20530668494511478
scope_20260424_115654,sweep_6892,431,998.64,0.22697636214868452,0.21686877593796783
scope_20260424_115654,sweep_6893,431,992.29,0.22577780501442873,0.23600923350075875
scope_20260424_115654,sweep_6894,431,986.03,0.22459495833968546,0.2838174261634529
scope_20260424_115654,sweep_6895,431,981.27,0.22369468700027312,0.20409590951875997
scope_20260424_115654,sweep_6896,432,1160.83,0.25052755964493023,0.2330810738764708
scope_20260424_115654,sweep_6897,432,1158.55,0.250281406638744,0.25545115091390064
scope_20260424_115654,sweep_6898,433,1147.86,0.24912405104830718,0.21825412959830318
scope_20260424_115654,sweep_6899,433,1145.78,0.2488982338830955,0.2358757266427606
scope_20260424_115654,sweep_6900,433,1145.8,0.24345996318315455,0.20303208172054055
scope_20260424_115654,sweep_6901,433,1145.65,0.24344402663674267,0.257746249628805
scope_20260424_115654,sweep_6902,433,1145.67,0.24344615156987381,0.2537791200720672
scope_20260424_115654,sweep_6903,433,1145.67,0.24344615156987381,0.23717831429764213
scope_20260424_115654,sweep_6904,433,1145.72,0.24345146382155783,0.2506938672057211
scope_20260424_115654,sweep_6905,433,1145.8,0.24345996318315455,0.248424345721191
scope_20260424_115654,sweep_6906,433,1145.8,0.24345996318315455,0.30783684202677364
scope_20260424_115654,sweep_6907,434,1332.21,0.2625182422588476,0.23833415178711745
scope_20260424_115654,sweep_6908,434,1335.05,0.2627979109634359,0.248630454548077
scope_20260424_115654,sweep_6909,434,1332.24,0.2625211980627115,0.2338182145430847
scope_20260424_115654,sweep_6910,434,1332.27,0.2625241538332954,0.2813939897830044
scope_20260424_115654,sweep_6911,434,1332.33,0.26253006527462813,0.22141714504453566
scope_20260424_115654,sweep_6912,434,1332.27,0.2625241538332954,0.25177412197737553
scope_20260424_115654,sweep_6913,434,1332.3,0.26252710957060066,0.21850764533175077
scope_20260424_115654,sweep_6914,434,1332.27,0.2625241538332954,0.26200585668560994
scope_20260424_115654,sweep_6915,434,1334.91,0.262784131452509,0.2255811073226017
scope_20260424_115654,sweep_6916,434,1335.14,0.26280676883894205,0.22016502794137052
scope_20260424_115654,sweep_6917,435,1543.89,0.28260596229612256,0.3159522715568299
scope_20260424_115654,sweep_6918,435,1521.26,0.28052712838791327,0.26817734345429817
scope_20260424_115654,sweep_6919,435,1521.22,0.28052344027447496,0.3398176682994616
scope_20260424_115654,sweep_6920,435,1521.41,0.27447561424412276,0.33246679615903946
scope_20260424_115654,sweep_6921,435,1524.86,0.2747866430425009,0.3237325612962288
scope_20260424_115654,sweep_6922,435,1524.89,0.2747893460967963,0.29043481479384015
scope_20260424_115654,sweep_6923,435,1524.93,0.2747929501278292,0.2947840820861229
scope_20260424_115654,sweep_6924,435,1525.05,0.27480376193732853,0.2781716211526516
scope_20260424_115654,sweep_6925,435,1521.3,0.27446569158575884,0.3377367290223166
scope_20260424_115654,sweep_6926,435,1524.86,0.2747866430425009,0.24523261357052842
scope_20260424_115654,sweep_6927,435,1521.14,0.2744512579877269,0.250882939434564
scope_20260424_115654,sweep_6928,436,1709.01,0.29090617122496315,0.2958113926903369
scope_20260424_115654,sweep_6929,436,1709.16,0.2909189373785384,0.3218290216087102
scope_20260424_115654,sweep_6930,436,1713.94,0.2913254591822076,0.3250042769071913
scope_20260424_115654,sweep_6931,436,1713.99,0.29132970850444967,0.2780160774689604
scope_20260424_115654,sweep_6932,436,1709.21,0.29092319263857497,0.3059574116219762
scope_20260424_115654,sweep_6933,436,1713.99,0.29132970850444967,0.2857806859278716
scope_20260424_115654,sweep_6934,436,1713.89,0.2913212097979834,0.3135446399420542
scope_20260424_115654,sweep_6935,436,1709.4,0.2909393620591111,0.3182237402227934
scope_20260424_115654,sweep_6936,436,1709.35,0.29093510703557085,0.3192548818462667
scope_20260424_115654,sweep_6937,436,1709.5,0.29094787191950633,0.2847843301155958
scope_20260424_115654,sweep_6938,437,1920.31,0.3083658699530865,0.31221966386481875
scope_20260424_115654,sweep_6939,437,1896.87,0.30647807870152255,0.32597658420569936
scope_20260424_115654,sweep_6940,437,1902.77,0.3069543413816853,0.29616289775203386
scope_20260424_115654,sweep_6941,437,1902.71,0.30694950175165303,0.33238118441598025
scope_20260424_115654,sweep_6942,437,1902.59,0.30693982226266403,0.3486250130002247
scope_20260424_115654,sweep_6943,437,1896.87,0.30647807870152255,0.3449585075462633
scope_20260424_115654,sweep_6944,437,1902.59,0.30693982226266403,0.3807944305279432
scope_20260424_115654,sweep_6945,437,1896.87,0.30647807870152255,0.34193688652016363
scope_20260424_115654,sweep_6946,437,1902.53,0.30693498240370004,0.2754767711542612
scope_20260424_115654,sweep_6947,437,1896.93,0.3064829257757319,0.37228511938661
scope_20260424_115654,sweep_6948,437,1902.47,0.3069301424684182,0.3620161578132815
scope_20260424_115654,sweep_6949,438,2102.02,0.3226257702097402,0.3659753383142663
scope_20260424_115654,sweep_6950,438,2087.76,0.3215295692466418,0.31980429575195113
scope_20260424_115654,sweep_6951,438,2087.76,0.3215295692466418,0.36678636794985003
scope_20260424_115654,sweep_6952,438,2087.83,0.3215349594450343,0.3447006896903688
scope_20260424_115654,sweep_6953,438,2087.83,0.3286402179088757,0.3575672603322003
scope_20260424_115654,sweep_6954,438,2087.76,0.32863470859823235,0.33540185588863075
scope_20260424_115654,sweep_6955,438,2087.83,0.3286402179088757,0.29591271093922167
scope_20260424_115654,sweep_6956,438,2080.8,0.3280864638152024,0.324831910456494
scope_20260424_115654,sweep_6957,438,2087.76,0.32863470859823235,0.28647220534732987
scope_20260424_115654,sweep_6958,438,2081.09,0.3281093256374961,0.32609626790801294
scope_20260424_115654,sweep_6959,438,2087.68,0.328628412130116,0.39020542708015205
scope_20260424_115654,sweep_6960,439,2278.94,0.34335200567987384,0.3222460539223193
scope_20260424_115654,sweep_6961,439,2270.66,0.34272769314578333,0.3511031370329806
scope_20260424_115654,sweep_6962,439,2270.66,0.34272769314578333,0.2930621394257088
scope_20260424_115654,sweep_6963,439,2270.58,0.3427216555934955,0.3092082293120211
scope_20260424_115654,sweep_6964,439,2270.66,0.34272769314578333,0.3361913657338364
scope_20260424_115654,sweep_6965,439,2270.83,0.3427405225912645,0.3406302596571498
scope_20260424_115654,sweep_6966,439,2270.83,0.3427405225912645,0.321116002822694
scope_20260424_115654,sweep_6967,439,2270.92,0.34274731445622186,0.2870055205764432
scope_20260424_115654,sweep_6968,439,2270.58,0.3427216555934955,0.31190559053034667
scope_20260424_115654,sweep_6969,439,2271.18,0.34276693464346036,0.3897713805988091
scope_20260424_115654,sweep_6981,441,2647.84,0.37837032296152895,0.3887860903293562
scope_20260424_115654,sweep_6982,441,2647.49,0.3783453150325059,0.42398520914231685
scope_20260424_115654,sweep_6983,441,2647.37,0.3783367405048813,0.4232281638131959
scope_20260424_115654,sweep_6984,441,2647.37,0.3783367405048813,0.38423758059234076
scope_20260424_115654,sweep_6985,441,2647.25,0.37832816578292144,0.41279149332989523
scope_20260424_115654,sweep_6986,441,2647.25,0.37832816578292144,0.4016202313510827
scope_20260424_115654,sweep_6987,441,2647.6,0.3783531748454547,0.3867422774467269
scope_20260424_115654,sweep_6988,441,2647.37,0.3783367405048813,0.38129254011869557
scope_20260424_115654,sweep_6989,441,2647.49,0.3783453150325059,0.38899516658802946
scope_20260424_115654,sweep_6990,441,2647.6,0.3783531748454547,0.4022018179584346
scope_20260424_115654,sweep_6991,442,2854.29,0.40172197794231473,0.4522219107425809
scope_20260424_115654,sweep_6992,443,2841.04,0.40078846945237456,0.4069484172274976
scope_20260424_115654,sweep_6993,443,2828.05,0.39987116329907313,0.42029792296003077
scope_20260424_115654,sweep_6994,443,2840.91,0.4007792997298315,0.3895144801026111
scope_20260424_115654,sweep_6995,443,2840.77,0.40076942440938074,0.4014350570510276
scope_20260424_115654,sweep_6996,443,2840.51,0.40075108388292685,0.4338436756006555
scope_20260424_115654,sweep_6997,443,2840.77,0.40076942440938074,0.4287234290867642
scope_20260424_115654,sweep_6998,443,2840.91,0.4007792997298315,0.3791367960882798
scope_20260424_115654,sweep_6999,443,2828.19,0.39988106080266134,0.390043518004073
scope_20260424_115654,sweep_7000,443,2840.91,0.4007792997298315,0.40006584497916986
scope_20260424_115654,sweep_7001,443,2828.05,0.39987116329907313,0.40877148117495493
scope_20260424_115654,sweep_7002,444,2976.49,0.41023126692414674,0.481629255399455
scope_20260424_115654,sweep_7003,444,2976.78,0.41962789118168164,0.42833568937039823
scope_20260424_115654,sweep_7004,444,2976.78,0.41962789118168164,0.3835336823187246
scope_20260424_115654,sweep_7005,444,2977.08,0.4196490357062611,0.4291655874600349
scope_20260424_115654,sweep_7006,444,2976.78,0.41962789118168164,0.4159799248669533
scope_20260424_115654,sweep_7007,444,2976.49,0.4196074504617729,0.41569843973032516
scope_20260424_115654,sweep_7008,444,2976.93,0.4196384635771488,0.41536676471590145
scope_20260424_115654,sweep_7009,444,2976.19,0.4195863038415573,0.4166838491302111
scope_20260424_115654,sweep_7010,444,2962.38,0.4186116979974683,0.41401274273274297
scope_20260424_115654,sweep_7011,444,2963.26,0.41867386945096674,0.45079177052624675
scope_20260424_115654,sweep_7012,444,2976.93,0.4196384635771488,0.4368159147503468
scope_20260424_115654,sweep_7013,444,2962.96,0.41865267567452086,0.41364600254707157
scope_20260424_115654,sweep_7014,444,2962.96,0.41865267567452086,0.46263182213023585
scope_20260424_115654,sweep_7015,444,2976.49,0.4293075603976267,0.46561821884207216
scope_20260424_115654,sweep_7016,444,2976.78,0.4293284736478255,0.44463555910698466
scope_20260424_115654,sweep_7017,444,2976.93,0.42933929044647995,0.43568157137755387
scope_20260424_115654,sweep_7018,444,2962.82,0.4283205945375798,0.4667931728912542
scope_20260424_115654,sweep_7019,444,2962.38,0.42828878901799533,0.47258064825419777
scope_20260424_115654,sweep_7020,444,2962.67,0.42830975201215127,0.4322955014040212
scope_20260424_115654,sweep_7021,444,2962.67,0.42830975201215127,0.418769826499498
scope_20260424_115654,sweep_7022,444,2962.67,0.42830975201215127,0.4553590378576531
scope_20260424_115654,sweep_7023,444,2962.67,0.42830975201215127,0.4504639480764365
scope_20260424_115654,sweep_7024,444,2976.63,0.42931765657663823,0.48931430930738695
scope_20260424_115654,sweep_7025,444,2976.78,0.4293284736478255,0.45733614713479603
scope_20260424_115654,sweep_7026,444,2976.78,0.4293284736478255,0.5034717179692079
scope_20260424_115654,sweep_7027,444,2976.78,0.4293284736478255,0.4689173183663668
scope_20260424_115654,sweep_7028,444,2977.08,0.42935010697262227,0.4551377379487161
scope_20260424_115654,sweep_7029,444,2976.93,0.42933929044647995,0.47167295977732576
scope_20260424_115654,sweep_7030,444,2976.78,0.4293284736478255,0.42987436016151714
scope_20260424_115654,sweep_7031,444,2976.93,0.42933929044647995,0.41530901010283167
scope_20260424_115654,sweep_7032,444,2976.78,0.4393673900519006,0.462562201389547
scope_20260424_115654,sweep_7033,444,2962.67,0.4383248478173906,0.42950711388612095
scope_20260424_115654,sweep_7034,444,2976.93,0.43937845977796175,0.39541905294280494
scope_20260424_115654,sweep_7035,444,2962.82,0.4383359438717907,0.42001144961153414
scope_20260424_115654,sweep_7036,444,2976.49,0.4393459877906453,0.45597040750784856
scope_20260424_115654,sweep_7037,444,2976.49,0.4393459877906453,0.4286508853666927
scope_20260424_115654,sweep_7038,444,2976.49,0.4393459877906453,0.4540796790443814
scope_20260424_115654,sweep_7039,444,2962.52,0.4383137514820903,0.4272580340585466
scope_20260424_115654,sweep_7040,444,2962.96,0.43834629993581525,0.49176605046597216
scope_20260424_115654,sweep_7041,444,2962.96,0.43834629993581525,0.46997643013956825
scope_20260424_115654,sweep_7042,444,2962.67,0.4383248478173906,0.4213055049324798
scope_20260424_115654,sweep_7043,444,2962.67,0.4383248478173906,0.4445481042486526
scope_20260424_115654,sweep_7044,444,2962.52,0.4383137514820903,0.4218588585835843
scope_20260424_115654,sweep_7045,444,2962.67,0.4383248478173906,0.4250984393100436
scope_20260424_115654,sweep_7046,444,2962.82,0.4383359438717907,0.40988164849423747
scope_20260424_115654,sweep_7047,444,2976.93,0.43937845977796175,0.42829854048083466
scope_20260424_115654,sweep_7048,444,2962.82,0.4383359438717907,0.35378951537298686
scope_20260424_115654,sweep_7049,444,2962.82,0.4383359438717907,0.45074525000149124
scope_20260424_115654,sweep_7050,444,2976.93,0.43937845977796175,0.4519087699589888
scope_20260424_115654,sweep_7051,444,2976.93,0.43937845977796175,0.476640303995513
scope_20260424_115654,sweep_7052,444,2962.67,0.4383248478173906,0.40947923882119275
scope_20260424_115654,sweep_7053,444,2962.82,0.4383359438717907,0.4265044049521032
scope_20260424_115654,sweep_7054,444,2962.82,0.44870396153786096,0.39592899564646467
scope_20260424_115654,sweep_7055,444,2976.78,0.44975980464997356,0.42023051386728844
scope_20260424_115654,sweep_7056,444,2962.82,0.44870396153786096,0.4567429094789361
scope_20260424_115654,sweep_7057,444,2962.82,0.44870396153786096,0.4389669011867104
scope_20260424_115654,sweep_7058,444,2976.34,0.44972656376094045,0.4186003169017326
scope_20260424_115654,sweep_7059,444,2976.78,0.44975980464997356,0.43929302805062415
scope_20260424_115654,sweep_7060,444,2976.78,0.44975980464997356,0.43154945786949983
scope_20260424_115654,sweep_7061,444,2962.82,0.44870396153786096,0.43366720847052037
scope_20260424_115654,sweep_7062,444,2976.78,0.44975980464997356,0.445431100551458
scope_20260424_115654,sweep_7063,444,2976.63,0.4497484728047253,0.45178144316193714
scope_20260424_115654,sweep_7064,444,2976.93,0.44977113620971954,0.45474741092692056
scope_20260424_115654,sweep_7065,444,2962.82,0.44870396153786096,0.4108938481904011
scope_20260424_115654,sweep_7066,444,2962.82,0.44870396153786096,0.42639193506551637
scope_20260424_115654,sweep_7067,444,2976.63,0.4497484728047253,0.4139298025720886
scope_20260424_115654,sweep_7068,444,2962.82,0.44870396153786096,0.3841085135796504
scope_20260424_115654,sweep_7069,444,2977.22,0.4497930430824175,0.40075264762729584
scope_20260424_115654,sweep_7070,444,2976.93,0.44977113620971954,0.4384102395605262
scope_20260424_115654,sweep_7071,444,2962.67,0.4486926030270284,0.44686995231137233
scope_20260424_115654,sweep_7072,444,2962.82,0.44870396153786096,0.4455180607732385
scope_20260424_115654,sweep_7073,444,2976.63,0.4497484728047253,0.42779619612958997
scope_20260424_115654,sweep_7074,444,2962.82,0.44870396153786096,0.44865949229174273
scope_20260424_115654,sweep_7075,444,2963.11,0.44872592051020366,0.42755216437854565
scope_20260424_115654,sweep_7076,444,2976.93,0.44977113620971954,0.43488144753660196
scope_20260424_115654,sweep_7077,444,2976.93,0.44977113620971954,0.45226340973461476
scope_20260424_115654,sweep_7078,444,2976.63,0.4497484728047253,0.42708837898313157
scope_20260424_115654,sweep_7079,444,2977.08,0.44978246748398465,0.45793568189637524
scope_20260424_115654,sweep_7080,444,2962.96,0.44871456255522835,0.4847257491920933
scope_20260424_115654,sweep_7081,444,2976.78,0.44975980464997356,0.4291123343820615
scope_20260424_115654,sweep_7082,444,2962.67,0.4486926030270284,0.44788261383599876
scope_20260424_115654,sweep_7083,444,2976.63,0.4497484728047253,0.40894569548522386
scope_20260424_115654,sweep_7084,444,2976.78,0.44975980464997356,0.45994808249588426
scope_20260424_115654,sweep_7085,444,2976.63,0.4497484728047253,0.4431105718232811
scope_20260424_115654,sweep_7086,444,2976.93,0.44977113620971954,0.44871819238108734
scope_20260424_115654,sweep_7087,444,2976.63,0.4497484728047253,0.4143459871200665
scope_20260424_115654,sweep_7088,444,2976.78,0.44975980464997356,0.45665313925424944
scope_20260424_115654,sweep_7089,444,2976.63,0.4497484728047253,0.4272754330318775
scope_20260424_115654,sweep_7090,444,2976.93,0.44977113620971954,0.37328229897460047
scope_20260424_115654,sweep_7091,444,2963.11,0.44872592051020366,0.43507776234043966
scope_20260424_115654,sweep_7092,444,2976.78,0.44975980464997356,0.444096278774642
scope_20260424_115654,sweep_7093,444,2976.34,0.44972656376094045,0.44429163108211245
scope_20260424_115654,sweep_7094,444,2976.78,0.44975980464997356,0.43857199062780566
scope_20260424_115654,sweep_7095,444,2962.67,0.4486926030270284,0.4029365973745726
scope_20260424_115654,sweep_7096,444,2962.82,0.44870396153786096,0.43348602171307876
scope_20260424_115654,sweep_7097,444,2962.82,0.45944059501907464,0.44838232108145926
scope_20260424_115654,sweep_7098,444,2962.96,0.45945144969865087,0.4489076435035479
scope_20260424_115654,sweep_7099,444,2976.78,0.46052170245127383,0.44106059423559263
scope_20260424_115654,sweep_7100,444,2976.93,0.4605333051537201,0.4604071981193201
scope_20260424_115654,sweep_7101,444,2976.63,0.46051009945649374,0.4206761173677735
scope_20260424_115654,sweep_7102,444,2976.63,0.46051009945649374,0.44079574792635096
scope_20260424_115654,sweep_7103,444,2976.93,0.4605333051537201,0.44334814070515915
scope_20260424_115654,sweep_7104,444,2976.78,0.46052170245127383,0.4314296032777674
scope_20260424_115654,sweep_7105,444,2962.67,0.4594289647206535,0.45561165687586397
scope_20260424_115654,sweep_7106,444,2976.63,0.46051009945649374,0.45413113044521414
scope_20260424_115654,sweep_7107,444,2976.78,0.46052170245127383,0.4069583144974027
scope_20260424_115654,sweep_7108,444,2962.82,0.45944059501907464,0.45326178946409673
scope_20260424_115654,sweep_7109,444,2962.82,0.45944059501907464,0.4587086353486263
scope_20260424_115654,sweep_7110,444,2976.78,0.46052170245127383,0.4027919232332884
scope_20260424_115654,sweep_7111,444,2976.63,0.46051009945649374,0.4210223980946816
scope_20260424_115654,sweep_7112,444,2962.67,0.4594289647206535,0.42615405630300685
scope_20260424_115654,sweep_7113,444,2976.63,0.46051009945649374,0.41977307016799764
scope_20260424_115654,sweep_7114,444,2962.52,0.45941733412780755,0.44951794264236516
scope_20260424_115654,sweep_7115,444,2976.49,0.4604992697309292,0.43117932060763847
scope_20260424_115654,sweep_7116,444,2976.93,0.4605333051537201,0.43963649337458965
scope_20260424_115654,sweep_7117,444,2976.63,0.46051009945649374,0.4175075654480179
scope_20260424_115654,sweep_7118,444,2962.67,0.4594289647206535,0.44245927372024707
scope_20260424_115654,sweep_7119,444,2976.63,0.46051009945649374,0.4293721145720047
scope_20260424_115654,sweep_7120,444,2963.11,0.45946307942791415,0.432939789022588
scope_20260424_115654,sweep_7121,444,2976.78,0.46052170245127383,0.4474271977122916
scope_20260424_115654,sweep_7122,444,2976.78,0.46052170245127383,0.4590370526371805
scope_20260424_115654,sweep_7123,444,2976.78,0.46052170245127383,0.41426002245490895
scope_20260424_115654,sweep_7124,444,2962.82,0.45944059501907464,0.43878752999427517
scope_20260424_115654,sweep_7125,444,2962.67,0.4594289647206535,0.42181444516589855
scope_20260424_115654,sweep_7126,444,2976.93,0.4605333051537201,0.442304602515904
scope_20260424_115654,sweep_7127,444,2976.63,0.46051009945649374,0.4093751264622969
scope_20260424_115654,sweep_7128,444,2976.49,0.4604992697309292,0.3899736008856479
scope_20260424_115654,sweep_7129,444,2962.67,0.4594289647206535,0.4417199969709549
scope_20260424_115654,sweep_7130,444,2976.78,0.46052170245127383,0.4102454566753348
scope_20260424_115654,sweep_7131,444,2962.67,0.4594289647206535,0.4259813504725914
scope_20260424_115654,sweep_7132,444,2976.63,0.46051009945649374,0.4601250066234742
scope_20260424_115654,sweep_7133,444,2962.82,0.45944059501907464,0.45176245547502436
scope_20260424_115654,sweep_7134,444,2976.63,0.46051009945649374,0.45005081022230964
scope_20260424_115654,sweep_7135,444,2962.67,0.4594289647206535,0.4190231023072278
scope_20260424_115654,sweep_7136,444,2962.67,0.4594289647206535,0.4367630888435429
scope_20260424_115654,sweep_7137,444,2962.96,0.45945144969865087,0.44575788941786065
scope_20260424_115654,sweep_7138,444,2962.96,0.45945144969865087,0.42926577965371865
scope_20260424_115654,sweep_7139,444,2962.52,0.45941733412780755,0.38148310486790704
scope_20260424_115654,sweep_7140,444,2962.82,0.45944059501907464,0.43576342878810154
scope_20260424_115654,sweep_7141,444,2962.67,0.4594289647206535,0.43243496414296156
scope_20260424_115654,sweep_7142,444,2976.78,0.46052170245127383,0.43267636151299077
scope_20260424_115654,sweep_7143,444,2962.82,0.45944059501907464,0.3879669390304305
scope_20260424_115654,sweep_7144,444,2977.08,0.4605449075638545,0.44332700796637065
scope_20260424_115654,sweep_7145,444,2977.08,0.4605449075638545,0.4729403442379382
scope_20260424_115654,sweep_7146,444,2976.78,0.46052170245127383,0.4401588726585057
scope_20260424_115654,sweep_7147,444,2962.52,0.45941733412780755,0.43291218999823594
scope_20260424_115654,sweep_7148,444,2976.78,0.46052170245127383,0.4648246835793639
scope_20260424_115654,sweep_7149,444,2976.63,0.46051009945649374,0.4048501952457977
scope_20260424_115654,sweep_7150,444,2962.52,0.45941733412780755,0.4774099480733393
scope_20260424_115654,sweep_7151,444,2976.78,0.46052170245127383,0.4152471150427374
scope_20260424_115654,sweep_7152,444,2976.63,0.46051009945649374,0.45296115263390346
scope_20260424_115654,sweep_7153,444,2976.78,0.46052170245127383,0.4141524062745893
scope_20260424_115654,sweep_7154,444,2976.49,0.4604992697309292,0.3937818690627225
scope_20260424_115654,sweep_7155,444,2962.67,0.4594289647206535,0.4326985380504176
scope_20260424_115654,sweep_7156,444,2976.49,0.4604992697309292,0.4133040107719215
scope_20260424_115654,sweep_7157,444,2962.82,0.45944059501907464,0.451768796394227
scope_20260424_115654,sweep_7158,444,2962.67,0.4594289647206535,0.4262067354956214
scope_20260424_115654,sweep_7159,444,2976.93,0.4605333051537201,0.4635145478667828
scope_20260424_115654,sweep_7160,444,2976.63,0.46051009945649374,0.4320594153529319
scope_20260424_115654,sweep_7161,444,2962.82,0.45944059501907464,0.447764266094265
scope_20260424_115654,sweep_7162,444,2962.82,0.45944059501907464,0.456476466313437
scope_20260424_115654,sweep_7163,444,2976.49,0.4604992697309292,0.4661877454137355
scope_20260424_115654,sweep_7164,444,2962.67,0.4594289647206535,0.4571502545139494
scope_20260424_115654,sweep_7165,444,2976.63,0.46051009945649374,0.4356363355678044
scope_20260424_115654,sweep_7166,444,2962.82,0.45944059501907464,0.40886299172356344
scope_20260424_115654,sweep_7167,444,2963.26,0.4594747088628183,0.45565565701050226
scope_20260424_115654,sweep_7168,444,2962.52,0.45941733412780755,0.44596872003742666
scope_20260424_115654,sweep_7169,444,2976.34,0.4604876661709076,0.46141593281637017
scope_20260424_115654,sweep_7170,444,2962.52,0.45941733412780755,0.44624809470473853
scope_20260424_115654,sweep_7171,444,2962.52,0.45941733412780755,0.5825787148270535
scope_20260424_115654,sweep_7172,444,2962.67,0.4594289647206535,0.4354071924742069
scope_20260424_115654,sweep_7173,444,2976.93,0.4605333051537201,0.43289548078012874
scope_20260424_115654,sweep_7174,444,2962.52,0.45941733412780755,0.44755240373587357
scope_20260424_115654,sweep_7175,444,2962.96,0.45945144969865087,0.4216351482151024
scope_20260424_115654,sweep_7176,444,2962.67,0.4594289647206535,0.5406328876223394
scope_20260424_115654,sweep_7177,444,2976.63,0.46051009945649374,0.7573419115390568
scope_20260424_115654,sweep_7178,444,2962.67,0.4594289647206535,0.6068900284341006
scope_20260424_115654,sweep_7179,444,2962.52,0.45941733412780755,0.4547257898383431
scope_20260424_115654,sweep_7180,444,2962.96,0.45945144969865087,0.674485807136637
scope_20260424_115654,sweep_7181,444,2962.67,0.4594289647206535,0.7102554263659925
scope_20260424_115654,sweep_7182,444,2963.11,0.45946307942791415,0.6932437796982425
scope_20260424_115654,sweep_7183,444,2962.52,0.45941733412780755,0.5867082283458469
scope_20260424_115654,sweep_7184,444,2962.67,0.4594289647206535,0.4457401206450264
scope_20260424_115654,sweep_7185,444,2962.67,0.4594289647206535,0.9270185695729077
scope_20260424_115654,sweep_7186,444,2962.67,0.4594289647206535,0.4615363518077578
scope_20260424_115654,sweep_7187,444,2976.63,0.46051009945649374,0.5374077273647399
scope_20260424_115654,sweep_7188,444,2962.67,0.4594289647206535,0.5584282652549518
scope_20260424_115654,sweep_7189,444,2962.67,0.4594289647206535,0.46166691482123295
scope_20260424_115654,sweep_7190,444,2962.67,0.4594289647206535,0.5485551798391035
scope_20260424_115654,sweep_7191,444,2962.82,0.45944059501907464,0.4272226776794694
scope_20260424_115654,sweep_7192,444,2962.38,0.4594064786421617,0.5410777802552649
scope_20260424_115654,sweep_7193,444,2976.78,0.46052170245127383,0.6843178497373648
scope_20260424_115654,sweep_7194,444,2963.11,0.45946307942791415,0.44023837890909084
scope_20260424_115654,sweep_7195,444,2962.96,0.45945144969865087,0.45361103015103416
scope_20260424_115654,sweep_7196,444,2963.11,0.45946307942791415,0.46540436184173445
scope_20260424_115654,sweep_7197,444,2962.67,0.4594289647206535,0.6988603759177164
scope_20260424_115654,sweep_7198,444,2976.93,0.4605333051537201,0.4311553458017146
scope_20260424_115654,sweep_7199,444,2963.26,0.4594747088628183,0.44925199969974094
scope_20260424_115654,sweep_7200,444,2962.67,0.4594289647206535,0.5550164722893351
scope_20260424_115654,sweep_7201,444,2976.63,0.46051009945649374,0.4554640142699714
scope_20260424_115654,sweep_7202,444,2962.52,0.45941733412780755,0.4442110962373119
scope_20260424_115654,sweep_7203,444,2962.82,0.45944059501907464,0.632716747860908
scope_20260424_115654,sweep_7204,444,2976.78,0.46052170245127383,0.426329726318254
scope_20260424_115654,sweep_7205,444,2962.96,0.45945144969865087,0.6056799238040745
scope_20260424_115654,sweep_7206,444,2962.52,0.45941733412780755,0.4675283513382729
scope_20260424_115654,sweep_7207,444,2977.08,0.4605449075638545,0.44539309723814624
scope_20260424_115654,sweep_7208,444,2976.93,0.4605333051537201,0.4283926109932377
scope_20260424_115654,sweep_7209,444,2962.96,0.45945144969865087,0.4656045867610666
scope_20260424_115654,sweep_7210,444,2976.93,0.4605333051537201,0.8283879550795535
scope_20260424_115654,sweep_7211,444,2963.11,0.45946307942791415,0.4408325200381994
scope_20260424_115654,sweep_7212,444,2976.63,0.46051009945649374,0.6621769404192567
scope_20260424_115654,sweep_7213,444,2976.78,0.46052170245127383,0.44159384123079215
scope_20260424_115654,sweep_7214,444,2962.82,0.45944059501907464,0.46653290646665624
scope_20260424_115654,sweep_7215,444,2962.82,0.45944059501907464,0.4556071105768461
scope_20260424_115654,sweep_7216,444,2962.82,0.45944059501907464,0.42528587901606024
scope_20260424_115654,sweep_7217,444,2962.82,0.45944059501907464,0.5731754714377535
scope_20260424_115654,sweep_7218,444,2962.67,0.4594289647206535,0.6963235414775758
scope_20260424_115654,sweep_7219,444,2962.96,0.45945144969865087,0.5559607884196578
scope_20260424_115654,sweep_7220,444,2962.82,0.45944059501907464,0.4425038010668097
scope_20260424_115654,sweep_7221,444,2962.96,0.45945144969865087,0.91084478919529
scope_20260424_115654,sweep_7222,444,2976.63,0.46051009945649374,0.4650116593954458
scope_20260424_115654,sweep_7223,444,2962.82,0.45944059501907464,0.5645416452326036
scope_20260424_115654,sweep_7224,444,2976.49,0.4604992697309292,0.4478082988823176
scope_20260424_115654,sweep_7225,445,2840.91,0.4498890984898675,0.4501733402198188
scope_20260424_115654,sweep_7226,445,2828.32,0.44889110962966844,0.48906917902331276
scope_20260424_115654,sweep_7227,445,2840.77,0.4498780130894541,0.4465106209383198
scope_20260424_115654,sweep_7228,445,2828.19,0.44888079316709883,0.4535512076641342
scope_20260424_115654,sweep_7229,445,2841.18,0.44991047670505224,0.47474483282528107
scope_20260424_115654,sweep_7230,445,2840.64,0.449867719258766,0.4617244928789143
scope_20260424_115654,sweep_7231,445,2828.32,0.44889110962966844,0.4711156817906736
scope_20260424_115654,sweep_7232,445,2840.77,0.4498780130894541,0.43472218759160197
scope_20260424_115654,sweep_7233,445,2841.04,0.44989939183139255,0.4804603635325935
scope_20260424_115654,sweep_7234,445,2840.91,0.4498890984898675,0.45981849220133636
scope_20260424_115654,sweep_7235,445,2840.77,0.4498780130894541,0.4724390772909571
scope_20260424_115654,sweep_7236,446,2647.72,0.4343229314322911,0.4111708773597011
scope_20260424_115654,sweep_7237,446,2647.6,0.4343130891260206,0.4323563500111387
scope_20260424_115654,sweep_7238,446,2647.49,0.4343040668159973,0.4292570310617422
scope_20260424_115654,sweep_7239,446,2647.49,0.4343040668159973,0.3934539939590281
scope_20260424_115654,sweep_7240,446,2647.6,0.4343130891260206,0.39098604114624536
scope_20260424_115654,sweep_7241,446,2647.37,0.4342942240822025,0.3885781513846361
scope_20260424_115654,sweep_7242,446,2647.49,0.4343040668159973,0.4269740771318816
scope_20260424_115654,sweep_7243,446,2647.72,0.4343229314322911,0.40156070932272586
scope_20260424_115654,sweep_7244,446,2647.72,0.4343229314322911,0.4289586343738508
scope_20260424_115654,sweep_7245,446,2647.49,0.4343040668159973,0.36844711719076784
scope_20260424_115654,sweep_7246,447,2439.72,0.4169142362620529,0.37843140857650814
scope_20260424_115654,sweep_7247,448,2459.02,0.41856003866000974,0.39443362586375436
scope_20260424_115654,sweep_7248,448,2459.12,0.4185685492817898,0.3861910807951876
scope_20260424_115654,sweep_7249,448,2459.12,0.4185685492817898,0.44139147195826306
scope_20260424_115654,sweep_7250,448,2459.22,0.41857705973052955,0.38861936131333846
scope_20260424_115654,sweep_7251,448,2459.12,0.4185685492817898,0.37202293279425935
scope_20260424_115654,sweep_7252,448,2459.12,0.4185685492817898,0.4101735721087923
scope_20260424_115654,sweep_7253,448,2459.42,0.4185940801089307,0.41969685237005083
scope_20260424_115654,sweep_7254,448,2468.83,0.40959331804119503,0.394007706634287
scope_20260424_115654,sweep_7255,448,2459.22,0.4087953632006785,0.33289537628970667
scope_20260424_115654,sweep_7256,448,2459.02,0.4087787398943041,0.36122963004524844
scope_20260424_115654,sweep_7257,449,2278.86,0.393519350530688,0.36069514886969833
scope_20260424_115654,sweep_7258,449,2270.66,0.3928107140408861,0.37833418030204496
scope_20260424_115654,sweep_7259,449,2270.58,0.39280379421715234,0.4239785202003595
scope_20260424_115654,sweep_7260,449,2270.83,0.3928254182615866,0.3434197219337918
scope_20260424_115654,sweep_7261,449,2278.77,0.3935115797393193,0.33473612723756807
scope_20260424_115654,sweep_7262,449,2270.83,0.3928254182615866,0.307734257587596
scope_20260424_115654,sweep_7263,449,2270.83,0.3928254182615866,0.43785445415154095
scope_20260424_115654,sweep_7264,449,2270.75,0.3928184986968799,0.40512447766536136
scope_20260424_115654,sweep_7265,449,2278.94,0.39352625777197425,0.3678597898363687
scope_20260424_115654,sweep_7266,449,2270.66,0.3928107140408861,0.38340285086065995
scope_20260424_115654,sweep_7267,449,2270.66,0.3928107140408861,0.3788180884136295
scope_20260424_115654,sweep_7268,450,2087.54,0.3766384665734451,0.3290572533909854
scope_20260424_115654,sweep_7269,450,2080.88,0.3760371808331848,0.3971331228892104
scope_20260424_115654,sweep_7270,450,2080.95,0.37604350565280237,0.4063105069986551
scope_20260424_115654,sweep_7271,450,2087.76,0.37665831248769177,0.46011794566728004
scope_20260424_115654,sweep_7272,450,2088.05,0.3766844714134564,0.3254455337042623
scope_20260424_115654,sweep_7273,450,2087.83,0.3679611924521134,0.3855171468006327
scope_20260424_115654,sweep_7274,450,2087.76,0.36795502396632424,0.374164951953512
scope_20260424_115654,sweep_7275,450,2081.09,0.3673667802572717,0.3124898309517896
scope_20260424_115654,sweep_7276,450,2087.68,0.36794797414165253,0.36804514415952355
scope_20260424_115654,sweep_7277,450,2080.88,0.3673482445451803,0.34024133233471876
scope_20260424_115654,sweep_7278,451,1874.06,0.34861510163661635,0.30918904578788553
scope_20260424_115654,sweep_7279,451,1896.87,0.3507302580537064,0.30760527303548246
scope_20260424_115654,sweep_7280,451,1896.93,0.3507358049939491,0.3321180193708615
scope_20260424_115654,sweep_7281,451,1896.93,0.3507358049939491,0.3162396336003219
scope_20260424_115654,sweep_7282,451,1896.81,0.35072471102573516,0.3236346716518578
scope_20260424_115654,sweep_7283,451,1891.13,0.35019919451525433,0.40489738286859145
scope_20260424_115654,sweep_7284,451,1896.93,0.3507358049939491,0.305992540523581
scope_20260424_115654,sweep_7285,451,1891.19,0.3502047498670841,0.29470640978659773
scope_20260424_115654,sweep_7286,451,1896.81,0.35072471102573516,0.30565674875704263
scope_20260424_115654,sweep_7287,451,1896.93,0.3507358049939491,0.36801265137847955
scope_20260424_115654,sweep_7288,451,1896.87,0.3507302580537064,0.33896063785670616
scope_20260424_115654,sweep_7299,453,1499.29,0.3046906624452068,0.34099236480576556
scope_20260424_115654,sweep_7300,453,1521.22,0.3069109165386572,0.2757644774854487
scope_20260424_115654,sweep_7301,453,1521.22,0.3069109165386572,0.40516660641265523
scope_20260424_115654,sweep_7302,453,1521.22,0.29997633185959577,0.32038967527198114
scope_20260424_115654,sweep_7303,453,1521.3,0.2999842195389077,0.32937265631459567
scope_20260424_115654,sweep_7304,453,1521.22,0.29997633185959577,0.301328035162972
scope_20260424_115654,sweep_7305,453,1521.22,0.29997633185959577,0.31423464738598467
scope_20260424_115654,sweep_7306,453,1521.34,0.29998816330079126,0.32520979506005576
scope_20260424_115654,sweep_7307,453,1521.26,0.2999802757251766,0.2919889558024929
scope_20260424_115654,sweep_7308,453,1521.34,0.29998816330079126,0.34216526762789434
scope_20260424_115654,sweep_7309,453,1521.3,0.2999842195389077,0.2635929619560509
scope_20260424_115654,sweep_7310,454,1337.91,0.28132247323207,0.29606890618282705
scope_20260424_115654,sweep_7311,454,1332.21,0.2807225637971163,0.3571472262304376
scope_20260424_115654,sweep_7312,454,1334.96,0.28101215367770277,0.27023093922415287
scope_20260424_115654,sweep_7313,454,1334.99,0.2810153111945002,0.29145929036606705
scope_20260424_115654,sweep_7314,454,1332.33,0.2807352066796572,0.30395321446382534
scope_20260424_115654,sweep_7315,454,1332.21,0.27444978127521846,0.37711043556867413
scope_20260424_115654,sweep_7316,454,1335.17,0.2747545082352734,0.21895158906159468
scope_20260424_115654,sweep_7317,454,1332.36,0.2744652316578327,0.33555760368377613
scope_20260424_115654,sweep_7318,454,1332.3,0.2744590516091586,0.2140686437856896
scope_20260424_115654,sweep_7319,454,1335.14,0.27475142148169573,0.27716474474863195
scope_20260424_115654,sweep_7320,454,1335.11,0.27474833469343884,0.2677003864421991
scope_20260424_115654,sweep_7321,455,1143.73,0.25429528087003966,0.24225881060776003
scope_20260424_115654,sweep_7322,455,1143.69,0.2542908340599657,0.29645724172015253
scope_20260424_115654,sweep_7323,455,1143.64,0.2542852754380183,0.28497127169631525
scope_20260424_115654,sweep_7324,455,1145.72,0.254516411591227,0.21357231643847974
scope_20260424_115654,sweep_7325,455,1143.71,0.25429305747472286,0.22471247805768013
scope_20260424_115654,sweep_7326,455,1143.64,0.24866568873476405,0.20644311868576523
scope_20260424_115654,sweep_7327,455,1143.71,0.24867329879206507,0.23470871855950903
scope_20260424_115654,sweep_7328,455,1143.75,0.24867764729167707,0.23903909983800664
scope_20260424_115654,sweep_7329,455,1143.77,0.24867982151296833,0.23786649507136284
scope_20260424_115654,sweep_7330,455,1143.66,0.24866786306061464,0.27306947156013667
scope_20260424_115654,sweep_7331,456,934.13,0.2147381819311285,0.19757196353163406
scope_20260424_115654,sweep_7332,457,955.78,0.21886095269060435,0.17495651649066477
scope_20260424_115654,sweep_7333,457,955.7,0.2188457478624492,0.26224730610392577
scope_20260424_115654,sweep_7334,457,955.69,0.21884384724371655,0.2156606982845157
scope_20260424_115654,sweep_7335,457,955.69,0.21884384724371655,0.20575137413945804
scope_20260424_115654,sweep_7336,457,955.66,0.21405480060238524,0.16306127559784112
scope_20260424_115654,sweep_7337,457,954.2,0.21378333866874205,0.18861805511129426
scope_20260424_115654,sweep_7338,457,955.69,0.2140603778477582,0.22201057829951495
scope_20260424_115654,sweep_7339,457,955.73,0.2140678141286249,0.21603440539881494
scope_20260424_115654,sweep_7340,457,955.73,0.2140678141286249,0.22560551949044352
scope_20260424_115654,sweep_7341,457,955.66,0.21405480060238524,0.1897843637795001
scope_20260424_115654,sweep_7342,458,770.9,0.17909419983049574,0.2058648392087754
scope_20260424_115654,sweep_7343,458,770.91,0.1790961280705004,0.16630339433525138
scope_20260424_115654,sweep_7344,458,771.92,0.17929085841935685,0.16372059779450562
scope_20260424_115654,sweep_7345,458,773.82,0.1757728486299,0.1719528193197346
scope_20260424_115654,sweep_7346,458,775.78,0.17614229600488068,0.17039629021911143
scope_20260424_115654,sweep_7347,458,776.73,0.1763213077744482,0.15458863768609477
scope_20260424_115654,sweep_7348,458,778.66,0.17668486976603273,0.16477048361499314
scope_20260424_115654,sweep_7349,458,779.61,0.17686376887357633,0.21399913129677398
scope_20260424_115654,sweep_7350,458,780.6,0.17705016114669328,0.18136427545977993
scope_20260424_115654,sweep_7351,458,780.65,0.17705957383140306,0.1680322438371641
scope_20260424_115654,sweep_7352,458,781.65,0.17724780601329213,0.14073324509245674
scope_20260424_115654,sweep_7353,459,596.47,0.1416182341503008,0.20221861631308186
scope_20260424_115654,sweep_7354,459,604.02,0.1400440120959889,0.16391860075030434
scope_20260424_115654,sweep_7355,459,607.56,0.14072490478313573,0.1617009567421002
scope_20260424_115654,sweep_7356,459,612.36,0.14164707325862408,0.14989177011185542
scope_20260424_115654,sweep_7357,459,619.05,0.1429302994905042,0.1767512260340955
scope_20260424_115654,sweep_7358,459,622.78,0.14364473583194715,0.17684438438950814
scope_20260424_115654,sweep_7359,459,626.55,0.14436609491361482,0.14527336470530772
scope_20260424_115654,sweep_7360,459,632.26,0.14545725460502115,0.169148033046887
scope_20260424_115654,sweep_7361,459,635.53,0.14608138444207974,0.21192013285298233
scope_20260424_115654,sweep_7362,459,640.01,0.14382700144868593,0.17740557179021452
scope_20260424_115654,sweep_7363,460,428.48,0.10308791989778435,0.12699206006157981
scope_20260424_115654,sweep_7364,461,462.21,0.10977970655588923,0.10345170463510786
scope_20260424_115654,sweep_7365,461,470.26,0.11136429919076972,0.1463656134766296
scope_20260424_115654,sweep_7366,461,478.93,0.11306578710928758,0.14363937917899985
scope_20260424_115654,sweep_7367,461,486.06,0.11446112711132617,0.12352370724451174
scope_20260424_115654,sweep_7368,461,493.0,0.11581594592491982,0.2163905681627172
scope_20260424_115654,sweep_7369,461,498.48,0.11688345440257296,0.1661145216912626
scope_20260424_115654,sweep_7370,461,503.36,0.11783240378690565,0.1583690612320066
scope_20260424_115654,sweep_7371,461,509.98,0.11911721355417486,0.11282457574165121
scope_20260424_115654,sweep_7372,461,515.85,0.12025409286362705,0.1744902894961016
scope_20260424_115654,sweep_7373,461,519.76,0.12101014580940965,0.11220373842403042
scope_20260424_115654,sweep_7374,462,364.04,0.09004491103898683,0.12079242010009013
scope_20260424_115654,sweep_7375,462,364.89,0.09021938111986019,0.09575110546417838
scope_20260424_115654,sweep_7376,462,364.69,0.09017833555775343,0.09844817567641895
scope_20260424_115654,sweep_7377,462,364.89,0.09021938111986019,0.10546525872281935
scope_20260424_115654,sweep_7378,462,367.27,0.09070753044889608,0.12047354676168776
scope_20260424_115654,sweep_7379,462,374.79,0.0942401535645743,0.09022320478209003
scope_20260424_115654,sweep_7380,462,383.57,0.0960689390487469,0.0988061071206744
scope_20260424_115654,sweep_7381,462,390.81,0.09757160610107513,0.10381751177024066
scope_20260424_115654,sweep_7382,462,395.28,0.09849699192807751,0.10449698603226365
scope_20260424_115654,sweep_7383,462,401.9,0.0998642154970966,0.13050591245430632
scope_20260424_115654,sweep_7384,462,364.68,0.09413855932973765,0.1018547927545196
scope_20260424_115654,sweep_7385,462,364.69,0.09414070188820337,0.10345599646256853
scope_20260424_115654,sweep_7386,462,364.26,0.0940485628512199,0.08041171332733475
scope_20260424_115654,sweep_7387,462,364.91,0.09418783564817924,0.10390736731931499
scope_20260424_115654,sweep_7388,462,364.89,0.09626481289790936,0.10349697174763776
scope_20260424_115654,sweep_7389,462,364.68,0.09621882704496816,0.08039504691617445
scope_20260424_115654,sweep_7390,462,364.89,0.09626481289790936,0.0971641570893873
scope_20260424_115654,sweep_7391,462,364.69,0.09622101694955046,0.10800876724871183
scope_20260424_115654,sweep_7392,462,364.69,0.09622101694955046,0.10900127145681181
scope_20260424_115654,sweep_7393,462,364.68,0.09621882704496816,0.09182049173483058
scope_20260424_115654,sweep_7394,462,364.47,0.09617283669006525,0.10773438044049168
scope_20260424_115654,sweep_7395,462,364.89,0.09626481289790936,0.10198023000781245
scope_20260424_115654,sweep_7396,462,364.89,0.09626481289790936,0.11662237748538822
scope_20260424_115654,sweep_7397,462,364.46,0.09617064656081964,0.10530097882053895
scope_20260424_115654,sweep_7398,462,364.68,0.09621882704496816,0.10412297593188083
scope_20260424_115654,sweep_7399,462,364.25,0.09612465148632049,0.15059267758776698
scope_20260424_115654,sweep_7400,462,364.69,0.09622101694955046,0.10862525762017923
scope_20260424_115654,sweep_7401,462,365.12,0.09631517319396472,0.10876568723028927
scope_20260424_115654,sweep_7402,462,364.48,0.09617502680909548,0.12963661352439398
scope_20260424_115654,sweep_7403,462,364.48,0.09617502680909548,0.11102943174084916
scope_20260424_115654,sweep_7404,462,364.89,0.09626481289790936,0.10176695087847888
scope_20260424_115654,sweep_7405,462,364.46,0.09617064656081964,0.11678030131149272
scope_20260424_115654,sweep_7406,462,364.69,0.09622101694955046,0.10227176513727378
scope_20260424_115654,sweep_7407,462,364.68,0.09413855932973765,0.10288020687359059
scope_20260424_115654,sweep_7408,462,364.05,0.0940035579975909,0.10759845471694064
scope_20260424_115654,sweep_7409,462,364.48,0.09409570606255502,0.1033439144058678
scope_20260424_115654,sweep_7410,462,364.26,0.0940485628512199,0.11610985786961084
scope_20260424_115654,sweep_7411,462,364.04,0.09400141479925794,0.08850057961685685
scope_20260424_115654,sweep_7412,462,364.46,0.09409142051600598,0.11656531881591523
scope_20260424_115654,sweep_7413,462,364.46,0.09207915863746603,0.11128756283807197
scope_20260424_115654,sweep_7414,462,363.81,0.0919428357432514,0.12847157737517967
scope_20260424_115654,sweep_7415,462,364.47,0.09208125558976339,0.10878190902408527
scope_20260424_115654,sweep_7416,462,364.47,0.09208125558976339,0.10548996890288118
scope_20260424_115654,sweep_7417,462,363.83,0.09194703091089845,0.11559674599379803
scope_20260424_115654,sweep_7418,462,364.46,0.09207915863746603,0.13601847668619907
scope_20260424_115654,sweep_7419,462,364.68,0.09212528932912502,0.11747700840737951
scope_20260424_115654,sweep_7420,462,364.27,0.09009212741799723,0.10708962616797443
scope_20260424_115654,sweep_7421,462,364.49,0.09013728616879581,0.09095098154081814
scope_20260424_115654,sweep_7422,462,364.69,0.09017833555775343,0.08950200687781844
scope_20260424_115654,sweep_7423,462,364.68,0.09017628317921367,0.09649516747782688
scope_20260424_115654,sweep_7424,462,365.31,0.09030556435479785,0.10167791120225048
scope_20260424_115654,sweep_7425,462,364.68,0.09017628317921367,0.09874543496920259
scope_20260424_115654,sweep_7426,462,364.67,0.09017423079110648,0.10885785382960202
scope_20260424_115654,sweep_7427,463,152.52,0.043738779158565166,0.1087156857865862
scope_20260424_115654,sweep_7428,463,152.52,0.043738779158565166,0.11364859406292434
scope_20260424_115654,sweep_7429,463,152.52,0.042823349008199785,0.10622050880875294
scope_20260424_115654,sweep_7430,463,152.52,0.042823349008199785,0.1134825969820499
scope_20260424_115654,sweep_7431,463,152.52,0.042823349008199785,0.1049077625301489
scope_20260424_115654,sweep_7432,463,152.52,0.042823349008199785,0.08638501838462402
scope_20260424_115654,sweep_7433,463,152.52,0.042823349008199785,0.11001427477457454
scope_20260424_115654,sweep_7434,463,152.52,0.042823349008199785,0.08734992757101576
scope_20260424_115654,sweep_7435,463,152.52,0.042823349008199785,0.11289689145313965
scope_20260424_115654,sweep_7436,463,152.52,0.042823349008199785,0.11104908066735887
scope_20260424_115654,sweep_7437,463,152.52,0.042823349008199785,0.09466518165714986
scope_20260424_115654,sweep_7438,463,152.52,0.042823349008199785,0.07975221588540768
scope_20260424_115654,sweep_7439,463,152.52,0.042823349008199785,0.11543190806794024
scope_20260424_115654,sweep_7440,463,152.52,0.042823349008199785,0.1054170528574568
scope_20260424_115654,sweep_7441,463,152.52,0.042823349008199785,0.11432638867018814
scope_20260424_115654,sweep_7442,463,152.52,0.042823349008199785,0.13954164584967238
scope_20260424_115654,sweep_7443,463,152.52,0.042823349008199785,0.12282617647504504
scope_20260424_115654,sweep_7444,463,152.52,0.042823349008199785,0.11056946234921744
scope_20260424_115654,sweep_7445,463,152.52,0.042823349008199785,0.10936840334181232
scope_20260424_115654,sweep_7446,463,152.52,0.042823349008199785,0.11645552893474995
scope_20260424_115654,sweep_7447,463,152.52,0.042823349008199785,0.08541060919759114
scope_20260424_115654,sweep_7448,463,152.52,0.042823349008199785,0.08826621561036121
scope_20260424_115654,sweep_7449,463,152.52,0.04193662695698206,0.07876840808246191
scope_20260424_115654,sweep_7450,463,152.52,0.04193662695698206,0.11577028754455519
scope_20260424_115654,sweep_7451,463,152.52,0.04193662695698206,0.08413684060402898
scope_20260424_115654,sweep_7452,463,152.52,0.04193662695698206,0.12248180423404792
scope_20260424_115654,sweep_7453,463,152.52,0.04193662695698206,0.11109520489938755
scope_20260424_115654,sweep_7454,463,152.52,0.04193662695698206,0.07967663651430469
scope_20260424_115654,sweep_7455,463,152.52,0.04193662695698206,0.10830612906663464
scope_20260424_115654,sweep_7456,463,152.52,0.04193662695698206,0.095404916526854
scope_20260424_115654,sweep_7457,463,152.52,0.04107746984432304,0.09063754704359546
scope_20260424_115654,sweep_7458,463,152.52,0.04107746984432304,0.11177972124114438
scope_20260424_115654,sweep_7459,463,152.52,0.04107746984432304,0.08353140669382389
scope_20260424_115654,sweep_7460,463,152.52,0.04107746984432304,0.11153115392590847
scope_20260424_115654,sweep_7461,463,152.52,0.04107746984432304,0.11399001824392507
scope_20260424_115654,sweep_7462,463,152.52,0.04107746984432304,0.1155729376558472
scope_20260424_115654,sweep_7463,463,152.52,0.04107746984432304,0.08575032425142201
scope_20260424_115654,sweep_7464,463,152.52,0.040244788847392875,0.12331358922703592
scope_20260424_115654,sweep_7465,463,152.52,0.040244788847392875,0.11487665044222505
scope_20260424_115654,sweep_7466,463,152.52,0.040244788847392875,0.1228033400682338
scope_20260424_115654,sweep_7467,463,152.52,0.040244788847392875,0.11700019461834825
scope_20260424_115654,sweep_7468,463,152.52,0.040244788847392875,0.10477218989875095
scope_20260424_115654,sweep_7469,463,152.52,0.040244788847392875,0.07768554995702595
scope_20260424_115654,sweep_7470,463,152.52,0.040244788847392875,0.11407995750727705
scope_20260424_115654,sweep_7471,463,152.52,0.040244788847392875,0.08422905091485386
scope_20260424_115654,sweep_7472,463,152.52,0.039437546510973726,0.08214302650810722
scope_20260424_115654,sweep_7473,463,152.52,0.039437546510973726,0.11188974878754342
scope_20260424_115654,sweep_7474,463,152.52,0.039437546510973726,0.11399607424881572
scope_20260424_115654,sweep_7475,463,152.52,0.039437546510973726,0.11292502150954084
scope_20260424_115654,sweep_7476,463,152.52,0.039437546510973726,0.11343664821806768
scope_20260424_115654,sweep_7477,463,152.52,0.039437546510973726,0.08565159349777203
scope_20260424_115654,sweep_7478,463,152.52,0.039437546510973726,0.10913072211860836
scope_20260424_115654,sweep_7479,464,364.7,0.08131212877123618,0.09489749640853028
scope_20260424_115654,sweep_7480,464,364.89,0.08134728740843233,0.1347787587180955
scope_20260424_115654,sweep_7481,464,365.96,0.08154522799142741,0.11474865264316535
scope_20260424_115654,sweep_7482,464,365.77,0.08151008685558338,0.12216743009071966
scope_20260424_115654,sweep_7483,464,365.76,0.08150823723616929,0.11489763741716498
scope_20260424_115654,sweep_7484,464,365.76,0.08150823723616929,0.07631393937489761
scope_20260424_115654,sweep_7485,464,365.74,0.0815045379715505,0.13732570511813993
scope_20260424_115654,sweep_7486,464,366.2,0.0815896123617296,0.11302865017953752
scope_20260424_115654,sweep_7487,464,365.98,0.08321814193029732,0.09208188939138535
scope_20260424_115654,sweep_7488,464,366.19,0.08325777309824604,0.12654496730240053
scope_20260424_115654,sweep_7489,464,365.53,0.08313320497727106,0.13222943280237656
scope_20260424_115654,sweep_7490,464,365.98,0.08321814193029732,0.1283059845400576
scope_20260424_115654,sweep_7491,464,366.19,0.08498041017726067,0.0773057250928678
scope_20260424_115654,sweep_7492,464,366.39,0.0850189314185217,0.10246221297254061
scope_20260424_115654,sweep_7493,464,364.9,0.08473186213443189,0.10331928146746043
scope_20260424_115654,sweep_7494,464,365.53,0.08662801581815208,0.0799559556756683
scope_20260424_115654,sweep_7495,464,365.75,0.08667128850886852,0.1291260555628386
scope_20260424_115654,sweep_7496,464,365.75,0.08667128850886852,0.1220891169070401
scope_20260424_115654,sweep_7497,464,365.96,0.08671259013151295,0.10073259065291501
scope_20260424_115654,sweep_7498,464,364.68,0.08828893995523222,0.13740440542113413
scope_20260424_115654,sweep_7499,464,366.61,0.08867658545827081,0.13671051385933067
scope_20260424_115654,sweep_7500,464,365.33,0.08841953300052953,0.1334414967821101
scope_20260424_115654,sweep_7501,464,365.96,0.08854607010754176,0.1340632895233638
scope_20260424_115654,sweep_7502,464,365.33,0.08841953300052953,0.10838975416526404
scope_20260424_115654,sweep_7503,464,366.39,0.08863241543935355,0.13594642610528476
scope_20260424_115654,sweep_7504,464,365.98,0.0885500865517869,0.11073777333991779
scope_20260424_115654,sweep_7505,464,365.54,0.08846171615484114,0.09164346564345283
scope_20260424_115654,sweep_7506,464,365.75,0.08850389518958945,0.1151766021603279
scope_20260424_115654,sweep_7507,464,366.4,0.08863442326528086,0.09002649036287316
scope_20260424_115654,sweep_7508,464,366.18,0.08859024894241133,0.09861888341384174
scope_20260424_115654,sweep_7509,464,365.55,0.08846372477369756,0.1286009451437441
scope_20260424_115654,sweep_7510,464,365.33,0.08841953300052953,0.12632034299830958
scope_20260424_115654,sweep_7511,464,364.46,0.08824473027192341,0.10533326523107957
scope_20260424_115654,sweep_7512,464,365.12,0.08837734572388391,0.11843567623286927
scope_20260424_115654,sweep_7513,464,366.19,0.08859225696403844,0.07864171889773404
scope_20260424_115654,sweep_7514,464,366.19,0.08859225696403844,0.10778732285623212
scope_20260424_115654,sweep_7515,464,366.4,0.08863442326528086,0.1136461369229886
scope_20260424_115654,sweep_7516,464,365.98,0.0885500865517869,0.09411776397865664
scope_20260424_115654,sweep_7517,464,365.97,0.08854807833432862,0.09452967619816513
scope_20260424_115654,sweep_7518,464,366.17,0.08858824091146189,0.11395848371677324
scope_20260424_115654,sweep_7519,464,365.76,0.08850590361234525,0.1015990723084371
scope_20260424_115654,sweep_7520,464,365.77,0.08667522217039178,0.1183631258490167
scope_20260424_115654,sweep_7521,464,365.97,0.08671455677493425,0.11043350421078135
scope_20260424_115654,sweep_7522,464,365.75,0.08667128850886852,0.11183591450433919
scope_20260424_115654,sweep_7523,464,366.17,0.08675388772531242,0.12717681031923997
scope_20260424_115654,sweep_7524,464,365.55,0.08663194988204502,0.10556628693724912
scope_20260424_115654,sweep_7525,464,365.11,0.08654539201978229,0.09214879564673396
scope_20260424_115654,sweep_7526,464,365.76,0.08667325534420094,0.08380968318488234
scope_20260424_115654,sweep_7527,464,365.54,0.08662998285467255,0.11951896749706091
scope_20260424_115654,sweep_7528,464,365.97,0.08671455677493425,0.10483232961663441
scope_20260424_115654,sweep_7529,464,365.54,0.08662998285467255,0.1082248455009334
scope_20260424_115654,sweep_7530,464,365.54,0.08485519142913733,0.11065447572361221
scope_20260424_115654,sweep_7531,464,365.74,0.08489372430331707,0.0788530817529237
scope_20260424_115654,sweep_7532,465,519.78,0.11365084866694898,0.17072522271795704
scope_20260424_115654,sweep_7533,465,509.53,0.11178752596012353,0.192681085063713
scope_20260424_115654,sweep_7534,465,514.63,0.11271543123033548,0.16609025009742368
scope_20260424_115654,sweep_7535,465,520.23,0.11373250911808076,0.15145266694204434
scope_20260424_115654,sweep_7536,465,524.14,0.11444154358822121,0.15578208180742711
scope_20260424_115654,sweep_7537,465,526.4,0.1148509588246177,0.17796285075129403
scope_20260424_115654,sweep_7538,465,531.32,0.11574122121846839,0.15179635058489446
scope_20260424_115654,sweep_7539,465,534.49,0.11631408248800514,0.1645421312806117
scope_20260424_115654,sweep_7540,465,539.13,0.1171515525380782,0.15703250929532697
scope_20260424_115654,sweep_7541,465,541.98,0.11766533906987911,0.19196895352215987
scope_20260424_115654,sweep_7542,465,545.72,0.11833887513675775,0.24696945511030616
scope_20260424_115654,sweep_7543,466,733.68,0.15129096363217884,0.2299712763201082
scope_20260424_115654,sweep_7544,466,733.68,0.14822414596056466,0.20714126280848166
scope_20260424_115654,sweep_7545,466,731.97,0.14793735029245345,0.22446987118107467
scope_20260424_115654,sweep_7546,466,729.38,0.14750274682056552,0.17642142437490524
scope_20260424_115654,sweep_7547,466,727.68,0.1472173432642175,0.22050094917413213
scope_20260424_115654,sweep_7548,466,725.12,0.14678734507937288,0.18214952928483966
scope_20260424_115654,sweep_7549,466,724.27,0.14664451520969166,0.202388872029822
scope_20260424_115654,sweep_7550,466,723.46,0.14650838022733992,0.24799633321384953
scope_20260424_115654,sweep_7551,466,722.59,0.14636213230711628,0.2662462978729261
scope_20260424_115654,sweep_7552,466,720.89,0.14607627406817636,0.26895978193706555
scope_20260424_115654,sweep_7553,467,932.75,0.18090625191331297,0.22954270588829762
scope_20260424_115654,sweep_7554,467,903.02,0.1761072471235763,0.2526056148187534
scope_20260424_115654,sweep_7555,467,896.5,0.17505122564107958,0.2473842574324127
scope_20260424_115654,sweep_7556,467,892.58,0.17441568887406736,0.2177299997355643
scope_20260424_115654,sweep_7557,467,887.42,0.17357839092813085,0.2209202128609562
scope_20260424_115654,sweep_7558,467,882.46,0.1727727659118892,0.19960466750590805
scope_20260424_115654,sweep_7559,467,877.51,0.17196799731493448,0.1969711648936874
scope_20260424_115654,sweep_7560,467,871.33,0.17096217157548443,0.2752997762469501
scope_20260424_115654,sweep_7561,467,868.91,0.17056797445963082,0.19547017162721522
scope_20260424_115654,sweep_7562,467,865.31,0.16998121992587162,0.19090464240034952
scope_20260424_115654,sweep_7563,467,860.6,0.16921292222553408,0.21468484401442062
scope_20260424_115654,sweep_7564,468,1042.12,0.20021991715486198,0.23282298001200985
scope_20260424_115654,sweep_7565,468,1035.23,0.19955694025572768,0.30235636503819924
scope_20260424_115654,sweep_7566,468,1029.97,0.1990493205742741,0.22655955874320047
scope_20260424_115654,sweep_7567,468,1021.66,0.1982447098661378,0.2883552613976043
scope_20260424_115654,sweep_7568,468,1014.85,0.19758289295612977,0.23213279921820731
scope_20260424_115654,sweep_7569,468,1009.95,0.1971053210773559,0.23705462858488954
scope_20260424_115654,sweep_7570,468,1003.46,0.19647099500210177,0.2614926606035161
scope_20260424_115654,sweep_7571,468,998.57,0.19143995296762978,0.2312797364022089
scope_20260424_115654,sweep_7572,468,992.24,0.1904321621643285,0.2429412928877746
scope_20260424_115654,sweep_7573,468,986.1,0.1894535762620159,0.29458400987051797
scope_20260424_115654,sweep_7574,468,979.78,0.1884452196743636,0.2877199459283734
scope_20260424_115654,sweep_7577,470,1145.65,0.20992994483921715,0.2377751584689793
scope_20260424_115654,sweep_7578,470,1145.74,0.20993819051808385,0.2154739951786366
scope_20260424_115654,sweep_7579,470,1145.78,0.2099418551602926,0.23472180464374037
scope_20260424_115654,sweep_7580,470,1145.8,0.2142875074643702,0.20871901641892132
scope_20260424_115654,sweep_7581,470,1145.8,0.2142875074643702,0.23226873968017567
scope_20260424_115654,sweep_7582,470,1145.72,0.21428002653408587,0.20998426353576896
scope_20260424_115654,sweep_7583,470,1145.78,0.21428563725628355,0.23695224018628802
scope_20260424_115654,sweep_7584,470,1145.76,0.2142837670318742,0.2709043657231826
scope_20260424_115654,sweep_7585,471,1355.44,0.2330679698466132,0.24412306084021249
scope_20260424_115654,sweep_7586,472,1332.3,0.23106994355941848,0.24868321609412658
scope_20260424_115654,sweep_7587,472,1334.94,0.23129876693014148,0.267725239052981
scope_20260424_115654,sweep_7588,472,1335.05,0.2313082963248171,0.2762407871028078
scope_20260424_115654,sweep_7589,472,1335.11,0.2313134940109901,0.24536828698197394
scope_20260424_115654,sweep_7590,472,1332.3,0.23106994355941848,0.2563231277423522
scope_20260424_115654,sweep_7591,472,1332.33,0.2310725450978422,0.24615272920534803
scope_20260424_115654,sweep_7592,472,1335.08,0.23131089518250297,0.24304622324374223
scope_20260424_115654,sweep_7593,472,1335.23,0.23132388903297108,0.2579949983413252
scope_20260424_115654,sweep_7594,472,1335.08,0.23131089518250297,0.27988629073504695
scope_20260424_115654,sweep_7595,472,1335.02,0.23130569743793145,0.29187025911273246
scope_20260424_115654,sweep_7596,473,1517.53,0.24661022930282128,0.29062786237720406
scope_20260424_115654,sweep_7597,473,1521.22,0.2469098738691778,0.3748574195119559
scope_20260424_115654,sweep_7598,473,1521.22,0.2469098738691778,0.3525408499361901
scope_20260424_115654,sweep_7599,473,1521.34,0.24691961230299075,0.26356643412755165
scope_20260424_115654,sweep_7600,473,1521.18,0.2469066276392177,0.31662814008803586
scope_20260424_115654,sweep_7601,473,1524.97,0.24721401860387995,0.27613178445442305
scope_20260424_115654,sweep_7602,473,1524.86,0.24720510235226542,0.33017670223352685
scope_20260424_115654,sweep_7603,473,1521.53,0.24693503070441158,0.3639563372756146
scope_20260424_115654,sweep_7604,473,1524.89,0.2523780110445293,0.3577993954940568
scope_20260424_115654,sweep_7605,473,1521.22,0.2520741251028687,0.3777434628150999
scope_20260424_115654,sweep_7606,473,1524.93,0.25238132113713935,0.3658936706287792
scope_20260424_115654,sweep_7607,474,1714.24,0.2675888835496997,0.4205458179754761
scope_20260424_115654,sweep_7608,474,1713.84,0.2675576621926972,0.40545840288687013
scope_20260424_115654,sweep_7609,474,1713.89,0.2675615650615586,0.3115695904133698
scope_20260424_115654,sweep_7610,474,1713.89,0.2675615650615586,0.2922781375724915
scope_20260424_115654,sweep_7611,474,1709.4,0.26721086015168005,0.34990988154035335
scope_20260424_115654,sweep_7612,474,1709.21,0.2671960094806019,0.3345912851151913
scope_20260424_115654,sweep_7613,474,1713.99,0.26756937062849506,0.32612021890757587
scope_20260424_115654,sweep_7614,474,1709.26,0.26719991763196166,0.28514758713362626
scope_20260424_115654,sweep_7615,474,1709.35,0.26720695216036494,0.30886415512308896
scope_20260424_115654,sweep_7616,474,1709.3,0.2672030441118933,0.3024221602076061
scope_20260424_115654,sweep_7617,474,1709.4,0.26721086015168005,0.3669386430995875
scope_20260424_115654,sweep_7618,475,1896.93,0.28148671819008747,0.3265572344196107
scope_20260424_115654,sweep_7619,475,1902.65,0.281910796062827,0.2931524138525352
scope_20260424_115654,sweep_7620,475,1902.65,0.281910796062827,0.27504335536360336
scope_20260424_115654,sweep_7621,475,1902.59,0.28190635100432526,0.3091092505128273
scope_20260424_115654,sweep_7622,475,1902.65,0.28787161211991413,0.3174140119141605
scope_20260424_115654,sweep_7623,475,1902.65,0.28787161211991413,0.2989918976138743
scope_20260424_115654,sweep_7624,475,1902.71,0.2878761510946491,0.31399079152026654
scope_20260424_115654,sweep_7625,475,1902.65,0.28787161211991413,0.2996756246009656
scope_20260424_115654,sweep_7626,475,1902.59,0.28786707307361037,0.2916588975499253
scope_20260424_115654,sweep_7627,475,1902.41,0.28785345550525265,0.285853914938869
scope_20260424_115654,sweep_7628,476,2108.89,0.3030723740423422,0.29398658454854526
scope_20260424_115654,sweep_7629,476,2087.83,0.30155529179617596,0.2934474642286533
scope_20260424_115654,sweep_7630,476,2087.76,0.30155023653608265,0.3237953606525661
scope_20260424_115654,sweep_7631,476,2087.61,0.30153940355049785,0.3115661884775226
scope_20260424_115654,sweep_7632,476,2080.8,0.30104717541783516,0.31205651849855215
scope_20260424_115654,sweep_7633,476,2087.68,0.3015444589922014,0.30419952792224303
scope_20260424_115654,sweep_7634,476,2087.61,0.30153940355049785,0.3158427120543233
scope_20260424_115654,sweep_7635,476,2087.76,0.30155023653608265,0.3503288891133961
scope_20260424_115654,sweep_7636,476,2087.76,0.30799644368167706,0.37858808062016247
scope_20260424_115654,sweep_7637,476,2087.83,0.3080016070075246,0.32719326554998607
scope_20260424_115654,sweep_7638,476,2087.76,0.30799644368167706,0.36636819584835795
scope_20260424_115654,sweep_7639,477,2278.94,0.32178949427297626,0.3362556853703631
scope_20260424_115654,sweep_7640,477,2270.75,0.3212107541499381,0.3889373653848364
scope_20260424_115654,sweep_7641,477,2270.66,0.3212043885759367,0.2949104064933143
scope_20260424_115654,sweep_7642,477,2270.75,0.3212107541499381,0.35688032059626357
scope_20260424_115654,sweep_7643,477,2270.75,0.3212107541499381,0.3484183929108798
scope_20260424_115654,sweep_7644,477,2270.58,0.3211987301820284,0.36257233135608713
scope_20260424_115654,sweep_7645,477,2278.94,0.32178949427297626,0.3272017394810746
scope_20260424_115654,sweep_7646,477,2278.86,0.3217838461678335,0.32872299306730024
scope_20260424_115654,sweep_7647,477,2270.58,0.3211987301820284,0.35739877366365597
scope_20260424_115654,sweep_7648,477,2270.66,0.32814667214143767,0.3331436106143913
scope_20260424_115654,sweep_7660,479,2647.49,0.36207438076584797,0.3830507037218927
scope_20260424_115654,sweep_7661,479,2647.6,0.36208190256351086,0.4483574223897837
scope_20260424_115654,sweep_7662,479,2647.6,0.36208190256351086,0.3753543920419701
scope_20260424_115654,sweep_7663,479,2647.49,0.36207438076584797,0.41390984506745226
scope_20260424_115654,sweep_7664,479,2647.25,0.36205796902853504,0.3857124354253699
scope_20260424_115654,sweep_7665,479,2647.49,0.36207438076584797,0.3937234905517166
scope_20260424_115654,sweep_7666,479,2647.6,0.36208190256351086,0.3522512760184086
scope_20260424_115654,sweep_7667,479,2647.84,0.36209831321606073,0.3710789238572357
scope_20260424_115654,sweep_7668,479,2647.6,0.36208190256351086,0.37852720968143627
scope_20260424_115654,sweep_7669,479,2647.72,0.370091551461432,0.3295678658496894
scope_20260424_115654,sweep_7670,480,2854.15,0.38424793296601495,0.4327557084928736
scope_20260424_115654,sweep_7671,481,2840.91,0.3833556609516867,0.39526456612877675
scope_20260424_115654,sweep_7672,481,2840.91,0.3833556609516867,0.4334599436934558
scope_20260424_115654,sweep_7673,481,2840.91,0.3833556609516867,0.42894474646992947
scope_20260424_115654,sweep_7674,481,2840.77,0.38334621495484733,0.4319674116448384
scope_20260424_115654,sweep_7675,481,2841.04,0.3833644320260625,0.390940812817563
scope_20260424_115654,sweep_7676,481,2840.91,0.3833556609516867,0.4069681958511903
scope_20260424_115654,sweep_7677,481,2840.91,0.3833556609516867,0.43336852830230616
scope_20260424_115654,sweep_7678,481,2840.64,0.38333744346365,0.44398601479209593
scope_20260424_115654,sweep_7679,481,2840.91,0.3919222630027864,0.4312746439305592
scope_20260424_115654,sweep_7680,481,2841.18,0.391940886700276,0.4567686964217447
scope_20260424_115654,sweep_7904,483,2840.91,0.4498890984898675,0.5055825651421232
scope_20260424_115654,sweep_7905,483,2828.05,0.44886968286532025,0.47569389645902127
scope_20260424_115654,sweep_7906,483,2840.77,0.4498780130894541,0.42918579543293545
scope_20260424_115654,sweep_7907,483,2828.19,0.44888079316709883,0.4572852607168485
scope_20260424_115654,sweep_7908,483,2840.91,0.4498890984898675,0.447127677269126
scope_20260424_115654,sweep_7909,483,2840.77,0.4498780130894541,0.4516438232149931
scope_20260424_115654,sweep_7910,483,2841.04,0.44989939183139255,0.407238501499361
scope_20260424_115654,sweep_7911,483,2827.92,0.44885936591028375,0.4522448641851903
scope_20260424_115654,sweep_7912,483,2841.04,0.44989939183139255,0.4609422757986442
scope_20260424_115654,sweep_7913,483,2828.05,0.44886968286532025,0.45944422272783914
scope_20260424_115654,sweep_7914,484,2625.25,0.43247605371268194,0.4523345675875035
scope_20260424_115654,sweep_7915,484,2647.49,0.4343040668159973,0.42933846422655264
scope_20260424_115654,sweep_7916,484,2647.49,0.4343040668159973,0.4387803193053031
scope_20260424_115654,sweep_7917,484,2647.37,0.4342942240822025,0.4367361101520776
scope_20260424_115654,sweep_7918,484,2647.6,0.4343130891260206,0.44080812474726405
scope_20260424_115654,sweep_7919,484,2647.72,0.4343229314322911,0.4315740803685039
scope_20260424_115654,sweep_7920,484,2647.6,0.4343130891260206,0.38906081080230115
scope_20260424_115654,sweep_7921,484,2647.72,0.4343229314322911,0.4398543836798631
scope_20260424_115654,sweep_7922,484,2647.49,0.4343040668159973,0.4429195135224132
scope_20260424_115654,sweep_7923,484,2647.49,0.4343040668159973,0.4240746559759983
scope_20260424_115654,sweep_7924,484,2647.6,0.4343130891260206,0.421223705203018
scope_20260424_115654,sweep_7925,485,2459.62,0.41861109979529726,0.3932938404990943
scope_20260424_115654,sweep_7926,485,2459.22,0.41857705973052955,0.43886119078892705
scope_20260424_115654,sweep_7927,485,2459.12,0.4185685492817898,0.42859842779726315
scope_20260424_115654,sweep_7928,485,2459.22,0.41857705973052955,0.44973700528772315
scope_20260424_115654,sweep_7929,485,2459.22,0.41857705973052955,0.42587647352447106
scope_20260424_115654,sweep_7930,485,2459.12,0.4185685492817898,0.42915136770751966
scope_20260424_115654,sweep_7931,485,2459.12,0.4185685492817898,0.4335252036522216
scope_20260424_115654,sweep_7932,485,2458.92,0.41855152786517885,0.4631320030911928
scope_20260424_115654,sweep_7933,485,2459.32,0.41858557000623975,0.45393269401006925
scope_20260424_115654,sweep_7934,485,2459.32,0.4088036746003814,0.46059358618849894
scope_20260424_115654,sweep_7935,485,2459.12,0.4087870516319896,0.42983496982648645
scope_20260424_115654,sweep_7936,486,2270.66,0.3928107140408861,0.4332870122751907
scope_20260424_115654,sweep_7937,486,2270.66,0.3928107140408861,0.4103435373855579
scope_20260424_115654,sweep_7938,486,2271.01,0.39284098683654456,0.4290405557955141
scope_20260424_115654,sweep_7939,486,2270.66,0.3928107140408861,0.42441151827301105
scope_20260424_115654,sweep_7940,486,2270.58,0.39280379421715234,0.35224045588108877
scope_20260424_115654,sweep_7941,486,2271.01,0.39284098683654456,0.31772522570671047
scope_20260424_115654,sweep_7942,486,2270.83,0.3928254182615866,0.36475710302011916
scope_20260424_115654,sweep_7943,486,2270.83,0.3928254182615866,0.47386892656851354
scope_20260424_115654,sweep_7944,486,2270.66,0.3928107140408861,0.414294753653078
scope_20260424_115654,sweep_7945,486,2270.66,0.3928107140408861,0.41853093215656406
scope_20260424_115654,sweep_7946,487,2060.51,0.3741921163481802,0.44040700172030733
scope_20260424_115654,sweep_7947,487,2080.95,0.37604350565280237,0.48479194901314143
scope_20260424_115654,sweep_7948,487,2081.02,0.3760498303660422,0.3472317977474234
scope_20260424_115654,sweep_7949,487,2080.8,0.3760299523376423,0.4244192869183661
scope_20260424_115654,sweep_7950,487,2081.09,0.37605615497290945,0.43770130566648807
scope_20260424_115654,sweep_7951,487,2080.88,0.3760371808331848,0.3549396393659703
scope_20260424_115654,sweep_7952,487,2087.68,0.37665109591259094,0.3743511648046485
scope_20260424_115654,sweep_7953,487,2080.8,0.3760299523376423,0.41354886637002886
scope_20260424_115654,sweep_7954,487,2087.76,0.36795502396632424,0.436208112602711
scope_20260424_115654,sweep_7955,487,2081.02,0.36736060179049096,0.40770897211320795
scope_20260424_115654,sweep_7956,487,2087.68,0.36794797414165253,0.3720159670684116
scope_20260424_115654,sweep_7957,488,1896.81,0.35072471102573516,0.37073233655571897
scope_20260424_115654,sweep_7958,488,1896.93,0.3507358049939491,0.35981926810606785
scope_20260424_115654,sweep_7959,488,1896.93,0.3507358049939491,0.37412955269904913
scope_20260424_115654,sweep_7960,488,1896.93,0.3507358049939491,0.3312073167642997
scope_20260424_115654,sweep_7961,488,1896.99,0.3507413518464675,0.3710401424539698
scope_20260424_115654,sweep_7962,488,1896.87,0.3507302580537064,0.4285676595648809
scope_20260424_115654,sweep_7963,488,1896.93,0.3507358049939491,0.35912236959555555
scope_20260424_115654,sweep_7964,488,1896.87,0.3507302580537064,0.3441410439311772
scope_20260424_115654,sweep_7965,488,1896.81,0.35072471102573516,0.38277464221585056
scope_20260424_115654,sweep_7966,488,1896.87,0.3507302580537064,0.33244501911689917
scope_20260424_115654,sweep_7967,489,1686.15,0.33067590759139365,0.3175081917728173
scope_20260424_115654,sweep_7968,489,1709.3,0.33293817689164007,0.30694973583766094
scope_20260424_115654,sweep_7969,489,1709.4,0.3253405321342194,0.30792496020534327
scope_20260424_115654,sweep_7970,489,1713.84,0.3257627782978136,0.3026523166739916
scope_20260424_115654,sweep_7971,489,1709.35,0.3253357739893845,0.3699319751394412
scope_20260424_115654,sweep_7972,489,1709.3,0.32533101577495926,0.240628208892898
scope_20260424_115654,sweep_7973,489,1709.26,0.32532720915331187,0.29025375874407844
scope_20260424_115654,sweep_7974,489,1709.3,0.32533101577495926,0.2895158601531507
scope_20260424_115654,sweep_7975,489,1709.35,0.3253357739893845,0.3103493496253227
scope_20260424_115654,sweep_7976,489,1709.4,0.3253405321342194,0.29749315676432014
scope_20260424_115654,sweep_7977,489,1709.26,0.32532720915331187,0.31322990100102927
scope_20260424_115654,sweep_7978,490,1525.01,0.307293000909825,0.2515880038698742
scope_20260424_115654,sweep_7979,490,1521.22,0.3069109165386572,0.28710270569563534
scope_20260424_115654,sweep_7980,490,1521.26,0.306914951574997,0.25109216713101246
scope_20260424_115654,sweep_7981,490,1521.3,0.30691898655828836,0.29059404515144616
scope_20260424_115654,sweep_7982,490,1521.26,0.2999802757251766,0.2745958074075184
scope_20260424_115654,sweep_7983,490,1521.26,0.2999802757251766,0.3089013984843496
scope_20260424_115654,sweep_7984,490,1521.22,0.29997633185959577,0.28140262959516765
scope_20260424_115654,sweep_7985,490,1521.22,0.29997633185959577,0.22960081388184173
scope_20260424_115654,sweep_7986,490,1521.22,0.29997633185959577,0.23720516028240424
scope_20260424_115654,sweep_7987,490,1521.22,0.29997633185959577,0.2845839140033023
scope_20260424_115654,sweep_7988,490,1521.38,0.29999210701082923,0.23802549517331617
scope_20260424_115654,sweep_7999,492,1121.03,0.2517590909929431,0.1965245191010543
scope_20260424_115654,sweep_8000,492,1143.71,0.25429305747472286,0.2241292179517463
scope_20260424_115654,sweep_8001,492,1143.73,0.25429528087003966,0.24838042488472248
scope_20260424_115654,sweep_8002,492,1143.62,0.25428305195521617,0.26304013095028694
scope_20260424_115654,sweep_8003,492,1143.64,0.2542852754380183,0.17731855784115153
scope_20260424_115654,sweep_8004,492,1143.73,0.25429528087003966,0.2650107931064989
scope_20260424_115654,sweep_8005,492,1143.79,0.2543019509393536,0.23720458458600546
scope_20260424_115654,sweep_8006,492,1143.69,0.24867112451374335,0.22794839790978508
scope_20260424_115654,sweep_8007,492,1145.69,0.2488884583236695,0.2903946811740161
scope_20260424_115654,sweep_8008,492,1143.77,0.24867982151296833,0.21097168070413708
scope_20260424_115654,sweep_8009,492,1143.69,0.24867112451374335,0.27058643714232095
scope_20260424_115654,sweep_8010,493,958.7,0.21941578102418552,0.18810972836295162
scope_20260424_115654,sweep_8011,493,955.75,0.21885525090540098,0.15641956755393505
scope_20260424_115654,sweep_8012,493,955.7,0.2188457478624492,0.2514041828933348
scope_20260424_115654,sweep_8013,493,955.72,0.21884954908977208,0.19509408930752914
scope_20260424_115654,sweep_8014,493,955.67,0.21884004599610865,0.242035421722699
scope_20260424_115654,sweep_8015,493,954.17,0.21855491385946121,0.19722041197479295
scope_20260424_115654,sweep_8016,493,955.69,0.2140603778477582,0.14968839149600832
scope_20260424_115654,sweep_8017,493,955.7,0.21406223692293522,0.2126280188440291
scope_20260424_115654,sweep_8018,493,954.24,0.21379077692230952,0.17700833013849762
scope_20260424_115654,sweep_8019,493,955.63,0.21404922332724846,0.15464416718586146
scope_20260424_115654,sweep_8020,493,955.69,0.2140603778477582,0.149259186315413
scope_20260424_115654,sweep_8021,494,766.2,0.17818745525447177,0.14146274366312664
scope_20260424_115654,sweep_8022,494,758.7,0.1767385602522122,0.16733185462786196
scope_20260424_115654,sweep_8023,494,770.88,0.1790903433377298,0.18572159280243877
scope_20260424_115654,sweep_8024,495,1737.97,0.29336058987519115,0.15254658651135133
scope_20260424_115654,sweep_8025,496,1280.38,0.25179672274496057,0.18903371187772192
scope_20260424_115654,sweep_8026,497,1695.35,0.28974124219384434,0.2171901285709178
scope_20260424_115654,sweep_8027,498,1388.82,0.2622428242494375,0.16599114686678926
scope_20260424_115654,sweep_8028,499,948.35,0.20809642087968572,0.1791837842852645
scope_20260424_115654,sweep_8030,501,1129.2,0.23646456373216532,0.16963655953324983
scope_20260424_115654,sweep_8032,503,987.61,0.21061916994032648,0.15931552373832453
scope_20260424_115654,sweep_8033,504,583.08,0.13600231784315325,0.15191627824318157
scope_20260424_115654,sweep_8034,504,580.37,0.13547746518980333,0.17847328006049723
scope_20260424_115654,sweep_8035,504,598.23,0.13892888357093167,0.13735853867595307
scope_20260424_115654,sweep_8036,504,601.12,0.13948571309955088,0.17182856674564323
scope_20260424_115654,sweep_8037,505,1069.73,0.22523145235702527,0.13127349433297023
scope_20260424_115654,sweep_8038,506,1358.54,0.2538213587002787,0.12936039692569798
scope_20260424_115654,sweep_8040,508,488.74,0.11498470086984966,0.16194868438248303
scope_20260424_115654,sweep_8041,509,1272.53,0.24045811067257258,0.13894811153454814
scope_20260424_115654,sweep_8042,510,1036.99,0.2170664480710225,0.13034534553966415
scope_20260424_115654,sweep_8043,511,398.05,0.09697362872101357,0.17899791221919764
scope_20260424_115654,sweep_8044,511,410.11,0.09940602635123874,0.12370504794793362
scope_20260424_115654,sweep_8045,512,890.17,0.18913328567808954,0.10128959415296312
scope_20260424_115654,sweep_8047,514,1259.31,0.23419936500272825,0.1161422197389057
scope_20260424_115654,sweep_8048,515,398.83,0.095098414543567,0.11834371309024931
scope_20260424_115654,sweep_8049,515,412.01,0.09769960897292379,0.09894721047641966
scope_20260424_115654,sweep_8050,515,420.95,0.09945593707869782,0.12029229177598727
scope_20260424_115654,sweep_8051,515,430.26,0.10127822812044687,0.10686475607925387
scope_20260424_115654,sweep_8052,515,364.47,0.08824673990138367,0.09390411924321339
scope_20260424_115654,sweep_8053,515,364.06,0.08816433740378077,0.14118002320265693
scope_20260424_115654,sweep_8054,515,364.7,0.0882929587924905,0.08760535662911927
scope_20260424_115654,sweep_8055,515,364.27,0.08638009592340405,0.11520631348208386
scope_20260424_115654,sweep_8056,515,364.06,0.08633876177932498,0.08851547705345911
scope_20260424_115654,sweep_8057,516,855.91,0.17552847457072843,0.1381947520944984
scope_20260424_115654,sweep_8058,517,365.33,0.08658867316621507,0.09943164628586881
scope_20260424_115654,sweep_8059,517,364.04,0.08633482498281286,0.0944569522658579
scope_20260424_115654,sweep_8061,519,364.47,0.08641945800888971,0.10805600727447821
scope_20260424_115654,sweep_8062,519,363.61,0.08625017496053516,0.11094588067935734
scope_20260424_115654,sweep_8063,519,363.85,0.08452944530946677,0.12495407238898175
scope_20260424_115654,sweep_8064,519,364.69,0.08469138669956372,0.09924618371832501
scope_20260424_115654,sweep_8065,519,364.06,0.08456993660993377,0.12442075263844944
scope_20260424_115654,sweep_8066,519,364.48,0.08465090730230602,0.12452291925213964
scope_20260424_115654,sweep_8067,519,364.25,0.08460656817477956,0.1133930760817927
scope_20260424_115654,sweep_8068,519,363.84,0.08452751705322076,0.09548234626808959
scope_20260424_115654,sweep_8069,519,362.99,0.08436358231263306,0.10196200307199788
scope_20260424_115654,sweep_8070,520,1191.99,0.21856406043699408,0.10201258917437826
scope_20260424_115654,sweep_8071,521,363.62,0.0844850931358738,0.17364531526579588
scope_20260424_115654,sweep_8072,522,461.18,0.10082329764250435,0.0942042366904153
scope_20260424_115654,sweep_8073,523,640.73,0.13246120782385998,0.11474000538682104
scope_20260424_115654,sweep_8083,525,575.17,0.11868054036243614,0.10319211248189644
scope_20260424_115654,sweep_8084,526,364.47,0.08126956414913336,0.10670163843301134
scope_20260424_115654,sweep_8085,526,364.26,0.08123069681043567,0.12563981432461704
scope_20260424_115654,sweep_8086,526,363.84,0.08115295070210417,0.10305651414162853
scope_20260424_115654,sweep_8087,526,364.48,0.08127141487980895,0.10906963855291615
scope_20260424_115654,sweep_8088,526,364.48,0.08127141487980895,0.1015431856070627
scope_20260424_115654,sweep_8089,526,364.26,0.08123069681043567,0.1299386369389886
scope_20260424_115654,sweep_8090,526,362.36,0.08087886646918938,0.09786098521034581
scope_20260424_115654,sweep_8091,526,363.83,0.08115109941839588,0.12554244191364897
scope_20260424_115654,sweep_8092,526,364.05,0.08285373125338058,0.114971071532432
scope_20260424_115654,sweep_8093,526,363.41,0.08273281796329744,0.1111893277733381
scope_20260424_115654,sweep_8094,526,362.78,0.08261375858266169,0.11236462153960744
scope_20260424_115654,sweep_8095,526,363.2,0.0826931354046734,0.10027834829822559
scope_20260424_115654,sweep_8096,526,363.61,0.08277060725217722,0.10395429863797889
scope_20260424_115654,sweep_8097,526,363.41,0.08273281796329744,0.20134994375651633
scope_20260424_115654,sweep_8098,526,364.04,0.08456608046670662,0.10122156633545533
scope_20260424_115654,sweep_8099,526,364.06,0.08456993660993377,0.09890035156579823
scope_20260424_115654,sweep_8100,526,363.39,0.084440736192842,0.11027955328084846
scope_20260424_115654,sweep_8101,526,363.4,0.08444266485480587,0.1018878834162175
scope_20260424_115654,sweep_8102,526,363.82,0.0845236605136998,0.1104898288223601
scope_20260424_115654,sweep_8103,526,364.04,0.08633482498281286,0.11945061265986509
scope_20260424_115654,sweep_8104,526,364.04,0.08633482498281286,0.16546322288642354
scope_20260424_115654,sweep_8158,528,364.26,0.0780544320480118,0.09573517786874865
scope_20260424_115654,sweep_8159,528,365.32,0.07824291094335539,0.12571052241398895
scope_20260424_115654,sweep_8160,528,366.18,0.07839575947236244,0.10436273781567536
scope_20260424_115654,sweep_8161,528,365.76,0.07832112014932842,0.1480094027665175
scope_20260424_115654,sweep_8162,528,364.9,0.07816824176187094,0.12804494410104295
scope_20260424_115654,sweep_8163,528,365.54,0.07828201754682372,0.11313821110715554
scope_20260424_115654,sweep_8165,530,365.34,0.07824646625452843,0.10509666106588245
scope_20260424_115654,sweep_8166,530,365.76,0.07832112014932842,0.12898829802485773
scope_20260424_115654,sweep_8167,530,364.89,0.07816646374620104,0.13110921070038964
scope_20260424_115654,sweep_8168,530,365.33,0.07824468860307791,0.11980757313677239
scope_20260424_115654,sweep_8169,530,365.33,0.07824468860307791,0.11685111170394163
scope_20260424_115654,sweep_8170,530,364.03,0.0780135233811352,0.10042526515349362
scope_20260424_115654,sweep_8171,530,364.46,0.07809000123250932,0.10385827701459718
scope_20260424_115654,sweep_8172,530,364.69,0.07813090169287573,0.1079292598112221
scope_20260424_115654,sweep_8173,530,364.91,0.07817001976925744,0.09238723821630758
scope_20260424_115654,sweep_8174,530,366.41,0.07843662721956826,0.09721005453779992
scope_20260424_115654,sweep_8175,530,365.75,0.07831934284506344,0.1039326682801168
scope_20260424_115654,sweep_8176,530,365.54,0.07828201754682372,0.14666506049302686
scope_20260424_115654,sweep_8177,530,365.11,0.07820557817787811,0.08730375153604213
scope_20260424_115654,sweep_8178,530,365.12,0.07820735601137413,0.09555552612838296
scope_20260424_115654,sweep_8179,530,365.34,0.07824646625452843,0.13151876326107725
scope_20260424_115654,sweep_8180,530,365.52,0.07827846256642527,0.14978709386612343
scope_20260424_115654,sweep_8181,530,365.32,0.07672188874598147,0.12042803792545417
scope_20260424_115654,sweep_8182,530,365.11,0.0766852817199264,0.11946953011807292
scope_20260424_115654,sweep_8183,530,365.33,0.0767236318484532,0.09156698109187725
scope_20260424_115654,sweep_8184,530,364.9,0.07664867111430683,0.13729401202080144
scope_20260424_115654,sweep_8185,530,365.54,0.07676023512707027,0.1085028671276837
scope_20260424_115654,sweep_8186,530,363.62,0.07642544321236744,0.0977522500416739
scope_20260424_115654,sweep_8187,530,365.55,0.07676197805115541,0.10201280440158646
scope_20260424_115654,sweep_8188,531,570.3,0.11103659145367653,0.09626016948725703
scope_20260424_115654,sweep_8189,532,365.33,0.0767236318484532,0.1134318513147776
scope_20260424_115654,sweep_8190,533,1187.44,0.19733592709698355,0.11303117876135352
scope_20260424_115654,sweep_8191,534,364.68,0.07661031330458236,0.09961422670012354
scope_20260424_115654,sweep_8192,534,364.48,0.07657543915472961,0.09255328137757518
scope_20260424_115654,sweep_8193,534,365.55,0.07676197805115541,0.12618159701236248
scope_20260424_115654,sweep_8194,534,364.69,0.07661205692671234,0.11251812557169812
scope_20260424_115654,sweep_8195,534,363.82,0.07646033136641316,0.09447207176326781
scope_20260424_115654,sweep_8196,534,363.84,0.0764638200024697,0.09591338504133531
scope_20260424_115654,sweep_8197,534,365.53,0.07675849219487937,0.10032225635513985
scope_20260424_115654,sweep_8198,534,365.33,0.0767236318484532,0.10316882154061202
scope_20260424_115654,sweep_8199,534,366.21,0.07687699313193874,0.09725734218643815
scope_20260424_115654,sweep_8200,534,365.97,0.076835173546668,0.12123746735886556
scope_20260424_115654,sweep_8201,534,364.46,0.07657195156084524,0.15544927620046967
scope_20260424_115654,sweep_8202,534,365.97,0.076835173546668,0.09473322575136557
scope_20260424_115654,sweep_8203,535,1343.88,0.20993293062622626,0.10616770757045418
scope_20260424_115654,sweep_8208,537,1246.91,0.20221709964211082,0.09017663201616082
scope_20260424_115654,sweep_8209,538,932.86,0.16705058252524937,0.14501831258177403
scope_20260424_115654,sweep_8210,539,1364.29,0.21152108769540467,0.12012185067701084
scope_20260424_115654,sweep_8211,540,399.08,0.08256197871397777,0.0979621983460033
scope_20260424_115654,sweep_8212,540,411.47,0.08468393101698252,0.08871177790075721
scope_20260424_115654,sweep_8213,541,1423.79,0.21608433917907102,0.09789109398245752
scope_20260424_115654,sweep_8214,542,365.09,0.07668179514984118,0.08906438460297328
scope_20260424_115654,sweep_8215,542,365.13,0.07521328902364995,0.09298500004642686
scope_20260424_115654,sweep_8216,542,406.66,0.08224798179135914,0.10778960949087923
scope_20260424_115654,sweep_8217,542,369.67,0.07598868578057576,0.1193257755659877
scope_20260424_115654,sweep_8218,542,408.26,0.08251648335861422,0.09403356415102704
scope_20260424_115654,sweep_8219,543,1382.62,0.2088404203343599,0.09818917210675654
scope_20260424_115654,sweep_8220,544,841.89,0.15046139448549012,0.1595909555157705
scope_20260424_115654,sweep_8221,545,469.18,0.09261363255259204,0.15891724422596532
scope_20260424_115654,sweep_8223,547,583.08,0.11092195149554993,0.12644325417396277
scope_20260424_115654,sweep_8224,547,592.56,0.11241673730466338,0.17250629396979744
scope_20260424_115654,sweep_8225,547,598.77,0.11339371100066571,0.16444153623282906
scope_20260424_115654,sweep_8226,547,605.2,0.11440348237140924,0.2040402757994196
scope_20260424_115654,sweep_8227,547,610.0,0.11515608837006343,0.16952430648156905
scope_20260424_115654,sweep_8228,547,553.56,0.10624043562546905,0.20435295761047678
scope_20260424_115654,sweep_8229,548,2046.73,0.2540934201100255,0.10211858929598402
scope_20260424_115654,sweep_8230,549,590.27,0.1120560298873343,0.16292960173863094
scope_20260424_115654,sweep_8231,550,810.12,0.14573340264230705,0.1950852052945134
scope_20260424_115654,sweep_8232,550,788.52,0.14250092821575894,0.1782070708582272
scope_20260424_115654,sweep_8233,551,567.7,0.10848803010153335,0.1404995351375425
scope_20260424_115654,sweep_8234,552,798.7,0.14402623215370122,0.20895560390067358
scope_20260424_115654,sweep_8235,552,773.85,0.14029696442803122,0.21460046542007635
scope_20260424_115654,sweep_8236,552,774.82,0.14044291139104922,0.2588780389216932
scope_20260424_115654,sweep_8237,553,906.85,0.16003595685600636,0.20137072554236615
scope_20260424_115654,sweep_8238,554,775.78,0.14058732316700467,0.23602231692987838
scope_20260424_115654,sweep_8239,555,707.75,0.13283136082624128,0.23920790112561144
scope_20260424_115654,sweep_8240,556,771.0,0.14261179851719827,0.1819404638782835
scope_20260424_115654,sweep_8241,556,771.95,0.14275763202108702,0.21220487077855676
scope_20260424_115654,sweep_8242,557,897.81,0.16182417700158264,0.2144826143999577
scope_20260424_115654,sweep_8243,557,941.29,0.1683025834269501,0.2164518644106535
scope_20260424_115654,sweep_8245,558,749.61,0.1393200692026635,0.20018528661476243
scope_20260424_115654,sweep_8246,559,966.07,0.17197188741524752,0.1998335195389592
scope_20260424_115654,sweep_8248,560,1145.8,0.19384505745291095,0.17378450954297078
scope_20260424_115654,sweep_8249,561,1891.37,0.24905116135247854,0.18886527253702956
scope_20260424_115654,sweep_8250,562,948.44,0.16936298851738532,0.25001016783502283
scope_20260424_115654,sweep_8251,563,960.14,0.171095272759924,0.20774528807558879
scope_20260424_115654,sweep_8252,563,955.78,0.17045015956404236,0.21982532164563826
scope_20260424_115654,sweep_8253,564,1143.69,0.19366649158407426,0.20947601280286246
scope_20260424_115654,sweep_8254,564,1143.69,0.19366649158407426,0.20343854314652876
scope_20260424_115654,sweep_8255,564,1145.89,0.19385267034896494,0.20965984264623547
scope_20260424_115654,sweep_8256,565,1047.34,0.18532933540491633,0.2303877013120511
scope_20260424_115654,sweep_8258,566,1752.54,0.23973657290695574,0.23203164129894002
scope_20260424_115654,sweep_8259,567,1149.95,0.19419578615083613,0.19774354251402157
scope_20260424_115654,sweep_8260,567,1143.75,0.1975111376110749,0.20688495208856136
scope_20260424_115654,sweep_8262,569,2449.58,0.2890492525266743,0.19700595838657547
scope_20260424_115654,sweep_8263,570,1355.44,0.21501372630066604,0.2645114605519456
scope_20260424_115654,sweep_8264,571,1340.93,0.2138597675619852,0.23760296692656613
scope_20260424_115654,sweep_8265,571,1335.08,0.21339276066061064,0.23569121684794508
scope_20260424_115654,sweep_8266,571,1332.36,0.21317527397753133,0.22607749391368712
scope_20260424_115654,sweep_8267,571,1335.23,0.21340474796289835,0.20915957445645245
scope_20260424_115654,sweep_8268,571,1335.17,0.21339995312278673,0.25745246399934574
scope_20260424_115654,sweep_8269,572,2339.55,0.2824829256284759,0.16580743373353726
scope_20260424_115654,sweep_8270,573,1829.99,0.2498333406332245,0.24195802242176181
scope_20260424_115654,sweep_8271,574,1335.14,0.21339755566233007,0.2524914853726842
scope_20260424_115654,sweep_8273,575,2469.03,0.29019452889457487,0.19255768077752178
scope_20260424_115654,sweep_8274,576,2853.88,0.31824348825240883,0.23014967005719125
scope_20260424_115654,sweep_8277,578,2740.23,0.3118424116684298,0.2620474058600518
scope_20260424_115654,sweep_8278,578,2729.26,0.31121758421389295,0.23200088054651538
scope_20260424_115654,sweep_8279,579,2815.58,0.3161008094260586,0.23530654773833493
scope_20260424_115654,sweep_8280,580,1329.43,0.21720729621190782,0.25385769320751994
scope_20260424_115654,sweep_8281,581,2080.73,0.27173747560249195,0.21352184639077726
scope_20260424_115654,sweep_8282,582,1551.63,0.2346582113821488,0.2675037681852172
scope_20260424_115654,sweep_8283,583,2033.42,0.2686304363466032,0.2514497929294348
scope_20260424_115654,sweep_8284,584,1521.26,0.23235038431863458,0.24921313132730272
scope_20260424_115654,sweep_8287,586,1551.63,0.239410245250847,0.2834593036516707
scope_20260424_115654,sweep_8288,587,1709.65,0.2513056500804861,0.2432285977250317
scope_20260424_115654,sweep_8289,587,1733.35,0.2530415155206125,0.2960325681726241
scope_20260424_115654,sweep_8290,587,1713.94,0.25162075134977896,0.199713822311626
scope_20260424_115654,sweep_8291,587,1718.85,0.25198090816287827,0.26261340195634975
scope_20260424_115654,sweep_8293,587,1733.2,0.253030566477279,0.29732416097232955
scope_20260424_115654,sweep_8294,587,1709.45,0.2512909504051062,0.2586845259276225
scope_20260424_115654,sweep_8295,588,1926.35,0.26675725896509517,0.2861688243337382
scope_20260424_115654,sweep_8296,588,1902.95,0.2651321150036139,0.2525851223915412
scope_20260424_115654,sweep_8297,588,1902.77,0.26511957528651625,0.3420439694976465
scope_20260424_115654,sweep_8298,588,1908.58,0.2709590095935938,0.2950612534823787
scope_20260424_115654,sweep_8299,588,1897.11,0.2701435909805519,0.24854449654161803
scope_20260424_115654,sweep_8300,588,1902.83,0.2705505411149694,0.35385634622931833
scope_20260424_115654,sweep_8301,588,1908.58,0.2709590095935938,0.2636200842773017
scope_20260424_115654,sweep_8302,588,1902.77,0.27054627558404076,0.3500255217885906
scope_20260424_115654,sweep_8303,588,1896.99,0.2701350469995586,0.24674564486897296
scope_20260424_115654,sweep_8304,588,1897.05,0.2701393190238339,0.29012796517970735
scope_20260424_115654,sweep_8305,588,1902.77,0.27054627558404076,0.31814121342220264
scope_20260424_115654,sweep_8306,589,2080.88,0.28292539440532194,0.32401961515730254
scope_20260424_115654,sweep_8307,589,2087.68,0.2833872959800213,0.3453281833032842
scope_20260424_115654,sweep_8308,589,2088.12,0.28928117369341827,0.33937846307826636
scope_20260424_115654,sweep_8309,589,2088.34,0.2892964123248205,0.2813099820125151
scope_20260424_115654,sweep_8310,589,2087.83,0.28926108517999316,0.26498237526183527
scope_20260424_115654,sweep_8311,589,2087.97,0.28927078325720035,0.31281267113067734
scope_20260424_115654,sweep_8313,590,1920.49,0.2774268363350566,0.2966613529517762
scope_20260424_115654,sweep_8314,591,2080.95,0.28878409268677807,0.28683612404407627
scope_20260424_115654,sweep_8315,591,2087.9,0.2892659342592396,0.3255180496760436
scope_20260424_115654,sweep_8331,594,2802.82,0.34939524566271735,0.35208075184696774
scope_20260424_115654,sweep_8332,595,2459.22,0.32727895384506256,0.35180616124943154
scope_20260424_115654,sweep_8334,595,2459.32,0.3272856078985197,0.36246973334864896
scope_20260424_115654,sweep_8335,595,2459.32,0.33428195732447413,0.3311497188857065
scope_20260424_115654,sweep_8336,595,2459.22,0.3342751610280281,0.36784625961966566
scope_20260424_115654,sweep_8337,595,2459.32,0.33428195732447413,0.39964089424319316
scope_20260424_115654,sweep_8338,596,2647.72,0.34684979615500217,0.32588509865784865
scope_20260424_115654,sweep_8339,596,2647.49,0.34683473089401196,0.4013560467783283
scope_20260424_115654,sweep_8340,596,2647.72,0.34684979615500217,0.4043656427779094
scope_20260424_115654,sweep_8341,597,2670.35,0.3483289008989889,0.3531786780751907
scope_20260424_115654,sweep_8342,597,2658.99,0.3475871940629672,0.3131269039571811
scope_20260424_115654,sweep_8343,598,2647.6,0.35433833141279336,0.3779985855520471
scope_20260424_115654,sweep_8344,598,2647.72,0.354346361348958,0.39795192526356116
scope_20260424_115654,sweep_8345,598,2647.6,0.35433833141279336,0.3761932305361417
scope_20260424_115654,sweep_8346,598,2647.72,0.354346361348958,0.3950053719885847
scope_20260424_115654,sweep_8347,598,2647.72,0.354346361348958,0.32562657331899764
scope_20260424_115654,sweep_8348,598,2647.72,0.354346361348958,0.4237325598940732
scope_20260424_115654,sweep_8350,599,2854.15,0.36790047317941793,0.3950480233274809
scope_20260424_115654,sweep_8351,600,2841.04,0.3670545599396147,0.4431709318012531
scope_20260424_115654,sweep_8352,600,2841.18,0.37508526790301955,0.4544773785543598
scope_20260424_115654,sweep_8353,600,2841.18,0.37508526790301955,0.41287271271478276
scope_20260424_115654,sweep_8354,600,2828.19,0.37422683240154586,0.42121175250067067
scope_20260424_115654,sweep_8355,600,2841.18,0.37508526790301955,0.40253260827367016
scope_20260424_115654,sweep_8356,600,2841.04,0.37507602656941746,0.4204523052529655
scope_20260424_115654,sweep_8357,600,2841.18,0.37508526790301955,0.42585906648664773
scope_20260424_115654,sweep_8358,601,2705.26,0.3660034152963424,0.3917879888662656
scope_20260424_115654,sweep_8359,602,2977.22,0.38396010016943877,0.41866452434854484
scope_20260424_115654,sweep_8360,602,2976.93,0.392425711536652,0.44187615831052535
scope_20260424_115654,sweep_8361,602,2962.82,0.39149460069777703,0.44304229483308377
scope_20260424_115654,sweep_8363,602,2962.96,0.3915038500947447,0.41800807049708977
scope_20260424_115654,sweep_8364,602,2976.93,0.392425711536652,0.41575007213128845
scope_20260424_115654,sweep_8365,602,2962.82,0.39149460069777703,0.4191922227498171
scope_20260424_115654,sweep_8612,605,2489.01,0.411263901127093,0.42171816880386565
scope_20260424_115654,sweep_8613,606,2198.61,0.38652836485988257,0.4424185138752482
scope_20260424_115654,sweep_8616,607,2304.41,0.3957192211660226,0.3412458929532405
scope_20260424_115654,sweep_8617,607,2279.29,0.3844627281110525,0.4443447079800473
scope_20260424_115654,sweep_8618,607,2270.83,0.383748563084604,0.41919719618722334
scope_20260424_115654,sweep_8619,607,2279.12,0.38444839033865136,0.4134953911657834
scope_20260424_115654,sweep_8620,607,2270.83,0.383748563084604,0.3975413412088311
scope_20260424_115654,sweep_8621,607,2295.95,0.38586524541952283,0.46216133888752653
scope_20260424_115654,sweep_8622,607,2270.83,0.383748563084604,0.45524576807671613
scope_20260424_115654,sweep_8623,607,2271.01,0.38376377192291133,0.3406200240984687
scope_20260424_115654,sweep_8624,607,2270.83,0.383748563084604,0.45319039769864294
scope_20260424_115654,sweep_8625,608,2081.02,0.36736060179049096,0.40080922849380834
scope_20260424_115654,sweep_8626,608,2081.17,0.3673738412349288,0.42992294252666535
scope_20260424_115654,sweep_8627,608,2087.97,0.36797352911347747,0.3311669645899223
scope_20260424_115654,sweep_8628,608,2087.9,0.36796736083449605,0.40084014665102624
scope_20260424_115654,sweep_8629,608,2088.12,0.36798674650598795,0.38613741771151
scope_20260424_115654,sweep_8630,608,2088.12,0.36798674650598795,0.41280744479799936
scope_20260424_115654,sweep_8631,608,2087.9,0.36796736083449605,0.4282436111882936
scope_20260424_115654,sweep_8632,608,2088.12,0.36798674650598795,0.3894300777532461
scope_20260424_115654,sweep_8633,608,2088.19,0.3679929144600277,0.3993832496166043
scope_20260424_115654,sweep_8634,608,2087.97,0.36797352911347747,0.4626070164780419
scope_20260424_115654,sweep_8645,610,2095.19,0.36018699594787823,0.3590400212856782
scope_20260424_115654,sweep_8646,611,1709.4,0.3253405321342194,0.31564382270173563
scope_20260424_115654,sweep_8647,611,1713.99,0.3257770338139658,0.32162951773269205
scope_20260424_115654,sweep_8648,611,1714.09,0.32578653714485495,0.35256745648208243
scope_20260424_115654,sweep_8649,611,1709.5,0.32535004821512975,0.26707825904245147
scope_20260424_115654,sweep_8650,611,1713.89,0.32576753020584415,0.286681555019035
scope_20260424_115654,sweep_8651,611,1677.1,0.3222521342512386,0.28872292051761744
scope_20260424_115654,sweep_8652,611,1709.5,0.32535004821512975,0.3002068209703764
scope_20260424_115654,sweep_8653,611,1709.45,0.3179941849104566,0.32745518079554664
scope_20260424_115654,sweep_8654,611,1709.55,0.3180034858415898,0.3267731220275376
scope_20260424_115654,sweep_8655,611,1714.09,0.3184254619683562,0.26842031322227644
scope_20260424_115654,sweep_8656,612,1499.48,0.29782511331533945,0.3682129610766514
scope_20260424_115654,sweep_8658,613,1234.49,0.2702307490581339,0.2667271987637798
scope_20260424_115654,sweep_8667,615,1332.47,0.28074995598970454,0.21453047374061082
scope_20260424_115654,sweep_8668,615,1338.3,0.27507636919426726,0.26779898180969547
scope_20260424_115654,sweep_8669,615,1304.4,0.2715700920081301,0.28264978931749113
scope_20260424_115654,sweep_8670,615,1332.33,0.2744621416508901,0.2515463595210545
scope_20260424_115654,sweep_8671,615,1340.96,0.27534960386524504,0.27885126847790703
scope_20260424_115654,sweep_8672,615,1332.39,0.2744683216299876,0.2941971417478343
scope_20260424_115654,sweep_8673,616,2246.18,0.35636810061886665,0.245392607043927
scope_20260424_115654,sweep_8677,618,1123.15,0.251997031625649,0.4864057835317425
scope_20260424_115654,sweep_8678,618,1145.87,0.2545330719498891,0.24519440497750503
scope_20260424_115654,sweep_8679,619,1536.37,0.2947300742512072,0.2843996537863512
scope_20260424_115654,sweep_8680,620,1145.91,0.24891235345782123,0.22580143992999463
scope_20260424_115654,sweep_8681,620,1145.87,0.2489080090585983,0.28772130532711404
scope_20260424_115654,sweep_8684,623,1113.01,0.24531309372544038,0.30584536352855096
scope_20260424_115654,sweep_8685,624,2206.29,0.34538422248046263,0.2265192328175509
scope_20260424_115654,sweep_8686,625,1160.72,0.25051568939500557,0.2452120506792657
scope_20260424_115654,sweep_8687,626,870.22,0.20247122779211232,0.19433380501384795
scope_20260424_115654,sweep_8688,627,973.74,0.2222689997996765,0.2663664448398662
scope_20260424_115654,sweep_8689,627,954.29,0.21857772723310837,0.18129780024865413
scope_20260424_115654,sweep_8690,628,1050.97,0.23316765376733653,0.22679110851834197
scope_20260424_115654,sweep_8692,630,1198.87,0.24903431258128966,0.2422683546760564
scope_20260424_115654,sweep_8693,631,1074.58,0.23577215860145237,0.18380600056244856
scope_20260424_115654,sweep_8694,632,944.11,0.21190533907221387,0.22023475387877436
scope_20260424_115654,sweep_8695,633,1453.84,0.27424041019421164,0.21019321367317303
scope_20260424_115654,sweep_8696,634,925.9,0.20850733278719827,0.20003415716584375
scope_20260424_115654,sweep_8697,635,2246.52,0.34090100982605925,0.22389454191142122
scope_20260424_115654,sweep_8698,636,1198.71,0.24901769409073748,0.16393126927205687
scope_20260424_115654,sweep_8707,639,770.97,0.17148773221163113,0.1919421180993938
scope_20260424_115654,sweep_8708,639,773.88,0.1720247980235628,0.16331361118555085
scope_20260424_115654,sweep_8709,640,588.1,0.13697346066121613,0.18659950491750107
scope_20260424_115654,sweep_8710,640,589.23,0.13719186984814696,0.16942844149306147
scope_20260424_115654,sweep_8711,640,597.73,0.1388324999324795,0.15281913340934666
scope_20260424_115654,sweep_8712,640,613.01,0.1417718555827968,0.1308138785600907
scope_20260424_115654,sweep_8713,641,528.61,0.12537019763632185,0.14148670142910358
scope_20260424_115654,sweep_8714,642,601.76,0.13960896321295319,0.1725427322922943
scope_20260424_115654,sweep_8715,642,607.65,0.1377646592893197,0.1602596820257732
scope_20260424_115654,sweep_8716,642,614.84,0.13911628452602828,0.15815601540792498
scope_20260424_115654,sweep_8717,642,636.86,0.14323920858034905,0.1498058488688471
scope_20260424_115654,sweep_8718,642,625.97,0.14120329693622266,0.1459923551989613
scope_20260424_115654,sweep_8719,642,625.36,0.14108907875769588,0.09151200123131253
scope_20260424_115654,sweep_8721,644,1264.57,0.23970486745951197,0.11053417982693865
scope_20260424_115654,sweep_8722,645,989.27,0.20645087700124817,0.10357571573072108
scope_20260424_115654,sweep_8723,646,382.66,0.09385129322603887,0.09025838579668498
scope_20260424_115654,sweep_8726,648,376.42,0.09064163279440954,0.09686316648708017
scope_20260424_115654,sweep_8728,650,364.51,0.08825477832549262,0.09871439257131548
scope_20260424_115654,sweep_8729,651,1321.12,0.23987805611585533,0.09244206370531233
scope_20260424_115654,sweep_8730,651,1315.39,0.23935728779651855,0.0912318446169539
scope_20260424_115654,sweep_8735,656,364.29,0.0863840322972493,0.10378246164170281
scope_20260424_115654,sweep_8736,656,365.13,0.08654932685262287,0.09706167945562226
scope_20260424_115654,sweep_8737,657,1208.12,0.2246401043605994,0.10220860353124812
scope_20260424_115654,sweep_8738,658,364.07,0.08634073016379364,0.3196759179875077
scope_20260424_115654,sweep_8739,658,364.72,0.08646865545260198,0.10413595720348626
scope_20260424_115654,sweep_8740,658,370.81,0.0876653454473728,0.10929276449571129
scope_20260424_115654,sweep_8743,661,1282.9,0.22674558880582432,0.1123509376230677
scope_20260424_115654,sweep_8744,662,1127.25,0.21254581897551283,0.10519663283793862
scope_20260424_115654,sweep_8745,663,537.32,0.11682501336021948,0.10528836016881235
scope_20260424_115654,sweep_8746,664,1237.04,0.22265595540955752,0.13710835970999988
scope_20260424_115654,sweep_8747,664,1237.09,0.22266045513684135,0.1127356661799722
scope_20260424_115654,sweep_8748,665,367.09,0.0851537276287042,0.09501378875224016
scope_20260424_115654,sweep_8749,666,1176.26,0.21711713953275308,0.10293149591405774
scope_20260424_115654,sweep_8750,667,363.44,0.08273848658197239,0.10481505213921814
scope_20260424_115654,sweep_8752,669,364.71,0.08297838524254444,0.11220001497145055
scope_20260424_115654,sweep_8753,669,364.28,0.08289717563772932,0.09957739449647134
scope_20260424_115654,sweep_8754,669,362.8,0.0826175387854464,0.0981998186345405
scope_20260424_115654,sweep_8755,669,364.08,0.08285939817676449,0.1010463783007301
scope_20260424_115654,sweep_8756,670,966.2,0.18627477584267818,0.11185115019274885
scope_20260424_115654,sweep_8757,671,363.65,0.08277816468587364,0.0740118346841069
scope_20260424_115654,sweep_8758,671,362.16,0.08249655471245677,0.11218443950384903
scope_20260424_115654,sweep_8759,671,362.38,0.08253814708394232,0.10829880065296728
scope_20260424_115654,sweep_8760,671,364.08,0.08285939817676449,0.1207937459465983
scope_20260424_115654,sweep_8761,671,401.42,0.08805131028914685,0.15353065723258583
scope_20260424_115654,sweep_8762,672,1152.27,0.20631261087163133,0.08974285045489232
scope_20260424_115654,sweep_8765,675,363.44,0.08107889260389285,0.10352622061703444
scope_20260424_115654,sweep_8766,676,1189.74,0.20964025494296282,0.11262148204331844
scope_20260424_115654,sweep_8767,677,364.5,0.08127511631526405,0.11883025741469798
scope_20260424_115654,sweep_8768,677,363.23,0.08104000655607431,0.0951875023723419
scope_20260424_115654,sweep_8769,677,364.28,0.08123439862582597,0.08079996645667073
scope_20260424_115654,sweep_8770,677,363.24,0.08104185835928548,0.1195585983922339
scope_20260424_115654,sweep_8771,677,362.19,0.0808473716485025,0.1118193140806204
scope_20260424_115654,sweep_8772,678,1249.45,0.21483650980418273,0.1159199400721498
scope_20260424_115654,sweep_8773,678,1249.53,0.21484338748863646,0.10694640808240355
scope_20260424_115654,sweep_8774,679,364.29,0.08123624952056448,0.10733771403876613
scope_20260424_115654,sweep_8776,681,538.72,0.11017245938716176,0.10750651973570934
scope_20260424_115654,sweep_8777,681,500.59,0.10366015955486904,0.12163220066343164
scope_20260424_115654,sweep_8780,684,364.72,0.07970179874412535,0.09999973051930619
scope_20260424_115654,sweep_8781,685,1129.28,0.20019005111434657,0.10457691132815213
scope_20260424_115654,sweep_8782,686,363.86,0.0795457816433207,0.11371653800942877
