file,sweep,group,rpm,y_true,y_pred
scope_20260424_115654,sweep_000,1,1031.78,1.3039179467837791,0.10380617142215713
scope_20260424_115654,sweep_001,1,1031.78,1.2472057437549073,0.1274095839333052
scope_20260424_115654,sweep_002,1,1031.78,1.2472057437549073,0.13115886547911995
scope_20260424_115654,sweep_003,1,1031.78,1.1937490342076567,0.09529789736864497
scope_20260424_115654,sweep_004,1,1031.78,1.1433238167802302,0.10919139539646973
scope_20260424_115654,sweep_005,1,1031.78,1.1433238167802302,0.10596261829057582
scope_20260424_115654,sweep_006,2,0.54,0.0020454758255549193,0.10071352991925803
scope_20260424_115654,sweep_007,2,14.53,0.03144763501530736,0.10424590005737963
scope_20260424_115654,sweep_008,2,14.53,0.030157122430660502,0.12443210997272736
scope_20260424_115654,sweep_009,2,14.53,0.02893719779053028,0.10405656619430616
scope_20260424_115654,sweep_010,2,14.53,0.02893719779053028,0.09844371718007694
scope_20260424_115654,sweep_011,2,14.53,0.027783210234427785,0.09060484399944456
scope_20260424_115654,sweep_012,2,14.53,0.02669086154727896,0.10052145119197604
scope_20260424_115654,sweep_013,2,14.53,0.02669086154727896,0.09095282130705418
scope_20260424_115654,sweep_014,2,14.53,0.02565617621098429,0.12113211682664712
scope_20260424_115654,sweep_015,2,14.53,0.024675474253672912,0.0904125121030505
scope_20260424_115654,sweep_016,2,14.53,0.024675474253672912,0.10026102591925078
scope_20260424_115654,sweep_017,2,14.53,0.023745346612873072,0.09968350782189203
scope_20260424_115654,sweep_018,2,14.53,0.02286263275976879,0.10234531771365991
scope_20260424_115654,sweep_019,2,14.53,0.02286263275976879,0.13226164914932106
scope_20260424_115654,sweep_020,2,14.53,0.022024400359061953,0.13105231059905192
scope_20260424_115654,sweep_021,2,14.53,0.022024400359061953,0.10332377377069978
scope_20260424_115654,sweep_022,2,14.53,0.02122792676314961,0.10092720585296389
scope_20260424_115654,sweep_023,2,14.53,0.02122792676314961,0.09657711651280804
scope_20260424_115654,sweep_024,2,14.53,0.02047068216074285,0.10221141163728543
scope_20260424_115654,sweep_025,2,14.53,0.02047068216074285,0.1013340479169488
scope_20260424_115654,sweep_026,2,14.53,0.02047068216074285,0.09999754464368237
scope_20260424_115654,sweep_027,2,14.53,0.019750314219046248,0.10049747595207449
scope_20260424_115654,sweep_028,2,14.53,0.019750314219046248,0.10643576706032987
scope_20260424_115654,sweep_029,2,14.53,0.019750314219046248,0.09528439644427074
scope_20260424_115654,sweep_030,2,14.53,0.019750314219046248,0.09873970424947724
scope_20260424_115654,sweep_031,2,14.53,0.019750314219046248,0.09881836834709894
scope_20260424_115654,sweep_032,2,14.53,0.019750314219046248,0.09099611113970524
scope_20260424_115654,sweep_033,2,14.53,0.019750314219046248,0.09366311863249295
scope_20260424_115654,sweep_034,2,14.53,0.01906463407545526,0.09570165183264888
scope_20260424_115654,sweep_035,2,14.53,0.01906463407545526,0.0951333841375542
scope_20260424_115654,sweep_036,2,14.53,0.01906463407545526,0.09780350181151612
scope_20260424_115654,sweep_037,2,14.53,0.01906463407545526,0.09677437847000954
scope_20260424_115654,sweep_038,2,14.53,0.01906463407545526,0.09787038258984
scope_20260424_115654,sweep_039,2,14.53,0.01906463407545526,0.10063021655712383
scope_20260424_115654,sweep_040,2,14.53,0.01906463407545526,0.10203484587659714
scope_20260424_115654,sweep_041,2,14.53,0.01906463407545526,0.1013168305675969
scope_20260424_115654,sweep_042,2,14.53,0.01906463407545526,0.12818446680486142
scope_20260424_115654,sweep_043,2,14.53,0.019750314219046248,0.12402433115810133
scope_20260424_115654,sweep_044,2,14.53,0.019750314219046248,0.12566438316830758
scope_20260424_115654,sweep_045,2,14.53,0.019750314219046248,0.0963003172435943
scope_20260424_115654,sweep_046,2,14.53,0.019750314219046248,0.10185101260993952
scope_20260424_115654,sweep_047,2,14.53,0.019750314219046248,0.10167578859436029
scope_20260424_115654,sweep_048,2,14.53,0.019750314219046248,0.11798387947664009
scope_20260424_115654,sweep_049,2,14.53,0.019750314219046248,0.10281104614066182
scope_20260424_115654,sweep_053,4,435.08,0.3318225672629654,0.31829897682191965
scope_20260424_115654,sweep_054,4,413.95,0.3300035421867169,0.3157038324403459
scope_20260424_115654,sweep_055,4,401.38,0.3216644828306798,0.31112336839257454
scope_20260424_115654,sweep_056,4,381.93,0.30867281802686913,0.3478255714128208
scope_20260424_115654,sweep_057,4,364.25,0.29676555412840355,0.3766535959105094
scope_20260424_115654,sweep_058,4,364.04,0.2966235396562312,0.20868610068577068
scope_20260424_115654,sweep_059,4,364.68,0.29705630224988216,0.2371753408722679
scope_20260424_115654,sweep_060,5,520.6,0.399163030608154,0.3606877534732004
scope_20260424_115654,sweep_061,5,484.54,0.3899875275544041,0.34195796047024796
scope_20260424_115654,sweep_062,5,467.08,0.3782874000801627,0.34614872935371627
scope_20260424_115654,sweep_063,5,450.85,0.36734466947554256,0.4807790602447819
scope_20260424_115654,sweep_064,6,435.06,0.3566341438711733,0.44847996353911945
scope_20260424_115654,sweep_065,6,420.64,0.3467950523309022,0.34551154411107504
scope_20260424_115654,sweep_066,6,406.91,0.3373733410483544,0.2819879551050068
scope_20260424_115654,sweep_067,6,398.07,0.33127866188560373,0.21118320681385788
scope_20260424_115654,sweep_068,6,385.97,0.32289890122720155,0.36560949034630463
scope_20260424_115654,sweep_069,6,374.56,0.32677317072680834,0.36336887880896684
scope_20260424_115654,sweep_070,6,366.61,0.32100604288768886,0.4089145387675543
scope_20260424_115654,sweep_080,8,445.68,0.3918636606888146,0.2893770059825747
scope_20260424_115654,sweep_081,9,619.7,0.5151769484425386,0.5018090468819432
scope_20260424_115654,sweep_082,9,613.57,0.510943639987942,0.6235698049537919
scope_20260424_115654,sweep_083,9,601.67,0.502705014434661,0.423143252176454
scope_20260424_115654,sweep_084,9,588.63,0.49364525433603285,0.438288738861204
scope_20260424_115654,sweep_085,9,577.1,0.5043551330607924,0.4054433747245306
scope_20260424_115654,sweep_086,9,568.74,0.498283476296419,0.35128002874486874
scope_20260424_115654,sweep_087,9,558.5,0.4908256956853179,0.5190382328770934
scope_20260424_115654,sweep_088,10,549.11,0.48396651718956457,0.38981416428168825
scope_20260424_115654,sweep_089,10,539.16,0.4766764707030552,0.41097056346025806
scope_20260424_115654,sweep_090,10,530.87,0.4705851799821866,0.3255297130127979
scope_20260424_115654,sweep_098,12,642.7,0.5731020176961188,0.45299574861488995
scope_20260424_115654,sweep_099,12,632.28,0.5653792788749732,0.44012863659331214
scope_20260424_115654,sweep_100,12,625.26,0.5601642454828225,0.40522421829557925
scope_20260424_115654,sweep_101,12,616.62,0.5537320513746635,0.5836430773881742
scope_20260424_115654,sweep_102,13,794.6,0.683452527509244,0.6088913402251821
scope_20260424_115654,sweep_103,13,790.57,0.680574264436875,0.47627467696359205
scope_20260424_115654,sweep_104,13,778.66,0.6987634786050182,0.6867656752101868
scope_20260424_115654,sweep_105,13,771.95,0.6937619585727238,0.6339109126181486
scope_20260424_115654,sweep_106,13,761.51,0.6859654257664696,0.63686901228734
scope_20260424_115654,sweep_107,13,751.34,0.6783530368682597,0.39608789476574424
scope_20260424_115654,sweep_108,14,742.41,0.6716543544458098,0.5214137170213221
scope_20260424_115654,sweep_109,14,733.62,0.6650473003021342,0.5630002869978549
scope_20260424_115654,sweep_110,14,725.14,0.6586604939813111,0.5655075522650651
scope_20260424_115654,sweep_111,14,715.96,0.6517321422586593,0.4314992212908433
scope_20260424_115654,sweep_112,15,895.09,0.7844419943924608,0.8937750070272774
scope_20260424_115654,sweep_113,15,888.81,0.7798712019804512,0.8935040381697519
scope_20260424_115654,sweep_114,15,881.28,0.8056134001712107,0.8419749445547969
scope_20260424_115654,sweep_115,15,868.94,0.7962393893515686,0.75199561388457
scope_20260424_115654,sweep_116,15,859.32,0.7889159127381687,0.6722682339842913
scope_20260424_115654,sweep_117,16,849.93,0.7817540762572831,0.820451355511421
scope_20260424_115654,sweep_118,16,839.67,0.7739132839015618,0.8543853431895656
scope_20260424_115654,sweep_119,16,834.04,0.76960386962435,0.8320755694575398
scope_20260424_115654,sweep_120,16,828.45,0.765320177421317,0.7882177056612673
scope_20260424_115654,sweep_121,16,820.78,0.7594345442441056,0.5273235443926245
scope_20260424_115654,sweep_122,17,1025.01,0.9269283897169432,0.778165917728474
scope_20260424_115654,sweep_123,17,990.65,0.8877607400019798,0.836337203180048
scope_20260424_115654,sweep_124,17,982.9,0.8819924768356632,0.8232502700957526
scope_20260424_115654,sweep_125,17,970.69,0.8728889459791473,0.46514227622668686
scope_20260424_115654,sweep_126,17,960.06,0.9003463682817496,0.7621248046017979
scope_20260424_115654,sweep_127,17,954.21,0.8957905057138591,0.8653513257173221
scope_20260424_115654,sweep_128,18,944.12,0.8879214333502865,0.8151545183080652
scope_20260424_115654,sweep_129,18,934.27,0.8802257320467809,0.7633987196918169
scope_20260424_115654,sweep_130,18,927.2,0.8746935144791834,0.8210434028971537
scope_20260424_115654,sweep_131,18,921.69,0.8703770119351014,0.8623182007501325
scope_20260424_115654,sweep_132,18,914.9,0.8650517245313325,1.0907571502242317
scope_20260424_115654,sweep_133,19,1093.33,0.9965006763794501,1.0430830621447398
scope_20260424_115654,sweep_134,19,1083.93,0.9922076783804121,0.7887263645612625
scope_20260424_115654,sweep_135,19,1072.65,0.9870314340748536,1.0509613504077633
scope_20260424_115654,sweep_136,19,1063.51,0.9828172134541289,1.0743357147921202
scope_20260424_115654,sweep_137,19,1050.92,0.9769825210410692,0.7905372654056151
scope_20260424_115654,sweep_138,20,1042.14,0.9728928196458893,0.9955138892839197
scope_20260424_115654,sweep_139,20,1035.13,0.9696151956597684,0.7534508182382633
scope_20260424_115654,sweep_140,20,1024.96,0.9269057816522929,0.76677603551679
scope_20260424_115654,sweep_141,20,1016.59,0.9231133872673477,0.8348893974567028
scope_20260424_115654,sweep_142,20,1011.72,0.920899633857973,0.8408663391563674
scope_20260424_115654,sweep_143,21,1217.63,1.010275456635068,0.8683136572855308
scope_20260424_115654,sweep_144,21,1182.9,0.9571620821604367,1.0186178032339277
scope_20260424_115654,sweep_145,21,1173.85,0.953493577341675,0.9118659860345644
scope_20260424_115654,sweep_146,21,1160.77,0.9481663918483555,0.8526687041546118
scope_20260424_115654,sweep_147,21,1152.12,0.908518774487504,0.9829505951338109
scope_20260424_115654,sweep_148,22,1143.71,0.9051967952659932,0.9411987289318128
scope_20260424_115654,sweep_149,22,1143.64,0.9051690938621266,1.0191125320291798
scope_20260424_115654,sweep_150,22,1145.69,0.9059799984463319,1.0637102094210207
scope_20260424_115654,sweep_151,22,1143.66,0.8710568881103906,0.8618529813980651
scope_20260424_115654,sweep_152,22,1143.77,0.8710987772880496,1.0919654301567898
scope_20260424_115654,sweep_153,22,1145.74,0.8718486335968177,1.0548910555794984
scope_20260424_115654,sweep_154,23,1332.21,0.9401223947422029,1.1069607128138836
scope_20260424_115654,sweep_155,23,1332.21,0.9401223947422029,1.185129566595703
scope_20260424_115654,sweep_156,23,1332.24,0.940132979977663,1.047802346806737
scope_20260424_115654,sweep_157,23,1332.33,0.9401647349689736,1.029077400942954
scope_20260424_115654,sweep_158,23,1332.3,0.9401541500910444,0.9717640368476433
scope_20260424_115654,sweep_159,23,1332.36,0.940175319727734,0.9876357616738047
scope_20260424_115654,sweep_160,23,1332.3,0.9401541500910444,0.9283211620137631
scope_20260424_115654,sweep_161,23,1332.27,0.940143565093942,1.1184846685363243
scope_20260424_115654,sweep_162,23,1332.27,0.940143565093942,1.164300561882933
scope_20260424_115654,sweep_163,23,1332.27,0.940143565093942,1.1095791137294104
scope_20260424_115654,sweep_164,24,1517.49,1.0033696780188333,1.238004392772006
scope_20260424_115654,sweep_165,24,1521.18,1.0045888577468907,0.8920628790545814
scope_20260424_115654,sweep_166,24,1521.34,1.00464168844112,1.0727804627964452
scope_20260424_115654,sweep_167,24,1521.26,1.0046152734412879,1.189862586523283
scope_20260424_115654,sweep_168,24,1521.26,1.0046152734412879,1.2562654138297673
scope_20260424_115654,sweep_169,24,1521.41,1.0046648009962555,1.1136366528776822
scope_20260424_115654,sweep_170,24,1521.03,1.0045393264476359,1.194077119937474
scope_20260424_115654,sweep_171,24,1521.22,1.0046020656809131,1.1014700159025512
scope_20260424_115654,sweep_172,24,1521.3,1.004628481028021,0.9925180208995779
scope_20260424_115654,sweep_173,24,1521.14,1.043925826085883,1.143410237819039
scope_20260424_115654,sweep_174,24,1521.3,1.0439807269300596,1.1409978720446412
scope_20260424_115654,sweep_185,26,1920.49,1.219600222539054,1.052153603549324
scope_20260424_115654,sweep_186,26,1896.87,1.2120771216756974,1.252686257386168
scope_20260424_115654,sweep_187,26,1897.05,1.212134629229284,0.9654184128443166
scope_20260424_115654,sweep_188,26,1896.87,1.2120771216756974,1.1941398597851836
scope_20260424_115654,sweep_189,26,1896.93,1.212096291163385,1.3201579114498163
scope_20260424_115654,sweep_190,26,1896.81,1.2120579518848316,1.2716237008219484
scope_20260424_115654,sweep_191,26,1896.99,1.2121154603479094,1.116672253099958
scope_20260424_115654,sweep_192,26,1896.87,1.2120771216756974,1.3626185774800532
scope_20260424_115654,sweep_193,26,1902.65,1.213922392302427,1.1907584694035973
scope_20260424_115654,sweep_194,26,1896.93,1.212096291163385,1.2377040216736483
scope_20260424_115654,sweep_195,26,1896.99,1.2121154603479094,1.17174723041806
scope_20260424_115654,sweep_196,27,2080.88,1.269506672654293,1.2840050175657651
scope_20260424_115654,sweep_197,27,2081.02,1.269549377650466,1.3573600604503586
scope_20260424_115654,sweep_198,27,2080.73,1.3206568766203182,1.425842802466929
scope_20260424_115654,sweep_199,27,2081.02,1.3207489061364988,1.3467255759334944
scope_20260424_115654,sweep_200,27,2080.95,1.3207266927024839,1.3759954157079735
scope_20260424_115654,sweep_201,27,2080.8,1.3206790912286186,1.2480392852816546
scope_20260424_115654,sweep_202,27,2087.97,1.3229525259243313,1.1674429152543833
scope_20260424_115654,sweep_203,27,2080.8,1.3206790912286186,1.3502210321291546
scope_20260424_115654,sweep_204,27,2080.88,1.320704478894853,1.3330978340765864
scope_20260424_115654,sweep_205,27,2081.02,1.3207489061364988,1.249319296423821
scope_20260424_115654,sweep_206,28,2270.66,1.3796158886262484,1.403745928779291
scope_20260424_115654,sweep_207,28,2270.66,1.3796158886262484,1.4675202723913616
scope_20260424_115654,sweep_208,28,2270.83,1.3796675322698233,1.4086882973058878
scope_20260424_115654,sweep_209,28,2270.75,1.3796432296195378,1.4781300383560916
scope_20260424_115654,sweep_210,28,2270.58,1.3795915850662173,1.405831574929046
scope_20260424_115654,sweep_211,28,2270.75,1.3796432296195378,1.4712782642374491
scope_20260424_115654,sweep_212,28,2270.75,1.3796432296195378,1.312596170473413
scope_20260424_115654,sweep_213,28,2270.66,1.3796158886262484,1.4766740223019383
scope_20260424_115654,sweep_214,28,2270.49,1.4360242110824024,1.3966763500141206
scope_20260424_115654,sweep_215,28,2270.75,1.4361064302524265,1.4836113602952654
scope_20260424_115654,sweep_216,28,2270.66,1.4360779703031952,1.2486013486646284
scope_20260424_115654,sweep_217,29,2449.58,1.4915842163846884,1.5093926362056218
scope_20260424_115654,sweep_218,29,2449.48,1.491553770360481,1.365074752279747
scope_20260424_115654,sweep_219,30,2459.22,1.4945163012877571,1.492993194821927
scope_20260424_115654,sweep_220,30,2459.12,1.4944859149966856,1.4844476896966166
scope_20260424_115654,sweep_221,30,2459.12,1.4944859149966856,1.4868077440608214
scope_20260424_115654,sweep_222,30,2459.22,1.4945163012877571,1.4922921582458983
scope_20260424_115654,sweep_227,33,2670.23,1.5573144050092804,1.3861140454327145
scope_20260424_115654,sweep_228,34,2647.6,1.5507013021194915,1.3290838602583683
scope_20260424_115654,sweep_229,34,2636.32,1.486555728429482,1.5596373910568009
scope_20260424_115654,sweep_230,34,2647.72,1.4897663505275818,1.498002395992209
scope_20260424_115654,sweep_231,34,2647.49,1.4897016432129633,1.4331903944187319
scope_20260424_115654,sweep_232,34,2647.37,1.4896678817591154,1.4212223034221212
scope_20260424_115654,sweep_233,34,2647.25,1.431887666612664,1.479194674518511
scope_20260424_115654,sweep_234,34,2647.49,1.431952572694718,1.480211957289883
scope_20260424_115654,sweep_235,34,2647.49,1.3772164857864309,1.4751195299889843
scope_20260424_115654,sweep_236,34,2647.37,1.3771852736097943,1.4207037480710691
scope_20260424_115654,sweep_237,34,2647.37,1.3771852736097943,1.537762227887282
scope_20260424_115654,sweep_238,35,2853.75,1.375960655525955,1.2917168690961636
scope_20260424_115654,sweep_239,36,2840.77,1.3728278786178871,1.5297952337078828
scope_20260424_115654,sweep_240,36,2841.04,1.3728931170427243,1.4509419813069375
scope_20260424_115654,sweep_241,36,2828.32,1.3698162876005933,1.4982258541815794
scope_20260424_115654,sweep_242,36,2840.64,1.3217638797752647,1.48354465162377
scope_20260424_115654,sweep_243,36,2841.04,1.3218569374913112,1.4551429869196812
scope_20260424_115654,sweep_244,36,2841.04,1.3218569374913112,1.464042020573438
scope_20260424_115654,sweep_245,36,2828.19,1.3188641756975352,1.4536504465441655
scope_20260424_115654,sweep_246,36,2828.45,1.3189247969438274,1.46408691288021
scope_20260424_115654,sweep_247,36,2827.79,1.270419672941796,1.504260623305668
scope_20260424_115654,sweep_248,37,2962.67,1.300365004153017,1.3569280826445955
scope_20260424_115654,sweep_249,37,2976.63,1.3034250414671984,1.389570411197041
scope_20260424_115654,sweep_250,37,2962.82,1.300397922480367,1.407937163216258
scope_20260424_115654,sweep_251,37,2962.96,1.30042864550076,1.3255092179177383
scope_20260424_115654,sweep_252,37,2962.82,1.300397922480367,1.3339226595625406
scope_20260424_115654,sweep_253,37,2962.67,1.300365004153017,1.474856395771567
scope_20260424_115654,sweep_254,37,2962.82,1.300397922480367,1.2898449609388838
scope_20260424_115654,sweep_255,37,2962.67,1.300365004153017,1.3835120887502521
scope_20260424_115654,sweep_256,37,2962.82,1.3498901063611601,1.447003249289008
scope_20260424_115654,sweep_257,37,2962.67,1.3498559351865993,1.4146430605498976
scope_20260424_115654,sweep_258,37,2962.67,1.3498559351865993,1.2830344845461263
scope_20260424_115654,sweep_259,37,2962.82,1.3498901063611601,1.3130757443867138
scope_20260424_115654,sweep_260,37,2976.78,1.353066526212738,0.9333863282274841
scope_20260424_115654,sweep_261,37,2962.52,1.3498217631469842,1.1921559233888883
scope_20260424_115654,sweep_262,37,2976.78,1.353066526212738,1.2722350558389794
scope_20260424_115654,sweep_263,37,2962.96,1.3499219986770037,1.4224500202110548
scope_20260424_115654,sweep_264,37,2962.96,1.3499219986770037,1.3857781146182404
scope_20260424_115654,sweep_265,37,2962.52,1.3498217631469842,1.3676583209684205
scope_20260424_115654,sweep_266,37,2962.67,1.3498559351865993,1.3552544946660092
scope_20260424_115654,sweep_267,37,2962.52,1.3498217631469842,1.3628767877488848
scope_20260424_115654,sweep_268,37,2976.93,1.3531006163071027,1.4499465448029263
scope_20260424_115654,sweep_269,37,2976.63,1.353032435259462,1.414351668626027
scope_20260424_115654,sweep_270,37,2962.67,1.4019731408559737,1.3371347791001986
scope_20260424_115654,sweep_271,37,2962.82,1.4020086313610542,1.4743951688446693
scope_20260424_115654,sweep_272,37,2962.96,1.4020417550219182,1.3600698027642797
scope_20260424_115654,sweep_273,37,2962.82,1.4020086313610542,1.412607670696673
scope_20260424_115654,sweep_274,37,2962.52,1.4019376494524394,1.1420653086720807
scope_20260424_115654,sweep_275,37,2962.67,1.4019731408559737,1.3422513132699458
scope_20260424_115654,sweep_276,37,2962.52,1.4019376494524394,1.360301631786397
scope_20260424_115654,sweep_277,37,2962.67,1.4019731408559737,1.2931898435188398
scope_20260424_115654,sweep_278,37,2962.67,1.4019731408559737,1.3141936425770935
scope_20260424_115654,sweep_279,37,2962.52,1.4019376494524394,1.4063727761002784
scope_20260424_115654,sweep_280,37,2962.52,1.4019376494524394,1.356267671626048
scope_20260424_115654,sweep_281,37,2976.93,1.46039171302564,1.3893630707686173
scope_20260424_115654,sweep_282,37,2962.67,1.4568897521494961,1.3365960365131575
scope_20260424_115654,sweep_283,37,2962.67,1.4568897521494961,1.2223900920229986
scope_20260424_115654,sweep_284,37,2962.82,1.4569266328511612,1.3656781365685282
scope_20260424_115654,sweep_285,37,2962.82,1.4569266328511612,1.3977059270482484
scope_20260424_115654,sweep_286,37,2962.52,1.4568528705141839,1.398049928776402
scope_20260424_115654,sweep_287,37,2962.67,1.4568897521494961,1.4069980818938255
scope_20260424_115654,sweep_288,37,2962.67,1.4568897521494961,1.44162198158818
scope_20260424_115654,sweep_289,37,2962.52,1.4568528705141839,1.386449058819249
scope_20260424_115654,sweep_290,37,2962.38,1.45681844681214,1.2904220575703438
scope_20260424_115654,sweep_291,37,2976.78,1.4603549198332442,1.2883017015190992
scope_20260424_115654,sweep_292,37,2962.67,1.4568897521494961,1.3766082520460348
scope_20260424_115654,sweep_293,37,2962.67,1.4568897521494961,1.3804019272083123
scope_20260424_115654,sweep_294,37,2977.08,1.4604285052910893,1.4042747323642162
scope_20260424_115654,sweep_295,37,2962.82,1.4569266328511612,1.3594526450991535
scope_20260424_115654,sweep_296,37,2962.52,1.5147540256020255,1.2394602035989937
scope_20260424_115654,sweep_297,37,2962.96,1.5148665087288729,1.4286674167349618
scope_20260424_115654,sweep_298,37,2962.38,1.5147182337644949,1.411198059774325
scope_20260424_115654,sweep_299,37,2962.67,1.5147923730609147,1.3748398414762204
scope_20260424_115654,sweep_300,37,2962.67,1.5147923730609147,1.4358355815319337
scope_20260424_115654,sweep_301,37,2963.11,1.5149048533404268,1.136218754586282
scope_20260424_115654,sweep_302,37,2962.82,1.5148307195490502,1.4205396471020313
scope_20260424_115654,sweep_303,37,2962.82,1.5148307195490502,1.339535005978931
scope_20260424_115654,sweep_304,37,2962.67,1.5147923730609147,1.3983632740988863
scope_20260424_115654,sweep_305,37,2962.82,1.5148307195490502,1.3630132249481681
scope_20260424_115654,sweep_306,37,2962.67,1.5147923730609147,1.1096702297395633
scope_20260424_115654,sweep_307,37,2963.11,1.5149048533404268,1.4069961438017262
scope_20260424_115654,sweep_308,37,2962.38,1.5147182337644949,1.3893310030793233
scope_20260424_115654,sweep_309,37,2962.82,1.5148307195490502,1.3504558203409849
scope_20260424_115654,sweep_310,37,2962.52,1.5147540256020255,1.3868032562782309
scope_20260424_115654,sweep_311,37,2962.52,1.5147540256020255,1.3517558205755504
scope_20260424_115654,sweep_312,37,2962.52,1.5758423875424432,1.3203839193698748
scope_20260424_115654,sweep_313,37,2962.67,1.5758822815121245,1.215726643415425
scope_20260424_115654,sweep_314,37,2962.67,1.5758822815121245,1.3318612591777772
scope_20260424_115654,sweep_315,37,2962.52,1.5758423875424432,1.384416381458807
scope_20260424_115654,sweep_316,37,2962.52,1.5758423875424432,1.3521912488073677
scope_20260424_115654,sweep_317,37,2962.67,1.5758822815121245,1.3789858275234892
scope_20260424_115654,sweep_318,37,2962.96,1.57595940698994,1.4126896442052552
scope_20260424_115654,sweep_319,37,2962.67,1.5758822815121245,1.2849091440385527
scope_20260424_115654,sweep_320,37,2976.93,1.5796702675880248,1.3419561948041745
scope_20260424_115654,sweep_321,37,2962.82,1.575922174471903,1.4076180252104533
scope_20260424_115654,sweep_322,37,2962.82,1.575922174471903,1.4181726275508704
scope_20260424_115654,sweep_323,37,2962.67,1.5758822815121245,1.3921619632513909
scope_20260424_115654,sweep_324,37,2976.78,1.579630469284899,1.433037169518856
scope_20260424_115654,sweep_325,37,2962.67,1.5758822815121245,1.386317994874443
scope_20260424_115654,sweep_326,37,2976.93,1.5796702675880248,1.3683387162148617
scope_20260424_115654,sweep_327,37,2962.38,1.5758051522595158,1.2301816557216223
scope_20260424_115654,sweep_328,37,2962.52,1.5758423875424432,1.331395055116507
scope_20260424_115654,sweep_329,37,2962.96,1.57595940698994,1.2910947948928817
scope_20260424_115654,sweep_330,37,2976.63,1.5795906699790423,1.3923889360698576
scope_20260424_115654,sweep_331,37,2976.63,1.5795906699790423,1.4452603059557672
scope_20260424_115654,sweep_332,37,2962.82,1.575922174471903,1.4000978704842189
scope_20260424_115654,sweep_333,37,2976.63,1.5795906699790423,1.0088026937595718
scope_20260424_115654,sweep_334,37,2976.93,1.6443197634415496,1.3312973026666612
scope_20260424_115654,sweep_335,37,2976.63,1.6442369082253323,1.3736131177417497
scope_20260424_115654,sweep_336,37,2976.93,1.6443197634415496,1.3609597262867104
scope_20260424_115654,sweep_337,37,2976.78,1.6442783363553253,1.396020489351352
scope_20260424_115654,sweep_338,37,2962.67,1.6403767504621671,1.37448210243754
scope_20260424_115654,sweep_339,37,2962.96,1.6404570323729168,1.419409923015381
scope_20260424_115654,sweep_340,37,2962.67,1.6403767504621671,1.3845562106320075
scope_20260424_115654,sweep_341,37,2962.82,1.6404182760789565,1.4087289952543285
scope_20260424_115654,sweep_342,37,2962.52,1.640335223794143,1.3687180163211832
scope_20260424_115654,sweep_343,37,2962.82,1.6404182760789565,1.3246072484097309
scope_20260424_115654,sweep_344,37,2962.82,1.6404182760789565,1.3868426390900024
scope_20260424_115654,sweep_345,37,2962.52,1.640335223794143,1.400517443937083
scope_20260424_115654,sweep_346,37,2963.11,1.640498555957546,1.3259664117180936
scope_20260424_115654,sweep_347,37,2962.67,1.6403767504621671,1.3749346891832288
scope_20260424_115654,sweep_348,37,2962.82,1.6404182760789565,1.3051840989310748
scope_20260424_115654,sweep_349,37,2976.49,1.6441982410288905,1.3873129515538276
scope_20260424_115654,sweep_350,37,2976.63,1.6442369082253323,1.4402565216929841
scope_20260424_115654,sweep_351,37,2962.67,1.6403767504621671,1.381452752700792
scope_20260424_115654,sweep_352,37,2962.67,1.6403767504621671,0.8827136872526548
scope_20260424_115654,sweep_353,37,2976.49,1.5795535230554885,1.3371458768857591
scope_20260424_115654,sweep_354,37,2976.93,1.5796702675880248,1.39334097536053
scope_20260424_115654,sweep_355,37,2962.52,1.5758423875424432,1.3320151551417385
scope_20260424_115654,sweep_356,37,2962.67,1.5758822815121245,1.332130622035251
scope_20260424_115654,sweep_357,37,2962.52,1.5758423875424432,1.1763358042179721
scope_20260424_115654,sweep_358,37,2976.63,1.5183570038914889,1.3722726271575876
scope_20260424_115654,sweep_359,37,2962.82,1.5148307195490502,1.304955196434784
scope_20260424_115654,sweep_360,37,2977.22,1.5185074737594073,1.3968910689485
scope_20260424_115654,sweep_361,37,2962.82,1.4569266328511612,1.3808556592285985
scope_20260424_115654,sweep_362,37,2962.67,1.4568897521494961,1.4207994217299105
scope_20260424_115654,sweep_363,37,2962.96,1.4569610539970879,1.283243712343228
scope_20260424_115654,sweep_364,37,2962.52,1.4568528705141839,1.3235117565833823
scope_20260424_115654,sweep_365,37,2962.82,1.4569266328511612,1.350771499556857
scope_20260424_115654,sweep_366,37,2976.63,1.460318125713832,1.2072400873623836
scope_20260424_115654,sweep_367,37,2962.67,1.4019731408559737,1.397924960441333
scope_20260424_115654,sweep_368,37,2962.52,1.4019376494524394,1.402077448024615
scope_20260424_115654,sweep_369,37,2977.08,1.4053785027574583,1.3145581400650965
scope_20260424_115654,sweep_370,37,2962.67,1.4019731408559737,1.320928967287842
scope_20260424_115654,sweep_371,37,2962.67,1.4019731408559737,1.2852754354449798
scope_20260424_115654,sweep_372,37,2962.82,1.4020086313610542,1.3279546384238605
scope_20260424_115654,sweep_373,37,2962.96,1.4020417550219182,1.3651288687884982
scope_20260424_115654,sweep_374,37,2962.38,1.4019045233318093,1.3409920284526429
scope_20260424_115654,sweep_375,37,2962.38,1.4019045233318093,1.3831267891533279
scope_20260424_115654,sweep_376,37,2976.63,1.4052722838741245,1.3244128565326696
scope_20260424_115654,sweep_377,37,2962.67,1.4019731408559737,1.3714647856894258
scope_20260424_115654,sweep_378,37,2962.67,1.4019731408559737,1.4054231558531345
scope_20260424_115654,sweep_379,37,2962.67,1.4019731408559737,1.3552221845343524
scope_20260424_115654,sweep_380,37,2962.82,1.4020086313610542,1.3619280722899108
scope_20260424_115654,sweep_381,37,2962.82,1.4020086313610542,1.3107839004915074
scope_20260424_115654,sweep_382,37,2976.93,1.405343097355042,1.2623114820296508
scope_20260424_115654,sweep_383,37,2962.67,1.4019731408559737,1.380110963615581
scope_20260424_115654,sweep_384,37,2976.49,1.4052392363618207,1.3159132576566042
scope_20260424_115654,sweep_385,37,2976.93,1.405343097355042,1.3001861793396288
scope_20260424_115654,sweep_386,37,2962.96,1.4020417550219182,1.2858504632578514
scope_20260424_115654,sweep_387,37,2962.67,1.4568897521494961,1.331565799301588
scope_20260424_115654,sweep_388,37,2976.78,1.4603549198332442,1.4025529926056757
scope_20260424_115654,sweep_389,37,2976.93,1.46039171302564,1.2966255676032392
scope_20260424_115654,sweep_390,37,2976.93,1.46039171302564,1.3090928737514873
scope_20260424_115654,sweep_391,37,2976.63,1.460318125713832,1.3189176748738138
scope_20260424_115654,sweep_392,37,2976.78,1.4603549198332442,1.335504644371831
scope_20260424_115654,sweep_393,37,2976.93,1.46039171302564,1.3473883600411856
scope_20260424_115654,sweep_394,37,2976.78,1.4603549198332442,1.3495019318725592
scope_20260424_115654,sweep_395,37,2976.63,1.460318125713832,1.1744154325672875
scope_20260424_115654,sweep_396,37,2977.08,1.4604285052910893,1.3441186673418832
scope_20260424_115654,sweep_397,37,2976.78,1.4603549198332442,1.4260963897442824
scope_20260424_115654,sweep_398,37,2962.67,1.4568897521494961,1.3574361668713484
scope_20260424_115654,sweep_399,37,2976.93,1.46039171302564,1.3943778453389055
scope_20260424_115654,sweep_400,37,2962.96,1.4569610539970879,1.3162922069057124
scope_20260424_115654,sweep_401,37,2977.08,1.4604285052910893,1.310285139771617
scope_20260424_115654,sweep_402,37,2962.67,1.5147923730609147,1.2830714293827912
scope_20260424_115654,sweep_403,37,2976.63,1.5183570038914889,1.2913011388410427
scope_20260424_115654,sweep_404,37,2962.96,1.5148665087288729,1.312660413038921
scope_20260424_115654,sweep_405,37,2976.63,1.5183570038914889,1.3099301989025758
scope_20260424_115654,sweep_406,37,2962.96,1.5148665087288729,1.3123930882701944
scope_20260424_115654,sweep_407,37,2962.67,1.5147923730609147,1.3028501318818242
scope_20260424_115654,sweep_408,37,2976.78,1.5183952603562467,1.3028511136248127
scope_20260424_115654,sweep_409,37,2976.93,1.518433515857145,1.324272105996878
scope_20260424_115654,sweep_410,37,2962.67,1.5147923730609147,1.3752688802005466
scope_20260424_115654,sweep_411,37,2976.49,1.5183212969880344,1.3237018667843625
scope_20260424_115654,sweep_412,37,2976.93,1.518433515857145,1.3514890945923688
scope_20260424_115654,sweep_413,37,2962.82,1.5148307195490502,1.3386110186112814
scope_20260424_115654,sweep_414,37,2976.63,1.5183570038914889,1.287925105140816
scope_20260424_115654,sweep_415,37,2962.96,1.5148665087288729,1.3826271354670074
scope_20260424_115654,sweep_416,37,2962.96,1.5148665087288729,1.2887270894913359
scope_20260424_115654,sweep_417,37,2962.82,1.5148307195490502,1.3269353537181503
scope_20260424_115654,sweep_418,37,2962.67,1.5758822815121245,1.4034182632582075
scope_20260424_115654,sweep_419,37,2976.34,1.579513721810803,1.3181522106696089
scope_20260424_115654,sweep_420,37,2963.11,1.5759992979974562,1.3520359341378174
scope_20260424_115654,sweep_421,37,2962.82,1.575922174471903,1.379773902286869
scope_20260424_115654,sweep_422,37,2962.82,1.575922174471903,1.2974520452069536
scope_20260424_115654,sweep_423,37,2962.52,1.5758423875424432,1.331071660774494
scope_20260424_115654,sweep_424,37,2962.67,1.5758822815121245,1.3750291707858326
scope_20260424_115654,sweep_425,37,2962.82,1.575922174471903,1.3767102458466154
scope_20260424_115654,sweep_426,37,2962.96,1.57595940698994,1.2048116739213346
scope_20260424_115654,sweep_427,37,2962.52,1.5758423875424432,1.3642772950912556
scope_20260424_115654,sweep_428,37,2962.82,1.575922174471903,1.3155162978736712
scope_20260424_115654,sweep_429,37,2962.52,1.5758423875424432,1.39941317794335
scope_20260424_115654,sweep_430,37,2962.52,1.5758423875424432,1.3933435126191778
scope_20260424_115654,sweep_431,37,2962.67,1.5758822815121245,1.3372624266385107
scope_20260424_115654,sweep_432,37,2976.78,1.579630469284899,1.3671362008398356
scope_20260424_115654,sweep_433,37,2962.52,1.5758423875424432,1.382906112061624
scope_20260424_115654,sweep_434,37,2976.49,1.5795535230554885,1.407010883583887
scope_20260424_115654,sweep_435,37,2962.38,1.5758051522595158,1.4447865100685608
scope_20260424_115654,sweep_436,37,2976.49,1.5795535230554885,1.37412495089136
scope_20260424_115654,sweep_437,37,2976.63,1.5795906699790423,1.2252263229270206
scope_20260424_115654,sweep_438,37,2962.96,1.6404570323729168,1.3198369564012402
scope_20260424_115654,sweep_439,37,2962.52,1.640335223794143,1.3125094299321074
scope_20260424_115654,sweep_440,37,2962.67,1.6403767504621671,1.342743111492061
scope_20260424_115654,sweep_441,37,2962.82,1.6404182760789565,1.395396823878026
scope_20260424_115654,sweep_442,37,2962.38,1.6402964646221367,1.3179612115279078
scope_20260424_115654,sweep_443,37,2962.67,1.6403767504621671,1.3341388432295376
scope_20260424_115654,sweep_444,37,2962.67,1.6403767504621671,1.3559176988331514
scope_20260424_115654,sweep_445,37,2962.82,1.6404182760789565,1.221060847781241
scope_20260424_115654,sweep_446,37,2962.67,1.6403767504621671,1.4247748154903497
scope_20260424_115654,sweep_447,37,2962.96,1.6404570323729168,1.3263313312872913
scope_20260424_115654,sweep_448,37,2962.52,1.640335223794143,1.367455131508408
scope_20260424_115654,sweep_449,37,2962.67,1.6403767504621671,1.4039565198873087
scope_20260424_115654,sweep_450,37,2962.67,1.6403767504621671,1.3845523915348734
scope_20260424_115654,sweep_451,37,2962.67,1.6403767504621671,1.3904589336311968
scope_20260424_115654,sweep_452,37,2976.63,1.6442369082253323,1.4178287102953802
scope_20260424_115654,sweep_453,37,2962.82,1.6404182760789565,1.3801252145984861
scope_20260424_115654,sweep_454,37,2962.96,1.6404570323729168,1.3893126840007006
scope_20260424_115654,sweep_455,37,2976.78,1.6442783363553253,1.3251815554231818
scope_20260424_115654,sweep_456,37,2962.67,1.5758822815121245,1.1754788011601456
scope_20260424_115654,sweep_457,37,2976.63,1.5795906699790423,1.3205010612207142
scope_20260424_115654,sweep_458,37,2962.67,1.5758822815121245,1.302786257356576
scope_20260424_115654,sweep_459,37,2976.34,1.579513721810803,1.373181971957132
scope_20260424_115654,sweep_460,37,2962.52,1.5147540256020255,1.385804383198751
scope_20260424_115654,sweep_461,37,2962.67,1.5147923730609147,1.409147129017391
scope_20260424_115654,sweep_462,37,2976.93,1.518433515857145,1.3211869520741353
scope_20260424_115654,sweep_463,37,2962.52,1.4568528705141839,1.3491302004123038
scope_20260424_115654,sweep_464,37,2976.78,1.4603549198332442,1.3980767160211405
scope_20260424_115654,sweep_465,37,2962.82,1.4569266328511612,1.392693234379542
scope_20260424_115654,sweep_466,37,2962.82,1.4569266328511612,1.2838125771526816
scope_20260424_115654,sweep_467,37,2962.96,1.4569610539970879,1.3413011535224486
scope_20260424_115654,sweep_468,37,2962.52,1.4019376494524394,1.3338315715129538
scope_20260424_115654,sweep_469,38,2840.77,1.3728278786178871,1.4835484071925351
scope_20260424_115654,sweep_470,38,2840.91,1.3728617063362694,1.4927266111671371
scope_20260424_115654,sweep_471,38,2841.04,1.3728931170427243,1.4628157227620535
scope_20260424_115654,sweep_472,38,2840.77,1.3728278786178871,1.4584101359155852
scope_20260424_115654,sweep_473,38,2840.64,1.3727964664187238,1.4839464441081722
scope_20260424_115654,sweep_474,38,2840.91,1.3728617063362694,1.42630686422704
scope_20260424_115654,sweep_475,38,2840.91,1.3728617063362694,1.3154504099093793
scope_20260424_115654,sweep_476,38,2840.91,1.3728617063362694,1.493652413326514
scope_20260424_115654,sweep_477,38,2827.92,1.3697194198682872,1.470866550952925
scope_20260424_115654,sweep_478,38,2840.77,1.3728278786178871,1.4684148113422857
scope_20260424_115654,sweep_479,38,2840.91,1.3728617063362694,1.3890443628835183
scope_20260424_115654,sweep_480,39,2647.6,1.3253306439812607,1.4510970225679505
scope_20260424_115654,sweep_481,39,2647.49,1.3253031118984089,1.4336233089898618
scope_20260424_115654,sweep_482,39,2647.6,1.3253306439812607,1.261724098897497
scope_20260424_115654,sweep_483,39,2647.6,1.3253306439812607,1.4249679939440094
scope_20260424_115654,sweep_484,39,2647.72,1.3253606783284502,1.4538866765663543
scope_20260424_115654,sweep_485,39,2647.6,1.3253306439812607,1.2682082414203621
scope_20260424_115654,sweep_487,41,2647.6,1.3253306439812607,1.256339523720053
scope_20260424_115654,sweep_488,41,2647.72,1.3253606783284502,1.3918280571551174
scope_20260424_115654,sweep_489,41,2647.37,1.3252730762466052,1.0898008537011157
scope_20260424_115654,sweep_501,43,2270.75,1.275468419459905,1.3092086561509477
scope_20260424_115654,sweep_502,43,2278.77,1.2777188302340674,1.4521861894853434
scope_20260424_115654,sweep_503,43,2278.86,1.2777440617316111,1.2242925356928525
scope_20260424_115654,sweep_504,43,2271.01,1.2755414376910978,1.4064681599083189
scope_20260424_115654,sweep_505,43,2270.83,1.2754908870531805,1.4186256026909096
scope_20260424_115654,sweep_506,43,2270.83,1.2754908870531805,1.4043302808219555
scope_20260424_115654,sweep_507,43,2270.75,1.275468419459905,1.4055608821686856
scope_20260424_115654,sweep_508,43,2279.03,1.2777917198676152,1.28828257530015
scope_20260424_115654,sweep_509,43,2278.86,1.2777440617316111,1.340909504131936
scope_20260424_115654,sweep_510,43,2279.03,1.3285762692476097,1.299685204349505
scope_20260424_115654,sweep_511,44,2060.16,1.2631704144077214,1.1635612893347387
scope_20260424_115654,sweep_512,44,2087.68,1.2715792583704775,1.2616086486039633
scope_20260424_115654,sweep_513,44,2087.76,1.2716036216268551,1.163090401148338
scope_20260424_115654,sweep_514,44,2087.9,1.271646256202347,1.084627152199069
scope_20260424_115654,sweep_515,44,2087.76,1.2716036216268551,1.333134133668412
scope_20260424_115654,sweep_516,44,2081.38,1.2696591839021316,1.1464082134800517
scope_20260424_115654,sweep_517,44,2080.88,1.269506672654293,1.2337667073921792
scope_20260424_115654,sweep_518,44,2087.54,1.271536621548551,1.058536280425516
scope_20260424_115654,sweep_519,44,2087.68,1.2715792583704775,1.2044665131691425
scope_20260424_115654,sweep_520,44,2081.09,1.269570729609871,1.2929549501315218
scope_20260424_115654,sweep_521,44,2087.76,1.2716036216268551,1.260022797021104
scope_20260424_115654,sweep_533,46,1709.35,1.1970095926215545,1.2638065848929618
scope_20260424_115654,sweep_534,46,1709.26,1.1969780799759806,1.2455951097844506
scope_20260424_115654,sweep_535,46,1713.99,1.1986331221719182,1.3215706065183956
scope_20260424_115654,sweep_536,46,1709.35,1.1970095926215545,1.0431927555590552
scope_20260424_115654,sweep_537,46,1709.4,1.1970270992884067,1.122853958738788
scope_20260424_115654,sweep_538,46,1709.35,1.1970095926215545,1.2358611177849206
scope_20260424_115654,sweep_539,46,1713.94,1.1986156389622167,1.2502096879830777
scope_20260424_115654,sweep_540,46,1713.94,1.1986156389622167,1.0387044345427285
scope_20260424_115654,sweep_541,46,1713.99,1.1986331221719182,1.0912633236562823
scope_20260424_115654,sweep_542,46,1709.35,1.1970095926215545,1.1009417566452853
scope_20260424_115654,sweep_543,46,1714.04,1.1986506051266137,1.0773596326835835
scope_20260424_115654,sweep_544,47,1521.3,1.129248611558914,0.9346124262572212
scope_20260424_115654,sweep_545,47,1521.34,1.1754796295581593,1.123752624863809
scope_20260424_115654,sweep_546,47,1521.3,1.1754641762425788,1.1908117486700152
scope_20260424_115654,sweep_547,47,1521.22,1.1754332690019276,1.1008940277440258
scope_20260424_115654,sweep_548,47,1521.22,1.1754332690019276,1.0612971929034598
scope_20260424_115654,sweep_549,47,1521.3,1.1754641762425788,1.0147917956379422
scope_20260424_115654,sweep_550,47,1521.18,1.1754178150768408,1.0389360966020182
scope_20260424_115654,sweep_551,47,1525.01,1.176896607896814,1.1067260137880885
scope_20260424_115654,sweep_552,47,1521.18,1.1754178150768408,0.9467707775743675
scope_20260424_115654,sweep_553,48,1312.57,1.0918505627410913,1.1261205669583427
scope_20260424_115654,sweep_554,48,1332.24,1.100001303702937,0.8955311910331509
scope_20260424_115654,sweep_555,48,1335.05,1.1011607702671402,0.9770151569258728
scope_20260424_115654,sweep_556,48,1335.08,1.101173142327186,0.8229316472167831
scope_20260424_115654,sweep_557,48,1335.11,1.101185514248229,1.1287480921941093
scope_20260424_115654,sweep_558,48,1334.96,1.1011236532529394,0.9852731569275719
scope_20260424_115654,sweep_559,48,1332.24,1.100001303702937,1.153106281140255
scope_20260424_115654,sweep_560,48,1334.99,1.1011360257300216,0.8951281163151618
scope_20260424_115654,sweep_561,48,1335.05,1.1011607702671402,0.8850313474195021
scope_20260424_115654,sweep_562,48,1335.05,1.1011607702671402,1.1232902974232084
scope_20260424_115654,sweep_563,48,1334.99,1.057842810801677,0.9813614243455896
scope_20260424_115654,sweep_564,49,1123.11,0.9702715106357395,0.7922422272585572
scope_20260424_115654,sweep_565,49,1145.83,0.9800364465990078,0.8042870765358874
scope_20260424_115654,sweep_566,49,1145.78,0.9420242624583548,0.7965101842000857
scope_20260424_115654,sweep_567,49,1145.67,0.9419790421036401,0.7539211343982776
scope_20260424_115654,sweep_568,49,1143.73,0.9411811624293542,0.6888786647938544
scope_20260424_115654,sweep_569,49,1143.69,0.9051888806656786,0.8379972129554308
scope_20260424_115654,sweep_570,49,1145.76,0.906007675056595,0.8135545276507479
scope_20260424_115654,sweep_571,49,1143.77,0.9052205386517396,0.9179945525626046
scope_20260424_115654,sweep_572,49,1145.78,0.8718638524252474,0.8471913080675113
scope_20260424_115654,sweep_573,49,1145.8,0.8718714617398434,0.7995574602120843
scope_20260424_115654,sweep_574,49,1143.82,0.8711178171574607,0.611979885898326
scope_20260424_115654,sweep_586,51,769.95,0.6168927622261825,0.5286445915395478
scope_20260424_115654,sweep_587,51,772.87,0.618833953279055,0.5898428069939652
scope_20260424_115654,sweep_588,51,772.9,0.618853890544827,0.47105419835705215
scope_20260424_115654,sweep_589,51,774.78,0.6201030303380423,0.7925192365279291
scope_20260424_115654,sweep_590,51,776.72,0.6213914962167254,0.6584246612372067
scope_20260424_115654,sweep_591,51,777.67,0.622022246397844,0.6135089929715974
scope_20260424_115654,sweep_592,51,777.67,0.622022246397844,0.5175808151872953
scope_20260424_115654,sweep_593,51,779.59,0.6232966260569772,0.47024824787294744
scope_20260424_115654,sweep_594,51,781.58,0.6246169045184823,0.5023243085344192
scope_20260424_115654,sweep_595,51,782.57,0.6252735135388341,0.47555963789251987
scope_20260424_115654,sweep_596,52,595.96,0.49874204653637577,0.44686489345383573
scope_20260424_115654,sweep_597,52,602.86,0.5035301151279279,0.49390423196880273
scope_20260424_115654,sweep_598,52,609.37,0.508039018426815,0.4229459087170886
scope_20260424_115654,sweep_599,52,613.57,0.510943639987942,0.39437346171681625
scope_20260424_115654,sweep_600,52,616.62,0.5130508296515504,0.49677593705595696
scope_20260424_115654,sweep_601,52,622.13,0.5168531055997183,0.41435899011338545
scope_20260424_115654,sweep_602,52,628.42,0.5211866455191121,0.4865523109119804
scope_20260424_115654,sweep_603,52,632.23,0.5238079834362537,0.3482886845177624
scope_20260424_115654,sweep_604,52,636.15,0.5265022017330449,0.4780278439503036
scope_20260424_115654,sweep_605,52,637.46,0.5477646383744337,0.5187452526667929
scope_20260424_115654,sweep_606,53,428.46,0.39389783048306143,0.4361577273111277
scope_20260424_115654,sweep_607,54,460.85,0.41845861638710374,0.3061628967828798
scope_20260424_115654,sweep_608,54,469.57,0.42501997172879213,0.31558749030077293
scope_20260424_115654,sweep_609,54,477.11,0.43067674744642886,0.30151344136872715
scope_20260424_115654,sweep_610,54,484.92,0.43652008753311433,0.38421071834662446
scope_20260424_115654,sweep_611,54,492.6,0.4422505806217935,0.39510864987781946
scope_20260424_115654,sweep_612,54,498.91,0.44694747377432076,0.3835346087219426
scope_20260424_115654,sweep_613,54,502.94,0.4499419444525299,0.27028074120385454
scope_20260424_115654,sweep_614,54,507.47,0.45330307312352963,0.3753862549461448
scope_20260424_115654,sweep_615,54,513.79,0.45798382586198844,0.33376293789603545
scope_20260424_115654,sweep_616,54,518.92,0.46177603814461693,0.3288786863460333
scope_20260424_115654,sweep_748,58,536.95,0.36834624567973384,0.24184732795327246
scope_20260424_115654,sweep_749,59,365.75,0.2678268742805728,0.3375865442556125
scope_20260424_115654,sweep_750,59,365.32,0.26756550184579275,0.2736622032317353
scope_20260424_115654,sweep_751,59,365.76,0.26783295208751867,0.2618804016169085
scope_20260424_115654,sweep_752,59,365.54,0.26769923380765787,0.33250926295182576
scope_20260424_115654,sweep_753,59,365.33,0.27706192263342616,0.30460517958502437
scope_20260424_115654,sweep_754,59,365.32,0.2770556279975946,0.29317347240179054
scope_20260424_115654,sweep_755,59,365.54,0.2771941032211278,0.3330376278396269
scope_20260424_115654,sweep_756,59,365.54,0.2771941032211278,0.3426575118069953
scope_20260424_115654,sweep_757,59,364.89,0.27678493093429657,0.26862799581078955
scope_20260424_115654,sweep_758,59,365.55,0.2772003972127755,0.33586732297322125
scope_20260424_115654,sweep_759,59,365.75,0.2773262709002098,0.30675263677322895
scope_20260424_115654,sweep_760,59,365.97,0.2874440365468491,0.3170967151357676
scope_20260424_115654,sweep_761,59,365.32,0.28702023272256333,0.31862539687733993
scope_20260424_115654,sweep_762,59,365.11,0.28688328409800073,0.30121006685867413
scope_20260424_115654,sweep_763,59,366.17,0.2875744119712114,0.2730763879321093
scope_20260424_115654,sweep_764,59,366.17,0.2875744119712114,0.23309118129698064
scope_20260424_115654,sweep_765,59,365.12,0.2868898057646619,0.2851192750822013
scope_20260424_115654,sweep_766,59,365.76,0.287307129314584,0.3286131556900963
scope_20260424_115654,sweep_767,59,365.12,0.2868898057646619,0.2542014518453849
scope_20260424_115654,sweep_768,59,365.33,0.2974956946262686,0.25327523549636694
scope_20260424_115654,sweep_769,59,365.98,0.2979349541213058,0.27570852938253004
scope_20260424_115654,sweep_770,59,365.75,0.29777953901203824,0.2844899669600802
scope_20260424_115654,sweep_771,59,365.98,0.2979349541213058,0.3082073076608503
scope_20260424_115654,sweep_772,59,365.55,0.29764438193335163,0.38993042440429865
scope_20260424_115654,sweep_773,60,495.32,0.38300736273788943,0.4328981076141019
scope_20260424_115654,sweep_774,60,502.98,0.387917122950845,0.36146428827736116
scope_20260424_115654,sweep_775,60,509.14,0.3918562215463159,0.3678751033382201
scope_20260424_115654,sweep_776,60,513.75,0.40940311593485423,0.3750916389071133
scope_20260424_115654,sweep_777,60,519.32,0.4130838451523742,0.3779578801459586
scope_20260424_115654,sweep_778,60,523.69,0.41596690038018497,0.5222672658065495
scope_20260424_115654,sweep_779,60,528.15,0.41890511817036186,0.45263477799692203
scope_20260424_115654,sweep_780,60,532.18,0.42155642864841303,0.38243862910073645
scope_20260424_115654,sweep_781,60,535.42,0.4236855283503119,0.456349688284887
scope_20260424_115654,sweep_782,60,540.55,0.4270521319011488,0.3493262654769485
scope_20260424_115654,sweep_794,62,904.34,0.7050194934850654,0.6105882294990708
scope_20260424_115654,sweep_795,62,896.39,0.6998714747420441,0.5824032613868366
scope_20260424_115654,sweep_796,62,891.41,0.6966427263119672,0.579912532859483
scope_20260424_115654,sweep_797,62,887.56,0.6941445038840195,0.6966394828924952
scope_20260424_115654,sweep_798,62,881.25,0.6900460248933625,0.6556338488134518
scope_20260424_115654,sweep_799,62,876.26,0.686801381238971,0.669539307773105
scope_20260424_115654,sweep_800,62,872.59,0.6844130356731318,0.49453618716699543
scope_20260424_115654,sweep_801,62,867.73,0.6812476370816112,0.7177557300368068
scope_20260424_115654,sweep_802,62,864.11,0.6788879126703513,0.7065477841717172
scope_20260424_115654,sweep_803,62,860.52,0.6765460837019439,0.7394663678437908
scope_20260424_115654,sweep_804,63,1068.95,0.8108200442171597,1.0679305836477846
scope_20260424_115654,sweep_815,65,1160.77,0.7845131152794075,0.8223184473757137
scope_20260424_115654,sweep_816,65,1152.21,0.7816150998566025,0.7227428928271781
scope_20260424_115654,sweep_825,67,1355.47,0.7613651062737588,0.8572729936638271
scope_20260424_115654,sweep_826,68,1332.09,0.7547702923358905,0.9491400232657585
scope_20260424_115654,sweep_827,68,1335.02,0.7555999142938563,0.49120090868145294
scope_20260424_115654,sweep_828,68,1335.08,0.7556168936220625,0.6291406466698819
scope_20260424_115654,sweep_829,68,1332.42,0.729007046915007,0.7247015494314908
scope_20260424_115654,sweep_830,68,1332.3,0.7289742183716847,0.8142017230196636
scope_20260424_115654,sweep_831,68,1332.27,0.7289660110048519,0.7848546013291517
scope_20260424_115654,sweep_832,68,1332.33,0.7289824256461134,0.860057308979407
scope_20260424_115654,sweep_833,68,1335.11,0.7297425658137348,0.8054780241319196
scope_20260424_115654,sweep_834,68,1335.02,0.7297179693618385,0.8717482153138477
scope_20260424_115654,sweep_835,68,1332.21,0.7289495959939624,0.7160898213310414
scope_20260424_115654,sweep_836,69,1517.53,0.7780003594550517,0.9855868918345627
scope_20260424_115654,sweep_837,69,1521.18,0.7789354302058077,1.0302203643430357
scope_20260424_115654,sweep_838,69,1521.34,0.7789763939286484,1.1380018243342935
scope_20260424_115654,sweep_839,69,1521.22,0.8065736451819154,0.9949758649816896
scope_20260424_115654,sweep_840,69,1521.26,0.8065842494119823,0.8712266317910589
scope_20260424_115654,sweep_841,69,1521.26,0.8065842494119823,0.9329768691456514
scope_20260424_115654,sweep_842,69,1521.26,0.8065842494119823,1.007920390798378
scope_20260424_115654,sweep_843,69,1521.18,0.8065630408124304,0.8533713632357224
scope_20260424_115654,sweep_844,69,1521.18,0.8065630408124304,0.9851267409414306
scope_20260424_115654,sweep_845,69,1521.3,0.8065948535026359,0.8169905739917027
scope_20260424_115654,sweep_846,69,1524.89,0.8075460035768307,0.8953166208263235
scope_20260424_115654,sweep_868,72,2080.73,1.0503522865489547,1.2924634241642436
scope_20260424_115654,sweep_869,72,2081.02,1.0504254799835717,1.2818562905973234
scope_20260424_115654,sweep_870,72,2087.61,1.052087365099992,1.3588963173872224
scope_20260424_115654,sweep_871,72,2080.88,1.0503901458588085,1.2354844634501483
scope_20260424_115654,sweep_872,72,2080.88,1.0898008723945414,1.3414723119608911
scope_20260424_115654,sweep_873,72,2080.95,1.0898192024807358,1.2244733847083547
scope_20260424_115654,sweep_874,72,2080.8,1.0897799233470804,1.20978837441769
scope_20260424_115654,sweep_875,72,2087.54,1.0915434706207117,1.1868587048033024
scope_20260424_115654,sweep_876,72,2080.8,1.0897799233470804,0.9965733305501504
scope_20260424_115654,sweep_877,72,2080.95,1.0898192024807358,1.1548422639931168
scope_20260424_115654,sweep_889,74,2459.12,1.2298032643066157,1.1841629818799553
scope_20260424_115654,sweep_890,74,2459.02,1.2297782591062383,1.1808880439222929
scope_20260424_115654,sweep_891,74,2459.42,1.2298782768573966,1.2056904354277884
scope_20260424_115654,sweep_892,74,2459.12,1.2298032643066157,1.1837215381587134
scope_20260424_115654,sweep_893,74,2459.32,1.2298532731821636,1.2664245338522147
scope_20260424_115654,sweep_894,74,2459.12,1.2298032643066157,1.250914415423416
scope_20260424_115654,sweep_895,74,2468.73,1.232203896561139,0.7945963343782922
scope_20260424_115654,sweep_896,74,2459.32,1.2298532731821636,1.1017377612966517
scope_20260424_115654,sweep_897,74,2459.22,1.2298282689985802,1.1314440079781511
scope_20260424_115654,sweep_898,74,2459.02,1.2297782591062383,1.2236434881001355
scope_20260424_115654,sweep_899,74,2468.73,1.1870265435752527,0.7064964216229863
scope_20260424_115654,sweep_900,75,2647.72,1.2293050371325716,1.3012286762867253
scope_20260424_115654,sweep_901,75,2647.6,1.1848225383300914,1.0370863480450978
scope_20260424_115654,sweep_902,76,2658.51,1.1872611855480857,1.1677082832189407
scope_20260424_115654,sweep_921,80,2977.08,1.1283485277935184,1.0234050692502166
scope_20260424_115654,sweep_922,80,2976.63,1.1282632469098288,1.0745486703744889
scope_20260424_115654,sweep_923,80,2976.93,1.128320101548479,0.9251756945592587
scope_20260424_115654,sweep_924,80,2976.93,1.128320101548479,0.985635140090793
scope_20260424_115654,sweep_925,80,2976.63,1.168842452473788,1.0305868222079844
scope_20260424_115654,sweep_926,80,2962.96,1.1661554434793528,0.9682843361981178
scope_20260424_115654,sweep_927,80,2976.78,1.1688719025833314,1.090257523026501
scope_20260424_115654,sweep_928,80,2962.67,1.166098373293797,0.914299619562856
scope_20260424_115654,sweep_929,80,2976.34,1.1687855134911849,1.0249891753420195
scope_20260424_115654,sweep_930,80,2962.52,1.1660688531362984,0.9483813436164412
scope_20260424_115654,sweep_931,80,2963.11,1.1661849614449518,1.024122415126777
scope_20260424_115654,sweep_932,80,2976.78,1.1688719025833314,1.0713273188469183
scope_20260424_115654,sweep_933,80,2976.93,1.1689013519508884,0.9915452764964804
scope_20260424_115654,sweep_934,80,2962.52,1.208599752153604,0.9173275553919057
scope_20260424_115654,sweep_935,80,2976.78,1.211505039313832,0.9541165150019413
scope_20260424_115654,sweep_936,80,2962.67,1.2086303490218255,0.8974942627609989
scope_20260424_115654,sweep_937,80,2976.78,1.211505039313832,1.0730436192672925
scope_20260424_115654,sweep_938,80,2962.82,1.208660945115497,1.0826260753189978
scope_20260424_115654,sweep_939,80,2962.52,1.208599752153604,1.0702504280034466
scope_20260424_115654,sweep_940,80,2962.52,1.208599752153604,1.1557510015555166
scope_20260424_115654,sweep_941,80,2976.63,1.2114745150484771,0.8428924245812004
scope_20260424_115654,sweep_942,80,2976.78,1.2563206270214229,0.8878909790898549
scope_20260424_115654,sweep_943,80,2976.63,1.2562889736126914,1.0334227485588074
scope_20260424_115654,sweep_944,80,2976.93,1.2563522796326567,1.0244469556721079
scope_20260424_115654,sweep_945,80,2962.67,1.2533395971511787,1.1045105172385081
scope_20260424_115654,sweep_946,80,2962.82,1.2533713250452763,0.9253726023850196
scope_20260424_115654,sweep_947,80,2977.08,1.2563839314464529,0.9694518384107821
scope_20260424_115654,sweep_948,80,2962.52,1.2533078684538796,1.0741254988078737
scope_20260424_115654,sweep_949,80,2962.38,1.2532782542783465,0.9523391413044657
scope_20260424_115654,sweep_950,80,2962.96,1.30042864550076,1.064928160757796
scope_20260424_115654,sweep_951,80,2976.93,1.3034907227343524,0.9602200314061353
scope_20260424_115654,sweep_952,80,2976.49,1.3033943890764914,1.0638133847490618
scope_20260424_115654,sweep_953,80,2976.93,1.3034907227343524,0.7600819529600272
scope_20260424_115654,sweep_954,80,2976.93,1.3034907227343524,0.9105613492597046
scope_20260424_115654,sweep_955,80,2962.67,1.300365004153017,1.0675276715770414
scope_20260424_115654,sweep_956,80,2962.67,1.300365004153017,1.131536470429028
scope_20260424_115654,sweep_957,80,2962.82,1.300397922480367,1.0639866656859043
scope_20260424_115654,sweep_958,80,2976.63,1.3034250414671984,1.152516583370794
scope_20260424_115654,sweep_959,80,2962.52,1.3498217631469842,1.100183651110321
scope_20260424_115654,sweep_960,80,2976.78,1.353066526212738,0.9619204243839011
scope_20260424_115654,sweep_961,80,2962.82,1.3498901063611601,0.9641331097843773
scope_20260424_115654,sweep_962,80,2962.82,1.3498901063611601,1.257943999943693
scope_20260424_115654,sweep_963,80,2976.34,1.352966523647397,1.497918850105374
scope_20260424_115654,sweep_964,80,2976.63,1.353032435259462,0.9685652615002146
scope_20260424_115654,sweep_965,80,2976.63,1.353032435259462,1.0123697088726547
scope_20260424_115654,sweep_966,80,2962.67,1.3498559351865993,1.0698575351114843
scope_20260424_115654,sweep_967,80,2976.49,1.353000616261418,1.2648349506950416
scope_20260424_115654,sweep_968,80,2962.52,1.3498217631469842,1.2740143250880374
scope_20260424_115654,sweep_969,80,2962.67,1.3498559351865993,1.1235907598004147
scope_20260424_115654,sweep_970,80,2976.93,1.3531006163071027,1.184072359110402
scope_20260424_115654,sweep_971,80,2962.52,1.3498217631469842,1.0005018315964516
scope_20260424_115654,sweep_972,80,2976.63,1.353032435259462,0.9169840208927293
scope_20260424_115654,sweep_973,80,2962.82,1.3498901063611601,1.1323801308661945
scope_20260424_115654,sweep_974,80,2976.93,1.3531006163071027,1.0240094407263411
scope_20260424_115654,sweep_975,80,2962.82,1.3498901063611601,1.1526580304244767
scope_20260424_115654,sweep_976,80,2976.78,1.3034578825144854,1.0873393818338004
scope_20260424_115654,sweep_977,80,2962.67,1.300365004153017,1.020071930875103
scope_20260424_115654,sweep_978,80,2962.67,1.300365004153017,1.1552082600740883
scope_20260424_115654,sweep_979,80,2962.96,1.2534009370218209,1.0713823267333173
scope_20260424_115654,sweep_980,80,2976.93,1.2563522796326567,0.8389238445045109
scope_20260424_115654,sweep_981,80,2962.67,1.2533395971511787,1.1355478318131604
scope_20260424_115654,sweep_982,80,2976.78,1.211505039313832,0.9309025058588779
scope_20260424_115654,sweep_983,80,2962.82,1.208660945115497,0.9123020858061645
scope_20260424_115654,sweep_984,80,2962.52,1.208599752153604,0.7640020044760507
scope_20260424_115654,sweep_985,80,2976.63,1.168842452473788,1.0702721823697041
scope_20260424_115654,sweep_986,80,2976.34,1.1687855134911849,1.101742982700706
scope_20260424_115654,sweep_987,80,2962.67,1.166098373293797,0.9134942994996493
scope_20260424_115654,sweep_988,80,2962.52,1.1660688531362984,0.7966888368271641
scope_20260424_115654,sweep_989,80,2976.34,1.1687855134911849,0.9700254836428
scope_20260424_115654,sweep_990,80,2962.67,1.1256144351056017,0.9084926930857626
scope_20260424_115654,sweep_991,80,2976.93,1.128320101548479,0.9676579794548942
scope_20260424_115654,sweep_992,80,2976.63,1.1282632469098288,1.0325653866905435
scope_20260424_115654,sweep_993,80,2976.93,1.128320101548479,0.85940206367639
scope_20260424_115654,sweep_994,80,2962.67,1.1256144351056017,1.0255345730649177
scope_20260424_115654,sweep_995,80,2962.67,1.1256144351056017,1.2138579211727678
scope_20260424_115654,sweep_996,80,2962.96,1.125669523961008,0.9606498071212396
scope_20260424_115654,sweep_997,80,2977.08,1.1283485277935184,0.97097837403149
scope_20260424_115654,sweep_998,80,2962.67,1.1256144351056017,0.9855505890777301
scope_20260424_115654,sweep_999,80,2976.63,1.1282632469098288,1.0441769269456194
scope_20260424_115654,sweep_1000,80,2962.96,1.125669523961008,1.0654624235185952
scope_20260424_115654,sweep_1001,80,2976.78,1.128291674587267,1.0474052341299127
scope_20260424_115654,sweep_1002,80,2976.63,1.1282632469098288,0.7576681160718228
scope_20260424_115654,sweep_1003,80,2976.93,1.1689013519508884,1.021214405157873
scope_20260424_115654,sweep_1004,80,2962.67,1.166098373293797,1.0220731426758491
scope_20260424_115654,sweep_1005,80,2976.93,1.1689013519508884,0.8816916427190328
scope_20260424_115654,sweep_1006,80,2962.96,1.1661554434793528,0.8912884762696986
scope_20260424_115654,sweep_1007,80,2962.96,1.1661554434793528,0.8893833148957976
scope_20260424_115654,sweep_1008,80,2962.67,1.166098373293797,1.0234673635480414
scope_20260424_115654,sweep_1009,80,2976.63,1.168842452473788,1.034481483315051
scope_20260424_115654,sweep_1010,80,2976.78,1.1688719025833314,0.7683111958245741
scope_20260424_115654,sweep_1011,80,2962.67,1.166098373293797,1.084279095773742
scope_20260424_115654,sweep_1012,80,2962.52,1.208599752153604,1.2976231422540259
scope_20260424_115654,sweep_1013,80,2962.67,1.2086303490218255,1.0003924957573438
scope_20260424_115654,sweep_1014,80,2976.34,1.2114154992878925,1.013919526998978
scope_20260424_115654,sweep_1015,80,2962.67,1.2086303490218255,1.324017468370409
scope_20260424_115654,sweep_1016,80,2962.96,1.2086895007708263,1.073189147780663
scope_20260424_115654,sweep_1017,80,2962.23,1.2085405960118776,1.02282106572087
scope_20260424_115654,sweep_1018,80,2962.82,1.208660945115497,1.293956889010715
scope_20260424_115654,sweep_1019,80,2962.67,1.2086303490218255,0.908683022599675
scope_20260424_115654,sweep_1020,80,2962.38,1.2532782542783465,0.9726658865385492
scope_20260424_115654,sweep_1021,80,2962.96,1.2534009370218209,0.7040333371465016
scope_20260424_115654,sweep_1022,80,2962.82,1.2533713250452763,0.9586280607180795
scope_20260424_115654,sweep_1023,80,2976.63,1.2562889736126914,1.0313035117722291
scope_20260424_115654,sweep_1024,80,2962.67,1.2533395971511787,0.9559178893675019
scope_20260424_115654,sweep_1025,80,2976.49,1.2562594297116345,0.8210756477775366
scope_20260424_115654,sweep_1026,80,2976.93,1.2563522796326567,1.0239735652621638
scope_20260424_115654,sweep_1027,80,2976.78,1.2563206270214229,1.0402272046537318
scope_20260424_115654,sweep_1028,80,2962.52,1.300332084992329,1.0408968453827192
scope_20260424_115654,sweep_1029,80,2976.78,1.3034578825144854,0.9520717906462633
scope_20260424_115654,sweep_1030,80,2976.78,1.3034578825144854,0.9442750739591539
scope_20260424_115654,sweep_1031,80,2962.82,1.300397922480367,0.8339032399394012
scope_20260424_115654,sweep_1032,80,2962.82,1.300397922480367,0.9128951869384262
scope_20260424_115654,sweep_1033,80,2963.11,1.300461562217169,1.1567696854954879
scope_20260424_115654,sweep_1034,80,2963.11,1.300461562217169,1.027040863855306
scope_20260424_115654,sweep_1035,80,2962.82,1.300397922480367,0.8045140693757884
scope_20260424_115654,sweep_1036,80,2962.96,1.30042864550076,1.0480037701225977
scope_20260424_115654,sweep_1037,80,2962.52,1.3498217631469842,1.116242742251485
scope_20260424_115654,sweep_1038,80,2976.78,1.353066526212738,1.051531123007038
scope_20260424_115654,sweep_1039,80,2976.49,1.353000616261418,1.1090097708076971
scope_20260424_115654,sweep_1040,80,2962.82,1.3498901063611601,0.9666730875875302
scope_20260424_115654,sweep_1041,80,2976.78,1.353066526212738,0.9424081729077648
scope_20260424_115654,sweep_1042,80,2962.82,1.3498901063611601,0.930958618637409
scope_20260424_115654,sweep_1043,80,2962.67,1.3498559351865993,1.0840103636214935
scope_20260424_115654,sweep_1044,80,2976.63,1.353032435259462,1.3307820401773927
scope_20260424_115654,sweep_1045,80,2963.11,1.3499561681793124,1.0848561720702692
scope_20260424_115654,sweep_1046,80,2962.96,1.3499219986770037,0.995446065648173
scope_20260424_115654,sweep_1047,80,2962.96,1.3499219986770037,1.083528865596014
scope_20260424_115654,sweep_1048,80,2976.78,1.353066526212738,1.0176756839296996
scope_20260424_115654,sweep_1049,80,2962.82,1.3498901063611601,0.9745164406284169
scope_20260424_115654,sweep_1050,80,2976.78,1.353066526212738,1.1103848636587823
scope_20260424_115654,sweep_1051,80,2962.67,1.3498559351865993,0.9715059754628284
scope_20260424_115654,sweep_1052,80,2962.96,1.3499219986770037,0.8693608908822571
scope_20260424_115654,sweep_1053,80,2977.08,1.3531347055426213,0.9206938535410822
scope_20260424_115654,sweep_1054,80,2962.82,1.300397922480367,1.1079476098691334
scope_20260424_115654,sweep_1055,80,2976.93,1.3034907227343524,0.9743703369306554
scope_20260424_115654,sweep_1056,80,2976.78,1.3034578825144854,0.998415508220488
scope_20260424_115654,sweep_1057,80,2962.82,1.2533713250452763,0.9742144741027418
scope_20260424_115654,sweep_1058,80,2962.82,1.2533713250452763,0.8233316963487783
scope_20260424_115654,sweep_1059,80,2962.67,1.2533395971511787,0.9504526222677978
scope_20260424_115654,sweep_1060,80,2977.08,1.211566085537451,1.0154128184462685
scope_20260424_115654,sweep_1061,80,2962.52,1.208599752153604,0.8841809405805159
scope_20260424_115654,sweep_1062,80,2962.67,1.2086303490218255,0.748683142529375
scope_20260424_115654,sweep_1063,80,2976.63,1.168842452473788,1.0704560621809036
scope_20260424_115654,sweep_1064,80,2962.67,1.166098373293797,1.0202366398512743
scope_20260424_115654,sweep_1065,80,2962.82,1.1661278927040024,1.0725309915250278
scope_20260424_115654,sweep_1066,80,2962.82,1.1661278927040024,1.0252957853168672
scope_20260424_115654,sweep_1067,80,2976.93,1.128320101548479,0.959809569392681
scope_20260424_115654,sweep_1068,80,2962.96,1.125669523961008,1.0325931701539355
scope_20260424_115654,sweep_1069,80,2962.67,1.1256144351056017,0.7872842099561613
scope_20260424_115654,sweep_1070,80,2962.52,1.1255859398120929,0.9053102209093066
scope_20260424_115654,sweep_1071,80,2962.52,1.1255859398120929,0.765620069664059
scope_20260424_115654,sweep_1072,80,2976.49,1.1282367137646425,1.063404669342274
scope_20260424_115654,sweep_1073,80,2962.82,1.1256429296777613,0.9718442346219481
scope_20260424_115654,sweep_1074,80,2976.63,1.1282632469098288,0.996270387688769
scope_20260424_115654,sweep_1075,80,2976.63,1.1282632469098288,0.7126872471254408
scope_20260424_115654,sweep_1076,80,2976.63,1.1282632469098288,0.9752300376343385
scope_20260424_115654,sweep_1077,80,2962.67,1.1256144351056017,0.9797325851033003
scope_20260424_115654,sweep_1078,80,2963.11,1.1256980171387139,0.966194582617947
scope_20260424_115654,sweep_1079,80,2962.82,1.1256429296777613,1.015437891038556
scope_20260424_115654,sweep_1080,80,2962.52,1.1255859398120929,0.8551153355923578
scope_20260424_115654,sweep_1081,80,2962.82,1.1256429296777613,1.0194750046992733
scope_20260424_115654,sweep_1082,80,2962.96,1.1661554434793528,0.8022523169741359
scope_20260424_115654,sweep_1083,80,2976.93,1.1689013519508884,0.9942672653958163
scope_20260424_115654,sweep_1084,80,2962.38,1.1660413003150245,0.9907233060500873
scope_20260424_115654,sweep_1085,80,2962.82,1.1661278927040024,0.9173239095147416
scope_20260424_115654,sweep_1086,80,2962.67,1.166098373293797,0.8862544216528694
scope_20260424_115654,sweep_1087,80,2976.78,1.1688719025833314,0.9795557949225353
scope_20260424_115654,sweep_1088,80,2962.67,1.166098373293797,0.8728011055912029
scope_20260424_115654,sweep_1089,80,2962.52,1.1660688531362984,0.9979442204874683
scope_20260424_115654,sweep_1090,80,2976.63,1.168842452473788,0.9118831514991544
scope_20260424_115654,sweep_1091,80,2962.82,1.208660945115497,1.0538041029416405
scope_20260424_115654,sweep_1092,80,2976.78,1.211505039313832,0.7175916640330582
scope_20260424_115654,sweep_1093,80,2962.82,1.208660945115497,1.02447874147541
scope_20260424_115654,sweep_1094,80,2976.49,1.211446025040241,0.777684550247139
scope_20260424_115654,sweep_1095,80,2962.52,1.208599752153604,0.872585521623673
scope_20260424_115654,sweep_1096,80,2976.78,1.211505039313832,0.7494951798745372
scope_20260424_115654,sweep_1097,80,2976.78,1.211505039313832,0.9417093911665457
scope_20260424_115654,sweep_1098,80,2976.78,1.211505039313832,0.8701654800080325
scope_20260424_115654,sweep_1099,80,2963.11,1.253432663363234,1.0031683697724991
scope_20260424_115654,sweep_1100,80,2976.34,1.2562277747609027,0.7782564639322918
scope_20260424_115654,sweep_1101,80,2962.82,1.2533713250452763,1.095885603302103
scope_20260424_115654,sweep_1102,80,2976.93,1.2563522796326567,1.0079949808581263
scope_20260424_115654,sweep_1103,80,2962.82,1.2533713250452763,1.0129888675584502
scope_20260424_115654,sweep_1104,80,2962.67,1.2533395971511787,1.0902253130757174
scope_20260424_115654,sweep_1105,80,2962.38,1.2532782542783465,0.9209419461206338
scope_20260424_115654,sweep_1106,80,2976.63,1.2562889736126914,1.0566978155675855
scope_20260424_115654,sweep_1107,80,2962.52,1.300332084992329,1.0377649604336314
scope_20260424_115654,sweep_1108,80,2976.78,1.3034578825144854,1.0223446021544478
scope_20260424_115654,sweep_1109,80,2976.78,1.3034578825144854,0.9533732959613731
scope_20260424_115654,sweep_1110,80,2962.96,1.30042864550076,0.9576157786662467
scope_20260424_115654,sweep_1111,80,2962.96,1.30042864550076,1.0125085316858733
scope_20260424_115654,sweep_1112,80,2962.96,1.30042864550076,0.7131682619534121
scope_20260424_115654,sweep_1113,80,2962.82,1.300397922480367,0.8964854091576367
scope_20260424_115654,sweep_1114,80,2962.52,1.300332084992329,0.7364489284640559
scope_20260424_115654,sweep_1115,80,2962.82,1.300397922480367,0.8993798725557585
scope_20260424_115654,sweep_1116,80,2962.82,1.300397922480367,1.0177196031756754
scope_20260424_115654,sweep_1117,80,2976.63,1.353032435259462,0.8033240659743455
scope_20260424_115654,sweep_1118,80,2976.93,1.3531006163071027,0.9198888189425761
scope_20260424_115654,sweep_1119,80,2976.93,1.3531006163071027,1.0177945814267446
scope_20260424_115654,sweep_1120,80,2962.67,1.3498559351865993,1.04778691544862
scope_20260424_115654,sweep_1121,80,2962.82,1.3498901063611601,1.0650726145369644
scope_20260424_115654,sweep_1122,80,2962.82,1.3498901063611601,1.153964987681168
scope_20260424_115654,sweep_1123,80,2962.96,1.3499219986770037,1.134966289969012
scope_20260424_115654,sweep_1124,80,2976.63,1.353032435259462,0.9214962076705261
scope_20260424_115654,sweep_1125,80,2962.96,1.3499219986770037,0.9626770508235346
scope_20260424_115654,sweep_1126,80,2976.63,1.353032435259462,1.0348126726782605
scope_20260424_115654,sweep_1127,80,2962.67,1.3498559351865993,0.9802739447181665
scope_20260424_115654,sweep_1128,80,2962.96,1.3499219986770037,0.8971306714873651
scope_20260424_115654,sweep_1129,80,2976.63,1.353032435259462,0.7441419978882644
scope_20260424_115654,sweep_1130,80,2962.96,1.3499219986770037,0.9654706009402243
scope_20260424_115654,sweep_1131,80,2962.67,1.3498559351865993,0.9623460884734558
scope_20260424_115654,sweep_1132,80,2977.08,1.3531347055426213,0.9605801251349989
scope_20260424_115654,sweep_1133,80,2962.82,1.3498901063611601,0.828979455908659
scope_20260424_115654,sweep_1134,80,2962.67,1.300365004153017,1.1345872775943022
scope_20260424_115654,sweep_1135,80,2962.96,1.30042864550076,0.9641569650965178
scope_20260424_115654,sweep_1136,80,2962.52,1.300332084992329,0.7983114472164438
scope_20260424_115654,sweep_1137,80,2962.82,1.2533713250452763,0.8911749657450554
scope_20260424_115654,sweep_1138,80,2976.49,1.2562594297116345,1.0851934770695593
scope_20260424_115654,sweep_1139,80,2976.93,1.2563522796326567,0.8687138516649048
scope_20260424_115654,sweep_1140,80,2962.82,1.208660945115497,0.9395132070456187
scope_20260424_115654,sweep_1141,80,2962.67,1.2086303490218255,0.865167429684465
scope_20260424_115654,sweep_1142,80,2976.34,1.2114154992878925,0.9852360474734974
scope_20260424_115654,sweep_1143,81,2827.92,1.1392711749114872,1.0505284750397874
scope_20260424_115654,sweep_1144,81,2840.91,1.141884787848822,1.135921112664642
scope_20260424_115654,sweep_1145,81,2841.04,1.1419109138655295,1.0482930126076657
scope_20260424_115654,sweep_1146,81,2841.04,1.1419109138655295,1.1170202014562636
scope_20260424_115654,sweep_1147,81,2840.91,1.141884787848822,0.9794182816094502
scope_20260424_115654,sweep_1148,81,2840.77,1.1022143235527522,1.1166953194480287
scope_20260424_115654,sweep_1149,81,2840.77,1.1022143235527522,1.1551859593224874
scope_20260424_115654,sweep_1150,81,2841.04,1.1022667020973766,1.0418686882764359
scope_20260424_115654,sweep_1151,81,2841.04,1.1022667020973766,0.641506202309931
scope_20260424_115654,sweep_1152,81,2841.18,1.1022938603628774,0.9186270468707822
scope_20260424_115654,sweep_1153,81,2840.91,1.1022414831088152,1.129925851657371
scope_20260424_115654,sweep_1154,81,2840.77,1.1022143235527522,0.9262388149378556
scope_20260424_115654,sweep_1165,83,2469.03,1.0645271273002002,1.0285206918441407
scope_20260424_115654,sweep_1166,83,2459.12,1.0623886213317313,1.1710499648537678
scope_20260424_115654,sweep_1167,83,2459.12,1.0623886213317313,0.9116621514847627
scope_20260424_115654,sweep_1168,83,2459.12,1.0623886213317313,0.9084338150718514
scope_20260424_115654,sweep_1169,83,2459.12,1.0623886213317313,0.7606027962897192
scope_20260424_115654,sweep_1170,83,2459.12,1.0623886213317313,1.0768396852847784
scope_20260424_115654,sweep_1171,83,2459.32,1.0624318224370544,1.092767472634531
scope_20260424_115654,sweep_1172,83,2459.12,1.1011379139223576,0.980445857907704
scope_20260424_115654,sweep_1173,83,2459.32,1.1011826907338176,1.0696131023104107
scope_20260424_115654,sweep_1174,83,2459.12,1.1011379139223576,0.9928468502290297
scope_20260424_115654,sweep_1175,83,2459.22,1.101160302555684,1.0508513161060251
scope_20260424_115654,sweep_1176,84,2270.58,1.058084273506902,1.023410904801226
scope_20260424_115654,sweep_1177,84,2279.03,1.0600512839644993,0.9577960660998179
scope_20260424_115654,sweep_1178,84,2279.03,1.0600512839644993,1.0032002652363918
scope_20260424_115654,sweep_1179,84,2270.66,1.0581029132369044,1.0089735298762865
scope_20260424_115654,sweep_1180,84,2278.94,1.0600303527881942,0.9283568585177047
scope_20260424_115654,sweep_1181,84,2270.58,1.0972245717496796,0.9838318727112038
scope_20260424_115654,sweep_1182,84,2278.77,1.0992016393795838,0.9934995887970591
scope_20260424_115654,sweep_1183,84,2270.66,1.097243900994317,0.9942689339256537
scope_20260424_115654,sweep_1184,84,2270.75,1.0972656459875292,0.9735282046524354
scope_20260424_115654,sweep_1185,84,2270.75,1.0972656459875292,0.9566063595676586
scope_20260424_115654,sweep_1186,85,2087.61,1.052087365099992,0.8584420184343572
scope_20260424_115654,sweep_1187,85,2087.83,1.0521428000525546,0.7767387040593556
scope_20260424_115654,sweep_1188,85,2087.83,1.0521428000525546,1.010657659015449
scope_20260424_115654,sweep_1189,85,2081.02,1.0898375322586347,0.7596043342162897
scope_20260424_115654,sweep_1190,85,2080.88,1.0898008723945414,0.8653449265309284
scope_20260424_115654,sweep_1191,85,2080.88,1.0898008723945414,1.12628680052292
scope_20260424_115654,sweep_1192,85,2087.9,1.0916375858734513,0.7369139588002512
scope_20260424_115654,sweep_1193,85,2080.8,1.0897799233470804,0.8610129999884063
scope_20260424_115654,sweep_1194,85,2087.83,1.0916192863209102,0.943951301251159
scope_20260424_115654,sweep_1195,85,2087.83,1.0916192863209102,0.9109513941787417
scope_20260424_115654,sweep_1196,86,1874.06,1.0342258266781226,0.8613782178597872
scope_20260424_115654,sweep_1197,86,1896.87,1.0405007969354316,0.8103341225894362
scope_20260424_115654,sweep_1198,86,1896.93,1.040517252874463,0.7936666419180812
scope_20260424_115654,sweep_1199,86,1896.81,1.0800844057828252,0.8657043771395792
scope_20260424_115654,sweep_1200,86,1896.87,1.0801014882929016,0.892675687244112
scope_20260424_115654,sweep_1201,86,1896.99,1.0801356525025667,0.8469658489429079
scope_20260424_115654,sweep_1202,86,1896.87,1.0801014882929016,0.7270179408438877
scope_20260424_115654,sweep_1203,86,1896.81,1.0800844057828252,0.9659777801877876
scope_20260424_115654,sweep_1204,86,1896.81,1.0800844057828252,1.0592388326504079
scope_20260424_115654,sweep_1205,86,1896.93,1.080118570532811,0.8528730086968752
scope_20260424_115654,sweep_1206,86,1896.81,1.0800844057828252,0.6967477760129421
scope_20260424_115654,sweep_1217,88,1499.25,0.9250403180175312,0.6535595895445039
scope_20260424_115654,sweep_1218,88,1521.41,0.931851624006324,0.6488331055743081
scope_20260424_115654,sweep_1219,88,1521.3,0.931817936331241,0.7096133689383028
scope_20260424_115654,sweep_1220,88,1521.22,0.8980967691927468,0.7272530192578
scope_20260424_115654,sweep_1221,88,1524.93,0.8991912558473161,0.6003213283912704
scope_20260424_115654,sweep_1222,88,1521.3,0.8660825491427172,0.5502739817205315
scope_20260424_115654,sweep_1223,88,1524.89,0.867103848097575,0.6311797923812354
scope_20260424_115654,sweep_1224,88,1521.38,0.8661053210131796,0.5508799824031627
scope_20260424_115654,sweep_1225,88,1521.18,0.8355719512090619,0.713900771136719
scope_20260424_115654,sweep_1226,88,1521.3,0.8356049080770105,0.6758249563633503
scope_20260424_115654,sweep_1227,88,1521.34,0.8356158934108099,0.591533061002926
scope_20260424_115654,sweep_1228,89,1312.45,0.776130826557163,0.5598801309276916
scope_20260424_115654,sweep_1229,89,1332.21,0.7548042879350582,0.7336306398063879
scope_20260424_115654,sweep_1230,89,1334.99,0.7555914244866712,0.7141684599639987
scope_20260424_115654,sweep_1231,89,1332.21,0.7548042879350582,0.5546114945027307
scope_20260424_115654,sweep_1232,89,1334.99,0.7555914244866712,0.7738178942259831
scope_20260424_115654,sweep_1233,89,1332.39,0.7548552784631415,0.7907499730915708
scope_20260424_115654,sweep_1234,89,1334.96,0.7555829345840936,0.6328752585640176
scope_20260424_115654,sweep_1235,89,1332.42,0.7548637765496189,0.642477909130054
scope_20260424_115654,sweep_1236,89,1332.33,0.7548382820031682,0.6446609028170415
scope_20260424_115654,sweep_1237,89,1335.14,0.7556338725687378,0.7097011228570617
scope_20260424_115654,sweep_1238,89,1335.11,0.7556253831430898,0.5552580658542082
scope_20260424_115654,sweep_1239,90,1147.95,0.700663509746459,0.5973231317481728
scope_20260424_115654,sweep_1240,90,1141.7,0.698753529446508,0.6735120555533369
scope_20260424_115654,sweep_1241,90,1141.66,0.6987412887589396,0.6935754578250033
scope_20260424_115654,sweep_1242,90,1143.64,0.6993469456143977,0.6306882882690349
scope_20260424_115654,sweep_1243,90,1143.73,0.6993744630092278,0.5740840050715399
scope_20260424_115654,sweep_1244,90,1143.69,0.699362233189638,0.625824817510558
scope_20260424_115654,sweep_1245,90,1143.69,0.699362233189638,0.4896951989234933
scope_20260424_115654,sweep_1246,90,1143.73,0.6993744630092278,0.6304696002258666
scope_20260424_115654,sweep_1247,90,1145.76,0.6999948457702667,0.687867872705621
scope_20260424_115654,sweep_1248,90,1145.67,0.6999673527641708,0.6622468908852893
scope_20260424_115654,sweep_1249,90,1143.66,0.6993530606845955,0.4894961289451932
scope_20260424_115654,sweep_1260,92,745.12,0.5186105086601716,0.5250654596491806
scope_20260424_115654,sweep_1261,93,770.04,0.5329660881935229,0.4480876511353734
scope_20260424_115654,sweep_1262,93,772.82,0.5540601154403882,0.5222036386845184
scope_20260424_115654,sweep_1263,93,774.78,0.5552261707715904,0.4904509213923305
scope_20260424_115654,sweep_1264,93,774.86,0.5552737542071233,0.5459953417476908
scope_20260424_115654,sweep_1265,93,775.72,0.5557852234144685,0.5184655636104092
scope_20260424_115654,sweep_1266,93,777.72,0.5569743141742717,0.5411740564016764
scope_20260424_115654,sweep_1267,93,778.73,0.5575746074067947,0.5178935040096723
scope_20260424_115654,sweep_1268,93,781.6,0.5592796694810815,0.3666640997077365
scope_20260424_115654,sweep_1269,93,780.64,0.5587094537854768,0.5027551293875108
scope_20260424_115654,sweep_1270,93,783.58,0.5604553635601518,0.49493980246094055
scope_20260424_115654,sweep_1271,94,598.22,0.4479674163560158,0.35723912673572406
scope_20260424_115654,sweep_1272,94,604.03,0.4682800793130121,0.4024760635653145
scope_20260424_115654,sweep_1273,94,607.58,0.4705632432954491,0.3594335532382784
scope_20260424_115654,sweep_1274,94,612.97,0.4740254652867464,0.41253375268749687
scope_20260424_115654,sweep_1275,94,618.48,0.47755942298257475,0.360960133793287
scope_20260424_115654,sweep_1276,94,622.15,0.4799102859530336,0.42273048091214194
scope_20260424_115654,sweep_1277,94,626.55,0.48272565472202916,0.44222627559552047
scope_20260424_115654,sweep_1278,95,925.0,0.6669983490265496,0.465323096746786
scope_20260424_115654,sweep_1279,96,630.37,0.4851671816022285,0.49079843446036786
scope_20260424_115654,sweep_1280,96,634.18,0.4875998129435442,0.44543659495524596
scope_20260424_115654,sweep_1281,96,636.15,0.48885665515711707,0.29060723693146995
scope_20260424_115654,sweep_1282,97,453.11,0.38271251147006174,0.2945331582527273
scope_20260424_115654,sweep_1283,97,462.93,0.3895842165582771,0.34785063567371416
scope_20260424_115654,sweep_1284,97,472.39,0.3961806046114995,0.30879932552606726
scope_20260424_115654,sweep_1285,97,480.43,0.40176919206870587,0.34015752694609047
scope_20260424_115654,sweep_1286,97,487.2,0.4064626790014924,0.4022859226375847
scope_20260424_115654,sweep_1287,97,491.82,0.4096592514735522,0.4749628416307798
scope_20260424_115654,sweep_1288,97,496.93,0.4131889157955299,0.4107316617585496
scope_20260424_115654,sweep_1289,97,502.55,0.41706373993994045,0.3054184703315712
scope_20260424_115654,sweep_1290,97,509.11,0.4215773640761187,0.35782128137118974
scope_20260424_115654,sweep_1291,97,513.32,0.42446885248361726,0.40470308548345124
scope_20260424_115654,sweep_1292,98,365.53,0.3324083253917846,0.2495590783296596
scope_20260424_115654,sweep_1293,98,365.56,0.33243096897661367,0.26635148585715207
scope_20260424_115654,sweep_1294,98,365.13,0.3321063807262934,0.22427827448573132
scope_20260424_115654,sweep_1295,98,365.95,0.3327253068432585,0.2830998932890984
scope_20260424_115654,sweep_1296,98,365.76,0.332581918137196,0.25289952126431053
scope_20260424_115654,sweep_1297,98,368.15,0.3343846774546884,0.24540319221409848
scope_20260424_115654,sweep_1298,98,377.53,0.34144086580022026,0.18082636478539016
scope_20260424_115654,sweep_1299,98,384.76,0.3468593539354984,0.24586964983737095
scope_20260424_115654,sweep_1300,98,392.02,0.3522829356083813,0.27590402005621434
scope_20260424_115654,sweep_1301,98,396.02,0.3552638268417804,0.2512895547909825
scope_20260424_115654,sweep_1302,98,400.62,0.35868553310963874,0.2949587811499173
scope_20260424_115654,sweep_1303,98,364.06,0.33129840212099004,0.2903682602558069
scope_20260424_115654,sweep_1304,98,364.26,0.33144945680223115,0.26628038648195407
scope_20260424_115654,sweep_1305,98,365.33,0.3322573600842759,0.23343972580493103
scope_20260424_115654,sweep_1306,98,364.91,0.33194028719346774,0.23619614088833535
scope_20260424_115654,sweep_1307,98,365.77,0.3325894652268328,0.1596367702504945
scope_20260424_115654,sweep_1308,98,365.98,0.3327479460082045,0.24322524632450312
scope_20260424_115654,sweep_1309,98,365.74,0.33256682385268765,0.27137022870679667
scope_20260424_115654,sweep_1310,98,365.55,0.32023549488239406,0.235872518515798
scope_20260424_115654,sweep_1311,98,366.19,0.32070077677830594,0.3132171311180212
scope_20260424_115654,sweep_1312,98,366.2,0.32070804571046874,0.25717295399899975
scope_20260424_115654,sweep_1313,98,365.13,0.3083603713408785,0.25635678334821077
scope_20260424_115654,sweep_1314,98,365.33,0.30850055549148253,0.24228384476847206
scope_20260424_115654,sweep_1315,98,364.47,0.2969143162666168,0.20741694984946826
scope_20260424_115654,sweep_1316,98,364.46,0.2969075546824743,0.2515543675858944
scope_20260424_115654,sweep_1317,98,363.83,0.2860482597245468,0.24476796217947383
scope_20260424_115654,sweep_1318,98,365.12,0.2868898057646619,0.2592133842670185
scope_20260424_115654,sweep_1319,98,365.32,0.28702023272256333,0.264159630499565
scope_20260424_115654,sweep_1320,98,364.27,0.28633535559631085,0.2729960071207251
scope_20260424_115654,sweep_1321,98,365.54,0.2771941032211278,0.24567463182916582
scope_20260424_115654,sweep_1322,98,365.53,0.2771878092002089,0.2365994535807242
scope_20260424_115654,sweep_1323,98,364.91,0.27679752269742486,0.30480367805368114
scope_20260424_115654,sweep_1324,98,365.52,0.26768707692209603,0.3380775333215912
scope_20260424_115654,sweep_1325,98,365.75,0.2678268742805728,0.2879972719764163
scope_20260424_115654,sweep_1326,98,364.91,0.26731623755663864,0.22762500324205245
scope_20260424_115654,sweep_1327,98,365.32,0.26756550184579275,0.2730686839858801
scope_20260424_115654,sweep_1328,98,364.9,0.26731015734524416,0.2627285847830882
scope_20260424_115654,sweep_1329,98,365.32,0.26756550184579275,0.24103681960768675
scope_20260424_115654,sweep_1330,98,365.1,0.26743175619228277,0.3061237672071993
scope_20260424_115654,sweep_1331,98,365.76,0.26783295208751867,0.25934416455963194
scope_20260424_115654,sweep_1332,98,365.12,0.2674439154540806,0.24043002855656576
scope_20260424_115654,sweep_1333,98,366.19,0.2680942710748705,0.28646364329590784
scope_20260424_115654,sweep_1334,98,365.54,0.26769923380765787,0.2288153056328823
scope_20260424_115654,sweep_1335,98,365.33,0.2675715808682887,0.24455630370766399
scope_20260424_115654,sweep_1336,98,365.77,0.2678390298662157,0.25221278625816873
scope_20260424_115654,sweep_1337,98,365.76,0.26783295208751867,0.26464623642299023
scope_20260424_115654,sweep_1338,98,365.55,0.2677053122080354,0.23463609024888274
scope_20260424_115654,sweep_1339,98,365.54,0.26769923380765787,0.2600981536832193
scope_20260424_115654,sweep_1340,98,365.32,0.26756550184579275,0.22499233032555224
scope_20260424_115654,sweep_1341,98,366.4,0.2682218730141698,0.32519112744718826
scope_20260424_115654,sweep_1342,98,365.75,0.2678268742805728,0.2490711579786286
scope_20260424_115654,sweep_1343,98,366.19,0.2680942710748705,0.18597933237757053
scope_20260424_115654,sweep_1344,99,227.31,0.18046980321834552,0.103963515785979
scope_20260424_115654,sweep_1345,99,227.31,0.18687078237043378,0.115684522088869
scope_20260424_115654,sweep_1346,99,227.31,0.18687078237043378,0.08616785563721185
scope_20260424_115654,sweep_1347,99,227.31,0.18687078237043378,0.09432371795841195
scope_20260424_115654,sweep_1348,99,227.31,0.18687078237043378,0.07726236616720342
scope_20260424_115654,sweep_1349,99,227.31,0.18687078237043378,0.0785836684700004
scope_20260424_115654,sweep_1350,99,227.31,0.18687078237043378,0.12320286138148505
scope_20260424_115654,sweep_1351,99,227.31,0.18687078237043378,0.13883970771965648
scope_20260424_115654,sweep_1352,99,227.31,0.18687078237043378,0.11483566081279306
scope_20260424_115654,sweep_1353,99,227.31,0.18687078237043378,0.1303243444267169
scope_20260424_115654,sweep_1354,99,227.31,0.18687078237043378,0.12083380176000515
scope_20260424_115654,sweep_1355,99,227.31,0.18687078237043378,0.10173792192965139
scope_20260424_115654,sweep_1356,99,227.31,0.18687078237043378,0.15339490855976645
scope_20260424_115654,sweep_1357,99,227.31,0.18687078237043378,0.11079552839663637
scope_20260424_115654,sweep_1358,99,227.31,0.18687078237043378,0.10710823094905708
scope_20260424_115654,sweep_1359,99,227.31,0.18687078237043378,0.05372513182203021
scope_20260424_115654,sweep_1360,99,227.31,0.18687078237043378,0.11309365675708365
scope_20260424_115654,sweep_1361,99,227.31,0.18687078237043378,0.1543176073392166
scope_20260424_115654,sweep_1362,99,227.31,0.18687078237043378,0.0722928717577655
scope_20260424_115654,sweep_1363,99,227.31,0.18687078237043378,0.11953454061454763
scope_20260424_115654,sweep_1364,99,227.31,0.18687078237043378,0.10210038537237999
scope_20260424_115654,sweep_1365,99,227.31,0.18046980321834552,0.09125104584656316
scope_20260424_115654,sweep_1366,99,227.31,0.18046980321834552,0.1189150832912243
scope_20260424_115654,sweep_1367,99,227.31,0.18046980321834552,0.10736050165281497
scope_20260424_115654,sweep_1368,99,227.31,0.17437023861977408,0.12640507128487677
scope_20260424_115654,sweep_1369,99,227.31,0.17437023861977408,0.07399531511042244
scope_20260424_115654,sweep_1370,99,227.31,0.16855473063225593,0.11287817562618375
scope_20260424_115654,sweep_1371,99,227.31,0.16855473063225593,0.06989493429168188
scope_20260424_115654,sweep_1372,99,227.31,0.16855473063225593,0.11564234058255059
scope_20260424_115654,sweep_1373,99,227.31,0.163007083253015,0.10805100132815576
scope_20260424_115654,sweep_1374,99,227.31,0.163007083253015,0.09004985214231333
scope_20260424_115654,sweep_1375,99,227.31,0.163007083253015,0.11733701090618903
scope_20260424_115654,sweep_1376,99,227.31,0.15771217467390153,0.09192705838049926
scope_20260424_115654,sweep_1377,99,227.31,0.15771217467390153,0.13025784815210995
scope_20260424_115654,sweep_1378,99,227.31,0.15771217467390153,0.10785963934636494
scope_20260424_115654,sweep_1379,99,227.31,0.15771217467390153,0.05546228470631914
scope_20260424_115654,sweep_1380,99,227.31,0.15771217467390153,0.0654701109339324
scope_20260424_115654,sweep_1381,99,227.31,0.15265587686545332,0.08065208991157868
scope_20260424_115654,sweep_1382,99,227.31,0.15265587686545332,0.09881910796550647
scope_20260424_115654,sweep_1383,99,227.31,0.15265587686545332,0.054565873601187344
scope_20260424_115654,sweep_1384,99,227.31,0.15265587686545332,0.09643097456816695
scope_20260424_115654,sweep_1385,99,227.31,0.15265587686545332,0.042923535373907015
scope_20260424_115654,sweep_1386,99,227.31,0.15265587686545332,0.09873685959203798
scope_20260424_115654,sweep_1387,99,227.31,0.15265587686545332,0.0958107606551305
scope_20260424_115654,sweep_1388,99,227.31,0.15265587686545332,0.06771053184791952
scope_20260424_115654,sweep_1389,99,227.31,0.15265587686545332,0.07025196339058924
scope_20260424_115654,sweep_1390,99,227.31,0.15265587686545332,0.07410683702481877
scope_20260424_115654,sweep_1391,99,227.31,0.15265587686545332,0.05646643918341785
scope_20260424_115654,sweep_1392,99,227.31,0.15265587686545332,0.10498982752255105
scope_20260424_115654,sweep_1393,99,227.31,0.15265587686545332,0.09695073476039358
scope_20260424_115654,sweep_1394,99,227.31,0.15265587686545332,0.09563097306819963
scope_20260424_115654,sweep_1395,99,227.31,0.15265587686545332,0.10495638845656659
scope_20260424_115654,sweep_1396,99,227.31,0.15265587686545332,0.25445667155779933
scope_20260424_115654,sweep_1397,100,363.2,0.23269812154151867,0.26907622913350016
scope_20260424_115654,sweep_1398,100,363.19,0.23269280381319019,0.2685783225770114
scope_20260424_115654,sweep_1399,100,363.61,0.23291612698173164,0.2586812078917799
scope_20260424_115654,sweep_1400,100,363.84,0.2330384044179351,0.27791150405720283
scope_20260424_115654,sweep_1401,100,363.62,0.23292144366536185,0.2336831903836478
scope_20260424_115654,sweep_1402,100,363.41,0.23280978808801717,0.2524945560554088
scope_20260424_115654,sweep_1403,100,363.63,0.2329267603241356,0.25395223306776815
scope_20260424_115654,sweep_1404,100,364.25,0.24108751573137163,0.30532237682578206
scope_20260424_115654,sweep_1405,100,365.12,0.24156535782992408,0.3018866814111062
scope_20260424_115654,sweep_1406,100,364.9,0.24144454249797356,0.266331263067119
scope_20260424_115654,sweep_1407,100,364.89,0.24143905059780674,0.3074677100513862
scope_20260424_115654,sweep_1408,100,363.84,0.24086225853298227,0.2678020282734964
scope_20260424_115654,sweep_1409,100,363.84,0.24086225853298227,0.27327891604725224
scope_20260424_115654,sweep_1410,100,364.06,0.240983133611206,0.27977225201576095
scope_20260424_115654,sweep_1411,100,364.91,0.24966734385183326,0.2737737777675945
scope_20260424_115654,sweep_1412,100,364.48,0.24942313239103603,0.22726090284323183
scope_20260424_115654,sweep_1413,100,363.62,0.24893456245003545,0.2674542261773082
scope_20260424_115654,sweep_1414,100,363.83,0.24905388252249244,0.2575779674909593
scope_20260424_115654,sweep_1415,100,364.68,0.24953672520606607,0.2767687897853869
scope_20260424_115654,sweep_1416,100,364.48,0.24942313239103603,0.2878060104259611
scope_20260424_115654,sweep_1417,100,364.26,0.25789950177100013,0.27609830030832105
scope_20260424_115654,sweep_1418,100,365.11,0.2583989034137302,0.26712542173511583
scope_20260424_115654,sweep_1419,100,364.91,0.2582814149428462,0.2929406360973464
scope_20260424_115654,sweep_1420,100,365.54,0.2586514665885495,0.25654542966644817
scope_20260424_115654,sweep_1421,100,365.77,0.25878653778414085,0.24889889469120682
scope_20260424_115654,sweep_1422,100,365.75,0.2587747930360926,0.2552953955214918
scope_20260424_115654,sweep_1423,100,364.25,0.257893625279319,0.23709492695538564
scope_20260424_115654,sweep_1424,100,364.25,0.2669148828024053,0.2887953061831475
scope_20260424_115654,sweep_1425,100,364.25,0.2669148828024053,0.25481829805618117
scope_20260424_115654,sweep_1426,100,364.69,0.2671824663611128,0.22468779119455404
scope_20260424_115654,sweep_1427,100,364.27,0.26692704688305297,0.23480316462376374
scope_20260424_115654,sweep_1428,100,364.91,0.26731623755663864,0.2975945458134532
scope_20260424_115654,sweep_1429,100,364.25,0.2669148828024053,0.26106695438141125
scope_20260424_115654,sweep_1430,100,364.69,0.2671824663611128,0.24722635828302097
scope_20260424_115654,sweep_1431,100,365.53,0.26769315537901167,0.24369908342876206
scope_20260424_115654,sweep_1432,100,364.89,0.27678493093429657,0.28448693367114775
scope_20260424_115654,sweep_1433,100,365.31,0.2770493333324711,0.24912060578360481
scope_20260424_115654,sweep_1434,100,364.46,0.276514179635633,0.2331548871547098
scope_20260424_115654,sweep_1435,100,365.13,0.27693602435027004,0.2541110033275365
scope_20260424_115654,sweep_1436,100,365.11,0.27692343387726487,0.2561351507251056
scope_20260424_115654,sweep_1437,100,364.91,0.27679752269742486,0.25108841321230535
scope_20260424_115654,sweep_1438,100,364.69,0.27665900684867484,0.2652234339876207
scope_20260424_115654,sweep_1439,100,364.69,0.27665900684867484,0.2626283631584751
scope_20260424_115654,sweep_1440,100,364.9,0.28674632208211714,0.31379042234413257
scope_20260424_115654,sweep_1441,100,365.76,0.287307129314584,0.3826827720022828
scope_20260424_115654,sweep_1442,100,365.11,0.28688328409800073,0.2783332607046736
scope_20260424_115654,sweep_1443,100,365.12,0.2868898057646619,0.3061495618372598
scope_20260424_115654,sweep_1444,100,364.05,0.2861918150339945,0.23090298784539037
scope_20260424_115654,sweep_1445,100,363.42,0.2758591146131881,0.3025975670877723
scope_20260424_115654,sweep_1446,100,363.84,0.2761236984144097,0.2160430190060628
scope_20260424_115654,sweep_1447,100,363.81,0.2761048012940288,0.28049134083253047
scope_20260424_115654,sweep_1448,100,364.25,0.2763819325233671,0.3831952400770275
scope_20260424_115654,sweep_1449,101,507.87,0.3641854900684426,0.3224005778379005
scope_20260424_115654,sweep_1450,101,512.47,0.3543528791965507,0.3381749848192867
scope_20260424_115654,sweep_1451,101,518.05,0.3575523590174172,0.31996035113449467
scope_20260424_115654,sweep_1452,101,522.84,0.34811687879762615,0.3307269078990772
scope_20260424_115654,sweep_1453,101,527.68,0.35078951037707823,0.34050049968278717
scope_20260424_115654,sweep_1454,101,532.65,0.3535295944629221,0.26779762262865725
scope_20260424_115654,sweep_1455,101,535.38,0.3431919837144187,0.31508193437849574
scope_20260424_115654,sweep_1456,101,540.07,0.34568545014742824,0.28521988684833977
scope_20260424_115654,sweep_1457,101,542.92,0.34719887043516245,0.4146539052242126
scope_20260424_115654,sweep_1458,101,546.72,0.337720951871378,0.3493804150521529
scope_20260424_115654,sweep_1470,103,906.96,0.48141352715309943,0.5429737243596173
scope_20260424_115654,sweep_1471,103,902.99,0.4796638392556199,0.5634769026519637
scope_20260424_115654,sweep_1472,103,896.47,0.4767874547462527,0.4678055087771583
scope_20260424_115654,sweep_1473,103,892.67,0.4751093948581987,0.4894801375777813
scope_20260424_115654,sweep_1474,103,888.84,0.4890974636339999,0.42740915935040447
scope_20260424_115654,sweep_1475,103,884.99,0.4873384436231187,0.4425373739248965
scope_20260424_115654,sweep_1476,103,881.29,0.4856467306275321,0.44134647541708844
scope_20260424_115654,sweep_1477,103,877.53,0.4839263470210474,0.5083319487613887
scope_20260424_115654,sweep_1478,103,872.6,0.48166873087224565,0.5332573024109145
scope_20260424_115654,sweep_1479,103,867.69,0.47941811720149247,0.4563648396647202
scope_20260424_115654,sweep_1480,103,864.06,0.4777528296831601,0.5649444930344178
scope_20260424_115654,sweep_1481,104,1047.27,0.5648084192542911,0.554561565832062
scope_20260424_115654,sweep_1482,104,1038.55,0.5624520906649192,0.49402385580978175
scope_20260424_115654,sweep_1483,104,1028.35,0.5784736255327227,0.5220969751195559
scope_20260424_115654,sweep_1484,104,1021.61,0.5765747964327997,0.5274079215553509
scope_20260424_115654,sweep_1485,104,1014.95,0.5746923427739878,0.5912813024035343
scope_20260424_115654,sweep_1486,104,1011.5,0.5737147693308515,0.538819535442141
scope_20260424_115654,sweep_1487,104,1003.46,0.5714301082302203,0.6486380796478011
scope_20260424_115654,sweep_1488,104,997.09,0.5561124346699781,0.6185599650488728
scope_20260424_115654,sweep_1489,104,993.85,0.5546121577183027,0.49447756101340357
scope_20260424_115654,sweep_1490,104,987.57,0.5704780035862068,0.5174870562741717
scope_20260424_115654,sweep_1491,105,1196.41,0.6451899193493982,0.6261457654376933
scope_20260424_115654,sweep_1492,105,1162.81,0.636065638868445,0.8186304633228373
scope_20260424_115654,sweep_1493,105,1152.12,0.6331351337146764,0.5951174986476736
scope_20260424_115654,sweep_1494,106,1143.71,0.6308200888111795,0.529039918016808
scope_20260424_115654,sweep_1495,106,1143.62,0.6307952683038228,0.5243884995761117
scope_20260424_115654,sweep_1496,106,1143.75,0.6308311198343122,0.7029752221682133
scope_20260424_115654,sweep_1497,106,1143.66,0.6525705009855853,0.7539247576795577
scope_20260424_115654,sweep_1498,106,1143.71,0.652584765788251,0.6043714827647904
scope_20260424_115654,sweep_1499,106,1145.72,0.6531579528632508,0.6467725475812481
scope_20260424_115654,sweep_1500,106,1143.62,0.6525590889189384,0.6587565982354007
scope_20260424_115654,sweep_1501,106,1143.69,0.6525790599046026,0.7526068591287035
scope_20260424_115654,sweep_1502,107,1329.4,0.7035691839119615,0.7485993144528303
scope_20260424_115654,sweep_1503,107,1332.24,0.7043203011320938,0.595911767108071
scope_20260424_115654,sweep_1504,107,1332.18,0.728941388349899,0.5546936515522274
scope_20260424_115654,sweep_1505,107,1332.3,0.7289742183716847,0.7154392383893551
scope_20260424_115654,sweep_1506,107,1332.21,0.7289495959939624,0.8285493592753354
scope_20260424_115654,sweep_1507,107,1329.4,0.728180411841706,0.7496555960024017
scope_20260424_115654,sweep_1508,107,1332.27,0.7289660110048519,0.7716011078366282
scope_20260424_115654,sweep_1509,107,1332.21,0.7289495959939624,0.6753120899221685
scope_20260424_115654,sweep_1510,107,1335.05,0.7297261682712548,0.8113422759838153
scope_20260424_115654,sweep_1511,107,1332.3,0.7548297836296661,0.7251533968272943
scope_20260424_115654,sweep_1512,108,1543.89,0.8125614064061768,0.8982751683898271
scope_20260424_115654,sweep_1513,108,1521.14,0.8065524363035216,0.809436673684352
scope_20260424_115654,sweep_1514,108,1521.22,0.8065736451819154,0.7648128935779801
scope_20260424_115654,sweep_1515,108,1521.18,0.8065630408124304,0.7063731473330209
scope_20260424_115654,sweep_1516,108,1521.11,0.8065444828303396,0.5342889119199269
scope_20260424_115654,sweep_1517,108,1521.14,0.8065524363035216,0.7854980774124514
scope_20260424_115654,sweep_1518,108,1521.14,0.8355609652975432,0.6873739987490333
scope_20260424_115654,sweep_1519,108,1521.26,0.83559392259879,0.5407991120767948
scope_20260424_115654,sweep_1520,108,1521.18,0.8355719512090619,0.7746821362051118
scope_20260424_115654,sweep_1521,108,1521.18,0.8355719512090619,0.6513708760852644
scope_20260424_115654,sweep_1522,108,1521.26,0.83559392259879,0.8056358285565586
scope_20260424_115654,sweep_1544,111,2108.96,0.8015045677385753,0.59321603215271
scope_20260424_115654,sweep_1545,111,2081.02,0.7961776048240147,0.8995751241336916
scope_20260424_115654,sweep_1546,111,2087.61,0.7974372426914291,0.9444811880900661
scope_20260424_115654,sweep_1547,111,2081.02,0.7961776048240147,0.9347389245187827
scope_20260424_115654,sweep_1548,111,2081.02,0.7961776048240147,0.9832350517011741
scope_20260424_115654,sweep_1549,111,2087.9,0.7974926286997563,0.8065371245202737
scope_20260424_115654,sweep_1550,111,2087.76,0.7974658911070363,0.810316899843927
scope_20260424_115654,sweep_1551,111,2087.83,0.7974792600154523,0.8940513539067484
scope_20260424_115654,sweep_1552,111,2087.76,0.7974658911070363,0.8030111803566443
scope_20260424_115654,sweep_1553,111,2081.09,0.7961909953641517,0.8989738098332273
scope_20260424_115654,sweep_1554,111,2080.88,0.7961508230680896,0.7791885682696598
scope_20260424_115654,sweep_1555,112,2270.58,0.8595704770501776,0.9640607481883224
scope_20260424_115654,sweep_1556,112,2270.75,0.8596026547858316,0.8741859830707144
scope_20260424_115654,sweep_1557,112,2270.66,0.8595856196640616,0.8168856684385281
scope_20260424_115654,sweep_1558,112,2270.58,0.8595704770501776,0.7628305190177325
scope_20260424_115654,sweep_1559,112,2278.86,0.8611363251678312,0.9444349182977584
scope_20260424_115654,sweep_1560,112,2270.75,0.8596026547858316,0.9855632026463166
scope_20260424_115654,sweep_1561,112,2270.66,0.8595856196640616,1.0234903402454845
scope_20260424_115654,sweep_1562,112,2278.86,0.8904435220217944,1.0293389543764766
scope_20260424_115654,sweep_1563,112,2278.86,0.8904435220217944,0.9300909426290251
scope_20260424_115654,sweep_1564,112,2270.75,0.888857655978689,0.9606441348281208
scope_20260424_115654,sweep_1565,112,2270.83,0.8888733133575702,0.8781305470218894
scope_20260424_115654,sweep_1566,113,2458.92,0.9249531925298814,0.8723441756826885
scope_20260424_115654,sweep_1567,113,2459.32,0.9250284219459952,0.9318268415993963
scope_20260424_115654,sweep_1568,113,2459.32,0.9569439318597751,0.8449972430161878
scope_20260424_115654,sweep_1569,113,2459.12,0.9569050201529574,0.9646460531773293
scope_20260424_115654,sweep_1570,113,2459.22,0.9569244762041508,1.0652859340736551
scope_20260424_115654,sweep_1571,113,2459.02,0.95688556370617,0.9226815357673644
scope_20260424_115654,sweep_1572,113,2459.02,0.95688556370617,0.9305880683644724
scope_20260424_115654,sweep_1573,113,2468.83,0.9587923606924125,0.9027708453855154
scope_20260424_115654,sweep_1574,113,2459.22,0.9903982083316208,0.9086051049011074
scope_20260424_115654,sweep_1575,113,2468.83,0.9923314324224948,0.9130976876022925
scope_20260424_115654,sweep_1576,114,2670.23,1.0320137660601176,1.0711931570502964
scope_20260424_115654,sweep_1577,114,2658.51,1.029746451556813,0.9437815923521078
scope_20260424_115654,sweep_1578,114,2658.51,1.029746451556813,1.0348605922649958
scope_20260424_115654,sweep_1579,115,2647.49,1.0276099935400445,0.877438237821886
scope_20260424_115654,sweep_1580,115,2647.6,1.064079803442087,1.1197168669024493
scope_20260424_115654,sweep_1581,115,2647.37,1.0640335835315653,0.895619783814081
scope_20260424_115654,sweep_1582,115,2647.6,1.064079803442087,0.6870639919082332
scope_20260424_115654,sweep_1583,115,2647.37,1.0640335835315653,1.0135933267831954
scope_20260424_115654,sweep_1584,115,2647.6,1.064079803442087,1.1345539497417625
scope_20260424_115654,sweep_1585,115,2647.49,1.0640576985179746,0.9833272929588682
scope_20260424_115654,sweep_1586,115,2647.72,1.102375563402566,1.0135473451854444
scope_20260424_115654,sweep_1587,116,2828.05,1.1392973608627643,1.084147763843835
scope_20260424_115654,sweep_1588,116,2840.91,1.141884787848822,1.2212481494703062
scope_20260424_115654,sweep_1589,116,2840.64,1.1418305242117333,1.103843939920191
scope_20260424_115654,sweep_1590,116,2840.77,1.1418566514700084,1.0149112564786893
scope_20260424_115654,sweep_1591,116,2840.64,1.1418305242117333,1.1609602384189517
scope_20260424_115654,sweep_1592,116,2840.64,1.1418305242117333,1.152026037743181
scope_20260424_115654,sweep_1593,116,2828.05,1.1392973608627643,1.0567525635133428
scope_20260424_115654,sweep_1594,116,2840.51,1.1418043963556026,0.9035215200956601
scope_20260424_115654,sweep_1595,116,2840.77,1.1418566514700084,1.0907092686483084
scope_20260424_115654,sweep_1596,116,2828.19,1.0997711055021435,0.7294206170605056
scope_20260424_115654,sweep_1597,116,2828.19,1.0997711055021435,1.1046808480708759
scope_20260424_115654,sweep_1598,117,2962.82,1.1256429296777613,0.8969184552106629
scope_20260424_115654,sweep_1599,117,2962.96,1.125669523961008,0.7790196442862695
scope_20260424_115654,sweep_1600,117,2976.63,1.0896162769023876,0.9272307760247144
scope_20260424_115654,sweep_1601,117,2962.67,1.087058196184752,0.9757663562016197
scope_20260424_115654,sweep_1602,117,2962.82,1.087085714717961,1.103139661634109
scope_20260424_115654,sweep_1603,117,2976.93,1.0528421985010354,0.9532831917091336
scope_20260424_115654,sweep_1604,117,2976.93,1.0528421985010354,1.1323530538863005
scope_20260424_115654,sweep_1605,117,2962.96,1.0153375556381634,1.0017580257723158
scope_20260424_115654,sweep_1606,117,2976.63,1.0176770560535175,1.1420343724150692
scope_20260424_115654,sweep_1607,117,2962.96,1.0153375556381634,0.9503666073378207
scope_20260424_115654,sweep_1608,117,2976.93,1.017728338111533,0.9591595034727414
scope_20260424_115654,sweep_1609,117,2977.08,0.9842566080975306,0.8773307642419865
scope_20260424_115654,sweep_1610,117,2976.49,0.9841590728997719,0.8618059297254996
scope_20260424_115654,sweep_1611,117,2962.96,0.9819197173582628,0.9759982329887094
scope_20260424_115654,sweep_1612,117,2976.63,0.9841822177196922,1.0738455714328168
scope_20260424_115654,sweep_1613,117,2962.82,0.9818965192077106,0.8839595645646109
scope_20260424_115654,sweep_1614,117,2976.49,0.9841590728997719,0.9856107704723654
scope_20260424_115654,sweep_1615,117,2962.82,0.9818965192077106,1.0816880712329182
scope_20260424_115654,sweep_1616,117,2976.63,0.9841822177196922,1.1326056439851093
scope_20260424_115654,sweep_1617,117,2976.78,0.9842070151370526,0.867471807246691
scope_20260424_115654,sweep_1618,117,2976.78,0.9842070151370526,0.9643851168307249
scope_20260424_115654,sweep_1619,117,2976.78,0.9842070151370526,0.8965864899256328
scope_20260424_115654,sweep_1620,117,2976.93,0.9842318119296496,0.9529263030768627
scope_20260424_115654,sweep_1621,117,2962.52,0.9818468070394425,0.9277129983533539
scope_20260424_115654,sweep_1622,117,2962.96,0.9819197173582628,1.0810046416168264
scope_20260424_115654,sweep_1623,117,2976.78,0.9842070151370526,1.0707743394702713
scope_20260424_115654,sweep_1624,117,2976.93,0.9842318119296496,0.9451575420534989
scope_20260424_115654,sweep_1625,117,2976.78,0.9842070151370526,0.8112155643267304
scope_20260424_115654,sweep_1626,117,2976.78,0.9842070151370526,0.9696379110284415
scope_20260424_115654,sweep_1627,117,2962.82,1.0153135679810663,1.124955995377292
scope_20260424_115654,sweep_1628,117,2962.96,1.0153375556381634,1.0118993640314173
scope_20260424_115654,sweep_1629,117,2962.96,1.0153375556381634,0.9111264276810206
scope_20260424_115654,sweep_1630,117,2976.93,1.017728338111533,0.957995445857379
scope_20260424_115654,sweep_1631,117,2962.52,1.0152621639502453,1.052883210253829
scope_20260424_115654,sweep_1632,117,2976.63,1.0176770560535175,0.8723034371817368
scope_20260424_115654,sweep_1633,117,2962.52,1.0152621639502453,0.7974281167974983
scope_20260424_115654,sweep_1634,117,2962.82,1.0503441135034683,0.847334183070932
scope_20260424_115654,sweep_1635,117,2976.78,1.0528156731344325,0.8019297702380916
scope_20260424_115654,sweep_1636,117,2976.49,1.0527643888639102,0.893524165215515
scope_20260424_115654,sweep_1637,117,2962.82,1.0503441135034683,0.8853232320918059
scope_20260424_115654,sweep_1638,117,2976.78,1.0528156731344325,0.8901673135758482
scope_20260424_115654,sweep_1639,117,2976.49,1.0527643888639102,0.8717004016039517
scope_20260424_115654,sweep_1640,117,2962.82,1.087085714717961,0.8912240906758114
scope_20260424_115654,sweep_1641,117,2976.78,1.089643730832254,0.932362319506864
scope_20260424_115654,sweep_1642,117,2962.96,1.0871113980538114,1.0023689186438256
scope_20260424_115654,sweep_1643,117,2977.08,1.089698636616959,0.721830802930506
scope_20260424_115654,sweep_1644,117,2963.11,1.0871389152403317,0.9534886767793143
scope_20260424_115654,sweep_1645,117,2976.93,1.089671184070427,0.995749537485171
scope_20260424_115654,sweep_1646,117,2976.78,1.128291674587267,1.039207192271476
scope_20260424_115654,sweep_1647,117,2976.63,1.1282632469098288,0.9559757068587872
scope_20260424_115654,sweep_1648,117,2976.93,1.128320101548479,0.9558829769988751
scope_20260424_115654,sweep_1649,117,2962.82,1.1256429296777613,0.825606829012661
scope_20260424_115654,sweep_1650,117,2962.67,1.1256144351056017,1.011755529938541
scope_20260424_115654,sweep_1651,117,2962.96,1.125669523961008,1.0667964834635137
scope_20260424_115654,sweep_1652,117,2962.67,1.166098373293797,0.9862361158538727
scope_20260424_115654,sweep_1653,117,2962.82,1.1661278927040024,1.0338089474306522
scope_20260424_115654,sweep_1654,117,2976.78,1.1688719025833314,1.1136277778779244
scope_20260424_115654,sweep_1655,117,2976.49,1.1688149650353943,1.0093596373830718
scope_20260424_115654,sweep_1656,117,2962.96,1.1661554434793528,0.9781824391973555
scope_20260424_115654,sweep_1657,117,2976.78,1.1688719025833314,1.0131920263361962
scope_20260424_115654,sweep_1658,117,2962.82,1.1661278927040024,1.1315756015331804
scope_20260424_115654,sweep_1659,117,2962.82,1.1661278927040024,1.0804403525183963
scope_20260424_115654,sweep_1660,117,2962.38,1.1660413003150245,0.9049846102785397
scope_20260424_115654,sweep_1661,117,2962.82,1.1256429296777613,0.98190076884992
scope_20260424_115654,sweep_1662,117,2976.93,1.128320101548479,0.9836505143203441
scope_20260424_115654,sweep_1663,117,2962.52,1.1255859398120929,0.865020611352154
scope_20260424_115654,sweep_1664,117,2976.93,1.128320101548479,0.9401296602935071
scope_20260424_115654,sweep_1665,117,2976.63,1.0896162769023876,0.9412664321752751
scope_20260424_115654,sweep_1666,117,2962.38,1.0870049917118052,0.9625358237787653
scope_20260424_115654,sweep_1667,117,2976.93,1.089671184070427,0.8800051897008411
scope_20260424_115654,sweep_1668,117,2976.78,1.0528156731344325,0.9283072389218323
scope_20260424_115654,sweep_1669,117,2977.08,1.0528687231993734,0.8145936161700683
scope_20260424_115654,sweep_1670,117,2976.78,1.0528156731344325,0.7830723992309974
scope_20260424_115654,sweep_1671,117,2962.96,1.0153375556381634,0.9035782672113739
scope_20260424_115654,sweep_1672,117,2976.78,1.0177026974055383,0.8747558457305525
scope_20260424_115654,sweep_1673,117,2962.96,1.0153375556381634,0.9708861178513659
scope_20260424_115654,sweep_1674,117,2962.82,0.9818965192077106,0.8632972038266652
scope_20260424_115654,sweep_1675,117,2962.52,0.9818468070394425,1.0589574751924515
scope_20260424_115654,sweep_1676,117,2962.67,0.9818716634381924,0.9256737654250092
scope_20260424_115654,sweep_1677,117,2976.78,0.9842070151370526,0.8223571667588052
scope_20260424_115654,sweep_1678,117,2962.82,0.9818965192077106,0.9200613988137146
scope_20260424_115654,sweep_1679,117,2962.67,0.9818716634381924,0.8543172228723672
scope_20260424_115654,sweep_1680,117,2976.63,0.9841822177196922,0.8987923850130033
scope_20260424_115654,sweep_1681,117,2962.67,0.9818716634381924,0.8490985849169009
scope_20260424_115654,sweep_1682,117,2976.93,0.9842318119296496,0.9006011620202675
scope_20260424_115654,sweep_1683,117,2962.82,0.9818965192077106,0.8686590715147766
scope_20260424_115654,sweep_1684,117,2962.82,0.9818965192077106,0.9770758388726977
scope_20260424_115654,sweep_1685,117,2976.49,0.9841590728997719,0.8444284430680227
scope_20260424_115654,sweep_1686,117,2962.82,0.9818965192077106,0.9718881192207388
scope_20260424_115654,sweep_1687,117,2963.26,0.9819694258354486,0.9357781332618867
scope_20260424_115654,sweep_1688,117,2976.63,0.9841822177196922,0.8306735522915204
scope_20260424_115654,sweep_1689,117,2962.96,0.9819197173582628,0.9263601606002836
scope_20260424_115654,sweep_1690,117,2976.63,0.9841822177196922,0.9602246710662111
scope_20260424_115654,sweep_1691,117,2976.49,0.9841590728997719,0.9899536815846702
scope_20260424_115654,sweep_1692,117,2976.78,1.0177026974055383,0.9462186981663298
scope_20260424_115654,sweep_1693,117,2962.67,1.015287866290979,0.9202946853043426
scope_20260424_115654,sweep_1694,117,2976.93,1.017728338111533,0.8868481225466627
scope_20260424_115654,sweep_1695,117,2962.82,1.0153135679810663,0.7967264355380849
scope_20260424_115654,sweep_1696,117,2977.08,1.0177539781715506,0.7892399054362753
scope_20260424_115654,sweep_1697,117,2976.63,1.0176770560535175,0.9268888611792513
scope_20260424_115654,sweep_1698,117,2976.78,1.0177026974055383,0.9446898431592822
scope_20260424_115654,sweep_1699,117,2976.93,1.0528421985010354,0.9664248169673705
scope_20260424_115654,sweep_1700,117,2962.82,1.0503441135034683,0.8909313696376256
scope_20260424_115654,sweep_1701,117,2976.49,1.0527643888639102,0.8786903918767669
scope_20260424_115654,sweep_1702,117,2963.11,1.050395515940968,0.9828269569597919
scope_20260424_115654,sweep_1703,117,2962.52,1.0502909359208121,0.8243895022470997
scope_20260424_115654,sweep_1704,117,2976.63,1.0527891470995143,0.795022196239101
scope_20260424_115654,sweep_1705,117,2962.52,1.0870306769549025,0.9599230278205044
scope_20260424_115654,sweep_1706,117,2976.78,1.089643730832254,0.9117189341266303
scope_20260424_115654,sweep_1707,117,2976.78,1.089643730832254,1.0450779806791648
scope_20260424_115654,sweep_1708,117,2976.49,1.0895906526104047,0.9877837348278999
scope_20260424_115654,sweep_1709,117,2962.82,1.087085714717961,0.8899549337197656
scope_20260424_115654,sweep_1710,117,2976.63,1.0896162769023876,0.9868869666143518
scope_20260424_115654,sweep_1711,117,2962.82,1.1256429296777613,0.8507133510010202
scope_20260424_115654,sweep_1712,117,2977.08,1.1283485277935184,0.7436322360281119
scope_20260424_115654,sweep_1713,117,2962.82,1.1256429296777613,0.7354083396980191
scope_20260424_115654,sweep_1714,117,2976.63,1.1282632469098288,1.0341811045374805
scope_20260424_115654,sweep_1715,117,2962.82,1.1256429296777613,0.8847237384742461
scope_20260424_115654,sweep_1716,117,2976.93,1.128320101548479,1.183183211676821
scope_20260424_115654,sweep_1717,117,2976.34,1.1687855134911849,1.0017501437933016
scope_20260424_115654,sweep_1718,117,2962.82,1.1661278927040024,0.9301150905354161
scope_20260424_115654,sweep_1719,117,2976.63,1.168842452473788,1.0632691431143768
scope_20260424_115654,sweep_1720,117,2962.52,1.1660688531362984,1.1878332106778746
scope_20260424_115654,sweep_1721,117,2962.67,1.166098373293797,0.9550779335412333
scope_20260424_115654,sweep_1722,117,2962.82,1.1661278927040024,0.9381556346072736
scope_20260424_115654,sweep_1723,117,2962.82,1.1661278927040024,0.8914277386972147
scope_20260424_115654,sweep_1724,117,2976.63,1.168842452473788,1.0860052368345945
scope_20260424_115654,sweep_1725,117,2976.63,1.1282632469098288,1.007032930932912
scope_20260424_115654,sweep_1726,117,2962.67,1.1256144351056017,1.0250088172045808
scope_20260424_115654,sweep_1727,117,2962.82,1.1256429296777613,0.9271134062651014
scope_20260424_115654,sweep_1728,117,2962.82,1.1256429296777613,0.981867551221632
scope_20260424_115654,sweep_1729,117,2976.49,1.0895906526104047,0.8521234509428425
scope_20260424_115654,sweep_1730,117,2976.93,1.089671184070427,0.9414157673721792
scope_20260424_115654,sweep_1731,117,2976.78,1.089643730832254,0.9265799808669658
scope_20260424_115654,sweep_1732,117,2962.67,1.0503175250486878,0.9913259568150965
scope_20260424_115654,sweep_1733,117,2976.93,1.0528421985010354,0.8794152517511027
scope_20260424_115654,sweep_1734,117,2976.93,1.0528421985010354,0.9864000706015704
scope_20260424_115654,sweep_1735,117,2962.96,1.0153375556381634,1.0154709017100756
scope_20260424_115654,sweep_1736,117,2962.82,1.0153135679810663,0.8878059859093625
scope_20260424_115654,sweep_1737,117,2962.67,1.015287866290979,0.869131086212389
scope_20260424_115654,sweep_1738,117,2962.67,0.9818716634381924,0.8214813135410433
scope_20260424_115654,sweep_1739,117,2962.82,0.9818965192077106,0.9140485406303507
scope_20260424_115654,sweep_1740,117,2976.78,0.9842070151370526,0.8864124022404154
scope_20260424_115654,sweep_1741,117,2976.63,0.9841822177196922,0.9908810961899577
scope_20260424_115654,sweep_1742,117,2962.82,0.9818965192077106,0.7974519266042668
scope_20260424_115654,sweep_1743,117,2962.52,0.9818468070394425,0.9378573043120387
scope_20260424_115654,sweep_1744,117,2962.96,0.9819197173582628,0.8519058984309287
scope_20260424_115654,sweep_1745,117,2962.67,0.9818716634381924,0.8973525263850785
scope_20260424_115654,sweep_1746,117,2962.52,0.9818468070394425,0.943429037271022
scope_20260424_115654,sweep_1747,117,2962.96,0.9819197173582628,0.9227761404561422
scope_20260424_115654,sweep_1748,117,2976.63,0.9841822177196922,0.995221918218113
scope_20260424_115654,sweep_1749,117,2976.78,0.9842070151370526,1.01026193331811
scope_20260424_115654,sweep_1750,117,2962.38,0.9818236071661934,0.9408005724558988
scope_20260424_115654,sweep_1751,117,2976.63,0.9841822177196922,1.0610768840687157
scope_20260424_115654,sweep_1752,117,2962.67,0.9818716634381924,0.8556905714878074
scope_20260424_115654,sweep_1753,117,2962.67,0.9818716634381924,0.9232179884619653
scope_20260424_115654,sweep_1754,117,2962.96,0.9819197173582628,0.704481681860935
scope_20260424_115654,sweep_1755,117,2962.67,0.9818716634381924,0.8589092465022626
scope_20260424_115654,sweep_1756,117,2976.49,0.9841590728997719,0.8652063675064987
scope_20260424_115654,sweep_1757,117,2962.38,1.0152381745118222,0.8871629298218139
scope_20260424_115654,sweep_1758,117,2976.63,1.0176770560535175,0.9422250246355826
scope_20260424_115654,sweep_1759,117,2962.52,1.0152621639502453,1.028363989241332
scope_20260424_115654,sweep_1760,117,2962.38,1.0152381745118222,0.9666087659545318
scope_20260424_115654,sweep_1761,117,2962.67,1.015287866290979,0.7970608904196093
scope_20260424_115654,sweep_1762,117,2962.52,1.0152621639502453,0.7738023491384489
scope_20260424_115654,sweep_1763,117,2962.82,1.0503441135034683,0.7863969551529055
scope_20260424_115654,sweep_1764,117,2976.78,1.0528156731344325,1.0039123846420064
scope_20260424_115654,sweep_1765,117,2962.82,1.0503441135034683,0.9746610952714335
scope_20260424_115654,sweep_1766,117,2962.82,1.0503441135034683,0.9175615425750876
scope_20260424_115654,sweep_1767,117,2962.67,1.0503175250486878,0.9814497301204009
scope_20260424_115654,sweep_1768,117,2962.82,1.0503441135034683,0.7271679334239288
scope_20260424_115654,sweep_1769,117,2962.67,1.087058196184752,0.8210311509705409
scope_20260424_115654,sweep_1770,117,2962.82,1.087085714717961,0.9477294088003105
scope_20260424_115654,sweep_1771,117,2976.93,1.089671184070427,1.0712378338434807
scope_20260424_115654,sweep_1772,117,2976.93,1.089671184070427,0.9083603330403218
scope_20260424_115654,sweep_1773,117,2962.82,1.087085714717961,0.9664781162938604
scope_20260424_115654,sweep_1774,117,2962.67,1.087058196184752,0.8557161328576524
scope_20260424_115654,sweep_1775,117,2962.82,1.1256429296777613,0.9773269102109896
scope_20260424_115654,sweep_1776,117,2962.96,1.125669523961008,1.0855343006523288
scope_20260424_115654,sweep_1777,117,2976.63,1.1282632469098288,0.9684320722247678
scope_20260424_115654,sweep_1778,117,2962.67,1.1256144351056017,1.1223527725209743
scope_20260424_115654,sweep_1779,117,2962.82,1.1256429296777613,0.990055940327085
scope_20260424_115654,sweep_1780,117,2976.63,1.1282632469098288,1.0397411872074531
scope_20260424_115654,sweep_1781,117,2976.49,1.1282367137646425,1.1103313164853128
scope_20260424_115654,sweep_1782,117,2962.82,1.1661278927040024,1.1610382749581993
scope_20260424_115654,sweep_1783,117,2976.63,1.168842452473788,1.13539412986569
scope_20260424_115654,sweep_1784,117,2976.93,1.1689013519508884,1.215328133536063
scope_20260424_115654,sweep_1785,117,2962.96,1.1661554434793528,1.1273851170385745
scope_20260424_115654,sweep_1786,117,2976.63,1.168842452473788,0.9039653066836527
scope_20260424_115654,sweep_1787,117,2962.82,1.1661278927040024,0.8774412764217484
scope_20260424_115654,sweep_1788,117,2976.93,1.1689013519508884,0.9828799585081504
scope_20260424_115654,sweep_1789,117,2976.78,1.1688719025833314,1.0358484888659563
scope_20260424_115654,sweep_1790,117,2962.67,1.166098373293797,0.9431051984091535
scope_20260424_115654,sweep_1791,117,2976.93,1.128320101548479,0.8590989378825638
scope_20260424_115654,sweep_1792,117,2976.78,1.128291674587267,1.0215652195492582
scope_20260424_115654,sweep_1793,117,2976.49,1.1282367137646425,1.0981206889664354
scope_20260424_115654,sweep_1794,117,2962.52,1.1255859398120929,0.8862667702505451
scope_20260424_115654,sweep_1795,117,2962.67,1.087058196184752,0.8301887352852099
scope_20260424_115654,sweep_1796,117,2976.78,1.089643730832254,0.9299324649745627
scope_20260424_115654,sweep_1797,117,2962.96,1.0871113980538114,0.7781365533912501
scope_20260424_115654,sweep_1798,117,2976.93,1.0528421985010354,0.8616077414209333
scope_20260424_115654,sweep_1799,117,2976.78,1.0528156731344325,0.8634126564183544
scope_20260424_115654,sweep_1800,117,2976.63,1.0527891470995143,0.950536539941718
scope_20260424_115654,sweep_1801,117,2962.82,1.0153135679810663,0.820206824733612
scope_20260424_115654,sweep_1802,117,2976.78,1.0177026974055383,0.7616623529387115
scope_20260424_115654,sweep_1803,117,2976.78,1.0177026974055383,0.9290170480792478
scope_20260424_115654,sweep_1804,117,2976.49,0.9841590728997719,0.9472770724552203
scope_20260424_115654,sweep_1805,117,2976.63,0.9841822177196922,0.7576256593681391
scope_20260424_115654,sweep_1806,117,2976.93,0.9842318119296496,0.943805122265714
scope_20260424_115654,sweep_1807,117,2962.67,0.9818716634381924,0.9290517743268967
scope_20260424_115654,sweep_1808,117,2976.78,0.9842070151370526,0.9620906038219182
scope_20260424_115654,sweep_1809,117,2962.82,0.9818965192077106,0.968688272285628
scope_20260424_115654,sweep_1810,117,2976.93,0.9842318119296496,0.8423779108433036
scope_20260424_115654,sweep_1811,117,2976.34,0.9521669455677902,0.8192713600312058
scope_20260424_115654,sweep_1812,117,2976.63,0.9841822177196922,0.9925623681192941
scope_20260424_115654,sweep_1813,117,2962.67,0.949977830418325,0.8047431973980136
scope_20260424_115654,sweep_1814,117,2962.82,0.9818965192077106,0.9472159479357538
scope_20260424_115654,sweep_1815,117,2962.67,0.9818716634381924,0.9195725066061037
scope_20260424_115654,sweep_1816,117,2976.93,0.9842318119296496,1.0433722449528666
scope_20260424_115654,sweep_1817,117,2962.82,0.9818965192077106,0.873533889909745
scope_20260424_115654,sweep_1818,117,2962.82,0.9818965192077106,0.9887020134240675
scope_20260424_115654,sweep_1819,117,2962.67,0.9818716634381924,0.784016728431566
scope_20260424_115654,sweep_1820,118,2841.18,0.9615291635547176,1.009078088796202
scope_20260424_115654,sweep_1821,118,2840.91,0.9614834749601434,1.0345231565193496
scope_20260424_115654,sweep_1822,118,2841.04,0.961505473443351,0.9044851486430114
scope_20260424_115654,sweep_1823,118,2840.77,0.9941813056530688,1.0008067689912743
scope_20260424_115654,sweep_1824,118,2841.04,0.9942285503393065,0.9366593845936854
scope_20260424_115654,sweep_1825,118,2841.04,0.9942285503393065,1.0369928762301803
scope_20260424_115654,sweep_1826,118,2840.91,0.9942058031780335,0.8749504046511366
scope_20260424_115654,sweep_1827,118,2841.18,0.9942530467002029,1.0521338698131104
scope_20260424_115654,sweep_1828,118,2840.91,0.9942058031780335,1.0253591138792542
scope_20260424_115654,sweep_1829,118,2841.04,0.9942285503393065,0.8524197174796163
scope_20260424_115654,sweep_1838,120,2658.99,1.0298394088877982,1.0144514904903994
scope_20260424_115654,sweep_1841,122,2459.12,0.9903780716973071,0.878359515059909
scope_20260424_115654,sweep_1842,122,2459.22,1.0255260700056663,0.7431244005341989
scope_20260424_115654,sweep_1843,122,2459.22,1.0255260700056663,0.9014643421331074
scope_20260424_115654,sweep_1844,122,2459.32,1.0255469204306977,0.8062080537376097
scope_20260424_115654,sweep_1845,122,2459.42,1.025567770431827,0.7012138478662794
scope_20260424_115654,sweep_1846,122,2459.52,1.0255886200090796,0.8056270755185162
scope_20260424_115654,sweep_1847,122,2459.12,1.0255052191567076,0.8348515602866905
scope_20260424_115654,sweep_1848,122,2468.93,1.027548672310371,0.8488426095374729
scope_20260424_115654,sweep_1849,122,2459.12,1.0255052191567076,0.9076238976841495
scope_20260424_115654,sweep_1850,122,2459.62,1.0624966208014948,0.8864542391686219
scope_20260424_115654,sweep_1851,123,2271.01,1.0209467074402159,0.7533437003546473
scope_20260424_115654,sweep_1852,123,2270.66,1.0208680320675128,0.8206899184300314
scope_20260424_115654,sweep_1853,123,2270.83,1.0209062465772323,0.8744435080438344
scope_20260424_115654,sweep_1854,123,2270.83,1.0209062465772323,0.7994336703533854
scope_20260424_115654,sweep_1855,123,2278.94,1.0227276445844415,0.6428540530245401
scope_20260424_115654,sweep_1856,123,2270.66,0.9854261180274584,0.870669661264398
scope_20260424_115654,sweep_1857,123,2279.2,0.9872774830795279,0.8259086840206292
scope_20260424_115654,sweep_1858,123,2270.75,0.9854456470348453,0.8281987965490686
scope_20260424_115654,sweep_1859,123,2270.75,0.9854456470348453,0.7798577277967341
scope_20260424_115654,sweep_1860,123,2279.12,0.9872601561903283,0.7189173255070834
scope_20260424_115654,sweep_1861,123,2278.86,0.9533886506391018,0.7701478346115332
scope_20260424_115654,sweep_1862,124,2087.83,0.9125543124573804,0.5783756954329788
scope_20260424_115654,sweep_1863,124,2080.88,0.9110341840654269,0.7423001094439894
scope_20260424_115654,sweep_1864,124,2080.8,0.8802258967921016,0.6874735177404112
scope_20260424_115654,sweep_1865,124,2087.76,0.8816967872707651,0.7841166839341626
scope_20260424_115654,sweep_1866,124,2080.88,0.8508854043916592,0.7155258547698419
scope_20260424_115654,sweep_1867,124,2080.88,0.8508854043916592,0.5675516487211781
scope_20260424_115654,sweep_1868,124,2087.83,0.852305170064713,0.6339229715259008
scope_20260424_115654,sweep_1869,124,2087.76,0.8242394042939784,0.7568200458825135
scope_20260424_115654,sweep_1870,124,2081.24,0.8229513627530701,0.7703002290180709
scope_20260424_115654,sweep_1871,124,2087.97,0.8242808568370135,0.6672571823462831
scope_20260424_115654,sweep_1872,125,1874.12,0.7809294199858928,0.8506621907625287
scope_20260424_115654,sweep_1873,125,1896.87,0.7856549853563565,0.5212299207907402
scope_20260424_115654,sweep_1874,125,1896.87,0.76013479789475,0.7131430504385584
scope_20260424_115654,sweep_1875,125,1896.99,0.7601588413803766,0.6110133284328105
scope_20260424_115654,sweep_1876,125,1896.99,0.7601588413803766,0.6388491235452094
scope_20260424_115654,sweep_1877,125,1896.81,0.7601227758667413,0.6974608387500152
scope_20260424_115654,sweep_1878,125,1896.99,0.7601588413803766,0.705095629385129
scope_20260424_115654,sweep_1879,125,1896.87,0.76013479789475,0.6652314394085069
scope_20260424_115654,sweep_1880,125,1896.99,0.7601588413803766,0.8176626429533473
scope_20260424_115654,sweep_1881,125,1896.81,0.7601227758667413,0.7343725674108116
scope_20260424_115654,sweep_1882,125,1896.93,0.7601468197326253,0.7003347693739255
scope_20260424_115654,sweep_1883,126,1714.19,0.7226055768580918,0.7128725043123963
scope_20260424_115654,sweep_1884,126,1709.3,0.7215741670176065,0.643785960796493
scope_20260424_115654,sweep_1885,126,1714.04,0.7225739604072272,0.5753759141043839
scope_20260424_115654,sweep_1886,126,1713.94,0.7225528820047464,0.7739067652790725
scope_20260424_115654,sweep_1887,126,1713.89,0.7225423425729146,0.754740667097021
scope_20260424_115654,sweep_1888,126,1709.35,0.7458106570822283,0.8190901441459671
scope_20260424_115654,sweep_1889,126,1713.84,0.7467895361029436,0.7676997917718196
scope_20260424_115654,sweep_1890,126,1709.35,0.7458106570822283,0.5871391181004961
scope_20260424_115654,sweep_1891,126,1713.84,0.7467895361029436,0.7369868001024119
scope_20260424_115654,sweep_1892,126,1709.3,0.7457997491916403,0.7761705766706631
scope_20260424_115654,sweep_1893,127,1499.18,0.698457486215148,0.5234431583880271
scope_20260424_115654,sweep_1894,127,1521.26,0.7035821449810117,0.6198142195758272
scope_20260424_115654,sweep_1895,127,1521.3,0.7035913949122533,0.6240164650226047
scope_20260424_115654,sweep_1896,127,1521.34,0.7275464033651818,0.6757246565978927
scope_20260424_115654,sweep_1897,127,1524.82,0.7283780436481534,0.6910382859890584
scope_20260424_115654,sweep_1898,127,1521.26,0.7275272740195218,0.783260063289482
scope_20260424_115654,sweep_1899,127,1524.78,0.7283684899589241,0.6860270381026862
scope_20260424_115654,sweep_1900,127,1521.26,0.7275272740195218,0.7286841250711239
scope_20260424_115654,sweep_1901,127,1524.78,0.7283684899589241,0.5432837575969047
scope_20260424_115654,sweep_1902,127,1521.22,0.7526186661754122,0.7298779245325298
scope_20260424_115654,sweep_1903,127,1521.22,0.7526186661754122,0.5496798057635464
scope_20260424_115654,sweep_1904,128,1335.23,0.705110225404545,0.5298567932038721
scope_20260424_115654,sweep_1905,128,1332.33,0.7043440910485403,0.6966781245340328
scope_20260424_115654,sweep_1906,128,1335.14,0.7050864613377973,0.6209014907574933
scope_20260424_115654,sweep_1907,128,1332.24,0.7043203011320938,0.6043184561689628
scope_20260424_115654,sweep_1908,128,1332.3,0.7043361611656734,0.6347833179036643
scope_20260424_115654,sweep_1909,128,1332.24,0.7043203011320938,0.7224101289489969
scope_20260424_115654,sweep_1910,128,1332.3,0.7289742183716847,0.5935851989001566
scope_20260424_115654,sweep_1911,128,1335.02,0.7297179693618385,0.6838891889967578
scope_20260424_115654,sweep_1912,128,1335.11,0.7297425658137348,0.7079440664579272
scope_20260424_115654,sweep_1913,128,1332.47,0.72902072503842,0.7923071685914097
scope_20260424_115654,sweep_1914,128,1332.27,0.7289660110048519,0.6756767416042292
scope_20260424_115654,sweep_1915,129,1145.67,0.675991018019105,0.6843520991114873
scope_20260424_115654,sweep_1916,129,1145.83,0.6760382195635688,0.6139068101918362
scope_20260424_115654,sweep_1917,129,1143.66,0.6993530606845955,0.5904504813725419
scope_20260424_115654,sweep_1918,129,1143.64,0.6993469456143977,0.6853028213326318
scope_20260424_115654,sweep_1919,129,1143.75,0.6993805778388258,0.6911339165603406
scope_20260424_115654,sweep_1920,129,1145.74,0.6999887363066748,0.6119972752118643
scope_20260424_115654,sweep_1921,129,1143.79,0.6993928073376349,0.6514589512424609
scope_20260424_115654,sweep_1922,129,1143.69,0.699362233189638,0.683543584223797
scope_20260424_115654,sweep_1923,129,1143.77,0.699386692614961,0.5127829848710981
scope_20260424_115654,sweep_1924,129,1145.74,0.6999887363066748,0.6557028467327616
scope_20260424_115654,sweep_1925,129,1143.75,0.7245345552579188,0.5836316308887334
scope_20260424_115654,sweep_1926,130,957.18,0.6384372974362852,0.5294259822385956
scope_20260424_115654,sweep_1927,130,957.06,0.638370863711725,0.5636755407782663
scope_20260424_115654,sweep_1928,130,955.76,0.637651074219261,0.5111303480087425
scope_20260424_115654,sweep_1929,130,955.7,0.637617849149215,0.561158598636712
scope_20260424_115654,sweep_1930,130,955.78,0.6376621491638128,0.4951571248393343
scope_20260424_115654,sweep_1931,130,955.69,0.6154760510592331,0.4737883376077235
scope_20260424_115654,sweep_1932,130,955.78,0.6155241583879733,0.4585063085503871
scope_20260424_115654,sweep_1933,130,955.72,0.6154920869210506,0.5453137335529694
scope_20260424_115654,sweep_1934,130,955.7,0.6154813963560137,0.4726390454286983
scope_20260424_115654,sweep_1935,130,957.08,0.5951112974893232,0.3615591246756639
scope_20260424_115654,sweep_1936,131,769.07,0.4963212016366941,0.4055522003502028
scope_20260424_115654,sweep_1937,131,770.97,0.4805295279532673,0.43529546540870934
scope_20260424_115654,sweep_1938,131,773.8,0.4819930922180995,0.4678519098398213
scope_20260424_115654,sweep_1939,131,773.8,0.4819930922180995,0.3530063246177488
scope_20260424_115654,sweep_1940,131,775.76,0.46689721520159555,0.3839631495730076
scope_20260424_115654,sweep_1941,131,777.71,0.4678711141428368,0.4206031770981437
scope_20260424_115654,sweep_1942,131,777.69,0.45246239890394696,0.4984289495339167
scope_20260424_115654,sweep_1943,131,780.63,0.4538816591244125,0.5597013047549552
scope_20260424_115654,sweep_1944,131,781.63,0.4543641934590777,0.5227466967530128
scope_20260424_115654,sweep_1945,131,782.63,0.4400719809363449,0.5089839916778168
scope_20260424_115654,sweep_1967,135,364.26,0.23326165975096402,0.2305493231216578
scope_20260424_115654,sweep_1968,135,364.47,0.23337327100496918,0.28360029625642136
scope_20260424_115654,sweep_1969,135,364.67,0.23347955727385986,0.23819246124715956
scope_20260424_115654,sweep_1970,135,364.68,0.23348487132713666,0.25594622242978016
scope_20260424_115654,sweep_1971,135,364.48,0.23337858555385393,0.24266980608942523
scope_20260424_115654,sweep_1972,135,373.43,0.2461198980482822,0.2581438542515543
scope_20260424_115654,sweep_1973,135,381.0,0.25025387818807,0.22742230069468392
scope_20260424_115654,sweep_1974,135,388.61,0.25439565148152976,0.2371098334678339
scope_20260424_115654,sweep_1975,135,394.28,0.25747260521169013,0.31126427176296695
scope_20260424_115654,sweep_1976,135,401.13,0.26117990272285807,0.24912034940241634
scope_20260424_115654,sweep_1977,135,364.47,0.24120836767607273,0.25014451038771107
scope_20260424_115654,sweep_1978,135,364.69,0.24132920722021645,0.219162999764062
scope_20260424_115654,sweep_1979,135,364.9,0.24144454249797356,0.23861685127660628
scope_20260424_115654,sweep_1980,135,364.7,0.2413346996322689,0.21009645393305593
scope_20260424_115654,sweep_1981,135,364.23,0.24928112646964534,0.2299397537454503
scope_20260424_115654,sweep_1982,135,364.48,0.24942313239103603,0.21894959124861263
scope_20260424_115654,sweep_1983,135,364.68,0.24953672520606607,0.2672407024984315
scope_20260424_115654,sweep_1984,135,364.88,0.24965030743105585,0.2514206355610251
scope_20260424_115654,sweep_1985,135,364.46,0.2494117725268191,0.20712886024233007
scope_20260424_115654,sweep_1986,135,364.89,0.24965598626443866,0.25549199118669697
scope_20260424_115654,sweep_1987,135,364.68,0.24953672520606607,0.23336813659798586
scope_20260424_115654,sweep_1988,135,362.99,0.24857653190886378,0.2402597261899389
scope_20260424_115654,sweep_1989,135,363.41,0.2573999019788061,0.2508920532283746
scope_20260424_115654,sweep_1990,135,363.42,0.2574057807773792,0.25222701889044213
scope_20260424_115654,sweep_1991,135,364.04,0.2577702126171649,0.2613992822617911
scope_20260424_115654,sweep_1992,135,364.69,0.2581521649804241,0.22651270573874438
scope_20260424_115654,sweep_1993,135,364.27,0.2579053782352557,0.22630015914512788
scope_20260424_115654,sweep_1994,135,364.9,0.25827554023199256,0.20696244732615923
scope_20260424_115654,sweep_1995,135,365.53,0.2586455936001904,0.22676203700219202
scope_20260424_115654,sweep_1996,135,365.11,0.2583989034137302,0.23996518735522346
scope_20260424_115654,sweep_1997,135,364.69,0.2671824663611128,0.28709969414640074
scope_20260424_115654,sweep_1998,135,363.62,0.2665316561041427,0.27246136211659444
scope_20260424_115654,sweep_1999,135,363.83,0.26665941086911155,0.27322330376828474
scope_20260424_115654,sweep_2000,135,364.26,0.26692096485692157,0.2532514753492318
scope_20260424_115654,sweep_2018,138,192.8,0.16299971631623508,0.1111070163347162
scope_20260424_115654,sweep_2019,138,192.8,0.16299971631623508,0.14901455272329825
scope_20260424_115654,sweep_2020,138,192.8,0.16299971631623508,0.09460455088322114
scope_20260424_115654,sweep_2021,138,192.8,0.16299971631623508,0.15145336218699507
scope_20260424_115654,sweep_2022,138,192.8,0.15741640482846983,0.12635210627415094
scope_20260424_115654,sweep_2023,138,192.8,0.15741640482846983,0.14686426495609617
scope_20260424_115654,sweep_2024,138,192.8,0.15741640482846983,0.12276937004755371
scope_20260424_115654,sweep_2025,138,192.8,0.15209600488896063,0.14834949009622847
scope_20260424_115654,sweep_2026,138,192.8,0.15209600488896063,0.09546771746707716
scope_20260424_115654,sweep_2027,138,192.8,0.14702337587667777,0.10721781674993851
scope_20260424_115654,sweep_2028,138,192.8,0.14702337587667777,0.11365040627285007
scope_20260424_115654,sweep_2029,138,192.8,0.14702337587667777,0.14614898395181794
scope_20260424_115654,sweep_2030,138,192.8,0.1421843906829076,0.10407059517139271
scope_20260424_115654,sweep_2031,138,192.8,0.1375658591748357,0.09420917449177844
scope_20260424_115654,sweep_2032,138,192.8,0.1375658591748357,0.1372444227547535
scope_20260424_115654,sweep_2033,138,192.8,0.13315545805202295,0.12828523682205825
scope_20260424_115654,sweep_2034,138,192.8,0.13315545805202295,0.10226095334018938
scope_20260424_115654,sweep_2035,138,192.8,0.1289416665134688,0.13501509845085133
scope_20260424_115654,sweep_2036,138,192.8,0.1289416665134688,0.10075859747656704
scope_20260424_115654,sweep_2037,138,192.8,0.1289416665134688,0.12941978849035046
scope_20260424_115654,sweep_2038,138,192.8,0.12491370721001925,0.10291503081217722
scope_20260424_115654,sweep_2039,138,192.8,0.12491370721001925,0.11283311805304552
scope_20260424_115654,sweep_2040,138,192.8,0.1210614920082863,0.10809367758891944
scope_20260424_115654,sweep_2041,138,192.8,0.1210614920082863,0.12792796976827814
scope_20260424_115654,sweep_2042,138,192.8,0.1173755721380016,0.1276627099253341
scope_20260424_115654,sweep_2043,138,192.8,0.1173755721380016,0.1364214369311658
scope_20260424_115654,sweep_2044,138,192.8,0.1138470923359366,0.12495683280925059
scope_20260424_115654,sweep_2045,138,192.8,0.1138470923359366,0.10173605999310537
scope_20260424_115654,sweep_2046,138,192.8,0.1138470923359366,0.10276701877819687
scope_20260424_115654,sweep_2047,138,192.8,0.11046774863635583,0.10055050663801868
scope_20260424_115654,sweep_2048,138,192.8,0.11046774863635583,0.10124937548737382
scope_20260424_115654,sweep_2049,138,192.8,0.11046774863635583,0.09937662827559803
scope_20260424_115654,sweep_2050,138,192.8,0.11046774863635583,0.10195081442247167
scope_20260424_115654,sweep_2051,138,192.8,0.11046774863635583,0.10241010344499037
scope_20260424_115654,sweep_2052,138,192.8,0.11046774863635583,0.1004331710583542
scope_20260424_115654,sweep_2053,138,192.8,0.11046774863635583,0.1292152306597428
scope_20260424_115654,sweep_2054,138,192.8,0.10722974949114585,0.12935555544052874
scope_20260424_115654,sweep_2055,138,192.8,0.10722974949114585,0.12838281618619155
scope_20260424_115654,sweep_2056,138,192.8,0.10722974949114585,0.09800330173491441
scope_20260424_115654,sweep_2057,138,192.8,0.10722974949114585,0.10162420620965659
scope_20260424_115654,sweep_2058,138,192.8,0.10722974949114585,0.10031687905770506
scope_20260424_115654,sweep_2059,138,192.8,0.10722974949114585,0.09904074789014058
scope_20260424_115654,sweep_2060,138,192.8,0.11046774863635583,0.10204501872185116
scope_20260424_115654,sweep_2061,138,192.8,0.11046774863635583,0.11182944590047784
scope_20260424_115654,sweep_2062,138,192.8,0.11046774863635583,0.10072467207045417
scope_20260424_115654,sweep_2063,138,192.8,0.11046774863635583,0.09696952686695005
scope_20260424_115654,sweep_2064,138,192.8,0.11046774863635583,0.12268415054365497
scope_20260424_115654,sweep_2065,138,192.8,0.11046774863635583,0.1019900049331782
scope_20260424_115654,sweep_2066,138,192.8,0.11046774863635583,0.10807264527743506
scope_20260424_115654,sweep_2067,138,192.8,0.11046774863635583,0.10098995614908515
scope_20260424_115654,sweep_2068,138,192.8,0.11046774863635583,0.10034226923456371
scope_20260424_115654,sweep_2069,138,192.8,0.1138470923359366,0.09656070036631435
scope_20260424_115654,sweep_2070,138,192.8,0.1138470923359366,0.22821542747184764
scope_20260424_115654,sweep_2071,139,363.41,0.1926692974561432,0.2230041633108846
scope_20260424_115654,sweep_2072,139,363.2,0.19257688418073962,0.2506143462782045
scope_20260424_115654,sweep_2073,139,363.61,0.1927573016595424,0.257993082435885
scope_20260424_115654,sweep_2074,139,362.76,0.1923832269022077,0.22222377094961798
scope_20260424_115654,sweep_2075,139,362.75,0.19237882513650909,0.22439006810858816
scope_20260424_115654,sweep_2076,139,364.04,0.1989265017721058,0.23476341461603845
scope_20260424_115654,sweep_2077,139,364.04,0.1989265017721058,0.22496952778360393
scope_20260424_115654,sweep_2078,139,362.55,0.19825048229702455,0.25305367931617384
scope_20260424_115654,sweep_2079,139,363.6,0.19872692088669316,0.23920111692132404
scope_20260424_115654,sweep_2080,139,363.2,0.19854544808724056,0.24798910171025396
scope_20260424_115654,sweep_2081,139,363.82,0.20507042911176157,0.22340636891023888
scope_20260424_115654,sweep_2082,139,364.27,0.20528093363738076,0.30445939456179877
scope_20260424_115654,sweep_2083,139,364.48,0.2053791539514571,0.2952185065328007
scope_20260424_115654,sweep_2084,139,364.69,0.20547736464554406,0.21159605209282353
scope_20260424_115654,sweep_2085,139,362.13,0.2042794718436712,0.24360841626900628
scope_20260424_115654,sweep_2086,139,364.04,0.21170202918763184,0.25088858872024183
scope_20260424_115654,sweep_2087,139,364.46,0.2119047324439045,0.24946711190049498
scope_20260424_115654,sweep_2088,139,364.89,0.21211222083230377,0.24102474466042464
scope_20260424_115654,sweep_2089,139,363.63,0.21150411384796378,0.283908467513358
scope_20260424_115654,sweep_2090,139,365.55,0.2124306105463378,0.26428300658754067
scope_20260424_115654,sweep_2091,139,364.91,0.2121218704430406,0.23660165632151536
scope_20260424_115654,sweep_2092,139,364.9,0.21895695814950844,0.27408219368876563
scope_20260424_115654,sweep_2093,139,364.27,0.2186431477718194,0.2763450941866662
scope_20260424_115654,sweep_2094,139,365.53,0.2192706764357263,0.17586638729781792
scope_20260424_115654,sweep_2095,139,365.1,0.2190565612245524,0.2075148399300126
scope_20260424_115654,sweep_2096,139,364.68,0.21884738404709483,0.2703488291079058
scope_20260424_115654,sweep_2097,139,364.92,0.22612272021423696,0.24836476031990248
scope_20260424_115654,sweep_2098,139,364.91,0.226117577106297,0.22332208534775772
scope_20260424_115654,sweep_2099,139,364.9,0.22611243397439684,0.23216121005503337
scope_20260424_115654,sweep_2100,139,363.4,0.22534069239870397,0.25983716126876316
scope_20260424_115654,sweep_2101,139,364.89,0.22610729081853578,0.23775729302674914
scope_20260424_115654,sweep_2102,139,365.31,0.22632328274315164,0.2384602231901432
scope_20260424_115654,sweep_2103,139,365.1,0.23370803920540903,0.27095925801105186
scope_20260424_115654,sweep_2104,139,365.32,0.23382491924568216,0.25141635906268994
scope_20260424_115654,sweep_2105,139,365.54,0.23394178732085608,0.25386327430553235
scope_20260424_115654,sweep_2106,139,364.91,0.23360708771702757,0.28952596794413227
scope_20260424_115654,sweep_2107,139,364.06,0.23315535314844488,0.23789774518044293
scope_20260424_115654,sweep_2108,139,364.89,0.23359646072483142,0.2716861903672351
scope_20260424_115654,sweep_2109,139,365.33,0.23383023169042705,0.2811271876701705
scope_20260424_115654,sweep_2110,139,364.9,0.24144454249797356,0.3184379024136085
scope_20260424_115654,sweep_2111,139,364.89,0.24143905059780674,0.2623488337694931
scope_20260424_115654,sweep_2112,139,364.67,0.241318222319302,0.21311295530399765
scope_20260424_115654,sweep_2113,139,364.48,0.24121386065157888,0.25727040873651386
scope_20260424_115654,sweep_2114,139,364.04,0.24097214548095802,0.23739624786762087
scope_20260424_115654,sweep_2115,139,364.47,0.24120836767607273,0.24084577522371278
scope_20260424_115654,sweep_2116,139,363.83,0.240856763916073,0.23985221229818576
scope_20260424_115654,sweep_2117,139,364.47,0.24120836767607273,0.24041481919679905
scope_20260424_115654,sweep_2118,139,363.61,0.24073587584715347,0.28568594668905384
scope_20260424_115654,sweep_2119,139,364.26,0.23326165975096402,0.18187817759176272
scope_20260424_115654,sweep_2120,139,364.48,0.23337858555385393,0.264540568145454
scope_20260424_115654,sweep_2121,139,364.45,0.2333626418328327,0.2815365902071278
scope_20260424_115654,sweep_2122,140,515.87,0.3113725021409206,0.2871732069687395
scope_20260424_115654,sweep_2123,140,506.24,0.29671260608235744,0.3652275965753628
scope_20260424_115654,sweep_2124,140,511.19,0.2991186474946926,0.3034547714192657
scope_20260424_115654,sweep_2125,140,515.89,0.3013995081992827,0.2847387911259794
scope_20260424_115654,sweep_2126,140,521.05,0.29428243888294425,0.2967983849653668
scope_20260424_115654,sweep_2127,140,526.36,0.296769478397418,0.2473396491225815
scope_20260424_115654,sweep_2128,140,494.96,0.273189780106522,0.5290016780461969
scope_20260424_115654,sweep_2129,140,530.38,0.2893200879353831,0.34695942175594663
scope_20260424_115654,sweep_2130,140,535.89,0.28281339770756125,0.37235754432303053
scope_20260424_115654,sweep_2131,140,538.66,0.28402620476922574,0.3141696589174061
scope_20260424_115654,sweep_2132,140,541.96,0.28546968234998216,0.26646672013232636
scope_20260424_115654,sweep_2133,141,756.89,0.37667290756002053,0.43293904780529235
scope_20260424_115654,sweep_2134,142,731.98,0.3552002281520312,0.32765655225368895
scope_20260424_115654,sweep_2135,142,730.26,0.35450733323737105,0.3992946038760883
scope_20260424_115654,sweep_2136,142,728.54,0.3538141608280605,0.430131656934931
scope_20260424_115654,sweep_2137,142,726.82,0.3531207101574384,0.364662685102942
scope_20260424_115654,sweep_2138,142,725.11,0.3524310145750393,0.3858967882723618
scope_20260424_115654,sweep_2139,142,724.31,0.35210825506446297,0.34013651928899946
scope_20260424_115654,sweep_2140,142,723.41,0.3517450781649286,0.47186395429408146
scope_20260424_115654,sweep_2141,142,722.58,0.3514100802706162,0.34221963703034836
scope_20260424_115654,sweep_2142,142,720.11,0.3504127714477518,0.41227431613462273
scope_20260424_115654,sweep_2143,143,931.43,0.43384397620342136,0.5185048270540533
scope_20260424_115654,sweep_2144,143,905.56,0.4238187724318957,0.37657059441159024
scope_20260424_115654,sweep_2145,143,896.49,0.4202924715250582,0.3979653111111265
scope_20260424_115654,sweep_2146,143,891.29,0.41826804437973336,0.4411330961669414
scope_20260424_115654,sweep_2147,143,887.56,0.41681467070774036,0.4169570261219081
scope_20260424_115654,sweep_2148,143,883.76,0.4153329537620816,0.40273222763575356
scope_20260424_115654,sweep_2149,143,881.17,0.41432242611033254,0.5076252260519531
scope_20260424_115654,sweep_2150,143,876.17,0.4123701703400649,0.40713816152810234
scope_20260424_115654,sweep_2151,143,870.11,0.42287668396741857,0.5308794753202724
scope_20260424_115654,sweep_2152,143,868.91,0.42239256750180343,0.44085524310685936
scope_20260424_115654,sweep_2153,143,864.09,0.42044688589641555,0.48406821717928
scope_20260424_115654,sweep_2154,144,1045.62,0.49665421806625426,0.7070888886473045
scope_20260424_115654,sweep_2155,144,1042.12,0.49582229688760515,0.6716887526444763
scope_20260424_115654,sweep_2156,144,1033.48,0.49376263922565355,0.47233855962819604
scope_20260424_115654,sweep_2157,144,1024.94,0.5073649763233791,0.6032013767786462
scope_20260424_115654,sweep_2158,144,1016.6,0.5052965299059069,0.5451856467565892
scope_20260424_115654,sweep_2159,144,1011.67,0.5040698235324172,0.4967748496650929
scope_20260424_115654,sweep_2160,144,1005.03,0.5024128930642353,0.5515605439755903
scope_20260424_115654,sweep_2161,144,998.59,0.4891731932027757,0.43591778398349984
scope_20260424_115654,sweep_2162,144,993.84,0.4872411224608388,0.5170669059702189
scope_20260424_115654,sweep_2163,144,987.56,0.5003134082147296,0.5345302766324445
scope_20260424_115654,sweep_2164,144,984.38,0.4989758802679846,0.758950636332869
scope_20260424_115654,sweep_2165,145,1167.13,0.5588741992255022,0.6659376588078629
scope_20260424_115654,sweep_2166,145,1154.36,0.5558083656372157,0.6935437322782251
scope_20260424_115654,sweep_2175,147,1355.38,0.6425432517739006,0.45287814507584245
scope_20260424_115654,sweep_2176,148,1332.39,0.6370705255276511,0.7318654740795109
scope_20260424_115654,sweep_2177,148,1335.02,0.6376989712092735,0.5678514905633285
scope_20260424_115654,sweep_2178,148,1332.24,0.6370346639298738,0.7041951418684338
scope_20260424_115654,sweep_2179,148,1332.3,0.6370490088112369,0.7018743852798184
scope_20260424_115654,sweep_2180,148,1334.99,0.6591011857188549,0.5563746404550515
scope_20260424_115654,sweep_2181,148,1332.3,0.6584368076228688,0.6878620808850363
scope_20260424_115654,sweep_2182,148,1332.3,0.6584368076228688,0.8039761833638767
scope_20260424_115654,sweep_2183,148,1332.27,0.6584293944218527,0.7578658721943524
scope_20260424_115654,sweep_2184,148,1332.33,0.658444220740422,0.7012231494746903
scope_20260424_115654,sweep_2185,148,1332.27,0.6584293944218527,0.7562286087886586
scope_20260424_115654,sweep_2197,150,1709.3,0.6763376913894769,0.8394909534803057
scope_20260424_115654,sweep_2198,150,1713.89,0.6772451706894126,0.7009267369426082
scope_20260424_115654,sweep_2199,150,1709.26,0.6763297777213292,1.0019167733636039
scope_20260424_115654,sweep_2200,150,1709.45,0.6552385858653988,0.778824050923473
scope_20260424_115654,sweep_2201,150,1709.35,0.6552194203978876,0.8088621243149311
scope_20260424_115654,sweep_2202,150,1709.4,0.6552290032017172,0.8630139289702434
scope_20260424_115654,sweep_2203,150,1709.3,0.6552098374539045,0.6919736262967192
scope_20260424_115654,sweep_2204,150,1709.4,0.6350223887065904,0.7342521868068327
scope_20260424_115654,sweep_2205,150,1709.26,0.6349963839813105,0.6928335230536666
scope_20260424_115654,sweep_2206,150,1709.21,0.6349870963213312,0.8918418885535591
scope_20260424_115654,sweep_2207,150,1709.16,0.6349778085255039,0.8020933613969201
scope_20260424_115654,sweep_2208,151,1896.75,0.6689170007748125,0.5889795077058406
scope_20260424_115654,sweep_2209,151,1896.93,0.6689487398557904,0.7085750280007344
scope_20260424_115654,sweep_2210,151,1896.93,0.6689487398557904,0.7132603390581598
scope_20260424_115654,sweep_2211,151,1896.81,0.6689275806357992,0.8083036614157669
scope_20260424_115654,sweep_2212,151,1902.77,0.669977680945258,0.8088214531315262
scope_20260424_115654,sweep_2213,151,1902.59,0.6699459906109645,0.6991802836581271
scope_20260424_115654,sweep_2214,151,1896.81,0.6689275806357992,0.8344585502939572
scope_20260424_115654,sweep_2215,151,1896.99,0.6689593192148109,0.711846371456478
scope_20260424_115654,sweep_2216,151,1896.93,0.6689487398557904,0.8341544976296963
scope_20260424_115654,sweep_2217,151,1896.93,0.6689487398557904,0.7817756466998568
scope_20260424_115654,sweep_2218,152,2080.8,0.7006197200760139,0.96542861862829
scope_20260424_115654,sweep_2219,152,2080.8,0.7006197200760139,0.8975976266132235
scope_20260424_115654,sweep_2220,152,2081.02,0.7006567568562136,0.8796982173941931
scope_20260424_115654,sweep_2221,152,2080.88,0.7006331882226127,0.7933805076292695
scope_20260424_115654,sweep_2222,152,2080.88,0.7229275592380057,0.9105490923028484
scope_20260424_115654,sweep_2223,152,2080.8,0.7229136625306962,0.8076297891292273
scope_20260424_115654,sweep_2224,152,2080.88,0.7229275592380057,0.894506468253847
scope_20260424_115654,sweep_2225,152,2081.02,0.7229518778330282,0.8712001027467761
scope_20260424_115654,sweep_2226,152,2087.76,0.7241216783672982,0.9281870878205131
scope_20260424_115654,sweep_2227,152,2080.88,0.7462390344394978,0.8470930443447352
scope_20260424_115654,sweep_2228,153,2295.68,0.7838087723335997,0.811296069692754
scope_20260424_115654,sweep_2229,153,2270.75,0.7795412584681941,0.9255803947523153
scope_20260424_115654,sweep_2230,153,2270.92,0.7795704381519358,0.9375474318390877
scope_20260424_115654,sweep_2231,153,2270.66,0.7795258099581308,0.9164647039396694
scope_20260424_115654,sweep_2232,153,2270.58,0.8049863986467217,0.9044603021347084
scope_20260424_115654,sweep_2233,153,2270.58,0.8049863986467217,0.949674329433348
scope_20260424_115654,sweep_2234,153,2270.83,0.8050307135487405,0.8551015193088097
scope_20260424_115654,sweep_2235,153,2270.75,0.8050165330455084,0.8152364597441533
scope_20260424_115654,sweep_2236,153,2270.75,0.8050165330455084,0.9638820205298695
scope_20260424_115654,sweep_2237,153,2270.66,0.8316639663149417,0.8960909991596913
scope_20260424_115654,sweep_2238,153,2270.49,0.831632833181703,0.8003529547691519
scope_20260424_115654,sweep_2239,154,2459.02,0.8654716788868825,0.9688361779942483
scope_20260424_115654,sweep_2240,154,2459.12,0.8654892766063016,1.14653871059813
scope_20260424_115654,sweep_2241,154,2459.32,0.8655244709717568,0.8860026204727787
scope_20260424_115654,sweep_2242,154,2459.12,0.8945465551918576,1.091230519305118
scope_20260424_115654,sweep_2243,154,2459.12,0.8945465551918576,0.9886229729491395
scope_20260424_115654,sweep_2244,154,2459.02,0.8945283666599935,0.9448253550424334
scope_20260424_115654,sweep_2245,154,2459.22,0.8945647433539072,0.8754125509905446
scope_20260424_115654,sweep_2246,154,2459.12,0.8945465551918576,0.8984356431849378
scope_20260424_115654,sweep_2247,154,2459.12,0.8945465551918576,0.7465626092745496
scope_20260424_115654,sweep_2248,154,2459.12,0.8945465551918576,0.9438770598704799
scope_20260424_115654,sweep_2249,154,2459.42,0.8946011185686551,0.931151844858288
scope_20260424_115654,sweep_2250,155,2647.49,0.928175821003967,1.0215856434181267
scope_20260424_115654,sweep_2251,155,2647.37,0.9281547855400629,0.7551355355416647
scope_20260424_115654,sweep_2252,155,2647.6,0.9281951030937587,0.9973731989703869
scope_20260424_115654,sweep_2253,155,2647.49,0.928175821003967,0.8254137600722788
scope_20260424_115654,sweep_2254,155,2647.49,0.8980261733967444,1.0732952585318258
scope_20260424_115654,sweep_2256,157,2647.37,0.8980058212212967,0.8976498393225292
scope_20260424_115654,sweep_2257,157,2647.37,0.8980058212212967,0.9968603578067046
scope_20260424_115654,sweep_2258,158,2658.99,0.8711210141020743,0.7936517833389962
scope_20260424_115654,sweep_2260,160,2840.51,0.9003643684353758,0.9131752430461636
scope_20260424_115654,sweep_2261,160,2840.77,0.9004055739546658,0.8683249174707831
scope_20260424_115654,sweep_2262,160,2840.91,0.8719331354944955,0.8230711063062672
scope_20260424_115654,sweep_2263,160,2840.91,0.8719331354944955,0.9208526590476435
scope_20260424_115654,sweep_2264,160,2840.77,0.8719116508042171,0.8644256594582377
scope_20260424_115654,sweep_2265,160,2841.04,0.8447144768400509,0.9334701752352985
scope_20260424_115654,sweep_2266,160,2841.04,0.8447144768400509,0.7119344416828317
scope_20260424_115654,sweep_2267,160,2841.18,0.8447352893893103,0.9147680303770637
scope_20260424_115654,sweep_2268,160,2840.77,0.844674336904012,0.9876271591508726
scope_20260424_115654,sweep_2269,160,2840.91,0.818645587331545,0.916340977173605
scope_20260424_115654,sweep_2270,160,2841.04,0.8186643177223161,0.9928748764506162
scope_20260424_115654,sweep_2271,161,2977.08,0.838035546117273,0.8111869002106237
scope_20260424_115654,sweep_2272,161,2962.96,0.8360458236294718,1.0247613167049416
scope_20260424_115654,sweep_2273,161,2962.96,0.8360458236294718,0.7368086099304247
scope_20260424_115654,sweep_2274,161,2962.52,0.8359837448602285,1.0366650031687954
scope_20260424_115654,sweep_2275,161,2962.52,0.8359837448602285,0.9825519507453468
scope_20260424_115654,sweep_2276,161,2962.52,0.8359837448602285,1.008162377344003
scope_20260424_115654,sweep_2277,161,2977.08,0.838035546117273,0.9665130206248884
scope_20260424_115654,sweep_2278,161,2962.67,0.8626068508325855,0.7937406862758062
scope_20260424_115654,sweep_2279,161,2976.78,0.8646585348250597,1.0245548918830525
scope_20260424_115654,sweep_2280,161,2976.63,0.8646367494707262,0.9089350661767168
scope_20260424_115654,sweep_2281,161,2962.67,0.8626068508325855,1.0282450888172243
scope_20260424_115654,sweep_2282,161,2962.82,0.8626286874512267,0.9173490809021477
scope_20260424_115654,sweep_2283,161,2976.49,0.864616415978104,0.9358134992406101
scope_20260424_115654,sweep_2284,161,2962.96,0.8904659937036877,0.9685390156213239
scope_20260424_115654,sweep_2285,161,2962.96,0.8904659937036877,0.9006522467569925
scope_20260424_115654,sweep_2286,161,2962.67,0.8904224154142102,0.6631529802979533
scope_20260424_115654,sweep_2287,161,2976.63,0.8925177700322204,0.8715017314814106
scope_20260424_115654,sweep_2288,161,2962.67,0.8904224154142102,1.0853253370741096
scope_20260424_115654,sweep_2289,161,2962.82,0.8904449561750402,0.9744923777078556
scope_20260424_115654,sweep_2290,161,2976.78,0.9217083203658776,0.9466821390302412
scope_20260424_115654,sweep_2291,161,2962.82,0.9195445445651642,0.7190603183874206
scope_20260424_115654,sweep_2292,161,2976.93,0.9217315425231104,1.0340796171330766
scope_20260424_115654,sweep_2293,161,2976.63,0.921685097623555,0.9157890033910921
scope_20260424_115654,sweep_2294,161,2976.78,0.9522373236115375,0.932250040139064
scope_20260424_115654,sweep_2295,161,2962.82,0.9500018788055832,1.015816502564533
scope_20260424_115654,sweep_2296,161,2976.93,0.9522613149376037,0.972328542615293
scope_20260424_115654,sweep_2297,161,2976.78,0.9522373236115375,0.9946568256678914
scope_20260424_115654,sweep_2298,161,2962.52,0.949953781422274,0.9221456284882169
scope_20260424_115654,sweep_2299,161,2962.38,0.9818236071661934,1.035401740778321
scope_20260424_115654,sweep_2300,161,2976.93,0.9842318119296496,1.0953857851844333
scope_20260424_115654,sweep_2301,161,2976.78,0.9842070151370526,1.0614800375851565
scope_20260424_115654,sweep_2302,161,2962.82,0.9818965192077106,0.8981466858419435
scope_20260424_115654,sweep_2303,161,2962.82,0.9818965192077106,0.8154369652720156
scope_20260424_115654,sweep_2304,161,2962.67,0.9818716634381924,1.0227568594071408
scope_20260424_115654,sweep_2305,161,2962.67,0.9818716634381924,1.0283961739948524
scope_20260424_115654,sweep_2306,161,2962.67,0.9818716634381924,1.0553586031012914
scope_20260424_115654,sweep_2307,161,2976.63,0.9841822177196922,0.9168114633216301
scope_20260424_115654,sweep_2308,161,2976.63,0.9841822177196922,0.9155158817879648
scope_20260424_115654,sweep_2309,161,2962.82,0.9818965192077106,0.8359153075516225
scope_20260424_115654,sweep_2310,161,2962.82,0.9818965192077106,0.9961723707987589
scope_20260424_115654,sweep_2311,161,2976.93,0.9842318119296496,0.9740037043112797
scope_20260424_115654,sweep_2312,161,2976.49,0.9521909386670959,1.0423652719815337
scope_20260424_115654,sweep_2313,161,2976.93,0.9522613149376037,0.9695416578010709
scope_20260424_115654,sweep_2314,161,2976.78,0.9522373236115375,1.0962348798597064
scope_20260424_115654,sweep_2315,161,2962.82,0.9500018788055832,1.0533404403884945
scope_20260424_115654,sweep_2316,161,2963.11,0.9195895458465274,0.841462920849468
scope_20260424_115654,sweep_2317,161,2976.78,0.9217083203658776,0.8909979402888464
scope_20260424_115654,sweep_2318,161,2962.67,0.9195212671761377,1.032758943352999
scope_20260424_115654,sweep_2319,161,2962.67,0.8904224154142102,0.9276440664348143
scope_20260424_115654,sweep_2320,161,2962.82,0.8904449561750402,1.034649250581454
scope_20260424_115654,sweep_2321,161,2976.63,0.8925177700322204,0.9477908130095362
scope_20260424_115654,sweep_2322,161,2962.82,0.8904449561750402,0.8044766124046817
scope_20260424_115654,sweep_2323,161,2976.78,0.8646585348250597,0.8322699180801543
scope_20260424_115654,sweep_2324,161,2976.93,0.864680319630518,0.7125751771880373
scope_20260424_115654,sweep_2325,161,2976.78,0.8646585348250597,1.0209604953201972
scope_20260424_115654,sweep_2326,161,2962.82,0.8626286874512267,0.9910111880515134
scope_20260424_115654,sweep_2327,161,2976.63,0.8379722071664295,0.9874085873964938
scope_20260424_115654,sweep_2328,161,2962.82,0.8360260717938153,1.1254589956100058
scope_20260424_115654,sweep_2329,161,2962.67,0.8360049085948985,1.014667398138158
scope_20260424_115654,sweep_2330,161,2976.49,0.8379525007386117,0.7515466388960924
scope_20260424_115654,sweep_2331,161,2962.67,0.8360049085948985,0.8971117084769544
scope_20260424_115654,sweep_2332,161,2962.52,0.8359837448602285,0.9039788971757026
scope_20260424_115654,sweep_2333,161,2977.08,0.838035546117273,0.9360271634768902
scope_20260424_115654,sweep_2334,161,2976.78,0.8379933206819792,0.7763750434807872
scope_20260424_115654,sweep_2335,161,2962.67,0.8360049085948985,1.1556266072566852
scope_20260424_115654,sweep_2336,161,2962.82,0.8626286874512267,1.1068877025875437
scope_20260424_115654,sweep_2337,161,2976.93,0.864680319630518,1.0637556044704954
scope_20260424_115654,sweep_2338,161,2976.93,0.864680319630518,0.9297910684962728
scope_20260424_115654,sweep_2339,161,2962.82,0.8626286874512267,1.1838188157439347
scope_20260424_115654,sweep_2340,161,2976.78,0.8646585348250597,0.9366461410959784
scope_20260424_115654,sweep_2341,161,2977.08,0.8647021038871423,1.1172640441428077
scope_20260424_115654,sweep_2342,161,2976.78,0.8925402578756771,0.8576356857420634
scope_20260424_115654,sweep_2343,161,2976.63,0.8925177700322204,0.7418463390874944
scope_20260424_115654,sweep_2344,161,2962.67,0.8904224154142102,1.0435367205184012
scope_20260424_115654,sweep_2345,161,2962.96,0.8904659937036877,1.0127475619911668
scope_20260424_115654,sweep_2346,161,2976.78,0.8925402578756771,0.7605267646849827
scope_20260424_115654,sweep_2347,161,2977.08,0.8925852318629106,0.953011472561604
scope_20260424_115654,sweep_2348,161,2962.52,0.9194979891978365,0.7916815165994205
scope_20260424_115654,sweep_2349,161,2962.52,0.9194979891978365,0.9584888433761057
scope_20260424_115654,sweep_2350,161,2962.82,0.9195445445651642,1.0274365021385523
scope_20260424_115654,sweep_2351,161,2962.96,0.9195662695966385,1.0475000529942866
scope_20260424_115654,sweep_2352,161,2976.93,0.9217315425231104,0.9600527682290384
scope_20260424_115654,sweep_2353,161,2962.82,0.9500018788055832,0.7921048685049848
scope_20260424_115654,sweep_2354,161,2976.93,0.9522613149376037,1.0447983033413322
scope_20260424_115654,sweep_2355,161,2962.52,0.949953781422274,1.0467205323294366
scope_20260424_115654,sweep_2356,161,2976.93,0.9522613149376037,0.9502762839654144
scope_20260424_115654,sweep_2357,161,2962.96,0.9819197173582628,0.8282921047983893
scope_20260424_115654,sweep_2358,161,2962.67,0.9818716634381924,1.0008621972487932
scope_20260424_115654,sweep_2359,161,2962.96,0.9819197173582628,1.0379932833090324
scope_20260424_115654,sweep_2360,161,2976.93,0.9842318119296496,1.020075725200358
scope_20260424_115654,sweep_2361,161,2976.63,0.9841822177196922,0.939852757847842
scope_20260424_115654,sweep_2362,161,2962.67,0.9818716634381924,0.8602504183271685
scope_20260424_115654,sweep_2363,161,2976.63,0.9841822177196922,1.0984705632610512
scope_20260424_115654,sweep_2364,161,2976.63,0.9841822177196922,0.8554547195262414
scope_20260424_115654,sweep_2365,161,2976.63,0.9841822177196922,0.9719503609159917
scope_20260424_115654,sweep_2366,161,2962.82,0.9818965192077106,0.9527810853802552
scope_20260424_115654,sweep_2367,161,2976.63,0.9841822177196922,0.9336110508449631
scope_20260424_115654,sweep_2368,161,2976.63,0.9841822177196922,0.813521048414387
scope_20260424_115654,sweep_2369,161,2976.78,0.9842070151370526,1.0721322715326416
scope_20260424_115654,sweep_2370,161,2976.63,0.952213331681002,0.6987238046201546
scope_20260424_115654,sweep_2371,161,2976.78,0.9522373236115375,1.038336820360316
scope_20260424_115654,sweep_2372,161,2962.82,0.9500018788055832,0.9477188625467016
scope_20260424_115654,sweep_2373,161,2977.08,0.9522853056592462,1.005350826517103
scope_20260424_115654,sweep_2374,161,2976.49,0.9216634225361335,0.9285691251641219
scope_20260424_115654,sweep_2375,161,2976.63,0.921685097623555,0.9661284293345762
scope_20260424_115654,sweep_2376,161,2976.63,0.921685097623555,0.7733656185189938
scope_20260424_115654,sweep_2377,161,2962.67,0.8904224154142102,0.848782901960386
scope_20260424_115654,sweep_2378,161,2976.93,0.8925627451525597,0.8856540788954468
scope_20260424_115654,sweep_2379,161,2976.78,0.8925402578756771,1.0453539130293177
scope_20260424_115654,sweep_2380,161,2976.63,0.8646367494707262,1.0120366674829127
scope_20260424_115654,sweep_2381,161,2962.96,0.8626490677965795,1.078041063071376
scope_20260424_115654,sweep_2382,161,2976.63,0.8646367494707262,1.1318293969473703
scope_20260424_115654,sweep_2383,161,2976.49,0.864616415978104,0.9500580446150083
scope_20260424_115654,sweep_2384,161,2976.78,0.8379933206819792,0.7347544975498634
scope_20260424_115654,sweep_2385,161,2962.82,0.8360260717938153,1.0640452245482392
scope_20260424_115654,sweep_2386,161,2976.49,0.8379525007386117,0.8251062121376941
scope_20260424_115654,sweep_2387,161,2962.52,0.8359837448602285,1.0220278275940735
scope_20260424_115654,sweep_2388,161,2963.11,0.8360669857927142,1.0102282859041354
scope_20260424_115654,sweep_2389,161,2963.11,0.8360669857927142,0.8343318601466653
scope_20260424_115654,sweep_2390,161,2976.78,0.8379933206819792,0.9056384520530747
scope_20260424_115654,sweep_2391,161,2976.34,0.8379313861945143,0.7395987356153667
scope_20260424_115654,sweep_2392,161,2976.78,0.8379933206819792,0.8827192736121369
scope_20260424_115654,sweep_2393,161,2962.96,0.8360458236294718,1.0858052841644001
scope_20260424_115654,sweep_2394,161,2976.49,0.864616415978104,0.776056990868662
scope_20260424_115654,sweep_2395,161,2962.82,0.8626286874512267,0.9615621285933554
scope_20260424_115654,sweep_2396,161,2962.67,0.8626068508325855,0.952675912859741
scope_20260424_115654,sweep_2397,161,2962.67,0.8626068508325855,1.040333087849816
scope_20260424_115654,sweep_2398,161,2962.52,0.8625850136611433,0.8506428484664527
scope_20260424_115654,sweep_2399,161,2976.34,0.864594629562494,0.8069057941483309
scope_20260424_115654,sweep_2400,161,2962.67,0.8904224154142102,0.98585688628093
scope_20260424_115654,sweep_2401,161,2962.82,0.8904449561750402,0.8270711798573092
scope_20260424_115654,sweep_2402,161,2962.52,0.8903998740827536,1.076551258831582
scope_20260424_115654,sweep_2403,161,2976.63,0.8925177700322204,0.8966880939166489
scope_20260424_115654,sweep_2404,161,2976.63,0.8925177700322204,0.7126548404430899
scope_20260424_115654,sweep_2405,161,2976.78,0.8925402578756771,0.7487617635341124
scope_20260424_115654,sweep_2406,161,2976.93,0.9217315425231104,0.9748105066413985
scope_20260424_115654,sweep_2407,161,2976.93,0.9217315425231104,0.9313048630516629
scope_20260424_115654,sweep_2408,161,2962.96,0.9195662695966385,0.7583554524751633
scope_20260424_115654,sweep_2409,161,2976.78,0.9217083203658776,1.0074411193634687
scope_20260424_115654,sweep_2410,161,2962.96,0.9195662695966385,0.5426842466630589
scope_20260424_115654,sweep_2411,161,2962.82,0.9500018788055832,0.9858280106473505
scope_20260424_115654,sweep_2412,161,2976.78,0.9522373236115375,0.7438531357423049
scope_20260424_115654,sweep_2413,161,2962.67,0.949977830418325,0.8188033518198206
scope_20260424_115654,sweep_2414,161,2962.52,0.949953781422274,0.7543578249749224
scope_20260424_115654,sweep_2415,161,2976.63,0.952213331681002,0.8950166962024511
scope_20260424_115654,sweep_2416,161,2962.82,0.9818965192077106,0.9775161112374059
scope_20260424_115654,sweep_2417,161,2976.63,0.9841822177196922,1.1101551629705673
scope_20260424_115654,sweep_2418,161,2976.78,0.9842070151370526,1.0313326469659638
scope_20260424_115654,sweep_2419,161,2976.78,0.9842070151370526,0.996009040052216
scope_20260424_115654,sweep_2420,161,2962.52,0.9818468070394425,0.8612728046630999
scope_20260424_115654,sweep_2421,161,2976.63,0.9841822177196922,0.7806158634642374
scope_20260424_115654,sweep_2422,161,2976.78,0.9842070151370526,0.8198868379962304
scope_20260424_115654,sweep_2423,161,2976.78,0.9842070151370526,0.9743640656356441
scope_20260424_115654,sweep_2424,161,2976.63,0.9841822177196922,0.6557659126150299
scope_20260424_115654,sweep_2425,161,2976.34,0.9841342742744019,0.9999118317118594
scope_20260424_115654,sweep_2426,161,2963.11,0.9819445719114014,0.9041291872336985
scope_20260424_115654,sweep_2427,161,2977.08,0.9842566080975306,1.0046390512942662
scope_20260424_115654,sweep_2428,161,2976.63,0.952213331681002,0.9239669065401243
scope_20260424_115654,sweep_2429,161,2976.93,0.9522613149376037,0.8015246002455338
scope_20260424_115654,sweep_2430,161,2962.67,0.949977830418325,0.7302321041655764
scope_20260424_115654,sweep_2431,161,2976.49,0.9521909386670959,0.7884923024444446
scope_20260424_115654,sweep_2432,161,2976.93,0.9217315425231104,0.9620287835678917
scope_20260424_115654,sweep_2433,161,2962.67,0.9195212671761377,0.6551076518271108
scope_20260424_115654,sweep_2434,161,2976.63,0.921685097623555,0.7784266855466493
scope_20260424_115654,sweep_2435,161,2976.49,0.8924967808671134,0.8895551271482852
scope_20260424_115654,sweep_2436,161,2962.82,0.8904449561750402,0.9314847668885039
scope_20260424_115654,sweep_2437,161,2962.67,0.8904224154142102,0.9071822936190694
scope_20260424_115654,sweep_2438,161,2976.93,0.8925627451525597,0.8370643087926007
scope_20260424_115654,sweep_2439,161,2962.67,0.8626068508325855,1.0326013490374986
scope_20260424_115654,sweep_2440,161,2962.82,0.8626286874512267,0.9383411218369149
scope_20260424_115654,sweep_2441,161,2976.93,0.864680319630518,0.8101272005137438
scope_20260424_115654,sweep_2442,161,2962.82,0.8626286874512267,0.947240467956065
scope_20260424_115654,sweep_2443,161,2962.96,0.8360458236294718,0.9186543215885935
scope_20260424_115654,sweep_2444,161,2976.78,0.8379933206819792,0.7233644550926935
scope_20260424_115654,sweep_2445,161,2977.22,0.8380552505923223,0.629542901536119
scope_20260424_115654,sweep_2446,161,2976.78,0.8379933206819792,0.9724291790180724
scope_20260424_115654,sweep_2447,161,2977.08,0.838035546117273,0.7507031992126952
scope_20260424_115654,sweep_2448,161,2962.82,0.8360260717938153,0.8650603810628122
scope_20260424_115654,sweep_2449,161,2962.82,0.8360260717938153,0.9543968937325019
scope_20260424_115654,sweep_2450,161,2962.52,0.8359837448602285,0.9585300451555169
scope_20260424_115654,sweep_2451,161,2976.63,0.8646367494707262,0.866227193920108
scope_20260424_115654,sweep_2452,161,2962.67,0.8626068508325855,0.7822878632590649
scope_20260424_115654,sweep_2453,161,2962.52,0.8625850136611433,0.7728053369144726
scope_20260424_115654,sweep_2454,161,2962.96,0.8626490677965795,0.833313239854571
scope_20260424_115654,sweep_2455,161,2962.96,0.8626490677965795,1.0101300768660755
scope_20260424_115654,sweep_2456,161,2962.82,0.8626286874512267,0.9399778866030318
scope_20260424_115654,sweep_2457,161,2962.67,0.8626068508325855,0.9178879449294738
scope_20260424_115654,sweep_2458,161,2963.11,0.890488533361429,0.8887030635305179
scope_20260424_115654,sweep_2459,161,2976.63,0.8925177700322204,0.9391270476248267
scope_20260424_115654,sweep_2460,161,2976.78,0.8925402578756771,0.9169555087200469
scope_20260424_115654,sweep_2461,161,2962.96,0.8904659937036877,0.9877471893206025
scope_20260424_115654,sweep_2462,161,2962.82,0.8904449561750402,1.0570182578649974
scope_20260424_115654,sweep_2463,161,2976.78,0.8925402578756771,1.0562473618936623
scope_20260424_115654,sweep_2464,161,2976.49,0.9216634225361335,0.9495875541185991
scope_20260424_115654,sweep_2465,161,2976.63,0.921685097623555,0.8351773413170449
scope_20260424_115654,sweep_2466,161,2962.82,0.9195445445651642,1.0102782133415475
scope_20260424_115654,sweep_2467,161,2962.38,0.9194762625530593,1.078618680658348
scope_20260424_115654,sweep_2468,161,2976.78,0.9522373236115375,0.7353251980281778
scope_20260424_115654,sweep_2469,161,2976.78,0.9522373236115375,0.9564195097354075
scope_20260424_115654,sweep_2470,161,2976.78,0.9522373236115375,0.9920729660244508
scope_20260424_115654,sweep_2471,161,2962.96,0.9500243234177987,1.028415241135395
scope_20260424_115654,sweep_2472,161,2962.96,0.9500243234177987,1.0567703525983139
scope_20260424_115654,sweep_2473,161,2962.52,0.9818468070394425,0.8080521750901293
scope_20260424_115654,sweep_2474,161,2962.82,0.9818965192077106,1.1379868359408272
scope_20260424_115654,sweep_2475,161,2976.93,0.9842318119296496,0.6664997340554443
scope_20260424_115654,sweep_2476,161,2976.78,0.9842070151370526,0.6705545853780192
scope_20260424_115654,sweep_2477,161,2963.11,0.9819445719114014,0.7991555000841652
scope_20260424_115654,sweep_2478,161,2976.63,0.9841822177196922,0.801827187144601
scope_20260424_115654,sweep_2479,161,2962.96,0.9819197173582628,0.794051708546995
scope_20260424_115654,sweep_2480,161,2977.08,0.9842566080975306,0.7128431558360998
scope_20260424_115654,sweep_2481,161,2962.67,0.9818716634381924,0.7535759187455185
scope_20260424_115654,sweep_2482,161,2976.49,0.9841590728997719,0.8100899539665465
scope_20260424_115654,sweep_2483,161,2976.49,0.9841590728997719,0.6653551349369587
scope_20260424_115654,sweep_2484,161,2976.78,0.9842070151370526,0.7966285159377007
scope_20260424_115654,sweep_2485,161,2962.67,0.9818716634381924,0.8778691588779132
scope_20260424_115654,sweep_2486,161,2962.82,0.9500018788055832,0.9537558347765623
scope_20260424_115654,sweep_2487,161,2962.96,0.9500243234177987,0.9710303270172393
scope_20260424_115654,sweep_2488,161,2976.63,0.952213331681002,0.8540696354747175
scope_20260424_115654,sweep_2489,161,2976.49,0.9521909386670959,0.6002905266026656
scope_20260424_115654,sweep_2490,161,2962.52,0.9194979891978365,1.051520680462041
scope_20260424_115654,sweep_2491,161,2976.63,0.921685097623555,0.87510959725004
scope_20260424_115654,sweep_2492,162,2841.18,0.9004705480578333,0.8223308189110693
scope_20260424_115654,sweep_2493,162,2840.91,0.8719331354944955,0.8501767119187389
scope_20260424_115654,sweep_2494,162,2840.77,0.8719116508042171,0.8979846864370751
scope_20260424_115654,sweep_2495,162,2840.77,0.8719116508042171,0.8154231859233962
scope_20260424_115654,sweep_2496,162,2840.77,0.844674336904012,0.8358170285138192
scope_20260424_115654,sweep_2497,162,2840.77,0.844674336904012,0.8851772419463121
scope_20260424_115654,sweep_2498,162,2840.64,0.8446550095878114,0.8391588506956867
scope_20260424_115654,sweep_2499,162,2840.91,0.8446951504422847,0.7763379216067633
scope_20260424_115654,sweep_2500,162,2841.04,0.8186643177223161,0.7627340462662661
scope_20260424_115654,sweep_2501,162,2840.51,0.8185879526718285,0.8362929688836576
scope_20260424_115654,sweep_2502,162,2840.64,0.8186066843813278,0.8462115439499507
scope_20260424_115654,sweep_2503,163,2647.6,0.7903025326170612,0.7852158025461615
scope_20260424_115654,sweep_2504,163,2647.6,0.7903025326170612,0.7951198493222946
scope_20260424_115654,sweep_2505,163,2647.49,0.7902861150725754,0.8642814227890809
scope_20260424_115654,sweep_2506,163,2647.72,0.7903204422766297,0.9302747866366838
scope_20260424_115654,sweep_2507,163,2647.72,0.7903204422766297,0.8309634763739232
scope_20260424_115654,sweep_2508,163,2647.6,0.7903025326170612,0.8383344256655582
scope_20260424_115654,sweep_2509,163,2647.49,0.7902861150725754,0.7946920742482817
scope_20260424_115654,sweep_2510,163,2647.49,0.7902861150725754,0.807865010578578
scope_20260424_115654,sweep_2511,163,2647.49,0.8154332707510522,0.9148398597459931
scope_20260424_115654,sweep_2512,163,2647.6,0.8154502107070282,0.9327908949356988
scope_20260424_115654,sweep_2513,164,2439.92,0.7828148516451112,0.8250099377512177
scope_20260424_115654,sweep_2534,167,2060.09,0.8187591824101359,0.749513571334305
scope_20260424_115654,sweep_2535,167,2087.9,0.8242670395542968,0.7530689813766077
scope_20260424_115654,sweep_2536,167,2087.97,0.8242808568370135,0.811877526105136
scope_20260424_115654,sweep_2537,167,2080.88,0.8228801851610789,0.6975449955651899
scope_20260424_115654,sweep_2538,167,2081.02,0.8229078660673043,0.7598626712810788
scope_20260424_115654,sweep_2539,167,2087.76,0.8242394042939784,0.7553190171577462
scope_20260424_115654,sweep_2540,167,2087.68,0.8242236123006387,0.7633167766337847
scope_20260424_115654,sweep_2541,167,2087.76,0.8242394042939784,0.842705888818691
scope_20260424_115654,sweep_2542,167,2080.73,0.8228505260139272,0.8441426173562048
scope_20260424_115654,sweep_2543,167,2081.09,0.8229217061712494,0.7786728217441692
scope_20260424_115654,sweep_2544,167,2087.9,0.8242670395542968,0.646805340928429
scope_20260424_115654,sweep_2545,168,1896.87,0.76013479789475,0.7083464666779254
scope_20260424_115654,sweep_2546,168,1896.81,0.7601227758667413,0.7162128958758546
scope_20260424_115654,sweep_2547,168,1896.99,0.7601588413803766,0.7351458720848163
scope_20260424_115654,sweep_2548,168,1896.87,0.76013479789475,0.635907031670969
scope_20260424_115654,sweep_2549,168,1896.93,0.7357762934453546,0.6793473081557548
scope_20260424_115654,sweep_2550,168,1896.87,0.735764657031069,0.5994413539387436
scope_20260424_115654,sweep_2551,168,1896.87,0.735764657031069,0.6547523191689423
scope_20260424_115654,sweep_2552,168,1896.99,0.7125034395195564,0.7424744054074741
scope_20260424_115654,sweep_2553,168,1896.87,0.712480903353068,0.664561445883156
scope_20260424_115654,sweep_2554,168,1896.87,0.712480903353068,0.6302520979913988
scope_20260424_115654,sweep_2555,169,1690.76,0.651646767748167,0.521329344311122
scope_20260424_115654,sweep_2556,169,1709.45,0.6552385858653988,0.6650724115373183
scope_20260424_115654,sweep_2557,169,1713.94,0.6560985384592193,0.629806460327802
scope_20260424_115654,sweep_2558,169,1709.3,0.6350038140114872,0.5627759612036024
scope_20260424_115654,sweep_2559,169,1709.21,0.6349870963213312,0.6441691901859049
scope_20260424_115654,sweep_2560,169,1709.35,0.6350131014269546,0.6373951073525014
scope_20260424_115654,sweep_2561,169,1709.3,0.6350038140114872,0.6180805647668454
scope_20260424_115654,sweep_2562,169,1714.04,0.6358836578926182,0.7013651217044913
scope_20260424_115654,sweep_2563,169,1709.26,0.6349963839813105,0.56717786545571
scope_20260424_115654,sweep_2564,169,1713.84,0.6358465582795263,0.713104339383065
scope_20260424_115654,sweep_2565,169,1713.89,0.6164961376473669,0.819805816176868
scope_20260424_115654,sweep_2566,170,1524.86,0.5815055629841069,0.614534275160324
scope_20260424_115654,sweep_2567,170,1521.26,0.580818727123161,0.5638064286590607
scope_20260424_115654,sweep_2568,170,1521.26,0.5990580528051664,0.5838305400811266
scope_20260424_115654,sweep_2569,170,1521.14,0.5990344248967091,0.5783379465932064
scope_20260424_115654,sweep_2570,170,1521.22,0.5990501769392294,0.5498947352791465
scope_20260424_115654,sweep_2571,170,1521.26,0.5990580528051664,0.6387466104096974
scope_20260424_115654,sweep_2572,170,1521.3,0.59906592856756,0.5639457841985415
scope_20260424_115654,sweep_2573,170,1521.14,0.5990344248967091,0.6195574539346919
scope_20260424_115654,sweep_2574,170,1521.49,0.599103337025042,0.6372870744182239
scope_20260424_115654,sweep_2575,170,1521.18,0.599042300969745,0.5377260293204654
scope_20260424_115654,sweep_2576,170,1521.18,0.599042300969745,0.3812750516864756
scope_20260424_115654,sweep_2577,171,1332.36,0.5606321257711667,0.5752048739914708
scope_20260424_115654,sweep_2578,171,1332.27,0.5784520804165089,0.5953038248163309
scope_20260424_115654,sweep_2579,171,1335.08,0.5790617894679702,0.5874782193124175
scope_20260424_115654,sweep_2580,171,1335.11,0.5790682953537958,0.49615373558824954
scope_20260424_115654,sweep_2581,171,1335.11,0.5790682953537958,0.5659591504100068
scope_20260424_115654,sweep_2582,171,1332.42,0.5784846433992029,0.5136418078568723
scope_20260424_115654,sweep_2583,171,1335.2,0.5790878125727222,0.530989933300011
scope_20260424_115654,sweep_2584,171,1335.11,0.5977408940597281,0.553734261444488
scope_20260424_115654,sweep_2585,171,1334.94,0.5977028375749086,0.5513158626075755
scope_20260424_115654,sweep_2586,171,1332.27,0.597104808695528,0.5190222102702627
scope_20260424_115654,sweep_2587,172,1147.89,0.5542485692316972,0.5329716302358694
scope_20260424_115654,sweep_2588,172,1143.73,0.5532433479971047,0.5335324176933813
scope_20260424_115654,sweep_2589,172,1143.69,0.553233673542727,0.5169054922481647
scope_20260424_115654,sweep_2590,172,1145.74,0.571825049273956,0.47212608581259746
scope_20260424_115654,sweep_2591,172,1143.73,0.5713232456871817,0.5870053400405552
scope_20260424_115654,sweep_2592,172,1145.69,0.5718125719386092,0.48146235940710996
scope_20260424_115654,sweep_2593,172,1145.78,0.5718350309462112,0.5468416697911195
scope_20260424_115654,sweep_2594,172,1143.71,0.5713182504020765,0.5168836163596904
scope_20260424_115654,sweep_2595,172,1145.74,0.571825049273956,0.5464963896161238
scope_20260424_115654,sweep_2596,172,1145.74,0.5907651503878361,0.5422139466341929
scope_20260424_115654,sweep_2597,173,934.16,0.5097080377295404,0.40265479732026194
scope_20260424_115654,sweep_2598,174,955.75,0.5194665711176466,0.5008811336684059
scope_20260424_115654,sweep_2599,174,955.73,0.519457548715953,0.5018499990891916
scope_20260424_115654,sweep_2600,174,955.6,0.5193989023225406,0.4704785629573769
scope_20260424_115654,sweep_2601,174,955.75,0.5194665711176466,0.47222213183954476
scope_20260424_115654,sweep_2602,174,955.66,0.5368647824429014,0.46391886202138954
scope_20260424_115654,sweep_2603,174,955.73,0.5368974212994644,0.5083978751106986
scope_20260424_115654,sweep_2604,174,955.7,0.5368834332678444,0.42435607191459457
scope_20260424_115654,sweep_2605,174,955.76,0.5369114092564412,0.39518446745204183
scope_20260424_115654,sweep_2606,174,955.66,0.5368647824429014,0.39045152103871866
scope_20260424_115654,sweep_2607,174,955.63,0.5368507942371031,0.4796343647512828
scope_20260424_115654,sweep_2608,175,770.96,0.4492101067056154,0.3086881534679472
scope_20260424_115654,sweep_2609,175,770.91,0.4491859260448831,0.37827074084258305
scope_20260424_115654,sweep_2610,175,771.86,0.44964531303055094,0.44088529326543635
scope_20260424_115654,sweep_2611,175,772.9,0.45014811069482685,0.3570232809326737
scope_20260424_115654,sweep_2612,175,773.89,0.435989063398109,0.33606298882069324
scope_20260424_115654,sweep_2613,175,775.79,0.4368773180688471,0.24146726081549286
scope_20260424_115654,sweep_2614,175,777.68,0.4377605308790384,0.3958395396483652
scope_20260424_115654,sweep_2615,175,779.65,0.424616509004027,0.3207130567850779
scope_20260424_115654,sweep_2616,175,779.68,0.42463007011028464,0.3760834483713604
scope_20260424_115654,sweep_2617,175,781.61,0.42550231503824026,0.3185629179584608
scope_20260424_115654,sweep_2618,175,782.61,0.41247451499383664,0.26226989072451834
scope_20260424_115654,sweep_2619,176,597.66,0.3297702113052914,0.3154893745351723
scope_20260424_115654,sweep_2620,176,601.15,0.33136772880537874,0.2587812684646271
scope_20260424_115654,sweep_2621,176,604.62,0.3225534901594414,0.24476367590818127
scope_20260424_115654,sweep_2622,176,612.3,0.325950460095412,0.3157144969007804
scope_20260424_115654,sweep_2623,176,615.39,0.3172210865330112,0.2430082995286201
scope_20260424_115654,sweep_2624,176,621.53,0.31984585518770925,0.2943146409521327
scope_20260424_115654,sweep_2625,176,626.55,0.3219885638095137,0.24530961953114352
scope_20260424_115654,sweep_2626,176,629.08,0.3230673477498225,0.3104098327763124
scope_20260424_115654,sweep_2627,176,635.48,0.3158736899724085,0.2546339451761872
scope_20260424_115654,sweep_2628,176,636.85,0.3164387969928949,0.29984321677170755
scope_20260424_115654,sweep_2630,178,460.17,0.24163568875075808,0.2452164413903111
scope_20260424_115654,sweep_2631,178,469.56,0.24572112536285348,0.20775631738858205
scope_20260424_115654,sweep_2632,178,477.48,0.2491561958485787,0.1954517308225431
scope_20260424_115654,sweep_2633,178,484.54,0.2522101060209939,0.24223328035803005
scope_20260424_115654,sweep_2634,178,491.83,0.2553555789922045,0.22907649089217133
scope_20260424_115654,sweep_2635,178,496.53,0.257379318851117,0.2044386657988044
scope_20260424_115654,sweep_2636,178,502.95,0.26013841034950264,0.24474670894160938
scope_20260424_115654,sweep_2637,178,509.13,0.26278870748973204,0.2510936708793413
scope_20260424_115654,sweep_2638,178,515.45,0.2654933938244921,0.23560980058485867
scope_20260424_115654,sweep_2639,178,520.62,0.26770173837628847,0.19831260095698924
scope_20260424_115654,sweep_2640,179,365.11,0.19941167521238534,0.17621199644817434
scope_20260424_115654,sweep_2641,179,365.1,0.19940714200114074,0.1644244397769636
scope_20260424_115654,sweep_2642,179,364.71,0.1992303302917883,0.19586637435230456
scope_20260424_115654,sweep_2643,179,364.9,0.19931647334269925,0.20877738952610975
scope_20260424_115654,sweep_2644,179,365.12,0.1994162084025228,0.1979381440021117
scope_20260424_115654,sweep_2645,179,374.11,0.20348308852614444,0.2016984395879721
scope_20260424_115654,sweep_2646,179,382.61,0.207313044974375,0.1879418633306298
scope_20260424_115654,sweep_2647,179,386.91,0.2158159059964661,0.2309800803764857
scope_20260424_115654,sweep_2648,179,394.77,0.219448605301278,0.22268595864108637
scope_20260424_115654,sweep_2649,179,401.13,0.2223790428354613,0.23471843045050822
scope_20260424_115654,sweep_2650,179,365.33,0.20577661416056195,0.2720668995149243
scope_20260424_115654,sweep_2651,179,365.55,0.2058794605922007,0.23277913895000893
scope_20260424_115654,sweep_2652,179,365.75,0.2059729482175154,0.18747556656863495
scope_20260424_115654,sweep_2653,179,364.9,0.20557556572612262,0.20326746055207817
scope_20260424_115654,sweep_2654,179,365.33,0.21232449150851498,0.19396495555804683
scope_20260424_115654,sweep_2655,179,365.54,0.2124257871892938,0.21409754098227868
scope_20260424_115654,sweep_2656,179,364.05,0.21170685591749552,0.21109625762860706
scope_20260424_115654,sweep_2657,179,365.77,0.2125367187275083,0.1874484695648246
scope_20260424_115654,sweep_2658,179,364.68,0.21201089448988863,0.2050235835229319
scope_20260424_115654,sweep_2659,179,365.55,0.2124306105463378,0.28263085584945824
scope_20260424_115654,sweep_2660,179,365.53,0.21242096380981804,0.19560401889721232
scope_20260424_115654,sweep_2661,179,364.9,0.21895695814950844,0.1916121209698493
scope_20260424_115654,sweep_2662,179,364.91,0.2189619385236366,0.206677604140011
scope_20260424_115654,sweep_2663,179,364.89,0.21895197775217765,0.1766735807557177
scope_20260424_115654,sweep_2664,179,365.12,0.21906652102182697,0.2262877043033651
scope_20260424_115654,sweep_2665,179,364.48,0.218747761474925,0.2392820904550699
scope_20260424_115654,sweep_2666,179,365.75,0.21938020719289503,0.2548464588468097
scope_20260424_115654,sweep_2667,179,364.9,0.21895695814950844,0.2180134265187938
scope_20260424_115654,sweep_2668,179,365.74,0.2265443736019827,0.22115642890318127
scope_20260424_115654,sweep_2669,179,364.68,0.22599927900911648,0.20725923945909022
scope_20260424_115654,sweep_2670,179,365.32,0.22632842489331448,0.23103587842089374
scope_20260424_115654,sweep_2671,179,364.9,0.22611243397439684,0.2698842583979141
scope_20260424_115654,sweep_2672,179,364.9,0.22611243397439684,0.20223910218148594
scope_20260424_115654,sweep_2673,179,364.68,0.22599927900911648,0.22374675072928804
scope_20260424_115654,sweep_2674,179,365.09,0.23370272619187435,0.20121951121498485
scope_20260424_115654,sweep_2675,179,364.9,0.23360177423330675,0.24001248694567753
scope_20260424_115654,sweep_2676,179,364.47,0.23337327100496918,0.2379052678251824
scope_20260424_115654,sweep_2677,179,365.12,0.233718665158263,0.19414292749046425
scope_20260424_115654,sweep_2678,179,365.53,0.2339364753950752,0.20718936991225556
scope_20260424_115654,sweep_2679,179,364.68,0.23348487132713666,0.19947369299391832
scope_20260424_115654,sweep_2680,179,365.11,0.23371335219420494,0.2590906911140733
scope_20260424_115654,sweep_2681,179,364.9,0.23360177423330675,0.20509866263507168
scope_20260424_115654,sweep_2682,179,364.26,0.2410930092707295,0.24922440360528397
scope_20260424_115654,sweep_2683,179,364.68,0.24132371478256107,0.19529459578934644
scope_20260424_115654,sweep_2684,179,365.96,0.2420265389819388,0.19160968415854798
scope_20260424_115654,sweep_2685,179,365.55,0.24180146116507553,0.24378624250910425
scope_20260424_115654,sweep_2686,179,364.69,0.24132920722021645,0.17925297137218224
scope_20260424_115654,sweep_2687,179,364.89,0.24143905059780674,0.2776958585073815
scope_20260424_115654,sweep_2688,179,364.89,0.24143905059780674,0.2062100125753046
scope_20260424_115654,sweep_2689,179,365.12,0.233718665158263,0.24465821327300585
scope_20260424_115654,sweep_2690,179,363.63,0.2329267603241356,0.2461190450992692
scope_20260424_115654,sweep_2691,179,364.68,0.23348487132713666,0.15413861150491578
scope_20260424_115654,sweep_2692,180,174.47,0.12661934484640092,0.08542611468847028
scope_20260424_115654,sweep_2693,180,174.47,0.12255989213022483,0.10643182151794887
scope_20260424_115654,sweep_2694,180,174.47,0.12255989213022483,0.10723867212012486
scope_20260424_115654,sweep_2695,180,174.47,0.12255989213022483,0.09714451306316449
scope_20260424_115654,sweep_2696,180,174.47,0.11868140420355887,0.1144107836045909
scope_20260424_115654,sweep_2697,180,174.47,0.11868140420355887,0.08289435547837341
scope_20260424_115654,sweep_2698,180,174.47,0.11497396130217331,0.1404700998399321
scope_20260424_115654,sweep_2699,180,174.47,0.11497396130217331,0.07160680007277474
scope_20260424_115654,sweep_2700,180,174.47,0.1114282780347075,0.07837609172929058
scope_20260424_115654,sweep_2701,180,174.47,0.1114282780347075,0.06748364525720663
scope_20260424_115654,sweep_2702,180,174.47,0.1114282780347075,0.06362276616513267
scope_20260424_115654,sweep_2703,180,174.47,0.10803565749694291,0.09851341210956817
scope_20260424_115654,sweep_2704,180,174.47,0.10803565749694291,0.07648031101901862
scope_20260424_115654,sweep_2705,180,174.47,0.10478794906462459,0.1030351408364384
scope_20260424_115654,sweep_2706,180,174.47,0.10478794906462459,0.0885751314446227
scope_20260424_115654,sweep_2707,180,174.47,0.10167750954265051,0.10638816051819674
scope_20260424_115654,sweep_2708,180,174.47,0.10167750954265051,0.09855116818894777
scope_20260424_115654,sweep_2709,180,174.47,0.09869716737898457,0.0703466388079227
scope_20260424_115654,sweep_2710,180,174.47,0.09869716737898457,0.08875736009893037
scope_20260424_115654,sweep_2711,180,174.47,0.09584018967900751,0.09007415599586843
scope_20260424_115654,sweep_2712,180,174.47,0.09584018967900751,0.09522877883285742
scope_20260424_115654,sweep_2713,180,174.47,0.09584018967900751,0.07669096964896756
scope_20260424_115654,sweep_2714,180,174.47,0.0931002517806832,0.07441191531344403
scope_20260424_115654,sweep_2715,180,174.47,0.0931002517806832,0.07000406346628092
scope_20260424_115654,sweep_2716,180,174.47,0.0931002517806832,0.08768574357005678
scope_20260424_115654,sweep_2717,180,174.47,0.09047140917308273,0.10278594759457518
scope_20260424_115654,sweep_2718,180,174.47,0.09047140917308273,0.08881098094429457
scope_20260424_115654,sweep_2719,180,174.47,0.09047140917308273,0.0629618494119207
scope_20260424_115654,sweep_2720,180,174.47,0.09047140917308273,0.07499088633092646
scope_20260424_115654,sweep_2721,180,174.47,0.09047140917308273,0.08751820671523236
scope_20260424_115654,sweep_2722,180,174.47,0.09047140917308273,0.09018386580195509
scope_20260424_115654,sweep_2723,180,174.47,0.08794807156078419,0.07677312906086024
scope_20260424_115654,sweep_2724,180,174.47,0.08794807156078419,0.07316493220654036
scope_20260424_115654,sweep_2725,180,174.47,0.08794807156078419,0.07166367714580033
scope_20260424_115654,sweep_2726,180,174.47,0.08794807156078419,0.06226461651464976
scope_20260424_115654,sweep_2727,180,174.47,0.08794807156078419,0.08037724278350068
scope_20260424_115654,sweep_2728,180,174.47,0.08794807156078419,0.08851769236887422
scope_20260424_115654,sweep_2729,180,174.47,0.08794807156078419,0.07538324024643112
scope_20260424_115654,sweep_2730,180,174.47,0.09047140917308273,0.08734177349864651
scope_20260424_115654,sweep_2731,180,174.47,0.09047140917308273,0.07659137011774186
scope_20260424_115654,sweep_2732,180,174.47,0.09047140917308273,0.0846249898834366
scope_20260424_115654,sweep_2733,180,174.47,0.09047140917308273,0.059778603056185375
scope_20260424_115654,sweep_2734,180,174.47,0.09047140917308273,0.11089845793584642
scope_20260424_115654,sweep_2735,180,174.47,0.09047140917308273,0.08686661325124198
scope_20260424_115654,sweep_2736,180,174.47,0.09047140917308273,0.07393012041790165
scope_20260424_115654,sweep_2737,180,174.47,0.09047140917308273,0.10034313296568231
scope_20260424_115654,sweep_2738,180,174.47,0.09047140917308273,0.09529279121246965
scope_20260424_115654,sweep_2739,180,174.47,0.09047140917308273,0.07494114030527542
scope_20260424_115654,sweep_2740,180,174.47,0.0931002517806832,0.10553053268935715
scope_20260424_115654,sweep_2741,180,174.47,0.0931002517806832,0.09142967760889491
scope_20260424_115654,sweep_2742,180,174.47,0.0931002517806832,0.08051168617033758
scope_20260424_115654,sweep_2743,180,174.47,0.0931002517806832,0.07229839901164375
scope_20260424_115654,sweep_2744,181,362.97,0.1710075680914776,0.22588291581434763
scope_20260424_115654,sweep_2745,181,363.61,0.17125779707742,0.22219685154169969
scope_20260424_115654,sweep_2746,181,363.39,0.17117178931528915,0.20223149604163898
scope_20260424_115654,sweep_2747,181,363.83,0.17638643928718262,0.21533660671727475
scope_20260424_115654,sweep_2748,181,364.05,0.17647496004902413,0.23161593888004706
scope_20260424_115654,sweep_2749,181,363.82,0.1763824154000199,0.2172550082123
scope_20260424_115654,sweep_2750,181,364.04,0.17647093657535737,0.16727548887581836
scope_20260424_115654,sweep_2751,181,364.03,0.18172735796672548,0.20203357764815216
scope_20260424_115654,sweep_2752,181,365.1,0.18217059558515153,0.15786165803938207
scope_20260424_115654,sweep_2753,181,364.05,0.181735644811367,0.2103093170840195
scope_20260424_115654,sweep_2754,181,365.33,0.18226584210661242,0.21702216926191148
scope_20260424_115654,sweep_2755,181,365.11,0.1876758375807263,0.20267161216023669
scope_20260424_115654,sweep_2756,181,365.13,0.1876843703637187,0.21080437683644931
scope_20260424_115654,sweep_2757,181,365.32,0.18776542784005817,0.22621061590598698
scope_20260424_115654,sweep_2758,181,364.67,0.1874880962425189,0.22581857435467312
scope_20260424_115654,sweep_2759,181,364.91,0.18759050537966845,0.17502376488629356
scope_20260424_115654,sweep_2760,181,365.33,0.19351379868431146,0.20460204155181097
scope_20260424_115654,sweep_2761,181,365.12,0.193421468179017,0.17661122472411148
scope_20260424_115654,sweep_2762,181,365.11,0.1934170712631447,0.24056242063483083
scope_20260424_115654,sweep_2763,181,365.54,0.19360612016752124,0.20880988789215496
scope_20260424_115654,sweep_2764,181,365.11,0.19941167521238534,0.22814970141670526
scope_20260424_115654,sweep_2765,181,364.9,0.19931647334269925,0.16695541398150335
scope_20260424_115654,sweep_2766,181,365.32,0.199506867773806,0.24165586616274068
scope_20260424_115654,sweep_2767,181,365.32,0.199506867773806,0.22890220286996707
scope_20260424_115654,sweep_2768,181,364.9,0.19931647334269925,0.22581862224610352
scope_20260424_115654,sweep_2769,181,364.91,0.20558024172837247,0.2331469523676606
scope_20260424_115654,sweep_2770,181,364.9,0.20557556572612262,0.23400132185479672
scope_20260424_115654,sweep_2771,181,364.69,0.20547736464554406,0.22857600152779273
scope_20260424_115654,sweep_2772,181,364.69,0.20547736464554406,0.22757395967473534
scope_20260424_115654,sweep_2773,181,365.53,0.2058701113514954,0.22372528173405193
scope_20260424_115654,sweep_2774,181,365.12,0.20567843274459882,0.2306519882411709
scope_20260424_115654,sweep_2775,181,365.33,0.20577661416056195,0.15839697221493837
scope_20260424_115654,sweep_2776,181,364.91,0.20558024172837247,0.20070192022136268
scope_20260424_115654,sweep_2777,181,364.91,0.20558024172837247,0.2147168174687853
scope_20260424_115654,sweep_2778,181,364.46,0.20536980005039943,0.20586472615236573
scope_20260424_115654,sweep_2779,181,364.67,0.20546801166039652,0.1291538758038578
scope_20260424_115654,sweep_2780,181,364.68,0.2054726881638703,0.13146479695722332
scope_20260424_115654,sweep_2781,181,364.03,0.20516867006196182,0.15393468753470246
scope_20260424_115654,sweep_2782,181,364.89,0.1993119396880476,0.17753199159332608
scope_20260424_115654,sweep_2783,181,365.11,0.19941167521238534,0.13066857976564014
scope_20260424_115654,sweep_2784,181,364.26,0.19902627683466406,0.18255119330689135
scope_20260424_115654,sweep_2785,181,364.68,0.1932279845048011,0.22509905602736643
scope_20260424_115654,sweep_2786,181,364.26,0.1930432585191866,0.1710377340749418
scope_20260424_115654,sweep_2787,181,364.9,0.19332473129963026,0.1067806778912046
scope_20260424_115654,sweep_2788,181,365.53,0.18785500934482913,0.24409680091248653
scope_20260424_115654,sweep_2789,181,363.18,0.1868520494480392,0.22280424880589136
scope_20260424_115654,sweep_2790,181,364.68,0.18749236351860862,0.2077992705811093
scope_20260424_115654,sweep_2791,181,364.47,0.18190965067857306,0.1930870341573491
scope_20260424_115654,sweep_2792,181,365.12,0.18217887829620696,0.19822168604723656
scope_20260424_115654,sweep_2793,181,365.33,0.1769898097726084,0.18931941222941348
scope_20260424_115654,sweep_2794,181,365.33,0.1769898097726084,0.20563309892374304
scope_20260424_115654,sweep_2795,181,364.26,0.17655944865685314,0.15756129104849323
scope_20260424_115654,sweep_2796,181,364.69,0.17673242331033412,0.313230497720767
scope_20260424_115654,sweep_2797,182,507.88,0.2259978699305228,0.28437577578624895
scope_20260424_115654,sweep_2798,182,513.33,0.2280089213165546,0.2505003604110318
scope_20260424_115654,sweep_2799,182,517.14,0.22941265582993603,0.1894626938722402
scope_20260424_115654,sweep_2800,182,522.36,0.2313330329259132,0.14456747852126453
scope_20260424_115654,sweep_2801,182,526.37,0.23280604928805826,0.19625184526762265
scope_20260424_115654,sweep_2802,182,525.49,0.23248295770232202,0.44469997364417146
scope_20260424_115654,sweep_2803,182,530.39,0.2342808254007298,0.2728938221309709
scope_20260424_115654,sweep_2804,182,533.58,0.23544975574563273,0.20714801911408517
scope_20260424_115654,sweep_2805,182,538.61,0.23729051892865108,0.19198746912681275
scope_20260424_115654,sweep_2806,182,541.98,0.23852215810843147,0.2584661070397753
scope_20260424_115654,sweep_2808,184,732.82,0.306387042175554,0.3942066858060549
scope_20260424_115654,sweep_2809,184,731.12,0.30579699627268725,0.3790553581429603
scope_20260424_115654,sweep_2810,184,729.39,0.3051962982977851,0.3952677387729751
scope_20260424_115654,sweep_2811,184,728.51,0.31386357157853256,0.3340561952879929
scope_20260424_115654,sweep_2812,184,726.81,0.3132555505202836,0.3641153902186167
scope_20260424_115654,sweep_2813,184,725.1,0.31264370891391885,0.29648221477217995
scope_20260424_115654,sweep_2814,184,722.63,0.3117595043909779,0.29772226724568307
scope_20260424_115654,sweep_2815,184,722.59,0.3117451810661147,0.3209848112103551
scope_20260424_115654,sweep_2816,184,721.77,0.3114515231892053,0.4057415016003193
scope_20260424_115654,sweep_2817,184,720.89,0.32041122901557706,0.409840456642627
scope_20260424_115654,sweep_2818,185,930.0,0.39583783639928466,0.329813449658399
scope_20260424_115654,sweep_2819,185,901.63,0.3857891331470652,0.4355531368797815
scope_20260424_115654,sweep_2820,185,895.2,0.38350419410975556,0.3661425819372379
scope_20260424_115654,sweep_2821,185,892.68,0.3826079368311921,0.3820476573053771
scope_20260424_115654,sweep_2822,185,887.5,0.3922621539417497,0.41328702789476524
scope_20260424_115654,sweep_2823,185,882.52,0.39043437770214695,0.2201324207079126
scope_20260424_115654,sweep_2824,185,877.57,0.3886158737714271,0.41293729545064795
scope_20260424_115654,sweep_2825,185,873.81,0.3872333802467678,0.3777198237823539
scope_20260424_115654,sweep_2826,185,870.2,0.3859050875074925,0.25135731727723315
scope_20260424_115654,sweep_2827,185,865.25,0.39583176535932985,0.3990872320792866
scope_20260424_115654,sweep_2828,185,862.84,0.3949164577135304,0.3739073428234629
scope_20260424_115654,sweep_2829,186,1043.93,0.4666795794183871,0.3727798013144331
scope_20260424_115654,sweep_2830,186,1035.21,0.4647263930538028,0.4847563711730071
scope_20260424_115654,sweep_2831,186,1026.76,0.46282582003200506,0.571493454331502
scope_20260424_115654,sweep_2832,186,1021.54,0.4759557480104774,0.47072349786472534
scope_20260424_115654,sweep_2833,186,1016.59,0.4748011960895142,0.43709815417486764
scope_20260424_115654,sweep_2834,186,1010.03,0.4732667835608853,0.4576950870223689
scope_20260424_115654,sweep_2835,186,1003.41,0.47171327689889136,0.5244249297489593
scope_20260424_115654,sweep_2836,186,995.5,0.45847233749710425,0.4635689037203337
scope_20260424_115654,sweep_2837,186,993.84,0.4722150880825835,0.5185519738748258
scope_20260424_115654,sweep_2838,186,986.06,0.46914485854935656,0.48994007540774204
scope_20260424_115654,sweep_2839,187,1194.2,0.5307692093492307,0.5086929709911946
scope_20260424_115654,sweep_2840,187,1160.65,0.5232603475706643,0.4020028347480284
scope_20260424_115654,sweep_2841,187,1150.09,0.520874505455751,0.32787252881632
scope_20260424_115654,sweep_2842,188,1145.72,0.5198839795195848,0.5855219839606435
scope_20260424_115654,sweep_2843,188,1143.71,0.5194277487162181,0.41490348793412357
scope_20260424_115654,sweep_2844,188,1143.64,0.5194118528602871,0.31889796043788815
scope_20260424_115654,sweep_2845,188,1143.71,0.5194277487162181,0.35917211590966863
scope_20260424_115654,sweep_2846,188,1143.75,0.5194368318440599,0.44716694500546816
scope_20260424_115654,sweep_2847,188,1145.69,0.5198771730478975,0.4192800336488061
scope_20260424_115654,sweep_2848,188,1143.73,0.5194322902999932,0.5462809893482814
scope_20260424_115654,sweep_2849,188,1143.73,0.5194322902999932,0.42273726860062205
scope_20260424_115654,sweep_2850,189,1355.47,0.5482565674004908,0.6500653296113212
scope_20260424_115654,sweep_2851,190,1332.27,0.543544382836627,0.49984473724634093
scope_20260424_115654,sweep_2852,190,1332.36,0.5435627417910117,0.5555970616400469
scope_20260424_115654,sweep_2853,190,1332.33,0.5435566222084485,0.46382244225002417
scope_20260424_115654,sweep_2854,190,1332.24,0.5271987151509993,0.6558594154442179
scope_20260424_115654,sweep_2855,190,1332.21,0.5271927792646375,0.4554837137755007
scope_20260424_115654,sweep_2856,190,1332.24,0.5271987151509993,0.4586991214225306
scope_20260424_115654,sweep_2857,190,1332.27,0.5115555405796377,0.6696704835189166
scope_20260424_115654,sweep_2858,190,1332.3,0.5115613001403216,0.4597645415589388
scope_20260424_115654,sweep_2859,190,1335.08,0.5120947383005483,0.3883685637442106
scope_20260424_115654,sweep_2860,191,1540.08,0.5338854649750653,0.5269572660058927
scope_20260424_115654,sweep_2861,191,1521.18,0.5305994069789643,0.5331759793767895
scope_20260424_115654,sweep_2862,191,1521.22,0.5306063830885497,0.54779285920923
scope_20260424_115654,sweep_2863,191,1521.26,0.5306133591064184,0.7152608155078629
scope_20260424_115654,sweep_2864,191,1521.22,0.5152469695997259,0.49765804107538714
scope_20260424_115654,sweep_2865,191,1521.22,0.5152469695997259,0.38478628259004893
scope_20260424_115654,sweep_2866,191,1521.14,0.5152334211650773,0.47740373502916306
scope_20260424_115654,sweep_2867,191,1521.11,0.5152283404102332,0.6032377448166043
scope_20260424_115654,sweep_2868,191,1521.22,0.5152469695997259,0.5362918726978803
scope_20260424_115654,sweep_2869,191,1521.26,0.5152537436834559,0.44794235526913534
scope_20260424_115654,sweep_2870,191,1521.22,0.5152469695997259,0.6509614815186038
scope_20260424_115654,sweep_2871,192,1709.3,0.5461709276598342,0.6089563664680974
scope_20260424_115654,sweep_2872,192,1709.26,0.5461645370423536,0.6723575265240521
scope_20260424_115654,sweep_2873,192,1709.35,0.5461789158265341,0.7313057584982399
scope_20260424_115654,sweep_2874,192,1709.3,0.5461709276598342,0.6109766789079243
scope_20260424_115654,sweep_2875,192,1709.4,0.5461869038764045,0.5785080652125105
scope_20260424_115654,sweep_2876,192,1709.26,0.5461645370423536,0.7675808891976936
scope_20260424_115654,sweep_2877,192,1713.89,0.5632068512898295,0.6098040545042857
scope_20260424_115654,sweep_2878,192,1709.4,0.5624686308807094,0.4439002650101779
scope_20260424_115654,sweep_2879,192,1709.35,0.5624604047086023,0.7354092832232699
scope_20260424_115654,sweep_2880,192,1709.5,0.5624850828640079,0.7030520499767385
scope_20260424_115654,sweep_2892,194,2102.17,0.6827674439099356,0.930007751681088
scope_20260424_115654,sweep_2893,194,2087.9,0.6804461087289579,0.8194476078296489
scope_20260424_115654,sweep_2894,194,2081.09,0.6793355137136182,0.7607446451104511
scope_20260424_115654,sweep_2895,194,2080.88,0.6793012374312422,0.8231774222491893
scope_20260424_115654,sweep_2896,194,2080.95,0.7006449726385148,0.6589188867180417
scope_20260424_115654,sweep_2897,194,2087.61,0.7017652705567352,0.6115623890734548
scope_20260424_115654,sweep_2898,194,2087.68,0.7017770359624271,0.8676790141877379
scope_20260424_115654,sweep_2899,194,2087.76,0.7017904818988362,0.5638947152763208
scope_20260424_115654,sweep_2900,194,2087.9,0.7018140116676816,0.6315454192573968
scope_20260424_115654,sweep_2901,194,2087.9,0.7018140116676816,0.7218215714217548
scope_20260424_115654,sweep_2902,194,2087.97,0.7241580958024254,0.750114401011552
scope_20260424_115654,sweep_2903,195,2270.66,0.7551745019333356,0.5769955429455526
scope_20260424_115654,sweep_2904,195,2270.66,0.7551745019333356,0.8626761476269232
scope_20260424_115654,sweep_2905,195,2270.83,0.7552027706443124,0.7221598539678109
scope_20260424_115654,sweep_2906,195,2279.03,0.7565650660036034,0.6709652695576213
scope_20260424_115654,sweep_2907,195,2270.83,0.7319130640264825,0.7654758620146512
scope_20260424_115654,sweep_2908,195,2270.66,0.7318856670945968,0.7579852988136445
scope_20260424_115654,sweep_2909,195,2270.75,0.7319001714804028,0.6618811137334683
scope_20260424_115654,sweep_2910,195,2270.75,0.7319001714804028,0.7888246360132959
scope_20260424_115654,sweep_2911,195,2278.94,0.7332188695308937,0.8244573335586787
scope_20260424_115654,sweep_2912,195,2270.66,0.7096021822443035,0.6659033181439409
scope_20260424_115654,sweep_2913,195,2278.77,0.7108682776212657,0.6291833850824091
scope_20260424_115654,sweep_2914,196,2459.12,0.7384630142269534,0.609951072344118
scope_20260424_115654,sweep_2915,196,2459.22,0.7384780288563123,0.6385951768236265
scope_20260424_115654,sweep_2916,196,2459.02,0.7162491822563842,0.7032420425222136
scope_20260424_115654,sweep_2917,196,2459.22,0.7162783090881764,0.8074267962659514
scope_20260424_115654,sweep_2918,196,2459.22,0.7162783090881764,0.676347727730452
scope_20260424_115654,sweep_2919,196,2459.32,0.6950310220241975,0.7399200305766797
scope_20260424_115654,sweep_2920,196,2459.12,0.6950027603440114,0.6773796863891273
scope_20260424_115654,sweep_2921,196,2459.22,0.695016891327756,0.7003258834651616
scope_20260424_115654,sweep_2922,196,2459.22,0.695016891327756,0.727908229710234
scope_20260424_115654,sweep_2923,196,2459.12,0.674631037631344,0.7091691519928437
scope_20260424_115654,sweep_2924,197,2647.49,0.6999928775019786,0.801009643715633
scope_20260424_115654,sweep_2925,197,2647.95,0.7000536865585142,0.7533851662852348
scope_20260424_115654,sweep_2926,197,2647.6,0.700007419278668,0.7618233230656237
scope_20260424_115654,sweep_2927,197,2647.49,0.6999928775019786,0.5684619818850063
scope_20260424_115654,sweep_2928,197,2647.49,0.6999928775019786,0.601240244920639
scope_20260424_115654,sweep_2929,197,2647.37,0.6999770134010458,0.7914896505315436
scope_20260424_115654,sweep_2930,197,2647.49,0.6999928775019786,0.7113807963555164
scope_20260424_115654,sweep_2931,197,2647.6,0.700007419278668,0.6914229369094449
scope_20260424_115654,sweep_2932,197,2647.49,0.6999928775019786,0.6367634153685644
scope_20260424_115654,sweep_2933,197,2647.49,0.6999928775019786,0.7464266197588447
scope_20260424_115654,sweep_2934,198,2828.19,0.7234870268841659,0.8133314781444274
scope_20260424_115654,sweep_2935,198,2841.04,0.7251287610158905,0.8802390166099319
scope_20260424_115654,sweep_2936,198,2840.77,0.7250943036662355,0.7378974331023408
scope_20260424_115654,sweep_2937,198,2840.91,0.7470082638450636,0.568364721742057
scope_20260424_115654,sweep_2938,198,2840.77,0.7469898573405613,0.5849318925466797
scope_20260424_115654,sweep_2939,198,2840.77,0.7469898573405613,0.6916428437534634
scope_20260424_115654,sweep_2940,198,2840.91,0.7470082638450636,0.7291298507563859
scope_20260424_115654,sweep_2941,198,2841.18,0.747043760823014,0.5438675616979106
scope_20260424_115654,sweep_2942,198,2841.04,0.7698777755480629,0.6833305221900182
scope_20260424_115654,sweep_2943,198,2840.91,0.7698601613547119,0.5667039119574476
scope_20260424_115654,sweep_2944,198,2840.91,0.7698601613547119,0.8882788568331753
scope_20260424_115654,sweep_2945,199,2976.93,0.7880747628803609,0.6991157824682196
scope_20260424_115654,sweep_2946,199,2976.49,0.7880165207131923,0.8665929904648921
scope_20260424_115654,sweep_2947,199,2962.82,0.8105718579147234,0.7699417116981656
scope_20260424_115654,sweep_2948,199,2976.49,0.8124396335040347,0.7467160071609976
scope_20260424_115654,sweep_2949,199,2976.78,0.8124792106158637,0.9306419808491951
scope_20260424_115654,sweep_2950,199,2976.93,0.8380144336655803,0.917597715679187
scope_20260424_115654,sweep_2951,199,2976.63,0.8379722071664295,0.5251659401149046
scope_20260424_115654,sweep_2952,199,2976.78,0.8379933206819792,0.6248607002994434
scope_20260424_115654,sweep_2953,199,2962.67,0.8360049085948985,0.878843174583458
scope_20260424_115654,sweep_2954,199,2976.63,0.8379722071664295,0.6774221259640594
scope_20260424_115654,sweep_2955,199,2976.63,0.8646367494707262,0.6555103039076884
scope_20260424_115654,sweep_2956,199,2976.93,0.864680319630518,0.5489760417523982
scope_20260424_115654,sweep_2957,199,2976.63,0.8646367494707262,0.8016706849817328
scope_20260424_115654,sweep_2958,199,2976.63,0.8646367494707262,0.8097356107524041
scope_20260424_115654,sweep_2959,199,2962.67,0.8626068508325855,0.6458211803104149
scope_20260424_115654,sweep_2960,199,2976.63,0.8646367494707262,0.744286939365045
scope_20260424_115654,sweep_2961,199,2962.52,0.8625850136611433,0.5441012798838397
scope_20260424_115654,sweep_2962,199,2962.82,0.8626286874512267,0.7228598522313742
scope_20260424_115654,sweep_2963,199,2976.93,0.8380144336655803,0.6321454635278706
scope_20260424_115654,sweep_2964,199,2963.11,0.8360669857927142,0.6829748661090608
scope_20260424_115654,sweep_2965,199,2976.49,0.8379525007386117,0.6387459282025629
scope_20260424_115654,sweep_2966,199,2962.82,0.8360260717938153,0.5763028162912093
scope_20260424_115654,sweep_2967,199,2962.67,0.8360049085948985,0.7482170861572883
scope_20260424_115654,sweep_2968,199,2976.49,0.8124396335040347,0.6516352553577854
scope_20260424_115654,sweep_2969,199,2962.67,0.8105513390648404,0.6134076325335329
scope_20260424_115654,sweep_2970,199,2977.08,0.8125201504270636,0.705931734437138
scope_20260424_115654,sweep_2971,199,2976.78,0.7880549080796836,0.7102075155397888
scope_20260424_115654,sweep_2972,199,2962.96,0.7862234679323443,0.6343021262315853
scope_20260424_115654,sweep_2973,199,2962.67,0.7861849911414035,0.6933832412985628
scope_20260424_115654,sweep_2974,199,2962.52,0.7861650886140583,0.6521411405241766
scope_20260424_115654,sweep_2975,199,2962.52,0.7628292090186541,0.6306396090832765
scope_20260424_115654,sweep_2976,199,2977.08,0.7647014630422492,0.7722110577644627
scope_20260424_115654,sweep_2977,199,2976.78,0.7646629326334898,0.5830581232710349
scope_20260424_115654,sweep_2978,199,2976.63,0.7646436667010296,0.6312625058575518
scope_20260424_115654,sweep_2979,199,2962.67,0.7404881224812869,0.6860866868908398
scope_20260424_115654,sweep_2980,199,2963.11,0.7405431071197583,0.6167121046830149
scope_20260424_115654,sweep_2981,199,2976.63,0.7422306496011833,0.5312777766387226
scope_20260424_115654,sweep_2982,199,2962.52,0.7404693767849527,0.620925755427924
scope_20260424_115654,sweep_2983,199,2976.78,0.7422493508161255,0.6571613404317996
scope_20260424_115654,sweep_2984,199,2976.93,0.7422680515598963,0.6145130193415518
scope_20260424_115654,sweep_2985,199,2962.82,0.7405068677030799,0.829337122936215
scope_20260424_115654,sweep_2986,199,2962.52,0.7404693767849527,0.692425277615667
scope_20260424_115654,sweep_2987,199,2976.49,0.7422131947087711,0.8486445410650149
scope_20260424_115654,sweep_2988,199,2976.49,0.7422131947087711,0.778533428807958
scope_20260424_115654,sweep_2989,199,2976.93,0.7422680515598963,0.7202201411137124
scope_20260424_115654,sweep_2990,199,2976.78,0.7422493508161255,0.7029421016092233
scope_20260424_115654,sweep_2991,199,2976.78,0.7646629326334898,0.5752065438085338
scope_20260424_115654,sweep_2992,199,2962.96,0.7628858554531449,0.8404394885003866
scope_20260424_115654,sweep_2993,199,2962.67,0.7628485207757038,0.9948793800866327
scope_20260424_115654,sweep_2994,199,2962.67,0.7628485207757038,0.8447281319103802
scope_20260424_115654,sweep_2995,199,2976.93,0.7646821980805508,0.8635776906785667
scope_20260424_115654,sweep_2996,199,2976.63,0.7646436667010296,0.6903512625882167
scope_20260424_115654,sweep_2997,199,2962.52,0.7861650886140583,0.7626830949900273
scope_20260424_115654,sweep_2998,199,2976.78,0.7880549080796836,0.7803021666659614
scope_20260424_115654,sweep_2999,199,2962.67,0.7861849911414035,0.7268150062166167
scope_20260424_115654,sweep_3000,199,2963.11,0.7862433689819078,0.8690455287790361
scope_20260424_115654,sweep_3001,199,2962.52,0.8105308196955162,0.7174542555103706
scope_20260424_115654,sweep_3002,199,2962.82,0.8105718579147234,0.9546531740170878
scope_20260424_115654,sweep_3003,199,2976.78,0.8124792106158637,0.7708611977790705
scope_20260424_115654,sweep_3004,199,2962.52,0.8105308196955162,0.8342722590638354
scope_20260424_115654,sweep_3005,199,2962.82,0.8360260717938153,0.6704961165468145
scope_20260424_115654,sweep_3006,199,2976.78,0.8379933206819792,0.671370321115934
scope_20260424_115654,sweep_3007,199,2976.93,0.8380144336655803,0.7723204563497676
scope_20260424_115654,sweep_3008,199,2977.08,0.838035546117273,0.7677035187180724
scope_20260424_115654,sweep_3009,199,2977.08,0.838035546117273,0.7034551107928326
scope_20260424_115654,sweep_3010,199,2962.82,0.8626286874512267,0.7066696397035166
scope_20260424_115654,sweep_3011,199,2976.93,0.864680319630518,0.6844533195704802
scope_20260424_115654,sweep_3012,199,2977.08,0.8647021038871423,0.7389751341777808
scope_20260424_115654,sweep_3013,199,2976.34,0.864594629562494,0.67132547034169
scope_20260424_115654,sweep_3014,199,2976.63,0.8646367494707262,0.8981440099270268
scope_20260424_115654,sweep_3015,199,2962.82,0.8626286874512267,0.7893772242702608
scope_20260424_115654,sweep_3016,199,2962.96,0.8626490677965795,0.6434244535005799
scope_20260424_115654,sweep_3017,199,2963.11,0.8626709033465908,0.5464503414196087
scope_20260424_115654,sweep_3018,199,2976.63,0.8379722071664295,0.660668719043779
scope_20260424_115654,sweep_3019,199,2976.49,0.8379525007386117,0.6121284309290845
scope_20260424_115654,sweep_3020,199,2976.78,0.8379933206819792,0.6060276234888404
scope_20260424_115654,sweep_3021,199,2962.82,0.8360260717938153,0.8934632755522364
scope_20260424_115654,sweep_3022,199,2977.08,0.8125201504270636,0.7344172402655117
scope_20260424_115654,sweep_3023,199,2962.82,0.8105718579147234,0.8358070690858782
scope_20260424_115654,sweep_3024,199,2976.63,0.8124587399366545,0.7882410972455884
scope_20260424_115654,sweep_3025,199,2962.82,0.8105718579147234,0.9763083261305291
scope_20260424_115654,sweep_3026,199,2962.67,0.7861849911414035,0.8044448863003533
scope_20260424_115654,sweep_3027,199,2962.96,0.7862234679323443,0.7179109243369594
scope_20260424_115654,sweep_3028,199,2962.38,0.7861465124672725,0.741920570055992
scope_20260424_115654,sweep_3029,199,2976.63,0.7880350527787581,0.6345232523082153
scope_20260424_115654,sweep_3030,199,2976.49,0.7646256847260962,0.8781150720757555
scope_20260424_115654,sweep_3031,199,2962.82,0.7628678320438824,0.9351573241839864
scope_20260424_115654,sweep_3032,199,2962.52,0.7628292090186541,0.6343670324223902
scope_20260424_115654,sweep_3033,199,2976.49,0.7646256847260962,0.6169462434093007
scope_20260424_115654,sweep_3034,199,2962.82,0.7405068677030799,0.740365974000704
scope_20260424_115654,sweep_3035,199,2962.96,0.74052436281531,0.6112036163275858
scope_20260424_115654,sweep_3036,199,2962.82,0.7405068677030799,0.6757232686138263
scope_20260424_115654,sweep_3037,199,2962.82,0.7405068677030799,0.6151170088119006
scope_20260424_115654,sweep_3038,199,2962.82,0.7405068677030799,0.48640128660214094
scope_20260424_115654,sweep_3039,199,2962.82,0.7405068677030799,0.8697115595541958
scope_20260424_115654,sweep_3040,199,2962.52,0.7404693767849527,0.711699353583612
scope_20260424_115654,sweep_3041,199,2976.93,0.7422680515598963,0.7746077297156739
scope_20260424_115654,sweep_3042,199,2976.63,0.7422306496011833,0.5719205173551587
scope_20260424_115654,sweep_3043,199,2976.78,0.7422493508161255,0.7654295504266413
scope_20260424_115654,sweep_3044,199,2962.82,0.7405068677030799,0.5899222044461355
scope_20260424_115654,sweep_3045,199,2962.82,0.7405068677030799,0.7263900880819555
scope_20260424_115654,sweep_3046,199,2962.82,0.7628678320438824,0.5717074524733131
scope_20260424_115654,sweep_3047,199,2976.49,0.7646256847260962,0.5658407435352836
scope_20260424_115654,sweep_3048,199,2976.63,0.7646436667010296,0.7124596592281212
scope_20260424_115654,sweep_3049,199,2962.82,0.7628678320438824,0.6697654015718953
scope_20260424_115654,sweep_3050,199,2962.96,0.7628858554531449,0.6420255426083235
scope_20260424_115654,sweep_3051,199,2976.93,0.7880747628803609,0.5388909824731927
scope_20260424_115654,sweep_3052,199,2976.63,0.7880350527787581,0.5879069348690698
scope_20260424_115654,sweep_3053,199,2963.26,0.7862632695277575,0.8950336482646025
scope_20260424_115654,sweep_3054,199,2962.96,0.7862234679323443,0.9589337346371715
scope_20260424_115654,sweep_3055,199,2976.49,0.7880165207131923,0.8277901501448243
scope_20260424_115654,sweep_3056,199,2976.78,0.8124792106158637,0.819434191639237
scope_20260424_115654,sweep_3057,199,2962.67,0.8105513390648404,0.9812730761622589
scope_20260424_115654,sweep_3058,199,2976.93,0.8124996807793204,0.7658275085390724
scope_20260424_115654,sweep_3059,199,2976.49,0.8124396335040347,0.8488380483253408
scope_20260424_115654,sweep_3060,199,2976.93,0.8380144336655803,0.6958697252985538
scope_20260424_115654,sweep_3061,199,2962.82,0.8360260717938153,0.6570173694756762
scope_20260424_115654,sweep_3062,199,2976.63,0.8379722071664295,0.709920148637402
scope_20260424_115654,sweep_3063,199,2976.63,0.8379722071664295,0.8136067862683565
scope_20260424_115654,sweep_3064,199,2976.78,0.8379933206819792,0.7521188316903424
scope_20260424_115654,sweep_3065,199,2976.93,0.864680319630518,0.7261366628469446
scope_20260424_115654,sweep_3066,199,2976.63,0.8646367494707262,0.8100427415896991
scope_20260424_115654,sweep_3067,199,2962.82,0.8626286874512267,0.8278423691563694
scope_20260424_115654,sweep_3068,199,2976.78,0.8646585348250597,0.8410851679136628
scope_20260424_115654,sweep_3069,199,2976.93,0.864680319630518,0.8308134123700824
scope_20260424_115654,sweep_3070,199,2962.52,0.8625850136611433,0.5974467089089032
scope_20260424_115654,sweep_3071,199,2976.49,0.864616415978104,0.7318767693107133
scope_20260424_115654,sweep_3072,199,2962.67,0.8360049085948985,0.8591966244526007
scope_20260424_115654,sweep_3073,199,2962.67,0.8360049085948985,0.961929694444685
scope_20260424_115654,sweep_3074,199,2976.49,0.8379525007386117,0.6647191928213447
scope_20260424_115654,sweep_3075,199,2976.93,0.8380144336655803,0.7478896049545196
scope_20260424_115654,sweep_3076,199,2962.82,0.8360260717938153,0.8193932523506984
scope_20260424_115654,sweep_3077,199,2976.63,0.8124587399366545,0.6419631982526081
scope_20260424_115654,sweep_3078,199,2962.67,0.8105513390648404,0.5605588492685385
scope_20260424_115654,sweep_3079,199,2962.82,0.8105718579147234,0.7858542950657641
scope_20260424_115654,sweep_3080,199,2962.67,0.8105513390648404,0.6907120645433266
scope_20260424_115654,sweep_3081,199,2962.82,0.7862048931649226,0.6272949910293897
scope_20260424_115654,sweep_3082,199,2962.52,0.7861650886140583,0.5900509630084282
scope_20260424_115654,sweep_3083,199,2962.82,0.7862048931649226,0.6973880586058725
scope_20260424_115654,sweep_3084,199,2962.82,0.7862048931649226,0.751704109080402
scope_20260424_115654,sweep_3085,199,2962.82,0.7628678320438824,0.615753569615051
scope_20260424_115654,sweep_3086,199,2976.93,0.7646821980805508,0.6529412052016911
scope_20260424_115654,sweep_3087,199,2976.93,0.7646821980805508,0.6866634188024128
scope_20260424_115654,sweep_3088,199,2976.49,0.7646256847260962,0.7684813354688018
scope_20260424_115654,sweep_3089,199,2962.82,0.7405068677030799,0.8337543364349833
scope_20260424_115654,sweep_3090,199,2962.96,0.74052436281531,0.8568178998609575
scope_20260424_115654,sweep_3091,199,2977.08,0.7422867518325313,0.917712201347725
scope_20260424_115654,sweep_3092,199,2962.67,0.7404881224812869,0.6692412054129728
scope_20260424_115654,sweep_3093,199,2962.82,0.7405068677030799,0.7375012917047266
scope_20260424_115654,sweep_3094,199,2962.96,0.74052436281531,0.680772935862015
scope_20260424_115654,sweep_3095,199,2976.78,0.7422493508161255,0.9342342219469498
scope_20260424_115654,sweep_3096,199,2962.82,0.7405068677030799,0.6673969739311361
scope_20260424_115654,sweep_3097,199,2962.67,0.7404881224812869,0.7084326054800514
scope_20260424_115654,sweep_3098,199,2962.96,0.74052436281531,1.0355420459692004
scope_20260424_115654,sweep_3099,199,2962.96,0.74052436281531,1.0042339061657035
scope_20260424_115654,sweep_3100,199,2962.82,0.7405068677030799,0.7183984843705944
scope_20260424_115654,sweep_3101,199,2962.82,0.7628678320438824,0.5409622400185838
scope_20260424_115654,sweep_3102,199,2976.78,0.7646629326334898,0.5954304291163861
scope_20260424_115654,sweep_3103,199,2962.52,0.7628292090186541,0.9829423659696666
scope_20260424_115654,sweep_3104,199,2976.78,0.7646629326334898,0.7138073043043286
scope_20260424_115654,sweep_3105,199,2976.78,0.7646629326334898,0.5543312409335033
scope_20260424_115654,sweep_3106,199,2976.78,0.7646629326334898,0.8485342748719654
scope_20260424_115654,sweep_3107,199,2976.49,0.7880165207131923,0.7707838977631771
scope_20260424_115654,sweep_3108,199,2976.63,0.7880350527787581,0.913172679450695
scope_20260424_115654,sweep_3109,199,2962.52,0.7861650886140583,0.7452932245282284
scope_20260424_115654,sweep_3110,199,2962.96,0.7862234679323443,0.6971905433846683
scope_20260424_115654,sweep_3111,199,2976.93,0.8124996807793204,0.7799218421013862
scope_20260424_115654,sweep_3112,199,2962.82,0.8105718579147234,0.7987004703455781
scope_20260424_115654,sweep_3113,199,2976.93,0.8124996807793204,0.9379918370056483
scope_20260424_115654,sweep_3114,199,2962.82,0.8105718579147234,0.8355878924724605
scope_20260424_115654,sweep_3115,199,2976.49,0.8379525007386117,0.7172479329004273
scope_20260424_115654,sweep_3116,199,2962.96,0.8360458236294718,0.6900527330408345
scope_20260424_115654,sweep_3117,199,2976.78,0.8379933206819792,1.028960146160192
scope_20260424_115654,sweep_3118,199,2976.49,0.8379525007386117,0.9114381667538445
scope_20260424_115654,sweep_3119,199,2976.63,0.8379722071664295,0.7452166389876671
scope_20260424_115654,sweep_3120,199,2976.49,0.864616415978104,0.781787855673645
scope_20260424_115654,sweep_3121,199,2962.96,0.8626490677965795,0.7586122077885191
scope_20260424_115654,sweep_3122,199,2962.38,0.8625646318023441,0.7476182879452896
scope_20260424_115654,sweep_3123,199,2976.78,0.8646585348250597,0.7159278859842775
scope_20260424_115654,sweep_3124,199,2976.63,0.8646367494707262,0.6353991441951633
scope_20260424_115654,sweep_3125,199,2976.78,0.8646585348250597,0.8767242677693935
scope_20260424_115654,sweep_3126,199,2962.96,0.8626490677965795,0.6979898731732466
scope_20260424_115654,sweep_3127,199,2976.49,0.8379525007386117,0.8635617512528874
scope_20260424_115654,sweep_3128,199,2976.49,0.8379525007386117,0.6911466836350362
scope_20260424_115654,sweep_3129,199,2976.78,0.8379933206819792,0.7093349725992237
scope_20260424_115654,sweep_3130,199,2962.67,0.8360049085948985,0.7277950806981148
scope_20260424_115654,sweep_3131,199,2976.63,0.8379722071664295,0.9621431734280319
scope_20260424_115654,sweep_3132,199,2976.93,0.8124996807793204,0.7103649989826879
scope_20260424_115654,sweep_3133,199,2962.67,0.8105513390648404,0.7883783659058097
scope_20260424_115654,sweep_3134,199,2976.63,0.8124587399366545,0.8560808335904732
scope_20260424_115654,sweep_3135,199,2976.34,0.8124191618275937,0.7692592602373616
scope_20260424_115654,sweep_3136,199,2976.49,0.7880165207131923,0.7885214461194358
scope_20260424_115654,sweep_3137,199,2976.63,0.7880350527787581,0.864824851443041
scope_20260424_115654,sweep_3138,199,2962.67,0.7861849911414035,0.6089494775684966
scope_20260424_115654,sweep_3139,199,2962.52,0.7628292090186541,0.9319582709518303
scope_20260424_115654,sweep_3140,199,2962.67,0.7628485207757038,0.6176802673938712
scope_20260424_115654,sweep_3141,199,2962.82,0.7628678320438824,0.6230368913593866
scope_20260424_115654,sweep_3142,199,2963.11,0.7629051657762781,0.7119807698186975
scope_20260424_115654,sweep_3143,199,2962.82,0.7628678320438824,0.8263199020777625
scope_20260424_115654,sweep_3144,199,2962.82,0.7405068677030799,0.6898591718888522
scope_20260424_115654,sweep_3145,199,2976.93,0.7422680515598963,0.821434321668554
scope_20260424_115654,sweep_3146,199,2976.78,0.7422493508161255,0.6207325498172791
scope_20260424_115654,sweep_3147,199,2976.63,0.7422306496011833,0.6077345456179407
scope_20260424_115654,sweep_3148,199,2962.67,0.7404881224812869,0.9123098025585885
scope_20260424_115654,sweep_3149,199,2976.93,0.7422680515598963,0.6947682740622118
scope_20260424_115654,sweep_3150,199,2976.78,0.7422493508161255,0.6836584619115516
scope_20260424_115654,sweep_3151,199,2976.78,0.7422493508161255,0.6934928395046284
scope_20260424_115654,sweep_3152,199,2976.93,0.7422680515598963,0.7375813864139743
scope_20260424_115654,sweep_3153,199,2962.82,0.7405068677030799,0.7129160530729548
scope_20260424_115654,sweep_3154,199,2962.96,0.74052436281531,0.6831038053737258
scope_20260424_115654,sweep_3155,199,2976.49,0.7646256847260962,0.6733824788149234
scope_20260424_115654,sweep_3156,199,2962.96,0.7628858554531449,0.6607300038012832
scope_20260424_115654,sweep_3157,199,2976.78,0.7646629326334898,0.5762091701350995
scope_20260424_115654,sweep_3158,199,2976.63,0.7646436667010296,0.7603042754374377
scope_20260424_115654,sweep_3159,199,2976.63,0.7646436667010296,1.066610863004925
scope_20260424_115654,sweep_3160,199,2976.78,0.7646629326334898,0.7427299222609135
scope_20260424_115654,sweep_3161,199,2962.52,0.7861650886140583,0.758134525771732
scope_20260424_115654,sweep_3162,199,2962.67,0.7861849911414035,0.6756196402841629
scope_20260424_115654,sweep_3163,199,2976.63,0.7880350527787581,0.6597700030723095
scope_20260424_115654,sweep_3164,199,2976.49,0.7880165207131923,0.6968771793947024
scope_20260424_115654,sweep_3165,199,2976.93,0.7880747628803609,0.7619117197314368
scope_20260424_115654,sweep_3166,199,2963.11,0.8106115262184057,0.917798548491337
scope_20260424_115654,sweep_3167,199,2962.52,0.8105308196955162,0.6578354990350782
scope_20260424_115654,sweep_3179,201,2647.84,0.8154871693895386,0.7474073260916574
scope_20260424_115654,sweep_3180,201,2647.6,0.8154502107070282,0.8615251725134832
scope_20260424_115654,sweep_3181,201,2647.49,0.8154332707510522,0.7264851267509745
scope_20260424_115654,sweep_3182,201,2647.37,0.7902682046350576,0.804891689553177
scope_20260424_115654,sweep_3183,201,2647.72,0.7903204422766297,0.8117828703036245
scope_20260424_115654,sweep_3184,202,2658.75,0.7919649089630951,0.6650096227972683
scope_20260424_115654,sweep_3185,203,2647.37,0.7902682046350576,0.7755927918048058
scope_20260424_115654,sweep_3186,203,2647.49,0.7902861150725754,0.5804284407822433
scope_20260424_115654,sweep_3187,203,2647.6,0.7662404484630829,0.6427269938801028
scope_20260424_115654,sweep_3188,203,2647.49,0.766224530778234,0.757235025551381
scope_20260424_115654,sweep_3189,204,2459.02,0.7384479992923065,0.7121327020400421
scope_20260424_115654,sweep_3190,204,2459.02,0.7162491822563842,0.6713746723432303
scope_20260424_115654,sweep_3191,204,2459.32,0.7162928720599252,0.7309001346436077
scope_20260424_115654,sweep_3192,204,2459.12,0.7162637458203356,0.6814769598520403
scope_20260424_115654,sweep_3193,204,2459.22,0.695016891327756,0.5634576112530894
scope_20260424_115654,sweep_3194,204,2459.02,0.6949886290729459,0.6238768805661755
scope_20260424_115654,sweep_3195,204,2459.02,0.6949886290729459,0.7242793555696557
scope_20260424_115654,sweep_3196,204,2459.42,0.6950451524333531,0.710339981026474
scope_20260424_115654,sweep_3197,204,2459.22,0.6746447544117229,0.7750152734980648
scope_20260424_115654,sweep_3198,204,2459.32,0.6746584709132201,0.7289688250905109
scope_20260424_115654,sweep_3199,205,2254.2,0.6459109982850287,0.48933067854735496
scope_20260424_115654,sweep_3200,205,2270.75,0.6482777532181616,0.697075628497175
scope_20260424_115654,sweep_3201,205,2271.09,0.6483262848015667,0.566939064112678
scope_20260424_115654,sweep_3202,205,2270.66,0.648264906014392,0.5503696526244094
scope_20260424_115654,sweep_3203,205,2270.66,0.648264906014392,0.593333241571092
scope_20260424_115654,sweep_3204,205,2270.83,0.629523206514889,0.5067411531415797
scope_20260424_115654,sweep_3205,205,2270.92,0.629535681364883,0.6670821925345078
scope_20260424_115654,sweep_3206,205,2270.58,0.6482534860639628,0.568380536850702
scope_20260424_115654,sweep_3207,205,2270.75,0.6482777532181616,0.5004634157928461
scope_20260424_115654,sweep_3208,205,2270.83,0.6482891727411123,0.6265486873657133
scope_20260424_115654,sweep_3209,205,2270.66,0.648264906014392,0.47476885676831765
scope_20260424_115654,sweep_3210,206,2087.9,0.6216290532364379,0.5672003557982184
scope_20260424_115654,sweep_3211,206,2087.83,0.6216186326227948,0.5059158509575236
scope_20260424_115654,sweep_3212,206,2087.61,0.6215858809854604,0.7353061132422893
scope_20260424_115654,sweep_3213,206,2087.83,0.6216186326227948,0.5853973106162509
scope_20260424_115654,sweep_3214,206,2081.02,0.6393442969582656,0.5611092995695769
scope_20260424_115654,sweep_3215,206,2080.88,0.6393227907480814,0.5753656702665315
scope_20260424_115654,sweep_3216,206,2087.76,0.6403788129794509,0.4987639298416105
scope_20260424_115654,sweep_3217,206,2080.8,0.6393105011602994,0.5864727347326056
scope_20260424_115654,sweep_3218,206,2081.17,0.6393673385235694,0.5758481738098025
scope_20260424_115654,sweep_3219,206,2087.68,0.6403665436583086,0.6238626409449981
scope_20260424_115654,sweep_3220,206,2087.9,0.6599909125811514,0.5981558639953913
scope_20260424_115654,sweep_3221,207,1896.93,0.6290841760744021,0.6181111076616012
scope_20260424_115654,sweep_3222,207,1896.87,0.6290742270122232,0.6270861421716176
scope_20260424_115654,sweep_3223,207,1896.75,0.6290543284158048,0.5537447272859388
scope_20260424_115654,sweep_3224,207,1896.93,0.6485814751580482,0.4190421598699621
scope_20260424_115654,sweep_3225,207,1896.75,0.6485507024265453,0.4058297172680813
scope_20260424_115654,sweep_3226,207,1896.93,0.6485814751580482,0.6283118749028311
scope_20260424_115654,sweep_3227,207,1896.87,0.6485712177431109,0.6406508685373331
scope_20260424_115654,sweep_3228,207,1896.87,0.6485712177431109,0.7338694532958839
scope_20260424_115654,sweep_3229,207,1896.87,0.668938160329456,0.6274745110269059
scope_20260424_115654,sweep_3230,207,1896.87,0.668938160329456,0.6278019234259046
scope_20260424_115654,sweep_3231,208,1713.89,0.6358558333857318,0.4284790854398458
scope_20260424_115654,sweep_3232,208,1709.5,0.6350409628583913,0.40016754738140004
scope_20260424_115654,sweep_3233,208,1713.89,0.6358558333857318,0.5302930926829417
scope_20260424_115654,sweep_3234,208,1713.99,0.6358743831922719,0.5715434690404726
scope_20260424_115654,sweep_3235,208,1709.3,0.6350038140114872,0.4523310228430041
scope_20260424_115654,sweep_3236,208,1709.35,0.6350131014269546,0.5504510267271572
scope_20260424_115654,sweep_3237,208,1713.89,0.6358558333857318,0.32463659086331514
scope_20260424_115654,sweep_3238,208,1709.4,0.6350223887065904,0.4934241774441834
scope_20260424_115654,sweep_3239,208,1709.4,0.6350223887065904,0.533722856883008
scope_20260424_115654,sweep_3240,208,1713.99,0.6358743831922719,0.43094597443991417
scope_20260424_115654,sweep_3241,209,1499.14,0.5946867791735685,0.5111150110577342
scope_20260424_115654,sweep_3242,209,1521.34,0.5990738042264144,0.5126974533443542
scope_20260424_115654,sweep_3243,209,1521.22,0.5990501769392294,0.4496942812459853
scope_20260424_115654,sweep_3244,209,1521.22,0.5808110910511524,0.42793929292983335
scope_20260424_115654,sweep_3245,209,1521.26,0.580818727123161,0.48309203140956103
scope_20260424_115654,sweep_3246,209,1521.18,0.5808034548787492,0.4835713532455562
scope_20260424_115654,sweep_3247,209,1521.3,0.563365880872147,0.5235605675100814
scope_20260424_115654,sweep_3248,209,1521.14,0.5633362545949158,0.3499720414450959
scope_20260424_115654,sweep_3249,209,1521.22,0.5633510679282847,0.44903849915981897
scope_20260424_115654,sweep_3250,209,1521.11,0.5633306994944763,0.4373123718212722
scope_20260424_115654,sweep_3251,209,1521.14,0.5466146433209681,0.4774927807516688
scope_20260424_115654,sweep_3252,210,1337.91,0.512637200524415,0.4063363546500124
scope_20260424_115654,sweep_3253,210,1332.36,0.49657774248326614,0.44584287985380655
scope_20260424_115654,sweep_3254,210,1332.33,0.4965721518710689,0.5497985777320277
scope_20260424_115654,sweep_3255,210,1335.14,0.4970955330092178,0.40827946500121387
scope_20260424_115654,sweep_3256,210,1332.3,0.4965665611959297,0.45412223800327284
scope_20260424_115654,sweep_3257,210,1335.05,0.48268988541051205,0.501862319323491
scope_20260424_115654,sweep_3258,210,1335.05,0.48268988541051205,0.35951917222712826
scope_20260424_115654,sweep_3259,210,1335.05,0.48268988541051205,0.42775319350117047
scope_20260424_115654,sweep_3260,210,1335.05,0.48268988541051205,0.44354760546517835
scope_20260424_115654,sweep_3261,210,1334.91,0.48266457611286223,0.4769013024475319
scope_20260424_115654,sweep_3262,210,1335.02,0.48268446210130544,0.4438060130593264
scope_20260424_115654,sweep_3294,215,570.28,0.2887300889474979,0.22532260653548836
scope_20260424_115654,sweep_3295,215,597.67,0.30019392345931384,0.23178300001342228
scope_20260424_115654,sweep_3296,215,604.02,0.3123487571780059,0.205217809463523
scope_20260424_115654,sweep_3297,215,609.94,0.31488755246918554,0.22906718754165206
scope_20260424_115654,sweep_3298,215,615.42,0.31723392192572936,0.22107364666729148
scope_20260424_115654,sweep_3299,215,620.93,0.3195895581290252,0.24002495720652547
scope_20260424_115654,sweep_3300,215,625.91,0.32171555258688894,0.219793280986812
scope_20260424_115654,sweep_3301,215,628.48,0.322811576484943,0.2543234741808633
scope_20260424_115654,sweep_3302,215,632.95,0.32471607810582714,0.24038787162451092
scope_20260424_115654,sweep_3303,215,637.46,0.3266353064054743,0.2274895258575574
scope_20260424_115654,sweep_3304,215,642.07,0.328594705536046,0.19417971303509232
scope_20260424_115654,sweep_3305,216,460.52,0.24938104424774238,0.19817296270625254
scope_20260424_115654,sweep_3306,216,466.02,0.25185058766813473,0.1986218398850793
scope_20260424_115654,sweep_3307,216,471.34,0.24649400122416576,0.20313209201764598
scope_20260424_115654,sweep_3308,216,478.19,0.24946366254667615,0.18356270499321883
scope_20260424_115654,sweep_3309,216,480.42,0.250428863823833,0.15372253961154236
scope_20260424_115654,sweep_3310,216,485.68,0.25270251845701835,0.1724854193923042
scope_20260424_115654,sweep_3311,216,492.97,0.24815562049571685,0.23667737007018577
scope_20260424_115654,sweep_3312,216,499.72,0.25097259177284853,0.18741787397125806
scope_20260424_115654,sweep_3313,216,506.26,0.24616526314923823,0.17914179363630686
scope_20260424_115654,sweep_3314,216,509.97,0.24766162049403703,0.18468412762870998
scope_20260424_115654,sweep_3315,216,515.04,0.24970352014225417,0.1339203240385048
scope_20260424_115654,sweep_3316,217,365.11,0.18217473695032058,0.1355025679765643
scope_20260424_115654,sweep_3317,217,365.11,0.18217473695032058,0.17403673958528204
scope_20260424_115654,sweep_3318,217,364.89,0.18208362246120416,0.1488793445481279
scope_20260424_115654,sweep_3319,217,364.91,0.17682090856116808,0.16428942356279758
scope_20260424_115654,sweep_3320,217,366.62,0.17750837159383542,0.13943681738810307
scope_20260424_115654,sweep_3321,217,375.23,0.18096158945191881,0.13017894696991916
scope_20260424_115654,sweep_3322,217,382.86,0.17874990499978913,0.1393780364799474
scope_20260424_115654,sweep_3323,217,387.64,0.18060025087715187,0.13974841846320074
scope_20260424_115654,sweep_3324,217,395.28,0.18354968424428067,0.168684524721754
scope_20260424_115654,sweep_3325,217,400.88,0.18570541488415496,0.17534920925808029
scope_20260424_115654,sweep_3326,217,364.48,0.17159783208198387,0.15820814763802016
scope_20260424_115654,sweep_3327,217,364.47,0.17159392441811253,0.14860288836426877
scope_20260424_115654,sweep_3328,217,364.68,0.171675981532728,0.1400534266842631
scope_20260424_115654,sweep_3329,217,364.9,0.171761937513716,0.13428724263851025
scope_20260424_115654,sweep_3330,217,364.9,0.171761937513716,0.16275205127145845
scope_20260424_115654,sweep_3331,217,365.12,0.17184788468519682,0.16477860881767228
scope_20260424_115654,sweep_3332,217,364.91,0.17176584439439715,0.14651117407330083
scope_20260424_115654,sweep_3333,217,365.12,0.17184788468519682,0.16606464145643593
scope_20260424_115654,sweep_3334,217,364.89,0.1717580306148334,0.1458348757241062
scope_20260424_115654,sweep_3335,217,364.9,0.171761937513716,0.13095240968517866
scope_20260424_115654,sweep_3336,217,364.68,0.171675981532728,0.13780416281975477
scope_20260424_115654,sweep_3337,217,363.82,0.1713398871436474,0.1615707225118119
scope_20260424_115654,sweep_3338,217,364.67,0.1716720742332656,0.16095562177761494
scope_20260424_115654,sweep_3339,217,364.25,0.1765554255776144,0.14987963056831968
scope_20260424_115654,sweep_3340,217,364.46,0.1766399062995427,0.13833328138554724
scope_20260424_115654,sweep_3341,217,364.06,0.17647898350390256,0.12388378023982118
scope_20260424_115654,sweep_3342,217,364.27,0.17656347171731618,0.16178836289928597
scope_20260424_115654,sweep_3343,217,364.26,0.17655944865685314,0.2064769102131156
scope_20260424_115654,sweep_3344,217,364.69,0.17673242331033412,0.17598581228475077
scope_20260424_115654,sweep_3345,217,364.48,0.18191379325979914,0.1302264499008262
scope_20260424_115654,sweep_3346,217,364.45,0.18190136545815333,0.1700501434567766
scope_20260424_115654,sweep_3347,217,364.26,0.18182265200841496,0.13110861472502539
scope_20260424_115654,sweep_3348,217,364.67,0.18199249863267924,0.15534868912715025
scope_20260424_115654,sweep_3349,217,364.69,0.18200078300318986,0.1628161923045742
scope_20260424_115654,sweep_3350,217,363.62,0.1815574605877325,0.16447383033766078
scope_20260424_115654,sweep_3351,217,364.26,0.1873131207876195,0.13579895459673832
scope_20260424_115654,sweep_3352,217,364.46,0.1873984788483636,0.16640974135431885
scope_20260424_115654,sweep_3353,217,364.27,0.1873173888798467,0.16893145842137708
scope_20260424_115654,sweep_3354,217,364.26,0.1873131207876195,0.1591116324394268
scope_20260424_115654,sweep_3355,217,364.04,0.18721921771792538,0.17277130684076036
scope_20260424_115654,sweep_3356,217,364.48,0.18740701421641223,0.1519212577977171
scope_20260424_115654,sweep_3357,217,364.26,0.1930432585191866,0.14267349267485485
scope_20260424_115654,sweep_3358,217,364.25,0.19303885984026325,0.15976775709957228
scope_20260424_115654,sweep_3359,217,364.46,0.19313122778753064,0.1621169445211151
scope_20260424_115654,sweep_3360,217,364.46,0.19313122778753064,0.13947727634332374
scope_20260424_115654,sweep_3361,217,364.71,0.19324117783367037,0.14974576645130197
scope_20260424_115654,sweep_3362,217,364.25,0.19902174182683305,0.2099929076836437
scope_20260424_115654,sweep_3363,217,364.68,0.1992167280601225,0.17194482219115118
scope_20260424_115654,sweep_3364,217,364.26,0.19902627683466406,0.2104530350897817
scope_20260424_115654,sweep_3365,217,364.25,0.19902174182683305,0.16335949134528588
scope_20260424_115654,sweep_3366,217,364.46,0.1991169725475767,0.19433585225780714
scope_20260424_115654,sweep_3367,218,139.62,0.08979360827041517,0.07321376733932385
scope_20260424_115654,sweep_3368,218,139.62,0.08979360827041517,0.0786905864592578
scope_20260424_115654,sweep_3369,218,139.62,0.09261337765615543,0.10189447161772663
scope_20260424_115654,sweep_3370,218,139.62,0.09261337765615543,0.09781920264053416
scope_20260424_115654,sweep_3371,218,139.62,0.09261337765615543,0.10224219810434491
scope_20260424_115654,sweep_3372,218,139.62,0.09261337765615543,0.07850565209079424
scope_20260424_115654,sweep_3373,218,139.62,0.09261337765615543,0.11976442378714143
scope_20260424_115654,sweep_3374,218,139.62,0.09261337765615543,0.11918234213296325
scope_20260424_115654,sweep_3375,218,139.62,0.09261337765615543,0.09434407991055381
scope_20260424_115654,sweep_3376,218,139.62,0.09261337765615543,0.13226970210740896
scope_20260424_115654,sweep_3377,218,139.62,0.09261337765615543,0.07395954910732172
scope_20260424_115654,sweep_3378,218,139.62,0.08979360827041517,0.12006227927344351
scope_20260424_115654,sweep_3379,218,139.62,0.08979360827041517,0.1026948336625016
scope_20260424_115654,sweep_3380,218,139.62,0.08979360827041517,0.09876950489703404
scope_20260424_115654,sweep_3381,218,139.62,0.08979360827041517,0.10744776818392315
scope_20260424_115654,sweep_3382,218,139.62,0.08709428227467746,0.11055492200916929
scope_20260424_115654,sweep_3383,218,139.62,0.08709428227467746,0.11146281676857045
scope_20260424_115654,sweep_3384,218,139.62,0.08709428227467746,0.12229676067147773
scope_20260424_115654,sweep_3385,218,139.62,0.08450904704349592,0.09325375250679108
scope_20260424_115654,sweep_3386,218,139.62,0.08450904704349592,0.14603309812991588
scope_20260424_115654,sweep_3387,218,139.62,0.08450904704349592,0.14506625419978345
scope_20260424_115654,sweep_3388,218,139.62,0.08203194195656113,0.1095730862853175
scope_20260424_115654,sweep_3389,218,139.62,0.08203194195656113,0.09483978564214664
scope_20260424_115654,sweep_3390,218,139.62,0.07965737098274805,0.08184832516479491
scope_20260424_115654,sweep_3391,218,139.62,0.07965737098274805,0.09456500248473262
scope_20260424_115654,sweep_3392,218,139.62,0.07965737098274805,0.10754482443800913
scope_20260424_115654,sweep_3393,218,139.62,0.07738007739257984,0.11267097662022632
scope_20260424_115654,sweep_3394,218,139.62,0.07738007739257984,0.11203819781088711
scope_20260424_115654,sweep_3395,218,139.62,0.0751951204183685,0.08339436216228449
scope_20260424_115654,sweep_3396,218,139.62,0.0751951204183685,0.09366203435871448
scope_20260424_115654,sweep_3397,218,139.62,0.07309785369789565,0.1098619143011256
scope_20260424_115654,sweep_3398,218,139.62,0.07309785369789565,0.10584340723007933
scope_20260424_115654,sweep_3399,218,139.62,0.07108390535247482,0.0931954590298513
scope_20260424_115654,sweep_3400,218,139.62,0.07108390535247482,0.0818944007929542
scope_20260424_115654,sweep_3401,218,139.62,0.07108390535247482,0.06164209211813543
scope_20260424_115654,sweep_3402,218,139.62,0.0691491595637216,0.0923366897209337
scope_20260424_115654,sweep_3403,218,139.62,0.0691491595637216,0.09690534908981031
scope_20260424_115654,sweep_3404,218,139.62,0.0691491595637216,0.06503891509154164
scope_20260424_115654,sweep_3405,218,139.62,0.06728973952555999,0.08759903182539193
scope_20260424_115654,sweep_3406,218,139.62,0.06728973952555999,0.06432177678986017
scope_20260424_115654,sweep_3407,218,139.62,0.06728973952555999,0.08899498022515012
scope_20260424_115654,sweep_3408,218,139.62,0.06550199165901675,0.06487422228566801
scope_20260424_115654,sweep_3409,218,139.62,0.06550199165901675,0.09973938576055973
scope_20260424_115654,sweep_3410,218,139.62,0.06550199165901675,0.08977051937955823
scope_20260424_115654,sweep_3411,218,139.62,0.06550199165901675,0.06391869366696724
scope_20260424_115654,sweep_3412,218,139.62,0.06550199165901675,0.05157625276205725
scope_20260424_115654,sweep_3413,218,139.62,0.06550199165901675,0.09253515586079775
scope_20260424_115654,sweep_3414,218,139.62,0.06550199165901675,0.066132356278979
scope_20260424_115654,sweep_3415,218,139.62,0.06550199165901675,0.06313860838351966
scope_20260424_115654,sweep_3416,218,139.62,0.06550199165901675,0.06425027488739887
scope_20260424_115654,sweep_3417,218,139.62,0.06550199165901675,0.09103429794441675
scope_20260424_115654,sweep_3418,218,139.62,0.06550199165901675,0.09620089618381479
scope_20260424_115654,sweep_3419,218,139.62,0.06550199165901675,0.10250939398811264
scope_20260424_115654,sweep_3420,219,363.19,0.14483018709006482,0.1668569642638215
scope_20260424_115654,sweep_3421,219,364.05,0.14511477366808911,0.16884915841771606
scope_20260424_115654,sweep_3422,219,364.46,0.14525040842219109,0.12593982989245872
scope_20260424_115654,sweep_3423,219,364.06,0.1490787944066733,0.1612261353756593
scope_20260424_115654,sweep_3424,219,364.46,0.14921473227241952,0.1359868123970837
scope_20260424_115654,sweep_3425,219,364.04,0.14907199684708644,0.17067394190140303
scope_20260424_115654,sweep_3426,219,364.26,0.149146766511654,0.17614959329669966
scope_20260424_115654,sweep_3427,219,364.68,0.14928948728655403,0.18265180022146799
scope_20260424_115654,sweep_3428,219,363.84,0.15312145168465438,0.19816474268726347
scope_20260424_115654,sweep_3429,219,364.05,0.15319480194838808,0.168923481222844
scope_20260424_115654,sweep_3430,219,364.03,0.15318781651894767,0.18337604307016286
scope_20260424_115654,sweep_3431,219,364.47,0.153341480902823,0.17908902211820854
scope_20260424_115654,sweep_3432,219,364.25,0.15755289192186805,0.20558012533227718
scope_20260424_115654,sweep_3433,219,364.48,0.15763545948036606,0.22874440100428647
scope_20260424_115654,sweep_3434,219,364.48,0.15763545948036606,0.1914042360592398
scope_20260424_115654,sweep_3435,219,364.26,0.15755648199997763,0.21419199468400157
scope_20260424_115654,sweep_3436,219,364.25,0.16201667854739096,0.1919742952255092
scope_20260424_115654,sweep_3437,219,364.05,0.16194283908515353,0.16863004113518196
scope_20260424_115654,sweep_3438,219,364.06,0.16194653122201966,0.1741309225569513
scope_20260424_115654,sweep_3439,219,363.84,0.16186530022740114,0.14727430481764003
scope_20260424_115654,sweep_3440,219,364.26,0.16202037033955005,0.1870955590706082
scope_20260424_115654,sweep_3441,219,364.25,0.1666651349779082,0.1645663676859742
scope_20260424_115654,sweep_3442,219,363.63,0.16642964205989919,0.17841408834239975
scope_20260424_115654,sweep_3443,219,364.05,0.1665891769712953,0.18491686822542203
scope_20260424_115654,sweep_3444,219,364.04,0.16658537888477626,0.17932567594693297
scope_20260424_115654,sweep_3445,219,364.05,0.1714297860696836,0.1661865539641698
scope_20260424_115654,sweep_3446,219,364.26,0.17151185926557172,0.17737029595636447
scope_20260424_115654,sweep_3447,219,364.02,0.1714180606704976,0.1889028091296138
scope_20260424_115654,sweep_3448,219,364.25,0.17150795120058024,0.22775869662277848
scope_20260424_115654,sweep_3449,219,364.26,0.17655944865685314,0.15393680477298505
scope_20260424_115654,sweep_3450,219,364.47,0.17664392898461934,0.11088430333088431
scope_20260424_115654,sweep_3451,219,364.04,0.17647093657535737,0.17901730401644725
scope_20260424_115654,sweep_3452,219,364.68,0.17672840103790427,0.1840679319640805
scope_20260424_115654,sweep_3453,219,364.69,0.17673242331033412,0.1963587001844262
scope_20260424_115654,sweep_3454,219,364.47,0.17664392898461934,0.14811158511528444
scope_20260424_115654,sweep_3455,219,364.69,0.17673242331033412,0.1600577827145632
scope_20260424_115654,sweep_3456,219,364.27,0.18182679499553997,0.18054286763363084
scope_20260424_115654,sweep_3457,219,364.27,0.17656347171731618,0.14112109566212305
scope_20260424_115654,sweep_3458,219,364.04,0.18173150139872077,0.20619296602447587
scope_20260424_115654,sweep_3459,219,364.27,0.17656347171731618,0.13018242173319253
scope_20260424_115654,sweep_3460,219,364.05,0.17647496004902413,0.2084685186419291
scope_20260424_115654,sweep_3461,219,364.25,0.1765554255776144,0.15434014610065627
scope_20260424_115654,sweep_3462,219,364.04,0.17647093657535737,0.13234558944008204
scope_20260424_115654,sweep_3463,219,363.84,0.1763904631555437,0.1550173482112512
scope_20260424_115654,sweep_3464,219,363.18,0.17108968273905306,0.125626698980157
scope_20260424_115654,sweep_3465,219,364.04,0.17142587762154024,0.17765775716691054
scope_20260424_115654,sweep_3466,219,363.83,0.17134379599346541,0.15572530763940168
scope_20260424_115654,sweep_3467,219,364.25,0.1666651349779082,0.17622103644082343
scope_20260424_115654,sweep_3468,219,364.04,0.16658537888477626,0.16665398028608788
scope_20260424_115654,sweep_3469,219,364.05,0.1665891769712953,0.1531430593290596
scope_20260424_115654,sweep_3470,219,364.48,0.16675247792105577,0.15844885455543165
scope_20260424_115654,sweep_3471,219,364.48,0.16210158540895622,0.16782589962910233
scope_20260424_115654,sweep_3472,220,519.78,0.21763479375588357,0.19848271983556917
scope_20260424_115654,sweep_3473,220,509.96,0.2083146039439406,0.2527466451908488
scope_20260424_115654,sweep_3474,220,515.48,0.210184436371806,0.22524509987173075
scope_20260424_115654,sweep_3475,220,518.9,0.21134121053386065,0.16838495726893368
scope_20260424_115654,sweep_3476,220,524.57,0.21325617105572867,0.21171152317303074
scope_20260424_115654,sweep_3477,220,528.61,0.20877703766639738,0.22477356805517895
scope_20260424_115654,sweep_3478,220,533.55,0.21039514949234178,0.21005719598979386
scope_20260424_115654,sweep_3479,220,537.28,0.21161523446527222,0.20487404299579984
scope_20260424_115654,sweep_3480,220,541.02,0.21283714554914765,0.18523357262720463
scope_20260424_115654,sweep_3481,220,543.84,0.21375752992783162,0.1719591588639324
scope_20260424_115654,sweep_3482,220,545.78,0.21439023100828478,0.28054285636933735
scope_20260424_115654,sweep_3494,222,905.73,0.3355627222025395,0.21892195964915415
scope_20260424_115654,sweep_3495,222,900.31,0.3338951920339433,0.2975810169619497
scope_20260424_115654,sweep_3496,222,893.88,0.3319147074780369,0.3024320846061129
scope_20260424_115654,sweep_3497,222,887.46,0.3392825964440431,0.22900709760083285
scope_20260424_115654,sweep_3498,222,882.47,0.33769843512152603,0.3530786842093094
scope_20260424_115654,sweep_3499,222,878.71,0.33650375247605424,0.4573013785734385
scope_20260424_115654,sweep_3500,222,873.74,0.33492327603140987,0.3942448355548195
scope_20260424_115654,sweep_3501,222,868.91,0.33338585508627333,0.24005883158749
scope_20260424_115654,sweep_3502,222,865.29,0.34176479282428346,0.28808170597558025
scope_20260424_115654,sweep_3503,222,860.49,0.34019048323709516,0.3183420811240898
scope_20260424_115654,sweep_3504,223,1070.85,0.4080820044344889,0.5640014442681814
scope_20260424_115654,sweep_3515,225,1160.72,0.4500732139504804,0.4019964669594184
scope_20260424_115654,sweep_3516,225,1154.27,0.46220023398741505,0.47657256148776894
scope_20260424_115654,sweep_3517,226,1143.71,0.46008112447331767,0.570471794022041
scope_20260424_115654,sweep_3518,226,1143.75,0.4600891698187608,0.43017599947543406
scope_20260424_115654,sweep_3519,226,1143.75,0.4600891698187608,0.5473546417314259
scope_20260424_115654,sweep_3520,226,1143.6,0.4600589990478952,0.3121861737436818
scope_20260424_115654,sweep_3521,226,1143.64,0.46006704478025306,0.3830179488484569
scope_20260424_115654,sweep_3522,226,1143.77,0.46009319243872604,0.35691155207105146
scope_20260424_115654,sweep_3523,226,1143.64,0.4467495269391949,0.356827473449212
scope_20260424_115654,sweep_3524,226,1145.67,0.44714584896849513,0.404942244709732
scope_20260424_115654,sweep_3525,226,1143.73,0.44676710531456354,0.2968723838179188
scope_20260424_115654,sweep_3526,227,1332.5,0.48222868638515254,0.2856059862296011
scope_20260424_115654,sweep_3527,227,1335.05,0.48268988541051205,0.46276122239903605
scope_20260424_115654,sweep_3528,227,1332.21,0.46839146032170437,0.38480618963830915
scope_20260424_115654,sweep_3529,227,1332.24,0.4683967341391591,0.6037432447071732
scope_20260424_115654,sweep_3530,227,1332.27,0.468402007897235,0.5262778103134221
scope_20260424_115654,sweep_3531,227,1332.39,0.46842310233579104,0.36625170751679575
scope_20260424_115654,sweep_3532,227,1332.33,0.45518613683589454,0.4539767687048367
scope_20260424_115654,sweep_3533,227,1332.3,0.4551810121066697,0.5284203707616476
scope_20260424_115654,sweep_3534,227,1332.42,0.4552015106773993,0.41916277958376863
scope_20260424_115654,sweep_3535,227,1332.27,0.44248057896561277,0.39831788362834736
scope_20260424_115654,sweep_3547,229,1713.99,0.48805513431027064,0.5507063440999911
scope_20260424_115654,sweep_3548,229,1709.4,0.4874011996745438,0.5760627534259259
scope_20260424_115654,sweep_3549,229,1709.35,0.48739407137274415,0.47017714617815304
scope_20260424_115654,sweep_3550,229,1709.26,0.48738124016677836,0.387506621612393
scope_20260424_115654,sweep_3551,229,1709.26,0.48738124016677836,0.4809292177461598
scope_20260424_115654,sweep_3552,229,1713.99,0.48805513431027064,0.4318266001799468
scope_20260424_115654,sweep_3553,229,1713.89,0.48804089670523154,0.5464790295711159
scope_20260424_115654,sweep_3554,229,1709.26,0.5011897195596297,0.5849118741130706
scope_20260424_115654,sweep_3555,229,1709.4,0.5012102445599274,0.44013908624342507
scope_20260424_115654,sweep_3556,229,1713.89,0.50186806547914,0.576377138176503
scope_20260424_115654,sweep_3557,230,1920.31,0.5312314291172453,0.653776569424957
scope_20260424_115654,sweep_3558,230,1896.87,0.5279792726947594,0.5603767866240177
scope_20260424_115654,sweep_3559,230,1896.99,0.5431448224478423,0.6182812520398886
scope_20260424_115654,sweep_3560,230,1896.99,0.5431448224478423,0.7067539805016269
scope_20260424_115654,sweep_3561,230,1897.11,0.5431620013333338,0.5727153858091895
scope_20260424_115654,sweep_3562,230,1902.65,0.5439545025218264,0.6766859468812219
scope_20260424_115654,sweep_3563,230,1902.59,0.5597514518344475,0.6054992706979154
scope_20260424_115654,sweep_3564,230,1902.65,0.5597602779142467,0.6356199272899813
scope_20260424_115654,sweep_3565,230,1902.65,0.5597602779142467,0.8205607693885412
scope_20260424_115654,sweep_3566,230,1896.99,0.5589270708332614,0.6381616982268582
scope_20260424_115654,sweep_3567,230,1902.53,0.5762158359870703,0.5502359995223836
scope_20260424_115654,sweep_3568,231,2108.89,0.606661446953873,0.7807147368587892
scope_20260424_115654,sweep_3569,231,2080.88,0.6026191810461933,0.8854541587038068
scope_20260424_115654,sweep_3570,231,2087.68,0.6036030119577108,0.7266645369157186
scope_20260424_115654,sweep_3571,231,2087.83,0.6036246960341779,0.5363132990026458
scope_20260424_115654,sweep_3572,231,2080.8,0.6205712140666948,0.6265448179684383
scope_20260424_115654,sweep_3573,231,2087.83,0.6216186326227948,0.5074782705852225
scope_20260424_115654,sweep_3574,231,2081.09,0.6206144569016829,0.5588086444545435
scope_20260424_115654,sweep_3575,231,2087.97,0.6216394736753992,0.5231317497371775
scope_20260424_115654,sweep_3576,231,2080.88,0.6205831434255845,0.6057838723743183
scope_20260424_115654,sweep_3577,231,2081.02,0.6206040192518688,0.57046769187751
scope_20260424_115654,sweep_3589,233,2459.12,0.6363740837805986,0.6873083685527959
scope_20260424_115654,sweep_3590,233,2459.02,0.6363611445878499,0.5605469314065022
scope_20260424_115654,sweep_3591,233,2459.32,0.6184301352813986,0.710013466466212
scope_20260424_115654,sweep_3592,233,2459.42,0.6184427083473032,0.5311348690878391
scope_20260424_115654,sweep_3593,233,2459.02,0.6183924145498819,0.570039596903257
scope_20260424_115654,sweep_3594,233,2458.92,0.6183798404613903,0.7302484543175767
scope_20260424_115654,sweep_3595,233,2459.22,0.6011692808900583,0.7678595819634745
scope_20260424_115654,sweep_3596,233,2468.53,0.6023061452008786,0.7082274858695514
scope_20260424_115654,sweep_3597,233,2468.73,0.6023305440919596,0.6293290325138934
scope_20260424_115654,sweep_3598,233,2459.32,0.6011815035291398,0.7315114633581012
scope_20260424_115654,sweep_3599,233,2459.42,0.6011937259197273,0.7038461348866243
scope_20260424_115654,sweep_3600,234,2647.6,0.6237697011850508,0.49840501837934453
scope_20260424_115654,sweep_3601,234,2647.49,0.6237567431513923,0.7210061678174527
scope_20260424_115654,sweep_3602,234,2647.25,0.6237284701435255,0.6222291713101168
scope_20260424_115654,sweep_3603,235,2658.63,0.6250676746176996,0.5352269923089678
scope_20260424_115654,sweep_3604,235,2658.75,0.6250817809947776,0.5959350876574065
scope_20260424_115654,sweep_3607,237,2658.87,0.6250958870535204,0.7738065023782464
scope_20260424_115654,sweep_3608,238,2647.6,0.6237697011850508,0.6590376737526316
scope_20260424_115654,sweep_3609,238,2647.49,0.6237567431513923,0.9436972203213877
scope_20260424_115654,sweep_3610,239,2853.75,0.6475988243669911,0.8220939105300831
scope_20260424_115654,sweep_3611,240,2841.04,0.6461550808213726,0.9132292126755247
scope_20260424_115654,sweep_3612,240,2840.77,0.6646624738900831,0.8200699219049781
scope_20260424_115654,sweep_3613,240,2840.64,0.6646472654940916,0.8948524778386913
scope_20260424_115654,sweep_3614,240,2840.77,0.6646624738900831,0.5577059813745365
scope_20260424_115654,sweep_3615,240,2840.51,0.664632056750095,0.6995332481481925
scope_20260424_115654,sweep_3616,240,2840.91,0.6839925344262471,0.6931623844474821
scope_20260424_115654,sweep_3617,240,2840.91,0.6839925344262471,0.7991741827450369
scope_20260424_115654,sweep_3618,240,2840.91,0.6839925344262471,0.7483686487475377
scope_20260424_115654,sweep_3619,240,2828.05,0.6824426576254793,0.6788975177238652
scope_20260424_115654,sweep_3620,240,2827.92,0.7025107795400367,0.6490533176770332
scope_20260424_115654,sweep_3621,241,2962.67,0.7190532818550769,0.5699579763657991
scope_20260424_115654,sweep_3622,241,2976.63,0.7207453682049354,0.7869066655229484
scope_20260424_115654,sweep_3623,241,2976.93,0.7422680515598963,0.5443120566909051
scope_20260424_115654,sweep_3624,241,2962.67,0.7404881224812869,0.6566647591382048
scope_20260424_115654,sweep_3625,241,2962.82,0.7405068677030799,0.6886449436904951
scope_20260424_115654,sweep_3626,241,2976.63,0.7422306496011833,0.4972994268054651
scope_20260424_115654,sweep_3627,241,2976.63,0.7422306496011833,0.55910785567764
scope_20260424_115654,sweep_3628,241,2962.67,0.7404881224812869,0.7845194175489091
scope_20260424_115654,sweep_3629,241,2976.63,0.7422306496011833,0.5873455582088045
scope_20260424_115654,sweep_3630,241,2962.67,0.7404881224812869,0.6917098919405269
scope_20260424_115654,sweep_3631,241,2962.67,0.7404881224812869,0.6942484103526385
scope_20260424_115654,sweep_3632,241,2976.49,0.7422131947087711,0.6661353889915091
scope_20260424_115654,sweep_3633,241,2976.63,0.7422306496011833,0.6838648393638969
scope_20260424_115654,sweep_3634,241,2976.78,0.7422493508161255,0.8526600903875512
scope_20260424_115654,sweep_3635,241,2976.34,0.7421944925827968,0.5649194477407941
scope_20260424_115654,sweep_3636,241,2962.96,0.74052436281531,0.5616400073351773
scope_20260424_115654,sweep_3637,241,2962.67,0.7404881224812869,0.5292800475321552
scope_20260424_115654,sweep_3638,241,2976.34,0.7207102578203881,0.8021224623708018
scope_20260424_115654,sweep_3639,241,2963.11,0.7191066748583461,0.8433415162951577
scope_20260424_115654,sweep_3640,241,2962.82,0.7190714844606826,0.6508419836692989
scope_20260424_115654,sweep_3641,241,2962.67,0.7190532818550769,0.8482253949089391
scope_20260424_115654,sweep_3642,241,2962.67,0.7190532818550769,0.6368149278497474
scope_20260424_115654,sweep_3643,241,2976.93,0.700175540232353,0.6775781197606767
scope_20260424_115654,sweep_3644,241,2962.52,0.6984788646451419,0.5385233751921394
scope_20260424_115654,sweep_3645,241,2962.82,0.6985142295295638,0.864713092926317
scope_20260424_115654,sweep_3646,241,2962.96,0.6985307325295669,0.8475804620464572
scope_20260424_115654,sweep_3647,241,2976.78,0.6803877609605984,0.5920687610566874
scope_20260424_115654,sweep_3648,241,2976.93,0.680404903120667,0.665706570425182
scope_20260424_115654,sweep_3649,241,2976.93,0.680404903120667,0.7081083582322086
scope_20260424_115654,sweep_3650,241,2963.11,0.6788237214273231,0.5816025089998395
scope_20260424_115654,sweep_3651,241,2962.23,0.6787229136217432,0.7432058752924108
scope_20260424_115654,sweep_3652,241,2976.63,0.6613944049181668,0.5849256623159069
scope_20260424_115654,sweep_3653,241,2962.67,0.6598416562030108,0.6440684672563309
scope_20260424_115654,sweep_3654,241,2962.82,0.6598583598851068,0.8297531040756067
scope_20260424_115654,sweep_3655,241,2976.49,0.6613788510358445,0.709148739006826
scope_20260424_115654,sweep_3656,241,2976.34,0.661362185756007,0.7332557554344791
scope_20260424_115654,sweep_3657,241,2962.67,0.6598416562030108,0.7981158260279929
scope_20260424_115654,sweep_3658,241,2962.82,0.6598583598851068,0.582140443083548
scope_20260424_115654,sweep_3659,241,2962.52,0.6598249520980558,0.6911194921793208
scope_20260424_115654,sweep_3660,241,2976.34,0.661362185756007,0.7242268287860325
scope_20260424_115654,sweep_3661,241,2962.67,0.6598416562030108,0.8447333474275103
scope_20260424_115654,sweep_3662,241,2962.82,0.6598583598851068,0.689558925683535
scope_20260424_115654,sweep_3663,241,2962.67,0.6598416562030108,0.7409161703515115
scope_20260424_115654,sweep_3664,241,2976.78,0.6614110693861924,0.46030751113857366
scope_20260424_115654,sweep_3665,241,2962.67,0.6598416562030108,0.5823811471590412
scope_20260424_115654,sweep_3666,241,2976.49,0.6803546182264204,0.6127697767745971
scope_20260424_115654,sweep_3667,241,2976.93,0.680404903120667,0.630608705468499
scope_20260424_115654,sweep_3668,241,2962.38,0.6787400978289526,0.5523655867107918
scope_20260424_115654,sweep_3669,241,2962.82,0.6787905023271039,0.6791410464052509
scope_20260424_115654,sweep_3670,241,2962.82,0.6787905023271039,0.6964760222491906
scope_20260424_115654,sweep_3671,241,2962.82,0.6985142295295638,0.6758248749037754
scope_20260424_115654,sweep_3672,241,2962.67,0.6984965473111684,0.5168285063548869
scope_20260424_115654,sweep_3673,241,2976.49,0.7001237942016686,0.7811731788812124
scope_20260424_115654,sweep_3674,241,2976.63,0.7001402592626378,0.7623733203461343
scope_20260424_115654,sweep_3675,241,2962.96,0.7190884731435305,0.8099596242867755
scope_20260424_115654,sweep_3676,241,2976.63,0.7207453682049354,0.682807430543224
scope_20260424_115654,sweep_3677,241,2962.96,0.7190884731435305,0.85932939548226
scope_20260424_115654,sweep_3678,241,2976.93,0.7422680515598963,0.6337514682124308
scope_20260424_115654,sweep_3679,241,2976.78,0.7422493508161255,0.5206312016409248
scope_20260424_115654,sweep_3680,241,2962.67,0.7404881224812869,0.662356521142386
scope_20260424_115654,sweep_3681,241,2976.63,0.7422306496011833,0.6524376797728928
scope_20260424_115654,sweep_3682,241,2962.82,0.7405068677030799,0.7222719854210646
scope_20260424_115654,sweep_3683,241,2976.49,0.7422131947087711,0.8970719522924157
scope_20260424_115654,sweep_3684,241,2962.67,0.7404881224812869,1.0397279028450404
scope_20260424_115654,sweep_3685,241,2976.34,0.7421944925827968,0.7397038465967793
scope_20260424_115654,sweep_3686,241,2962.82,0.7405068677030799,0.8509835690965326
scope_20260424_115654,sweep_3687,241,2976.93,0.7422680515598963,0.5585503966253865
scope_20260424_115654,sweep_3688,241,2962.67,0.7404881224812869,0.7963604109161996
scope_20260424_115654,sweep_3689,241,2976.78,0.7422493508161255,0.725813499044672
scope_20260424_115654,sweep_3690,241,2962.96,0.74052436281531,0.6815824968968697
scope_20260424_115654,sweep_3691,241,2962.82,0.7405068677030799,1.0809762013167876
scope_20260424_115654,sweep_3692,241,2962.67,0.7190532818550769,0.5978530377587384
scope_20260424_115654,sweep_3693,241,2962.82,0.7190714844606826,0.762795966362829
scope_20260424_115654,sweep_3694,241,2962.82,0.7190714844606826,0.7149738390205854
scope_20260424_115654,sweep_3695,241,2962.82,0.7190714844606826,0.7585216751056976
scope_20260424_115654,sweep_3696,241,2962.82,0.7190714844606826,0.8014525403637319
scope_20260424_115654,sweep_3697,241,2962.67,0.6984965473111684,0.6897620887714142
scope_20260424_115654,sweep_3698,241,2962.67,0.6984965473111684,0.7529754580078473
scope_20260424_115654,sweep_3699,241,2976.78,0.7001578999697214,0.9069174378624639
scope_20260424_115654,sweep_3700,241,2976.93,0.700175540232353,0.7488287725638777
scope_20260424_115654,sweep_3701,241,2962.67,0.6984965473111684,0.8082724470575054
scope_20260424_115654,sweep_3702,241,2962.67,0.6787733193959631,0.8203501879022382
scope_20260424_115654,sweep_3703,241,2976.63,0.6803706183686274,0.8271241882185223
scope_20260424_115654,sweep_3704,241,2976.34,0.6803374747993457,0.8300098957749562
scope_20260424_115654,sweep_3705,241,2962.82,0.6787905023271039,1.0431004829014283
scope_20260424_115654,sweep_3706,241,2976.63,0.6613944049181668,0.8159538439540852
scope_20260424_115654,sweep_3707,241,2962.67,0.6598416562030108,0.7251971363720625
scope_20260424_115654,sweep_3708,241,2962.96,0.6598739496069117,0.7115316672739993
scope_20260424_115654,sweep_3709,241,2976.93,0.6614277334343619,0.7139129733971167
scope_20260424_115654,sweep_3710,241,2976.78,0.6614110693861924,0.7968430125176436
scope_20260424_115654,sweep_3711,241,2962.67,0.6598416562030108,0.9495146336465075
scope_20260424_115654,sweep_3712,241,2962.67,0.6598416562030108,0.6946935775717786
scope_20260424_115654,sweep_3713,241,2976.63,0.6613944049181668,0.7870613784774543
scope_20260424_115654,sweep_3714,241,2976.93,0.6614277334343619,0.6369216993059948
scope_20260424_115654,sweep_3715,241,2962.82,0.6598583598851068,0.6029536219087335
scope_20260424_115654,sweep_3716,241,2962.82,0.6598583598851068,0.9153121478956796
scope_20260424_115654,sweep_3717,241,2976.78,0.6614110693861924,0.6229681801619833
scope_20260424_115654,sweep_3718,241,2962.52,0.6598249520980558,0.6944697756169805
scope_20260424_115654,sweep_3719,241,2976.93,0.6614277334343619,0.4998414587280721
scope_20260424_115654,sweep_3720,241,2976.93,0.680404903120667,0.7002018709473115
scope_20260424_115654,sweep_3721,241,2962.82,0.6787905023271039,0.6947317980300127
scope_20260424_115654,sweep_3722,241,2962.67,0.6787733193959631,0.5982296758974707
scope_20260424_115654,sweep_3723,241,2976.78,0.6803877609605984,0.4607110167037632
scope_20260424_115654,sweep_3724,241,2976.93,0.700175540232353,0.6063809604304226
scope_20260424_115654,sweep_3725,241,2976.93,0.700175540232353,0.4985023595342651
scope_20260424_115654,sweep_3726,241,2976.63,0.7001402592626378,0.5485640636632847
scope_20260424_115654,sweep_3727,241,2962.96,0.6985307325295669,0.6028324885363251
scope_20260424_115654,sweep_3728,241,2962.38,0.719018088844237,0.9674915686145423
scope_20260424_115654,sweep_3729,241,2962.96,0.7190884731435305,0.8784385583732075
scope_20260424_115654,sweep_3730,241,2976.63,0.7207453682049354,0.7960182070078999
scope_20260424_115654,sweep_3731,241,2962.67,0.7190532818550769,0.7570791225431969
scope_20260424_115654,sweep_3732,241,2976.63,0.7422306496011833,0.7108896975385463
scope_20260424_115654,sweep_3733,241,2976.49,0.7422131947087711,0.6138610155170852
scope_20260424_115654,sweep_3734,241,2976.78,0.7422493508161255,0.7891180595372862
scope_20260424_115654,sweep_3735,241,2962.96,0.74052436281531,0.6041726621541905
scope_20260424_115654,sweep_3736,241,2976.78,0.7422493508161255,0.872302096887836
scope_20260424_115654,sweep_3737,241,2962.82,0.7405068677030799,0.6869770788648636
scope_20260424_115654,sweep_3738,241,2962.67,0.7404881224812869,0.784377869810786
scope_20260424_115654,sweep_3739,241,2976.78,0.7422493508161255,0.7864645684100309
scope_20260424_115654,sweep_3740,241,2976.63,0.7422306496011833,0.6993530185842165
scope_20260424_115654,sweep_3741,241,2976.78,0.7422493508161255,0.8106074621781468
scope_20260424_115654,sweep_3742,241,2962.52,0.7404693767849527,0.8338969267988042
scope_20260424_115654,sweep_3743,241,2976.63,0.7422306496011833,0.8400787036692715
scope_20260424_115654,sweep_3744,241,2977.22,0.7423042049952864,0.814718995875094
scope_20260424_115654,sweep_3745,241,2976.78,0.7422493508161255,0.7664221394770124
scope_20260424_115654,sweep_3746,241,2962.96,0.7190884731435305,0.6665475282216251
scope_20260424_115654,sweep_3747,241,2962.96,0.7190884731435305,0.6246062648338042
scope_20260424_115654,sweep_3748,241,2962.67,0.7190532818550769,0.8102670194543035
scope_20260424_115654,sweep_3749,241,2976.78,0.7207635280775526,0.7651787098998489
scope_20260424_115654,sweep_3750,241,2962.82,0.7190714844606826,0.7844484139833515
scope_20260424_115654,sweep_3751,241,2962.82,0.6985142295295638,0.7113130219825745
scope_20260424_115654,sweep_3752,241,2976.63,0.7001402592626378,0.8157552144231487
scope_20260424_115654,sweep_3753,241,2962.96,0.6985307325295669,0.9316881355362492
scope_20260424_115654,sweep_3754,241,2976.63,0.7001402592626378,0.7917222553336618
scope_20260424_115654,sweep_3755,241,2976.93,0.700175540232353,0.59288572465729
scope_20260424_115654,sweep_3756,241,2976.93,0.680404903120667,0.7914218602154889
scope_20260424_115654,sweep_3757,241,2976.63,0.6803706183686274,0.7294715513089407
scope_20260424_115654,sweep_3758,241,2962.82,0.6787905023271039,0.797636459561093
scope_20260424_115654,sweep_3759,241,2976.78,0.6803877609605984,0.9306165752451511
scope_20260424_115654,sweep_3760,241,2977.08,0.6804220448488659,0.8493703174391907
scope_20260424_115654,sweep_3761,241,2962.82,0.6598583598851068,0.7368911624804383
scope_20260424_115654,sweep_3762,241,2963.11,0.659890652471571,0.6411944676453958
scope_20260424_115654,sweep_3763,241,2962.67,0.6598416562030108,0.7233109081477174
scope_20260424_115654,sweep_3764,241,2976.49,0.6613788510358445,0.7581132878336951
scope_20260424_115654,sweep_3765,241,2976.78,0.6614110693861924,0.7216895196046623
scope_20260424_115654,sweep_3766,241,2976.63,0.6613944049181668,0.6828448175661608
scope_20260424_115654,sweep_3767,241,2962.67,0.6598416562030108,0.5263380360664315
scope_20260424_115654,sweep_3768,241,2963.26,0.6599073549134654,0.5864905271206379
scope_20260424_115654,sweep_3769,241,2962.96,0.6598739496069117,0.5192640006673782
scope_20260424_115654,sweep_3770,241,2976.63,0.6613944049181668,0.541748568611809
scope_20260424_115654,sweep_3771,241,2962.67,0.6598416562030108,0.5927843228880344
scope_20260424_115654,sweep_3772,241,2976.34,0.661362185756007,0.5638144977839801
scope_20260424_115654,sweep_3773,241,2976.49,0.6803546182264204,0.5492017362365323
scope_20260424_115654,sweep_3774,241,2962.82,0.6787905023271039,0.558525390317681
scope_20260424_115654,sweep_3775,241,2976.63,0.6803706183686274,0.6036044118413083
scope_20260424_115654,sweep_3776,241,2962.82,0.6787905023271039,0.5309794086277406
scope_20260424_115654,sweep_3777,241,2976.78,0.6803877609605984,0.44715137872693583
scope_20260424_115654,sweep_3778,241,2963.11,0.6985484138826384,0.5806044627061417
scope_20260424_115654,sweep_3779,241,2976.49,0.7001237942016686,0.5913327964211881
scope_20260424_115654,sweep_3780,241,2976.49,0.7001237942016686,0.52065571113761
scope_20260424_115654,sweep_3781,241,2976.63,0.7001402592626378,0.6517153396790495
scope_20260424_115654,sweep_3782,241,2962.67,0.7190532818550769,0.6810861631204145
scope_20260424_115654,sweep_3783,241,2962.96,0.7190884731435305,0.6587017929911422
scope_20260424_115654,sweep_3784,241,2962.67,0.7190532818550769,0.6184656212246745
scope_20260424_115654,sweep_3785,241,2976.78,0.7207635280775526,0.5441420716091183
scope_20260424_115654,sweep_3786,241,2962.67,0.7404881224812869,0.476918932687911
scope_20260424_115654,sweep_3787,241,2976.63,0.7422306496011833,0.6387135335001161
scope_20260424_115654,sweep_3788,241,2962.67,0.7404881224812869,0.5135185962322829
scope_20260424_115654,sweep_3789,241,2976.63,0.7422306496011833,0.5989111799188074
scope_20260424_115654,sweep_3790,241,2962.52,0.7404693767849527,0.4936137010019849
scope_20260424_115654,sweep_3791,241,2962.82,0.7405068677030799,0.8138839951842824
scope_20260424_115654,sweep_3792,241,2962.52,0.7404693767849527,0.866181259739054
scope_20260424_115654,sweep_3793,241,2976.78,0.7422493508161255,0.7351154408937143
scope_20260424_115654,sweep_3794,241,2976.78,0.7422493508161255,0.6688368793109785
scope_20260424_115654,sweep_3795,241,2962.82,0.7405068677030799,0.7485791188426636
scope_20260424_115654,sweep_3796,241,2962.67,0.7404881224812869,0.6449098546537964
scope_20260424_115654,sweep_3797,241,2962.96,0.74052436281531,0.792826410054002
scope_20260424_115654,sweep_3798,241,2962.67,0.7404881224812869,0.8895193013957106
scope_20260424_115654,sweep_3799,241,2976.78,0.7422493508161255,0.6749449940130084
scope_20260424_115654,sweep_3800,241,2976.78,0.7207635280775526,0.5169612259696339
scope_20260424_115654,sweep_3801,241,2976.49,0.720728418577666,0.5566991678965907
scope_20260424_115654,sweep_3802,241,2962.82,0.7190714844606826,1.1363377238897625
scope_20260424_115654,sweep_3803,241,2962.82,0.7190714844606826,0.7500536552611669
scope_20260424_115654,sweep_3804,241,2976.93,0.7207816874926375,0.6471084776415763
scope_20260424_115654,sweep_3805,241,2976.78,0.7001578999697214,0.8948250790985964
scope_20260424_115654,sweep_3806,241,2962.96,0.6985307325295669,0.6742048281122824
scope_20260424_115654,sweep_3807,241,2962.82,0.6985142295295638,0.5795762958877237
scope_20260424_115654,sweep_3808,241,2963.11,0.6985484138826384,0.8562951589332504
scope_20260424_115654,sweep_3809,241,2976.93,0.680404903120667,0.7576998982422734
scope_20260424_115654,sweep_3810,241,2962.67,0.6787733193959631,0.6659288803995251
scope_20260424_115654,sweep_3811,241,2976.93,0.680404903120667,0.7351448418588623
scope_20260424_115654,sweep_3812,241,2962.96,0.6788065393370721,0.554501510420649
scope_20260424_115654,sweep_3813,241,2962.67,0.6787733193959631,0.9005098974892084
scope_20260424_115654,sweep_3814,241,2962.38,0.6598093612185566,0.7541993936244316
scope_20260424_115654,sweep_3815,241,2962.96,0.6598739496069117,0.44473998686416893
scope_20260424_115654,sweep_3816,241,2963.11,0.659890652471571,0.539361838572554
scope_20260424_115654,sweep_3817,241,2977.22,0.6614599494037489,0.6623954487900878
scope_20260424_115654,sweep_3818,241,2976.49,0.6613788510358445,0.5425152772992684
scope_20260424_115654,sweep_3819,241,2962.82,0.6598583598851068,0.5506754289486782
scope_20260424_115654,sweep_3820,241,2963.11,0.659890652471571,0.5265035167621326
scope_20260424_115654,sweep_3821,241,2962.82,0.6598583598851068,0.6378635280520942
scope_20260424_115654,sweep_3822,241,2962.52,0.6598249520980558,0.5992141205778231
scope_20260424_115654,sweep_3823,241,2976.63,0.6613944049181668,0.5290787886029907
scope_20260424_115654,sweep_3824,241,2962.96,0.6598739496069117,0.46004312170764944
scope_20260424_115654,sweep_3825,241,2976.78,0.6614110693861924,0.5546113002712196
scope_20260424_115654,sweep_3826,241,2962.52,0.6598249520980558,0.5981914062669371
scope_20260424_115654,sweep_3827,241,2962.67,0.6787733193959631,0.42801208003812596
scope_20260424_115654,sweep_3828,241,2962.52,0.6787561360298308,0.4991465687313324
scope_20260424_115654,sweep_3829,241,2976.34,0.6803374747993457,0.7137745998537502
scope_20260424_115654,sweep_3830,241,2976.78,0.6803877609605984,0.573102426375708
scope_20260424_115654,sweep_3831,241,2962.96,0.6788065393370721,0.649597261973533
scope_20260424_115654,sweep_3832,241,2976.63,0.7001402592626378,0.546506114495617
scope_20260424_115654,sweep_3833,241,2976.63,0.7001402592626378,0.5778528169278142
scope_20260424_115654,sweep_3834,241,2962.82,0.6985142295295638,0.521193074136871
scope_20260424_115654,sweep_3835,241,2962.82,0.6985142295295638,0.671772666119304
scope_20260424_115654,sweep_3836,241,2976.78,0.7207635280775526,0.4681318913477447
scope_20260424_115654,sweep_3837,241,2962.67,0.7190532818550769,0.6171774389362606
scope_20260424_115654,sweep_3838,241,2962.82,0.7190714844606826,0.6335871551623521
scope_20260424_115654,sweep_3839,241,2962.67,0.7190532818550769,0.5930795850179054
scope_20260424_115654,sweep_3840,241,2962.96,0.74052436281531,0.5873095614323393
scope_20260424_115654,sweep_3841,241,2962.52,0.7404693767849527,0.5357117027054158
scope_20260424_115654,sweep_3842,241,2962.67,0.7404881224812869,0.5240479960018395
scope_20260424_115654,sweep_3843,242,2840.64,0.7250777125064596,0.6838605058685501
scope_20260424_115654,sweep_3844,242,2840.64,0.7250777125064596,0.7203508404809211
scope_20260424_115654,sweep_3845,242,2841.04,0.7251287610158905,0.5890569389183612
scope_20260424_115654,sweep_3846,242,2840.64,0.7250777125064596,0.7015078117673633
scope_20260424_115654,sweep_3847,242,2840.91,0.7251121706445269,0.6523734213570104
scope_20260424_115654,sweep_3848,242,2841.04,0.7251287610158905,0.72812290567691
scope_20260424_115654,sweep_3849,242,2840.77,0.7250943036662355,0.5348709695084822
scope_20260424_115654,sweep_3850,242,2828.05,0.7234691197709102,0.494972667546046
scope_20260424_115654,sweep_3851,242,2840.91,0.7251121706445269,0.5128615107319341
scope_20260424_115654,sweep_3852,242,2841.18,0.7251466271451825,0.42763371705365844
scope_20260424_115654,sweep_3853,242,2840.77,0.7041050664776926,0.8272484412293295
scope_20260424_115654,sweep_3854,243,2647.72,0.6797597740081429,0.6344775086406015
scope_20260424_115654,sweep_3855,243,2647.6,0.6797443697929795,0.7980276817446175
scope_20260424_115654,sweep_3856,243,2647.49,0.6797302489557439,0.6633497609258404
scope_20260424_115654,sweep_3857,243,2647.6,0.6797443697929795,0.6775400639313717
scope_20260424_115654,sweep_3858,243,2647.25,0.6602677760024418,0.5884400893409438
scope_20260424_115654,sweep_3859,243,2647.49,0.660297705301678,0.6257964051354624
scope_20260424_115654,sweep_3860,243,2647.49,0.660297705301678,0.637935264216777
scope_20260424_115654,sweep_3861,243,2647.6,0.6603114224437914,0.5292957392001193
scope_20260424_115654,sweep_3862,244,2658.87,0.6430306516834091,0.7460392436273472
scope_20260424_115654,sweep_3863,244,2658.75,0.6430161409046087,0.60766109161324
scope_20260424_115654,sweep_3865,246,2459.32,0.6184301352813986,0.5723005379832602
scope_20260424_115654,sweep_3866,246,2468.83,0.6023427431668811,0.5456627336884748
scope_20260424_115654,sweep_3867,246,2459.02,0.6011448348663536,0.45802669531656726
scope_20260424_115654,sweep_3868,246,2459.12,0.6011570580024681,0.582670017598678
scope_20260424_115654,sweep_3869,246,2459.22,0.6011692808900583,0.586004942892487
scope_20260424_115654,sweep_3870,246,2458.92,0.6011326114817,0.5381301364872954
scope_20260424_115654,sweep_3871,246,2459.12,0.6011570580024681,0.5373713689020534
scope_20260424_115654,sweep_3872,246,2459.22,0.5846062244209842,0.4939335293345971
scope_20260424_115654,sweep_3873,246,2459.02,0.5845824519195035,0.5183014018916274
scope_20260424_115654,sweep_3874,246,2459.02,0.5845824519195035,0.5775490436882738
scope_20260424_115654,sweep_3875,247,2279.03,0.562781438245468,0.5531395467253082
scope_20260424_115654,sweep_3876,247,2278.94,0.5627703258797897,0.46781963753984157
scope_20260424_115654,sweep_3877,247,2270.92,0.5776955298208579,0.41966401243963997
scope_20260424_115654,sweep_3878,247,2279.03,0.5787261551369768,0.602742007543238
scope_20260424_115654,sweep_3879,247,2279.03,0.5787261551369768,0.5545022404557791
scope_20260424_115654,sweep_3880,247,2279.03,0.5787261551369768,0.4073587218127517
scope_20260424_115654,sweep_3881,247,2279.12,0.5787375821124342,0.4527312599881726
scope_20260424_115654,sweep_3882,247,2270.83,0.5776840822329132,0.5066762043987941
scope_20260424_115654,sweep_3883,247,2270.66,0.5776624583922821,0.4036129472043058
scope_20260424_115654,sweep_3884,247,2270.58,0.5776522821871869,0.442202148419405
scope_20260424_115654,sweep_3885,247,2278.94,0.59531876045049,0.6271519456578611
scope_20260424_115654,sweep_3928,252,1312.54,0.4270915881118903,0.38678883179445517
scope_20260424_115654,sweep_3929,252,1335.08,0.4307431592515884,0.4239779257747499
scope_20260424_115654,sweep_3930,252,1332.3,0.4302944632951255,0.2947483652251956
scope_20260424_115654,sweep_3931,252,1335.11,0.4307479987451714,0.41877186701692415
scope_20260424_115654,sweep_3932,252,1332.24,0.4302847740515323,0.4338465908518324
scope_20260424_115654,sweep_3933,252,1332.36,0.4303041523205439,0.3548305387269849
scope_20260424_115654,sweep_3934,252,1332.39,0.4303089967514424,0.4284677174686202
scope_20260424_115654,sweep_3935,252,1334.99,0.4307286404445918,0.4438812461811643
scope_20260424_115654,sweep_3936,252,1335.05,0.430738319703632,0.38273701656104425
scope_20260424_115654,sweep_3937,252,1332.33,0.43029930783510556,0.3641855627523744
scope_20260424_115654,sweep_3938,252,1332.27,0.43028961870060156,0.401640784801167
scope_20260424_115654,sweep_3939,253,1145.83,0.39904772421701484,0.40701403507748013
scope_20260424_115654,sweep_3940,253,1145.74,0.41033742343995133,0.3249858670087531
scope_20260424_115654,sweep_3941,253,1143.71,0.40997374832016886,0.30858601070056024
scope_20260424_115654,sweep_3942,253,1145.72,0.41033384200599454,0.3186311325454434
scope_20260424_115654,sweep_3943,253,1143.73,0.40997733289979166,0.42882958285129874
scope_20260424_115654,sweep_3944,253,1145.74,0.41033742343995133,0.38745983122356015
scope_20260424_115654,sweep_3945,253,1145.76,0.42211418955281366,0.3949871464556592
scope_20260424_115654,sweep_3946,253,1145.69,0.42210129486082326,0.4718768718676594
scope_20260424_115654,sweep_3947,253,1145.76,0.42211418955281366,0.40577846983314625
scope_20260424_115654,sweep_3948,253,1143.75,0.4217437708109968,0.37862726683870795
scope_20260424_115654,sweep_3949,254,932.76,0.36374091221847926,0.3231121266217284
scope_20260424_115654,sweep_3950,255,955.75,0.3819516569238966,0.3174639703871786
scope_20260424_115654,sweep_3951,255,955.73,0.38194502296231375,0.341854846138249
scope_20260424_115654,sweep_3952,255,955.69,0.38193175496834675,0.3710759470465195
scope_20260424_115654,sweep_3953,255,955.66,0.38192180391091796,0.25253720676346453
scope_20260424_115654,sweep_3954,255,955.76,0.39319589847352876,0.3713503451612173
scope_20260424_115654,sweep_3955,255,955.73,0.39318565468429933,0.35469273733714557
scope_20260424_115654,sweep_3956,255,955.7,0.3931754108404065,0.33751416566130427
scope_20260424_115654,sweep_3957,255,955.69,0.3931719962136278,0.3496277455180881
scope_20260424_115654,sweep_3958,255,955.72,0.3931822400757422,0.4054888805592269
scope_20260424_115654,sweep_3959,255,957.18,0.3936807086725817,0.3434951635247181
scope_20260424_115654,sweep_3960,256,745.12,0.3197917060833368,0.27697066701342016
scope_20260424_115654,sweep_3981,259,459.82,0.191166885820989,0.16922327037986662
scope_20260424_115654,sweep_3982,259,466.03,0.18804590746663136,0.1683909595098169
scope_20260424_115654,sweep_3983,259,474.55,0.19089493772728797,0.16496105560486277
scope_20260424_115654,sweep_3984,259,482.26,0.1934656206037957,0.18280727661310756
scope_20260424_115654,sweep_3985,259,489.11,0.19574370312822448,0.16476465987425992
scope_20260424_115654,sweep_3986,259,492.99,0.197031653240204,0.19549234745896113
scope_20260424_115654,sweep_3987,259,500.13,0.1993972582101862,0.17311402871740478
scope_20260424_115654,sweep_3988,259,505.83,0.20128164546676414,0.1839999439491467
scope_20260424_115654,sweep_3989,259,513.28,0.20373914261864406,0.15685107091609596
scope_20260424_115654,sweep_3990,259,516.77,0.20488828341190182,0.16768749526999374
scope_20260424_115654,sweep_3991,260,365.76,0.15379181535460595,0.15852162727473726
scope_20260424_115654,sweep_3992,260,365.96,0.15386161045256644,0.11009168767051253
scope_20260424_115654,sweep_3993,260,366.18,0.1539383775713408,0.10854090954883426
scope_20260424_115654,sweep_3994,260,366.62,0.15409188829363824,0.11557723792245861
scope_20260424_115654,sweep_3995,260,365.97,0.15386510003722226,0.09210595080989223
scope_20260424_115654,sweep_3996,260,370.76,0.15553475704055858,0.10986373451248148
scope_20260424_115654,sweep_3997,260,379.15,0.15845047673355603,0.1315298305025382
scope_20260424_115654,sweep_3998,260,386.68,0.1610579954001021,0.1831084827047982
scope_20260424_115654,sweep_3999,260,394.01,0.16358797745542847,0.16446212370694924
scope_20260424_115654,sweep_4000,260,400.37,0.1704149974008165,0.15809859267510357
scope_20260424_115654,sweep_4001,260,403.99,0.171692907253743,0.09576002725782226
scope_20260424_115654,sweep_4002,260,365.96,0.15816655218652306,0.11421496957303853
scope_20260424_115654,sweep_4003,260,365.55,0.15801946177893106,0.10300756065471331
scope_20260424_115654,sweep_4004,260,365.76,0.15809480426986303,0.12470218873441329
scope_20260424_115654,sweep_4005,260,366.19,0.15824905405068868,0.11290341393762136
scope_20260424_115654,sweep_4006,260,365.33,0.16241529266109586,0.16020040655069215
scope_20260424_115654,sweep_4007,260,365.33,0.16241529266109586,0.09632271733632689
scope_20260424_115654,sweep_4008,260,366.19,0.16273256433321287,0.10430590779088808
scope_20260424_115654,sweep_4009,260,365.74,0.16256656590452934,0.14065377732692586
scope_20260424_115654,sweep_4010,260,365.75,0.162570255135571,0.19284177894661736
scope_20260424_115654,sweep_4011,260,365.54,0.16249277768188697,0.14312301785862364
scope_20260424_115654,sweep_4012,260,365.98,0.16732187631782758,0.08710637748646827
scope_20260424_115654,sweep_4013,260,365.54,0.16715489397818561,0.12641978126912196
scope_20260424_115654,sweep_4014,260,365.97,0.1673180816438046,0.15661623640935107
scope_20260424_115654,sweep_4015,260,365.31,0.1670675941579209,0.13446370575297895
scope_20260424_115654,sweep_4016,260,365.97,0.1673180816438046,0.09330644683455676
scope_20260424_115654,sweep_4017,260,366.18,0.1722618705030207,0.1529706508639862
scope_20260424_115654,sweep_4018,260,365.34,0.17193382305338065,0.1292258069911795
scope_20260424_115654,sweep_4019,260,365.75,0.1720939574520514,0.12245211517391913
scope_20260424_115654,sweep_4020,260,366.4,0.17234776654210573,0.14380881718756366
scope_20260424_115654,sweep_4021,260,365.96,0.17217596569044677,0.11358554654500772
scope_20260424_115654,sweep_4022,260,365.99,0.17725515929189334,0.19006686385829802
scope_20260424_115654,sweep_4023,260,365.53,0.17707022731716315,0.09126567880530273
scope_20260424_115654,sweep_4024,260,365.55,0.17707826866015391,0.08397034781430501
scope_20260424_115654,sweep_4025,260,365.98,0.1772511394519004,0.1613959006587166
scope_20260424_115654,sweep_4026,260,365.98,0.1772511394519004,0.13268409759728086
scope_20260424_115654,sweep_4027,260,365.32,0.17698578869895154,0.09318691576974643
scope_20260424_115654,sweep_4028,260,365.54,0.17707424799800792,0.08960467839879921
scope_20260424_115654,sweep_4029,260,366.18,0.17733153270478705,0.14804865377812365
scope_20260424_115654,sweep_4030,260,366.18,0.17733153270478705,0.1350033335390271
scope_20260424_115654,sweep_4031,260,365.76,0.177162698246868,0.15131054672325533
scope_20260424_115654,sweep_4032,260,365.76,0.177162698246868,0.11483136535602789
scope_20260424_115654,sweep_4033,260,365.33,0.1769898097726084,0.1639606081940295
scope_20260424_115654,sweep_4034,260,366.39,0.17741593758704918,0.1672176637330179
scope_20260424_115654,sweep_4035,260,365.76,0.177162698246868,0.14407707828368932
scope_20260424_115654,sweep_4036,260,365.11,0.1718439781866116,0.089859075725074
scope_20260424_115654,sweep_4037,260,365.97,0.17217987064507587,0.14214840554999433
scope_20260424_115654,sweep_4038,260,365.54,0.172011941208633,0.21254441654080808
scope_20260424_115654,sweep_4039,260,365.76,0.16723838941661165,0.20282813594254953
scope_20260424_115654,sweep_4040,260,365.55,0.16715868941067982,0.1093867321986684
scope_20260424_115654,sweep_4041,260,365.98,0.16732187631782758,0.11216641523333937
scope_20260424_115654,sweep_4042,260,366.39,0.16280633027948954,0.15424620004200437
scope_20260424_115654,sweep_4043,260,365.54,0.16249277768188697,0.23429988994527692
scope_20260424_115654,sweep_4044,261,212.55,0.10360740830504374,0.033172233646148984
scope_20260424_115654,sweep_4045,261,212.55,0.10075287895878346,0.06922204457442564
scope_20260424_115654,sweep_4046,261,212.55,0.10075287895878346,0.05107053996047507
scope_20260424_115654,sweep_4047,261,212.55,0.10075287895878346,0.05521403607196393
scope_20260424_115654,sweep_4048,261,212.55,0.09801060970242102,0.0727689886987116
scope_20260424_115654,sweep_4049,261,212.55,0.09801060970242102,0.10917774739223138
scope_20260424_115654,sweep_4050,261,212.55,0.09801060970242102,0.10029104264148239
scope_20260424_115654,sweep_4051,261,212.55,0.09801060970242102,0.03640049526391382
scope_20260424_115654,sweep_4052,261,212.55,0.09537510563002256,0.05326093080432792
scope_20260424_115654,sweep_4053,261,212.55,0.09537510563002256,0.04728041026375598
scope_20260424_115654,sweep_4054,261,212.55,0.09537510563002256,0.04434420390605411
scope_20260424_115654,sweep_4055,261,212.55,0.09537510563002256,0.04728122268413676
scope_20260424_115654,sweep_4056,261,212.55,0.092841188233201,0.05876851131346003
scope_20260424_115654,sweep_4057,261,212.55,0.092841188233201,0.08671748276043079
scope_20260424_115654,sweep_4058,261,212.55,0.092841188233201,0.06774635876891873
scope_20260424_115654,sweep_4059,261,212.55,0.09040397467203147,0.05371879402169581
scope_20260424_115654,sweep_4060,261,212.55,0.09040397467203147,0.06336779553883601
scope_20260424_115654,sweep_4061,261,212.55,0.09040397467203147,0.04052284369046066
scope_20260424_115654,sweep_4062,261,212.55,0.09040397467203147,0.04177841581007815
scope_20260424_115654,sweep_4063,261,212.55,0.08805885855805394,0.05298259744259639
scope_20260424_115654,sweep_4064,261,212.55,0.08805885855805394,0.08084469366065289
scope_20260424_115654,sweep_4065,261,212.55,0.08805885855805394,0.06040393787419178
scope_20260424_115654,sweep_4066,261,212.55,0.08805885855805394,0.0797819580532565
scope_20260424_115654,sweep_4067,261,212.55,0.08805885855805394,0.06685673679266196
scope_20260424_115654,sweep_4068,261,212.55,0.08580149212837537,0.07780001754723019
scope_20260424_115654,sweep_4069,261,212.55,0.08580149212837537,0.06374079375146174
scope_20260424_115654,sweep_4070,261,212.55,0.08580149212837537,0.07116048635411572
scope_20260424_115654,sweep_4071,261,212.55,0.08580149212837537,0.05972950785288064
scope_20260424_115654,sweep_4072,261,212.55,0.08580149212837537,0.10954968086896019
scope_20260424_115654,sweep_4073,261,212.55,0.08580149212837537,0.07264851154525337
scope_20260424_115654,sweep_4074,261,212.55,0.08580149212837537,0.08686356888582741
scope_20260424_115654,sweep_4075,261,212.55,0.08580149212837537,0.06244782533377137
scope_20260424_115654,sweep_4076,261,212.55,0.08580149212837537,0.06686753982624863
scope_20260424_115654,sweep_4077,261,212.55,0.08580149212837537,0.06347444374692066
scope_20260424_115654,sweep_4078,261,212.55,0.08580149212837537,0.07381248839694995
scope_20260424_115654,sweep_4079,261,212.55,0.08580149212837537,0.06781783877305894
scope_20260424_115654,sweep_4080,261,212.55,0.08580149212837537,0.06635846299419727
scope_20260424_115654,sweep_4081,261,212.55,0.08805885855805394,0.06635739953954883
scope_20260424_115654,sweep_4082,261,212.55,0.08805885855805394,0.06242159182779183
scope_20260424_115654,sweep_4083,261,212.55,0.08805885855805394,0.07143471607164266
scope_20260424_115654,sweep_4084,261,212.55,0.08805885855805394,0.04469439036434572
scope_20260424_115654,sweep_4085,261,212.55,0.08805885855805394,0.06762795027105137
scope_20260424_115654,sweep_4086,261,212.55,0.08805885855805394,0.05450407678588224
scope_20260424_115654,sweep_4087,261,212.55,0.08805885855805394,0.06437048067562941
scope_20260424_115654,sweep_4088,261,212.55,0.09040397467203147,0.07583526968816946
scope_20260424_115654,sweep_4089,261,212.55,0.09040397467203147,0.0684878956845746
scope_20260424_115654,sweep_4090,261,212.55,0.09040397467203147,0.0822386944803183
scope_20260424_115654,sweep_4091,261,212.55,0.09040397467203147,0.045370937996742015
scope_20260424_115654,sweep_4092,261,212.55,0.09040397467203147,0.07054492401169962
scope_20260424_115654,sweep_4093,261,212.55,0.092841188233201,0.05894440809342077
scope_20260424_115654,sweep_4094,261,212.55,0.092841188233201,0.0636636379977662
scope_20260424_115654,sweep_4095,261,212.55,0.092841188233201,0.11084221479906763
scope_20260424_115654,sweep_4096,262,364.68,0.14532317735170147,0.24848224086220672
scope_20260424_115654,sweep_4097,262,364.89,0.1453926316411361,0.16101029104893522
scope_20260424_115654,sweep_4098,262,364.69,0.14929288505955063,0.14860701511803567
scope_20260424_115654,sweep_4099,262,365.32,0.1495069128487498,0.1937628683966724
scope_20260424_115654,sweep_4100,262,365.33,0.14951030960909534,0.1963043336725213
scope_20260424_115654,sweep_4101,262,365.54,0.14958163792589813,0.1945552354136371
scope_20260424_115654,sweep_4102,262,364.49,0.15334846489796772,0.17627900747411873
scope_20260424_115654,sweep_4103,262,365.33,0.1536417339177494,0.22503492827708038
scope_20260424_115654,sweep_4104,262,365.55,0.15371852351868967,0.16003674467259468
scope_20260424_115654,sweep_4105,262,365.97,0.15386510003722226,0.18172277727333175
scope_20260424_115654,sweep_4106,262,365.95,0.15816296494903173,0.13432691280912748
scope_20260424_115654,sweep_4107,262,364.9,0.1577862121724045,0.1959493630277272
scope_20260424_115654,sweep_4108,262,365.12,0.1578651660945085,0.17082063791670762
scope_20260424_115654,sweep_4109,262,365.32,0.15793693536953532,0.22487139120777594
scope_20260424_115654,sweep_4110,262,365.55,0.15801946177893106,0.18284988623544038
scope_20260424_115654,sweep_4111,262,365.54,0.15801587385776425,0.18489899662208834
scope_20260424_115654,sweep_4112,262,365.76,0.15809480426986303,0.17090632828123453
scope_20260424_115654,sweep_4113,262,365.34,0.15794411192961194,0.19456316520187575
scope_20260424_115654,sweep_4114,262,365.12,0.1578651660945085,0.1177834493603933
scope_20260424_115654,sweep_4115,262,364.9,0.1577862121724045,0.18357444975307707
scope_20260424_115654,sweep_4116,262,363.63,0.15733027433442628,0.20136201612633134
scope_20260424_115654,sweep_4117,262,365.12,0.1578651660945085,0.18689573465167253
scope_20260424_115654,sweep_4118,262,364.9,0.15349162244762576,0.23532154081203827
scope_20260424_115654,sweep_4119,262,364.9,0.15349162244762576,0.17056572490123717
scope_20260424_115654,sweep_4120,262,365.34,0.15364522452466514,0.19953600502069097
scope_20260424_115654,sweep_4121,262,364.66,0.15340782622680502,0.1648976615309545
scope_20260424_115654,sweep_4122,262,365.1,0.14943218012115497,0.20564796680591912
scope_20260424_115654,sweep_4123,262,365.53,0.14957824149737656,0.16168951139575247
scope_20260424_115654,sweep_4124,262,365.75,0.14965295927685116,0.1317164094462529
scope_20260424_115654,sweep_4125,262,365.33,0.1455381328862482,0.16169782850468747
scope_20260424_115654,sweep_4126,262,365.55,0.1456108723357516,0.18655967528225462
scope_20260424_115654,sweep_4127,262,365.76,0.14568029850456046,0.12918268580256895
scope_20260424_115654,sweep_4128,262,365.54,0.14178515994426455,0.16376524920991664
scope_20260424_115654,sweep_4129,262,365.55,0.14178837932953317,0.1713333735029524
scope_20260424_115654,sweep_4130,262,364.91,0.14158230846823894,0.13183972721200027
scope_20260424_115654,sweep_4131,262,364.88,0.13790019495733907,0.1824755048182459
scope_20260424_115654,sweep_4132,262,365.13,0.13797861149003596,0.17561403049696409
scope_20260424_115654,sweep_4133,262,365.53,0.138104058961416,0.13793529088594575
scope_20260424_115654,sweep_4134,262,365.54,0.13810719484909664,0.13862743084338794
scope_20260424_115654,sweep_4135,262,365.97,0.13469822511826807,0.12519134433626944
scope_20260424_115654,sweep_4136,262,365.55,0.13456990754082146,0.13988188559851128
scope_20260424_115654,sweep_4137,262,365.54,0.13456685205503355,0.18045646259275444
scope_20260424_115654,sweep_4138,262,365.34,0.13450573935456175,0.1906949327526752
scope_20260424_115654,sweep_4139,262,365.54,0.13456685205503355,0.17548072597074293
scope_20260424_115654,sweep_4140,262,365.54,0.13456685205503355,0.20653344990077965
scope_20260424_115654,sweep_4141,262,365.33,0.13450268357026746,0.14462363734545533
scope_20260424_115654,sweep_4142,262,365.34,0.13450573935456175,0.16390977424437556
scope_20260424_115654,sweep_4143,262,364.91,0.134374327783987,0.13920641296032185
scope_20260424_115654,sweep_4144,262,365.98,0.13470127999345416,0.17512745789419218
scope_20260424_115654,sweep_4145,262,365.75,0.1346310142731717,0.12011717280346974
scope_20260424_115654,sweep_4146,262,365.1,0.13443239660596765,0.1843895770795292
scope_20260424_115654,sweep_4147,262,365.32,0.13449962777175353,0.21794971648028577
scope_20260424_115654,sweep_4148,262,365.33,0.13804133814446676,0.18687484870560214
scope_20260424_115654,sweep_4149,263,494.97,0.17761547398197633,0.18981049517606635
scope_20260424_115654,sweep_4150,263,504.57,0.1804700397498175,0.3026215624001926
scope_20260424_115654,sweep_4151,263,510.36,0.18218723002234283,0.20526346038889134
scope_20260424_115654,sweep_4152,263,516.31,0.18394842615732265,0.19678448731655698
scope_20260424_115654,sweep_4153,263,518.91,0.1847169394969906,0.19568682923595138
scope_20260424_115654,sweep_4154,263,524.59,0.19135746565113468,0.297139094104069
scope_20260424_115654,sweep_4155,263,529.97,0.19298491891714675,0.23333729354864347
scope_20260424_115654,sweep_4156,263,533.53,0.194060276201062,0.21077290165891452
scope_20260424_115654,sweep_4157,263,538.18,0.19546305140875514,0.23551439201341987
scope_20260424_115654,sweep_4158,263,541.49,0.20175673223101354,0.28320608162593297
scope_20260424_115654,sweep_4159,264,757.81,0.2666754550962219,0.3317601556192154
scope_20260424_115654,sweep_4170,266,904.32,0.33512908187895263,0.21208694452203278
scope_20260424_115654,sweep_4171,266,900.35,0.33390750476901554,0.3349380206239345
scope_20260424_115654,sweep_4172,266,896.5,0.33272197702700845,0.33612973740226787
scope_20260424_115654,sweep_4173,266,890.1,0.33074931153123543,0.3305074937948335
scope_20260424_115654,sweep_4174,266,884.96,0.3291632685259179,0.3707169996204369
scope_20260424_115654,sweep_4175,266,878.77,0.3272511478189248,0.3273128693780588
scope_20260424_115654,sweep_4176,266,873.86,0.32573279674931555,0.2734560535141065
scope_20260424_115654,sweep_4177,266,872.51,0.32531507359561507,0.2735880607791749
scope_20260424_115654,sweep_4178,266,866.55,0.3234695870291905,0.2703818343665337
scope_20260424_115654,sweep_4179,266,862.87,0.32232901494372274,0.2959268895560934
scope_20260424_115654,sweep_4180,266,859.29,0.32121864287181706,0.40655636491619
scope_20260424_115654,sweep_4181,267,1042.17,0.38056954208061783,0.39556730021059344
scope_20260424_115654,sweep_4182,267,1031.73,0.36835231155433035,0.40296679241061734
scope_20260424_115654,sweep_4183,267,1024.96,0.36714179645499695,0.2768275285315518
scope_20260424_115654,sweep_4184,267,1021.57,0.3665341427338292,0.37060548589543
scope_20260424_115654,sweep_4185,267,1014.9,0.36533560205081883,0.27321960541062523
scope_20260424_115654,sweep_4186,267,1006.76,0.3638675664145771,0.3772128784934409
scope_20260424_115654,sweep_4187,267,1003.36,0.3534847668445444,0.3372674342833497
scope_20260424_115654,sweep_4188,267,996.99,0.3439978095241766,0.3181929832668506
scope_20260424_115654,sweep_4189,267,989.17,0.34175681879546627,0.2819073368527384
scope_20260424_115654,sweep_4190,267,985.97,0.34083892194719295,0.3563025652483691
scope_20260424_115654,sweep_4191,268,1194.17,0.3753885724674772,0.4704254990371059
scope_20260424_115654,sweep_4192,268,1160.74,0.3700968978460405,0.3197591044572315
scope_20260424_115654,sweep_4193,268,1150.04,0.368387124221419,0.45368120083341534
scope_20260424_115654,sweep_4194,269,1145.85,0.358062375647621,0.38346029872831394
scope_20260424_115654,sweep_4195,269,1145.78,0.3580514384616444,0.4825530416347305
scope_20260424_115654,sweep_4196,269,1145.78,0.3580514384616444,0.45676565375990863
scope_20260424_115654,sweep_4197,269,1145.74,0.3580451884910833,0.268739626538926
scope_20260424_115654,sweep_4198,269,1145.74,0.3580451884910833,0.5198943198223269
scope_20260424_115654,sweep_4199,269,1145.69,0.34874973976536683,0.36479001115469223
scope_20260424_115654,sweep_4200,269,1145.58,0.34873299728169627,0.34273379914869334
scope_20260424_115654,sweep_4201,269,1145.8,0.3487664814453168,0.4598732278000363
scope_20260424_115654,sweep_4202,270,1332.3,0.3760809584123144,0.546099293691864
scope_20260424_115654,sweep_4203,270,1335.14,0.37648158189778513,0.43812699450881226
scope_20260424_115654,sweep_4204,270,1335.05,0.3764688926242266,0.34004967285917914
scope_20260424_115654,sweep_4205,270,1332.24,0.3760724899324067,0.46962582970764394
scope_20260424_115654,sweep_4206,270,1332.3,0.3760809584123144,0.5256986544897112
scope_20260424_115654,sweep_4207,270,1334.96,0.3764562029229486,0.4900682011692113
scope_20260424_115654,sweep_4208,270,1334.96,0.3764562029229486,0.3764722056813004
scope_20260424_115654,sweep_4209,270,1335.05,0.3764688926242266,0.5917229257305181
scope_20260424_115654,sweep_4210,270,1335.08,0.3864990664441616,0.3753663733210155
scope_20260424_115654,sweep_4211,270,1332.3,0.3860964586149589,0.3424490134037421
scope_20260424_115654,sweep_4212,270,1335.11,0.3865034088456872,0.4364155632786568
scope_20260424_115654,sweep_4213,271,1521.26,0.4125689380923519,0.4450996784868032
scope_20260424_115654,sweep_4214,271,1521.11,0.4125485974318792,0.48479821227182385
scope_20260424_115654,sweep_4215,271,1524.82,0.4241869068721465,0.6742761814687565
scope_20260424_115654,sweep_4216,271,1521.26,0.42369144254510216,0.45640560357742993
scope_20260424_115654,sweep_4217,271,1524.7,0.4241702152526959,0.4514081772866727
scope_20260424_115654,sweep_4218,271,1524.89,0.4241966433468479,0.49695076387552795
scope_20260424_115654,sweep_4219,271,1521.18,0.43524382132679007,0.5629395576435157
scope_20260424_115654,sweep_4220,271,1521.18,0.43524382132679007,0.5215140345085595
scope_20260424_115654,sweep_4221,271,1521.38,0.4352724326361777,0.46195813607625996
scope_20260424_115654,sweep_4222,271,1524.86,0.4357699687045191,0.4134815420466058
scope_20260424_115654,sweep_4223,272,1733.15,0.47741762269643856,0.4160587368972637
scope_20260424_115654,sweep_4224,272,1714.04,0.4747782840490879,0.45425452526697957
scope_20260424_115654,sweep_4225,272,1709.45,0.4741421573504002,0.5411836447790146
scope_20260424_115654,sweep_4226,272,1709.5,0.47414909143285855,0.4110367453403795
scope_20260424_115654,sweep_4227,272,1709.5,0.48741545596539537,0.4960439866027676
scope_20260424_115654,sweep_4228,272,1709.4,0.4874011996745438,0.5957376489559209
scope_20260424_115654,sweep_4229,272,1709.26,0.48738124016677836,0.48193426933076855
scope_20260424_115654,sweep_4230,272,1714.14,0.4880764899390984,0.43112085695034824
scope_20260424_115654,sweep_4231,272,1709.4,0.4874011996745438,0.5402505633007348
scope_20260424_115654,sweep_4232,272,1709.4,0.4874011996745438,0.3994646001258327
scope_20260424_115654,sweep_4233,272,1713.89,0.48804089670523154,0.49437991023448513
scope_20260424_115654,sweep_4234,273,1896.87,0.5134327035567012,0.4562067009743473
scope_20260424_115654,sweep_4235,273,1902.59,0.5142062474458798,0.36422959856661163
scope_20260424_115654,sweep_4236,273,1897.05,0.5134570636062269,0.574381984069414
scope_20260424_115654,sweep_4237,273,1902.65,0.5142143553754944,0.5554715736536457
scope_20260424_115654,sweep_4238,273,1902.53,0.5141981393884186,0.47681653803742774
scope_20260424_115654,sweep_4239,273,1896.93,0.513440823701627,0.45240335543316684
scope_20260424_115654,sweep_4240,273,1902.59,0.5002106971611363,0.5679051248372305
scope_20260424_115654,sweep_4241,273,1902.77,0.5002343585374747,0.4624006061956161
scope_20260424_115654,sweep_4242,273,1902.71,0.5002264715363857,0.4519201588719128
scope_20260424_115654,sweep_4243,273,1902.65,0.5002185844109416,0.6397533035537603
scope_20260424_115654,sweep_4244,274,2102.39,0.5258198914930989,0.48920037750983747
scope_20260424_115654,sweep_4245,274,2087.76,0.5098971652218027,0.5694292617186688
scope_20260424_115654,sweep_4246,274,2081.09,0.5090820009213614,0.5154982069990833
scope_20260424_115654,sweep_4247,274,2081.24,0.5091003472985446,0.42998184521773636
scope_20260424_115654,sweep_4248,274,2081.02,0.5090734390524052,0.526071945967177
scope_20260424_115654,sweep_4249,274,2087.61,0.5098788475155923,0.46693976859984204
scope_20260424_115654,sweep_4250,274,2087.61,0.4963324312526007,0.4603889619890061
scope_20260424_115654,sweep_4251,274,2081.09,0.49555675520842446,0.4982707700383449
scope_20260424_115654,sweep_4252,274,2087.68,0.4963407524857205,0.4190969678296294
scope_20260424_115654,sweep_4253,274,2087.68,0.4963407524857205,0.4606000336517333
scope_20260424_115654,sweep_4254,274,2080.95,0.49554008627229623,0.4758799302616453
scope_20260424_115654,sweep_4255,275,2270.66,0.50404679657388,0.45860982789675536
scope_20260424_115654,sweep_4256,275,2270.92,0.5040756534735964,0.4424068350722056
scope_20260424_115654,sweep_4257,275,2278.86,0.5049561046447969,0.6226457469622133
scope_20260424_115654,sweep_4258,275,2270.66,0.50404679657388,0.5164073250385619
scope_20260424_115654,sweep_4259,275,2278.94,0.5049649678776952,0.4536102241304099
scope_20260424_115654,sweep_4260,275,2270.75,0.5040567856876589,0.5034315716819863
scope_20260424_115654,sweep_4261,275,2270.58,0.5040379171954384,0.7893687847152094
scope_20260424_115654,sweep_4262,275,2270.66,0.50404679657388,0.5227640405613245
scope_20260424_115654,sweep_4263,275,2270.58,0.5040379171954384,0.9316265881915208
scope_20260424_115654,sweep_4264,275,2270.83,0.5040656647337222,0.4793282693709715
scope_20260424_115654,sweep_4265,275,2279.03,0.504974938828756,0.6031965991521983
scope_20260424_115654,sweep_4266,276,2469.03,0.5256031842773738,0.5675990371135945
scope_20260424_115654,sweep_4267,276,2459.22,0.5386996092287634,0.6139641518950272
scope_20260424_115654,sweep_4268,276,2459.32,0.5387105617692644,0.561281049601808
scope_20260424_115654,sweep_4269,276,2459.22,0.5386996092287634,0.6603538597022673
scope_20260424_115654,sweep_4270,276,2459.12,0.5386886564655771,0.5148062770982489
scope_20260424_115654,sweep_4271,276,2468.73,0.5397402013763691,0.8292294001833301
scope_20260424_115654,sweep_4272,276,2459.22,0.553402354179173,0.6903486030933104
scope_20260424_115654,sweep_4273,276,2459.32,0.5534136056476978,0.5774997895816645
scope_20260424_115654,sweep_4274,276,2468.63,0.5544601172360287,0.654301010924389
scope_20260424_115654,sweep_4275,276,2459.32,0.5687061057374289,1.0041310997483843
scope_20260424_115654,sweep_4276,276,2459.32,0.5687061057374289,0.557928169958257
scope_20260424_115654,sweep_4277,277,2647.95,0.5901131061927083,0.600278502385487
scope_20260424_115654,sweep_4278,277,2647.84,0.5901008489529879,0.5653710235572669
scope_20260424_115654,sweep_4279,277,2647.49,0.6065713704316048,0.5668533191843925
scope_20260424_115654,sweep_4280,277,2647.6,0.6065839714532701,0.5476035005649502
scope_20260424_115654,sweep_4281,277,2647.72,0.6065977177238185,0.5956326397939448
scope_20260424_115654,sweep_4282,277,2647.72,0.6065977177238185,0.5758772870630405
scope_20260424_115654,sweep_4284,279,2647.6,0.6237697011850508,0.5374241420911869
scope_20260424_115654,sweep_4285,279,2647.6,0.6237697011850508,0.5929372394311062
scope_20260424_115654,sweep_4286,279,2647.72,0.6237838369147699,0.775727604305133
scope_20260424_115654,sweep_4287,280,2840.91,0.6461402973052226,0.468691106889152
scope_20260424_115654,sweep_4288,280,2840.91,0.6461402973052226,0.5800695215284309
scope_20260424_115654,sweep_4289,280,2828.19,0.6446921477429969,0.5455795873302014
scope_20260424_115654,sweep_4290,280,2841.04,0.6461550808213726,0.6876025008236755
scope_20260424_115654,sweep_4291,280,2840.91,0.6283382262889426,0.6172809783217571
scope_20260424_115654,sweep_4292,280,2828.05,0.6269144580591071,0.8051054054704563
scope_20260424_115654,sweep_4293,280,2840.91,0.6283382262889426,0.6464861024118147
scope_20260424_115654,sweep_4294,280,2840.64,0.6283083669565097,0.598443551867353
scope_20260424_115654,sweep_4295,280,2828.05,0.6269144580591071,0.7536266710921604
scope_20260424_115654,sweep_4296,280,2840.64,0.6283083669565097,1.0284929297695873
scope_20260424_115654,sweep_4297,281,2962.67,0.6416620935411312,0.6124818398449214
scope_20260424_115654,sweep_4298,281,2976.93,0.6256978770970412,0.7606302447358099
scope_20260424_115654,sweep_4299,281,2962.67,0.6241974786311114,0.5422658611994168
scope_20260424_115654,sweep_4300,281,2962.67,0.6241974786311114,0.5247200641855466
scope_20260424_115654,sweep_4301,281,2976.49,0.6256516352909697,0.53242754252183
scope_20260424_115654,sweep_4302,281,2962.82,0.6242132799921654,0.5264653701127119
scope_20260424_115654,sweep_4303,281,2976.63,0.6256663489636172,0.5429859294378719
scope_20260424_115654,sweep_4304,281,2962.82,0.6242132799921654,1.037341173210193
scope_20260424_115654,sweep_4305,281,2962.67,0.6074128162164207,0.6104077778081611
scope_20260424_115654,sweep_4306,281,2962.96,0.6074425436930422,0.42933867202633225
scope_20260424_115654,sweep_4307,281,2976.63,0.6088421886440067,0.5635320037516148
scope_20260424_115654,sweep_4308,281,2976.49,0.6088278706218333,0.49073359163797653
scope_20260424_115654,sweep_4309,281,2962.52,0.6073974393645083,0.504710527863083
scope_20260424_115654,sweep_4310,281,2962.96,0.6074425436930422,0.501622911421849
scope_20260424_115654,sweep_4311,281,2976.49,0.5926525854376368,0.5878355017248713
scope_20260424_115654,sweep_4312,281,2976.63,0.5926665230598596,0.6386887215033011
scope_20260424_115654,sweep_4313,281,2976.93,0.5926963882895397,0.8202687426778554
scope_20260424_115654,sweep_4314,281,2976.78,0.5926814558628134,0.6268801916511187
scope_20260424_115654,sweep_4315,281,2962.67,0.5912751260728968,0.5823833846969634
scope_20260424_115654,sweep_4316,281,2976.63,0.5926665230598596,0.7087924623654495
scope_20260424_115654,sweep_4317,281,2976.63,0.5926665230598596,0.6125297665494217
scope_20260424_115654,sweep_4318,281,2976.93,0.5926963882895397,0.7177900702299559
scope_20260424_115654,sweep_4319,281,2963.11,0.5913190309621952,0.53267705312745
scope_20260424_115654,sweep_4320,281,2962.52,0.5912601577518302,0.6081361299829952
scope_20260424_115654,sweep_4321,281,2962.96,0.5913040637525406,0.7847953842049361
scope_20260424_115654,sweep_4322,281,2962.82,0.5912900940150452,0.6142543529340728
scope_20260424_115654,sweep_4323,281,2976.63,0.5926665230598596,0.5057167326066854
scope_20260424_115654,sweep_4324,281,2962.67,0.5912751260728968,0.5355021971863879
scope_20260424_115654,sweep_4325,281,2976.78,0.5926814558628134,0.5277779595510547
scope_20260424_115654,sweep_4326,281,2976.49,0.5926525854376368,0.6964822142007023
scope_20260424_115654,sweep_4327,281,2976.49,0.6088278706218333,0.9857310591307944
scope_20260424_115654,sweep_4328,281,2976.78,0.6088575290084094,0.6666060136086984
scope_20260424_115654,sweep_4329,281,2962.96,0.6074425436930422,0.7669729973312784
scope_20260424_115654,sweep_4330,281,2962.82,0.607428192679073,0.5664984741084438
scope_20260424_115654,sweep_4331,281,2962.67,0.6241974786311114,0.7604038634376792
scope_20260424_115654,sweep_4332,281,2976.78,0.625682113228917,0.5799853431279482
scope_20260424_115654,sweep_4333,281,2962.52,0.6241816768700408,0.5815223200834655
scope_20260424_115654,sweep_4334,281,2962.67,0.6241974786311114,0.6858247442583224
scope_20260424_115654,sweep_4335,281,2976.78,0.6431882671909523,0.5757193639347202
scope_20260424_115654,sweep_4336,281,2976.63,0.6431720618523828,0.5471373540423574
scope_20260424_115654,sweep_4337,281,2962.67,0.6416620935411312,0.5009129749339647
scope_20260424_115654,sweep_4338,281,2976.63,0.6431720618523828,0.5461928337464346
scope_20260424_115654,sweep_4339,281,2962.82,0.6416783370133685,1.1886609412429356
scope_20260424_115654,sweep_4340,281,2962.82,0.6416783370133685,0.6032969347568254
scope_20260424_115654,sweep_4341,281,2976.34,0.661362185756007,0.5816418420206236
scope_20260424_115654,sweep_4342,281,2962.82,0.6598583598851068,0.6404269274724906
scope_20260424_115654,sweep_4343,281,2976.93,0.6614277334343619,0.5389849336899878
scope_20260424_115654,sweep_4344,281,2962.67,0.6598416562030108,0.6825036210672697
scope_20260424_115654,sweep_4345,281,2962.67,0.6598416562030108,0.7105468118382834
scope_20260424_115654,sweep_4346,281,2976.78,0.6431882671909523,0.5537425143448574
scope_20260424_115654,sweep_4347,281,2976.78,0.6431882671909523,0.6449732787822672
scope_20260424_115654,sweep_4348,281,2976.63,0.6431720618523828,0.7025175320560707
scope_20260424_115654,sweep_4349,281,2976.78,0.6431882671909523,0.6057246222026031
scope_20260424_115654,sweep_4350,281,2962.67,0.6416620935411312,0.5841059813332553
scope_20260424_115654,sweep_4351,281,2962.82,0.6416783370133685,0.5958731322720601
scope_20260424_115654,sweep_4352,281,2976.78,0.6431882671909523,0.608838504244477
scope_20260424_115654,sweep_4353,281,2976.78,0.6431882671909523,0.6129305103490015
scope_20260424_115654,sweep_4354,281,2976.49,0.6256516352909697,0.5799715457124103
scope_20260424_115654,sweep_4355,281,2962.67,0.6241974786311114,0.7036089341718905
scope_20260424_115654,sweep_4356,281,2962.38,0.6241669281987777,0.5313816847615171
scope_20260424_115654,sweep_4357,281,2976.78,0.625682113228917,0.824936717719479
scope_20260424_115654,sweep_4358,281,2976.93,0.6256978770970412,0.6523232570396871
scope_20260424_115654,sweep_4359,281,2962.67,0.6241974786311114,0.5744455923258952
scope_20260424_115654,sweep_4360,281,2962.82,0.607428192679073,0.9409948272517769
scope_20260424_115654,sweep_4361,281,2962.52,0.6073974393645083,0.6349280796189943
scope_20260424_115654,sweep_4362,281,2976.78,0.6088575290084094,0.6020706391696082
scope_20260424_115654,sweep_4363,281,2962.67,0.6074128162164207,0.577959985695441
scope_20260424_115654,sweep_4364,281,2962.52,0.6073974393645083,0.5604124102521648
scope_20260424_115654,sweep_4365,281,2962.67,0.6074128162164207,0.638066151568259
scope_20260424_115654,sweep_4366,281,2962.67,0.5912751260728968,1.1601087296104702
scope_20260424_115654,sweep_4367,281,2962.52,0.5912601577518302,0.6413304282866861
scope_20260424_115654,sweep_4368,281,2962.67,0.5912751260728968,0.647357102475183
scope_20260424_115654,sweep_4369,281,2976.78,0.5926814558628134,0.8718434036228326
scope_20260424_115654,sweep_4370,281,2962.82,0.5912900940150452,1.067076986360576
scope_20260424_115654,sweep_4371,281,2976.63,0.5926665230598596,0.6052746664189985
scope_20260424_115654,sweep_4372,281,2962.82,0.5912900940150452,0.6450582401603827
scope_20260424_115654,sweep_4373,281,2976.63,0.5926665230598596,0.8062803832205406
scope_20260424_115654,sweep_4374,281,2976.78,0.5926814558628134,0.7017933706831939
scope_20260424_115654,sweep_4375,281,2976.63,0.5926665230598596,0.7321984281771913
scope_20260424_115654,sweep_4376,281,2976.49,0.5926525854376368,0.5847657094657241
scope_20260424_115654,sweep_4377,281,2976.93,0.5926963882895397,0.8182143233346973
scope_20260424_115654,sweep_4378,281,2963.11,0.5913190309621952,0.6985880615029834
scope_20260424_115654,sweep_4379,281,2976.93,0.5926963882895397,0.5413342687462435
scope_20260424_115654,sweep_4380,281,2976.78,0.5926814558628134,0.7646657389207258
scope_20260424_115654,sweep_4381,281,2976.63,0.5926665230598596,0.5758370596735964
scope_20260424_115654,sweep_4382,281,2976.78,0.6088575290084094,0.612395453453083
scope_20260424_115654,sweep_4383,281,2962.82,0.607428192679073,0.6997778619243592
scope_20260424_115654,sweep_4384,281,2976.63,0.6088421886440067,0.8686284525573292
scope_20260424_115654,sweep_4385,281,2962.67,0.6074128162164207,0.60743407184473
scope_20260424_115654,sweep_4386,281,2962.67,0.6241974786311114,0.5290035430949473
scope_20260424_115654,sweep_4387,281,2962.67,0.6241974786311114,0.6020050151930094
scope_20260424_115654,sweep_4388,281,2976.63,0.6256663489636172,0.5311997188995239
scope_20260424_115654,sweep_4389,281,2962.52,0.6416458496576853,0.5313885877127061
scope_20260424_115654,sweep_4390,281,2976.63,0.6431720618523828,0.6417219133555488
scope_20260424_115654,sweep_4391,281,2976.78,0.6431882671909523,0.6334290337504154
scope_20260424_115654,sweep_4392,281,2976.63,0.6431720618523828,1.068004173666346
scope_20260424_115654,sweep_4393,281,2962.67,0.6416620935411312,0.7837904223130793
scope_20260424_115654,sweep_4394,281,2976.63,0.6431720618523828,0.6066574473856031
scope_20260424_115654,sweep_4395,281,2976.63,0.6431720618523828,0.7476495577990402
scope_20260424_115654,sweep_4396,281,2976.78,0.6431882671909523,0.7856387751310027
scope_20260424_115654,sweep_4397,281,2976.49,0.6431569365013236,0.532054192948693
scope_20260424_115654,sweep_4398,281,2976.49,0.6431569365013236,0.8458114020250155
scope_20260424_115654,sweep_4399,281,2976.78,0.6431882671909523,0.6708700032997633
scope_20260424_115654,sweep_4400,281,2962.52,0.6416458496576853,0.5679682533871035
scope_20260424_115654,sweep_4401,281,2962.96,0.6416934972164825,0.5464081323467943
scope_20260424_115654,sweep_4402,281,2962.82,0.6416783370133685,0.5611602358416615
scope_20260424_115654,sweep_4403,281,2976.78,0.6431882671909523,0.8702069904635735
scope_20260424_115654,sweep_4404,281,2976.63,0.6431720618523828,0.5874276772132668
scope_20260424_115654,sweep_4405,281,2962.82,0.6416783370133685,0.551708859918681
scope_20260424_115654,sweep_4406,281,2962.96,0.6416934972164825,0.6161162782920552
scope_20260424_115654,sweep_4407,281,2962.82,0.6416783370133685,1.0139440063704086
scope_20260424_115654,sweep_4408,281,2962.67,0.6241974786311114,0.5674404863184803
scope_20260424_115654,sweep_4409,281,2962.52,0.6241816768700408,0.7034393876593754
scope_20260424_115654,sweep_4410,281,2976.34,0.6256358702577115,0.6930321475905001
scope_20260424_115654,sweep_4411,281,2976.78,0.625682113228917,0.5226665771491442
scope_20260424_115654,sweep_4412,281,2976.63,0.6256663489636172,0.5862165634594344
scope_20260424_115654,sweep_4413,281,2962.67,0.6241974786311114,0.5423194643319813
scope_20260424_115654,sweep_4414,281,2976.63,0.6088421886440067,0.5211599954595376
scope_20260424_115654,sweep_4415,281,2962.52,0.6073974393645083,0.6032695545390595
scope_20260424_115654,sweep_4416,281,2976.78,0.6088575290084094,0.6020805005393309
scope_20260424_115654,sweep_4417,281,2976.78,0.6088575290084094,0.6886189869473068
scope_20260424_115654,sweep_4418,281,2962.38,0.6073830872848314,0.6253425076946996
scope_20260424_115654,sweep_4419,281,2976.63,0.6088421886440067,0.6080159521190263
scope_20260424_115654,sweep_4420,281,2962.82,0.5912900940150452,0.5885558086510898
scope_20260424_115654,sweep_4421,281,2962.96,0.5913040637525406,0.7581703827230499
scope_20260424_115654,sweep_4422,281,2962.82,0.5912900940150452,0.594017921025222
scope_20260424_115654,sweep_4423,281,2962.52,0.5912601577518302,0.5045799886118764
scope_20260424_115654,sweep_4424,281,2962.38,0.5912461869769406,0.5810814129741269
scope_20260424_115654,sweep_4425,281,2976.78,0.5926814558628134,0.8193043409247652
scope_20260424_115654,sweep_4426,281,2962.96,0.5913040637525406,0.8317799127403959
scope_20260424_115654,sweep_4427,281,2976.49,0.5926525854376368,0.6006277060167702
scope_20260424_115654,sweep_4428,281,2976.63,0.5926665230598596,0.6961265361137614
scope_20260424_115654,sweep_4429,281,2976.93,0.5926963882895397,0.615331825545073
scope_20260424_115654,sweep_4430,281,2976.78,0.5926814558628134,0.703241227617859
scope_20260424_115654,sweep_4431,281,2976.63,0.5926665230598596,0.7790724570384614
scope_20260424_115654,sweep_4432,281,2976.49,0.5926525854376368,0.5317439687295868
scope_20260424_115654,sweep_4433,281,2976.93,0.5926963882895397,0.7371250310716546
scope_20260424_115654,sweep_4434,281,2976.78,0.5926814558628134,0.5966477085913316
scope_20260424_115654,sweep_4435,281,2962.67,0.5912751260728968,0.6062215189776212
scope_20260424_115654,sweep_4436,281,2962.82,0.607428192679073,0.8947863071539546
scope_20260424_115654,sweep_4437,281,2976.78,0.6088575290084094,0.836993979440383
scope_20260424_115654,sweep_4438,281,2976.93,0.6088728689863163,0.6998871626778359
scope_20260424_115654,sweep_4439,281,2962.67,0.6074128162164207,0.6611745116280651
scope_20260424_115654,sweep_4440,281,2962.67,0.6241974786311114,0.6380856919391811
scope_20260424_115654,sweep_4441,281,2976.78,0.625682113228917,0.5971415459774827
scope_20260424_115654,sweep_4442,281,2962.52,0.6241816768700408,0.6752319294181266
scope_20260424_115654,sweep_4443,281,2962.52,0.6241816768700408,0.6614754388881561
scope_20260424_115654,sweep_4444,281,2976.63,0.6431720618523828,0.5715307723510741
scope_20260424_115654,sweep_4445,281,2962.52,0.6416458496576853,0.5454675688359193
scope_20260424_115654,sweep_4446,281,2976.78,0.6431882671909523,0.5652865905146769
scope_20260424_115654,sweep_4447,281,2962.82,0.6416783370133685,0.6617600282735931
scope_20260424_115654,sweep_4448,281,2976.78,0.6431882671909523,0.6294594898194115
scope_20260424_115654,sweep_4449,281,2962.82,0.6416783370133685,0.5284691496945317
scope_20260424_115654,sweep_4450,281,2962.96,0.6416934972164825,0.5534854644320512
scope_20260424_115654,sweep_4451,281,2977.08,0.6432206766432568,0.7020668166448354
scope_20260424_115654,sweep_4452,281,2976.78,0.6431882671909523,0.6499259240511254
scope_20260424_115654,sweep_4453,281,2962.67,0.6416620935411312,0.8463310534744191
scope_20260424_115654,sweep_4454,281,2976.63,0.6431720618523828,0.5650407838955365
scope_20260424_115654,sweep_4455,281,2976.49,0.6431569365013236,0.6181666749595609
scope_20260424_115654,sweep_4456,281,2976.93,0.6432044721212334,0.550869209131583
scope_20260424_115654,sweep_4457,281,2962.96,0.6416934972164825,0.6993116055346649
scope_20260424_115654,sweep_4458,281,2962.82,0.6416783370133685,0.5281773543045004
scope_20260424_115654,sweep_4459,281,2962.67,0.6416620935411312,0.6044461225762737
scope_20260424_115654,sweep_4460,281,2976.63,0.6431720618523828,0.867491780347125
scope_20260424_115654,sweep_4461,281,2976.49,0.6256516352909697,1.00211228983107
scope_20260424_115654,sweep_4462,281,2976.93,0.6256978770970412,0.5674680598992848
scope_20260424_115654,sweep_4463,281,2976.78,0.625682113228917,0.5599608933882338
scope_20260424_115654,sweep_4464,281,2976.78,0.625682113228917,0.8247803587491254
scope_20260424_115654,sweep_4465,281,2976.93,0.6256978770970412,0.6568955590919139
scope_20260424_115654,sweep_4466,281,2962.52,0.6241816768700408,0.6288180995130734
scope_20260424_115654,sweep_4467,281,2976.63,0.6088421886440067,0.5760766763943345
scope_20260424_115654,sweep_4468,281,2962.82,0.607428192679073,0.5238418258018505
scope_20260424_115654,sweep_4469,281,2976.34,0.6088125295101228,0.5468616921293846
scope_20260424_115654,sweep_4470,281,2977.08,0.6088882085777566,0.5783115504089283
scope_20260424_115654,sweep_4471,281,2962.82,0.607428192679073,0.5912896008061306
scope_20260424_115654,sweep_4472,281,2962.67,0.6074128162164207,0.7063694016492024
scope_20260424_115654,sweep_4473,281,2962.82,0.5912900940150452,0.52081839555642
scope_20260424_115654,sweep_4474,281,2976.78,0.5926814558628134,0.547366938302714
scope_20260424_115654,sweep_4475,281,2962.52,0.5912601577518302,0.6199360971638116
scope_20260424_115654,sweep_4476,281,2976.78,0.5926814558628134,0.6548154851041113
scope_20260424_115654,sweep_4477,281,2962.82,0.5912900940150452,0.8082984197964506
scope_20260424_115654,sweep_4478,281,2976.49,0.5926525854376368,1.0584432314089456
scope_20260424_115654,sweep_4479,281,2976.78,0.5926814558628134,0.6358039613144704
scope_20260424_115654,sweep_4480,281,2962.67,0.5912751260728968,0.59246974404434
scope_20260424_115654,sweep_4481,281,2976.63,0.5926665230598596,0.6245227793542737
scope_20260424_115654,sweep_4482,281,2977.08,0.5927113203400672,0.7519235651154677
scope_20260424_115654,sweep_4483,281,2962.96,0.5913040637525406,0.8220979842412767
scope_20260424_115654,sweep_4484,281,2962.96,0.5913040637525406,0.5511827076510882
scope_20260424_115654,sweep_4485,281,2962.82,0.5912900940150452,0.8585152957205486
scope_20260424_115654,sweep_4486,281,2976.78,0.5926814558628134,0.5896203436014359
scope_20260424_115654,sweep_4487,281,2962.82,0.5912900940150452,0.6488658623579218
scope_20260424_115654,sweep_4488,281,2976.93,0.5926963882895397,0.6318838576276673
scope_20260424_115654,sweep_4489,281,2962.96,0.5913040637525406,0.8339508062449078
scope_20260424_115654,sweep_4490,281,2976.78,0.6088575290084094,0.6526236623924175
scope_20260424_115654,sweep_4491,281,2962.52,0.6073974393645083,1.0027236129838693
scope_20260424_115654,sweep_4492,281,2976.49,0.6088278706218333,0.7799466835337602
scope_20260424_115654,sweep_4493,281,2977.08,0.6088882085777566,0.8262949936022502
scope_20260424_115654,sweep_4494,281,2976.78,0.625682113228917,0.5772080882454304
scope_20260424_115654,sweep_4495,281,2962.67,0.6241974786311114,0.7408029864424035
scope_20260424_115654,sweep_4496,281,2962.82,0.6242132799921654,0.6716602684341901
scope_20260424_115654,sweep_4497,281,2962.82,0.6242132799921654,0.6145270253923498
scope_20260424_115654,sweep_4498,281,2976.78,0.6431882671909523,0.5266242824377828
scope_20260424_115654,sweep_4499,281,2962.82,0.6416783370133685,0.5097671299023167
scope_20260424_115654,sweep_4500,281,2976.63,0.6431720618523828,0.6507126901160648
scope_20260424_115654,sweep_4501,281,2962.67,0.6416620935411312,0.5851570803264025
scope_20260424_115654,sweep_4502,281,2962.96,0.6416934972164825,0.6321773657205616
scope_20260424_115654,sweep_4503,281,2962.67,0.6416620935411312,0.7588612848392048
scope_20260424_115654,sweep_4504,281,2962.82,0.6416783370133685,0.5581064798330946
scope_20260424_115654,sweep_4505,281,2962.67,0.6416620935411312,0.653367550494348
scope_20260424_115654,sweep_4506,281,2976.93,0.6432044721212334,0.6516037984519015
scope_20260424_115654,sweep_4507,281,2962.52,0.6416458496576853,0.8162551865009802
scope_20260424_115654,sweep_4508,281,2962.82,0.6416783370133685,0.6567746565612341
scope_20260424_115654,sweep_4509,281,2976.93,0.6432044721212334,0.5700788085071005
scope_20260424_115654,sweep_4510,281,2976.93,0.6432044721212334,0.5661289730856577
scope_20260424_115654,sweep_4511,281,2962.82,0.6416783370133685,0.5951899165409648
scope_20260424_115654,sweep_4512,281,2976.78,0.6431882671909523,0.5678859232970023
scope_20260424_115654,sweep_4513,281,2976.78,0.6431882671909523,0.663361626224085
scope_20260424_115654,sweep_4514,281,2976.63,0.6431720618523828,0.6670705060912192
scope_20260424_115654,sweep_4515,281,2976.49,0.6256516352909697,0.5349290617508463
scope_20260424_115654,sweep_4516,281,2962.67,0.6241974786311114,0.5395790480104943
scope_20260424_115654,sweep_4517,281,2976.49,0.6256516352909697,0.6489399685053818
scope_20260424_115654,sweep_4518,281,2962.52,0.6241816768700408,0.5421590662634891
scope_20260424_115654,sweep_4530,283,2647.49,0.5589399266908183,0.5175360144694943
scope_20260424_115654,sweep_4531,283,2647.49,0.5589399266908183,0.6076254568063528
scope_20260424_115654,sweep_4532,283,2647.49,0.5589399266908183,0.49744236575860246
scope_20260424_115654,sweep_4533,283,2647.37,0.5442546218479334,0.47618291467156165
scope_20260424_115654,sweep_4534,283,2647.37,0.5442546218479334,0.5602730709426478
scope_20260424_115654,sweep_4535,283,2647.6,0.5442782633948848,0.6460242234841768
scope_20260424_115654,sweep_4536,283,2647.72,0.5442905977073862,0.6625718003745091
scope_20260424_115654,sweep_4537,283,2647.6,0.5442782633948848,0.4775700366833734
scope_20260424_115654,sweep_4538,283,2647.37,0.5442546218479334,0.5194607072620716
scope_20260424_115654,sweep_4539,283,2647.49,0.5589399266908183,0.5737806475618943
scope_20260424_115654,sweep_4540,284,2439.82,0.5365705876654359,0.5240248990808931
scope_20260424_115654,sweep_4551,286,2270.66,0.5464575427129066,0.5505470033927057
scope_20260424_115654,sweep_4552,286,2270.66,0.5464575427129066,0.5812966938659555
scope_20260424_115654,sweep_4553,286,2270.83,0.5464779984490266,0.7470987368145772
scope_20260424_115654,sweep_4554,286,2270.75,0.5617581804448438,0.5958473086989541
scope_20260424_115654,sweep_4555,286,2270.66,0.5617470478372885,0.5529912412115411
scope_20260424_115654,sweep_4556,286,2270.75,0.5617581804448438,0.5905323039546122
scope_20260424_115654,sweep_4557,286,2270.75,0.5617581804448438,0.5482264201573017
scope_20260424_115654,sweep_4558,286,2270.66,0.5617470478372885,0.6949340800328194
scope_20260424_115654,sweep_4559,286,2270.83,0.5617680759107957,0.4676721493796062
scope_20260424_115654,sweep_4560,286,2270.92,0.5617792081016442,0.42502996227806045
scope_20260424_115654,sweep_4572,288,1896.93,0.4860354691734533,0.4067410833475868
scope_20260424_115654,sweep_4573,288,1896.93,0.4860354691734533,0.42433183554522946
scope_20260424_115654,sweep_4574,288,1897.05,0.486050842258894,0.39304338958774787
scope_20260424_115654,sweep_4575,288,1896.69,0.4860047215437479,0.47022526028891654
scope_20260424_115654,sweep_4576,288,1891.07,0.47239117089806293,0.37491102600373255
scope_20260424_115654,sweep_4577,288,1896.99,0.47313000407039735,0.4561301524146104
scope_20260424_115654,sweep_4578,288,1896.87,0.47311503917907055,0.3957137389466626
scope_20260424_115654,sweep_4579,288,1896.81,0.4731075565558988,0.48259733642391506
scope_20260424_115654,sweep_4580,288,1896.87,0.47311503917907055,0.4851386360094344
scope_20260424_115654,sweep_4581,288,1896.99,0.460709666889661,0.4664213367352874
scope_20260424_115654,sweep_4582,288,1896.87,0.460695094848068,0.4050151982121015
scope_20260424_115654,sweep_4583,289,1714.04,0.4379305882936882,0.39965335732578416
scope_20260424_115654,sweep_4584,289,1709.3,0.43732464325376175,0.4494661758421629
scope_20260424_115654,sweep_4585,289,1709.3,0.43732464325376175,0.39565080441597317
scope_20260424_115654,sweep_4586,289,1709.5,0.43735022751933805,0.40074051093672086
scope_20260424_115654,sweep_4587,289,1709.26,0.4373195262210375,0.35670683486604954
scope_20260424_115654,sweep_4588,289,1709.35,0.4373310394604717,0.4032317666175961
scope_20260424_115654,sweep_4589,289,1709.26,0.4373195262210375,0.36363867848688436
scope_20260424_115654,sweep_4590,289,1709.3,0.43732464325376175,0.4124895830957341
scope_20260424_115654,sweep_4591,289,1709.35,0.4373310394604717,0.4514231083542457
scope_20260424_115654,sweep_4592,289,1709.35,0.4373310394604717,0.5886261141470583
scope_20260424_115654,sweep_4604,291,1309.9,0.4038884020833763,0.44539418908036066
scope_20260424_115654,sweep_4605,291,1332.27,0.40732253270758084,0.37859314688066475
scope_20260424_115654,sweep_4606,291,1332.27,0.41857809239099325,0.38573402994333084
scope_20260424_115654,sweep_4607,291,1332.33,0.418587517808808,0.45704172634892204
scope_20260424_115654,sweep_4608,291,1332.24,0.4185733796024955,0.43665033900708894
scope_20260424_115654,sweep_4609,291,1332.21,0.418568666760935,0.40089427432538577
scope_20260424_115654,sweep_4610,291,1332.36,0.41859223043812854,0.3734439225302354
scope_20260424_115654,sweep_4611,291,1332.27,0.43028961870060156,0.5108690062916917
scope_20260424_115654,sweep_4612,291,1332.3,0.4302944632951255,0.372641240512901
scope_20260424_115654,sweep_4613,291,1332.33,0.43029930783510556,0.4496039848133755
scope_20260424_115654,sweep_4614,291,1332.3,0.4302944632951255,0.3632370652171495
scope_20260424_115654,sweep_4615,292,1147.84,0.39939757300858847,0.42064746123007596
scope_20260424_115654,sweep_4616,292,1143.73,0.3986818826302668,0.45024607438525444
scope_20260424_115654,sweep_4617,292,1143.64,0.3986661962028146,0.3508211171471204
scope_20260424_115654,sweep_4618,292,1143.64,0.3986661962028146,0.42938910592858537
scope_20260424_115654,sweep_4619,292,1143.71,0.39867839681083783,0.44038160853446723
scope_20260424_115654,sweep_4620,292,1143.66,0.3986696821289212,0.3804597175260108
scope_20260424_115654,sweep_4621,292,1143.69,0.3878238666740628,0.44165319640697376
scope_20260424_115654,sweep_4622,292,1143.71,0.3878272576468893,0.31350917748697726
scope_20260424_115654,sweep_4623,292,1143.88,0.3878560797189246,0.4144915816795046
scope_20260424_115654,sweep_4624,292,1143.64,0.3878153891122781,0.30035786536295844
scope_20260424_115654,sweep_4625,293,932.81,0.33450970360536014,0.43390899874421474
scope_20260424_115654,sweep_4626,294,955.75,0.33214528043661046,0.3222338827205826
scope_20260424_115654,sweep_4627,294,957.14,0.3325461683948864,0.35578471161463926
scope_20260424_115654,sweep_4628,294,957.14,0.3325461683948864,0.25929353166478925
scope_20260424_115654,sweep_4629,294,955.69,0.32330402696972815,0.32944019156890414
scope_20260424_115654,sweep_4630,294,957.18,0.3237223395355603,0.33699140750489714
scope_20260424_115654,sweep_4631,294,957.2,0.32372795371606156,0.271029046791992
scope_20260424_115654,sweep_4632,294,955.78,0.3233292973162862,0.24570654341532366
scope_20260424_115654,sweep_4633,294,957.14,0.3152132329108416,0.4188850173762011
scope_20260424_115654,sweep_4634,294,957.23,0.3152378335338529,0.28153949407424145
scope_20260424_115654,sweep_4635,294,957.15,0.31521596633281723,0.19356554179757998
scope_20260424_115654,sweep_4646,296,569.24,0.19946905091732745,0.15203990727500263
scope_20260424_115654,sweep_4647,296,598.81,0.20803204476694995,0.18589249730833263
scope_20260424_115654,sweep_4648,296,605.8,0.2100456173270806,0.17286613031005565
scope_20260424_115654,sweep_4649,296,611.18,0.2115927155764313,0.18863217925717904
scope_20260424_115654,sweep_4650,296,616.62,0.21315471549904888,0.19417243866536749
scope_20260424_115654,sweep_4651,296,620.92,0.2143877268661181,0.19930392806146266
scope_20260424_115654,sweep_4652,296,625.89,0.21581105191683866,0.17693581002831812
scope_20260424_115654,sweep_4653,296,629.69,0.21689801227363673,0.1717869847081136
scope_20260424_115654,sweep_4654,296,634.86,0.22419065973023816,0.17651171649550632
scope_20260424_115654,sweep_4655,296,639.43,0.22552931506895674,0.20587336499720382
scope_20260424_115654,sweep_4656,296,642.03,0.2262901869663404,0.13181751460927646
scope_20260424_115654,sweep_4658,298,461.19,0.17195511787872073,0.16922916175029817
scope_20260424_115654,sweep_4659,298,469.91,0.17464935842731744,0.1518786038840281
scope_20260424_115654,sweep_4660,298,478.98,0.18222644156647444,0.16441248438021205
scope_20260424_115654,sweep_4661,298,485.66,0.18433330418985885,0.16717934024216313
scope_20260424_115654,sweep_4662,298,492.98,0.18663637422032683,0.15432296000887544
scope_20260424_115654,sweep_4663,298,499.32,0.18862641372675354,0.18382572499395647
scope_20260424_115654,sweep_4664,298,503.39,0.18990166568369657,0.1818165685329061
scope_20260424_115654,sweep_4665,298,509.96,0.19719562915474975,0.16910870671883005
scope_20260424_115654,sweep_4666,298,515.46,0.19895925032466952,0.1939386298399264
scope_20260424_115654,sweep_4667,299,365.76,0.1496563553579868,0.1763467999891346
scope_20260424_115654,sweep_4668,299,366.83,0.15001964493979994,0.17550578779073112
scope_20260424_115654,sweep_4669,299,366.62,0.14994835933943135,0.16094036635652267
scope_20260424_115654,sweep_4670,299,366.63,0.15409537680956104,0.13138346768830797
scope_20260424_115654,sweep_4671,299,366.61,0.1540883997615393,0.12229142936913505
scope_20260424_115654,sweep_4672,299,366.62,0.15409188829363824,0.158206462471134
scope_20260424_115654,sweep_4673,299,374.78,0.15693318459303937,0.14960138532954548
scope_20260424_115654,sweep_4674,299,383.1,0.15981938542334734,0.20464584801741484
scope_20260424_115654,sweep_4675,299,390.29,0.16230501233653485,0.18574162006992861
scope_20260424_115654,sweep_4676,299,397.55,0.16941813748280077,0.19278062024342812
scope_20260424_115654,sweep_4677,299,403.19,0.17141066438997282,0.14714316308018455
scope_20260424_115654,sweep_4678,299,366.41,0.15401862572177902,0.17955699708306197
scope_20260424_115654,sweep_4679,299,366.62,0.15409188829363824,0.17778450572870572
scope_20260424_115654,sweep_4680,299,366.41,0.15401862572177902,0.19001621109105096
scope_20260424_115654,sweep_4681,299,366.84,0.15416863190816937,0.13312814593747593
scope_20260424_115654,sweep_4682,299,366.41,0.15401862572177902,0.18349432020680573
scope_20260424_115654,sweep_4683,299,365.98,0.1538685896056683,0.13301047590080112
scope_20260424_115654,sweep_4684,299,366.6,0.15408491121326373,0.1300606398349289
scope_20260424_115654,sweep_4685,299,365.34,0.14951370635363465,0.17565416380056337
scope_20260424_115654,sweep_4686,299,366.17,0.14979558109991908,0.12795042167200105
scope_20260424_115654,sweep_4687,299,365.97,0.14972766941640164,0.1459707624242262
scope_20260424_115654,sweep_4688,299,365.98,0.14973106515039566,0.1453615484635064
scope_20260424_115654,sweep_4689,299,366.4,0.14589184124509186,0.17256809671458193
scope_20260424_115654,sweep_4690,299,365.55,0.1456108723357516,0.1467685530195788
scope_20260424_115654,sweep_4691,299,366.84,0.14603724043855093,0.16768337531066502
scope_20260424_115654,sweep_4692,299,365.75,0.14185276389146378,0.19096655080720412
scope_20260424_115654,sweep_4693,299,366.18,0.14199117043824844,0.12265918433948696
scope_20260424_115654,sweep_4694,299,366.18,0.14199117043824844,0.1762037506679618
scope_20260424_115654,sweep_4695,299,366.4,0.1383768266806968,0.15320002306005642
scope_20260424_115654,sweep_4696,299,365.99,0.13824829470747535,0.14612789524059902
scope_20260424_115654,sweep_4697,299,365.98,0.13824515947560825,0.19258490612703466
scope_20260424_115654,sweep_4698,299,366.39,0.13837369204552782,0.17079410487194563
scope_20260424_115654,sweep_4699,300,537.42,0.18529452799772422,0.13940400317984183
scope_20260424_115654,sweep_4700,301,365.76,0.13463406946065382,0.18400660683228628
scope_20260424_115654,sweep_4701,301,364.9,0.13437127138783844,0.1534293601238548
scope_20260424_115654,sweep_4702,301,365.74,0.1346279590714891,0.13763964638205567
scope_20260424_115654,sweep_4703,301,365.76,0.13463406946065382,0.12126604682241451
scope_20260424_115654,sweep_4704,301,365.97,0.13469822511826807,0.13926887671599142
scope_20260424_115654,sweep_4705,301,365.98,0.13470127999345416,0.14728155045917712
scope_20260424_115654,sweep_4706,301,366.2,0.1347684836582681,0.1622246120988274
scope_20260424_115654,sweep_4707,301,365.76,0.13463406946065382,0.1794192532908713
scope_20260424_115654,sweep_4708,301,366.2,0.1347684836582681,0.11928188734717625
scope_20260424_115654,sweep_4709,301,366.19,0.13476542909515846,0.1544984418887462
scope_20260424_115654,sweep_4710,301,365.96,0.1346951702288914,0.13595447496346044
scope_20260424_115654,sweep_4711,301,366.4,0.13482957194324727,0.18324391717736263
scope_20260424_115654,sweep_4712,301,366.19,0.13831099628722401,0.155882887673834
scope_20260424_115654,sweep_4713,301,365.98,0.13824515947560825,0.17131031115285197
scope_20260424_115654,sweep_4714,301,366.39,0.13837369204552782,0.14557690990125965
scope_20260424_115654,sweep_4715,301,366.41,0.13837996130132194,0.1613431534922889
scope_20260424_115654,sweep_4716,301,366.2,0.13831413121336755,0.19005068733964905
scope_20260424_115654,sweep_4717,301,366.4,0.1383768266806968,0.1820414352812017
scope_20260424_115654,sweep_4718,301,365.76,0.14185598296242516,0.19372001298994304
scope_20260424_115654,sweep_4719,302,171.54,0.07566901679314804,0.11338893594531783
scope_20260424_115654,sweep_4720,302,171.54,0.07566901679314804,0.07522063178711585
scope_20260424_115654,sweep_4721,302,171.54,0.07566901679314804,0.11051897083325538
scope_20260424_115654,sweep_4722,302,171.54,0.07566901679314804,0.10316295052655096
scope_20260424_115654,sweep_4723,302,171.54,0.07566901679314804,0.0973821324708506
scope_20260424_115654,sweep_4724,302,171.54,0.0777089885372851,0.09815476186681685
scope_20260424_115654,sweep_4725,302,171.54,0.0777089885372851,0.10085068218578583
scope_20260424_115654,sweep_4726,302,171.54,0.0777089885372851,0.10007589785993208
scope_20260424_115654,sweep_4727,302,171.54,0.0777089885372851,0.08797402986671236
scope_20260424_115654,sweep_4728,302,171.54,0.0777089885372851,0.08262097514640224
scope_20260424_115654,sweep_4729,302,171.54,0.0777089885372851,0.11112501531104632
scope_20260424_115654,sweep_4730,302,171.54,0.0777089885372851,0.11745882526225519
scope_20260424_115654,sweep_4731,302,171.54,0.0777089885372851,0.09566284731304368
scope_20260424_115654,sweep_4732,302,171.54,0.0777089885372851,0.09799056072056611
scope_20260424_115654,sweep_4733,302,171.54,0.0777089885372851,0.09194113463141934
scope_20260424_115654,sweep_4734,302,171.54,0.0777089885372851,0.09298502749835667
scope_20260424_115654,sweep_4735,302,171.54,0.0777089885372851,0.0917729262237864
scope_20260424_115654,sweep_4736,302,171.54,0.07566901679314804,0.09080794436606278
scope_20260424_115654,sweep_4737,302,171.54,0.07566901679314804,0.0896674352503884
scope_20260424_115654,sweep_4738,302,171.54,0.07566901679314804,0.09226566569686712
scope_20260424_115654,sweep_4739,302,171.54,0.07566901679314804,0.10875130004359053
scope_20260424_115654,sweep_4740,302,171.54,0.07370613151897495,0.09301742808084278
scope_20260424_115654,sweep_4741,302,171.54,0.07370613151897495,0.08506453327587522
scope_20260424_115654,sweep_4742,302,171.54,0.07370613151897495,0.09084592344119732
scope_20260424_115654,sweep_4743,302,171.54,0.07370613151897495,0.1171757597429419
scope_20260424_115654,sweep_4744,302,171.54,0.07181669359442228,0.05891526260869084
scope_20260424_115654,sweep_4745,302,171.54,0.07181669359442228,0.08633277464955197
scope_20260424_115654,sweep_4746,302,171.54,0.07181669359442228,0.08347902033930159
scope_20260424_115654,sweep_4747,302,171.54,0.06999726652280583,0.08227940673511568
scope_20260424_115654,sweep_4748,302,171.54,0.06999726652280583,0.0891571286661971
scope_20260424_115654,sweep_4749,302,171.54,0.06999726652280583,0.08471381518786479
scope_20260424_115654,sweep_4750,302,171.54,0.06824460357004973,0.08806342285111209
scope_20260424_115654,sweep_4751,302,171.54,0.06824460357004973,0.10202403909924768
scope_20260424_115654,sweep_4752,302,171.54,0.06824460357004973,0.09106485191662186
scope_20260424_115654,sweep_4753,302,171.54,0.06655563581383227,0.14038234027808472
scope_20260424_115654,sweep_4754,302,171.54,0.06655563581383227,0.09640756468738933
scope_20260424_115654,sweep_4755,302,171.54,0.06655563581383227,0.1004482976146406
scope_20260424_115654,sweep_4756,302,171.54,0.06492746103220857,0.08874639567226147
scope_20260424_115654,sweep_4757,302,171.54,0.06492746103220857,0.09157526756468137
scope_20260424_115654,sweep_4758,302,171.54,0.06492746103220857,0.13932713823326473
scope_20260424_115654,sweep_4759,302,171.54,0.06492746103220857,0.08630743633570186
scope_20260424_115654,sweep_4760,302,171.54,0.06335733336696,0.09646341202713964
scope_20260424_115654,sweep_4761,302,171.54,0.06335733336696,0.07053556686774996
scope_20260424_115654,sweep_4762,302,171.54,0.06335733336696,0.11518353018209888
scope_20260424_115654,sweep_4763,302,171.54,0.06335733336696,0.10095362847765725
scope_20260424_115654,sweep_4764,302,171.54,0.06335733336696,0.11019645244913077
scope_20260424_115654,sweep_4765,302,171.54,0.06335733336696,0.11457812174493079
scope_20260424_115654,sweep_4766,302,171.54,0.06335733336696,0.0773809767927659
scope_20260424_115654,sweep_4767,302,171.54,0.06335733336696,0.069890493827087
scope_20260424_115654,sweep_4768,302,171.54,0.06335733336696,0.1021411463420749
scope_20260424_115654,sweep_4769,302,171.54,0.06335733336696,0.09532093174876771
scope_20260424_115654,sweep_4770,302,171.54,0.06335733336696,0.08116999909451597
scope_20260424_115654,sweep_4771,302,171.54,0.06335733336696,0.08379165237197482
scope_20260424_115654,sweep_4824,304,519.34,0.1628283813262587,0.22371686942214541
scope_20260424_115654,sweep_4825,304,508.71,0.16005729083193096,0.36745789037781884
scope_20260424_115654,sweep_4826,304,512.87,0.16114290521749566,0.35104447881942386
scope_20260424_115654,sweep_4827,304,518.48,0.16260455248821543,0.2842234112360812
scope_20260424_115654,sweep_4828,304,523.66,0.16395178020609535,0.23832227197052164
scope_20260424_115654,sweep_4829,304,527.71,0.1650035364846898,0.2111069179437204
scope_20260424_115654,sweep_4830,304,532.7,0.1662975196942901,0.27383827193826443
scope_20260424_115654,sweep_4831,304,537.71,0.1675946178432686,0.207251057397208
scope_20260424_115654,sweep_4832,304,540.5,0.1683160625550734,0.23102123915354536
scope_20260424_115654,sweep_4833,304,542.9,0.16893615370947138,0.17693702025664898
scope_20260424_115654,sweep_4834,304,547.2,0.17004598694690995,0.1723197275753305
scope_20260424_115654,sweep_4835,305,761.54,0.22372272000126797,0.2737021581111265
scope_20260424_115654,sweep_4836,306,738.01,0.2179700370983589,0.3556606770205533
scope_20260424_115654,sweep_4837,306,735.38,0.2227749504437659,0.25799182071877386
scope_20260424_115654,sweep_4838,306,734.56,0.2225687509166239,0.17528299376830905
scope_20260424_115654,sweep_4839,306,731.87,0.22189204084111022,0.3871491054922223
scope_20260424_115654,sweep_4840,306,730.26,0.22148681883985966,0.29202605031700357
scope_20260424_115654,sweep_4841,306,728.51,0.22665562840987424,0.26776820471831175
scope_20260424_115654,sweep_4842,306,726.82,0.226219131179618,0.22809309663385033
scope_20260424_115654,sweep_4843,306,726.02,0.2260124451191405,0.22622073231184714
scope_20260424_115654,sweep_4844,306,724.24,0.22555242963902913,0.23876101132179203
scope_20260424_115654,sweep_4845,306,723.45,0.23113561313171438,0.2931074162021403
scope_20260424_115654,sweep_4846,307,906.93,0.2788329036316785,0.4320523431944475
scope_20260424_115654,sweep_4847,307,900.35,0.2771527741803646,0.27161520223654856
scope_20260424_115654,sweep_4848,307,893.92,0.2755089278442111,0.353344120700886
scope_20260424_115654,sweep_4849,307,891.31,0.2819849996689588,0.30699194775159633
scope_20260424_115654,sweep_4850,307,885.06,0.2803428421094621,0.3141760160876809
scope_20260424_115654,sweep_4851,307,879.98,0.27900664395024377,0.3118185590826216
scope_20260424_115654,sweep_4852,307,873.79,0.2846742592422925,0.35680166914682465
scope_20260424_115654,sweep_4853,307,870.04,0.2836598594483222,0.3054741893146548
scope_20260424_115654,sweep_4854,307,865.33,0.28238471941332427,0.2657804379354261
scope_20260424_115654,sweep_4855,307,861.71,0.28140387358560365,0.3362005741921901
scope_20260424_115654,sweep_4856,308,1072.64,0.33744836258644123,0.4123770816198726
scope_20260424_115654,sweep_4857,309,1040.37,0.33233359169275,0.3245295689472503
scope_20260424_115654,sweep_4858,309,1031.76,0.3309555545523523,0.3097442672983197
scope_20260424_115654,sweep_4859,309,1023.16,0.32957336605087006,0.3029013022316205
scope_20260424_115654,sweep_4860,309,1014.95,0.32824842803510523,0.26162577399167425
scope_20260424_115654,sweep_4861,309,1008.32,0.3271745560235508,0.2896034028925124
scope_20260424_115654,sweep_4862,309,1006.73,0.32691649668614225,0.3344825062410019
scope_20260424_115654,sweep_4863,309,1000.27,0.3258659273335133,0.31728620389021245
scope_20260424_115654,sweep_4864,309,992.29,0.31636642082124833,0.42667239782609456
scope_20260424_115654,sweep_4865,309,987.54,0.31510894260020994,0.251816285898396
scope_20260424_115654,sweep_4866,309,981.37,0.3134740078263768,0.3615633930736109
scope_20260424_115654,sweep_4867,310,1162.95,0.35136690444702445,0.3352751234326065
scope_20260424_115654,sweep_4868,310,1156.36,0.3503699581013629,0.3259729531601948
scope_20260424_115654,sweep_4877,312,1355.5,0.3602529574772319,0.3066266375893925
scope_20260424_115654,sweep_4878,313,1335.02,0.3485691236196217,0.294744973247667
scope_20260424_115654,sweep_4879,313,1335.02,0.3485691236196217,0.3243822159391775
scope_20260424_115654,sweep_4880,313,1334.99,0.34856520714928574,0.3238129657556382
scope_20260424_115654,sweep_4881,313,1335.08,0.3485769564282821,0.31840468775427827
scope_20260424_115654,sweep_4882,313,1335.08,0.3485769564282821,0.3502638801737661
scope_20260424_115654,sweep_4883,313,1335.11,0.33995393636814936,0.4271525932749155
scope_20260424_115654,sweep_4884,313,1335.11,0.33995393636814936,0.30254008308086283
scope_20260424_115654,sweep_4885,313,1335.08,0.3399501169542499,0.30042520417164004
scope_20260424_115654,sweep_4886,313,1335.08,0.3399501169542499,0.3186537757506206
scope_20260424_115654,sweep_4887,313,1335.17,0.33996157506721675,0.4394702554697525
scope_20260424_115654,sweep_4888,314,1521.14,0.36286588794593305,0.4073204891246457
scope_20260424_115654,sweep_4889,314,1521.41,0.36289809058427736,0.29270452653393203
scope_20260424_115654,sweep_4890,314,1524.86,0.36330931748820094,0.4403597170078024
scope_20260424_115654,sweep_4891,314,1521.3,0.3628849713358381,0.4088793711499297
scope_20260424_115654,sweep_4892,314,1521.26,0.36288020058244663,0.5278214155351518
scope_20260424_115654,sweep_4893,314,1525.01,0.3633271863605863,0.49603134413219746
scope_20260424_115654,sweep_4894,314,1521.26,0.36288020058244663,0.3681746474609956
scope_20260424_115654,sweep_4895,314,1521.26,0.36288020058244663,0.4050911439296435
scope_20260424_115654,sweep_4896,314,1521.3,0.37209382357363385,0.39000436858423904
scope_20260424_115654,sweep_4897,314,1521.26,0.3720889317538811,0.4280765652707504
scope_20260424_115654,sweep_4898,314,1521.3,0.37209382357363385,0.35312931925113983
scope_20260424_115654,sweep_4899,315,1714.04,0.39496217416171947,0.4744699322665671
scope_20260424_115654,sweep_4900,315,1709.55,0.4045746783516882,0.4112037935099256
scope_20260424_115654,sweep_4901,315,1709.21,0.4045344448894706,0.38010577418040814
scope_20260424_115654,sweep_4902,315,1713.89,0.4050878956101831,0.5562726799065101
scope_20260424_115654,sweep_4903,315,1709.26,0.4045403618260443,0.40476704211115655
scope_20260424_115654,sweep_4904,315,1714.19,0.4156536498622198,0.5142766722899375
scope_20260424_115654,sweep_4905,315,1713.99,0.415629401338166,0.43740917785717726
scope_20260424_115654,sweep_4906,315,1709.35,0.4150664379070789,0.38823286074827934
scope_20260424_115654,sweep_4907,315,1713.89,0.4156172765456111,0.5025883126032835
scope_20260424_115654,sweep_4908,315,1713.99,0.42656426778972384,0.44763454630334926
scope_20260424_115654,sweep_4909,316,1920.25,0.4515015212137919,0.46026643354772323
scope_20260424_115654,sweep_4910,316,1902.71,0.44943473199237627,0.49870856136793934
scope_20260424_115654,sweep_4911,316,1896.93,0.4487515725557408,0.4623331471729928
scope_20260424_115654,sweep_4912,316,1896.81,0.448737378294388,0.46577045199060724
scope_20260424_115654,sweep_4913,316,1902.71,0.461403733742287,0.389895926496464
scope_20260424_115654,sweep_4914,316,1896.87,0.460695094848068,0.42603686882917885
scope_20260424_115654,sweep_4915,316,1896.81,0.460687808654423,0.5056434268965128
scope_20260424_115654,sweep_4916,316,1896.93,0.46070238092647875,0.4330376650775644
scope_20260424_115654,sweep_4917,316,1902.59,0.4613891836213885,0.5542358789735169
scope_20260424_115654,sweep_4918,316,1896.87,0.460695094848068,0.5318007340127012
scope_20260424_115654,sweep_4919,316,1902.59,0.4613891836213885,0.5931238563081084
scope_20260424_115654,sweep_4920,317,2087.76,0.4707828322161804,0.4643890200484151
scope_20260424_115654,sweep_4921,317,2087.68,0.4707738122648021,0.5650382978071362
scope_20260424_115654,sweep_4922,317,2081.02,0.47002229427745523,0.41548394330089383
scope_20260424_115654,sweep_4923,317,2080.8,0.4699974488560249,0.42006705788063414
scope_20260424_115654,sweep_4924,317,2087.68,0.4707738122648021,0.4996912798847709
scope_20260424_115654,sweep_4925,317,2080.73,0.46998954321922193,0.48011013582430967
scope_20260424_115654,sweep_4926,317,2087.9,0.470798616715264,0.4291074349125856
scope_20260424_115654,sweep_4927,317,2087.76,0.4707828322161804,0.43848334226324337
scope_20260424_115654,sweep_4928,317,2080.95,0.45796568980557223,0.4309424587491173
scope_20260424_115654,sweep_4929,317,2087.83,0.45872212411660007,0.46779037388772404
scope_20260424_115654,sweep_4930,318,2295.86,0.48103294409755293,0.45369877257430763
scope_20260424_115654,sweep_4931,318,2270.92,0.4784130716655422,0.47257492934590933
scope_20260424_115654,sweep_4932,318,2270.75,0.47839516444196634,0.4791668845141685
scope_20260424_115654,sweep_4933,318,2270.66,0.4783856838757592,0.4990665899384051
scope_20260424_115654,sweep_4934,318,2279.03,0.46712468165351817,0.6390453160582034
scope_20260424_115654,sweep_4935,318,2279.03,0.46712468165351817,0.4774806392050961
scope_20260424_115654,sweep_4936,318,2270.66,0.46626610804520463,0.47885530548155264
scope_20260424_115654,sweep_4937,318,2278.94,0.4671154580723424,0.45572476392616723
scope_20260424_115654,sweep_4938,318,2278.86,0.46710725918061985,0.4867719659919582
scope_20260424_115654,sweep_4939,318,2270.75,0.46627534842771706,0.45089235830552793
scope_20260424_115654,sweep_4940,318,2279.03,0.46712468165351817,0.5711963055961804
scope_20260424_115654,sweep_4951,320,2670.11,0.4929576438150962,0.49621690887672043
scope_20260424_115654,sweep_4956,323,2647.37,0.5034601668725315,0.5994027319815611
scope_20260424_115654,sweep_4957,324,2658.75,0.5045410948905346,0.5337599532561497
scope_20260424_115654,sweep_4958,325,2647.37,0.5034601668725315,0.5529024635606204
scope_20260424_115654,sweep_4959,325,2647.49,0.5165582284420472,0.5876850067144752
scope_20260424_115654,sweep_4960,325,2647.49,0.5165582284420472,0.6370934354545635
scope_20260424_115654,sweep_4961,325,2647.37,0.5165465215631102,0.550720689067064
scope_20260424_115654,sweep_4962,326,2827.92,0.5479158839325871,0.47883060380837567
scope_20260424_115654,sweep_4963,326,2840.77,0.5491593312392031,0.5147615307394978
scope_20260424_115654,sweep_4964,326,2841.18,0.5491989590870037,0.5044966936678658
scope_20260424_115654,sweep_4965,326,2840.91,0.5491728630209316,0.47117459725618127
scope_20260424_115654,sweep_4966,326,2840.77,0.5491593312392031,0.5664421596957246
scope_20260424_115654,sweep_4967,326,2841.04,0.5638109138758961,0.5712935454277859
scope_20260424_115654,sweep_4968,326,2828.19,0.5625344128309615,0.6089969633198904
scope_20260424_115654,sweep_4969,326,2840.77,0.5637841221792441,0.5184031580139912
scope_20260424_115654,sweep_4970,326,2840.91,0.5637980143290253,0.6577700710147097
scope_20260424_115654,sweep_4971,326,2840.91,0.5637980143290253,0.5726241175761608
scope_20260424_115654,sweep_4972,326,2840.77,0.5637841221792441,0.49263978176751877
scope_20260424_115654,sweep_4973,327,2962.82,0.5757678860043196,0.5990571811107365
scope_20260424_115654,sweep_4974,327,2976.93,0.5771372630490585,0.6054055420224875
scope_20260424_115654,sweep_4975,327,2976.63,0.5771081818242383,0.524531670840163
scope_20260424_115654,sweep_4976,327,2962.96,0.5757814890162881,0.5026855019090366
scope_20260424_115654,sweep_4977,327,2976.63,0.5771081818242383,0.5728820906690477
scope_20260424_115654,sweep_4978,327,2976.78,0.5771227226198238,0.5597130009781401
scope_20260424_115654,sweep_4979,327,2962.67,0.5757533109919934,0.6088386324902708
scope_20260424_115654,sweep_4980,327,2976.93,0.5771372630490585,0.6192596840859139
scope_20260424_115654,sweep_4981,327,2962.23,0.5757105554938456,0.5302865583410777
scope_20260424_115654,sweep_4982,327,2962.82,0.5757678860043196,0.5103904017329858
scope_20260424_115654,sweep_4983,327,2962.82,0.5608322313245565,0.6118670454012086
scope_20260424_115654,sweep_4984,327,2976.93,0.562166086168138,0.611719999938101
scope_20260424_115654,sweep_4985,327,2962.67,0.560818034394017,0.58003385705026
scope_20260424_115654,sweep_4986,327,2976.93,0.562166086168138,0.5007141473617385
scope_20260424_115654,sweep_4987,327,2962.67,0.560818034394017,0.5910448043552352
scope_20260424_115654,sweep_4988,327,2962.52,0.5608038371040777,0.5192808639420574
scope_20260424_115654,sweep_4989,327,2962.67,0.560818034394017,0.5723539153077554
scope_20260424_115654,sweep_4990,327,2976.93,0.562166086168138,0.5438383187798331
scope_20260424_115654,sweep_4991,327,2977.08,0.562180249055865,0.5760002202917298
scope_20260424_115654,sweep_4992,327,2976.78,0.5477413014373902,0.5529812804947994
scope_20260424_115654,sweep_4993,327,2962.82,0.5464554397966588,0.511315634797341
scope_20260424_115654,sweep_4994,327,2976.63,0.5477275009163125,0.617041853057
scope_20260424_115654,sweep_4995,327,2962.96,0.5464683502768514,0.6038653675894473
scope_20260424_115654,sweep_4996,327,2976.63,0.5477275009163125,0.5130070397650373
scope_20260424_115654,sweep_4997,327,2976.63,0.5477275009163125,0.5465550107122785
scope_20260424_115654,sweep_4998,327,2976.93,0.547755101610768,0.6265329433815973
scope_20260424_115654,sweep_4999,327,2976.78,0.5477413014373902,0.5482876117568029
scope_20260424_115654,sweep_5000,327,2962.82,0.5464554397966588,0.5306501456865018
scope_20260424_115654,sweep_5001,327,2962.67,0.5464416068008208,0.44792761709835477
scope_20260424_115654,sweep_5002,327,2962.96,0.5326239464131722,0.5199234234460719
scope_20260424_115654,sweep_5003,327,2976.78,0.5338646482221131,0.5391272339601993
scope_20260424_115654,sweep_5004,327,2977.08,0.5338915489939962,0.5060779216869947
scope_20260424_115654,sweep_5005,327,2962.67,0.5325978804649119,0.4833695648519802
scope_20260424_115654,sweep_5006,327,2976.93,0.5338780987774874,0.42701084965961356
scope_20260424_115654,sweep_5007,327,2962.67,0.5325978804649119,0.5105417959685499
scope_20260424_115654,sweep_5008,327,2976.49,0.5338386428540887,0.46808530355466
scope_20260424_115654,sweep_5009,327,2962.96,0.5326239464131722,0.5858837467729503
scope_20260424_115654,sweep_5010,327,2976.78,0.5338646482221131,0.4726140389806755
scope_20260424_115654,sweep_5011,327,2976.49,0.5338386428540887,0.49017019841584636
scope_20260424_115654,sweep_5012,327,2976.78,0.5338646482221131,0.44217581549092794
scope_20260424_115654,sweep_5013,327,2962.52,0.5325843975772971,0.43628308167870045
scope_20260424_115654,sweep_5014,327,2963.11,0.5326374282996698,0.5518100381096874
scope_20260424_115654,sweep_5015,327,2962.82,0.5192752964683482,0.5776955774079909
scope_20260424_115654,sweep_5016,327,2976.78,0.5204972006458537,0.6231868559934339
scope_20260424_115654,sweep_5017,327,2976.34,0.5204587316908473,0.70058731940092
scope_20260424_115654,sweep_5018,327,2962.82,0.5192752964683482,0.5147361343708905
scope_20260424_115654,sweep_5019,327,2962.82,0.5192752964683482,0.5406573138637926
scope_20260424_115654,sweep_5020,327,2962.96,0.5192875647942562,0.4922531455735375
scope_20260424_115654,sweep_5021,327,2976.78,0.5338646482221131,0.5690280882086564
scope_20260424_115654,sweep_5022,327,2976.93,0.5338780987774874,0.6517386216515909
scope_20260424_115654,sweep_5023,327,2976.49,0.5338386428540887,0.5580994719001774
scope_20260424_115654,sweep_5024,327,2976.78,0.5338646482221131,0.49447549920164946
scope_20260424_115654,sweep_5025,327,2976.63,0.5338511973278477,0.47291055002008464
scope_20260424_115654,sweep_5026,327,2976.63,0.5338511973278477,0.5813531601992699
scope_20260424_115654,sweep_5027,327,2962.67,0.5325978804649119,0.5122560203451417
scope_20260424_115654,sweep_5028,327,2976.78,0.5477413014373902,0.5119691042050247
scope_20260424_115654,sweep_5029,327,2962.67,0.5464416068008208,0.4539808666870518
scope_20260424_115654,sweep_5030,327,2962.67,0.5464416068008208,0.5586568618276363
scope_20260424_115654,sweep_5031,327,2962.82,0.5464554397966588,0.5034909798703736
scope_20260424_115654,sweep_5032,327,2976.93,0.562166086168138,0.693122792285803
scope_20260424_115654,sweep_5033,327,2963.11,0.5608596777046027,0.5379218634268775
scope_20260424_115654,sweep_5034,327,2976.63,0.5621377593221955,0.5945229473566384
scope_20260424_115654,sweep_5035,327,2962.52,0.5608038371040777,0.48891860006208265
scope_20260424_115654,sweep_5036,327,2962.96,0.5608454814688256,0.6071643650269339
scope_20260424_115654,sweep_5037,327,2976.78,0.5621519229235905,0.5662067925953425
scope_20260424_115654,sweep_5038,327,2962.67,0.560818034394017,0.5703604144346155
scope_20260424_115654,sweep_5039,327,2962.67,0.560818034394017,0.5541254890035066
scope_20260424_115654,sweep_5040,327,2976.78,0.5621519229235905,0.5311833946430395
scope_20260424_115654,sweep_5041,327,2976.93,0.562166086168138,0.5934170241899897
scope_20260424_115654,sweep_5042,327,2976.93,0.562166086168138,0.5139659290846292
scope_20260424_115654,sweep_5043,327,2976.78,0.5621519229235905,0.6150360216244857
scope_20260424_115654,sweep_5044,327,2976.63,0.5621377593221955,0.5002173870616623
scope_20260424_115654,sweep_5045,327,2962.82,0.5608322313245565,0.48459480436523905
scope_20260424_115654,sweep_5046,327,2976.63,0.5621377593221955,0.5312532808465213
scope_20260424_115654,sweep_5047,327,2976.78,0.5621519229235905,0.4535040897846361
scope_20260424_115654,sweep_5048,327,2962.67,0.560818034394017,0.45138284395289774
scope_20260424_115654,sweep_5049,327,2976.63,0.5621377593221955,0.49291346537345726
scope_20260424_115654,sweep_5050,327,2962.67,0.560818034394017,0.5594393458735232
scope_20260424_115654,sweep_5051,327,2976.78,0.5621519229235905,0.5072493380357257
scope_20260424_115654,sweep_5052,327,2976.78,0.5621519229235905,0.6918627236999108
scope_20260424_115654,sweep_5053,327,2976.78,0.5621519229235905,0.5714400439128547
scope_20260424_115654,sweep_5054,327,2976.78,0.5621519229235905,0.5857475654498833
scope_20260424_115654,sweep_5055,327,2976.63,0.5621377593221955,0.531050739708955
scope_20260424_115654,sweep_5056,327,2976.93,0.547755101610768,0.5126934613169075
scope_20260424_115654,sweep_5057,327,2962.67,0.5464416068008208,0.5109700836104463
scope_20260424_115654,sweep_5058,327,2962.96,0.5464683502768514,0.5107530194622742
scope_20260424_115654,sweep_5059,327,2976.63,0.5477275009163125,0.5923458132209567
scope_20260424_115654,sweep_5060,327,2962.96,0.5464683502768514,0.4890523464488782
scope_20260424_115654,sweep_5061,327,2962.52,0.5464277734547961,0.38657501619446843
scope_20260424_115654,sweep_5062,327,2962.82,0.5464554397966588,0.5435176343326873
scope_20260424_115654,sweep_5063,327,2976.63,0.5477275009163125,0.4775142966890787
scope_20260424_115654,sweep_5064,327,2976.78,0.5477413014373902,0.49319073937957114
scope_20260424_115654,sweep_5065,327,2976.63,0.5338511973278477,0.5008313487787597
scope_20260424_115654,sweep_5066,327,2962.82,0.5326113630112116,0.5988849011385193
scope_20260424_115654,sweep_5067,327,2976.93,0.5338780987774874,0.49273837000939036
scope_20260424_115654,sweep_5068,327,2962.82,0.5326113630112116,0.42691176954827714
scope_20260424_115654,sweep_5069,327,2962.67,0.5325978804649119,0.6010676806863965
scope_20260424_115654,sweep_5070,327,2976.78,0.5338646482221131,0.7273839937736749
scope_20260424_115654,sweep_5071,327,2976.93,0.5338780987774874,0.5162650008143478
scope_20260424_115654,sweep_5072,327,2976.78,0.5338646482221131,0.5240760365430231
scope_20260424_115654,sweep_5073,327,2976.78,0.5338646482221131,0.5599837746085226
scope_20260424_115654,sweep_5074,327,2962.82,0.5326113630112116,0.5096074825403154
scope_20260424_115654,sweep_5075,327,2962.67,0.5325978804649119,0.6993001210248878
scope_20260424_115654,sweep_5076,327,2962.67,0.5325978804649119,0.5587216474052487
scope_20260424_115654,sweep_5077,327,2976.93,0.5338780987774874,0.5713972429435356
scope_20260424_115654,sweep_5078,327,2962.82,0.5192752964683482,0.5680125735484984
scope_20260424_115654,sweep_5079,327,2976.78,0.5204972006458537,0.6250234268470262
scope_20260424_115654,sweep_5080,327,2976.63,0.5204840865487981,0.5485730931683946
scope_20260424_115654,sweep_5081,327,2962.67,0.5192621515117942,0.5476970988447152
scope_20260424_115654,sweep_5082,327,2962.52,0.5192490062224715,0.49431273144424653
scope_20260424_115654,sweep_5083,327,2976.78,0.5204972006458537,0.5332492853011724
scope_20260424_115654,sweep_5084,327,2962.96,0.5326239464131722,0.4855400072112787
scope_20260424_115654,sweep_5085,327,2976.49,0.5338386428540887,0.57039196672329
scope_20260424_115654,sweep_5086,327,2962.52,0.5325843975772971,0.4746363421429649
scope_20260424_115654,sweep_5087,327,2962.96,0.5326239464131722,0.5885445203035737
scope_20260424_115654,sweep_5088,327,2976.78,0.5338646482221131,0.48616699937043384
scope_20260424_115654,sweep_5089,327,2962.82,0.5326113630112116,0.5218121460962587
scope_20260424_115654,sweep_5090,327,2962.96,0.5326239464131722,0.4768056501326201
scope_20260424_115654,sweep_5091,327,2962.96,0.5464683502768514,0.49250732074000164
scope_20260424_115654,sweep_5092,327,2962.67,0.5464416068008208,0.5096024974449235
scope_20260424_115654,sweep_5093,327,2976.78,0.5477413014373902,0.5704116754164357
scope_20260424_115654,sweep_5094,327,2963.11,0.546482182595737,0.4845702582140663
scope_20260424_115654,sweep_5095,327,2962.38,0.5607905859758516,0.5291260169417251
scope_20260424_115654,sweep_5096,327,2962.67,0.560818034394017,0.555763444877693
scope_20260424_115654,sweep_5097,327,2976.93,0.562166086168138,0.525917729199481
scope_20260424_115654,sweep_5098,327,2962.67,0.560818034394017,0.5174653360689111
scope_20260424_115654,sweep_5099,327,2962.67,0.560818034394017,0.5385933077036549
scope_20260424_115654,sweep_5100,327,2976.78,0.5621519229235905,0.5038005793958191
scope_20260424_115654,sweep_5101,327,2976.63,0.5621377593221955,0.4907457300618519
scope_20260424_115654,sweep_5102,327,2976.93,0.562166086168138,0.5140900308329772
scope_20260424_115654,sweep_5103,327,2962.96,0.5608454814688256,0.47948142332272725
scope_20260424_115654,sweep_5104,327,2976.78,0.5621519229235905,0.6727079871707808
scope_20260424_115654,sweep_5105,327,2962.38,0.5607905859758516,0.5424376313323204
scope_20260424_115654,sweep_5106,327,2977.08,0.562180249055865,0.6151128108533083
scope_20260424_115654,sweep_5107,327,2976.63,0.5621377593221955,0.5276206898396236
scope_20260424_115654,sweep_5108,327,2976.63,0.5621377593221955,0.4415421474296039
scope_20260424_115654,sweep_5109,327,2962.67,0.560818034394017,0.545463609158978
scope_20260424_115654,sweep_5110,327,2962.52,0.5608038371040777,0.46759736179619316
scope_20260424_115654,sweep_5111,327,2976.78,0.5621519229235905,0.45163643517693375
scope_20260424_115654,sweep_5112,327,2976.93,0.562166086168138,0.4918614564078573
scope_20260424_115654,sweep_5113,327,2976.63,0.5621377593221955,0.8041330100090759
scope_20260424_115654,sweep_5114,327,2963.11,0.5608596777046027,0.5955293633090848
scope_20260424_115654,sweep_5115,327,2976.93,0.562166086168138,0.556777533555367
scope_20260424_115654,sweep_5116,327,2976.93,0.562166086168138,0.7549716392330008
scope_20260424_115654,sweep_5117,327,2976.63,0.5621377593221955,0.5509971453754839
scope_20260424_115654,sweep_5118,327,2976.78,0.5477413014373902,0.5691497897737233
scope_20260424_115654,sweep_5119,327,2976.78,0.5477413014373902,0.5994408410867362
scope_20260424_115654,sweep_5120,327,2962.67,0.5464416068008208,0.53539993986834
scope_20260424_115654,sweep_5121,327,2976.63,0.5477275009163125,0.5516546666562206
scope_20260424_115654,sweep_5122,327,2976.63,0.5477275009163125,0.5557662708796561
scope_20260424_115654,sweep_5123,327,2962.96,0.5464683502768514,0.6335753777383328
scope_20260424_115654,sweep_5124,327,2976.49,0.5477146201162473,0.5902086868498937
scope_20260424_115654,sweep_5125,327,2977.08,0.5477689014364723,0.47783842778085484
scope_20260424_115654,sweep_5126,327,2962.82,0.5464554397966588,0.6464741659398154
scope_20260424_115654,sweep_5127,327,2976.93,0.547755101610768,0.6832215143814926
scope_20260424_115654,sweep_5128,327,2976.78,0.5338646482221131,0.6467784024820081
scope_20260424_115654,sweep_5129,327,2976.78,0.5338646482221131,0.5824975775492273
scope_20260424_115654,sweep_5130,327,2976.63,0.5338511973278477,0.5958992480697828
scope_20260424_115654,sweep_5131,327,2976.93,0.5338780987774874,0.4319892273689268
scope_20260424_115654,sweep_5132,327,2962.82,0.5326113630112116,0.4051272959891585
scope_20260424_115654,sweep_5133,327,2962.67,0.5325978804649119,0.5353599886772222
scope_20260424_115654,sweep_5134,327,2962.96,0.5326239464131722,0.47538269378925607
scope_20260424_115654,sweep_5135,327,2976.63,0.5338511973278477,0.5047235079477191
scope_20260424_115654,sweep_5136,327,2977.08,0.5338915489939962,0.6840291434944633
scope_20260424_115654,sweep_5137,327,2976.93,0.5338780987774874,0.5424186377384033
scope_20260424_115654,sweep_5138,327,2962.96,0.5326239464131722,0.5101895400337092
scope_20260424_115654,sweep_5139,327,2962.67,0.5325978804649119,0.6518489127024774
scope_20260424_115654,sweep_5140,327,2963.26,0.5326509098449282,0.5204848544858675
scope_20260424_115654,sweep_5141,327,2976.93,0.5205103144125036,0.49985056058152677
scope_20260424_115654,sweep_5142,327,2962.82,0.5192752964683482,0.5039989905438063
scope_20260424_115654,sweep_5143,327,2962.82,0.5192752964683482,0.49847280257724585
scope_20260424_115654,sweep_5144,327,2976.78,0.5204972006458537,0.5343834467203553
scope_20260424_115654,sweep_5145,327,2962.82,0.5192752964683482,0.5751538449161275
scope_20260424_115654,sweep_5146,327,2976.63,0.5204840865487981,0.4797393741807129
scope_20260424_115654,sweep_5147,327,2976.78,0.5338646482221131,0.512211131593892
scope_20260424_115654,sweep_5148,327,2976.93,0.5338780987774874,0.563071312767698
scope_20260424_115654,sweep_5149,327,2962.52,0.5325843975772971,0.4737782499157531
scope_20260424_115654,sweep_5150,327,2962.82,0.5326113630112116,0.5338074874641512
scope_20260424_115654,sweep_5151,327,2976.93,0.5338780987774874,0.5537869950417037
scope_20260424_115654,sweep_5152,327,2962.67,0.5325978804649119,0.5418861285295653
scope_20260424_115654,sweep_5153,327,2962.52,0.5464277734547961,0.5338223305380294
scope_20260424_115654,sweep_5154,327,2976.93,0.547755101610768,0.5016327397653015
scope_20260424_115654,sweep_5155,327,2976.63,0.5477275009163125,0.5496828698818089
scope_20260424_115654,sweep_5156,327,2962.96,0.5464683502768514,0.5803977291177204
scope_20260424_115654,sweep_5157,327,2976.49,0.5621245396389135,0.5564172027982588
scope_20260424_115654,sweep_5158,327,2976.93,0.562166086168138,0.5635307688864845
scope_20260424_115654,sweep_5159,327,2976.49,0.5621245396389135,0.4653820203212948
scope_20260424_115654,sweep_5160,327,2962.52,0.5608038371040777,0.46628926892008554
scope_20260424_115654,sweep_5161,327,2976.93,0.562166086168138,0.5598198128514048
scope_20260424_115654,sweep_5162,327,2962.82,0.5608322313245565,0.48595167313272747
scope_20260424_115654,sweep_5163,327,2976.93,0.562166086168138,0.5685297009757185
scope_20260424_115654,sweep_5164,327,2976.93,0.5771372630490585,0.5030816321600128
scope_20260424_115654,sweep_5165,327,2976.78,0.5771227226198238,0.6511797473058518
scope_20260424_115654,sweep_5166,327,2962.82,0.5757678860043196,0.4793882084924117
scope_20260424_115654,sweep_5167,327,2976.93,0.5771372630490585,0.48780926701159216
scope_20260424_115654,sweep_5168,327,2962.96,0.5757814890162881,0.6022751816278727
scope_20260424_115654,sweep_5169,327,2977.08,0.5771518031119699,0.44849669395664965
scope_20260424_115654,sweep_5170,327,2976.93,0.562166086168138,0.5693041534473062
scope_20260424_115654,sweep_5171,327,2976.63,0.5621377593221955,0.5408214425085163
scope_20260424_115654,sweep_5172,327,2962.52,0.5608038371040777,0.5483199182602575
scope_20260424_115654,sweep_5173,327,2962.96,0.5608454814688256,0.5016024320675658
scope_20260424_115654,sweep_5174,327,2976.63,0.5621377593221955,0.5388762982874084
scope_20260424_115654,sweep_5175,327,2962.52,0.5608038371040777,0.7899419534714341
scope_20260424_115654,sweep_5176,327,2962.67,0.560818034394017,0.4997244270263933
scope_20260424_115654,sweep_5177,327,2962.96,0.5608454814688256,0.5414501849102424
scope_20260424_115654,sweep_5178,327,2962.82,0.5608322313245565,0.5151481496677904
scope_20260424_115654,sweep_5179,327,2976.93,0.562166086168138,0.4951953822820618
scope_20260424_115654,sweep_5180,327,2962.82,0.5608322313245565,0.5268313384330676
scope_20260424_115654,sweep_5181,327,2976.93,0.562166086168138,0.4698552996403709
scope_20260424_115654,sweep_5182,327,2962.52,0.5464277734547961,0.49937915931204907
scope_20260424_115654,sweep_5183,327,2976.63,0.5477275009163125,0.613928454539191
scope_20260424_115654,sweep_5184,327,2976.78,0.5477413014373902,0.5138666770566511
scope_20260424_115654,sweep_5185,327,2962.96,0.5464683502768514,0.5734504153735418
scope_20260424_115654,sweep_5186,327,2962.67,0.5464416068008208,0.4789698235671537
scope_20260424_115654,sweep_5187,327,2963.11,0.546482182595737,0.6024734524773337
scope_20260424_115654,sweep_5188,327,2976.78,0.5477413014373902,0.6627436009960627
scope_20260424_115654,sweep_5189,327,2962.82,0.5464554397966588,0.45413174623696106
scope_20260424_115654,sweep_5190,327,2976.63,0.5477275009163125,0.4464739505316507
scope_20260424_115654,sweep_5191,327,2962.82,0.5464554397966588,0.6239667190591164
scope_20260424_115654,sweep_5192,327,2976.93,0.5338780987774874,0.527751752227518
scope_20260424_115654,sweep_5193,327,2976.93,0.5338780987774874,0.4897554897122061
scope_20260424_115654,sweep_5194,327,2962.67,0.5325978804649119,0.46909870215863103
scope_20260424_115654,sweep_5205,329,2625.13,0.4887878884645886,0.5141086579992651
scope_20260424_115654,sweep_5206,329,2647.49,0.4908651423018535,0.5211174488126462
scope_20260424_115654,sweep_5207,329,2647.37,0.4908540177112867,0.4226417335597832
scope_20260424_115654,sweep_5208,330,2658.63,0.4918967793427709,0.5445747679228147
scope_20260424_115654,sweep_5209,331,2647.72,0.49088646372909556,0.4794687908398048
scope_20260424_115654,sweep_5210,331,2647.72,0.49088646372909556,0.4875327284116099
scope_20260424_115654,sweep_5211,331,2647.37,0.4908540177112867,0.4365214831022499
scope_20260424_115654,sweep_5212,331,2647.49,0.4908651423018535,0.7614685027446682
scope_20260424_115654,sweep_5213,331,2647.72,0.5034934461713677,0.5211844857047954
scope_20260424_115654,sweep_5214,331,2647.37,0.5034601668725315,0.5319249150119523
scope_20260424_115654,sweep_5215,331,2647.6,0.5034820363738558,0.8441623529828015
scope_20260424_115654,sweep_5216,332,2468.53,0.48615750962270887,0.5161285577755659
scope_20260424_115654,sweep_5217,332,2459.22,0.4852398780718254,0.4991948295168167
scope_20260424_115654,sweep_5218,332,2459.02,0.48522014621602566,0.5217247698461258
scope_20260424_115654,sweep_5219,332,2459.42,0.49787287980659783,0.5499829962386906
scope_20260424_115654,sweep_5220,332,2459.32,0.4978627579498026,0.5253303603001314
scope_20260424_115654,sweep_5221,332,2459.12,0.49784251361883625,0.4707769257806405
scope_20260424_115654,sweep_5222,332,2459.42,0.49787287980659783,0.46274491171829724
scope_20260424_115654,sweep_5223,332,2459.12,0.5109403391884489,0.4854398035999351
scope_20260424_115654,sweep_5224,332,2459.32,0.5109611161310516,0.5835930213849789
scope_20260424_115654,sweep_5225,332,2459.22,0.5109507277653575,0.48534852586015903
scope_20260424_115654,sweep_5226,333,2246.27,0.4883276431924458,0.48902991076092267
scope_20260424_115654,sweep_5269,338,1521.14,0.3720742559087334,0.35901608780149596
scope_20260424_115654,sweep_5270,338,1521.07,0.3816211134027282,0.3819470614488605
scope_20260424_115654,sweep_5271,338,1521.18,0.3816349120982385,0.3744647913636692
scope_20260424_115654,sweep_5272,338,1521.18,0.3816349120982385,0.386685771224854
scope_20260424_115654,sweep_5273,338,1521.3,0.3816499646516235,0.428379627022935
scope_20260424_115654,sweep_5274,338,1521.3,0.3915701274245853,0.2816725938105894
scope_20260424_115654,sweep_5275,338,1521.07,0.3915405262500729,0.39829906173645585
scope_20260424_115654,sweep_5276,338,1521.14,0.39154953554008454,0.4119005116569015
scope_20260424_115654,sweep_5277,338,1521.26,0.39156497955498204,0.3380849459715165
scope_20260424_115654,sweep_5278,338,1521.18,0.40185616411435937,0.34290895992504383
scope_20260424_115654,sweep_5279,339,1309.93,0.37291029676806947,0.3760408080057606
scope_20260424_115654,sweep_5280,339,1332.3,0.3760809584123144,0.3829470852613077
scope_20260424_115654,sweep_5281,339,1332.27,0.3760767241961971,0.3445164281541643
scope_20260424_115654,sweep_5282,339,1332.3,0.3760809584123144,0.42813499071229044
scope_20260424_115654,sweep_5283,339,1332.21,0.3760682556209414,0.34457279676598596
scope_20260424_115654,sweep_5284,339,1332.3,0.3760809584123144,0.3712456122768454
scope_20260424_115654,sweep_5285,339,1332.3,0.3760809584123144,0.4165423553400472
scope_20260424_115654,sweep_5286,339,1332.24,0.3760724899324067,0.3187373391932912
scope_20260424_115654,sweep_5287,339,1332.21,0.3760682556209414,0.3504268969190841
scope_20260424_115654,sweep_5288,339,1332.39,0.3760936607746429,0.3472942284423893
scope_20260424_115654,sweep_5289,339,1332.27,0.3760767241961971,0.37910934768988286
scope_20260424_115654,sweep_5290,340,1145.85,0.3487740910341781,0.35953817924797116
scope_20260424_115654,sweep_5291,340,1143.69,0.34844520531582074,0.3254606898042323
scope_20260424_115654,sweep_5292,340,1143.66,0.3484406352729287,0.3249299946765082
scope_20260424_115654,sweep_5293,340,1143.71,0.33951586971238895,0.2820797948284996
scope_20260424_115654,sweep_5294,340,1143.71,0.33951586971238895,0.2426108088268187
scope_20260424_115654,sweep_5295,340,1143.69,0.33951290115083055,0.40458227456718265
scope_20260424_115654,sweep_5296,340,1145.76,0.3398200097168368,0.35093574957635765
scope_20260424_115654,sweep_5297,340,1143.69,0.33951290115083055,0.3843521782024097
scope_20260424_115654,sweep_5298,340,1143.66,0.33090723270825867,0.31433059899190935
scope_20260424_115654,sweep_5299,340,1143.55,0.330891318594407,0.37596978200217473
scope_20260424_115654,sweep_5300,341,932.85,0.2854313036220956,0.23545318339913357
scope_20260424_115654,sweep_5322,344,596.5,0.1872484458361232,0.15377050139817403
scope_20260424_115654,sweep_5323,344,603.45,0.18905746135936477,0.1942025421181023
scope_20260424_115654,sweep_5324,344,609.92,0.19073835633305725,0.17356924364643858
scope_20260424_115654,sweep_5325,344,614.81,0.19200675848342635,0.16648543307921967
scope_20260424_115654,sweep_5326,344,620.28,0.198332042512942,0.21297653504557412
scope_20260424_115654,sweep_5327,344,622.83,0.19900854879836566,0.24806734978783462
scope_20260424_115654,sweep_5328,344,627.81,0.20032837059897382,0.22876407010373212
scope_20260424_115654,sweep_5329,344,632.91,0.20167815207166728,0.21058413205003598
scope_20260424_115654,sweep_5330,344,636.81,0.20270909021862307,0.20489402978805524
scope_20260424_115654,sweep_5331,344,641.4,0.2091581669300215,0.19855580634501444
scope_20260424_115654,sweep_5332,345,459.51,0.15858518623085016,0.16734421145501543
scope_20260424_115654,sweep_5333,345,465.33,0.16025052739614756,0.18034527695370176
scope_20260424_115654,sweep_5334,345,470.98,0.16186384032821574,0.18274488532769484
scope_20260424_115654,sweep_5335,345,479.33,0.16851122939767943,0.19036146513484456
scope_20260424_115654,sweep_5336,345,486.78,0.17068221989312551,0.17549713274533874
scope_20260424_115654,sweep_5337,345,494.17,0.17283015224205536,0.12531893823995482
scope_20260424_115654,sweep_5338,345,500.54,0.17467723745653013,0.17860148091458825
scope_20260424_115654,sweep_5339,345,504.57,0.1758437362073361,0.11496879977632227
scope_20260424_115654,sweep_5340,345,510.36,0.18218723002234283,0.18962934959041708
scope_20260424_115654,sweep_5341,345,515.88,0.1838212625495938,0.168472313716859
scope_20260424_115654,sweep_5342,346,364.47,0.13777157206655632,0.1204394209399702
scope_20260424_115654,sweep_5343,346,364.9,0.1379064686159974,0.11206778933931469
scope_20260424_115654,sweep_5344,346,364.89,0.1379033317939754,0.11045707772232624
scope_20260424_115654,sweep_5345,346,363.82,0.1375676073004071,0.1208376720487865
scope_20260424_115654,sweep_5346,346,364.25,0.1377025447663462,0.114664023514836
scope_20260424_115654,sweep_5347,346,364.69,0.13784059228390982,0.12254443039185559
scope_20260424_115654,sweep_5348,346,367.92,0.1388531223816711,0.12620880707595397
scope_20260424_115654,sweep_5349,346,376.15,0.13780082088447718,0.12143218165081637
scope_20260424_115654,sweep_5350,346,384.52,0.1403410865807901,0.11494806162895323
scope_20260424_115654,sweep_5351,346,391.78,0.14253686322678719,0.1516616585261702
scope_20260424_115654,sweep_5352,346,397.8,0.14435235922484926,0.12945489231667687
scope_20260424_115654,sweep_5353,346,364.48,0.13084193760305676,0.11174385403810008
scope_20260424_115654,sweep_5354,346,364.25,0.13077340416919203,0.111417750556733
scope_20260424_115654,sweep_5355,346,364.25,0.13077340416919203,0.12364589653825397
scope_20260424_115654,sweep_5356,346,364.24,0.13077042428782615,0.11730597104194625
scope_20260424_115654,sweep_5357,346,364.48,0.12756578371740485,0.12292836047333373
scope_20260424_115654,sweep_5358,346,361.5,0.12669950521865406,0.11377678904037244
scope_20260424_115654,sweep_5359,346,362.77,0.12706883888816173,0.1035346226279867
scope_20260424_115654,sweep_5360,346,363.62,0.1273159079066609,0.11437351311311768
scope_20260424_115654,sweep_5361,346,363.83,0.12422451511168234,0.14135671016137913
scope_20260424_115654,sweep_5362,346,363.63,0.12416783415286521,0.11847091111927736
scope_20260424_115654,sweep_5363,346,364.25,0.12434352788882237,0.11292209320534066
scope_20260424_115654,sweep_5364,346,364.46,0.12135970896364562,0.1210351401054697
scope_20260424_115654,sweep_5365,346,364.25,0.1213016668369199,0.12804791600518553
scope_20260424_115654,sweep_5366,346,364.25,0.1213016668369199,0.1270031662382786
scope_20260424_115654,sweep_5367,346,364.27,0.12130719490355527,0.1062183906501136
scope_20260424_115654,sweep_5368,346,364.28,0.12130995891752377,0.10757937845242134
scope_20260424_115654,sweep_5369,346,363.83,0.12118556551273288,0.10620393863257366
scope_20260424_115654,sweep_5370,346,364.68,0.12142050890357631,0.10882138522537392
scope_20260424_115654,sweep_5371,346,364.68,0.12142050890357631,0.12871512141485988
scope_20260424_115654,sweep_5372,346,364.05,0.12124638333198665,0.11718755353816776
scope_20260424_115654,sweep_5373,346,364.7,0.12142603586160013,0.1071804747377872
scope_20260424_115654,sweep_5374,346,364.27,0.12130719490355527,0.12922430294810924
scope_20260424_115654,sweep_5375,346,364.46,0.12135970896364562,0.1202526576988038
scope_20260424_115654,sweep_5376,346,364.24,0.12129890278425219,0.114342434064937
scope_20260424_115654,sweep_5377,346,364.04,0.12124361902122895,0.11355047811851487
scope_20260424_115654,sweep_5378,346,364.46,0.12135970896364562,0.1088947974737613
scope_20260424_115654,sweep_5379,346,364.03,0.12124085469756238,0.11761882933276448
scope_20260424_115654,sweep_5380,346,363.83,0.12118556551273288,0.10637568073778178
scope_20260424_115654,sweep_5381,346,364.46,0.12135970896364562,0.12500518714623524
scope_20260424_115654,sweep_5382,346,363.85,0.12423018291619475,0.10943153489271015
scope_20260424_115654,sweep_5383,346,363.39,0.12409981000597059,0.13044161864773812
scope_20260424_115654,sweep_5384,346,364.25,0.12434352788882237,0.129047307365242
scope_20260424_115654,sweep_5385,346,364.47,0.12440585860350402,0.11173092715462891
scope_20260424_115654,sweep_5386,346,364.05,0.12428685804893715,0.10879687216676466
scope_20260424_115654,sweep_5387,346,364.47,0.12756287876109973,0.14228592976674595
scope_20260424_115654,sweep_5388,346,364.47,0.12756287876109973,0.11478901943659574
scope_20260424_115654,sweep_5389,346,364.04,0.1274379528162562,0.12201775933237181
scope_20260424_115654,sweep_5390,346,362.99,0.12713279559409588,0.13761682876097153
scope_20260424_115654,sweep_5391,346,363.82,0.13064525670611674,0.13756842670029132
scope_20260424_115654,sweep_5392,346,363.63,0.13058862520777423,0.11787209446646676
scope_20260424_115654,sweep_5393,346,363.62,0.13058564446327328,0.11473628442318093
scope_20260424_115654,sweep_5394,346,364.06,0.13071678404455783,0.10530986852733255
scope_20260424_115654,sweep_5395,347,233.01,0.09260256246162711,0.09070032787146708
scope_20260424_115654,sweep_5396,347,233.01,0.09260256246162711,0.09847605282170756
scope_20260424_115654,sweep_5397,347,233.01,0.09260256246162711,0.08576854136663636
scope_20260424_115654,sweep_5398,347,233.01,0.09260256246162711,0.07337701475801246
scope_20260424_115654,sweep_5399,347,233.01,0.09260256246162711,0.09258986598572694
scope_20260424_115654,sweep_5400,347,233.01,0.09260256246162711,0.08587885326753034
scope_20260424_115654,sweep_5401,347,233.01,0.09503885943756232,0.08001443976187789
scope_20260424_115654,sweep_5402,347,233.01,0.09503885943756232,0.08877748446582362
scope_20260424_115654,sweep_5403,347,233.01,0.09503885943756232,0.06827066752119519
scope_20260424_115654,sweep_5404,347,233.01,0.09503885943756232,0.09892240724028917
scope_20260424_115654,sweep_5405,347,233.01,0.09503885943756232,0.07934036928392069
scope_20260424_115654,sweep_5406,347,233.01,0.09260256246162711,0.07894010256967114
scope_20260424_115654,sweep_5407,347,233.01,0.09260256246162711,0.08374322729622528
scope_20260424_115654,sweep_5408,347,233.01,0.09260256246162711,0.07347800139494416
scope_20260424_115654,sweep_5409,347,233.01,0.09260256246162711,0.07847130361205619
scope_20260424_115654,sweep_5410,347,233.01,0.09260256246162711,0.0911701641851189
scope_20260424_115654,sweep_5411,347,233.01,0.09260256246162711,0.08100170925059527
scope_20260424_115654,sweep_5412,347,233.01,0.09025653954395797,0.09269067658890193
scope_20260424_115654,sweep_5413,347,233.01,0.09025653954395797,0.07895627405497074
scope_20260424_115654,sweep_5414,347,233.01,0.09025653954395797,0.09146295823098119
scope_20260424_115654,sweep_5415,347,233.01,0.09025653954395797,0.07859037264802965
scope_20260424_115654,sweep_5416,347,233.01,0.08799660424989729,0.0793538960453932
scope_20260424_115654,sweep_5417,347,233.01,0.08799660424989729,0.09150183904883916
scope_20260424_115654,sweep_5418,347,233.01,0.08799660424989729,0.0781430795240814
scope_20260424_115654,sweep_5419,347,233.01,0.08581879942050663,0.09058102502478901
scope_20260424_115654,sweep_5420,347,233.01,0.08581879942050663,0.08889275188036355
scope_20260424_115654,sweep_5421,347,233.01,0.08581879942050663,0.08802159864719533
scope_20260424_115654,sweep_5422,347,233.01,0.08371938284522916,0.09351599466505414
scope_20260424_115654,sweep_5423,347,233.01,0.08371938284522916,0.07883908035651015
scope_20260424_115654,sweep_5424,347,233.01,0.08371938284522916,0.08542434392022798
scope_20260424_115654,sweep_5425,347,233.01,0.08169481393350746,0.09160880952146981
scope_20260424_115654,sweep_5426,347,233.01,0.08169481393350746,0.0743281875004446
scope_20260424_115654,sweep_5427,347,233.01,0.08169481393350746,0.09801519277786871
scope_20260424_115654,sweep_5428,347,233.01,0.08169481393350746,0.09768235977662398
scope_20260424_115654,sweep_5429,347,233.01,0.07974174130886448,0.08851500108280291
scope_20260424_115654,sweep_5430,347,233.01,0.07974174130886448,0.07866697222780064
scope_20260424_115654,sweep_5431,347,233.01,0.07974174130886448,0.09084268941768504
scope_20260424_115654,sweep_5432,347,233.01,0.07785699125530257,0.08512579845413715
scope_20260424_115654,sweep_5433,347,233.01,0.07785699125530257,0.0815799327155345
scope_20260424_115654,sweep_5434,347,233.01,0.07785699125530257,0.08311803948582326
scope_20260424_115654,sweep_5435,347,233.01,0.07603755695167179,0.09444354529719294
scope_20260424_115654,sweep_5436,347,233.01,0.07603755695167179,0.08847649117817072
scope_20260424_115654,sweep_5437,347,233.01,0.07603755695167179,0.08212595554821293
scope_20260424_115654,sweep_5438,347,233.01,0.07603755695167179,0.07740399935640851
scope_20260424_115654,sweep_5439,347,233.01,0.07603755695167179,0.08647297795718406
scope_20260424_115654,sweep_5440,347,233.01,0.07428058843492907,0.0794013086871192
scope_20260424_115654,sweep_5441,347,233.01,0.07428058843492907,0.0833995440393885
scope_20260424_115654,sweep_5442,347,233.01,0.07428058843492907,0.08642480132266009
scope_20260424_115654,sweep_5443,347,233.01,0.07428058843492907,0.09374817756805796
scope_20260424_115654,sweep_5444,347,233.01,0.07428058843492907,0.08343745663138606
scope_20260424_115654,sweep_5445,347,233.01,0.07428058843492907,0.07948237746503763
scope_20260424_115654,sweep_5446,347,233.01,0.07428058843492907,0.07927343893409504
scope_20260424_115654,sweep_5447,347,233.01,0.07428058843492907,0.1296510488010592
scope_20260424_115654,sweep_5448,348,365.53,0.1079395399483473,0.11058835157272091
scope_20260424_115654,sweep_5449,348,365.98,0.1080498214614536,0.1100042524861919
scope_20260424_115654,sweep_5450,348,365.54,0.10794199089929053,0.11859251274924396
scope_20260424_115654,sweep_5451,348,365.75,0.10799345823660711,0.11416549443460354
scope_20260424_115654,sweep_5452,348,365.97,0.10804737101169945,0.11282506736435438
scope_20260424_115654,sweep_5453,348,365.76,0.10799590893686764,0.13938355473061104
scope_20260424_115654,sweep_5454,348,365.53,0.1079395399483473,0.11544443448908716
scope_20260424_115654,sweep_5455,348,365.11,0.1103872627343448,0.13681849962477863
scope_20260424_115654,sweep_5456,348,365.96,0.11060052125057036,0.12235356034986371
scope_20260424_115654,sweep_5457,348,365.77,0.11055285901407387,0.10021716246984297
scope_20260424_115654,sweep_5458,348,365.75,0.11054784169174228,0.12664847962257855
scope_20260424_115654,sweep_5459,348,365.96,0.11060052125057036,0.09929085657724193
scope_20260424_115654,sweep_5460,348,365.76,0.11319561025114792,0.12206334005452209
scope_20260424_115654,sweep_5461,348,364.89,0.11297208911281545,0.13373830956362462
scope_20260424_115654,sweep_5462,348,365.75,0.1131930415565162,0.12075601859223924
scope_20260424_115654,sweep_5463,348,365.54,0.11587795002721761,0.15325698905636415
scope_20260424_115654,sweep_5464,348,365.96,0.11598844712743814,0.1370317409634221
scope_20260424_115654,sweep_5465,348,365.96,0.11598844712743814,0.13870183337746886
scope_20260424_115654,sweep_5466,348,365.76,0.11593583215086452,0.13672038952707527
scope_20260424_115654,sweep_5467,348,365.53,0.11871339225958634,0.16064520458223822
scope_20260424_115654,sweep_5468,348,365.74,0.11876999700899972,0.11087639338048737
scope_20260424_115654,sweep_5469,348,366.16,0.11888318993671984,0.14499257536215285
scope_20260424_115654,sweep_5470,348,364.9,0.12148130260844806,0.12955654585795062
scope_20260424_115654,sweep_5471,348,365.11,0.12153932715075641,0.11506658501539953
scope_20260424_115654,sweep_5472,348,365.12,0.12154209008265879,0.12393196887586891
scope_20260424_115654,sweep_5473,348,364.69,0.1214232723890292,0.12903636974890312
scope_20260424_115654,sweep_5474,348,364.9,0.12148130260844806,0.10728687024434684
scope_20260424_115654,sweep_5475,348,365.1,0.12153656420598943,0.11575091210622183
scope_20260424_115654,sweep_5476,348,365.11,0.12153932715075641,0.12232143208327503
scope_20260424_115654,sweep_5477,348,365.11,0.12458714796950376,0.12014252275011705
scope_20260424_115654,sweep_5478,348,365.33,0.12464945370836597,0.12465467839776848
scope_20260424_115654,sweep_5479,348,365.33,0.12160010868161542,0.1041306238629116
scope_20260424_115654,sweep_5480,348,365.53,0.12165535921931772,0.10840658945373001
scope_20260424_115654,sweep_5481,348,364.67,0.12141774540524108,0.11341049816326884
scope_20260424_115654,sweep_5482,348,365.76,0.12171889098488348,0.10811415834529496
scope_20260424_115654,sweep_5483,348,365.12,0.12154209008265879,0.12120534614433755
scope_20260424_115654,sweep_5484,348,365.76,0.12171889098488348,0.11742240220037724
scope_20260424_115654,sweep_5485,348,364.89,0.12147853939342915,0.12348221641114521
scope_20260424_115654,sweep_5486,348,365.33,0.12160010868161542,0.16951843972688857
scope_20260424_115654,sweep_5487,348,365.1,0.11859747004205132,0.15691118852191577
scope_20260424_115654,sweep_5488,348,365.1,0.11859747004205132,0.11200124994997859
scope_20260424_115654,sweep_5489,348,364.9,0.1185435448245523,0.1652387596405025
scope_20260424_115654,sweep_5490,348,365.75,0.11877269233541783,0.10511500637900503
scope_20260424_115654,sweep_5491,348,364.69,0.11565425886645223,0.11498201274037234
scope_20260424_115654,sweep_5492,348,365.75,0.11593320127366875,0.14872103626775862
scope_20260424_115654,sweep_5493,348,365.32,0.11582006198109351,0.17839256740865908
scope_20260424_115654,sweep_5494,348,364.9,0.11570953197750167,0.08810798475583262
scope_20260424_115654,sweep_5495,348,365.34,0.11308771479251047,0.11328263246622537
scope_20260424_115654,sweep_5496,348,364.89,0.11297208911281545,0.11036437688439049
scope_20260424_115654,sweep_5497,348,364.47,0.11286414993923763,0.11483455586130308
scope_20260424_115654,sweep_5498,348,364.68,0.11291812216767724,0.12297723347467078
scope_20260424_115654,sweep_5499,348,365.54,0.11049515699073473,0.10659442681977663
scope_20260424_115654,sweep_5500,349,519.73,0.14797993507780544,0.18956968073925182
scope_20260424_115654,sweep_5501,349,508.31,0.1452760598927908,0.1806400852074773
scope_20260424_115654,sweep_5502,349,513.76,0.14656771231992574,0.18340080880068907
scope_20260424_115654,sweep_5503,349,519.76,0.14798702468645847,0.17903895049756807
scope_20260424_115654,sweep_5504,349,522.81,0.14870743933704506,0.16862535027097802
scope_20260424_115654,sweep_5505,349,528.14,0.14996468194768303,0.20326989884626373
scope_20260424_115654,sweep_5506,349,531.74,0.15081263047462823,0.23218109716496674
scope_20260424_115654,sweep_5507,349,536.32,0.14838034093999788,0.16793323606743799
scope_20260424_115654,sweep_5508,349,541.01,0.14945651239864421,0.18023737853864089
scope_20260424_115654,sweep_5509,349,544.36,0.15377750862406206,0.15563619004233586
scope_20260424_115654,sweep_5510,349,547.19,0.15444076216343297,0.18534572838857138
scope_20260424_115654,sweep_5511,350,762.5,0.2034072104653024,0.17583315151539505
scope_20260424_115654,sweep_5512,351,737.16,0.19778052801525503,0.22729472491083696
scope_20260424_115654,sweep_5513,351,734.54,0.1971969048530582,0.2550722353252651
scope_20260424_115654,sweep_5514,351,731.95,0.19661961646397116,0.25476272429000724
scope_20260424_115654,sweep_5515,351,731.07,0.19642339315533783,0.23620440249071045
scope_20260424_115654,sweep_5516,351,729.37,0.200735177225139,0.19401142906230875
scope_20260424_115654,sweep_5517,351,727.63,0.20033762785604886,0.24691820112692794
scope_20260424_115654,sweep_5518,351,725.94,0.19995134757745991,0.2479022805029902
scope_20260424_115654,sweep_5519,351,724.2,0.19955347912554153,0.1857616969836622
scope_20260424_115654,sweep_5520,351,723.47,0.20421322682915824,0.1850461792175854
scope_20260424_115654,sweep_5521,351,720.89,0.20360859229729894,0.2632064318719551
scope_20260424_115654,sweep_5522,352,905.63,0.24605601994092086,0.3432670137028925
scope_20260424_115654,sweep_5523,352,900.36,0.2448670054383703,0.2155272217402759
scope_20260424_115654,sweep_5524,352,893.88,0.24936491891230145,0.31922999651148415
scope_20260424_115654,sweep_5525,352,887.51,0.24788908535981374,0.3082156521972745
scope_20260424_115654,sweep_5526,352,881.28,0.2464439449221562,0.33129629079015954
scope_20260424_115654,sweep_5527,352,877.51,0.25165429978664794,0.22477839299891428
scope_20260424_115654,sweep_5528,352,872.66,0.25049931428056527,0.21817718550345608
scope_20260424_115654,sweep_5529,352,868.89,0.24960076762572572,0.2387182670653013
scope_20260424_115654,sweep_5530,352,864.11,0.24846054258184233,0.33768592264598
scope_20260424_115654,sweep_5531,352,861.6,0.24786137604753847,0.29492896389210294
scope_20260424_115654,sweep_5532,353,1042.05,0.3003349187680791,0.2859504344448502
scope_20260424_115654,sweep_5533,353,1038.58,0.2998344479609921,0.4081908536426706
scope_20260424_115654,sweep_5534,353,1030.06,0.29860206805458195,0.29981452107147594
scope_20260424_115654,sweep_5535,353,1023.24,0.29761190818199446,0.2507716277280418
scope_20260424_115654,sweep_5536,353,1014.94,0.29640241262637,0.3037350766048123
scope_20260424_115654,sweep_5537,353,1010.12,0.29569776020247,0.3085568020852005
scope_20260424_115654,sweep_5538,353,1003.48,0.2947242766450729,0.3017106759839822
scope_20260424_115654,sweep_5539,353,998.62,0.2871863311196981,0.2642236673570224
scope_20260424_115654,sweep_5540,353,993.85,0.2860472973539042,0.27495577810400856
scope_20260424_115654,sweep_5541,353,989.07,0.2849049430060747,0.24363589473824745
scope_20260424_115654,sweep_5542,353,982.93,0.2765023861386756,0.27621979276738684
scope_20260424_115654,sweep_5564,358,1521.14,0.3292011360613757,0.34198089141374316
scope_20260424_115654,sweep_5565,358,1524.82,0.3295991034946729,0.5078021501358966
scope_20260424_115654,sweep_5566,358,1524.78,0.3295947803448574,0.3333535779812664
scope_20260424_115654,sweep_5567,358,1524.89,0.32960666887040896,0.24984219961978324
scope_20260424_115654,sweep_5568,358,1524.97,0.3296153148014849,0.29797140105189374
scope_20260424_115654,sweep_5569,358,1524.86,0.329603426587785,0.36059409695913475
scope_20260424_115654,sweep_5570,358,1521.26,0.3292141208481986,0.42945435477078203
scope_20260424_115654,sweep_5571,358,1521.11,0.32919788978464365,0.2604837353599453
scope_20260424_115654,sweep_5572,358,1521.3,0.3292184489966648,0.38737645288903694
scope_20260424_115654,sweep_5573,358,1521.41,0.3292303511115616,0.32970528375144564
scope_20260424_115654,sweep_5574,358,1524.86,0.329603426587785,0.33950398877366533
scope_20260424_115654,sweep_5575,359,1709.26,0.34896413680659133,0.3880376264707091
scope_20260424_115654,sweep_5576,359,1709.35,0.3489733239281812,0.3184581539861687
scope_20260424_115654,sweep_5577,359,1709.45,0.35743167114242974,0.46320515091874476
scope_20260424_115654,sweep_5578,359,1713.89,0.3578955535223811,0.4694475240492093
scope_20260424_115654,sweep_5579,359,1714.09,0.35791643497411374,0.38431858660209367
scope_20260424_115654,sweep_5580,359,1713.84,0.357890332969081,0.49858450412741784
scope_20260424_115654,sweep_5581,359,1713.99,0.35790599440053433,0.4657304105288395
scope_20260424_115654,sweep_5582,359,1714.04,0.3666773462903587,0.42291609795292034
scope_20260424_115654,sweep_5583,359,1709.35,0.36617534670181234,0.33660636419496454
scope_20260424_115654,sweep_5584,359,1713.94,0.366666649845276,0.3855621750317496
scope_20260424_115654,sweep_5585,360,1920.25,0.39772603473354906,0.6460638424668735
scope_20260424_115654,sweep_5586,360,1902.65,0.39589916540187736,0.3726216792426035
scope_20260424_115654,sweep_5587,360,1902.77,0.3959116498711155,0.3480067162552135
scope_20260424_115654,sweep_5588,360,1902.59,0.3958929230196218,0.40125937103562287
scope_20260424_115654,sweep_5589,360,1902.71,0.4058334595524286,0.4076217521168734
scope_20260424_115654,sweep_5590,360,1902.53,0.4058142627882163,0.43567897541963785
scope_20260424_115654,sweep_5591,360,1896.81,0.40520375863338376,0.2744544359012302
scope_20260424_115654,sweep_5592,360,1896.93,0.4052165758586237,0.3328842448796985
scope_20260424_115654,sweep_5593,360,1902.77,0.40583985827204777,0.39743408278637493
scope_20260424_115654,sweep_5594,360,1902.77,0.40583985827204777,0.40375149593605725
scope_20260424_115654,sweep_5595,360,1902.65,0.4058270607319202,0.35585997860210555
scope_20260424_115654,sweep_5617,363,2459.32,0.43921900532705116,0.40342636011926103
scope_20260424_115654,sweep_5618,363,2459.02,0.43919221545826603,0.4362408683112272
scope_20260424_115654,sweep_5619,363,2459.42,0.43922793492020246,0.46595274086914124
scope_20260424_115654,sweep_5620,363,2459.32,0.43921900532705116,0.41623050496433
scope_20260424_115654,sweep_5621,363,2459.22,0.439210075552352,0.4000629414685123
scope_20260424_115654,sweep_5622,363,2459.22,0.439210075552352,0.3932180852823228
scope_20260424_115654,sweep_5623,363,2459.22,0.439210075552352,0.4965689213268427
scope_20260424_115654,sweep_5624,363,2459.32,0.43921900532705116,0.4339526691130636
scope_20260424_115654,sweep_5625,363,2459.12,0.4392011455960941,0.4832548521871237
scope_20260424_115654,sweep_5626,363,2459.12,0.4392011455960941,0.46992839377194295
scope_20260424_115654,sweep_5627,363,2459.12,0.4392011455960941,0.5161143726495507
scope_20260424_115654,sweep_5628,364,2658.75,0.4566803810245308,0.4684616881275132
scope_20260424_115654,sweep_5629,364,2658.75,0.4457625527384355,0.43508908047825523
scope_20260424_115654,sweep_5630,364,2658.75,0.4457625527384355,0.45106100517644776
scope_20260424_115654,sweep_5631,365,2647.6,0.44482687349907335,0.48851454329993316
scope_20260424_115654,sweep_5632,366,2658.87,0.4457726121465729,0.4265770893564758
scope_20260424_115654,sweep_5633,366,2658.63,0.44575249310328485,0.5056048490589634
scope_20260424_115654,sweep_5634,367,2647.6,0.44482687349907335,0.35107427227819404
scope_20260424_115654,sweep_5635,367,2647.6,0.44482687349907335,0.49432341567949195
scope_20260424_115654,sweep_5636,367,2647.49,0.4448176327783585,0.49136457223571545
scope_20260424_115654,sweep_5637,367,2647.37,0.4448075517731799,0.4868227059476511
scope_20260424_115654,sweep_5638,368,2841.04,0.4607904870198922,0.3769483131282859
scope_20260424_115654,sweep_5639,368,2840.77,0.4607685907446614,0.453070417019985
scope_20260424_115654,sweep_5640,368,2840.91,0.4607799444987408,0.44421007052529055
scope_20260424_115654,sweep_5641,368,2840.91,0.4607799444987408,0.4172234150041481
scope_20260424_115654,sweep_5642,368,2840.77,0.4607685907446614,0.41213049043551314
scope_20260424_115654,sweep_5643,368,2828.19,0.45974723027600756,0.4844452360373176
scope_20260424_115654,sweep_5644,368,2840.77,0.4607685907446614,0.4868260572826677
scope_20260424_115654,sweep_5645,368,2840.91,0.4607799444987408,0.41977109668668205
scope_20260424_115654,sweep_5646,368,2840.77,0.4607685907446614,0.48396541937088516
scope_20260424_115654,sweep_5647,368,2840.91,0.4607799444987408,0.41291333155552873
scope_20260424_115654,sweep_5648,368,2841.04,0.4607904870198922,0.46761897284759135
scope_20260424_115654,sweep_5649,369,2976.93,0.47168182447819884,0.45701419533438536
scope_20260424_115654,sweep_5650,369,2976.78,0.47166994089931874,0.5402244937450914
scope_20260424_115654,sweep_5651,369,2976.49,0.4716469651311348,0.43314728598517505
scope_20260424_115654,sweep_5652,369,2962.67,0.4705507503420079,0.5761421196879599
scope_20260424_115654,sweep_5653,369,2976.93,0.47168182447819884,0.546460213909671
scope_20260424_115654,sweep_5654,369,2976.93,0.47168182447819884,0.5281927093361408
scope_20260424_115654,sweep_5655,369,2976.78,0.47166994089931874,0.4572355143614484
scope_20260424_115654,sweep_5656,369,2976.78,0.47166994089931874,0.47503692973607364
scope_20260424_115654,sweep_5657,369,2976.78,0.47166994089931874,0.5362109411577829
scope_20260424_115654,sweep_5658,369,2976.78,0.47166994089931874,0.4489279402975534
scope_20260424_115654,sweep_5659,369,2976.93,0.47168182447819884,0.495671721014399
scope_20260424_115654,sweep_5660,369,2962.96,0.47057377963288977,0.4727858575434922
scope_20260424_115654,sweep_5661,369,2976.78,0.47166994089931874,0.46839923753524937
scope_20260424_115654,sweep_5662,369,2976.78,0.47166994089931874,0.510903853509838
scope_20260424_115654,sweep_5663,369,2962.96,0.47057377963288977,0.45492961901961854
scope_20260424_115654,sweep_5664,369,2962.82,0.47056266218490206,0.4828346156892497
scope_20260424_115654,sweep_5665,369,2976.78,0.47166994089931874,0.5216002456397654
scope_20260424_115654,sweep_5666,369,2976.93,0.47168182447819884,0.48180120305331725
scope_20260424_115654,sweep_5667,369,2976.49,0.4716469651311348,0.48968892979453105
scope_20260424_115654,sweep_5668,369,2976.63,0.4832101303046053,0.4526985643346705
scope_20260424_115654,sweep_5669,369,2976.63,0.4832101303046053,0.4473228083099888
scope_20260424_115654,sweep_5670,369,2976.78,0.48322230524849086,0.47593206271901606
scope_20260424_115654,sweep_5671,369,2962.82,0.482087906537577,0.5164549702140002
scope_20260424_115654,sweep_5672,369,2976.63,0.4832101303046053,0.4447080307709196
scope_20260424_115654,sweep_5673,369,2962.82,0.482087906537577,0.48220365246787245
scope_20260424_115654,sweep_5674,369,2962.82,0.482087906537577,0.46723968162188817
scope_20260424_115654,sweep_5675,369,2976.78,0.48322230524849086,0.47888333889259993
scope_20260424_115654,sweep_5676,369,2977.08,0.4832466542160533,0.44967186696133593
scope_20260424_115654,sweep_5677,369,2962.67,0.4820757029441657,0.4734646766391551
scope_20260424_115654,sweep_5678,369,2962.82,0.482087906537577,0.443804713413896
scope_20260424_115654,sweep_5679,369,2976.49,0.48319876674687356,0.40383098513884264
scope_20260424_115654,sweep_5680,369,2962.67,0.4820757029441657,0.45368841557581424
scope_20260424_115654,sweep_5681,369,2977.08,0.4832466542160533,0.42236010260614926
scope_20260424_115654,sweep_5682,369,2962.52,0.4820634990418165,0.47159309980527314
scope_20260424_115654,sweep_5683,369,2976.63,0.4832101303046053,0.5652483887371458
scope_20260424_115654,sweep_5684,369,2976.78,0.47166994089931874,0.46425883757757364
scope_20260424_115654,sweep_5685,369,2963.11,0.47058569089284796,0.5500116434378254
scope_20260424_115654,sweep_5686,369,2962.67,0.4705507503420079,0.4717465927235806
scope_20260424_115654,sweep_5687,369,2976.63,0.4716580570210279,0.4109981575467861
scope_20260424_115654,sweep_5688,369,2976.49,0.4716469651311348,0.4944048343053593
scope_20260424_115654,sweep_5689,369,2976.93,0.47168182447819884,0.4458517473920717
scope_20260424_115654,sweep_5690,369,2962.82,0.47056266218490206,0.46719982685376205
scope_20260424_115654,sweep_5691,369,2976.34,0.4716350806739193,0.5838732629396665
scope_20260424_115654,sweep_5692,369,2963.11,0.47058569089284796,0.443070075132538
scope_20260424_115654,sweep_5693,369,2962.67,0.4705507503420079,0.46471482613510057
scope_20260424_115654,sweep_5694,369,2962.96,0.47057377963288977,0.4576231656167228
scope_20260424_115654,sweep_5695,369,2976.49,0.4716469651311348,0.4565867695794681
scope_20260424_115654,sweep_5696,369,2976.78,0.47166994089931874,0.5256874064177105
scope_20260424_115654,sweep_5697,369,2977.08,0.4716937077576909,0.439439485471846
scope_20260424_115654,sweep_5698,369,2962.52,0.4705388381975616,0.49454479499362125
scope_20260424_115654,sweep_5699,369,2976.78,0.47166994089931874,0.5705423729865898
scope_20260424_115654,sweep_5700,369,2976.63,0.4716580570210279,0.47318954535273333
scope_20260424_115654,sweep_5701,369,2962.67,0.4705507503420079,0.49180535925973934
scope_20260424_115654,sweep_5702,369,2962.52,0.4705388381975616,0.4802132034572514
scope_20260424_115654,sweep_5703,369,2962.82,0.47056266218490206,0.4711673129005786
scope_20260424_115654,sweep_5704,369,2962.82,0.47056266218490206,0.5954303258630106
scope_20260424_115654,sweep_5705,369,2962.82,0.47056266218490206,0.500140038556448
scope_20260424_115654,sweep_5706,369,2962.52,0.4705388381975616,0.5140191937863612
scope_20260424_115654,sweep_5707,369,2963.26,0.4705976018513212,0.5207380702044822
scope_20260424_115654,sweep_5708,369,2976.78,0.47166994089931874,0.48135996060599723
scope_20260424_115654,sweep_5709,369,2962.52,0.4705388381975616,0.40688111369598556
scope_20260424_115654,sweep_5710,369,2962.67,0.4705507503420079,0.48864398652210633
scope_20260424_115654,sweep_5711,369,2962.82,0.47056266218490206,0.5902146265122099
scope_20260424_115654,sweep_5712,369,2962.52,0.4705388381975616,0.5136426681269917
scope_20260424_115654,sweep_5713,369,2962.67,0.4705507503420079,0.4848477915916605
scope_20260424_115654,sweep_5714,369,2976.93,0.47168182447819884,0.6116616307332993
scope_20260424_115654,sweep_5715,369,2977.08,0.4716937077576909,0.509794288035429
scope_20260424_115654,sweep_5716,369,2962.82,0.47056266218490206,0.49351381330829236
scope_20260424_115654,sweep_5717,369,2976.49,0.4716469651311348,0.4532126949847656
scope_20260424_115654,sweep_5718,369,2962.82,0.47056266218490206,0.5149279835553534
scope_20260424_115654,sweep_5719,369,2976.78,0.47166994089931874,0.49539799687299163
scope_20260424_115654,sweep_5720,369,2976.93,0.47168182447819884,0.5805361891976187
scope_20260424_115654,sweep_5721,369,2962.82,0.47056266218490206,0.4934687463791786
scope_20260424_115654,sweep_5722,369,2976.49,0.4716469651311348,0.5214797708416504
scope_20260424_115654,sweep_5723,369,2976.63,0.4716580570210279,0.4814757792331567
scope_20260424_115654,sweep_5724,369,2976.49,0.4716469651311348,0.4894385011201835
scope_20260424_115654,sweep_5725,369,2976.78,0.47166994089931874,0.485178039137857
scope_20260424_115654,sweep_5726,369,2976.93,0.47168182447819884,0.4625390799307107
scope_20260424_115654,sweep_5727,369,2976.78,0.47166994089931874,0.510629682181597
scope_20260424_115654,sweep_5728,369,2962.67,0.4705507503420079,0.47677929176152034
scope_20260424_115654,sweep_5729,369,2963.11,0.47058569089284796,0.45154155112883215
scope_20260424_115654,sweep_5730,369,2976.49,0.4716469651311348,0.4597362290979316
scope_20260424_115654,sweep_5731,369,2962.52,0.4705388381975616,0.46858457278879995
scope_20260424_115654,sweep_5732,369,2976.63,0.4716580570210279,0.4755346370588674
scope_20260424_115654,sweep_5733,369,2976.93,0.47168182447819884,0.4581037740682629
scope_20260424_115654,sweep_5734,369,2976.63,0.4716580570210279,0.42624423594428146
scope_20260424_115654,sweep_5735,369,2962.82,0.47056266218490206,0.42061437633859405
scope_20260424_115654,sweep_5736,369,2976.78,0.47166994089931874,0.47457340253357005
scope_20260424_115654,sweep_5737,369,2962.82,0.47056266218490206,0.4969289628677416
scope_20260424_115654,sweep_5738,369,2962.96,0.47057377963288977,0.44306666535048955
scope_20260424_115654,sweep_5739,369,2976.78,0.47166994089931874,0.49703889088303566
scope_20260424_115654,sweep_5740,369,2976.63,0.4716580570210279,0.4602198264935407
scope_20260424_115654,sweep_5741,369,2976.78,0.47166994089931874,0.4713825567717988
scope_20260424_115654,sweep_5742,369,2976.93,0.47168182447819884,0.5125987614846653
scope_20260424_115654,sweep_5743,369,2962.52,0.4705388381975616,0.41649568470489573
scope_20260424_115654,sweep_5744,369,2962.82,0.47056266218490206,0.47867764944310215
scope_20260424_115654,sweep_5745,369,2962.96,0.47057377963288977,0.4628768482809733
scope_20260424_115654,sweep_5746,369,2976.63,0.4716580570210279,0.5237849195199548
scope_20260424_115654,sweep_5747,369,2962.67,0.4705507503420079,0.5505545333791343
scope_20260424_115654,sweep_5748,369,2962.82,0.47056266218490206,0.5443657046819759
scope_20260424_115654,sweep_5749,369,2976.63,0.4716580570210279,0.5201200399419075
scope_20260424_115654,sweep_5750,369,2976.93,0.47168182447819884,0.5230500484148237
scope_20260424_115654,sweep_5751,369,2962.67,0.4705507503420079,0.4827787497838528
scope_20260424_115654,sweep_5752,369,2962.82,0.47056266218490206,0.42101498127776155
scope_20260424_115654,sweep_5753,369,2976.78,0.47166994089931874,0.5366544144461826
scope_20260424_115654,sweep_5754,369,2962.82,0.47056266218490206,0.6018294216083135
scope_20260424_115654,sweep_5755,369,2976.78,0.47166994089931874,0.4675173802494919
scope_20260424_115654,sweep_5756,369,2976.49,0.4716469651311348,0.4460053744341173
scope_20260424_115654,sweep_5757,369,2976.93,0.47168182447819884,0.4720339983061089
scope_20260424_115654,sweep_5758,369,2976.78,0.47166994089931874,0.503150630130694
scope_20260424_115654,sweep_5759,369,2962.82,0.47056266218490206,0.5127470978055934
scope_20260424_115654,sweep_5760,369,2976.49,0.4716469651311348,0.41338077231370074
scope_20260424_115654,sweep_5761,369,2962.67,0.4705507503420079,0.45976279377612306
scope_20260424_115654,sweep_5762,369,2976.34,0.4716350806739193,0.44289401603801226
scope_20260424_115654,sweep_5763,369,2976.34,0.4716350806739193,0.5020621500703274
scope_20260424_115654,sweep_5764,369,2976.78,0.47166994089931874,0.5215994530741983
scope_20260424_115654,sweep_5765,369,2976.49,0.4716469651311348,0.5148169675292426
scope_20260424_115654,sweep_5766,369,2962.67,0.4705507503420079,0.44411851218495463
scope_20260424_115654,sweep_5767,369,2962.82,0.47056266218490206,0.48724883617183284
scope_20260424_115654,sweep_5768,369,2962.82,0.47056266218490206,0.44141876583816064
scope_20260424_115654,sweep_5769,369,2962.67,0.4705507503420079,0.5517317515849253
scope_20260424_115654,sweep_5770,369,2962.82,0.47056266218490206,0.49880103860967945
scope_20260424_115654,sweep_5771,369,2976.93,0.47168182447819884,0.48725501721708764
scope_20260424_115654,sweep_5772,369,2976.93,0.47168182447819884,0.4826474967557246
scope_20260424_115654,sweep_5773,369,2976.93,0.47168182447819884,0.4639329854938883
scope_20260424_115654,sweep_5774,369,2976.63,0.4716580570210279,0.4936304760774819
scope_20260424_115654,sweep_5775,369,2962.82,0.47056266218490206,0.45454444014752604
scope_20260424_115654,sweep_5776,369,2976.19,0.47162319591722673,0.45557090457476895
scope_20260424_115654,sweep_5777,369,2962.52,0.4705388381975616,0.5267407444711563
scope_20260424_115654,sweep_5778,369,2976.63,0.4716580570210279,0.4270204679140514
scope_20260424_115654,sweep_5779,369,2976.49,0.4716469651311348,0.47113830882861923
scope_20260424_115654,sweep_5780,369,2962.82,0.47056266218490206,0.49532800091404305
scope_20260424_115654,sweep_5781,369,2962.38,0.4705277199239911,0.5128346403241031
scope_20260424_115654,sweep_5782,369,2976.49,0.4716469651311348,0.5264084802552861
scope_20260424_115654,sweep_5783,369,2962.96,0.47057377963288977,0.4439951258425503
scope_20260424_115654,sweep_5784,369,2962.82,0.47056266218490206,0.5334813940811048
scope_20260424_115654,sweep_5785,369,2976.78,0.47166994089931874,0.5289148114129456
scope_20260424_115654,sweep_5786,369,2962.82,0.47056266218490206,0.4887104211705618
scope_20260424_115654,sweep_5787,369,2962.52,0.4705388381975616,0.5022787322765893
scope_20260424_115654,sweep_5788,369,2976.49,0.4716469651311348,0.5230893050231102
scope_20260424_115654,sweep_5789,369,2962.82,0.47056266218490206,0.4832980483475279
scope_20260424_115654,sweep_5790,369,2962.52,0.4705388381975616,0.4322582682788314
scope_20260424_115654,sweep_5791,369,2962.96,0.47057377963288977,0.47554037142403477
scope_20260424_115654,sweep_5792,369,2976.63,0.4716580570210279,0.4755081862913058
scope_20260424_115654,sweep_5793,369,2976.93,0.47168182447819884,0.44211045188632475
scope_20260424_115654,sweep_5794,369,2962.38,0.4705277199239911,0.49638038552032104
scope_20260424_115654,sweep_5795,369,2976.78,0.47166994089931874,0.5068384073083214
scope_20260424_115654,sweep_5796,369,2976.78,0.47166994089931874,0.43686906575293005
scope_20260424_115654,sweep_5797,369,2976.93,0.47168182447819884,0.47734012424925615
scope_20260424_115654,sweep_5798,369,2976.78,0.47166994089931874,0.4883576005036018
scope_20260424_115654,sweep_5799,369,2962.82,0.47056266218490206,0.47038993970227977
scope_20260424_115654,sweep_5800,369,2962.82,0.47056266218490206,0.48547994242819115
scope_20260424_115654,sweep_5801,369,2976.63,0.4716580570210279,0.47434348996855086
scope_20260424_115654,sweep_5802,369,2976.63,0.4716580570210279,0.48279465564031604
scope_20260424_115654,sweep_5803,369,2977.08,0.4716937077576909,0.503971401577778
scope_20260424_115654,sweep_5804,369,2962.82,0.47056266218490206,0.5249905648071428
scope_20260424_115654,sweep_5805,369,2962.96,0.47057377963288977,0.4577971572447383
scope_20260424_115654,sweep_5806,369,2976.93,0.47168182447819884,0.4408014319726222
scope_20260424_115654,sweep_5807,369,2976.49,0.4716469651311348,0.35746940813468936
scope_20260424_115654,sweep_5808,369,2962.67,0.4705507503420079,0.4085675248705921
scope_20260424_115654,sweep_5809,369,2976.93,0.47168182447819884,0.38417696118448447
scope_20260424_115654,sweep_5810,369,2962.67,0.4705507503420079,0.41529578802706624
scope_20260424_115654,sweep_5811,369,2963.11,0.47058569089284796,0.42578946639806975
scope_20260424_115654,sweep_5812,369,2962.67,0.4705507503420079,0.4874829267909261
scope_20260424_115654,sweep_5813,369,2976.63,0.4716580570210279,0.5155213027171477
scope_20260424_115654,sweep_5814,369,2976.93,0.47168182447819884,0.438481420630352
scope_20260424_115654,sweep_5815,369,2976.78,0.47166994089931874,0.44109379980377894
scope_20260424_115654,sweep_5816,369,2962.96,0.47057377963288977,0.4464571734230451
scope_20260424_115654,sweep_5817,369,2976.49,0.4716469651311348,0.5064741939759854
scope_20260424_115654,sweep_5818,369,2976.34,0.4716350806739193,0.4967300472953239
scope_20260424_115654,sweep_5819,369,2962.96,0.47057377963288977,0.4236762302314724
scope_20260424_115654,sweep_5820,369,2976.78,0.47166994089931874,0.43107646051741294
scope_20260424_115654,sweep_5821,369,2976.78,0.47166994089931874,0.4188744076597645
scope_20260424_115654,sweep_5822,369,2976.93,0.47168182447819884,0.4699179230684398
scope_20260424_115654,sweep_5823,369,2962.96,0.47057377963288977,0.47847413587595744
scope_20260424_115654,sweep_5824,369,2962.67,0.4705507503420079,0.4800740301175421
scope_20260424_115654,sweep_5825,369,2977.08,0.4716937077576909,0.4515728701081212
scope_20260424_115654,sweep_5826,369,2976.34,0.4716350806739193,0.48203799671573017
scope_20260424_115654,sweep_5827,369,2976.78,0.47166994089931874,0.44498360748877447
scope_20260424_115654,sweep_5828,369,2962.52,0.4705388381975616,0.4277177962940201
scope_20260424_115654,sweep_5829,369,2962.96,0.47057377963288977,0.4216871613061731
scope_20260424_115654,sweep_5830,369,2976.93,0.47168182447819884,0.43779731945141337
scope_20260424_115654,sweep_5831,369,2962.67,0.4705507503420079,0.5709707759431792
scope_20260424_115654,sweep_5832,369,2962.52,0.4705388381975616,0.44150647465847404
scope_20260424_115654,sweep_5833,369,2962.96,0.47057377963288977,0.3897783836618758
scope_20260424_115654,sweep_5834,369,2976.78,0.47166994089931874,0.44289260161941396
scope_20260424_115654,sweep_5835,369,2976.93,0.47168182447819884,0.44998199841544945
scope_20260424_115654,sweep_5836,369,2962.96,0.47057377963288977,0.46411052379749035
scope_20260424_115654,sweep_5837,369,2963.11,0.47058569089284796,0.46088474117010786
scope_20260424_115654,sweep_5838,369,2976.93,0.47168182447819884,0.4461662562494556
scope_20260424_115654,sweep_5839,369,2976.63,0.4716580570210279,0.4257658670452051
scope_20260424_115654,sweep_5840,369,2962.67,0.4705507503420079,0.4624556476497651
scope_20260424_115654,sweep_5841,369,2962.96,0.47057377963288977,0.4517630995435766
scope_20260424_115654,sweep_5842,369,2962.67,0.4705507503420079,0.45332929056002
scope_20260424_115654,sweep_5843,369,2962.82,0.47056266218490206,0.47421037635443525
scope_20260424_115654,sweep_5844,369,2976.93,0.47168182447819884,0.4455662026836303
scope_20260424_115654,sweep_5845,369,2962.82,0.47056266218490206,0.45708716228630064
scope_20260424_115654,sweep_5846,369,2976.63,0.4716580570210279,0.4253306286929734
scope_20260424_115654,sweep_5847,369,2962.96,0.47057377963288977,0.41841717208976104
scope_20260424_115654,sweep_5848,369,2962.82,0.47056266218490206,0.4560186644621402
scope_20260424_115654,sweep_5849,369,2976.93,0.47168182447819884,0.4511764187561951
scope_20260424_115654,sweep_5850,369,2962.67,0.4705507503420079,0.4494056145838568
scope_20260424_115654,sweep_5851,369,2976.63,0.4716580570210279,0.45343531475554644
scope_20260424_115654,sweep_5852,369,2976.78,0.47166994089931874,0.4711047939235699
scope_20260424_115654,sweep_5853,369,2976.78,0.47166994089931874,0.5182570866993444
scope_20260424_115654,sweep_5854,369,2976.78,0.47166994089931874,0.4435807603827725
scope_20260424_115654,sweep_5855,369,2976.78,0.47166994089931874,0.45410831549738007
scope_20260424_115654,sweep_5856,369,2976.63,0.4716580570210279,0.41594777212183576
scope_20260424_115654,sweep_5857,369,2976.49,0.4716469651311348,0.47330129943483523
scope_20260424_115654,sweep_5858,369,2976.78,0.47166994089931874,0.43067585263763886
scope_20260424_115654,sweep_5859,369,2962.38,0.4705277199239911,0.4690722166146817
scope_20260424_115654,sweep_5860,369,2976.78,0.47166994089931874,0.48362353828616045
scope_20260424_115654,sweep_5861,369,2976.78,0.47166994089931874,0.43757600682023745
scope_20260424_115654,sweep_5862,369,2976.93,0.47168182447819884,0.4819672254221959
scope_20260424_115654,sweep_5863,369,2962.67,0.4705507503420079,0.46428508739732643
scope_20260424_115654,sweep_5864,369,2976.93,0.47168182447819884,0.47335766889161945
scope_20260424_115654,sweep_5865,369,2976.78,0.47166994089931874,0.4734921602769023
scope_20260424_115654,sweep_5866,369,2976.78,0.47166994089931874,0.4928108568079236
scope_20260424_115654,sweep_5867,369,2976.63,0.4716580570210279,0.48250578534193583
scope_20260424_115654,sweep_5868,369,2962.82,0.47056266218490206,0.42631582940945945
scope_20260424_115654,sweep_5869,369,2976.63,0.4716580570210279,0.4562539340674201
scope_20260424_115654,sweep_5870,369,2962.67,0.4705507503420079,0.4580158624170509
scope_20260424_115654,sweep_5871,370,2841.04,0.4607904870198922,0.49708079723548765
scope_20260424_115654,sweep_5872,370,2840.77,0.4607685907446614,0.5213752028317904
scope_20260424_115654,sweep_5873,370,2840.91,0.4607799444987408,0.4787562456998594
scope_20260424_115654,sweep_5874,370,2828.32,0.4597577964779142,0.5104825699678741
scope_20260424_115654,sweep_5875,370,2841.04,0.4607904870198922,0.4441972274242875
scope_20260424_115654,sweep_5876,370,2828.05,0.4597358510177546,0.5022478401593049
scope_20260424_115654,sweep_5877,370,2841.04,0.4607904870198922,0.5514196675591729
scope_20260424_115654,sweep_5878,370,2841.04,0.4607904870198922,0.4846540841310295
scope_20260424_115654,sweep_5879,370,2840.91,0.4607799444987408,0.5364774016861312
scope_20260424_115654,sweep_5880,370,2840.64,0.4607580477225054,0.4502575007384837
scope_20260424_115654,sweep_5881,370,2840.77,0.4607685907446614,0.4514331547388235
scope_20260424_115654,sweep_5882,371,2647.49,0.4448176327783585,0.42795656741988786
scope_20260424_115654,sweep_5883,371,2647.37,0.4448075517731799,0.6134827834695542
scope_20260424_115654,sweep_5884,371,2647.49,0.4448176327783585,0.4052838382282317
scope_20260424_115654,sweep_5885,371,2647.49,0.4448176327783585,0.4540026661892352
scope_20260424_115654,sweep_5886,371,2647.49,0.4448176327783585,0.4297143191536201
scope_20260424_115654,sweep_5887,371,2647.37,0.4448075517731799,0.49840280771703815
scope_20260424_115654,sweep_5888,371,2647.25,0.4447974705395228,0.4629022312447316
scope_20260424_115654,sweep_5889,371,2647.37,0.4448075517731799,0.5073754099669772
scope_20260424_115654,sweep_5890,371,2647.49,0.4448176327783585,0.4466555009874633
scope_20260424_115654,sweep_5891,371,2647.49,0.4448176327783585,0.35675695371038346
scope_20260424_115654,sweep_5892,372,2439.82,0.42701558293912556,0.4077736086519807
scope_20260424_115654,sweep_5893,373,2459.22,0.4287099087274803,0.41952528486546226
scope_20260424_115654,sweep_5894,373,2459.22,0.4287099087274803,0.3885827683269175
scope_20260424_115654,sweep_5895,373,2459.12,0.42870119225910824,0.42556548633885616
scope_20260424_115654,sweep_5896,373,2459.12,0.42870119225910824,0.4324501519765925
scope_20260424_115654,sweep_5897,373,2459.12,0.42870119225910824,0.5268071839066745
scope_20260424_115654,sweep_5898,373,2459.12,0.42870119225910824,0.32882728125722965
scope_20260424_115654,sweep_5899,373,2468.83,0.4295467360930553,0.41942510832723556
scope_20260424_115654,sweep_5900,373,2459.22,0.4287099087274803,0.43410262919297565
scope_20260424_115654,sweep_5901,373,2459.42,0.42872734113258054,0.48281657189086014
scope_20260424_115654,sweep_5902,373,2459.22,0.4287099087274803,0.38024700139000045
scope_20260424_115654,sweep_5903,374,2278.94,0.4126969658617937,0.44719448771515957
scope_20260424_115654,sweep_5904,374,2270.83,0.41196198481851953,0.38585848471977247
scope_20260424_115654,sweep_5905,374,2270.75,0.411954728165874,0.42133783538274105
scope_20260424_115654,sweep_5906,374,2270.66,0.4119465642788513,0.4662256389984094
scope_20260424_115654,sweep_5907,374,2270.66,0.4119465642788513,0.3996853909607378
scope_20260424_115654,sweep_5908,374,2270.92,0.4119701483999581,0.38723780073377867
scope_20260424_115654,sweep_5909,374,2270.58,0.41193930735456014,0.42028929795225717
scope_20260424_115654,sweep_5910,374,2270.58,0.41193930735456014,0.32473092455449987
scope_20260424_115654,sweep_5911,374,2279.03,0.4228132847132596,0.4255037779217274
scope_20260424_115654,sweep_5912,374,2270.83,0.42205195353172087,0.47116912682076767
scope_20260424_115654,sweep_5913,374,2270.75,0.4220445191456901,0.35641144094607163
scope_20260424_115654,sweep_5914,375,2081.24,0.4040496038951211,0.43032391353945654
scope_20260424_115654,sweep_5915,375,2087.76,0.40468200174748437,0.306888509908023
scope_20260424_115654,sweep_5916,375,2087.83,0.4046887859330895,0.3936997473331832
scope_20260424_115654,sweep_5917,375,2081.02,0.40402824805387716,0.47055415123894184
scope_20260424_115654,sweep_5918,375,2087.83,0.4046887859330895,0.37137431114288877
scope_20260424_115654,sweep_5919,375,2087.68,0.4046742482532411,0.4850049819295679
scope_20260424_115654,sweep_5920,375,2081.09,0.4040350432167143,0.4443459270506297
scope_20260424_115654,sweep_5921,375,2087.83,0.4046887859330895,0.4602547457489682
scope_20260424_115654,sweep_5922,375,2081.17,0.4040428089771644,0.47132535562019384
scope_20260424_115654,sweep_5923,375,2081.02,0.40402824805387716,0.43153187995066133
scope_20260424_115654,sweep_5924,376,1874.12,0.38341782649192113,0.5319883528850355
scope_20260424_115654,sweep_5925,376,1896.87,0.37651615443798203,0.33290090886600415
scope_20260424_115654,sweep_5926,376,1896.87,0.37651615443798203,0.38355503956623827
scope_20260424_115654,sweep_5927,376,1896.93,0.37652210919255796,0.3445824313747578
scope_20260424_115654,sweep_5928,376,1896.87,0.37651615443798203,0.40189384133998557
scope_20260424_115654,sweep_5929,376,1896.93,0.37652210919255796,0.34938768126419134
scope_20260424_115654,sweep_5930,376,1896.87,0.37651615443798203,0.43152700620904105
scope_20260424_115654,sweep_5931,376,1896.99,0.3765280638529601,0.49725478455122263
scope_20260424_115654,sweep_5932,376,1896.87,0.37651615443798203,0.33543368858413036
scope_20260424_115654,sweep_5933,376,1897.05,0.37653401841919276,0.4345865482971013
scope_20260424_115654,sweep_5934,376,1896.93,0.37652210919255796,0.516441853038706
scope_20260424_115654,sweep_5935,377,1713.99,0.3494466438641103,0.47280234230029333
scope_20260424_115654,sweep_5936,377,1709.55,0.3489937388880634,0.5681634149537437
scope_20260424_115654,sweep_5937,377,1709.3,0.34896822000160227,0.5164144943024065
scope_20260424_115654,sweep_5938,377,1709.3,0.34896822000160227,0.43855739680983685
scope_20260424_115654,sweep_5939,377,1713.84,0.34943135260119457,0.48099030987584734
scope_20260424_115654,sweep_5940,377,1709.21,0.3489590327456401,0.4720525774683926
scope_20260424_115654,sweep_5941,377,1709.21,0.3489590327456401,0.5448068394598208
scope_20260424_115654,sweep_5942,377,1709.35,0.3489733239281812,0.4775474064481646
scope_20260424_115654,sweep_5943,377,1709.26,0.34896413680659133,0.5337337202979137
scope_20260424_115654,sweep_5944,377,1709.26,0.34896413680659133,0.4446548512155145
scope_20260424_115654,sweep_5945,377,1709.4,0.34897842778011356,0.46365010163539927
scope_20260424_115654,sweep_5946,378,1521.3,0.3292184489966648,0.5007052279893442
scope_20260424_115654,sweep_5947,378,1521.18,0.3292054643805562,0.5222600898961611
scope_20260424_115654,sweep_5948,378,1521.34,0.3371925513724198,0.4895357242969324
scope_20260424_115654,sweep_5949,378,1521.18,0.33717481956138423,0.30296414838452634
scope_20260424_115654,sweep_5950,378,1521.22,0.3371792526015643,0.4564831992950859
scope_20260424_115654,sweep_5951,378,1521.3,0.3371881185070798,0.4412261136353325
scope_20260424_115654,sweep_5952,378,1521.14,0.3371703864629195,0.4319070758622438
scope_20260424_115654,sweep_5953,378,1521.14,0.3454285238051978,0.5216431972001943
scope_20260424_115654,sweep_5954,378,1521.3,0.3454466901510106,0.43636710029103337
scope_20260424_115654,sweep_5955,378,1521.38,0.3454557729656771,0.5445014356871589
scope_20260424_115654,sweep_5956,379,1309.87,0.32054403614838184,0.4083317619502713
scope_20260424_115654,sweep_5957,379,1332.24,0.331280877617162,0.3678257381281071
scope_20260424_115654,sweep_5958,379,1332.24,0.331280877617162,0.23488878089678056
scope_20260424_115654,sweep_5959,379,1332.27,0.33128460756461126,0.350251665839493
scope_20260424_115654,sweep_5960,379,1332.3,0.3312883374700654,0.2776479766529283
scope_20260424_115654,sweep_5961,379,1332.24,0.331280877617162,0.2502778311716169
scope_20260424_115654,sweep_5962,379,1332.27,0.33128460756461126,0.3440416970775428
scope_20260424_115654,sweep_5963,379,1332.21,0.3312771476277162,0.42007350799506604
scope_20260424_115654,sweep_5964,379,1335.11,0.3316375192933193,0.2893480980648489
scope_20260424_115654,sweep_5965,379,1332.3,0.3312883374700654,0.35568535405603086
scope_20260424_115654,sweep_5966,379,1332.15,0.33126968752282904,0.3707073257557733
scope_20260424_115654,sweep_5967,380,1147.86,0.30750316811018324,0.2973276406167627
scope_20260424_115654,sweep_5968,380,1143.86,0.3069669153816791,0.25913859129617167
scope_20260424_115654,sweep_5969,380,1143.64,0.3069373943000524,0.24457777611643172
scope_20260424_115654,sweep_5970,380,1143.69,0.306944103886101,0.37889453859189276
scope_20260424_115654,sweep_5971,380,1143.69,0.306944103886101,0.41232970203441227
scope_20260424_115654,sweep_5972,380,1143.75,0.306952155195764,0.34474343001793567
scope_20260424_115654,sweep_5973,380,1143.73,0.29952657443020564,0.35476119627678737
scope_20260424_115654,sweep_5974,380,1143.66,0.2995174082891453,0.34666567021255135
scope_20260424_115654,sweep_5975,380,1143.73,0.29952657443020564,0.311943697602388
scope_20260424_115654,sweep_5976,380,1143.69,0.29952133666966196,0.30492194714102916
scope_20260424_115654,sweep_5977,381,931.46,0.25803576011744384,0.25180144172184915
scope_20260424_115654,sweep_5988,383,771.88,0.21039870194089413,0.21867748930097095
scope_20260424_115654,sweep_5989,383,769.97,0.20996649060659262,0.23158489378726516
scope_20260424_115654,sweep_5990,383,770.98,0.21019506482873662,0.16655869766911582
scope_20260424_115654,sweep_5991,383,772.84,0.20569400358801687,0.18711148472952682
scope_20260424_115654,sweep_5992,383,773.77,0.20589942640341516,0.19920208461193717
scope_20260424_115654,sweep_5993,383,775.72,0.20633001547547034,0.21989723066816413
scope_20260424_115654,sweep_5994,383,776.74,0.20655517336457505,0.20991000280165556
scope_20260424_115654,sweep_5995,383,778.61,0.2069678323502574,0.19602095546307222
scope_20260424_115654,sweep_5996,383,779.56,0.2071774073864346,0.22449013993551756
scope_20260424_115654,sweep_5997,383,780.65,0.20741781368782364,0.2402617282258534
scope_20260424_115654,sweep_5998,383,781.62,0.20763170525654137,0.15539346053904593
scope_20260424_115654,sweep_5999,384,595.92,0.16577280186524063,0.1563697666809453
scope_20260424_115654,sweep_6000,384,602.88,0.16737820180287052,0.18818084440021354
scope_20260424_115654,sweep_6001,384,608.75,0.16872973276014566,0.15030603640695725
scope_20260424_115654,sweep_6002,384,612.96,0.1696976943999533,0.15143011196562256
scope_20260424_115654,sweep_6003,384,618.42,0.17504191616458173,0.15514761700000673
scope_20260424_115654,sweep_6004,384,620.3,0.1754834686874856,0.22799119937374926
scope_20260424_115654,sweep_6005,384,625.93,0.176804420326137,0.18668654748997934
scope_20260424_115654,sweep_6006,384,631.62,0.17813739896616604,0.1689943552010008
scope_20260424_115654,sweep_6007,384,634.84,0.178890833178762,0.14738031310766433
scope_20260424_115654,sweep_6008,384,636.79,0.1836883889565509,0.20098988457276415
scope_20260424_115654,sweep_6009,385,428.77,0.13228514419901366,0.13320309082958795
scope_20260424_115654,sweep_6010,386,461.52,0.14061866382393484,0.14460985129095796
scope_20260424_115654,sweep_6011,386,466.72,0.1419324345180865,0.13087852726618893
scope_20260424_115654,sweep_6012,386,472.75,0.14345279240534428,0.15597931274892604
scope_20260424_115654,sweep_6013,386,480.81,0.14904300607593032,0.15790406631715953
scope_20260424_115654,sweep_6014,386,488.31,0.15097010822622714,0.17329713577659925
scope_20260424_115654,sweep_6015,386,495.34,0.152771880725505,0.16733669550529154
scope_20260424_115654,sweep_6016,386,499.73,0.1538948205334782,0.1868544974250879
scope_20260424_115654,sweep_6017,386,505.83,0.15930482779812818,0.14190297255637263
scope_20260424_115654,sweep_6018,386,509.55,0.16027662265311876,0.15936559340081669
scope_20260424_115654,sweep_6019,386,515.45,0.16181544242097323,0.14134913242991423
scope_20260424_115654,sweep_6020,387,364.9,0.12148130260844806,0.12036912498022741
scope_20260424_115654,sweep_6021,387,364.67,0.12141774540524108,0.13210099904908296
scope_20260424_115654,sweep_6022,387,363.82,0.12118280091788451,0.1149309173062479
scope_20260424_115654,sweep_6023,387,364.25,0.1213016668369199,0.13785124608165614
scope_20260424_115654,sweep_6024,387,365.11,0.12153932715075641,0.13910837109447866
scope_20260424_115654,sweep_6025,387,368.14,0.12237590882574807,0.1313272029452129
scope_20260424_115654,sweep_6026,387,376.84,0.12477151242518893,0.13788865929648453
scope_20260424_115654,sweep_6027,387,384.98,0.12700441343873958,0.13751232390744447
scope_20260424_115654,sweep_6028,387,391.79,0.12574996742298403,0.14373699079596847
scope_20260424_115654,sweep_6029,387,398.31,0.12748444791870203,0.1314161814597804
scope_20260424_115654,sweep_6030,387,403.47,0.12885371354427394,0.12485966538928964
scope_20260424_115654,sweep_6031,387,364.68,0.11848422128155621,0.11022550981443327
scope_20260424_115654,sweep_6032,387,364.91,0.11854624120473906,0.11961334661246427
scope_20260424_115654,sweep_6033,387,364.69,0.11565425886645223,0.14886272481074347
scope_20260424_115654,sweep_6034,387,364.04,0.11548314111697146,0.11438271721226523
scope_20260424_115654,sweep_6035,387,364.69,0.11565425886645223,0.10458045244665777
scope_20260424_115654,sweep_6036,387,364.48,0.11559898034437763,0.11198422728981479
scope_20260424_115654,sweep_6037,387,364.27,0.11281274290174248,0.12408102318004002
scope_20260424_115654,sweep_6038,387,364.68,0.11291812216767724,0.12719002240729288
scope_20260424_115654,sweep_6039,387,364.49,0.1128692903791926,0.12159901621840075
scope_20260424_115654,sweep_6040,387,364.26,0.11281017242393479,0.11046195145157081
scope_20260424_115654,sweep_6041,387,364.91,0.11297722854645952,0.11881483495769643
scope_20260424_115654,sweep_6042,387,364.48,0.11022914608103346,0.10803489395127165
scope_20260424_115654,sweep_6043,387,363.83,0.11006596114581949,0.10350174541457928
scope_20260424_115654,sweep_6044,387,364.48,0.11022914608103346,0.13725540866050845
scope_20260424_115654,sweep_6045,387,363.63,0.11001574042887594,0.11844508412214934
scope_20260424_115654,sweep_6046,387,363.4,0.10995798079884939,0.11823753546399793
scope_20260424_115654,sweep_6047,387,364.05,0.10757667332733062,0.11183859248875673
scope_20260424_115654,sweep_6048,387,364.05,0.10757667332733062,0.12721450510915885
scope_20260424_115654,sweep_6049,387,364.04,0.10757422067392204,0.11119588579501934
scope_20260424_115654,sweep_6050,387,363.6,0.10746629257978468,0.10185494657031383
scope_20260424_115654,sweep_6051,387,364.46,0.10767722226018588,0.11252823628906557
scope_20260424_115654,sweep_6052,387,364.27,0.10763062880533648,0.11510489831934924
scope_20260424_115654,sweep_6053,387,364.47,0.1076796744328809,0.09530461941454213
scope_20260424_115654,sweep_6054,387,364.03,0.10757176800906,0.13503617287693342
scope_20260424_115654,sweep_6055,387,364.06,0.11012370916887008,0.11051790087493427
scope_20260424_115654,sweep_6056,387,364.05,0.11012119851425223,0.10842819507950642
scope_20260424_115654,sweep_6057,387,363.81,0.11006093928535629,0.11407992878878064
scope_20260424_115654,sweep_6058,387,363.2,0.10990774998189871,0.11559425553890355
scope_20260424_115654,sweep_6059,387,363.83,0.11006596114581949,0.11989489920542538
scope_20260424_115654,sweep_6060,387,364.46,0.11022412574422577,0.1369161675022936
scope_20260424_115654,sweep_6061,387,364.26,0.11017391979976687,0.12290415966394111
scope_20260424_115654,sweep_6062,387,363.62,0.11264563687480447,0.11355583462968749
scope_20260424_115654,sweep_6063,387,362.98,0.1124810520870288,0.12022174254765414
scope_20260424_115654,sweep_6064,387,363.63,0.11264820812116198,0.11371720253402878
scope_20260424_115654,sweep_6065,387,363.85,0.11270477250046006,0.12168333182171667
scope_20260424_115654,sweep_6066,387,363.19,0.11525929335136846,0.10638247931756542
scope_20260424_115654,sweep_6067,387,363.2,0.11526192737184238,0.11450143051865372
scope_20260424_115654,sweep_6068,387,363.41,0.1153172389544504,0.13381715609414
scope_20260424_115654,sweep_6069,387,363.6,0.11536727808540434,0.1279747790072265
scope_20260424_115654,sweep_6070,387,363.61,0.11536991160072241,0.12826144582457827
scope_20260424_115654,sweep_6071,387,364.03,0.11830891161688975,0.12916588778168442
scope_20260424_115654,sweep_6072,387,362.56,0.11791224560681081,0.06142055714242225
scope_20260424_115654,sweep_6073,388,207.04,0.0740625461374257,0.06521490130854209
scope_20260424_115654,sweep_6074,388,207.04,0.0740625461374257,0.06763316428173226
scope_20260424_115654,sweep_6075,388,207.04,0.07589797143816546,0.0664626528898864
scope_20260424_115654,sweep_6076,388,207.04,0.07589797143816546,0.07399510378359272
scope_20260424_115654,sweep_6077,388,207.04,0.07589797143816546,0.07267024300088865
scope_20260424_115654,sweep_6078,388,207.04,0.07589797143816546,0.06973484170590112
scope_20260424_115654,sweep_6079,388,207.04,0.07589797143816546,0.07491432061536184
scope_20260424_115654,sweep_6080,388,207.04,0.07589797143816546,0.06581741919324996
scope_20260424_115654,sweep_6081,388,207.04,0.07589797143816546,0.08043851345889468
scope_20260424_115654,sweep_6082,388,207.04,0.07589797143816546,0.08237693127926782
scope_20260424_115654,sweep_6083,388,207.04,0.07589797143816546,0.06742110345802337
scope_20260424_115654,sweep_6084,388,207.04,0.07589797143816546,0.06322615430763813
scope_20260424_115654,sweep_6085,388,207.04,0.0740625461374257,0.07817427331386358
scope_20260424_115654,sweep_6086,388,207.04,0.0740625461374257,0.07248819163062083
scope_20260424_115654,sweep_6087,388,207.04,0.0740625461374257,0.06876109906682548
scope_20260424_115654,sweep_6088,388,207.04,0.0740625461374257,0.06731936664160758
scope_20260424_115654,sweep_6089,388,207.04,0.0740625461374257,0.06772281555301451
scope_20260424_115654,sweep_6090,388,207.04,0.07229193764457699,0.07478932919433483
scope_20260424_115654,sweep_6091,388,207.04,0.07229193764457699,0.07516760495699071
scope_20260424_115654,sweep_6092,388,207.04,0.07229193764457699,0.06643040333106515
scope_20260424_115654,sweep_6093,388,207.04,0.07058326874531176,0.07318442839006564
scope_20260424_115654,sweep_6094,388,207.04,0.07058326874531176,0.08211702295327175
scope_20260424_115654,sweep_6095,388,207.04,0.07058326874531176,0.0773172919168851
scope_20260424_115654,sweep_6096,388,207.04,0.07058326874531176,0.0692481153243056
scope_20260424_115654,sweep_6097,388,207.04,0.07058326874531176,0.06652653999366445
scope_20260424_115654,sweep_6098,388,207.04,0.0689338135281624,0.06834466510423738
scope_20260424_115654,sweep_6099,388,207.04,0.0689338135281624,0.0776606783434628
scope_20260424_115654,sweep_6100,388,207.04,0.0689338135281624,0.07999797974805276
scope_20260424_115654,sweep_6101,388,207.04,0.06734098828543435,0.06708193507122248
scope_20260424_115654,sweep_6102,388,207.04,0.06734098828543435,0.07736372031576003
scope_20260424_115654,sweep_6103,388,207.04,0.06734098828543435,0.0666135486940311
scope_20260424_115654,sweep_6104,388,207.04,0.06734098828543435,0.06855092034863614
scope_20260424_115654,sweep_6105,388,207.04,0.06580234302574536,0.08021158468523618
scope_20260424_115654,sweep_6106,388,207.04,0.06580234302574536,0.0646566433507602
scope_20260424_115654,sweep_6107,388,207.04,0.06580234302574536,0.07338132713938303
scope_20260424_115654,sweep_6108,388,207.04,0.06580234302574536,0.07193815869322263
scope_20260424_115654,sweep_6109,388,207.04,0.06431555355295969,0.07117519342249959
scope_20260424_115654,sweep_6110,388,207.04,0.06431555355295969,0.06146990007349918
scope_20260424_115654,sweep_6111,388,207.04,0.06431555355295969,0.06793096687813577
scope_20260424_115654,sweep_6112,388,207.04,0.06431555355295969,0.0700266612254699
scope_20260424_115654,sweep_6113,388,207.04,0.0628784140699192,0.06597774440901459
scope_20260424_115654,sweep_6114,388,207.04,0.0628784140699192,0.06656724696158375
scope_20260424_115654,sweep_6115,388,207.04,0.0628784140699192,0.06686098212778852
scope_20260424_115654,sweep_6116,388,207.04,0.0628784140699192,0.06763034896044819
scope_20260424_115654,sweep_6117,388,207.04,0.06148883026873224,0.06419967431724848
scope_20260424_115654,sweep_6118,388,207.04,0.06148883026873224,0.07156676054309549
scope_20260424_115654,sweep_6119,388,207.04,0.06148883026873224,0.0659030792178047
scope_20260424_115654,sweep_6120,388,207.04,0.06148883026873224,0.08004615532145697
scope_20260424_115654,sweep_6121,388,207.04,0.06148883026873224,0.06636108608074402
scope_20260424_115654,sweep_6122,388,207.04,0.06014481287236377,0.06829890276310394
scope_20260424_115654,sweep_6123,388,207.04,0.06014481287236377,0.06338298379609636
scope_20260424_115654,sweep_6124,388,207.04,0.06014481287236377,0.07174512042432697
scope_20260424_115654,sweep_6125,388,207.04,0.06014481287236377,0.11366904134416848
scope_20260424_115654,sweep_6126,389,363.61,0.09598444820280902,0.11563166736106507
scope_20260424_115654,sweep_6127,389,364.47,0.09617283669006525,0.12489459791315607
scope_20260424_115654,sweep_6128,389,365.53,0.0964049325234893,0.10254863239654366
scope_20260424_115654,sweep_6129,389,365.32,0.09851223199858082,0.09857088018947038
scope_20260424_115654,sweep_6130,389,365.97,0.09865769164183978,0.13119567559761977
scope_20260424_115654,sweep_6131,389,365.12,0.09846746633654446,0.09971963488827781
scope_20260424_115654,sweep_6132,389,365.96,0.09865545413400434,0.07640344346619449
scope_20260424_115654,sweep_6133,389,365.33,0.0985144701723002,0.11784641230298205
scope_20260424_115654,sweep_6134,389,365.11,0.09846522794403448,0.10172355259082567
scope_20260424_115654,sweep_6135,389,365.12,0.10069272896663817,0.10274823958266348
scope_20260424_115654,sweep_6136,389,365.33,0.10074079504033978,0.12046853903510281
scope_20260424_115654,sweep_6137,389,364.91,0.10064465819299455,0.1111429503002939
scope_20260424_115654,sweep_6138,389,365.11,0.10299180539395064,0.10420948526651573
scope_20260424_115654,sweep_6139,389,365.54,0.10309247121337566,0.13877213470574098
scope_20260424_115654,sweep_6140,389,365.33,0.10304331135292319,0.12851830713170012
scope_20260424_115654,sweep_6141,389,365.12,0.10299414668834052,0.14101434568058482
scope_20260424_115654,sweep_6142,389,365.33,0.10542537451023318,0.11151808260841735
scope_20260424_115654,sweep_6143,389,365.74,0.10552356747027439,0.11167186033237265
scope_20260424_115654,sweep_6144,389,365.54,0.10547567080439361,0.09412284216278079
scope_20260424_115654,sweep_6145,389,365.53,0.1079395399483473,0.12552401042020234
scope_20260424_115654,sweep_6146,389,365.74,0.10799100752495577,0.11290859409469742
scope_20260424_115654,sweep_6147,389,365.12,0.10783904114106278,0.11508104795218584
scope_20260424_115654,sweep_6148,389,364.9,0.10778510704360061,0.12670733306434562
scope_20260424_115654,sweep_6149,389,364.69,0.10773361933909364,0.10916769391784459
scope_20260424_115654,sweep_6150,389,364.9,0.1103345623405958,0.11826143667186374
scope_20260424_115654,sweep_6151,389,364.49,0.11023165623187536,0.12062570808661802
scope_20260424_115654,sweep_6152,389,364.68,0.11027934687388562,0.12405192285497756
scope_20260424_115654,sweep_6153,389,365.55,0.11049766590267451,0.12064675064739903
scope_20260424_115654,sweep_6154,389,364.68,0.11027934687388562,0.12211990526674481
scope_20260424_115654,sweep_6155,390,534.17,0.15138444386198935,0.12083649574744339
scope_20260424_115654,sweep_6156,391,364.24,0.11016889894761657,0.1123174833073797
scope_20260424_115654,sweep_6157,391,364.05,0.11012119851425223,0.12463681841632927
scope_20260424_115654,sweep_6158,391,364.04,0.11011868784791037,0.11880240712252141
scope_20260424_115654,sweep_6159,391,364.27,0.10763062880533648,0.11788496287353986
scope_20260424_115654,sweep_6160,391,364.46,0.10767722226018588,0.14048334835245227
scope_20260424_115654,sweep_6161,391,364.46,0.10767722226018588,0.12901423494392242
scope_20260424_115654,sweep_6162,391,364.04,0.10757422067392204,0.12309704133189725
scope_20260424_115654,sweep_6163,391,364.48,0.10768212659413828,0.10990266527408216
scope_20260424_115654,sweep_6164,391,364.69,0.10773361933909364,0.11913652139762353
scope_20260424_115654,sweep_6165,391,364.69,0.10527206023629847,0.10571028363091312
scope_20260424_115654,sweep_6166,391,364.68,0.10526966433803832,0.10755706690790308
scope_20260424_115654,sweep_6167,391,363.21,0.10491734560952089,0.10674745341200259
scope_20260424_115654,sweep_6168,391,363.2,0.1049149480543696,0.10303386657362233
scope_20260424_115654,sweep_6169,391,363.61,0.10501323861762811,0.11000566001149685
scope_20260424_115654,sweep_6170,391,364.05,0.10511870021641312,0.11117891791339776
scope_20260424_115654,sweep_6171,391,364.46,0.10283959785910736,0.10257632139231886
scope_20260424_115654,sweep_6172,391,364.68,0.10289111941783327,0.11431849334517495
scope_20260424_115654,sweep_6173,391,364.46,0.10283959785910736,0.1226413076483837
scope_20260424_115654,sweep_6174,391,364.68,0.10289111941783327,0.12373899760066155
scope_20260424_115654,sweep_6175,391,365.11,0.10069043998877863,0.10975582994061325
scope_20260424_115654,sweep_6176,391,364.48,0.10054621288324937,0.11737194813547089
scope_20260424_115654,sweep_6177,391,364.91,0.10064465819299455,0.17932165373784828
scope_20260424_115654,sweep_6178,392,505.39,0.13188234454252776,0.18877754604300107
scope_20260424_115654,sweep_6179,392,512.48,0.1334161454000834,0.20750929319990455
scope_20260424_115654,sweep_6180,392,516.74,0.134335987292674,0.14977650052387653
scope_20260424_115654,sweep_6181,392,521.95,0.13246562257523042,0.20415524208219116
scope_20260424_115654,sweep_6182,392,527.68,0.13367150031728783,0.18350644259848597
scope_20260424_115654,sweep_6183,392,532.2,0.13462116316084335,0.1906488571817527
scope_20260424_115654,sweep_6184,392,534.52,0.13510806774856018,0.16802000791633728
scope_20260424_115654,sweep_6185,392,539.58,0.13616878009151864,0.17297424890541246
scope_20260424_115654,sweep_6186,392,542.88,0.13685963754274025,0.19104100395231532
scope_20260424_115654,sweep_6187,392,546.72,0.13766264649152948,0.1628950296352579
scope_20260424_115654,sweep_6188,393,735.39,0.17606819172656704,0.1674449905645315
scope_20260424_115654,sweep_6189,393,735.38,0.1760662045256526,0.254498912352258
scope_20260424_115654,sweep_6190,393,734.49,0.17986424159327677,0.2564001943822099
scope_20260424_115654,sweep_6191,393,732.8,0.17952067672588445,0.29379871621155984
scope_20260424_115654,sweep_6192,393,730.24,0.17899999037737085,0.23709268956801477
scope_20260424_115654,sweep_6193,393,729.31,0.17881075799184473,0.2790147295586977
scope_20260424_115654,sweep_6194,393,726.83,0.17830593755752333,0.37400721739183124
scope_20260424_115654,sweep_6195,393,725.13,0.18202714253793995,0.2972280474767424
scope_20260424_115654,sweep_6196,393,723.48,0.18168329463496968,0.30405041845913694
scope_20260424_115654,sweep_6197,393,724.24,0.18184168960541439,0.2940379155743217
scope_20260424_115654,sweep_6198,393,721.75,0.18132263211919109,0.4021987756106545
scope_20260424_115654,sweep_6199,394,904.25,0.22368444911710783,0.2508188984862851
scope_20260424_115654,sweep_6200,394,901.63,0.22314638537821793,0.2363340146781415
scope_20260424_115654,sweep_6201,394,895.27,0.22183913810071582,0.2792619601970063
scope_20260424_115654,sweep_6202,394,888.88,0.2256806128381088,0.28680032912480846
scope_20260424_115654,sweep_6203,394,883.72,0.22459270115822466,0.24565783432779828
scope_20260424_115654,sweep_6204,394,880.0,0.22380772293711748,0.29628851544752616
scope_20260424_115654,sweep_6205,394,875.04,0.22276020699636534,0.31040044005240564
scope_20260424_115654,sweep_6206,394,870.16,0.22697317664510155,0.24122545781677457
scope_20260424_115654,sweep_6207,394,866.5,0.22618051089242605,0.23438010182318197
scope_20260424_115654,sweep_6208,394,861.62,0.22512273701853835,0.28498249190044156
scope_20260424_115654,sweep_6209,395,1043.75,0.26632106220296975,0.2655284535189972
scope_20260424_115654,sweep_6210,395,1040.38,0.26589077353124685,0.24473402845138642
scope_20260424_115654,sweep_6211,395,1031.89,0.26480365298519154,0.2344200479709604
scope_20260424_115654,sweep_6212,395,1023.37,0.263708185693654,0.23149060614736683
scope_20260424_115654,sweep_6213,395,1014.97,0.26262367418086185,0.2547162220815371
scope_20260424_115654,sweep_6214,395,1008.42,0.2617748957369071,0.2727614582177947
scope_20260424_115654,sweep_6215,395,1001.8,0.260914240817173,0.26323937893492133
scope_20260424_115654,sweep_6216,395,993.9,0.25345549030055864,0.30710322920553795
scope_20260424_115654,sweep_6217,395,989.1,0.25243910840149975,0.28114804254444153
scope_20260424_115654,sweep_6218,395,985.93,0.2517674132204435,0.23528026257278958
scope_20260424_115654,sweep_6219,396,1194.22,0.28487178715502515,0.2803637601068501
scope_20260424_115654,sweep_6220,396,1162.97,0.28111985876483414,0.2972800142573351
scope_20260424_115654,sweep_6221,396,1154.22,0.2800603116419349,0.25730434694307075
scope_20260424_115654,sweep_6230,398,1329.46,0.2869154667582329,0.2889605564662535
scope_20260424_115654,sweep_6231,398,1335.02,0.28751480242099264,0.28921136582658724
scope_20260424_115654,sweep_6232,398,1332.27,0.2872185247253415,0.3166593524583059
scope_20260424_115654,sweep_6233,398,1334.96,0.2875083414383943,0.2745259629223064
scope_20260424_115654,sweep_6234,398,1335.14,0.28752772395063875,0.29899783507832706
scope_20260424_115654,sweep_6235,398,1335.11,0.287524493622668,0.26352437667625317
scope_20260424_115654,sweep_6236,398,1332.39,0.2872314595834758,0.3055783603155868
scope_20260424_115654,sweep_6237,398,1334.94,0.28750618774526276,0.2985750597888827
scope_20260424_115654,sweep_6238,398,1335.05,0.2875180328578462,0.31147137079663034
scope_20260424_115654,sweep_6239,398,1334.96,0.28101215367770277,0.2555722994350274
scope_20260424_115654,sweep_6240,398,1335.17,0.2810342555502933,0.2724086574713051
scope_20260424_115654,sweep_6241,399,1521.18,0.2999723879421633,0.35330098758102463
scope_20260424_115654,sweep_6242,399,1521.18,0.2999723879421633,0.3794280915608151
scope_20260424_115654,sweep_6243,399,1524.93,0.30034190503964636,0.3381921593258741
scope_20260424_115654,sweep_6244,399,1524.82,0.3003310723439281,0.281814100477961
scope_20260424_115654,sweep_6245,399,1521.26,0.2999802757251766,0.32936752225880517
scope_20260424_115654,sweep_6246,399,1521.38,0.29999210701082923,0.3350322482917785
scope_20260424_115654,sweep_6247,399,1521.22,0.29997633185959577,0.3362252235758784
scope_20260424_115654,sweep_6248,399,1524.89,0.30033796592277395,0.4086012945897073
scope_20260424_115654,sweep_6249,399,1524.82,0.3003310723439281,0.36146746740803787
scope_20260424_115654,sweep_6250,399,1521.38,0.29999210701082923,0.33894491219726514
scope_20260424_115654,sweep_6251,400,1709.35,0.3179848837072749,0.32790044732467233
scope_20260424_115654,sweep_6252,400,1713.99,0.318416173363139,0.34018175778547577
scope_20260424_115654,sweep_6253,400,1714.04,0.3184208176996171,0.3786552866634261
scope_20260424_115654,sweep_6254,400,1709.4,0.31798953434287336,0.24300531222342184
scope_20260424_115654,sweep_6255,400,1713.89,0.31840688448695326,0.3462635484346431
scope_20260424_115654,sweep_6256,400,1713.8,0.31839852426668863,0.33001408245781605
scope_20260424_115654,sweep_6257,400,1709.4,0.31798953434287336,0.39502614149654247
scope_20260424_115654,sweep_6258,400,1713.84,0.3184022399472399,0.3131325776981782
scope_20260424_115654,sweep_6259,400,1709.4,0.31798953434287336,0.41096167405070066
scope_20260424_115654,sweep_6260,400,1714.04,0.3184208176996171,0.37963322440773434
scope_20260424_115654,sweep_6261,400,1713.89,0.31840688448695326,0.35721950198703345
scope_20260424_115654,sweep_6262,401,1896.93,0.33497826544235515,0.3935944007938515
scope_20260424_115654,sweep_6263,401,1902.77,0.3354935110521556,0.2962481091982306
scope_20260424_115654,sweep_6264,401,1896.93,0.3427219935323512,0.4284122221974515
scope_20260424_115654,sweep_6265,401,1897.05,0.34273283367638013,0.408319325428609
scope_20260424_115654,sweep_6266,401,1902.53,0.3432275021127546,0.4495335648278772
scope_20260424_115654,sweep_6267,401,1902.77,0.3432491501295603,0.4166086070903944
scope_20260424_115654,sweep_6268,401,1896.93,0.3507358049939491,0.36013595389000425
scope_20260424_115654,sweep_6269,401,1896.93,0.3507358049939491,0.3951989897597912
scope_20260424_115654,sweep_6270,401,1902.53,0.35125313379754214,0.4112225889962291
scope_20260424_115654,sweep_6271,401,1902.53,0.35125313379754214,0.40745450273337647
scope_20260424_115654,sweep_6272,402,2108.96,0.3698184909475731,0.4024718466609906
scope_20260424_115654,sweep_6273,402,2087.83,0.3679611924521134,0.3801929562377987
scope_20260424_115654,sweep_6274,402,2081.09,0.37605615497290945,0.42507754699649314
scope_20260424_115654,sweep_6275,402,2081.09,0.37605615497290945,0.37228434454804105
scope_20260424_115654,sweep_6276,402,2087.68,0.37665109591259094,0.3499498619097445
scope_20260424_115654,sweep_6277,402,2087.76,0.37665831248769177,0.3788678811789134
scope_20260424_115654,sweep_6278,402,2087.61,0.3766447812959526,0.3673362119048506
scope_20260424_115654,sweep_6279,402,2087.97,0.3766772553395217,0.3972305651229405
scope_20260424_115654,sweep_6280,402,2087.76,0.37665831248769177,0.3966777739369711
scope_20260424_115654,sweep_6281,402,2087.83,0.37666462687748564,0.3251330567082834
scope_20260424_115654,sweep_6282,402,2087.76,0.37665831248769177,0.4336094903469188
scope_20260424_115654,sweep_6283,403,2270.92,0.39283320262619137,0.5230934881771747
scope_20260424_115654,sweep_6284,403,2270.66,0.3928107140408861,0.460198495671132
scope_20260424_115654,sweep_6285,403,2270.66,0.3928107140408861,0.40399044576600557
scope_20260424_115654,sweep_6286,403,2270.92,0.39283320262619137,0.426253881540531
scope_20260424_115654,sweep_6287,403,2270.58,0.39280379421715234,0.42635260425381427
scope_20260424_115654,sweep_6288,403,2270.75,0.3928184986968799,0.41142231458207196
scope_20260424_115654,sweep_6289,403,2270.58,0.39280379421715234,0.48504296337389846
scope_20260424_115654,sweep_6290,403,2270.58,0.39280379421715234,0.4324606357169277
scope_20260424_115654,sweep_6291,403,2270.75,0.3928184986968799,0.4162545724152371
scope_20260424_115654,sweep_6292,403,2270.66,0.3928107140408861,0.430879408795194
scope_20260424_115654,sweep_6293,403,2271.01,0.39284098683654456,0.3994455095078949
scope_20260424_115654,sweep_6294,404,2459.12,0.4087870516319896,0.4878494976442734
scope_20260424_115654,sweep_6295,404,2459.02,0.4087787398943041,0.5648183162050555
scope_20260424_115654,sweep_6296,404,2459.02,0.4087787398943041,0.4777302230933586
scope_20260424_115654,sweep_6297,404,2459.22,0.4087953632006785,0.46149915041089873
scope_20260424_115654,sweep_6298,404,2459.12,0.4087870516319896,0.49622421803238564
scope_20260424_115654,sweep_6299,404,2459.22,0.4087953632006785,0.47666398328193593
scope_20260424_115654,sweep_6300,404,2458.92,0.40877042798761176,0.419462624414365
scope_20260424_115654,sweep_6301,404,2459.32,0.4088036746003814,0.4638059974357635
scope_20260424_115654,sweep_6302,404,2459.02,0.4087787398943041,0.4221749677958409
scope_20260424_115654,sweep_6303,404,2459.02,0.4087787398943041,0.47842170687656227
scope_20260424_115654,sweep_6304,404,2459.22,0.4087953632006785,0.38548216761846427
scope_20260424_115654,sweep_6315,406,2827.92,0.43837000439404983,0.471242960225912
scope_20260424_115654,sweep_6316,406,2840.77,0.4393648468821938,0.43450408353397674
scope_20260424_115654,sweep_6317,406,2841.31,0.43940660417746635,0.46148034481817124
scope_20260424_115654,sweep_6318,406,2840.91,0.4393756732287001,0.44168986122753523
scope_20260424_115654,sweep_6319,406,2828.19,0.43839093091887604,0.4618789820360575
scope_20260424_115654,sweep_6320,406,2841.04,0.4393857260258839,0.47391473535331885
scope_20260424_115654,sweep_6321,406,2828.19,0.43839093091887604,0.4274815005299256
scope_20260424_115654,sweep_6322,406,2840.91,0.4393756732287001,0.4756825167688884
scope_20260424_115654,sweep_6323,406,2827.79,0.4383599283035796,0.435362279531607
scope_20260424_115654,sweep_6324,406,2841.04,0.4393857260258839,0.47930168035219894
scope_20260424_115654,sweep_6325,407,2976.63,0.4497484728047253,0.47336969013997154
scope_20260424_115654,sweep_6326,407,2962.96,0.44871456255522835,0.47661569015109834
scope_20260424_115654,sweep_6327,407,2962.38,0.44867064242405147,0.45139627508726726
scope_20260424_115654,sweep_6328,407,2976.78,0.44975980464997356,0.433585226891691
scope_20260424_115654,sweep_6329,407,2976.63,0.4497484728047253,0.5859165139582095
scope_20260424_115654,sweep_6330,407,2962.96,0.44871456255522835,0.5624517869129662
scope_20260424_115654,sweep_6331,407,2962.82,0.44870396153786096,0.4448982530733387
scope_20260424_115654,sweep_6332,407,2962.82,0.44870396153786096,0.5212442172548907
scope_20260424_115654,sweep_6333,407,2962.52,0.44868124422865147,0.3871519485619487
scope_20260424_115654,sweep_6334,407,2976.63,0.4497484728047253,0.46133942320378213
scope_20260424_115654,sweep_6335,407,2962.67,0.4486926030270284,0.45318800304916496
scope_20260424_115654,sweep_6336,407,2977.08,0.44978246748398465,0.4297007015895709
scope_20260424_115654,sweep_6337,407,2976.78,0.44975980464997356,0.41647305922108907
scope_20260424_115654,sweep_6338,407,2962.82,0.44870396153786096,0.40479356398418
scope_20260424_115654,sweep_6339,407,2962.82,0.44870396153786096,0.4543775220090445
scope_20260424_115654,sweep_6340,407,2976.63,0.4497484728047253,0.42967265847670794
scope_20260424_115654,sweep_6341,407,2976.93,0.44977113620971954,0.4562876233630685
scope_20260424_115654,sweep_6342,407,2976.63,0.4497484728047253,0.5238920033976194
scope_20260424_115654,sweep_6343,407,2962.96,0.44871456255522835,0.37478402438231495
scope_20260424_115654,sweep_6344,407,2976.93,0.44977113620971954,0.4525741850360238
scope_20260424_115654,sweep_6345,407,2962.96,0.44871456255522835,0.4373058998024389
scope_20260424_115654,sweep_6346,407,2976.93,0.44977113620971954,0.46017011586305484
scope_20260424_115654,sweep_6347,407,2976.93,0.44977113620971954,0.4850161970504424
scope_20260424_115654,sweep_6348,407,2976.78,0.44975980464997356,0.46494336296327443
scope_20260424_115654,sweep_6349,407,2976.93,0.44977113620971954,0.42748890737178113
scope_20260424_115654,sweep_6350,407,2976.93,0.44977113620971954,0.45494490490132244
scope_20260424_115654,sweep_6351,407,2962.96,0.45945144969865087,0.5141079321743842
scope_20260424_115654,sweep_6352,407,2977.08,0.4605449075638545,0.4514089307005213
scope_20260424_115654,sweep_6353,407,2977.08,0.4605449075638545,0.42346324004124863
scope_20260424_115654,sweep_6354,407,2976.63,0.46051009945649374,0.479425287206743
scope_20260424_115654,sweep_6355,407,2976.63,0.46051009945649374,0.31953267837591715
scope_20260424_115654,sweep_6356,407,2976.93,0.4605333051537201,0.431413606556936
scope_20260424_115654,sweep_6357,407,2962.82,0.45944059501907464,0.46725612431061997
scope_20260424_115654,sweep_6358,407,2962.96,0.45945144969865087,0.48990554449932644
scope_20260424_115654,sweep_6359,407,2976.93,0.4605333051537201,0.4752107532413465
scope_20260424_115654,sweep_6360,407,2962.96,0.45945144969865087,0.5172547521580401
scope_20260424_115654,sweep_6361,407,2962.82,0.45944059501907464,0.4917365030476579
scope_20260424_115654,sweep_6362,407,2962.67,0.4594289647206535,0.4847807918057533
scope_20260424_115654,sweep_6363,407,2962.82,0.45944059501907464,0.495167017760857
scope_20260424_115654,sweep_6364,407,2962.82,0.45944059501907464,0.48013362738681287
scope_20260424_115654,sweep_6365,407,2962.67,0.4594289647206535,0.45960747499180626
scope_20260424_115654,sweep_6366,407,2976.93,0.4605333051537201,0.4322061136222511
scope_20260424_115654,sweep_6367,407,2962.96,0.45945144969865087,0.4439431684475287
scope_20260424_115654,sweep_6368,407,2962.96,0.45945144969865087,0.4803896750953646
scope_20260424_115654,sweep_6369,407,2976.49,0.4604992697309292,0.611470726327969
scope_20260424_115654,sweep_6370,407,2976.49,0.4604992697309292,0.4718334696384012
scope_20260424_115654,sweep_6371,407,2976.78,0.46052170245127383,0.4524666247463943
scope_20260424_115654,sweep_6372,407,2976.93,0.4605333051537201,0.43739083540518114
scope_20260424_115654,sweep_6373,407,2976.78,0.46052170245127383,0.3867908344015074
scope_20260424_115654,sweep_6374,407,2976.63,0.46051009945649374,0.4503030436483487
scope_20260424_115654,sweep_6375,407,2976.93,0.4605333051537201,0.49194389688846063
scope_20260424_115654,sweep_6376,407,2976.93,0.4605333051537201,0.4467697242354457
scope_20260424_115654,sweep_6377,407,2963.11,0.45946307942791415,0.4438614350716124
scope_20260424_115654,sweep_6378,407,2962.82,0.45944059501907464,0.4888952326365483
scope_20260424_115654,sweep_6379,407,2962.52,0.45941733412780755,0.40467670670859246
scope_20260424_115654,sweep_6380,407,2962.67,0.4594289647206535,0.49316657383344015
scope_20260424_115654,sweep_6381,407,2976.78,0.46052170245127383,0.49025199248956325
scope_20260424_115654,sweep_6382,407,2976.63,0.46051009945649374,0.593970869052583
scope_20260424_115654,sweep_6383,407,2976.78,0.46052170245127383,0.3912556340115207
scope_20260424_115654,sweep_6384,407,2962.82,0.45944059501907464,0.6771670512091604
scope_20260424_115654,sweep_6385,407,2976.93,0.4605333051537201,0.4702466470784285
scope_20260424_115654,sweep_6386,407,2962.82,0.45944059501907464,0.48914844079094927
scope_20260424_115654,sweep_6387,407,2976.63,0.46051009945649374,0.48425046666232274
scope_20260424_115654,sweep_6388,407,2976.78,0.46052170245127383,0.45335030326304465
scope_20260424_115654,sweep_6389,407,2977.08,0.4605449075638545,0.4662883792597361
scope_20260424_115654,sweep_6390,407,2962.96,0.45945144969865087,0.5015405496422802
scope_20260424_115654,sweep_6391,407,2976.63,0.46051009945649374,0.4596665545912163
scope_20260424_115654,sweep_6392,407,2976.49,0.4604992697309292,0.4310264088481804
scope_20260424_115654,sweep_6393,407,2976.63,0.46051009945649374,0.45310362959466943
scope_20260424_115654,sweep_6394,407,2976.93,0.4605333051537201,0.4369781847211574
scope_20260424_115654,sweep_6395,407,2976.93,0.4605333051537201,0.474496293929998
scope_20260424_115654,sweep_6396,407,2976.49,0.4604992697309292,0.4644361168444976
scope_20260424_115654,sweep_6397,407,2976.78,0.46052170245127383,0.5230989925713299
scope_20260424_115654,sweep_6398,407,2976.93,0.4605333051537201,0.5209932825360252
scope_20260424_115654,sweep_6399,407,2962.82,0.45944059501907464,0.45288863932937556
scope_20260424_115654,sweep_6400,407,2962.96,0.45945144969865087,0.4585007925528353
scope_20260424_115654,sweep_6401,407,2962.82,0.45944059501907464,0.45105542918034053
scope_20260424_115654,sweep_6402,407,2976.78,0.46052170245127383,0.4262985484560603
scope_20260424_115654,sweep_6403,407,2962.96,0.45945144969865087,0.7630344566868835
scope_20260424_115654,sweep_6404,407,2962.96,0.45945144969865087,0.49691676231690596
scope_20260424_115654,sweep_6405,407,2976.78,0.46052170245127383,0.4792674828433873
scope_20260424_115654,sweep_6406,407,2962.96,0.45945144969865087,0.532735709547416
scope_20260424_115654,sweep_6407,407,2976.78,0.46052170245127383,0.44375552731570916
scope_20260424_115654,sweep_6408,407,2976.78,0.46052170245127383,0.4589917981405432
scope_20260424_115654,sweep_6409,407,2976.78,0.46052170245127383,0.4937385262529307
scope_20260424_115654,sweep_6410,407,2976.49,0.4604992697309292,0.45134656613958496
scope_20260424_115654,sweep_6411,407,2962.67,0.4594289647206535,0.4998861664043054
scope_20260424_115654,sweep_6412,407,2962.96,0.45945144969865087,0.4878703311487969
scope_20260424_115654,sweep_6413,407,2962.82,0.45944059501907464,0.43388679648746575
scope_20260424_115654,sweep_6414,407,2976.93,0.4605333051537201,0.4854348217366057
scope_20260424_115654,sweep_6415,407,2962.67,0.4594289647206535,0.43581894363989726
scope_20260424_115654,sweep_6416,407,2962.52,0.45941733412780755,0.46551897583927093
scope_20260424_115654,sweep_6417,407,2976.49,0.4604992697309292,0.4530325028169106
scope_20260424_115654,sweep_6418,407,2976.63,0.46051009945649374,0.44090183041856307
scope_20260424_115654,sweep_6419,407,2976.93,0.4605333051537201,0.4357161847454133
scope_20260424_115654,sweep_6420,407,2976.63,0.46051009945649374,0.47425197302125033
scope_20260424_115654,sweep_6421,407,2962.82,0.45944059501907464,0.5473531965507562
scope_20260424_115654,sweep_6422,407,2976.49,0.4604992697309292,0.526539888858429
scope_20260424_115654,sweep_6423,407,2976.63,0.46051009945649374,0.4537302742942004
scope_20260424_115654,sweep_6424,407,2962.96,0.47057377963288977,0.49366413278913535
scope_20260424_115654,sweep_6425,407,2976.63,0.46051009945649374,0.4594662674695207
scope_20260424_115654,sweep_6426,407,2962.82,0.45944059501907464,0.5349894628521363
scope_20260424_115654,sweep_6427,407,2977.08,0.4605449075638545,0.504687415828361
scope_20260424_115654,sweep_6428,407,2976.63,0.46051009945649374,0.42369562304506986
scope_20260424_115654,sweep_6429,407,2976.78,0.46052170245127383,0.4460405254238449
scope_20260424_115654,sweep_6430,407,2962.52,0.45941733412780755,0.44830409849021735
scope_20260424_115654,sweep_6431,407,2976.63,0.46051009945649374,0.44034528167837994
scope_20260424_115654,sweep_6432,407,2976.93,0.4605333051537201,0.4600867056998054
scope_20260424_115654,sweep_6433,407,2976.78,0.47166994089931874,0.5598156807606942
scope_20260424_115654,sweep_6434,407,2976.93,0.4605333051537201,0.4754692852436667
scope_20260424_115654,sweep_6435,407,2962.82,0.47056266218490206,0.5243531322941661
scope_20260424_115654,sweep_6436,407,2962.82,0.47056266218490206,0.5059693897427571
scope_20260424_115654,sweep_6437,407,2962.82,0.47056266218490206,0.6256627442885747
scope_20260424_115654,sweep_6438,407,2962.52,0.4705388381975616,0.459795363766849
scope_20260424_115654,sweep_6439,407,2962.96,0.47057377963288977,0.4295231958643702
scope_20260424_115654,sweep_6440,407,2976.93,0.47168182447819884,0.5015135664687914
scope_20260424_115654,sweep_6441,407,2962.67,0.4705507503420079,0.49864817646147847
scope_20260424_115654,sweep_6442,407,2976.78,0.47166994089931874,0.45779078638525883
scope_20260424_115654,sweep_6443,407,2976.78,0.47166994089931874,0.4769090700669516
scope_20260424_115654,sweep_6444,407,2977.08,0.4716937077576909,0.46437921485961753
scope_20260424_115654,sweep_6445,407,2962.67,0.4705507503420079,0.46182663182435724
scope_20260424_115654,sweep_6446,407,2977.08,0.4716937077576909,0.46059733468249203
scope_20260424_115654,sweep_6447,407,2976.93,0.47168182447819884,0.4589334549279889
scope_20260424_115654,sweep_6448,407,2976.93,0.47168182447819884,0.7214678367685525
scope_20260424_115654,sweep_6449,407,2976.63,0.4716580570210279,0.3958815440813945
scope_20260424_115654,sweep_6450,407,2962.38,0.4705277199239911,0.4207011521171919
scope_20260424_115654,sweep_6451,407,2976.49,0.4716469651311348,0.5042298362612492
scope_20260424_115654,sweep_6452,407,2976.63,0.4716580570210279,0.536099423673172
scope_20260424_115654,sweep_6453,407,2976.93,0.47168182447819884,0.5051273218152005
scope_20260424_115654,sweep_6454,407,2962.96,0.47057377963288977,0.4920833518001289
scope_20260424_115654,sweep_6455,407,2976.93,0.47168182447819884,0.4719745074303301
scope_20260424_115654,sweep_6456,407,2962.96,0.47057377963288977,0.4795078408060545
scope_20260424_115654,sweep_6457,407,2976.93,0.47168182447819884,0.49584772065654886
scope_20260424_115654,sweep_6458,407,2976.78,0.47166994089931874,0.49546778418825255
scope_20260424_115654,sweep_6459,407,2962.96,0.47057377963288977,0.4719528813099342
scope_20260424_115654,sweep_6460,407,2976.78,0.47166994089931874,0.44630468005595786
scope_20260424_115654,sweep_6461,407,2962.67,0.4705507503420079,0.5323861982072052
scope_20260424_115654,sweep_6462,407,2962.82,0.47056266218490206,0.5135134897741909
scope_20260424_115654,sweep_6463,407,2976.63,0.4716580570210279,0.527331728725761
scope_20260424_115654,sweep_6464,407,2976.78,0.47166994089931874,0.4437482538566051
scope_20260424_115654,sweep_6465,407,2976.34,0.4716350806739193,0.5342959734183218
scope_20260424_115654,sweep_6466,407,2962.67,0.4705507503420079,0.4753657210104158
scope_20260424_115654,sweep_6467,407,2976.78,0.47166994089931874,0.4417508797107644
scope_20260424_115654,sweep_6468,407,2976.93,0.47168182447819884,0.4745167836133162
scope_20260424_115654,sweep_6469,407,2977.08,0.4716937077576909,0.4818587991141384
scope_20260424_115654,sweep_6470,407,2962.67,0.4705507503420079,0.4445814837226071
scope_20260424_115654,sweep_6471,407,2962.67,0.4705507503420079,0.4402725499329399
scope_20260424_115654,sweep_6472,407,2962.82,0.47056266218490206,0.49039520238137324
scope_20260424_115654,sweep_6473,407,2976.93,0.47168182447819884,0.46648176208720904
scope_20260424_115654,sweep_6474,407,2962.67,0.4705507503420079,0.47741295646141213
scope_20260424_115654,sweep_6475,407,2976.34,0.4716350806739193,0.63826582633232
scope_20260424_115654,sweep_6476,407,2962.82,0.47056266218490206,0.48052592944595446
scope_20260424_115654,sweep_6477,407,2977.08,0.4716937077576909,0.5232156007561488
scope_20260424_115654,sweep_6478,407,2976.93,0.47168182447819884,0.48850022372618823
scope_20260424_115654,sweep_6479,407,2977.08,0.4716937077576909,0.4957525117467768
scope_20260424_115654,sweep_6480,407,2976.78,0.47166994089931874,0.5402553855208836
scope_20260424_115654,sweep_6481,407,2962.96,0.47057377963288977,0.5968187987159557
scope_20260424_115654,sweep_6482,407,2976.49,0.4716469651311348,0.5866627828262466
scope_20260424_115654,sweep_6483,407,2976.63,0.4716580570210279,0.5688328924184132
scope_20260424_115654,sweep_6484,407,2976.49,0.4716469651311348,0.7508850883023679
scope_20260424_115654,sweep_6485,407,2977.08,0.4716937077576909,0.5004197933744645
scope_20260424_115654,sweep_6486,407,2976.63,0.4716580570210279,0.4816715251272424
scope_20260424_115654,sweep_6487,407,2962.52,0.4705388381975616,0.5144401582259188
scope_20260424_115654,sweep_6488,407,2962.82,0.47056266218490206,0.5514400128117724
scope_20260424_115654,sweep_6489,407,2976.63,0.4716580570210279,0.5398721380748291
scope_20260424_115654,sweep_6490,407,2976.93,0.47168182447819884,0.44604796615575953
scope_20260424_115654,sweep_6491,407,2963.11,0.47058569089284796,0.6946969672233518
scope_20260424_115654,sweep_6492,407,2962.82,0.47056266218490206,0.44951082005176474
scope_20260424_115654,sweep_6493,407,2976.78,0.47166994089931874,0.48456945162520987
scope_20260424_115654,sweep_6494,407,2962.96,0.47057377963288977,0.7955271832870341
scope_20260424_115654,sweep_6495,407,2962.82,0.47056266218490206,0.49823758112601585
scope_20260424_115654,sweep_6496,407,2976.78,0.47166994089931874,0.4100319135378569
scope_20260424_115654,sweep_6497,407,2962.96,0.47057377963288977,0.5004004238634664
scope_20260424_115654,sweep_6498,407,2976.93,0.47168182447819884,0.4502696593565536
scope_20260424_115654,sweep_6499,407,2976.63,0.4716580570210279,0.5603372595898025
scope_20260424_115654,sweep_6500,407,2962.67,0.4705507503420079,0.5060432552364389
scope_20260424_115654,sweep_6501,407,2976.93,0.47168182447819884,0.5558505290525444
scope_20260424_115654,sweep_6502,407,2976.63,0.4716580570210279,0.4365460935208308
scope_20260424_115654,sweep_6503,407,2962.67,0.4705507503420079,0.4325416206440022
scope_20260424_115654,sweep_6504,407,2976.93,0.47168182447819884,0.5004034138454367
scope_20260424_115654,sweep_6505,407,2962.96,0.47057377963288977,0.47199317779237615
scope_20260424_115654,sweep_6506,407,2976.63,0.4716580570210279,0.49209363906781656
scope_20260424_115654,sweep_6507,407,2976.93,0.47168182447819884,0.47581142978489244
scope_20260424_115654,sweep_6508,407,2962.52,0.4705388381975616,0.448746901857911
scope_20260424_115654,sweep_6509,407,2977.08,0.4716937077576909,0.4131435388694824
scope_20260424_115654,sweep_6510,407,2976.93,0.47168182447819884,0.4513541487560517
scope_20260424_115654,sweep_6511,407,2976.93,0.47168182447819884,0.5915877247435211
scope_20260424_115654,sweep_6512,407,2962.82,0.47056266218490206,0.4423619483920692
scope_20260424_115654,sweep_6513,407,2963.11,0.47058569089284796,0.6126012470413543
scope_20260424_115654,sweep_6514,407,2962.67,0.4705507503420079,0.43822979073547474
scope_20260424_115654,sweep_6515,407,2976.93,0.47168182447819884,0.44700575881058924
scope_20260424_115654,sweep_6516,407,2976.49,0.4716469651311348,0.48551272369404724
scope_20260424_115654,sweep_6517,407,2963.11,0.47058569089284796,0.4853230207712367
scope_20260424_115654,sweep_6518,407,2976.93,0.47168182447819884,0.4815553717362246
scope_20260424_115654,sweep_6519,407,2962.52,0.4705388381975616,0.46135127341578636
scope_20260424_115654,sweep_6520,407,2962.82,0.47056266218490206,0.4549852882891357
scope_20260424_115654,sweep_6521,407,2962.96,0.47057377963288977,0.44573719791059846
scope_20260424_115654,sweep_6522,407,2962.67,0.4705507503420079,0.533340614653372
scope_20260424_115654,sweep_6523,407,2976.78,0.47166994089931874,0.4322992597503717
scope_20260424_115654,sweep_6524,407,2962.82,0.47056266218490206,0.5128061660802309
scope_20260424_115654,sweep_6525,407,2976.78,0.47166994089931874,0.46684231068738935
scope_20260424_115654,sweep_6526,407,2963.11,0.47058569089284796,0.4500118265738185
scope_20260424_115654,sweep_6527,407,2976.63,0.4716580570210279,0.4859037738098906
scope_20260424_115654,sweep_6528,407,2976.63,0.4716580570210279,0.47191170939623933
scope_20260424_115654,sweep_6529,407,2962.82,0.47056266218490206,0.4368933286306299
scope_20260424_115654,sweep_6530,407,2976.93,0.47168182447819884,0.41779504877128
scope_20260424_115654,sweep_6531,407,2976.93,0.47168182447819884,0.43991464536645825
scope_20260424_115654,sweep_6532,407,2976.78,0.47166994089931874,0.4873100744047161
scope_20260424_115654,sweep_6533,407,2962.67,0.4705507503420079,0.7929995332948887
scope_20260424_115654,sweep_6534,407,2976.63,0.4716580570210279,0.44815846705589873
scope_20260424_115654,sweep_6535,407,2976.78,0.47166994089931874,0.43773838577191065
scope_20260424_115654,sweep_6536,407,2976.78,0.47166994089931874,0.4947978292770027
scope_20260424_115654,sweep_6537,407,2962.96,0.47057377963288977,0.4979302554244437
scope_20260424_115654,sweep_6538,407,2962.67,0.4705507503420079,0.45477529513954307
scope_20260424_115654,sweep_6539,407,2976.63,0.4716580570210279,0.425954284338541
scope_20260424_115654,sweep_6540,407,2976.93,0.47168182447819884,0.4602086395246066
scope_20260424_115654,sweep_6541,407,2976.93,0.47168182447819884,0.45433506539722984
scope_20260424_115654,sweep_6542,407,2976.93,0.47168182447819884,0.4470771594098053
scope_20260424_115654,sweep_6543,407,2962.82,0.47056266218490206,0.4846637687997891
scope_20260424_115654,sweep_6544,407,2976.49,0.4716469651311348,0.452056550712199
scope_20260424_115654,sweep_6545,407,2976.78,0.47166994089931874,0.5479282805653146
scope_20260424_115654,sweep_6546,407,2976.93,0.47168182447819884,0.4227778465247941
scope_20260424_115654,sweep_6547,407,2962.96,0.47057377963288977,0.425693899699283
scope_20260424_115654,sweep_6548,408,2840.51,0.46074750445909934,0.48163774434711265
scope_20260424_115654,sweep_6549,408,2828.19,0.45974723027600756,0.4962949166040951
scope_20260424_115654,sweep_6550,408,2840.91,0.4607799444987408,0.548366231473597
scope_20260424_115654,sweep_6551,408,2841.04,0.4607904870198922,0.5521321884697395
scope_20260424_115654,sweep_6552,408,2840.77,0.4607685907446614,0.48413834511190595
scope_20260424_115654,sweep_6553,408,2841.18,0.4608018402344663,0.4876584095069062
scope_20260424_115654,sweep_6554,408,2840.91,0.4607799444987408,0.4774860679477831
scope_20260424_115654,sweep_6555,408,2840.91,0.4607799444987408,0.5927695655096425
scope_20260424_115654,sweep_6556,408,2840.91,0.4607799444987408,0.46620899705329116
scope_20260424_115654,sweep_6557,408,2841.04,0.4607904870198922,0.4528894246340564
scope_20260424_115654,sweep_6558,409,2625.13,0.44293524379828353,0.43174569932419266
scope_20260424_115654,sweep_6559,409,2647.49,0.4448176327783585,0.4976250155323237
scope_20260424_115654,sweep_6560,409,2647.49,0.4448176327783585,0.42854785140207674
scope_20260424_115654,sweep_6561,409,2647.49,0.4448176327783585,0.47699538299314614
scope_20260424_115654,sweep_6562,409,2647.6,0.44482687349907335,0.47419188745404317
scope_20260424_115654,sweep_6563,409,2647.72,0.44483695406637824,0.4081299024636811
scope_20260424_115654,sweep_6564,409,2647.49,0.4448176327783585,0.5173167531709607
scope_20260424_115654,sweep_6565,409,2647.6,0.44482687349907335,0.5091622028587657
scope_20260424_115654,sweep_6566,409,2647.6,0.4343130891260206,0.42265963869336187
scope_20260424_115654,sweep_6567,409,2647.49,0.4343040668159973,0.45603891357533743
scope_20260424_115654,sweep_6568,409,2647.37,0.4342942240822025,0.40728107834103355
scope_20260424_115654,sweep_6580,411,2278.94,0.4029425936127595,0.3492820921652393
scope_20260424_115654,sweep_6581,411,2270.75,0.40221789920739476,0.36228839744773395
scope_20260424_115654,sweep_6582,411,2279.03,0.40295055004763475,0.40241651153521907
scope_20260424_115654,sweep_6583,411,2270.83,0.4022249843441411,0.6727009537411387
scope_20260424_115654,sweep_6584,411,2271.26,0.40226306481611707,0.43217679513030227
scope_20260424_115654,sweep_6585,411,2270.66,0.4022099282793701,0.4349350092501077
scope_20260424_115654,sweep_6586,411,2279.03,0.40295055004763475,0.4390835826777701
scope_20260424_115654,sweep_6587,411,2270.66,0.3928107140408861,0.39755871727573255
scope_20260424_115654,sweep_6588,411,2270.92,0.39283320262619137,0.4971012268421414
scope_20260424_115654,sweep_6589,411,2270.75,0.3928184986968799,0.4134630075848699
scope_20260424_115654,sweep_6590,412,2060.16,0.3741603347012223,0.40599640148769384
scope_20260424_115654,sweep_6591,412,2080.95,0.37604350565280237,0.369808126738953
scope_20260424_115654,sweep_6592,412,2080.88,0.3760371808331848,0.44008128848566835
scope_20260424_115654,sweep_6593,412,2087.83,0.37666462687748564,0.3610810737996772
scope_20260424_115654,sweep_6594,412,2087.9,0.3766709411614272,0.30904567600739186
scope_20260424_115654,sweep_6595,412,2087.76,0.37665831248769177,0.44678505685659303
scope_20260424_115654,sweep_6596,412,2081.09,0.37605615497290945,0.4466532281332228
scope_20260424_115654,sweep_6597,412,2080.8,0.3760299523376423,0.3967868703992138
scope_20260424_115654,sweep_6598,412,2080.8,0.3760299523376423,0.3882179222833868
scope_20260424_115654,sweep_6599,412,2087.76,0.37665831248769177,0.3986788444255972
scope_20260424_115654,sweep_6600,412,2087.83,0.37666462687748564,0.3446557387509713
scope_20260424_115654,sweep_6612,414,1709.4,0.33294791577034843,0.35635363810540466
scope_20260424_115654,sweep_6613,414,1709.35,0.3329430463666031,0.38408810871868887
scope_20260424_115654,sweep_6614,414,1709.35,0.3329430463666031,0.40627542833644775
scope_20260424_115654,sweep_6615,414,1709.35,0.3329430463666031,0.42184218941179885
scope_20260424_115654,sweep_6616,414,1714.09,0.33340434964208315,0.45069135283315853
scope_20260424_115654,sweep_6617,414,1709.35,0.3329430463666031,0.3999997031328885
scope_20260424_115654,sweep_6618,414,1709.4,0.3253405321342194,0.3197358895907841
scope_20260424_115654,sweep_6619,414,1709.26,0.32532720915331187,0.304478668787194
scope_20260424_115654,sweep_6620,414,1709.4,0.3253405321342194,0.28665285039910793
scope_20260424_115654,sweep_6621,414,1709.35,0.3253357739893845,0.2629654921831282
scope_20260424_115654,sweep_6622,414,1709.3,0.32533101577495926,0.3651505427903795
scope_20260424_115654,sweep_6623,415,1521.22,0.3069109165386572,0.41359548768550464
scope_20260424_115654,sweep_6624,415,1521.14,0.3069028463068247,0.31580634577412947
scope_20260424_115654,sweep_6625,415,1521.11,0.30689981991517584,0.29320618373122753
scope_20260424_115654,sweep_6626,415,1521.18,0.30690688144926714,0.3683742050737227
scope_20260424_115654,sweep_6627,415,1521.14,0.3069028463068247,0.3471608496784872
scope_20260424_115654,sweep_6628,415,1521.26,0.306914951574997,0.2693319078708815
scope_20260424_115654,sweep_6629,415,1521.26,0.306914951574997,0.39219446399705743
scope_20260424_115654,sweep_6630,415,1521.18,0.30690688144926714,0.38163350684261643
scope_20260424_115654,sweep_6631,415,1521.26,0.2999802757251766,0.40478660847230025
scope_20260424_115654,sweep_6632,415,1521.22,0.29997633185959577,0.35884977795373973
scope_20260424_115654,sweep_6633,416,1335.17,0.2810342555502933,0.29066712768575453
scope_20260424_115654,sweep_6634,416,1334.91,0.28100689107086424,0.26043944282346726
scope_20260424_115654,sweep_6635,416,1332.3,0.28073204601240115,0.3057622644168508
scope_20260424_115654,sweep_6636,416,1332.33,0.2807352066796572,0.42145107994950165
scope_20260424_115654,sweep_6637,416,1332.27,0.2807288853095597,0.3027646461465724
scope_20260424_115654,sweep_6638,416,1335.11,0.2810279409069241,0.37139659042788625
scope_20260424_115654,sweep_6639,416,1332.21,0.2807225637971163,0.23287724825223452
scope_20260424_115654,sweep_6640,416,1334.96,0.28101215367770277,0.42123295306897446
scope_20260424_115654,sweep_6641,416,1332.33,0.2807352066796572,0.29145754246595396
scope_20260424_115654,sweep_6642,416,1332.21,0.2807225637971163,0.3379549259544438
scope_20260424_115654,sweep_6643,416,1332.42,0.27447141156735577,0.25071082690743723
scope_20260424_115654,sweep_6644,417,1143.77,0.2542997276023546,0.2081467985428701
scope_20260424_115654,sweep_6645,417,1143.62,0.25428305195521617,0.29724397316429224
scope_20260424_115654,sweep_6646,417,1143.64,0.2542852754380183,0.36486329690369645
scope_20260424_115654,sweep_6647,417,1143.69,0.2542908340599657,0.27120423762133766
scope_20260424_115654,sweep_6648,417,1143.64,0.2542852754380183,0.43358296998884793
scope_20260424_115654,sweep_6649,417,1143.69,0.2542908340599657,0.23433269275382873
scope_20260424_115654,sweep_6650,417,1145.72,0.254516411591227,0.27535815569521066
scope_20260424_115654,sweep_6651,417,1143.77,0.2542997276023546,0.23706390795353213
scope_20260424_115654,sweep_6652,417,1145.67,0.2545108578959858,0.31832905408183104
scope_20260424_115654,sweep_6653,417,1143.75,0.25429750424591674,0.3075924091292889
scope_20260424_115654,sweep_6654,418,934.14,0.22461197739384114,0.20635104865531742
scope_20260424_115654,sweep_6655,419,955.69,0.22890438988064976,0.24526346554536246
scope_20260424_115654,sweep_6656,419,955.72,0.22891035384814973,0.3240983388008018
scope_20260424_115654,sweep_6657,419,955.66,0.22889842588132325,0.3339989103455259
scope_20260424_115654,sweep_6658,419,955.66,0.22889842588132325,0.24985990846099998
scope_20260424_115654,sweep_6659,419,955.7,0.22890637787335263,0.209993454903411
scope_20260424_115654,sweep_6660,419,955.76,0.23421023450851114,0.22660430031491427
scope_20260424_115654,sweep_6661,419,955.69,0.23419599693910004,0.23982235541822078
scope_20260424_115654,sweep_6662,419,955.67,0.2341919290295638,0.2601281483078512
scope_20260424_115654,sweep_6663,419,955.69,0.23419599693910004,0.33977614123133953
scope_20260424_115654,sweep_6664,419,955.67,0.2341919290295638,0.1717650661645043
scope_20260424_115654,sweep_6665,420,770.97,0.20053748241715255,0.24512300126209585
scope_20260424_115654,sweep_6666,420,770.96,0.2005353234966509,0.1668040758060041
scope_20260424_115654,sweep_6667,420,771.87,0.20073176577704624,0.16063988024169695
scope_20260424_115654,sweep_6668,420,772.8,0.20093248479578277,0.17435914357494894
scope_20260424_115654,sweep_6669,420,774.78,0.20135968537001805,0.36268802068989525
scope_20260424_115654,sweep_6670,420,775.69,0.20155596275681126,0.2256585994501119
scope_20260424_115654,sweep_6671,420,777.66,0.20198073693372984,0.20480802640649642
scope_20260424_115654,sweep_6672,420,776.78,0.20179101272709996,0.23538764726716835
scope_20260424_115654,sweep_6673,420,778.67,0.20219844360380768,0.18670015828177822
scope_20260424_115654,sweep_6674,420,780.61,0.20261647826841708,0.21555904036181622
scope_20260424_115654,sweep_6675,420,782.63,0.2030515638324733,0.1735591549538404
scope_20260424_115654,sweep_6676,421,557.48,0.1532232827199035,0.19903222675037968
scope_20260424_115654,sweep_6677,421,598.25,0.16246772449068309,0.15775784917653687
scope_20260424_115654,sweep_6678,421,602.85,0.16350390931366135,0.21066839287305117
scope_20260424_115654,sweep_6679,421,606.99,0.16443532683299997,0.17291796689933733
scope_20260424_115654,sweep_6680,421,610.59,0.1614687797854578,0.21500628809243283
scope_20260424_115654,sweep_6681,421,616.59,0.16278463075062707,0.20351992279741873
scope_20260424_115654,sweep_6682,421,621.53,0.16386638105727286,0.18824169153276668
scope_20260424_115654,sweep_6683,421,626.53,0.16495978269728165,0.15647442211729543
scope_20260424_115654,sweep_6684,421,629.68,0.1656478637149089,0.1777235191841377
scope_20260424_115654,sweep_6685,421,633.55,0.16273056038253111,0.19159505065541657
scope_20260424_115654,sweep_6686,422,424.95,0.11681843366446172,0.11740018440710502
scope_20260424_115654,sweep_6687,423,457.13,0.12411490737730159,0.12539910033444612
scope_20260424_115654,sweep_6688,423,466.74,0.12627670615520253,0.11471941699333785
scope_20260424_115654,sweep_6689,423,474.57,0.12803249535184233,0.1450982696052319
scope_20260424_115654,sweep_6690,423,480.06,0.12926062729088592,0.1436569481855771
scope_20260424_115654,sweep_6691,423,484.92,0.1274332397735875,0.13244102017814716
scope_20260424_115654,sweep_6692,423,491.44,0.12885374971466657,0.16347231234941403
scope_20260424_115654,sweep_6693,423,498.91,0.13047730498166724,0.18008941624156502
scope_20260424_115654,sweep_6694,423,505.78,0.13196680904635427,0.17051700313223506
scope_20260424_115654,sweep_6695,423,510.8,0.13305303390812995,0.15036760014648434
scope_20260424_115654,sweep_6696,423,515.46,0.13405973882832406,0.16254293767831296
scope_20260424_115654,sweep_6697,424,364.67,0.09836672835080282,0.11599177380196056
scope_20260424_115654,sweep_6698,424,364.46,0.09831971005981235,0.11856121350431066
scope_20260424_115654,sweep_6699,424,365.33,0.0985144701723002,0.136209014763502
scope_20260424_115654,sweep_6700,424,364.04,0.09822565965727978,0.06718343814651181
scope_20260424_115654,sweep_6701,424,364.7,0.09837344487371182,0.09461879085345272
scope_20260424_115654,sweep_6702,424,368.12,0.09913851503514089,0.07725403292309761
scope_20260424_115654,sweep_6703,424,375.47,0.10077867584965965,0.08373368032118675
scope_20260424_115654,sweep_6704,424,383.34,0.10252883704862233,0.11204434190417133
scope_20260424_115654,sweep_6705,424,388.58,0.10369073784277494,0.10037290575313045
scope_20260424_115654,sweep_6706,424,396.03,0.10533810652771888,0.09067988827346996
scope_20260424_115654,sweep_6707,424,400.62,0.1063504364321751,0.06500664413197181
scope_20260424_115654,sweep_6708,424,363.84,0.09818086726880226,0.07400884046693984
scope_20260424_115654,sweep_6709,424,363.83,0.1003973627123218,0.08283739877767407
scope_20260424_115654,sweep_6710,424,364.04,0.10044545770717157,0.0764309938692265
scope_20260424_115654,sweep_6711,424,363.82,0.10039507235677847,0.0760649480355323
scope_20260424_115654,sweep_6712,424,362.98,0.1002026442508462,0.08401143833572326
scope_20260424_115654,sweep_6713,424,364.06,0.10045003793684874,0.08688206142407745
scope_20260424_115654,sweep_6714,424,363.83,0.10269202958777088,0.10698966255294458
scope_20260424_115654,sweep_6715,424,363.62,0.10264283051371083,0.0872678602895206
scope_20260424_115654,sweep_6716,424,363.39,0.10258894027086765,0.08377099562740456
scope_20260424_115654,sweep_6717,424,364.05,0.1027435662973439,0.08337710705675268
scope_20260424_115654,sweep_6718,424,364.05,0.1027435662973439,0.09577716378607513
scope_20260424_115654,sweep_6719,424,363.83,0.10506597212725893,0.08219949032381799
scope_20260424_115654,sweep_6720,424,363.83,0.10506597212725893,0.12179666367548139
scope_20260424_115654,sweep_6721,424,364.05,0.10511870021641312,0.128042442115213
scope_20260424_115654,sweep_6722,424,364.46,0.10521695174997497,0.12487752647947482
scope_20260424_115654,sweep_6723,424,364.05,0.10757667332733062,0.13559226754597992
scope_20260424_115654,sweep_6724,424,364.69,0.10773361933909364,0.11808875954905874
scope_20260424_115654,sweep_6725,424,364.89,0.10778265536239369,0.09466308741611805
scope_20260424_115654,sweep_6726,424,363.84,0.1075251652000326,0.10496166682286631
scope_20260424_115654,sweep_6727,424,364.46,0.10767722226018588,0.10389157893682086
scope_20260424_115654,sweep_6728,424,364.27,0.10763062880533648,0.10779608272032967
scope_20260424_115654,sweep_6729,424,363.83,0.10752271230602388,0.12338161501868229
scope_20260424_115654,sweep_6730,424,364.25,0.10762572399084039,0.12408489839663503
scope_20260424_115654,sweep_6731,424,364.47,0.1076796744328809,0.11694399157236139
scope_20260424_115654,sweep_6732,424,364.45,0.1076747700760528,0.10860682127124717
scope_20260424_115654,sweep_6733,424,364.25,0.10762572399084039,0.09912187771358685
scope_20260424_115654,sweep_6734,424,364.25,0.10762572399084039,0.12186129240090235
scope_20260424_115654,sweep_6735,424,364.24,0.10762327156642391,0.1339797721983354
scope_20260424_115654,sweep_6736,424,363.85,0.10752761808258052,0.10995425015293046
scope_20260424_115654,sweep_6737,424,364.68,0.10773116741794235,0.11788702746515442
scope_20260424_115654,sweep_6738,424,364.45,0.10521455559474181,0.11717488878549157
scope_20260424_115654,sweep_6739,424,363.82,0.10506357526717042,0.12274894647527189
scope_20260424_115654,sweep_6740,424,364.04,0.10511630360262673,0.10994469399891448
scope_20260424_115654,sweep_6741,424,364.06,0.1051210968190081,0.11957415187749329
scope_20260424_115654,sweep_6742,424,364.26,0.10516902652126459,0.11669105978338215
scope_20260424_115654,sweep_6743,424,364.05,0.10511870021641312,0.12728142147658306
scope_20260424_115654,sweep_6744,424,364.24,0.10278807101309258,0.12098934882470999
scope_20260424_115654,sweep_6745,424,363.41,0.10259362660907692,0.11089962153546029
scope_20260424_115654,sweep_6746,424,363.61,0.10264048758019571,0.11305944309419733
scope_20260424_115654,sweep_6747,424,364.04,0.10274122383451907,0.11728775438405119
scope_20260424_115654,sweep_6748,424,363.41,0.10259362660907692,0.10395176482621121
scope_20260424_115654,sweep_6749,424,363.84,0.10039965305716342,0.07866705579696526
scope_20260424_115654,sweep_6750,425,176.7,0.0551293510750842,0.05609444736577244
scope_20260424_115654,sweep_6751,425,176.7,0.0551293510750842,0.06923840606377618
scope_20260424_115654,sweep_6752,425,176.7,0.0551293510750842,0.06073230039086541
scope_20260424_115654,sweep_6753,425,176.7,0.053911017973700626,0.05215576927570603
scope_20260424_115654,sweep_6754,425,176.7,0.053911017973700626,0.03693665780224003
scope_20260424_115654,sweep_6755,425,176.7,0.053911017973700626,0.05640034515597702
scope_20260424_115654,sweep_6756,425,176.7,0.053911017973700626,0.08666061128856607
scope_20260424_115654,sweep_6757,425,176.7,0.053911017973700626,0.039059408309458934
scope_20260424_115654,sweep_6758,425,176.7,0.05273263572612952,0.06265353993393356
scope_20260424_115654,sweep_6759,425,176.7,0.05273263572612952,0.05752287021301488
scope_20260424_115654,sweep_6760,425,176.7,0.05273263572612952,0.08761826154389747
scope_20260424_115654,sweep_6761,425,176.7,0.05273263572612952,0.06502022097976941
scope_20260424_115654,sweep_6762,425,176.7,0.05273263572612952,0.07412931482119615
scope_20260424_115654,sweep_6763,425,176.7,0.05273263572612952,0.0683942651096909
scope_20260424_115654,sweep_6764,425,176.7,0.05159254700327686,0.06846737794760492
scope_20260424_115654,sweep_6765,425,176.7,0.05159254700327686,0.07720421791504486
scope_20260424_115654,sweep_6766,425,176.7,0.05159254700327686,0.05221570329657066
scope_20260424_115654,sweep_6767,425,176.7,0.05159254700327686,0.08239561405884493
scope_20260424_115654,sweep_6768,425,176.7,0.05159254700327686,0.06641613062189371
scope_20260424_115654,sweep_6769,425,176.7,0.05159254700327686,0.07357185658395093
scope_20260424_115654,sweep_6770,425,176.7,0.05048917631355692,0.04978836944455923
scope_20260424_115654,sweep_6771,425,176.7,0.05048917631355692,0.03770486388991829
scope_20260424_115654,sweep_6772,425,176.7,0.05048917631355692,0.036204193159374946
scope_20260424_115654,sweep_6773,425,176.7,0.05048917631355692,0.05064637647335681
scope_20260424_115654,sweep_6774,425,176.7,0.05048917631355692,0.047650865286005935
scope_20260424_115654,sweep_6775,425,176.7,0.05048917631355692,0.04601460164345051
scope_20260424_115654,sweep_6776,425,176.7,0.04942102536547657,0.14917128255514803
scope_20260424_115654,sweep_6777,425,176.7,0.04942102536547657,0.08065290960177458
scope_20260424_115654,sweep_6778,425,176.7,0.04942102536547657,0.04895231731528117
scope_20260424_115654,sweep_6779,425,176.7,0.04942102536547657,0.05513131995210425
scope_20260424_115654,sweep_6780,425,176.7,0.04942102536547657,0.045232124913450966
scope_20260424_115654,sweep_6781,425,176.7,0.04942102536547657,0.06675633468047369
scope_20260424_115654,sweep_6782,425,176.7,0.04838666872471354,0.06823292726457102
scope_20260424_115654,sweep_6783,425,176.7,0.04838666872471354,0.07386778071807272
scope_20260424_115654,sweep_6784,425,176.7,0.04838666872471354,0.06385359443985938
scope_20260424_115654,sweep_6785,425,176.7,0.04838666872471354,0.06598907704878247
scope_20260424_115654,sweep_6786,425,176.7,0.04838666872471354,0.06554279610287397
scope_20260424_115654,sweep_6787,425,176.7,0.04838666872471354,0.06872055480026189
scope_20260424_115654,sweep_6788,425,176.7,0.04838666872471354,0.0546236351759962
scope_20260424_115654,sweep_6789,425,176.7,0.04838666872471354,0.07109738437228734
scope_20260424_115654,sweep_6790,425,176.7,0.04838666872471354,0.09466204157381267
scope_20260424_115654,sweep_6791,425,176.7,0.04838666872471354,0.06503245590502525
scope_20260424_115654,sweep_6792,425,176.7,0.04838666872471354,0.046383581123323026
scope_20260424_115654,sweep_6793,425,176.7,0.04838666872471354,0.07168251372992644
scope_20260424_115654,sweep_6794,425,176.7,0.04942102536547657,0.06440108770429084
scope_20260424_115654,sweep_6795,425,176.7,0.04942102536547657,0.05042037417421315
scope_20260424_115654,sweep_6796,425,176.7,0.04942102536547657,0.06937224054794489
scope_20260424_115654,sweep_6797,425,176.7,0.04942102536547657,0.05004176944976533
scope_20260424_115654,sweep_6798,425,176.7,0.04942102536547657,0.07083647483687076
scope_20260424_115654,sweep_6799,425,176.7,0.04942102536547657,0.06669481659902075
scope_20260424_115654,sweep_6800,425,176.7,0.05048917631355692,0.0725194428194567
scope_20260424_115654,sweep_6801,425,176.7,0.05048917631355692,0.12430870490222581
scope_20260424_115654,sweep_6802,426,364.04,0.09199107780474748,0.11045401369630098
scope_20260424_115654,sweep_6803,426,364.46,0.09207915863746603,0.1409411516257925
scope_20260424_115654,sweep_6804,426,364.9,0.09418569330936451,0.13902019651405184
scope_20260424_115654,sweep_6805,426,364.92,0.0941899779770135,0.14130537544056404
scope_20260424_115654,sweep_6806,426,365.11,0.09423068032900395,0.11368687290222206
scope_20260424_115654,sweep_6807,426,364.89,0.09626481289790936,0.08969911441163676
scope_20260424_115654,sweep_6808,426,365.1,0.09631079425192007,0.08052559651271558
scope_20260424_115654,sweep_6809,426,364.89,0.09626481289790936,0.08193213763850007
scope_20260424_115654,sweep_6810,426,364.89,0.09841598067138822,0.08762867886687734
scope_20260424_115654,sweep_6811,426,364.47,0.09832194913046566,0.10453584298540744
scope_20260424_115654,sweep_6812,426,364.91,0.09842045790471328,0.14393421275131135
scope_20260424_115654,sweep_6813,426,364.89,0.09841598067138822,0.10583626554863729
scope_20260424_115654,sweep_6814,426,365.11,0.09846522794403448,0.09328561435144585
scope_20260424_115654,sweep_6815,426,365.12,0.09846746633654446,0.12395408054469581
scope_20260424_115654,sweep_6816,426,364.9,0.09841821929326539,0.09770028933012331
scope_20260424_115654,sweep_6817,426,364.89,0.09841598067138822,0.11866495079968273
scope_20260424_115654,sweep_6818,426,364.89,0.09841598067138822,0.12627360788991165
scope_20260424_115654,sweep_6819,426,365.54,0.09856146941507135,0.08883891724951633
scope_20260424_115654,sweep_6820,426,365.96,0.09865545413400434,0.07712328883224723
scope_20260424_115654,sweep_6821,426,365.76,0.0986107017941233,0.09594000960790151
scope_20260424_115654,sweep_6822,426,365.32,0.09851223199858082,0.07436610972820874
scope_20260424_115654,sweep_6823,426,365.76,0.0986107017941233,0.07694656651951165
scope_20260424_115654,sweep_6824,426,366.19,0.09870691418522025,0.10887692146384102
scope_20260424_115654,sweep_6825,426,365.75,0.098608464067945,0.08391913963804339
scope_20260424_115654,sweep_6826,426,365.33,0.0985144701723002,0.08808809522941577
scope_20260424_115654,sweep_6827,426,365.32,0.09851223199858082,0.10418757185302234
scope_20260424_115654,sweep_6828,426,365.54,0.09856146941507135,0.08664847646269472
scope_20260424_115654,sweep_6829,426,365.75,0.09645308900946244,0.06965887468215134
scope_20260424_115654,sweep_6830,426,364.89,0.09626481289790936,0.07652457654777858
scope_20260424_115654,sweep_6831,426,364.46,0.09617064656081964,0.10714658874360354
scope_20260424_115654,sweep_6832,426,364.89,0.09626481289790936,0.09750008703163149
scope_20260424_115654,sweep_6833,426,365.52,0.09640274347525618,0.11272757098330757
scope_20260424_115654,sweep_6834,426,363.81,0.0960282662320714,0.079048929279778
scope_20260424_115654,sweep_6835,426,364.46,0.09617064656081964,0.12048876677059481
scope_20260424_115654,sweep_6836,426,365.11,0.09423068032900395,0.09428313610939647
scope_20260424_115654,sweep_6837,426,364.91,0.09418783564817924,0.10819313978071977
scope_20260424_115654,sweep_6838,426,364.69,0.09414070188820337,0.13175059250402515
scope_20260424_115654,sweep_6839,426,364.46,0.09409142051600598,0.07213830825978663
scope_20260424_115654,sweep_6840,426,364.25,0.09404641986298835,0.08682733240975199
scope_20260424_115654,sweep_6841,426,364.47,0.09409356329427777,0.08549598131427927
scope_20260424_115654,sweep_6842,426,364.67,0.0921231925821587,0.07465461601712695
scope_20260424_115654,sweep_6843,426,365.76,0.0923516805361729,0.15462622763565556
scope_20260424_115654,sweep_6844,426,365.12,0.0922175365236154,0.10652403332103548
scope_20260424_115654,sweep_6845,426,365.76,0.0923516805361729,0.09742273464194161
scope_20260424_115654,sweep_6846,426,365.32,0.09225946081828278,0.11987796264972166
scope_20260424_115654,sweep_6847,426,364.9,0.09217141529006252,0.11160662689138874
scope_20260424_115654,sweep_6848,426,364.04,0.09199107780474748,0.13204035014222495
scope_20260424_115654,sweep_6849,426,365.34,0.09031171965538315,0.1165955657849322
scope_20260424_115654,sweep_6850,426,364.69,0.09017833555775343,0.12812884841123426
scope_20260424_115654,sweep_6851,426,365.33,0.09030966789806902,0.12753615060035642
scope_20260424_115654,sweep_6852,426,365.12,0.09026657878852389,0.1060217139905121
scope_20260424_115654,sweep_6853,426,365.31,0.09030556435479785,0.2385383029277199
scope_20260424_115654,sweep_6854,427,502.99,0.11776050972941565,0.28080362511172957
scope_20260424_115654,sweep_6855,427,511.64,0.11943894057513096,0.17468044090113802
scope_20260424_115654,sweep_6856,427,517.17,0.12050944181452518,0.16981277204649342
scope_20260424_115654,sweep_6857,427,519.78,0.12101401059671604,0.19686228752954296
scope_20260424_115654,sweep_6858,427,525.05,0.1220315045358791,0.16110929751775502
scope_20260424_115654,sweep_6859,427,529.49,0.12288740076459986,0.2524382980760423
scope_20260424_115654,sweep_6860,427,534.07,0.1237690073244822,0.1586330198426253
scope_20260424_115654,sweep_6861,427,538.66,0.12465125024869676,0.23568217755947599
scope_20260424_115654,sweep_6862,427,542.88,0.12546124841881576,0.21212030142913443
scope_20260424_115654,sweep_6863,427,546.19,0.12609582968787686,0.20864502423219683
scope_20260424_115654,sweep_6864,428,761.45,0.1661375379276585,0.18484204373937901
scope_20260424_115654,sweep_6865,429,736.28,0.16505840441335876,0.26944995118098014
scope_20260424_115654,sweep_6866,429,732.86,0.16442179862363082,0.2569683285275171
scope_20260424_115654,sweep_6867,429,731.97,0.16425604946797476,0.326060741677272
scope_20260424_115654,sweep_6868,429,729.38,0.16735254774642694,0.30412424177373876
scope_20260424_115654,sweep_6869,429,728.51,0.167186848751899,0.2331235222307929
scope_20260424_115654,sweep_6870,429,726.85,0.16687059407482774,0.2676197053228654
scope_20260424_115654,sweep_6871,429,725.11,0.16653896637233814,0.25716760565307506
scope_20260424_115654,sweep_6872,429,723.49,0.1699034295082342,0.2757562765520311
scope_20260424_115654,sweep_6873,429,721.8,0.16957395584139387,0.23546126451724642
scope_20260424_115654,sweep_6874,429,721.68,0.1695505562782331,0.21175371769322873
scope_20260424_115654,sweep_6875,430,904.34,0.20446947776372432,0.2346058688218012
scope_20260424_115654,sweep_6876,430,901.69,0.20853008323147887,0.22572670996452252
scope_20260424_115654,sweep_6877,430,895.18,0.20727971556769031,0.18033556793663144
scope_20260424_115654,sweep_6878,430,887.55,0.20581226107467554,0.30713848668644234
scope_20260424_115654,sweep_6879,430,883.72,0.20507484123308042,0.2622935949942035
scope_20260424_115654,sweep_6880,430,880.04,0.2043657900986272,0.26285882312699393
scope_20260424_115654,sweep_6881,430,875.02,0.20339773831753205,0.20311716882396463
scope_20260424_115654,sweep_6882,430,870.15,0.20245770976360344,0.25185100111954284
scope_20260424_115654,sweep_6883,430,865.31,0.2015225853869916,0.28295403955182263
scope_20260424_115654,sweep_6884,430,861.71,0.2008264617205169,0.2331621257561714
scope_20260424_115654,sweep_6885,430,859.33,0.2003659752140518,0.35404466116929495
scope_20260424_115654,sweep_6886,431,1042.08,0.23736775745311736,0.22551006190618922
scope_20260424_115654,sweep_6887,431,1033.48,0.23638626280553546,0.2241120676046733
scope_20260424_115654,sweep_6888,431,1024.94,0.23540756636864396,0.20547418911842158
scope_20260424_115654,sweep_6889,431,1016.59,0.2344466940125807,0.2266785194453451
scope_20260424_115654,sweep_6890,431,1009.96,0.23368093582977761,0.24567287941166205
scope_20260424_115654,sweep_6891,431,1005.06,0.23311337434124726,0.24047934137344226
scope_20260424_115654,sweep_6892,431,998.64,0.22697636214868452,0.2218326401711423
scope_20260424_115654,sweep_6893,431,992.29,0.22577780501442873,0.24759625378512676
scope_20260424_115654,sweep_6894,431,986.03,0.22459495833968546,0.2571251602715922
scope_20260424_115654,sweep_6895,431,981.27,0.22369468700027312,0.24689134624244335
scope_20260424_115654,sweep_6896,432,1160.83,0.25052755964493023,0.2983628783552542
scope_20260424_115654,sweep_6897,432,1158.55,0.250281406638744,0.26250725266582386
scope_20260424_115654,sweep_6898,433,1147.86,0.24912405104830718,0.23960222570707654
scope_20260424_115654,sweep_6899,433,1145.78,0.2488982338830955,0.24570013189971276
scope_20260424_115654,sweep_6900,433,1145.8,0.24345996318315455,0.33299475717998933
scope_20260424_115654,sweep_6901,433,1145.65,0.24344402663674267,0.2579766394532675
scope_20260424_115654,sweep_6902,433,1145.67,0.24344615156987381,0.26025342806303753
scope_20260424_115654,sweep_6903,433,1145.67,0.24344615156987381,0.32761244439749476
scope_20260424_115654,sweep_6904,433,1145.72,0.24345146382155783,0.2747594920487151
scope_20260424_115654,sweep_6905,433,1145.8,0.24345996318315455,0.3637873861900087
scope_20260424_115654,sweep_6906,433,1145.8,0.24345996318315455,0.28780223396690163
scope_20260424_115654,sweep_6907,434,1332.21,0.2625182422588476,0.3042664867681995
scope_20260424_115654,sweep_6908,434,1335.05,0.2627979109634359,0.2558965441032076
scope_20260424_115654,sweep_6909,434,1332.24,0.2625211980627115,0.28106986216065377
scope_20260424_115654,sweep_6910,434,1332.27,0.2625241538332954,0.30659508412305125
scope_20260424_115654,sweep_6911,434,1332.33,0.26253006527462813,0.2896814124956846
scope_20260424_115654,sweep_6912,434,1332.27,0.2625241538332954,0.3307522831652802
scope_20260424_115654,sweep_6913,434,1332.3,0.26252710957060066,0.2344931087790477
scope_20260424_115654,sweep_6914,434,1332.27,0.2625241538332954,0.24774686270257018
scope_20260424_115654,sweep_6915,434,1334.91,0.262784131452509,0.2750039555727188
scope_20260424_115654,sweep_6916,434,1335.14,0.26280676883894205,0.21579565395756037
scope_20260424_115654,sweep_6917,435,1543.89,0.28260596229612256,0.3210957069804139
scope_20260424_115654,sweep_6918,435,1521.26,0.28052712838791327,0.3381400244259559
scope_20260424_115654,sweep_6919,435,1521.22,0.28052344027447496,0.32230497888497267
scope_20260424_115654,sweep_6920,435,1521.41,0.27447561424412276,0.340978481029146
scope_20260424_115654,sweep_6921,435,1524.86,0.2747866430425009,0.28789466706844336
scope_20260424_115654,sweep_6922,435,1524.89,0.2747893460967963,0.31482979652277754
scope_20260424_115654,sweep_6923,435,1524.93,0.2747929501278292,0.29921752247382327
scope_20260424_115654,sweep_6924,435,1525.05,0.27480376193732853,0.3977280660973323
scope_20260424_115654,sweep_6925,435,1521.3,0.27446569158575884,0.32505225364064944
scope_20260424_115654,sweep_6926,435,1524.86,0.2747866430425009,0.23587935140402802
scope_20260424_115654,sweep_6927,435,1521.14,0.2744512579877269,0.39150782132405115
scope_20260424_115654,sweep_6928,436,1709.01,0.29090617122496315,0.27264635669189247
scope_20260424_115654,sweep_6929,436,1709.16,0.2909189373785384,0.2506471198344712
scope_20260424_115654,sweep_6930,436,1713.94,0.2913254591822076,0.3608423875974863
scope_20260424_115654,sweep_6931,436,1713.99,0.29132970850444967,0.37732775099961013
scope_20260424_115654,sweep_6932,436,1709.21,0.29092319263857497,0.3213424704445395
scope_20260424_115654,sweep_6933,436,1713.99,0.29132970850444967,0.3623880651753539
scope_20260424_115654,sweep_6934,436,1713.89,0.2913212097979834,0.45035342683644736
scope_20260424_115654,sweep_6935,436,1709.4,0.2909393620591111,0.41507197428791787
scope_20260424_115654,sweep_6936,436,1709.35,0.29093510703557085,0.3994622030935113
scope_20260424_115654,sweep_6937,436,1709.5,0.29094787191950633,0.3109986714473261
scope_20260424_115654,sweep_6938,437,1920.31,0.3083658699530865,0.3508063330035085
scope_20260424_115654,sweep_6939,437,1896.87,0.30647807870152255,0.3882087509700965
scope_20260424_115654,sweep_6940,437,1902.77,0.3069543413816853,0.28065235370655783
scope_20260424_115654,sweep_6941,437,1902.71,0.30694950175165303,0.3586820050472076
scope_20260424_115654,sweep_6942,437,1902.59,0.30693982226266403,0.2963908252748378
scope_20260424_115654,sweep_6943,437,1896.87,0.30647807870152255,0.27796881451858385
scope_20260424_115654,sweep_6944,437,1902.59,0.30693982226266403,0.34990475861944853
scope_20260424_115654,sweep_6945,437,1896.87,0.30647807870152255,0.3036922660420024
scope_20260424_115654,sweep_6946,437,1902.53,0.30693498240370004,0.27516086351302393
scope_20260424_115654,sweep_6947,437,1896.93,0.3064829257757319,0.34095774976171317
scope_20260424_115654,sweep_6948,437,1902.47,0.3069301424684182,0.3392650128743039
scope_20260424_115654,sweep_6949,438,2102.02,0.3226257702097402,0.42448740135029916
scope_20260424_115654,sweep_6950,438,2087.76,0.3215295692466418,0.3530102183485512
scope_20260424_115654,sweep_6951,438,2087.76,0.3215295692466418,0.28796701110520473
scope_20260424_115654,sweep_6952,438,2087.83,0.3215349594450343,0.3354431487219506
scope_20260424_115654,sweep_6953,438,2087.83,0.3286402179088757,0.35584990888145046
scope_20260424_115654,sweep_6954,438,2087.76,0.32863470859823235,0.377021411903709
scope_20260424_115654,sweep_6955,438,2087.83,0.3286402179088757,0.2842635780576702
scope_20260424_115654,sweep_6956,438,2080.8,0.3280864638152024,0.3167820333198542
scope_20260424_115654,sweep_6957,438,2087.76,0.32863470859823235,0.32118441114725244
scope_20260424_115654,sweep_6958,438,2081.09,0.3281093256374961,0.30034870312051704
scope_20260424_115654,sweep_6959,438,2087.68,0.328628412130116,0.4073222220327684
scope_20260424_115654,sweep_6960,439,2278.94,0.34335200567987384,0.3336355590256541
scope_20260424_115654,sweep_6961,439,2270.66,0.34272769314578333,0.4128999148534102
scope_20260424_115654,sweep_6962,439,2270.66,0.34272769314578333,0.32624318118460655
scope_20260424_115654,sweep_6963,439,2270.58,0.3427216555934955,0.3392830521386958
scope_20260424_115654,sweep_6964,439,2270.66,0.34272769314578333,0.3661838288398355
scope_20260424_115654,sweep_6965,439,2270.83,0.3427405225912645,0.3416662758566286
scope_20260424_115654,sweep_6966,439,2270.83,0.3427405225912645,0.40537109483573475
scope_20260424_115654,sweep_6967,439,2270.92,0.34274731445622186,0.30087946406696037
scope_20260424_115654,sweep_6968,439,2270.58,0.3427216555934955,0.3262150032198793
scope_20260424_115654,sweep_6969,439,2271.18,0.34276693464346036,0.402848902642458
scope_20260424_115654,sweep_6981,441,2647.84,0.37837032296152895,0.3902620879230851
scope_20260424_115654,sweep_6982,441,2647.49,0.3783453150325059,0.5068267884197624
scope_20260424_115654,sweep_6983,441,2647.37,0.3783367405048813,0.40793478533425687
scope_20260424_115654,sweep_6984,441,2647.37,0.3783367405048813,0.4704054945265297
scope_20260424_115654,sweep_6985,441,2647.25,0.37832816578292144,0.4430803522682954
scope_20260424_115654,sweep_6986,441,2647.25,0.37832816578292144,0.44940500519972554
scope_20260424_115654,sweep_6987,441,2647.6,0.3783531748454547,0.4488032622095421
scope_20260424_115654,sweep_6988,441,2647.37,0.3783367405048813,0.3588764700870636
scope_20260424_115654,sweep_6989,441,2647.49,0.3783453150325059,0.4677405140165554
scope_20260424_115654,sweep_6990,441,2647.6,0.3783531748454547,0.48002476848248177
scope_20260424_115654,sweep_6991,442,2854.29,0.40172197794231473,0.5015870539174354
scope_20260424_115654,sweep_6992,443,2841.04,0.40078846945237456,0.49824728167302273
scope_20260424_115654,sweep_6993,443,2828.05,0.39987116329907313,0.4714574177386497
scope_20260424_115654,sweep_6994,443,2840.91,0.4007792997298315,0.4421214830843193
scope_20260424_115654,sweep_6995,443,2840.77,0.40076942440938074,0.4874427256697058
scope_20260424_115654,sweep_6996,443,2840.51,0.40075108388292685,0.4241907550361937
scope_20260424_115654,sweep_6997,443,2840.77,0.40076942440938074,0.43906057221967043
scope_20260424_115654,sweep_6998,443,2840.91,0.4007792997298315,0.40015314130969326
scope_20260424_115654,sweep_6999,443,2828.19,0.39988106080266134,0.3869673550969585
scope_20260424_115654,sweep_7000,443,2840.91,0.4007792997298315,0.47188249321190007
scope_20260424_115654,sweep_7001,443,2828.05,0.39987116329907313,0.3819501031177796
scope_20260424_115654,sweep_7002,444,2976.49,0.41023126692414674,0.5139479820064695
scope_20260424_115654,sweep_7003,444,2976.78,0.41962789118168164,0.48550356101929054
scope_20260424_115654,sweep_7004,444,2976.78,0.41962789118168164,0.43027043330699133
scope_20260424_115654,sweep_7005,444,2977.08,0.4196490357062611,0.47834658755707504
scope_20260424_115654,sweep_7006,444,2976.78,0.41962789118168164,0.47985607679525305
scope_20260424_115654,sweep_7007,444,2976.49,0.4196074504617729,0.4469374878860058
scope_20260424_115654,sweep_7008,444,2976.93,0.4196384635771488,0.41956914664110356
scope_20260424_115654,sweep_7009,444,2976.19,0.4195863038415573,0.45427715358514004
scope_20260424_115654,sweep_7010,444,2962.38,0.4186116979974683,0.5129575850259288
scope_20260424_115654,sweep_7011,444,2963.26,0.41867386945096674,0.541489248715709
scope_20260424_115654,sweep_7012,444,2976.93,0.4196384635771488,0.4776484743480535
scope_20260424_115654,sweep_7013,444,2962.96,0.41865267567452086,0.5146066791706695
scope_20260424_115654,sweep_7014,444,2962.96,0.41865267567452086,0.5134544248116445
scope_20260424_115654,sweep_7015,444,2976.49,0.4293075603976267,0.4397713171682931
scope_20260424_115654,sweep_7016,444,2976.78,0.4293284736478255,0.46697351729870284
scope_20260424_115654,sweep_7017,444,2976.93,0.42933929044647995,0.4448112396276807
scope_20260424_115654,sweep_7018,444,2962.82,0.4283205945375798,0.5234764564393621
scope_20260424_115654,sweep_7019,444,2962.38,0.42828878901799533,0.4762035952395048
scope_20260424_115654,sweep_7020,444,2962.67,0.42830975201215127,0.46544361988692606
scope_20260424_115654,sweep_7021,444,2962.67,0.42830975201215127,0.409271559390666
scope_20260424_115654,sweep_7022,444,2962.67,0.42830975201215127,0.4788926018429305
scope_20260424_115654,sweep_7023,444,2962.67,0.42830975201215127,0.5169264771591427
scope_20260424_115654,sweep_7024,444,2976.63,0.42931765657663823,0.5145225310203887
scope_20260424_115654,sweep_7025,444,2976.78,0.4293284736478255,0.48658294526459145
scope_20260424_115654,sweep_7026,444,2976.78,0.4293284736478255,0.4513150710526894
scope_20260424_115654,sweep_7027,444,2976.78,0.4293284736478255,0.45352361754568277
scope_20260424_115654,sweep_7028,444,2977.08,0.42935010697262227,0.4147886254278384
scope_20260424_115654,sweep_7029,444,2976.93,0.42933929044647995,0.6397174641970585
scope_20260424_115654,sweep_7030,444,2976.78,0.4293284736478255,0.5389157008336758
scope_20260424_115654,sweep_7031,444,2976.93,0.42933929044647995,0.394234145825444
scope_20260424_115654,sweep_7032,444,2976.78,0.4393673900519006,0.45833563712970665
scope_20260424_115654,sweep_7033,444,2962.67,0.4383248478173906,0.4835445013726039
scope_20260424_115654,sweep_7034,444,2976.93,0.43937845977796175,0.4167981631011092
scope_20260424_115654,sweep_7035,444,2962.82,0.4383359438717907,0.44056150183236
scope_20260424_115654,sweep_7036,444,2976.49,0.4393459877906453,0.5271027234030224
scope_20260424_115654,sweep_7037,444,2976.49,0.4393459877906453,0.4095404115752047
scope_20260424_115654,sweep_7038,444,2976.49,0.4393459877906453,0.5111802695430593
scope_20260424_115654,sweep_7039,444,2962.52,0.4383137514820903,0.5116017419511222
scope_20260424_115654,sweep_7040,444,2962.96,0.43834629993581525,0.5017757182087105
scope_20260424_115654,sweep_7041,444,2962.96,0.43834629993581525,0.6024971192686959
scope_20260424_115654,sweep_7042,444,2962.67,0.4383248478173906,0.466027155859465
scope_20260424_115654,sweep_7043,444,2962.67,0.4383248478173906,0.5133820328670117
scope_20260424_115654,sweep_7044,444,2962.52,0.4383137514820903,0.43317355383074946
scope_20260424_115654,sweep_7045,444,2962.67,0.4383248478173906,0.43190028766985034
scope_20260424_115654,sweep_7046,444,2962.82,0.4383359438717907,0.4702657001545789
scope_20260424_115654,sweep_7047,444,2976.93,0.43937845977796175,0.42968889235474633
scope_20260424_115654,sweep_7048,444,2962.82,0.4383359438717907,0.33266594081412565
scope_20260424_115654,sweep_7049,444,2962.82,0.4383359438717907,0.4796560019605991
scope_20260424_115654,sweep_7050,444,2976.93,0.43937845977796175,0.5010879994341518
scope_20260424_115654,sweep_7051,444,2976.93,0.43937845977796175,0.5620289086154738
scope_20260424_115654,sweep_7052,444,2962.67,0.4383248478173906,0.4466640980314731
scope_20260424_115654,sweep_7053,444,2962.82,0.4383359438717907,0.4472648005757905
scope_20260424_115654,sweep_7054,444,2962.82,0.44870396153786096,0.5179886382474731
scope_20260424_115654,sweep_7055,444,2976.78,0.44975980464997356,0.45389036487369283
scope_20260424_115654,sweep_7056,444,2962.82,0.44870396153786096,0.5043218151753316
scope_20260424_115654,sweep_7057,444,2962.82,0.44870396153786096,0.47729844908880736
scope_20260424_115654,sweep_7058,444,2976.34,0.44972656376094045,0.49442165270253724
scope_20260424_115654,sweep_7059,444,2976.78,0.44975980464997356,0.5857869591379001
scope_20260424_115654,sweep_7060,444,2976.78,0.44975980464997356,0.4735165015759233
scope_20260424_115654,sweep_7061,444,2962.82,0.44870396153786096,0.4322961643672967
scope_20260424_115654,sweep_7062,444,2976.78,0.44975980464997356,0.5878278198951787
scope_20260424_115654,sweep_7063,444,2976.63,0.4497484728047253,0.4643629266700717
scope_20260424_115654,sweep_7064,444,2976.93,0.44977113620971954,0.5250496063873862
scope_20260424_115654,sweep_7065,444,2962.82,0.44870396153786096,0.44286071958907797
scope_20260424_115654,sweep_7066,444,2962.82,0.44870396153786096,0.38887042509130837
scope_20260424_115654,sweep_7067,444,2976.63,0.4497484728047253,0.46346058922708144
scope_20260424_115654,sweep_7068,444,2962.82,0.44870396153786096,0.4015211956274595
scope_20260424_115654,sweep_7069,444,2977.22,0.4497930430824175,0.5025026890317783
scope_20260424_115654,sweep_7070,444,2976.93,0.44977113620971954,0.45647987110816496
scope_20260424_115654,sweep_7071,444,2962.67,0.4486926030270284,0.5329671922567008
scope_20260424_115654,sweep_7072,444,2962.82,0.44870396153786096,0.5127178511188595
scope_20260424_115654,sweep_7073,444,2976.63,0.4497484728047253,0.4943990658424149
scope_20260424_115654,sweep_7074,444,2962.82,0.44870396153786096,0.5327746094418846
scope_20260424_115654,sweep_7075,444,2963.11,0.44872592051020366,0.5252253659567823
scope_20260424_115654,sweep_7076,444,2976.93,0.44977113620971954,0.4812992230551357
scope_20260424_115654,sweep_7077,444,2976.93,0.44977113620971954,0.5066438157591722
scope_20260424_115654,sweep_7078,444,2976.63,0.4497484728047253,0.4567466802791257
scope_20260424_115654,sweep_7079,444,2977.08,0.44978246748398465,0.5238971770655514
scope_20260424_115654,sweep_7080,444,2962.96,0.44871456255522835,0.5068272901018852
scope_20260424_115654,sweep_7081,444,2976.78,0.44975980464997356,0.5098951985489505
scope_20260424_115654,sweep_7082,444,2962.67,0.4486926030270284,0.6721582269545059
scope_20260424_115654,sweep_7083,444,2976.63,0.4497484728047253,0.5853757099562491
scope_20260424_115654,sweep_7084,444,2976.78,0.44975980464997356,0.5208281551799887
scope_20260424_115654,sweep_7085,444,2976.63,0.4497484728047253,0.545227124803389
scope_20260424_115654,sweep_7086,444,2976.93,0.44977113620971954,0.4843756188467819
scope_20260424_115654,sweep_7087,444,2976.63,0.4497484728047253,0.501072913064711
scope_20260424_115654,sweep_7088,444,2976.78,0.44975980464997356,0.5147828761596542
scope_20260424_115654,sweep_7089,444,2976.63,0.4497484728047253,0.5225152719322129
scope_20260424_115654,sweep_7090,444,2976.93,0.44977113620971954,0.4632059212930885
scope_20260424_115654,sweep_7091,444,2963.11,0.44872592051020366,0.5340079150741868
scope_20260424_115654,sweep_7092,444,2976.78,0.44975980464997356,0.5288125722234889
scope_20260424_115654,sweep_7093,444,2976.34,0.44972656376094045,0.515658439818142
scope_20260424_115654,sweep_7094,444,2976.78,0.44975980464997356,0.5015181288633834
scope_20260424_115654,sweep_7095,444,2962.67,0.4486926030270284,0.5660672708229715
scope_20260424_115654,sweep_7096,444,2962.82,0.44870396153786096,0.506926044084842
scope_20260424_115654,sweep_7097,444,2962.82,0.45944059501907464,0.4882899900758258
scope_20260424_115654,sweep_7098,444,2962.96,0.45945144969865087,0.5155700840361682
scope_20260424_115654,sweep_7099,444,2976.78,0.46052170245127383,0.5144049681009861
scope_20260424_115654,sweep_7100,444,2976.93,0.4605333051537201,0.569453213550342
scope_20260424_115654,sweep_7101,444,2976.63,0.46051009945649374,0.5326158862162849
scope_20260424_115654,sweep_7102,444,2976.63,0.46051009945649374,0.48235816002863086
scope_20260424_115654,sweep_7103,444,2976.93,0.4605333051537201,0.5608825058776833
scope_20260424_115654,sweep_7104,444,2976.78,0.46052170245127383,0.5057726716290172
scope_20260424_115654,sweep_7105,444,2962.67,0.4594289647206535,0.5112633436877195
scope_20260424_115654,sweep_7106,444,2976.63,0.46051009945649374,0.5687729500555917
scope_20260424_115654,sweep_7107,444,2976.78,0.46052170245127383,0.5242482065422088
scope_20260424_115654,sweep_7108,444,2962.82,0.45944059501907464,0.4863633886725078
scope_20260424_115654,sweep_7109,444,2962.82,0.45944059501907464,0.5757258435049614
scope_20260424_115654,sweep_7110,444,2976.78,0.46052170245127383,0.471018113732055
scope_20260424_115654,sweep_7111,444,2976.63,0.46051009945649374,0.5315167294368073
scope_20260424_115654,sweep_7112,444,2962.67,0.4594289647206535,0.5396230572869782
scope_20260424_115654,sweep_7113,444,2976.63,0.46051009945649374,0.5642547866284632
scope_20260424_115654,sweep_7114,444,2962.52,0.45941733412780755,0.4999076021961403
scope_20260424_115654,sweep_7115,444,2976.49,0.4604992697309292,0.7173307701581074
scope_20260424_115654,sweep_7116,444,2976.93,0.4605333051537201,0.5630155430430084
scope_20260424_115654,sweep_7117,444,2976.63,0.46051009945649374,0.5696382242831728
scope_20260424_115654,sweep_7118,444,2962.67,0.4594289647206535,0.5918285314323032
scope_20260424_115654,sweep_7119,444,2976.63,0.46051009945649374,0.5046374420078678
scope_20260424_115654,sweep_7120,444,2963.11,0.45946307942791415,0.5487272230973244
scope_20260424_115654,sweep_7121,444,2976.78,0.46052170245127383,0.6182660706400058
scope_20260424_115654,sweep_7122,444,2976.78,0.46052170245127383,0.5501302824583832
scope_20260424_115654,sweep_7123,444,2976.78,0.46052170245127383,0.48050649354477626
scope_20260424_115654,sweep_7124,444,2962.82,0.45944059501907464,0.5143444116994166
scope_20260424_115654,sweep_7125,444,2962.67,0.4594289647206535,0.4870833070700762
scope_20260424_115654,sweep_7126,444,2976.93,0.4605333051537201,0.4728570654893944
scope_20260424_115654,sweep_7127,444,2976.63,0.46051009945649374,0.4317337832558989
scope_20260424_115654,sweep_7128,444,2976.49,0.4604992697309292,0.422382632549301
scope_20260424_115654,sweep_7129,444,2962.67,0.4594289647206535,0.45602256288167353
scope_20260424_115654,sweep_7130,444,2976.78,0.46052170245127383,0.4734198101503803
scope_20260424_115654,sweep_7131,444,2962.67,0.4594289647206535,0.4629948313546528
scope_20260424_115654,sweep_7132,444,2976.63,0.46051009945649374,0.4888997622311479
scope_20260424_115654,sweep_7133,444,2962.82,0.45944059501907464,0.45404938311033993
scope_20260424_115654,sweep_7134,444,2976.63,0.46051009945649374,0.48074908765339425
scope_20260424_115654,sweep_7135,444,2962.67,0.4594289647206535,0.4581155494523442
scope_20260424_115654,sweep_7136,444,2962.67,0.4594289647206535,0.5694560287493445
scope_20260424_115654,sweep_7137,444,2962.96,0.45945144969865087,0.4492402212054991
scope_20260424_115654,sweep_7138,444,2962.96,0.45945144969865087,0.4180413021031531
scope_20260424_115654,sweep_7139,444,2962.52,0.45941733412780755,0.42477577584629234
scope_20260424_115654,sweep_7140,444,2962.82,0.45944059501907464,0.4444615631801563
scope_20260424_115654,sweep_7141,444,2962.67,0.4594289647206535,0.4346572039495026
scope_20260424_115654,sweep_7142,444,2976.78,0.46052170245127383,0.43292659854498444
scope_20260424_115654,sweep_7143,444,2962.82,0.45944059501907464,0.49953582885792003
scope_20260424_115654,sweep_7144,444,2977.08,0.4605449075638545,0.4794124080797576
scope_20260424_115654,sweep_7145,444,2977.08,0.4605449075638545,0.48629765301079686
scope_20260424_115654,sweep_7146,444,2976.78,0.46052170245127383,0.45495488196293266
scope_20260424_115654,sweep_7147,444,2962.52,0.45941733412780755,0.46195115538697346
scope_20260424_115654,sweep_7148,444,2976.78,0.46052170245127383,0.4852460903545788
scope_20260424_115654,sweep_7149,444,2976.63,0.46051009945649374,0.3621034216623689
scope_20260424_115654,sweep_7150,444,2962.52,0.45941733412780755,0.4832085283902598
scope_20260424_115654,sweep_7151,444,2976.78,0.46052170245127383,0.446784071881657
scope_20260424_115654,sweep_7152,444,2976.63,0.46051009945649374,0.45853842565746467
scope_20260424_115654,sweep_7153,444,2976.78,0.46052170245127383,0.43208673650081086
scope_20260424_115654,sweep_7154,444,2976.49,0.4604992697309292,0.45940977626104973
scope_20260424_115654,sweep_7155,444,2962.67,0.4594289647206535,0.4309296212702609
scope_20260424_115654,sweep_7156,444,2976.49,0.4604992697309292,0.4692990741603317
scope_20260424_115654,sweep_7157,444,2962.82,0.45944059501907464,0.44533944889081817
scope_20260424_115654,sweep_7158,444,2962.67,0.4594289647206535,0.4329420499143264
scope_20260424_115654,sweep_7159,444,2976.93,0.4605333051537201,0.5139225065514212
scope_20260424_115654,sweep_7160,444,2976.63,0.46051009945649374,0.49496156395218854
scope_20260424_115654,sweep_7161,444,2962.82,0.45944059501907464,0.49719288245040955
scope_20260424_115654,sweep_7162,444,2962.82,0.45944059501907464,0.5306711040724715
scope_20260424_115654,sweep_7163,444,2976.49,0.4604992697309292,0.48670460894477086
scope_20260424_115654,sweep_7164,444,2962.67,0.4594289647206535,0.6896947845017496
scope_20260424_115654,sweep_7165,444,2976.63,0.46051009945649374,0.5188272584617201
scope_20260424_115654,sweep_7166,444,2962.82,0.45944059501907464,0.4613847906659887
scope_20260424_115654,sweep_7167,444,2963.26,0.4594747088628183,0.4962828752689643
scope_20260424_115654,sweep_7168,444,2962.52,0.45941733412780755,0.5219940449708174
scope_20260424_115654,sweep_7169,444,2976.34,0.4604876661709076,0.46899690184052695
scope_20260424_115654,sweep_7170,444,2962.52,0.45941733412780755,0.4392442447542147
scope_20260424_115654,sweep_7171,444,2962.52,0.45941733412780755,0.5762944438862051
scope_20260424_115654,sweep_7172,444,2962.67,0.4594289647206535,0.6124002655235413
scope_20260424_115654,sweep_7173,444,2976.93,0.4605333051537201,0.4703306555497854
scope_20260424_115654,sweep_7174,444,2962.52,0.45941733412780755,0.4890177092346993
scope_20260424_115654,sweep_7175,444,2962.96,0.45945144969865087,0.48269274199615414
scope_20260424_115654,sweep_7176,444,2962.67,0.4594289647206535,0.5966195198895853
scope_20260424_115654,sweep_7177,444,2976.63,0.46051009945649374,0.6946759976437241
scope_20260424_115654,sweep_7178,444,2962.67,0.4594289647206535,0.5734384679612721
scope_20260424_115654,sweep_7179,444,2962.52,0.45941733412780755,0.49517777098448656
scope_20260424_115654,sweep_7180,444,2962.96,0.45945144969865087,0.6878648271767801
scope_20260424_115654,sweep_7181,444,2962.67,0.4594289647206535,0.6713577047693523
scope_20260424_115654,sweep_7182,444,2963.11,0.45946307942791415,0.7059557337219147
scope_20260424_115654,sweep_7183,444,2962.52,0.45941733412780755,0.6004812960967024
scope_20260424_115654,sweep_7184,444,2962.67,0.4594289647206535,0.5285911293916954
scope_20260424_115654,sweep_7185,444,2962.67,0.4594289647206535,1.1117881123279179
scope_20260424_115654,sweep_7186,444,2962.67,0.4594289647206535,0.5877409361902589
scope_20260424_115654,sweep_7187,444,2976.63,0.46051009945649374,0.578664152377185
scope_20260424_115654,sweep_7188,444,2962.67,0.4594289647206535,0.5905629175465924
scope_20260424_115654,sweep_7189,444,2962.67,0.4594289647206535,0.720819987849606
scope_20260424_115654,sweep_7190,444,2962.67,0.4594289647206535,0.5801330834243721
scope_20260424_115654,sweep_7191,444,2962.82,0.45944059501907464,0.4810482819289849
scope_20260424_115654,sweep_7192,444,2962.38,0.4594064786421617,0.5775521440194159
scope_20260424_115654,sweep_7193,444,2976.78,0.46052170245127383,0.6184456924093537
scope_20260424_115654,sweep_7194,444,2963.11,0.45946307942791415,0.5481383013373488
scope_20260424_115654,sweep_7195,444,2962.96,0.45945144969865087,0.5032147024724427
scope_20260424_115654,sweep_7196,444,2963.11,0.45946307942791415,0.5567241402783827
scope_20260424_115654,sweep_7197,444,2962.67,0.4594289647206535,0.6765267606485149
scope_20260424_115654,sweep_7198,444,2976.93,0.4605333051537201,0.5147481610153788
scope_20260424_115654,sweep_7199,444,2963.26,0.4594747088628183,0.5097149722965111
scope_20260424_115654,sweep_7200,444,2962.67,0.4594289647206535,0.5209371927320214
scope_20260424_115654,sweep_7201,444,2976.63,0.46051009945649374,0.49738304013871343
scope_20260424_115654,sweep_7202,444,2962.52,0.45941733412780755,0.5056099354304328
scope_20260424_115654,sweep_7203,444,2962.82,0.45944059501907464,0.6055851388978756
scope_20260424_115654,sweep_7204,444,2976.78,0.46052170245127383,0.4441304573327382
scope_20260424_115654,sweep_7205,444,2962.96,0.45945144969865087,0.53948086069611
scope_20260424_115654,sweep_7206,444,2962.52,0.45941733412780755,0.5126857835644529
scope_20260424_115654,sweep_7207,444,2977.08,0.4605449075638545,0.5266889914052164
scope_20260424_115654,sweep_7208,444,2976.93,0.4605333051537201,0.5010897652838755
scope_20260424_115654,sweep_7209,444,2962.96,0.45945144969865087,0.5584275097594061
scope_20260424_115654,sweep_7210,444,2976.93,0.4605333051537201,0.9197635825583255
scope_20260424_115654,sweep_7211,444,2963.11,0.45946307942791415,0.5294563491834912
scope_20260424_115654,sweep_7212,444,2976.63,0.46051009945649374,0.7074674688751396
scope_20260424_115654,sweep_7213,444,2976.78,0.46052170245127383,0.5212244131706828
scope_20260424_115654,sweep_7214,444,2962.82,0.45944059501907464,0.5265856004633943
scope_20260424_115654,sweep_7215,444,2962.82,0.45944059501907464,0.5620916483558143
scope_20260424_115654,sweep_7216,444,2962.82,0.45944059501907464,0.5186154017499244
scope_20260424_115654,sweep_7217,444,2962.82,0.45944059501907464,0.5444246317802952
scope_20260424_115654,sweep_7218,444,2962.67,0.4594289647206535,0.6757258659239447
scope_20260424_115654,sweep_7219,444,2962.96,0.45945144969865087,0.5935405143174042
scope_20260424_115654,sweep_7220,444,2962.82,0.45944059501907464,0.5567453033047828
scope_20260424_115654,sweep_7221,444,2962.96,0.45945144969865087,0.8795297007792535
scope_20260424_115654,sweep_7222,444,2976.63,0.46051009945649374,0.537570617153454
scope_20260424_115654,sweep_7223,444,2962.82,0.45944059501907464,0.6138700039848655
scope_20260424_115654,sweep_7224,444,2976.49,0.4604992697309292,0.510593968008196
scope_20260424_115654,sweep_7225,445,2840.91,0.4498890984898675,0.559542670469681
scope_20260424_115654,sweep_7226,445,2828.32,0.44889110962966844,0.5651402432288938
scope_20260424_115654,sweep_7227,445,2840.77,0.4498780130894541,0.4870550710115339
scope_20260424_115654,sweep_7228,445,2828.19,0.44888079316709883,0.6056803807926796
scope_20260424_115654,sweep_7229,445,2841.18,0.44991047670505224,0.47836009859119644
scope_20260424_115654,sweep_7230,445,2840.64,0.449867719258766,0.5319517072126392
scope_20260424_115654,sweep_7231,445,2828.32,0.44889110962966844,0.48333820765647384
scope_20260424_115654,sweep_7232,445,2840.77,0.4498780130894541,0.6273773907685236
scope_20260424_115654,sweep_7233,445,2841.04,0.44989939183139255,0.4971107704375486
scope_20260424_115654,sweep_7234,445,2840.91,0.4498890984898675,0.46680659073086705
scope_20260424_115654,sweep_7235,445,2840.77,0.4498780130894541,0.5500632197063804
scope_20260424_115654,sweep_7236,446,2647.72,0.4343229314322911,0.4131921766480719
scope_20260424_115654,sweep_7237,446,2647.6,0.4343130891260206,0.4429098346879439
scope_20260424_115654,sweep_7238,446,2647.49,0.4343040668159973,0.5980121469206107
scope_20260424_115654,sweep_7239,446,2647.49,0.4343040668159973,0.512750020898019
scope_20260424_115654,sweep_7240,446,2647.6,0.4343130891260206,0.4324917977189532
scope_20260424_115654,sweep_7241,446,2647.37,0.4342942240822025,0.37706291563229916
scope_20260424_115654,sweep_7242,446,2647.49,0.4343040668159973,0.39708229854340715
scope_20260424_115654,sweep_7243,446,2647.72,0.4343229314322911,0.5471330037950852
scope_20260424_115654,sweep_7244,446,2647.72,0.4343229314322911,0.45514943628576665
scope_20260424_115654,sweep_7245,446,2647.49,0.4343040668159973,0.33947012881630895
scope_20260424_115654,sweep_7246,447,2439.72,0.4169142362620529,0.40987088039358766
scope_20260424_115654,sweep_7247,448,2459.02,0.41856003866000974,0.4625668363473646
scope_20260424_115654,sweep_7248,448,2459.12,0.4185685492817898,0.4593155248764807
scope_20260424_115654,sweep_7249,448,2459.12,0.4185685492817898,0.6052738700929169
scope_20260424_115654,sweep_7250,448,2459.22,0.41857705973052955,0.3657456844338384
scope_20260424_115654,sweep_7251,448,2459.12,0.4185685492817898,0.4104134965465037
scope_20260424_115654,sweep_7252,448,2459.12,0.4185685492817898,0.4579141077035038
scope_20260424_115654,sweep_7253,448,2459.42,0.4185940801089307,0.4227549019082415
scope_20260424_115654,sweep_7254,448,2468.83,0.40959331804119503,0.4583874525590849
scope_20260424_115654,sweep_7255,448,2459.22,0.4087953632006785,0.29980839413383187
scope_20260424_115654,sweep_7256,448,2459.02,0.4087787398943041,0.33526393199312116
scope_20260424_115654,sweep_7257,449,2278.86,0.393519350530688,0.3890555265018779
scope_20260424_115654,sweep_7258,449,2270.66,0.3928107140408861,0.32932377362642007
scope_20260424_115654,sweep_7259,449,2270.58,0.39280379421715234,0.5252743307448838
scope_20260424_115654,sweep_7260,449,2270.83,0.3928254182615866,0.4525842049457826
scope_20260424_115654,sweep_7261,449,2278.77,0.3935115797393193,0.3790979891025783
scope_20260424_115654,sweep_7262,449,2270.83,0.3928254182615866,0.4180446912396425
scope_20260424_115654,sweep_7263,449,2270.83,0.3928254182615866,0.36963665879128643
scope_20260424_115654,sweep_7264,449,2270.75,0.3928184986968799,0.41606380501400136
scope_20260424_115654,sweep_7265,449,2278.94,0.39352625777197425,0.3809195916954557
scope_20260424_115654,sweep_7266,449,2270.66,0.3928107140408861,0.423303192095124
scope_20260424_115654,sweep_7267,449,2270.66,0.3928107140408861,0.4687180883723849
scope_20260424_115654,sweep_7268,450,2087.54,0.3766384665734451,0.4055082263058458
scope_20260424_115654,sweep_7269,450,2080.88,0.3760371808331848,0.4939036675829546
scope_20260424_115654,sweep_7270,450,2080.95,0.37604350565280237,0.4396087413605686
scope_20260424_115654,sweep_7271,450,2087.76,0.37665831248769177,0.45964503161067355
scope_20260424_115654,sweep_7272,450,2088.05,0.3766844714134564,0.2874382453170289
scope_20260424_115654,sweep_7273,450,2087.83,0.3679611924521134,0.3423259756619245
scope_20260424_115654,sweep_7274,450,2087.76,0.36795502396632424,0.5256244461266654
scope_20260424_115654,sweep_7275,450,2081.09,0.3673667802572717,0.40158776197236956
scope_20260424_115654,sweep_7276,450,2087.68,0.36794797414165253,0.3611324280997176
scope_20260424_115654,sweep_7277,450,2080.88,0.3673482445451803,0.3942698516669759
scope_20260424_115654,sweep_7278,451,1874.06,0.34861510163661635,0.30229679649225044
scope_20260424_115654,sweep_7279,451,1896.87,0.3507302580537064,0.3873998109670664
scope_20260424_115654,sweep_7280,451,1896.93,0.3507358049939491,0.38920928502053276
scope_20260424_115654,sweep_7281,451,1896.93,0.3507358049939491,0.26574797825684954
scope_20260424_115654,sweep_7282,451,1896.81,0.35072471102573516,0.3086492149961275
scope_20260424_115654,sweep_7283,451,1891.13,0.35019919451525433,0.48220601740605357
scope_20260424_115654,sweep_7284,451,1896.93,0.3507358049939491,0.2847306807940552
scope_20260424_115654,sweep_7285,451,1891.19,0.3502047498670841,0.3221314626437077
scope_20260424_115654,sweep_7286,451,1896.81,0.35072471102573516,0.3169000289827162
scope_20260424_115654,sweep_7287,451,1896.93,0.3507358049939491,0.3881326773157199
scope_20260424_115654,sweep_7288,451,1896.87,0.3507302580537064,0.33986893816431724
scope_20260424_115654,sweep_7299,453,1499.29,0.3046906624452068,0.508425455055539
scope_20260424_115654,sweep_7300,453,1521.22,0.3069109165386572,0.5093506154415071
scope_20260424_115654,sweep_7301,453,1521.22,0.3069109165386572,0.5979329356375577
scope_20260424_115654,sweep_7302,453,1521.22,0.29997633185959577,0.4664513778155935
scope_20260424_115654,sweep_7303,453,1521.3,0.2999842195389077,0.3867437414074316
scope_20260424_115654,sweep_7304,453,1521.22,0.29997633185959577,0.4345246815994447
scope_20260424_115654,sweep_7305,453,1521.22,0.29997633185959577,0.26183363657725656
scope_20260424_115654,sweep_7306,453,1521.34,0.29998816330079126,0.5200325100895035
scope_20260424_115654,sweep_7307,453,1521.26,0.2999802757251766,0.38929890658259036
scope_20260424_115654,sweep_7308,453,1521.34,0.29998816330079126,0.39293878267953514
scope_20260424_115654,sweep_7309,453,1521.3,0.2999842195389077,0.4714439195135258
scope_20260424_115654,sweep_7310,454,1337.91,0.28132247323207,0.38660013963451123
scope_20260424_115654,sweep_7311,454,1332.21,0.2807225637971163,0.3906276599788569
scope_20260424_115654,sweep_7312,454,1334.96,0.28101215367770277,0.3957772933765168
scope_20260424_115654,sweep_7313,454,1334.99,0.2810153111945002,0.4177898233073285
scope_20260424_115654,sweep_7314,454,1332.33,0.2807352066796572,0.4011870725397416
scope_20260424_115654,sweep_7315,454,1332.21,0.27444978127521846,0.38451556166603057
scope_20260424_115654,sweep_7316,454,1335.17,0.2747545082352734,0.42394513570703024
scope_20260424_115654,sweep_7317,454,1332.36,0.2744652316578327,0.41399615293751546
scope_20260424_115654,sweep_7318,454,1332.3,0.2744590516091586,0.343755630940101
scope_20260424_115654,sweep_7319,454,1335.14,0.27475142148169573,0.39720347483712215
scope_20260424_115654,sweep_7320,454,1335.11,0.27474833469343884,0.2448142877679174
scope_20260424_115654,sweep_7321,455,1143.73,0.25429528087003966,0.2745538142136246
scope_20260424_115654,sweep_7322,455,1143.69,0.2542908340599657,0.29386945665905573
scope_20260424_115654,sweep_7323,455,1143.64,0.2542852754380183,0.28699818137505545
scope_20260424_115654,sweep_7324,455,1145.72,0.254516411591227,0.282909685468451
scope_20260424_115654,sweep_7325,455,1143.71,0.25429305747472286,0.30060206119243266
scope_20260424_115654,sweep_7326,455,1143.64,0.24866568873476405,0.25490275337000035
scope_20260424_115654,sweep_7327,455,1143.71,0.24867329879206507,0.2799546692534994
scope_20260424_115654,sweep_7328,455,1143.75,0.24867764729167707,0.24787460873304282
scope_20260424_115654,sweep_7329,455,1143.77,0.24867982151296833,0.29436678526448434
scope_20260424_115654,sweep_7330,455,1143.66,0.24866786306061464,0.27159316517915777
scope_20260424_115654,sweep_7331,456,934.13,0.2147381819311285,0.21963649915637776
scope_20260424_115654,sweep_7332,457,955.78,0.21886095269060435,0.19334437007746347
scope_20260424_115654,sweep_7333,457,955.7,0.2188457478624492,0.2533557126583486
scope_20260424_115654,sweep_7334,457,955.69,0.21884384724371655,0.2560123712911481
scope_20260424_115654,sweep_7335,457,955.69,0.21884384724371655,0.1841260592526523
scope_20260424_115654,sweep_7336,457,955.66,0.21405480060238524,0.19693118779585017
scope_20260424_115654,sweep_7337,457,954.2,0.21378333866874205,0.1783828421412992
scope_20260424_115654,sweep_7338,457,955.69,0.2140603778477582,0.19741964066318246
scope_20260424_115654,sweep_7339,457,955.73,0.2140678141286249,0.24041442887831277
scope_20260424_115654,sweep_7340,457,955.73,0.2140678141286249,0.20889901904313402
scope_20260424_115654,sweep_7341,457,955.66,0.21405480060238524,0.15454216435787566
scope_20260424_115654,sweep_7342,458,770.9,0.17909419983049574,0.21362017530970623
scope_20260424_115654,sweep_7343,458,770.91,0.1790961280705004,0.16880427858588246
scope_20260424_115654,sweep_7344,458,771.92,0.17929085841935685,0.1617645161179412
scope_20260424_115654,sweep_7345,458,773.82,0.1757728486299,0.19860056180263091
scope_20260424_115654,sweep_7346,458,775.78,0.17614229600488068,0.23805600762038612
scope_20260424_115654,sweep_7347,458,776.73,0.1763213077744482,0.17588004821881692
scope_20260424_115654,sweep_7348,458,778.66,0.17668486976603273,0.16983283912213018
scope_20260424_115654,sweep_7349,458,779.61,0.17686376887357633,0.1761120302024612
scope_20260424_115654,sweep_7350,458,780.6,0.17705016114669328,0.20295093533314418
scope_20260424_115654,sweep_7351,458,780.65,0.17705957383140306,0.19207453693758714
scope_20260424_115654,sweep_7352,458,781.65,0.17724780601329213,0.18483302481426359
scope_20260424_115654,sweep_7353,459,596.47,0.1416182341503008,0.178203331284568
scope_20260424_115654,sweep_7354,459,604.02,0.1400440120959889,0.15715250046948842
scope_20260424_115654,sweep_7355,459,607.56,0.14072490478313573,0.21413724224653097
scope_20260424_115654,sweep_7356,459,612.36,0.14164707325862408,0.14656835284838532
scope_20260424_115654,sweep_7357,459,619.05,0.1429302994905042,0.19260597786887965
scope_20260424_115654,sweep_7358,459,622.78,0.14364473583194715,0.20541695590381553
scope_20260424_115654,sweep_7359,459,626.55,0.14436609491361482,0.1478997154116961
scope_20260424_115654,sweep_7360,459,632.26,0.14545725460502115,0.16676350586995192
scope_20260424_115654,sweep_7361,459,635.53,0.14608138444207974,0.1553175877815492
scope_20260424_115654,sweep_7362,459,640.01,0.14382700144868593,0.1739994225531768
scope_20260424_115654,sweep_7363,460,428.48,0.10308791989778435,0.11845605099654342
scope_20260424_115654,sweep_7364,461,462.21,0.10977970655588923,0.1088857076549856
scope_20260424_115654,sweep_7365,461,470.26,0.11136429919076972,0.16406261471813657
scope_20260424_115654,sweep_7366,461,478.93,0.11306578710928758,0.1337754508530069
scope_20260424_115654,sweep_7367,461,486.06,0.11446112711132617,0.12718926298403405
scope_20260424_115654,sweep_7368,461,493.0,0.11581594592491982,0.254461024033878
scope_20260424_115654,sweep_7369,461,498.48,0.11688345440257296,0.1439221862007647
scope_20260424_115654,sweep_7370,461,503.36,0.11783240378690565,0.1596382362377517
scope_20260424_115654,sweep_7371,461,509.98,0.11911721355417486,0.11806101294670099
scope_20260424_115654,sweep_7372,461,515.85,0.12025409286362705,0.17367271132593107
scope_20260424_115654,sweep_7373,461,519.76,0.12101014580940965,0.1042006485764269
scope_20260424_115654,sweep_7374,462,364.04,0.09004491103898683,0.11499594212177912
scope_20260424_115654,sweep_7375,462,364.89,0.09021938111986019,0.1193343169451445
scope_20260424_115654,sweep_7376,462,364.69,0.09017833555775343,0.11184877179536439
scope_20260424_115654,sweep_7377,462,364.89,0.09021938111986019,0.11688773840588298
scope_20260424_115654,sweep_7378,462,367.27,0.09070753044889608,0.12002739317295404
scope_20260424_115654,sweep_7379,462,374.79,0.0942401535645743,0.13434532485793538
scope_20260424_115654,sweep_7380,462,383.57,0.0960689390487469,0.10778225018810744
scope_20260424_115654,sweep_7381,462,390.81,0.09757160610107513,0.11818892802121736
scope_20260424_115654,sweep_7382,462,395.28,0.09849699192807751,0.11170022140096028
scope_20260424_115654,sweep_7383,462,401.9,0.0998642154970966,0.10180625118418854
scope_20260424_115654,sweep_7384,462,364.68,0.09413855932973765,0.1009134009233636
scope_20260424_115654,sweep_7385,462,364.69,0.09414070188820337,0.11712698396140521
scope_20260424_115654,sweep_7386,462,364.26,0.0940485628512199,0.12524189059998334
scope_20260424_115654,sweep_7387,462,364.91,0.09418783564817924,0.10756364135789871
scope_20260424_115654,sweep_7388,462,364.89,0.09626481289790936,0.11789271296948105
scope_20260424_115654,sweep_7389,462,364.68,0.09621882704496816,0.09388903982315795
scope_20260424_115654,sweep_7390,462,364.89,0.09626481289790936,0.10955062180874586
scope_20260424_115654,sweep_7391,462,364.69,0.09622101694955046,0.12367188009191189
scope_20260424_115654,sweep_7392,462,364.69,0.09622101694955046,0.11398938637336471
scope_20260424_115654,sweep_7393,462,364.68,0.09621882704496816,0.10050635116690791
scope_20260424_115654,sweep_7394,462,364.47,0.09617283669006525,0.10083952807651672
scope_20260424_115654,sweep_7395,462,364.89,0.09626481289790936,0.11113758548284773
scope_20260424_115654,sweep_7396,462,364.89,0.09626481289790936,0.1153061804549932
scope_20260424_115654,sweep_7397,462,364.46,0.09617064656081964,0.10896646424025049
scope_20260424_115654,sweep_7398,462,364.68,0.09621882704496816,0.10774483833743041
scope_20260424_115654,sweep_7399,462,364.25,0.09612465148632049,0.11010470795963131
scope_20260424_115654,sweep_7400,462,364.69,0.09622101694955046,0.1359904512705056
scope_20260424_115654,sweep_7401,462,365.12,0.09631517319396472,0.11993231690674876
scope_20260424_115654,sweep_7402,462,364.48,0.09617502680909548,0.11835261082798565
scope_20260424_115654,sweep_7403,462,364.48,0.09617502680909548,0.12088563239193226
scope_20260424_115654,sweep_7404,462,364.89,0.09626481289790936,0.11480185875722691
scope_20260424_115654,sweep_7405,462,364.46,0.09617064656081964,0.11537693778535232
scope_20260424_115654,sweep_7406,462,364.69,0.09622101694955046,0.12245658987768276
scope_20260424_115654,sweep_7407,462,364.68,0.09413855932973765,0.10976722482667396
scope_20260424_115654,sweep_7408,462,364.05,0.0940035579975909,0.12142695147297936
scope_20260424_115654,sweep_7409,462,364.48,0.09409570606255502,0.11139107250629811
scope_20260424_115654,sweep_7410,462,364.26,0.0940485628512199,0.10846883791090385
scope_20260424_115654,sweep_7411,462,364.04,0.09400141479925794,0.09752479835087925
scope_20260424_115654,sweep_7412,462,364.46,0.09409142051600598,0.09157019396695464
scope_20260424_115654,sweep_7413,462,364.46,0.09207915863746603,0.11912726644048693
scope_20260424_115654,sweep_7414,462,363.81,0.0919428357432514,0.10549662947799436
scope_20260424_115654,sweep_7415,462,364.47,0.09208125558976339,0.10607183182888912
scope_20260424_115654,sweep_7416,462,364.47,0.09208125558976339,0.11441099239787401
scope_20260424_115654,sweep_7417,462,363.83,0.09194703091089845,0.11316232580041508
scope_20260424_115654,sweep_7418,462,364.46,0.09207915863746603,0.11311264528947029
scope_20260424_115654,sweep_7419,462,364.68,0.09212528932912502,0.1231584894652416
scope_20260424_115654,sweep_7420,462,364.27,0.09009212741799723,0.11674160105299623
scope_20260424_115654,sweep_7421,462,364.49,0.09013728616879581,0.11054937729444768
scope_20260424_115654,sweep_7422,462,364.69,0.09017833555775343,0.13227225105614
scope_20260424_115654,sweep_7423,462,364.68,0.09017628317921367,0.09427322766238298
scope_20260424_115654,sweep_7424,462,365.31,0.09030556435479785,0.1080015855430622
scope_20260424_115654,sweep_7425,462,364.68,0.09017628317921367,0.11472543957110536
scope_20260424_115654,sweep_7426,462,364.67,0.09017423079110648,0.0893839892458318
scope_20260424_115654,sweep_7427,463,152.52,0.043738779158565166,0.08988924799981901
scope_20260424_115654,sweep_7428,463,152.52,0.043738779158565166,0.07271778793039312
scope_20260424_115654,sweep_7429,463,152.52,0.042823349008199785,0.07101728389078737
scope_20260424_115654,sweep_7430,463,152.52,0.042823349008199785,0.07405466987625188
scope_20260424_115654,sweep_7431,463,152.52,0.042823349008199785,0.0743245795124458
scope_20260424_115654,sweep_7432,463,152.52,0.042823349008199785,0.07636992268202139
scope_20260424_115654,sweep_7433,463,152.52,0.042823349008199785,0.07771369121379508
scope_20260424_115654,sweep_7434,463,152.52,0.042823349008199785,0.07342641023589981
scope_20260424_115654,sweep_7435,463,152.52,0.042823349008199785,0.07799437840534683
scope_20260424_115654,sweep_7436,463,152.52,0.042823349008199785,0.07507157737812653
scope_20260424_115654,sweep_7437,463,152.52,0.042823349008199785,0.07954785940103358
scope_20260424_115654,sweep_7438,463,152.52,0.042823349008199785,0.07966110049163454
scope_20260424_115654,sweep_7439,463,152.52,0.042823349008199785,0.08044432324862301
scope_20260424_115654,sweep_7440,463,152.52,0.042823349008199785,0.07837886039949932
scope_20260424_115654,sweep_7441,463,152.52,0.042823349008199785,0.06814671117276948
scope_20260424_115654,sweep_7442,463,152.52,0.042823349008199785,0.09916784955477868
scope_20260424_115654,sweep_7443,463,152.52,0.042823349008199785,0.07583839160144841
scope_20260424_115654,sweep_7444,463,152.52,0.042823349008199785,0.07443628039639694
scope_20260424_115654,sweep_7445,463,152.52,0.042823349008199785,0.07841513442514474
scope_20260424_115654,sweep_7446,463,152.52,0.042823349008199785,0.07527642735401853
scope_20260424_115654,sweep_7447,463,152.52,0.042823349008199785,0.07832050972492798
scope_20260424_115654,sweep_7448,463,152.52,0.042823349008199785,0.07315201947539782
scope_20260424_115654,sweep_7449,463,152.52,0.04193662695698206,0.082269808869051
scope_20260424_115654,sweep_7450,463,152.52,0.04193662695698206,0.07982308629823659
scope_20260424_115654,sweep_7451,463,152.52,0.04193662695698206,0.07636398451830802
scope_20260424_115654,sweep_7452,463,152.52,0.04193662695698206,0.07836092467888829
scope_20260424_115654,sweep_7453,463,152.52,0.04193662695698206,0.07426449993481152
scope_20260424_115654,sweep_7454,463,152.52,0.04193662695698206,0.07769988326808402
scope_20260424_115654,sweep_7455,463,152.52,0.04193662695698206,0.07312678829009601
scope_20260424_115654,sweep_7456,463,152.52,0.04193662695698206,0.1034754418059392
scope_20260424_115654,sweep_7457,463,152.52,0.04107746984432304,0.07941782009798228
scope_20260424_115654,sweep_7458,463,152.52,0.04107746984432304,0.09886257253658401
scope_20260424_115654,sweep_7459,463,152.52,0.04107746984432304,0.07627660854962653
scope_20260424_115654,sweep_7460,463,152.52,0.04107746984432304,0.0747754506034607
scope_20260424_115654,sweep_7461,463,152.52,0.04107746984432304,0.07514028845399727
scope_20260424_115654,sweep_7462,463,152.52,0.04107746984432304,0.08167240504696513
scope_20260424_115654,sweep_7463,463,152.52,0.04107746984432304,0.07451734229570789
scope_20260424_115654,sweep_7464,463,152.52,0.040244788847392875,0.07833970432467303
scope_20260424_115654,sweep_7465,463,152.52,0.040244788847392875,0.08147852579091688
scope_20260424_115654,sweep_7466,463,152.52,0.040244788847392875,0.07293422026489702
scope_20260424_115654,sweep_7467,463,152.52,0.040244788847392875,0.07155900346444954
scope_20260424_115654,sweep_7468,463,152.52,0.040244788847392875,0.06875162917565714
scope_20260424_115654,sweep_7469,463,152.52,0.040244788847392875,0.0705868881056473
scope_20260424_115654,sweep_7470,463,152.52,0.040244788847392875,0.06910990908254332
scope_20260424_115654,sweep_7471,463,152.52,0.040244788847392875,0.07111265339204283
scope_20260424_115654,sweep_7472,463,152.52,0.039437546510973726,0.08892992948158919
scope_20260424_115654,sweep_7473,463,152.52,0.039437546510973726,0.0687748148679563
scope_20260424_115654,sweep_7474,463,152.52,0.039437546510973726,0.068864551422288
scope_20260424_115654,sweep_7475,463,152.52,0.039437546510973726,0.0702161895444534
scope_20260424_115654,sweep_7476,463,152.52,0.039437546510973726,0.06664632345568217
scope_20260424_115654,sweep_7477,463,152.52,0.039437546510973726,0.07203145570517283
scope_20260424_115654,sweep_7478,463,152.52,0.039437546510973726,0.14810843306503468
scope_20260424_115654,sweep_7479,464,364.7,0.08131212877123618,0.09361285624605811
scope_20260424_115654,sweep_7480,464,364.89,0.08134728740843233,0.1638715320189442
scope_20260424_115654,sweep_7481,464,365.96,0.08154522799142741,0.13234004244855613
scope_20260424_115654,sweep_7482,464,365.77,0.08151008685558338,0.15922212768114205
scope_20260424_115654,sweep_7483,464,365.76,0.08150823723616929,0.10490754776624721
scope_20260424_115654,sweep_7484,464,365.76,0.08150823723616929,0.11318005177838578
scope_20260424_115654,sweep_7485,464,365.74,0.0815045379715505,0.11808079818302937
scope_20260424_115654,sweep_7486,464,366.2,0.0815896123617296,0.09848201431124011
scope_20260424_115654,sweep_7487,464,365.98,0.08321814193029732,0.10123709381133533
scope_20260424_115654,sweep_7488,464,366.19,0.08325777309824604,0.11694094948554824
scope_20260424_115654,sweep_7489,464,365.53,0.08313320497727106,0.13592077604603306
scope_20260424_115654,sweep_7490,464,365.98,0.08321814193029732,0.11705609165491312
scope_20260424_115654,sweep_7491,464,366.19,0.08498041017726067,0.099640787065443
scope_20260424_115654,sweep_7492,464,366.39,0.0850189314185217,0.1018846855808331
scope_20260424_115654,sweep_7493,464,364.9,0.08473186213443189,0.14653871506931607
scope_20260424_115654,sweep_7494,464,365.53,0.08662801581815208,0.08969766127807388
scope_20260424_115654,sweep_7495,464,365.75,0.08667128850886852,0.09076022668624881
scope_20260424_115654,sweep_7496,464,365.75,0.08667128850886852,0.11983984711367833
scope_20260424_115654,sweep_7497,464,365.96,0.08671259013151295,0.09053540535048935
scope_20260424_115654,sweep_7498,464,364.68,0.08828893995523222,0.16807753557266622
scope_20260424_115654,sweep_7499,464,366.61,0.08867658545827081,0.12880844850916315
scope_20260424_115654,sweep_7500,464,365.33,0.08841953300052953,0.12856819911668554
scope_20260424_115654,sweep_7501,464,365.96,0.08854607010754176,0.1300539586102271
scope_20260424_115654,sweep_7502,464,365.33,0.08841953300052953,0.1546891800273055
scope_20260424_115654,sweep_7503,464,366.39,0.08863241543935355,0.12901253703068905
scope_20260424_115654,sweep_7504,464,365.98,0.0885500865517869,0.12944854496689198
scope_20260424_115654,sweep_7505,464,365.54,0.08846171615484114,0.10916629958286751
scope_20260424_115654,sweep_7506,464,365.75,0.08850389518958945,0.1256208257153572
scope_20260424_115654,sweep_7507,464,366.4,0.08863442326528086,0.1510336275172215
scope_20260424_115654,sweep_7508,464,366.18,0.08859024894241133,0.1260343370586159
scope_20260424_115654,sweep_7509,464,365.55,0.08846372477369756,0.1130894033388856
scope_20260424_115654,sweep_7510,464,365.33,0.08841953300052953,0.11323467051778725
scope_20260424_115654,sweep_7511,464,364.46,0.08824473027192341,0.10630326576726858
scope_20260424_115654,sweep_7512,464,365.12,0.08837734572388391,0.09469128953913182
scope_20260424_115654,sweep_7513,464,366.19,0.08859225696403844,0.10706611737689377
scope_20260424_115654,sweep_7514,464,366.19,0.08859225696403844,0.11252680107785401
scope_20260424_115654,sweep_7515,464,366.4,0.08863442326528086,0.12277071726553669
scope_20260424_115654,sweep_7516,464,365.98,0.0885500865517869,0.10000315792116504
scope_20260424_115654,sweep_7517,464,365.97,0.08854807833432862,0.10383919959029898
scope_20260424_115654,sweep_7518,464,366.17,0.08858824091146189,0.11659239500692217
scope_20260424_115654,sweep_7519,464,365.76,0.08850590361234525,0.10871423981937707
scope_20260424_115654,sweep_7520,464,365.77,0.08667522217039178,0.11150825197773714
scope_20260424_115654,sweep_7521,464,365.97,0.08671455677493425,0.10471156651776113
scope_20260424_115654,sweep_7522,464,365.75,0.08667128850886852,0.12061696489237157
scope_20260424_115654,sweep_7523,464,366.17,0.08675388772531242,0.0976487635920521
scope_20260424_115654,sweep_7524,464,365.55,0.08663194988204502,0.09861434932920733
scope_20260424_115654,sweep_7525,464,365.11,0.08654539201978229,0.0994542349856635
scope_20260424_115654,sweep_7526,464,365.76,0.08667325534420094,0.10193191069682139
scope_20260424_115654,sweep_7527,464,365.54,0.08662998285467255,0.09788596672678397
scope_20260424_115654,sweep_7528,464,365.97,0.08671455677493425,0.10922944000660323
scope_20260424_115654,sweep_7529,464,365.54,0.08662998285467255,0.09329382062573502
scope_20260424_115654,sweep_7530,464,365.54,0.08485519142913733,0.10573121900783336
scope_20260424_115654,sweep_7531,464,365.74,0.08489372430331707,0.11223235416836369
scope_20260424_115654,sweep_7532,465,519.78,0.11365084866694898,0.1953577019224724
scope_20260424_115654,sweep_7533,465,509.53,0.11178752596012353,0.17414197754290234
scope_20260424_115654,sweep_7534,465,514.63,0.11271543123033548,0.16024207701594248
scope_20260424_115654,sweep_7535,465,520.23,0.11373250911808076,0.17303929748355046
scope_20260424_115654,sweep_7536,465,524.14,0.11444154358822121,0.18339904576605737
scope_20260424_115654,sweep_7537,465,526.4,0.1148509588246177,0.173041931443317
scope_20260424_115654,sweep_7538,465,531.32,0.11574122121846839,0.17611650105440743
scope_20260424_115654,sweep_7539,465,534.49,0.11631408248800514,0.1709774667393621
scope_20260424_115654,sweep_7540,465,539.13,0.1171515525380782,0.21599413069660198
scope_20260424_115654,sweep_7541,465,541.98,0.11766533906987911,0.18787308259645544
scope_20260424_115654,sweep_7542,465,545.72,0.11833887513675775,0.31915640717338056
scope_20260424_115654,sweep_7543,466,733.68,0.15129096363217884,0.27848289543896354
scope_20260424_115654,sweep_7544,466,733.68,0.14822414596056466,0.28934288108822037
scope_20260424_115654,sweep_7545,466,731.97,0.14793735029245345,0.2537323179741152
scope_20260424_115654,sweep_7546,466,729.38,0.14750274682056552,0.23197513843070625
scope_20260424_115654,sweep_7547,466,727.68,0.1472173432642175,0.35029335157081476
scope_20260424_115654,sweep_7548,466,725.12,0.14678734507937288,0.24774888437107956
scope_20260424_115654,sweep_7549,466,724.27,0.14664451520969166,0.3422270083746171
scope_20260424_115654,sweep_7550,466,723.46,0.14650838022733992,0.1896374057752064
scope_20260424_115654,sweep_7551,466,722.59,0.14636213230711628,0.28299563925675647
scope_20260424_115654,sweep_7552,466,720.89,0.14607627406817636,0.19799169645777065
scope_20260424_115654,sweep_7553,467,932.75,0.18090625191331297,0.2595943156646371
scope_20260424_115654,sweep_7554,467,903.02,0.1761072471235763,0.19717345945819323
scope_20260424_115654,sweep_7555,467,896.5,0.17505122564107958,0.21053130417609717
scope_20260424_115654,sweep_7556,467,892.58,0.17441568887406736,0.2010090138428252
scope_20260424_115654,sweep_7557,467,887.42,0.17357839092813085,0.23194245292047772
scope_20260424_115654,sweep_7558,467,882.46,0.1727727659118892,0.2947833252936668
scope_20260424_115654,sweep_7559,467,877.51,0.17196799731493448,0.2188557892954195
scope_20260424_115654,sweep_7560,467,871.33,0.17096217157548443,0.29607056626342876
scope_20260424_115654,sweep_7561,467,868.91,0.17056797445963082,0.25900210531810186
scope_20260424_115654,sweep_7562,467,865.31,0.16998121992587162,0.16380968512107807
scope_20260424_115654,sweep_7563,467,860.6,0.16921292222553408,0.36237143747584105
scope_20260424_115654,sweep_7564,468,1042.12,0.20021991715486198,0.36328415066969744
scope_20260424_115654,sweep_7565,468,1035.23,0.19955694025572768,0.2284571562684671
scope_20260424_115654,sweep_7566,468,1029.97,0.1990493205742741,0.19725984259811427
scope_20260424_115654,sweep_7567,468,1021.66,0.1982447098661378,0.3572891226868269
scope_20260424_115654,sweep_7568,468,1014.85,0.19758289295612977,0.23506716378019127
scope_20260424_115654,sweep_7569,468,1009.95,0.1971053210773559,0.2746867643945708
scope_20260424_115654,sweep_7570,468,1003.46,0.19647099500210177,0.311814364116867
scope_20260424_115654,sweep_7571,468,998.57,0.19143995296762978,0.2143734297621957
scope_20260424_115654,sweep_7572,468,992.24,0.1904321621643285,0.21888515084942722
scope_20260424_115654,sweep_7573,468,986.1,0.1894535762620159,0.26316053010177304
scope_20260424_115654,sweep_7574,468,979.78,0.1884452196743636,0.3172681096903712
scope_20260424_115654,sweep_7577,470,1145.65,0.20992994483921715,0.20879138209131942
scope_20260424_115654,sweep_7578,470,1145.74,0.20993819051808385,0.24098800791406952
scope_20260424_115654,sweep_7579,470,1145.78,0.2099418551602926,0.2895233323691126
scope_20260424_115654,sweep_7580,470,1145.8,0.2142875074643702,0.21615531193736465
scope_20260424_115654,sweep_7581,470,1145.8,0.2142875074643702,0.25103303250864073
scope_20260424_115654,sweep_7582,470,1145.72,0.21428002653408587,0.2352596021419677
scope_20260424_115654,sweep_7583,470,1145.78,0.21428563725628355,0.24289494810889034
scope_20260424_115654,sweep_7584,470,1145.76,0.2142837670318742,0.1989045019100512
scope_20260424_115654,sweep_7585,471,1355.44,0.2330679698466132,0.2601591428461597
scope_20260424_115654,sweep_7586,472,1332.3,0.23106994355941848,0.33053490644774064
scope_20260424_115654,sweep_7587,472,1334.94,0.23129876693014148,0.2920656316737495
scope_20260424_115654,sweep_7588,472,1335.05,0.2313082963248171,0.2522680709479096
scope_20260424_115654,sweep_7589,472,1335.11,0.2313134940109901,0.25519512080211515
scope_20260424_115654,sweep_7590,472,1332.3,0.23106994355941848,0.24132306969602987
scope_20260424_115654,sweep_7591,472,1332.33,0.2310725450978422,0.26278387755081994
scope_20260424_115654,sweep_7592,472,1335.08,0.23131089518250297,0.23543948878625487
scope_20260424_115654,sweep_7593,472,1335.23,0.23132388903297108,0.21894553454039084
scope_20260424_115654,sweep_7594,472,1335.08,0.23131089518250297,0.3090428789209141
scope_20260424_115654,sweep_7595,472,1335.02,0.23130569743793145,0.42965733512538296
scope_20260424_115654,sweep_7596,473,1517.53,0.24661022930282128,0.2895515111430396
scope_20260424_115654,sweep_7597,473,1521.22,0.2469098738691778,0.29934260213863895
scope_20260424_115654,sweep_7598,473,1521.22,0.2469098738691778,0.31531234435069605
scope_20260424_115654,sweep_7599,473,1521.34,0.24691961230299075,0.2632237172469582
scope_20260424_115654,sweep_7600,473,1521.18,0.2469066276392177,0.31103188077192806
scope_20260424_115654,sweep_7601,473,1524.97,0.24721401860387995,0.39864329233364587
scope_20260424_115654,sweep_7602,473,1524.86,0.24720510235226542,0.3292308542681111
scope_20260424_115654,sweep_7603,473,1521.53,0.24693503070441158,0.37239764914045526
scope_20260424_115654,sweep_7604,473,1524.89,0.2523780110445293,0.44059620528409116
scope_20260424_115654,sweep_7605,473,1521.22,0.2520741251028687,0.36596958606142616
scope_20260424_115654,sweep_7606,473,1524.93,0.25238132113713935,0.35238224527909584
scope_20260424_115654,sweep_7607,474,1714.24,0.2675888835496997,0.4036104199283349
scope_20260424_115654,sweep_7608,474,1713.84,0.2675576621926972,0.3570504394625617
scope_20260424_115654,sweep_7609,474,1713.89,0.2675615650615586,0.5682966792944598
scope_20260424_115654,sweep_7610,474,1713.89,0.2675615650615586,0.441305844955086
scope_20260424_115654,sweep_7611,474,1709.4,0.26721086015168005,0.40393634497031805
scope_20260424_115654,sweep_7612,474,1709.21,0.2671960094806019,0.31470084766596146
scope_20260424_115654,sweep_7613,474,1713.99,0.26756937062849506,0.47219309538491594
scope_20260424_115654,sweep_7614,474,1709.26,0.26719991763196166,0.29538559802437236
scope_20260424_115654,sweep_7615,474,1709.35,0.26720695216036494,0.2896654355517618
scope_20260424_115654,sweep_7616,474,1709.3,0.2672030441118933,0.4986028409233592
scope_20260424_115654,sweep_7617,474,1709.4,0.26721086015168005,0.4528019812000809
scope_20260424_115654,sweep_7618,475,1896.93,0.28148671819008747,0.4306219024401062
scope_20260424_115654,sweep_7619,475,1902.65,0.281910796062827,0.3235072801302994
scope_20260424_115654,sweep_7620,475,1902.65,0.281910796062827,0.30695189640076037
scope_20260424_115654,sweep_7621,475,1902.59,0.28190635100432526,0.3607995993594145
scope_20260424_115654,sweep_7622,475,1902.65,0.28787161211991413,0.44608475078793314
scope_20260424_115654,sweep_7623,475,1902.65,0.28787161211991413,0.2928639827086553
scope_20260424_115654,sweep_7624,475,1902.71,0.2878761510946491,0.3629545791802444
scope_20260424_115654,sweep_7625,475,1902.65,0.28787161211991413,0.34746963425284577
scope_20260424_115654,sweep_7626,475,1902.59,0.28786707307361037,0.40800714142786626
scope_20260424_115654,sweep_7627,475,1902.41,0.28785345550525265,0.39540993133695257
scope_20260424_115654,sweep_7628,476,2108.89,0.3030723740423422,0.43031590773915573
scope_20260424_115654,sweep_7629,476,2087.83,0.30155529179617596,0.30975241415378507
scope_20260424_115654,sweep_7630,476,2087.76,0.30155023653608265,0.3897232323210891
scope_20260424_115654,sweep_7631,476,2087.61,0.30153940355049785,0.3831507124815673
scope_20260424_115654,sweep_7632,476,2080.8,0.30104717541783516,0.32527757151322473
scope_20260424_115654,sweep_7633,476,2087.68,0.3015444589922014,0.3125988233301326
scope_20260424_115654,sweep_7634,476,2087.61,0.30153940355049785,0.3253769813613551
scope_20260424_115654,sweep_7635,476,2087.76,0.30155023653608265,0.35076190393427237
scope_20260424_115654,sweep_7636,476,2087.76,0.30799644368167706,0.31994826385728325
scope_20260424_115654,sweep_7637,476,2087.83,0.3080016070075246,0.3389261991719365
scope_20260424_115654,sweep_7638,476,2087.76,0.30799644368167706,0.3358714204819447
scope_20260424_115654,sweep_7639,477,2278.94,0.32178949427297626,0.3282993616688208
scope_20260424_115654,sweep_7640,477,2270.75,0.3212107541499381,0.4611891747429192
scope_20260424_115654,sweep_7641,477,2270.66,0.3212043885759367,0.3241966674618943
scope_20260424_115654,sweep_7642,477,2270.75,0.3212107541499381,0.34558968988217637
scope_20260424_115654,sweep_7643,477,2270.75,0.3212107541499381,0.3500922257459893
scope_20260424_115654,sweep_7644,477,2270.58,0.3211987301820284,0.43906020300901333
scope_20260424_115654,sweep_7645,477,2278.94,0.32178949427297626,0.5019333457057688
scope_20260424_115654,sweep_7646,477,2278.86,0.3217838461678335,0.342637083812644
scope_20260424_115654,sweep_7647,477,2270.58,0.3211987301820284,0.42417171188451686
scope_20260424_115654,sweep_7648,477,2270.66,0.32814667214143767,0.387897625344598
scope_20260424_115654,sweep_7660,479,2647.49,0.36207438076584797,0.38986782133059417
scope_20260424_115654,sweep_7661,479,2647.6,0.36208190256351086,0.528579617229231
scope_20260424_115654,sweep_7662,479,2647.6,0.36208190256351086,0.5608536693655765
scope_20260424_115654,sweep_7663,479,2647.49,0.36207438076584797,0.48709663256780594
scope_20260424_115654,sweep_7664,479,2647.25,0.36205796902853504,0.43580548721818246
scope_20260424_115654,sweep_7665,479,2647.49,0.36207438076584797,0.439504370121344
scope_20260424_115654,sweep_7666,479,2647.6,0.36208190256351086,0.4111461726775527
scope_20260424_115654,sweep_7667,479,2647.84,0.36209831321606073,0.4082361608556725
scope_20260424_115654,sweep_7668,479,2647.6,0.36208190256351086,0.41259143586418867
scope_20260424_115654,sweep_7669,479,2647.72,0.370091551461432,0.38530482081263406
scope_20260424_115654,sweep_7670,480,2854.15,0.38424793296601495,0.5181747351030287
scope_20260424_115654,sweep_7671,481,2840.91,0.3833556609516867,0.5300554515277641
scope_20260424_115654,sweep_7672,481,2840.91,0.3833556609516867,0.5149368592516747
scope_20260424_115654,sweep_7673,481,2840.91,0.3833556609516867,0.42136802249832706
scope_20260424_115654,sweep_7674,481,2840.77,0.38334621495484733,0.4909008172201252
scope_20260424_115654,sweep_7675,481,2841.04,0.3833644320260625,0.5935152712545873
scope_20260424_115654,sweep_7676,481,2840.91,0.3833556609516867,0.3919188965425855
scope_20260424_115654,sweep_7677,481,2840.91,0.3833556609516867,0.46580357948857964
scope_20260424_115654,sweep_7678,481,2840.64,0.38333744346365,0.6167376646960159
scope_20260424_115654,sweep_7679,481,2840.91,0.3919222630027864,0.43134298776683694
scope_20260424_115654,sweep_7680,481,2841.18,0.391940886700276,0.45719281845258614
scope_20260424_115654,sweep_7904,483,2840.91,0.4498890984898675,0.45744934864556425
scope_20260424_115654,sweep_7905,483,2828.05,0.44886968286532025,0.4713875828940066
scope_20260424_115654,sweep_7906,483,2840.77,0.4498780130894541,0.4205509602238394
scope_20260424_115654,sweep_7907,483,2828.19,0.44888079316709883,0.4579236527393228
scope_20260424_115654,sweep_7908,483,2840.91,0.4498890984898675,0.45134840513746033
scope_20260424_115654,sweep_7909,483,2840.77,0.4498780130894541,0.5493120228173994
scope_20260424_115654,sweep_7910,483,2841.04,0.44989939183139255,0.4414233963218219
scope_20260424_115654,sweep_7911,483,2827.92,0.44885936591028375,0.4330310863209879
scope_20260424_115654,sweep_7912,483,2841.04,0.44989939183139255,0.4879995253120485
scope_20260424_115654,sweep_7913,483,2828.05,0.44886968286532025,0.5011467289046493
scope_20260424_115654,sweep_7914,484,2625.25,0.43247605371268194,0.47347555468543717
scope_20260424_115654,sweep_7915,484,2647.49,0.4343040668159973,0.4360228967614287
scope_20260424_115654,sweep_7916,484,2647.49,0.4343040668159973,0.47855029527033344
scope_20260424_115654,sweep_7917,484,2647.37,0.4342942240822025,0.43937710290479387
scope_20260424_115654,sweep_7918,484,2647.6,0.4343130891260206,0.4756774746323407
scope_20260424_115654,sweep_7919,484,2647.72,0.4343229314322911,0.4498391964563692
scope_20260424_115654,sweep_7920,484,2647.6,0.4343130891260206,0.5930238204126448
scope_20260424_115654,sweep_7921,484,2647.72,0.4343229314322911,0.5182987956493645
scope_20260424_115654,sweep_7922,484,2647.49,0.4343040668159973,0.5151602753213202
scope_20260424_115654,sweep_7923,484,2647.49,0.4343040668159973,0.4563488929605828
scope_20260424_115654,sweep_7924,484,2647.6,0.4343130891260206,0.4720307747894865
scope_20260424_115654,sweep_7925,485,2459.62,0.41861109979529726,0.46974934455264944
scope_20260424_115654,sweep_7926,485,2459.22,0.41857705973052955,0.4768025753120659
scope_20260424_115654,sweep_7927,485,2459.12,0.4185685492817898,0.4668348192580714
scope_20260424_115654,sweep_7928,485,2459.22,0.41857705973052955,0.4553038261417222
scope_20260424_115654,sweep_7929,485,2459.22,0.41857705973052955,0.4851357140401869
scope_20260424_115654,sweep_7930,485,2459.12,0.4185685492817898,0.45755923301601176
scope_20260424_115654,sweep_7931,485,2459.12,0.4185685492817898,0.4723220039773848
scope_20260424_115654,sweep_7932,485,2458.92,0.41855152786517885,0.512245741476655
scope_20260424_115654,sweep_7933,485,2459.32,0.41858557000623975,0.457195010493649
scope_20260424_115654,sweep_7934,485,2459.32,0.4088036746003814,0.45045670937622956
scope_20260424_115654,sweep_7935,485,2459.12,0.4087870516319896,0.4623144203569639
scope_20260424_115654,sweep_7936,486,2270.66,0.3928107140408861,0.5353981861549207
scope_20260424_115654,sweep_7937,486,2270.66,0.3928107140408861,0.5123929806403688
scope_20260424_115654,sweep_7938,486,2271.01,0.39284098683654456,0.4862039118743512
scope_20260424_115654,sweep_7939,486,2270.66,0.3928107140408861,0.4751878427516081
scope_20260424_115654,sweep_7940,486,2270.58,0.39280379421715234,0.47415844354394154
scope_20260424_115654,sweep_7941,486,2271.01,0.39284098683654456,0.36976394640521765
scope_20260424_115654,sweep_7942,486,2270.83,0.3928254182615866,0.32848165824819253
scope_20260424_115654,sweep_7943,486,2270.83,0.3928254182615866,0.5023049261890903
scope_20260424_115654,sweep_7944,486,2270.66,0.3928107140408861,0.4146265231818849
scope_20260424_115654,sweep_7945,486,2270.66,0.3928107140408861,0.42838416056483736
scope_20260424_115654,sweep_7946,487,2060.51,0.3741921163481802,0.4938464786907606
scope_20260424_115654,sweep_7947,487,2080.95,0.37604350565280237,0.3166722250927669
scope_20260424_115654,sweep_7948,487,2081.02,0.3760498303660422,0.34015395730998255
scope_20260424_115654,sweep_7949,487,2080.8,0.3760299523376423,0.5090060145023771
scope_20260424_115654,sweep_7950,487,2081.09,0.37605615497290945,0.4475697778704078
scope_20260424_115654,sweep_7951,487,2080.88,0.3760371808331848,0.41847099742977056
scope_20260424_115654,sweep_7952,487,2087.68,0.37665109591259094,0.44394278585236857
scope_20260424_115654,sweep_7953,487,2080.8,0.3760299523376423,0.39720587516488176
scope_20260424_115654,sweep_7954,487,2087.76,0.36795502396632424,0.42340367744980173
scope_20260424_115654,sweep_7955,487,2081.02,0.36736060179049096,0.393522761127643
scope_20260424_115654,sweep_7956,487,2087.68,0.36794797414165253,0.37394483848757526
scope_20260424_115654,sweep_7957,488,1896.81,0.35072471102573516,0.42511851221287966
scope_20260424_115654,sweep_7958,488,1896.93,0.3507358049939491,0.3874477382046847
scope_20260424_115654,sweep_7959,488,1896.93,0.3507358049939491,0.4477655011764227
scope_20260424_115654,sweep_7960,488,1896.93,0.3507358049939491,0.32303549333808484
scope_20260424_115654,sweep_7961,488,1896.99,0.3507413518464675,0.42925210313752277
scope_20260424_115654,sweep_7962,488,1896.87,0.3507302580537064,0.515039398656949
scope_20260424_115654,sweep_7963,488,1896.93,0.3507358049939491,0.4146920732981029
scope_20260424_115654,sweep_7964,488,1896.87,0.3507302580537064,0.42729282569480864
scope_20260424_115654,sweep_7965,488,1896.81,0.35072471102573516,0.5017347316417452
scope_20260424_115654,sweep_7966,488,1896.87,0.3507302580537064,0.3350471790850774
scope_20260424_115654,sweep_7967,489,1686.15,0.33067590759139365,0.30022803396372466
scope_20260424_115654,sweep_7968,489,1709.3,0.33293817689164007,0.37280367971426576
scope_20260424_115654,sweep_7969,489,1709.4,0.3253405321342194,0.39475740253995295
scope_20260424_115654,sweep_7970,489,1713.84,0.3257627782978136,0.36464768483248927
scope_20260424_115654,sweep_7971,489,1709.35,0.3253357739893845,0.36870194724754557
scope_20260424_115654,sweep_7972,489,1709.3,0.32533101577495926,0.24713932332438804
scope_20260424_115654,sweep_7973,489,1709.26,0.32532720915331187,0.35031575261987286
scope_20260424_115654,sweep_7974,489,1709.3,0.32533101577495926,0.30154192911802963
scope_20260424_115654,sweep_7975,489,1709.35,0.3253357739893845,0.32624455205001834
scope_20260424_115654,sweep_7976,489,1709.4,0.3253405321342194,0.2911887314471859
scope_20260424_115654,sweep_7977,489,1709.26,0.32532720915331187,0.28204150379912163
scope_20260424_115654,sweep_7978,490,1525.01,0.307293000909825,0.33213691589368294
scope_20260424_115654,sweep_7979,490,1521.22,0.3069109165386572,0.3570628325685563
scope_20260424_115654,sweep_7980,490,1521.26,0.306914951574997,0.3251886120805818
scope_20260424_115654,sweep_7981,490,1521.3,0.30691898655828836,0.40312830779739056
scope_20260424_115654,sweep_7982,490,1521.26,0.2999802757251766,0.3632377880703762
scope_20260424_115654,sweep_7983,490,1521.26,0.2999802757251766,0.3409048742799777
scope_20260424_115654,sweep_7984,490,1521.22,0.29997633185959577,0.3649540071893482
scope_20260424_115654,sweep_7985,490,1521.22,0.29997633185959577,0.30517746669473367
scope_20260424_115654,sweep_7986,490,1521.22,0.29997633185959577,0.3619170164516593
scope_20260424_115654,sweep_7987,490,1521.22,0.29997633185959577,0.38539485450941735
scope_20260424_115654,sweep_7988,490,1521.38,0.29999210701082923,0.30789279116651974
scope_20260424_115654,sweep_7999,492,1121.03,0.2517590909929431,0.22482661848568927
scope_20260424_115654,sweep_8000,492,1143.71,0.25429305747472286,0.259224682185803
scope_20260424_115654,sweep_8001,492,1143.73,0.25429528087003966,0.31065180536952686
scope_20260424_115654,sweep_8002,492,1143.62,0.25428305195521617,0.29219108082295897
scope_20260424_115654,sweep_8003,492,1143.64,0.2542852754380183,0.25005728503087754
scope_20260424_115654,sweep_8004,492,1143.73,0.25429528087003966,0.3120411407868588
scope_20260424_115654,sweep_8005,492,1143.79,0.2543019509393536,0.2665267812232713
scope_20260424_115654,sweep_8006,492,1143.69,0.24867112451374335,0.21275393521887967
scope_20260424_115654,sweep_8007,492,1145.69,0.2488884583236695,0.2659192016353733
scope_20260424_115654,sweep_8008,492,1143.77,0.24867982151296833,0.24314835108094895
scope_20260424_115654,sweep_8009,492,1143.69,0.24867112451374335,0.2652953610187091
scope_20260424_115654,sweep_8010,493,958.7,0.21941578102418552,0.19844329595170052
scope_20260424_115654,sweep_8011,493,955.75,0.21885525090540098,0.1940062420195499
scope_20260424_115654,sweep_8012,493,955.7,0.2188457478624492,0.2609608060348902
scope_20260424_115654,sweep_8013,493,955.72,0.21884954908977208,0.21658513560009696
scope_20260424_115654,sweep_8014,493,955.67,0.21884004599610865,0.3026835010100704
scope_20260424_115654,sweep_8015,493,954.17,0.21855491385946121,0.21807519145647752
scope_20260424_115654,sweep_8016,493,955.69,0.2140603778477582,0.2374627862556223
scope_20260424_115654,sweep_8017,493,955.7,0.21406223692293522,0.25993982442110813
scope_20260424_115654,sweep_8018,493,954.24,0.21379077692230952,0.18573327076957116
scope_20260424_115654,sweep_8019,493,955.63,0.21404922332724846,0.17781013660816147
scope_20260424_115654,sweep_8020,493,955.69,0.2140603778477582,0.21701768968370735
scope_20260424_115654,sweep_8021,494,766.2,0.17818745525447177,0.19995212662888406
scope_20260424_115654,sweep_8022,494,758.7,0.1767385602522122,0.22660583989154312
scope_20260424_115654,sweep_8023,494,770.88,0.1790903433377298,0.2682517005726627
scope_20260424_115654,sweep_8024,495,1737.97,0.29336058987519115,0.15397888714463198
scope_20260424_115654,sweep_8025,496,1280.38,0.25179672274496057,0.247866494572594
scope_20260424_115654,sweep_8026,497,1695.35,0.28974124219384434,0.17703367438916495
scope_20260424_115654,sweep_8027,498,1388.82,0.2622428242494375,0.18252648872637747
scope_20260424_115654,sweep_8028,499,948.35,0.20809642087968572,0.23231994319434587
scope_20260424_115654,sweep_8030,501,1129.2,0.23646456373216532,0.1506546738498997
scope_20260424_115654,sweep_8032,503,987.61,0.21061916994032648,0.16185372697215675
scope_20260424_115654,sweep_8033,504,583.08,0.13600231784315325,0.19460271915690314
scope_20260424_115654,sweep_8034,504,580.37,0.13547746518980333,0.20274879577740407
scope_20260424_115654,sweep_8035,504,598.23,0.13892888357093167,0.19716443221011395
scope_20260424_115654,sweep_8036,504,601.12,0.13948571309955088,0.16410814251977926
scope_20260424_115654,sweep_8037,505,1069.73,0.22523145235702527,0.16721809955785297
scope_20260424_115654,sweep_8038,506,1358.54,0.2538213587002787,0.11884638704442234
scope_20260424_115654,sweep_8040,508,488.74,0.11498470086984966,0.16046054904021087
scope_20260424_115654,sweep_8041,509,1272.53,0.24045811067257258,0.11251680692582927
scope_20260424_115654,sweep_8042,510,1036.99,0.2170664480710225,0.10138875060314179
scope_20260424_115654,sweep_8043,511,398.05,0.09697362872101357,0.10642633012693692
scope_20260424_115654,sweep_8044,511,410.11,0.09940602635123874,0.12392436958975044
scope_20260424_115654,sweep_8045,512,890.17,0.18913328567808954,0.09852456601167181
scope_20260424_115654,sweep_8047,514,1259.31,0.23419936500272825,0.1687496018218028
scope_20260424_115654,sweep_8048,515,398.83,0.095098414543567,0.10511359782488855
scope_20260424_115654,sweep_8049,515,412.01,0.09769960897292379,0.10766259278864279
scope_20260424_115654,sweep_8050,515,420.95,0.09945593707869782,0.1405925080943204
scope_20260424_115654,sweep_8051,515,430.26,0.10127822812044687,0.11764481947308646
scope_20260424_115654,sweep_8052,515,364.47,0.08824673990138367,0.09818822989774166
scope_20260424_115654,sweep_8053,515,364.06,0.08816433740378077,0.11729352066496716
scope_20260424_115654,sweep_8054,515,364.7,0.0882929587924905,0.09551254631656089
scope_20260424_115654,sweep_8055,515,364.27,0.08638009592340405,0.10448976904319758
scope_20260424_115654,sweep_8056,515,364.06,0.08633876177932498,0.10460460549601967
scope_20260424_115654,sweep_8057,516,855.91,0.17552847457072843,0.1316063792613288
scope_20260424_115654,sweep_8058,517,365.33,0.08658867316621507,0.11713307439493915
scope_20260424_115654,sweep_8059,517,364.04,0.08633482498281286,0.09450994061807419
scope_20260424_115654,sweep_8061,519,364.47,0.08641945800888971,0.0936811276314201
scope_20260424_115654,sweep_8062,519,363.61,0.08625017496053516,0.1250233080389976
scope_20260424_115654,sweep_8063,519,363.85,0.08452944530946677,0.12679404202525402
scope_20260424_115654,sweep_8064,519,364.69,0.08469138669956372,0.10575198773584756
scope_20260424_115654,sweep_8065,519,364.06,0.08456993660993377,0.11735798716248583
scope_20260424_115654,sweep_8066,519,364.48,0.08465090730230602,0.11951187384609507
scope_20260424_115654,sweep_8067,519,364.25,0.08460656817477956,0.10948646081584146
scope_20260424_115654,sweep_8068,519,363.84,0.08452751705322076,0.10143309774726417
scope_20260424_115654,sweep_8069,519,362.99,0.08436358231263306,0.11074769816222588
scope_20260424_115654,sweep_8070,520,1191.99,0.21856406043699408,0.10519925808172217
scope_20260424_115654,sweep_8071,521,363.62,0.0844850931358738,0.11000426369521066
scope_20260424_115654,sweep_8072,522,461.18,0.10082329764250435,0.11133369082754581
scope_20260424_115654,sweep_8073,523,640.73,0.13246120782385998,0.10502475386434669
scope_20260424_115654,sweep_8083,525,575.17,0.11868054036243614,0.10240433952759304
scope_20260424_115654,sweep_8084,526,364.47,0.08126956414913336,0.10683097044891719
scope_20260424_115654,sweep_8085,526,364.26,0.08123069681043567,0.11827884810192085
scope_20260424_115654,sweep_8086,526,363.84,0.08115295070210417,0.10980432073560548
scope_20260424_115654,sweep_8087,526,364.48,0.08127141487980895,0.1150071091368137
scope_20260424_115654,sweep_8088,526,364.48,0.08127141487980895,0.10101440741587883
scope_20260424_115654,sweep_8089,526,364.26,0.08123069681043567,0.08942562643961113
scope_20260424_115654,sweep_8090,526,362.36,0.08087886646918938,0.10396089154648427
scope_20260424_115654,sweep_8091,526,363.83,0.08115109941839588,0.1123498867344197
scope_20260424_115654,sweep_8092,526,364.05,0.08285373125338058,0.10760900894828963
scope_20260424_115654,sweep_8093,526,363.41,0.08273281796329744,0.10175630401290253
scope_20260424_115654,sweep_8094,526,362.78,0.08261375858266169,0.11143435865047373
scope_20260424_115654,sweep_8095,526,363.2,0.0826931354046734,0.11004319859412687
scope_20260424_115654,sweep_8096,526,363.61,0.08277060725217722,0.1000685487028043
scope_20260424_115654,sweep_8097,526,363.41,0.08273281796329744,0.0992174890202789
scope_20260424_115654,sweep_8098,526,364.04,0.08456608046670662,0.10021649321986452
scope_20260424_115654,sweep_8099,526,364.06,0.08456993660993377,0.10838311312970267
scope_20260424_115654,sweep_8100,526,363.39,0.084440736192842,0.11081074091812644
scope_20260424_115654,sweep_8101,526,363.4,0.08444266485480587,0.10671545667914363
scope_20260424_115654,sweep_8102,526,363.82,0.0845236605136998,0.1503805197830676
scope_20260424_115654,sweep_8103,526,364.04,0.08633482498281286,0.10339799868975846
scope_20260424_115654,sweep_8104,526,364.04,0.08633482498281286,0.10735966941520772
scope_20260424_115654,sweep_8158,528,364.26,0.0780544320480118,0.11007974377771754
scope_20260424_115654,sweep_8159,528,365.32,0.07824291094335539,0.13449575691480295
scope_20260424_115654,sweep_8160,528,366.18,0.07839575947236244,0.10655919338719014
scope_20260424_115654,sweep_8161,528,365.76,0.07832112014932842,0.10599121487173502
scope_20260424_115654,sweep_8162,528,364.9,0.07816824176187094,0.1139730327035035
scope_20260424_115654,sweep_8163,528,365.54,0.07828201754682372,0.10385851704763162
scope_20260424_115654,sweep_8165,530,365.34,0.07824646625452843,0.12166708901639091
scope_20260424_115654,sweep_8166,530,365.76,0.07832112014932842,0.12789842262911744
scope_20260424_115654,sweep_8167,530,364.89,0.07816646374620104,0.11471184029954774
scope_20260424_115654,sweep_8168,530,365.33,0.07824468860307791,0.1627990950713767
scope_20260424_115654,sweep_8169,530,365.33,0.07824468860307791,0.10354802593621677
scope_20260424_115654,sweep_8170,530,364.03,0.0780135233811352,0.10905883701608507
scope_20260424_115654,sweep_8171,530,364.46,0.07809000123250932,0.11042879526078708
scope_20260424_115654,sweep_8172,530,364.69,0.07813090169287573,0.11221411447741232
scope_20260424_115654,sweep_8173,530,364.91,0.07817001976925744,0.09997532597937238
scope_20260424_115654,sweep_8174,530,366.41,0.07843662721956826,0.10715290131496819
scope_20260424_115654,sweep_8175,530,365.75,0.07831934284506344,0.10499657204547122
scope_20260424_115654,sweep_8176,530,365.54,0.07828201754682372,0.10710200322385896
scope_20260424_115654,sweep_8177,530,365.11,0.07820557817787811,0.09360579574136355
scope_20260424_115654,sweep_8178,530,365.12,0.07820735601137413,0.09937850483212113
scope_20260424_115654,sweep_8179,530,365.34,0.07824646625452843,0.10603705469761766
scope_20260424_115654,sweep_8180,530,365.52,0.07827846256642527,0.11046169154322875
scope_20260424_115654,sweep_8181,530,365.32,0.07672188874598147,0.10993876199793637
scope_20260424_115654,sweep_8182,530,365.11,0.0766852817199264,0.10779448558106464
scope_20260424_115654,sweep_8183,530,365.33,0.0767236318484532,0.10494657692432552
scope_20260424_115654,sweep_8184,530,364.9,0.07664867111430683,0.1180186619250607
scope_20260424_115654,sweep_8185,530,365.54,0.07676023512707027,0.10280434364501022
scope_20260424_115654,sweep_8186,530,363.62,0.07642544321236744,0.10983089730147758
scope_20260424_115654,sweep_8187,530,365.55,0.07676197805115541,0.11774656906011852
scope_20260424_115654,sweep_8188,531,570.3,0.11103659145367653,0.11483504979074619
scope_20260424_115654,sweep_8189,532,365.33,0.0767236318484532,0.10993555145111883
scope_20260424_115654,sweep_8190,533,1187.44,0.19733592709698355,0.09782304990345779
scope_20260424_115654,sweep_8191,534,364.68,0.07661031330458236,0.1082549393926882
scope_20260424_115654,sweep_8192,534,364.48,0.07657543915472961,0.10106988414336034
scope_20260424_115654,sweep_8193,534,365.55,0.07676197805115541,0.10755388759384038
scope_20260424_115654,sweep_8194,534,364.69,0.07661205692671234,0.10453194689788932
scope_20260424_115654,sweep_8195,534,363.82,0.07646033136641316,0.1098697159685912
scope_20260424_115654,sweep_8196,534,363.84,0.0764638200024697,0.10902202278542875
scope_20260424_115654,sweep_8197,534,365.53,0.07675849219487937,0.10296152554508937
scope_20260424_115654,sweep_8198,534,365.33,0.0767236318484532,0.11674622722897482
scope_20260424_115654,sweep_8199,534,366.21,0.07687699313193874,0.10355750755627752
scope_20260424_115654,sweep_8200,534,365.97,0.076835173546668,0.10857888910055224
scope_20260424_115654,sweep_8201,534,364.46,0.07657195156084524,0.10867953875588623
scope_20260424_115654,sweep_8202,534,365.97,0.076835173546668,0.11109535969732473
scope_20260424_115654,sweep_8203,535,1343.88,0.20993293062622626,0.099178679272677
scope_20260424_115654,sweep_8208,537,1246.91,0.20221709964211082,0.09803694611551791
scope_20260424_115654,sweep_8209,538,932.86,0.16705058252524937,0.09912976946194028
scope_20260424_115654,sweep_8210,539,1364.29,0.21152108769540467,0.10448218819866233
scope_20260424_115654,sweep_8211,540,399.08,0.08256197871397777,0.11277216125079678
scope_20260424_115654,sweep_8212,540,411.47,0.08468393101698252,0.11128570870714581
scope_20260424_115654,sweep_8213,541,1423.79,0.21608433917907102,0.10081846879688833
scope_20260424_115654,sweep_8214,542,365.09,0.07668179514984118,0.1047048378230734
scope_20260424_115654,sweep_8215,542,365.13,0.07521328902364995,0.1127423655295344
scope_20260424_115654,sweep_8216,542,406.66,0.08224798179135914,0.11251716267358572
scope_20260424_115654,sweep_8217,542,369.67,0.07598868578057576,0.10497409576614618
scope_20260424_115654,sweep_8218,542,408.26,0.08251648335861422,0.10014500621172942
scope_20260424_115654,sweep_8219,543,1382.62,0.2088404203343599,0.09858886444778231
scope_20260424_115654,sweep_8220,544,841.89,0.15046139448549012,0.16550241821024783
scope_20260424_115654,sweep_8221,545,469.18,0.09261363255259204,0.17120835910690227
scope_20260424_115654,sweep_8223,547,583.08,0.11092195149554993,0.14472445251919813
scope_20260424_115654,sweep_8224,547,592.56,0.11241673730466338,0.2170178867752642
scope_20260424_115654,sweep_8225,547,598.77,0.11339371100066571,0.2532864505959009
scope_20260424_115654,sweep_8226,547,605.2,0.11440348237140924,0.1676320989242983
scope_20260424_115654,sweep_8227,547,610.0,0.11515608837006343,0.19868808209657277
scope_20260424_115654,sweep_8228,547,553.56,0.10624043562546905,0.18322935176862734
scope_20260424_115654,sweep_8229,548,2046.73,0.2540934201100255,0.09977149946526966
scope_20260424_115654,sweep_8230,549,590.27,0.1120560298873343,0.23488653442803362
scope_20260424_115654,sweep_8231,550,810.12,0.14573340264230705,0.2497091653147268
scope_20260424_115654,sweep_8232,550,788.52,0.14250092821575894,0.3200699878157007
scope_20260424_115654,sweep_8233,551,567.7,0.10848803010153335,0.14410063218349894
scope_20260424_115654,sweep_8234,552,798.7,0.14402623215370122,0.2158687066530411
scope_20260424_115654,sweep_8235,552,773.85,0.14029696442803122,0.2576654066764522
scope_20260424_115654,sweep_8236,552,774.82,0.14044291139104922,0.21177641493514146
scope_20260424_115654,sweep_8237,553,906.85,0.16003595685600636,0.18574198632588218
scope_20260424_115654,sweep_8238,554,775.78,0.14058732316700467,0.17113504192819504
scope_20260424_115654,sweep_8239,555,707.75,0.13283136082624128,0.16067707898771852
scope_20260424_115654,sweep_8240,556,771.0,0.14261179851719827,0.2200740369514963
scope_20260424_115654,sweep_8241,556,771.95,0.14275763202108702,0.3209796915898816
scope_20260424_115654,sweep_8242,557,897.81,0.16182417700158264,0.203668462128953
scope_20260424_115654,sweep_8243,557,941.29,0.1683025834269501,0.24836661302481375
scope_20260424_115654,sweep_8245,558,749.61,0.1393200692026635,0.20656719698023585
scope_20260424_115654,sweep_8246,559,966.07,0.17197188741524752,0.21094433984204583
scope_20260424_115654,sweep_8248,560,1145.8,0.19384505745291095,0.20665822412782434
scope_20260424_115654,sweep_8249,561,1891.37,0.24905116135247854,0.2834171214665136
scope_20260424_115654,sweep_8250,562,948.44,0.16936298851738532,0.2842390017137649
scope_20260424_115654,sweep_8251,563,960.14,0.171095272759924,0.19402180684611892
scope_20260424_115654,sweep_8252,563,955.78,0.17045015956404236,0.20285971557443372
scope_20260424_115654,sweep_8253,564,1143.69,0.19366649158407426,0.2039267794157451
scope_20260424_115654,sweep_8254,564,1143.69,0.19366649158407426,0.20477764126048384
scope_20260424_115654,sweep_8255,564,1145.89,0.19385267034896494,0.24633846310493987
scope_20260424_115654,sweep_8256,565,1047.34,0.18532933540491633,0.17507490509187376
scope_20260424_115654,sweep_8258,566,1752.54,0.23973657290695574,0.1777988073965191
scope_20260424_115654,sweep_8259,567,1149.95,0.19419578615083613,0.19184499274830186
scope_20260424_115654,sweep_8260,567,1143.75,0.1975111376110749,0.2392486084399049
scope_20260424_115654,sweep_8262,569,2449.58,0.2890492525266743,0.23139279778375377
scope_20260424_115654,sweep_8263,570,1355.44,0.21501372630066604,0.18647287399327236
scope_20260424_115654,sweep_8264,571,1340.93,0.2138597675619852,0.29066865529775415
scope_20260424_115654,sweep_8265,571,1335.08,0.21339276066061064,0.27964594659757036
scope_20260424_115654,sweep_8266,571,1332.36,0.21317527397753133,0.32608034628111765
scope_20260424_115654,sweep_8267,571,1335.23,0.21340474796289835,0.2645054834606544
scope_20260424_115654,sweep_8268,571,1335.17,0.21339995312278673,0.27838270363851764
scope_20260424_115654,sweep_8269,572,2339.55,0.2824829256284759,0.21681905830665396
scope_20260424_115654,sweep_8270,573,1829.99,0.2498333406332245,0.2022362000602939
scope_20260424_115654,sweep_8271,574,1335.14,0.21339755566233007,0.23104440115183394
scope_20260424_115654,sweep_8273,575,2469.03,0.29019452889457487,0.24871967920300847
scope_20260424_115654,sweep_8274,576,2853.88,0.31824348825240883,0.23339130520918586
scope_20260424_115654,sweep_8277,578,2740.23,0.3118424116684298,0.2571228969676997
scope_20260424_115654,sweep_8278,578,2729.26,0.31121758421389295,0.24257983942246103
scope_20260424_115654,sweep_8279,579,2815.58,0.3161008094260586,0.28034575455022614
scope_20260424_115654,sweep_8280,580,1329.43,0.21720729621190782,0.2662235169145086
scope_20260424_115654,sweep_8281,581,2080.73,0.27173747560249195,0.26115129236881013
scope_20260424_115654,sweep_8282,582,1551.63,0.2346582113821488,0.26088076875470373
scope_20260424_115654,sweep_8283,583,2033.42,0.2686304363466032,0.3643874094101513
scope_20260424_115654,sweep_8284,584,1521.26,0.23235038431863458,0.236771882033374
scope_20260424_115654,sweep_8287,586,1551.63,0.239410245250847,0.23203073553265685
scope_20260424_115654,sweep_8288,587,1709.65,0.2513056500804861,0.2957871902763937
scope_20260424_115654,sweep_8289,587,1733.35,0.2530415155206125,0.2812540822945094
scope_20260424_115654,sweep_8290,587,1713.94,0.25162075134977896,0.22160528358463447
scope_20260424_115654,sweep_8291,587,1718.85,0.25198090816287827,0.2260348741989235
scope_20260424_115654,sweep_8293,587,1733.2,0.253030566477279,0.2789042269217607
scope_20260424_115654,sweep_8294,587,1709.45,0.2512909504051062,0.25407449422625566
scope_20260424_115654,sweep_8295,588,1926.35,0.26675725896509517,0.28024545125073663
scope_20260424_115654,sweep_8296,588,1902.95,0.2651321150036139,0.27251383988751365
scope_20260424_115654,sweep_8297,588,1902.77,0.26511957528651625,0.29897090698996115
scope_20260424_115654,sweep_8298,588,1908.58,0.2709590095935938,0.32735244903210015
scope_20260424_115654,sweep_8299,588,1897.11,0.2701435909805519,0.3540854185617379
scope_20260424_115654,sweep_8300,588,1902.83,0.2705505411149694,0.35414296630689224
scope_20260424_115654,sweep_8301,588,1908.58,0.2709590095935938,0.29546777810900726
scope_20260424_115654,sweep_8302,588,1902.77,0.27054627558404076,0.4395939868126424
scope_20260424_115654,sweep_8303,588,1896.99,0.2701350469995586,0.24947843380980247
scope_20260424_115654,sweep_8304,588,1897.05,0.2701393190238339,0.27918163429322984
scope_20260424_115654,sweep_8305,588,1902.77,0.27054627558404076,0.32170038037551135
scope_20260424_115654,sweep_8306,589,2080.88,0.28292539440532194,0.3800336413461579
scope_20260424_115654,sweep_8307,589,2087.68,0.2833872959800213,0.3201779421898424
scope_20260424_115654,sweep_8308,589,2088.12,0.28928117369341827,0.2505085299310212
scope_20260424_115654,sweep_8309,589,2088.34,0.2892964123248205,0.23475464785516856
scope_20260424_115654,sweep_8310,589,2087.83,0.28926108517999316,0.3309644634766909
scope_20260424_115654,sweep_8311,589,2087.97,0.28927078325720035,0.3431044159213564
scope_20260424_115654,sweep_8313,590,1920.49,0.2774268363350566,0.3357758969545883
scope_20260424_115654,sweep_8314,591,2080.95,0.28878409268677807,0.2788925630431741
scope_20260424_115654,sweep_8315,591,2087.9,0.2892659342592396,0.42389245220666716
scope_20260424_115654,sweep_8331,594,2802.82,0.34939524566271735,0.3309711362265724
scope_20260424_115654,sweep_8332,595,2459.22,0.32727895384506256,0.35927715498799934
scope_20260424_115654,sweep_8334,595,2459.32,0.3272856078985197,0.33173842907171913
scope_20260424_115654,sweep_8335,595,2459.32,0.33428195732447413,0.3427515934683547
scope_20260424_115654,sweep_8336,595,2459.22,0.3342751610280281,0.3467512309248144
scope_20260424_115654,sweep_8337,595,2459.32,0.33428195732447413,0.46744686300630106
scope_20260424_115654,sweep_8338,596,2647.72,0.34684979615500217,0.37817094183950395
scope_20260424_115654,sweep_8339,596,2647.49,0.34683473089401196,0.41638180495594623
scope_20260424_115654,sweep_8340,596,2647.72,0.34684979615500217,0.411627692023701
scope_20260424_115654,sweep_8341,597,2670.35,0.3483289008989889,0.29673560415717826
scope_20260424_115654,sweep_8342,597,2658.99,0.3475871940629672,0.33777067180787146
scope_20260424_115654,sweep_8343,598,2647.6,0.35433833141279336,0.46627774377305004
scope_20260424_115654,sweep_8344,598,2647.72,0.354346361348958,0.5677841162801386
scope_20260424_115654,sweep_8345,598,2647.6,0.35433833141279336,0.3923318949773014
scope_20260424_115654,sweep_8346,598,2647.72,0.354346361348958,0.41580480573035733
scope_20260424_115654,sweep_8347,598,2647.72,0.354346361348958,0.33155017626121996
scope_20260424_115654,sweep_8348,598,2647.72,0.354346361348958,0.41011197665806126
scope_20260424_115654,sweep_8350,599,2854.15,0.36790047317941793,0.54496986534731
scope_20260424_115654,sweep_8351,600,2841.04,0.3670545599396147,0.41014530029270874
scope_20260424_115654,sweep_8352,600,2841.18,0.37508526790301955,0.41185027411963426
scope_20260424_115654,sweep_8353,600,2841.18,0.37508526790301955,0.3874337115170847
scope_20260424_115654,sweep_8354,600,2828.19,0.37422683240154586,0.49669786803441407
scope_20260424_115654,sweep_8355,600,2841.18,0.37508526790301955,0.5773914630200674
scope_20260424_115654,sweep_8356,600,2841.04,0.37507602656941746,0.39528464411375885
scope_20260424_115654,sweep_8357,600,2841.18,0.37508526790301955,0.4425947038178058
scope_20260424_115654,sweep_8358,601,2705.26,0.3660034152963424,0.4316219342162016
scope_20260424_115654,sweep_8359,602,2977.22,0.38396010016943877,0.4365214996996495
scope_20260424_115654,sweep_8360,602,2976.93,0.392425711536652,0.4942029024752308
scope_20260424_115654,sweep_8361,602,2962.82,0.39149460069777703,0.4592977075238223
scope_20260424_115654,sweep_8363,602,2962.96,0.3915038500947447,0.4348734897478097
scope_20260424_115654,sweep_8364,602,2976.93,0.392425711536652,0.4437438156130298
scope_20260424_115654,sweep_8365,602,2962.82,0.39149460069777703,0.4442422567036803
scope_20260424_115654,sweep_8612,605,2489.01,0.411263901127093,0.48304816124343
scope_20260424_115654,sweep_8613,606,2198.61,0.38652836485988257,0.6138499821822959
scope_20260424_115654,sweep_8616,607,2304.41,0.3957192211660226,0.41082746327791014
scope_20260424_115654,sweep_8617,607,2279.29,0.3844627281110525,0.4468525522384464
scope_20260424_115654,sweep_8618,607,2270.83,0.383748563084604,0.4880183941353972
scope_20260424_115654,sweep_8619,607,2279.12,0.38444839033865136,0.44155301544982817
scope_20260424_115654,sweep_8620,607,2270.83,0.383748563084604,0.414906068838807
scope_20260424_115654,sweep_8621,607,2295.95,0.38586524541952283,0.633414351336289
scope_20260424_115654,sweep_8622,607,2270.83,0.383748563084604,0.4711187166170421
scope_20260424_115654,sweep_8623,607,2271.01,0.38376377192291133,0.4894200414653373
scope_20260424_115654,sweep_8624,607,2270.83,0.383748563084604,0.45382363625373734
scope_20260424_115654,sweep_8625,608,2081.02,0.36736060179049096,0.4670349301763043
scope_20260424_115654,sweep_8626,608,2081.17,0.3673738412349288,0.5601323885379147
scope_20260424_115654,sweep_8627,608,2087.97,0.36797352911347747,0.5288523873080853
scope_20260424_115654,sweep_8628,608,2087.9,0.36796736083449605,0.44343403815652127
scope_20260424_115654,sweep_8629,608,2088.12,0.36798674650598795,0.47902843202103074
scope_20260424_115654,sweep_8630,608,2088.12,0.36798674650598795,0.44404320446158024
scope_20260424_115654,sweep_8631,608,2087.9,0.36796736083449605,0.4297676465766026
scope_20260424_115654,sweep_8632,608,2088.12,0.36798674650598795,0.5011200583235897
scope_20260424_115654,sweep_8633,608,2088.19,0.3679929144600277,0.40122113345195803
scope_20260424_115654,sweep_8634,608,2087.97,0.36797352911347747,0.46563703039270515
scope_20260424_115654,sweep_8645,610,2095.19,0.36018699594787823,0.37467264358628743
scope_20260424_115654,sweep_8646,611,1709.4,0.3253405321342194,0.43570999887921785
scope_20260424_115654,sweep_8647,611,1713.99,0.3257770338139658,0.34407405923441114
scope_20260424_115654,sweep_8648,611,1714.09,0.32578653714485495,0.42878787903924886
scope_20260424_115654,sweep_8649,611,1709.5,0.32535004821512975,0.31833084118252725
scope_20260424_115654,sweep_8650,611,1713.89,0.32576753020584415,0.2913991286092651
scope_20260424_115654,sweep_8651,611,1677.1,0.3222521342512386,0.35184644249573466
scope_20260424_115654,sweep_8652,611,1709.5,0.32535004821512975,0.36071417355537794
scope_20260424_115654,sweep_8653,611,1709.45,0.3179941849104566,0.3108980375374655
scope_20260424_115654,sweep_8654,611,1709.55,0.3180034858415898,0.3441325093208871
scope_20260424_115654,sweep_8655,611,1714.09,0.3184254619683562,0.3148191133538685
scope_20260424_115654,sweep_8656,612,1499.48,0.29782511331533945,0.4611514621534488
scope_20260424_115654,sweep_8658,613,1234.49,0.2702307490581339,0.3541578882938696
scope_20260424_115654,sweep_8667,615,1332.47,0.28074995598970454,0.30205327436802426
scope_20260424_115654,sweep_8668,615,1338.3,0.27507636919426726,0.2660298357892507
scope_20260424_115654,sweep_8669,615,1304.4,0.2715700920081301,0.3696321369877508
scope_20260424_115654,sweep_8670,615,1332.33,0.2744621416508901,0.428745438845075
scope_20260424_115654,sweep_8671,615,1340.96,0.27534960386524504,0.2848399360625399
scope_20260424_115654,sweep_8672,615,1332.39,0.2744683216299876,0.33993603343984313
scope_20260424_115654,sweep_8673,616,2246.18,0.35636810061886665,0.32509349490094935
scope_20260424_115654,sweep_8677,618,1123.15,0.251997031625649,0.31560574610234865
scope_20260424_115654,sweep_8678,618,1145.87,0.2545330719498891,0.2567644496299136
scope_20260424_115654,sweep_8679,619,1536.37,0.2947300742512072,0.3941031093319687
scope_20260424_115654,sweep_8680,620,1145.91,0.24891235345782123,0.326401126640282
scope_20260424_115654,sweep_8681,620,1145.87,0.2489080090585983,0.2624489061655155
scope_20260424_115654,sweep_8684,623,1113.01,0.24531309372544038,0.3282937505724508
scope_20260424_115654,sweep_8685,624,2206.29,0.34538422248046263,0.271859098288162
scope_20260424_115654,sweep_8686,625,1160.72,0.25051568939500557,0.2814208454119971
scope_20260424_115654,sweep_8687,626,870.22,0.20247122779211232,0.21964374931466804
scope_20260424_115654,sweep_8688,627,973.74,0.2222689997996765,0.21331124654998196
scope_20260424_115654,sweep_8689,627,954.29,0.21857772723310837,0.2568680174618967
scope_20260424_115654,sweep_8690,628,1050.97,0.23316765376733653,0.21992672544786268
scope_20260424_115654,sweep_8692,630,1198.87,0.24903431258128966,0.2857503768169765
scope_20260424_115654,sweep_8693,631,1074.58,0.23577215860145237,0.2645234446871795
scope_20260424_115654,sweep_8694,632,944.11,0.21190533907221387,0.22755280491409025
scope_20260424_115654,sweep_8695,633,1453.84,0.27424041019421164,0.20968063131282294
scope_20260424_115654,sweep_8696,634,925.9,0.20850733278719827,0.21284894874861596
scope_20260424_115654,sweep_8697,635,2246.52,0.34090100982605925,0.21767354771222508
scope_20260424_115654,sweep_8698,636,1198.71,0.24901769409073748,0.21324292526164385
scope_20260424_115654,sweep_8707,639,770.97,0.17148773221163113,0.18581108708541574
scope_20260424_115654,sweep_8708,639,773.88,0.1720247980235628,0.17436805987220533
scope_20260424_115654,sweep_8709,640,588.1,0.13697346066121613,0.190920312125466
scope_20260424_115654,sweep_8710,640,589.23,0.13719186984814696,0.1571982528761304
scope_20260424_115654,sweep_8711,640,597.73,0.1388324999324795,0.16680794209102207
scope_20260424_115654,sweep_8712,640,613.01,0.1417718555827968,0.16287088858146653
scope_20260424_115654,sweep_8713,641,528.61,0.12537019763632185,0.18592904140862707
scope_20260424_115654,sweep_8714,642,601.76,0.13960896321295319,0.1461153768403263
scope_20260424_115654,sweep_8715,642,607.65,0.1377646592893197,0.211807872196573
scope_20260424_115654,sweep_8716,642,614.84,0.13911628452602828,0.2139332777236931
scope_20260424_115654,sweep_8717,642,636.86,0.14323920858034905,0.19314842446849897
scope_20260424_115654,sweep_8718,642,625.97,0.14120329693622266,0.1987613990632541
scope_20260424_115654,sweep_8719,642,625.36,0.14108907875769588,0.1614454704436083
scope_20260424_115654,sweep_8721,644,1264.57,0.23970486745951197,0.07967225681076184
scope_20260424_115654,sweep_8722,645,989.27,0.20645087700124817,0.11096670914246384
scope_20260424_115654,sweep_8723,646,382.66,0.09385129322603887,0.09833421794507911
scope_20260424_115654,sweep_8726,648,376.42,0.09064163279440954,0.1956910282884615
scope_20260424_115654,sweep_8728,650,364.51,0.08825477832549262,0.12323755384427754
scope_20260424_115654,sweep_8729,651,1321.12,0.23987805611585533,0.11440088481232635
scope_20260424_115654,sweep_8730,651,1315.39,0.23935728779651855,0.0978460407973307
scope_20260424_115654,sweep_8735,656,364.29,0.0863840322972493,0.11694269675271515
scope_20260424_115654,sweep_8736,656,365.13,0.08654932685262287,0.10723466672606294
scope_20260424_115654,sweep_8737,657,1208.12,0.2246401043605994,0.11579743793349796
scope_20260424_115654,sweep_8738,658,364.07,0.08634073016379364,0.10758956138367066
scope_20260424_115654,sweep_8739,658,364.72,0.08646865545260198,0.10460023557753195
scope_20260424_115654,sweep_8740,658,370.81,0.0876653454473728,0.10858243711822484
scope_20260424_115654,sweep_8743,661,1282.9,0.22674558880582432,0.09874489768620597
scope_20260424_115654,sweep_8744,662,1127.25,0.21254581897551283,0.10110450223486435
scope_20260424_115654,sweep_8745,663,537.32,0.11682501336021948,0.10761307016278178
scope_20260424_115654,sweep_8746,664,1237.04,0.22265595540955752,0.1147181030014069
scope_20260424_115654,sweep_8747,664,1237.09,0.22266045513684135,0.11264677842871942
scope_20260424_115654,sweep_8748,665,367.09,0.0851537276287042,0.12336142574932622
scope_20260424_115654,sweep_8749,666,1176.26,0.21711713953275308,0.10703530483221559
scope_20260424_115654,sweep_8750,667,363.44,0.08273848658197239,0.11426924282536503
scope_20260424_115654,sweep_8752,669,364.71,0.08297838524254444,0.10877974730468844
scope_20260424_115654,sweep_8753,669,364.28,0.08289717563772932,0.10706688846998837
scope_20260424_115654,sweep_8754,669,362.8,0.0826175387854464,0.10097875282108659
scope_20260424_115654,sweep_8755,669,364.08,0.08285939817676449,0.12165797082446052
scope_20260424_115654,sweep_8756,670,966.2,0.18627477584267818,0.10706760736986276
scope_20260424_115654,sweep_8757,671,363.65,0.08277816468587364,0.1055500994092176
scope_20260424_115654,sweep_8758,671,362.16,0.08249655471245677,0.08468389439333965
scope_20260424_115654,sweep_8759,671,362.38,0.08253814708394232,0.09238809422525056
scope_20260424_115654,sweep_8760,671,364.08,0.08285939817676449,0.1075081207532352
scope_20260424_115654,sweep_8761,671,401.42,0.08805131028914685,0.11591176841047507
scope_20260424_115654,sweep_8762,672,1152.27,0.20631261087163133,0.10529882171635138
scope_20260424_115654,sweep_8765,675,363.44,0.08107889260389285,0.10736454462940276
scope_20260424_115654,sweep_8766,676,1189.74,0.20964025494296282,0.11118450386131679
scope_20260424_115654,sweep_8767,677,364.5,0.08127511631526405,0.1069353979153791
scope_20260424_115654,sweep_8768,677,363.23,0.08104000655607431,0.10281618439988166
scope_20260424_115654,sweep_8769,677,364.28,0.08123439862582597,0.13661114972997337
scope_20260424_115654,sweep_8770,677,363.24,0.08104185835928548,0.10303375742935769
scope_20260424_115654,sweep_8771,677,362.19,0.0808473716485025,0.10453788304033432
scope_20260424_115654,sweep_8772,678,1249.45,0.21483650980418273,0.10531763938282876
scope_20260424_115654,sweep_8773,678,1249.53,0.21484338748863646,0.1183196194973283
scope_20260424_115654,sweep_8774,679,364.29,0.08123624952056448,0.10497957059451243
scope_20260424_115654,sweep_8776,681,538.72,0.11017245938716176,0.10655648126346723
scope_20260424_115654,sweep_8777,681,500.59,0.10366015955486904,0.11020441979405306
scope_20260424_115654,sweep_8780,684,364.72,0.07970179874412535,0.10980713046717061
scope_20260424_115654,sweep_8781,685,1129.28,0.20019005111434657,0.1124992506347369
scope_20260424_115654,sweep_8782,686,363.86,0.0795457816433207,0.10963799150986077
