file,sweep,group,rpm,y_true,y_pred
scope_20260424_115654,sweep_000,1,1031.78,1.3039179467837791,0.14886883481838686
scope_20260424_115654,sweep_001,1,1031.78,1.2472057437549073,0.15573034320001367
scope_20260424_115654,sweep_002,1,1031.78,1.2472057437549073,0.15840336704762617
scope_20260424_115654,sweep_003,1,1031.78,1.1937490342076567,0.15678930750423908
scope_20260424_115654,sweep_004,1,1031.78,1.1433238167802302,0.15020750235815108
scope_20260424_115654,sweep_005,1,1031.78,1.1433238167802302,0.15139599264811082
scope_20260424_115654,sweep_006,2,0.54,0.0020454758255549193,0.1616437989338316
scope_20260424_115654,sweep_007,2,14.53,0.03144763501530736,0.15743884824418164
scope_20260424_115654,sweep_008,2,14.53,0.030157122430660502,0.15661221164719455
scope_20260424_115654,sweep_009,2,14.53,0.02893719779053028,0.1424235652416826
scope_20260424_115654,sweep_010,2,14.53,0.02893719779053028,0.14377803448526863
scope_20260424_115654,sweep_011,2,14.53,0.027783210234427785,0.161299844207515
scope_20260424_115654,sweep_012,2,14.53,0.02669086154727896,0.14638559043551463
scope_20260424_115654,sweep_013,2,14.53,0.02669086154727896,0.1584611845283812
scope_20260424_115654,sweep_014,2,14.53,0.02565617621098429,0.14994198665770736
scope_20260424_115654,sweep_015,2,14.53,0.024675474253672912,0.13111505131345616
scope_20260424_115654,sweep_016,2,14.53,0.024675474253672912,0.16266218119598833
scope_20260424_115654,sweep_017,2,14.53,0.023745346612873072,0.1470971566717086
scope_20260424_115654,sweep_018,2,14.53,0.02286263275976879,0.1518411600794441
scope_20260424_115654,sweep_019,2,14.53,0.02286263275976879,0.16286437739187776
scope_20260424_115654,sweep_020,2,14.53,0.022024400359061953,0.16251768026656793
scope_20260424_115654,sweep_021,2,14.53,0.022024400359061953,0.18053504374655238
scope_20260424_115654,sweep_022,2,14.53,0.02122792676314961,0.16668824243739522
scope_20260424_115654,sweep_023,2,14.53,0.02122792676314961,0.16105350928774503
scope_20260424_115654,sweep_024,2,14.53,0.02047068216074285,0.1445174210662517
scope_20260424_115654,sweep_025,2,14.53,0.02047068216074285,0.15502014995087468
scope_20260424_115654,sweep_026,2,14.53,0.02047068216074285,0.1470707956762744
scope_20260424_115654,sweep_027,2,14.53,0.019750314219046248,0.1612913029652229
scope_20260424_115654,sweep_028,2,14.53,0.019750314219046248,0.15979961249266508
scope_20260424_115654,sweep_029,2,14.53,0.019750314219046248,0.13905290848968366
scope_20260424_115654,sweep_030,2,14.53,0.019750314219046248,0.15882590692404344
scope_20260424_115654,sweep_031,2,14.53,0.019750314219046248,0.1447194573819997
scope_20260424_115654,sweep_032,2,14.53,0.019750314219046248,0.15195268688612176
scope_20260424_115654,sweep_033,2,14.53,0.019750314219046248,0.1422457761166471
scope_20260424_115654,sweep_034,2,14.53,0.01906463407545526,0.14413215324402692
scope_20260424_115654,sweep_035,2,14.53,0.01906463407545526,0.14533007367147818
scope_20260424_115654,sweep_036,2,14.53,0.01906463407545526,0.15389678394843084
scope_20260424_115654,sweep_037,2,14.53,0.01906463407545526,0.14544549834834186
scope_20260424_115654,sweep_038,2,14.53,0.01906463407545526,0.1634952876152946
scope_20260424_115654,sweep_039,2,14.53,0.01906463407545526,0.14540440539372462
scope_20260424_115654,sweep_040,2,14.53,0.01906463407545526,0.1387863423467998
scope_20260424_115654,sweep_041,2,14.53,0.01906463407545526,0.16267394010035027
scope_20260424_115654,sweep_042,2,14.53,0.01906463407545526,0.14459678976638538
scope_20260424_115654,sweep_043,2,14.53,0.019750314219046248,0.15872677010497396
scope_20260424_115654,sweep_044,2,14.53,0.019750314219046248,0.13429504871817316
scope_20260424_115654,sweep_045,2,14.53,0.019750314219046248,0.12673600884877798
scope_20260424_115654,sweep_046,2,14.53,0.019750314219046248,0.1610243270770554
scope_20260424_115654,sweep_047,2,14.53,0.019750314219046248,0.142884933045419
scope_20260424_115654,sweep_048,2,14.53,0.019750314219046248,0.16133172075046912
scope_20260424_115654,sweep_049,2,14.53,0.019750314219046248,0.1411612954059493
scope_20260424_115654,sweep_053,4,435.08,0.3318225672629654,0.22421747740039072
scope_20260424_115654,sweep_054,4,413.95,0.3300035421867169,0.24036882753765476
scope_20260424_115654,sweep_055,4,401.38,0.3216644828306798,0.21290829400407565
scope_20260424_115654,sweep_056,4,381.93,0.30867281802686913,0.2516104277392835
scope_20260424_115654,sweep_057,4,364.25,0.29676555412840355,0.3096986307336497
scope_20260424_115654,sweep_058,4,364.04,0.2966235396562312,0.2370504488806493
scope_20260424_115654,sweep_059,4,364.68,0.29705630224988216,0.27559943270705706
scope_20260424_115654,sweep_060,5,520.6,0.399163030608154,0.34690711402071833
scope_20260424_115654,sweep_061,5,484.54,0.3899875275544041,0.30391929938905027
scope_20260424_115654,sweep_062,5,467.08,0.3782874000801627,0.3524703413513841
scope_20260424_115654,sweep_063,5,450.85,0.36734466947554256,0.35592874910176725
scope_20260424_115654,sweep_064,6,435.06,0.3566341438711733,0.27777212697129433
scope_20260424_115654,sweep_065,6,420.64,0.3467950523309022,0.2211601409659139
scope_20260424_115654,sweep_066,6,406.91,0.3373733410483544,0.26189883761599836
scope_20260424_115654,sweep_067,6,398.07,0.33127866188560373,0.25170812202726683
scope_20260424_115654,sweep_068,6,385.97,0.32289890122720155,0.27399928830337944
scope_20260424_115654,sweep_069,6,374.56,0.32677317072680834,0.27972931936140055
scope_20260424_115654,sweep_070,6,366.61,0.32100604288768886,0.34514962774339836
scope_20260424_115654,sweep_080,8,445.68,0.3918636606888146,0.20498948288060256
scope_20260424_115654,sweep_081,9,619.7,0.5151769484425386,0.4912751917537894
scope_20260424_115654,sweep_082,9,613.57,0.510943639987942,0.5209177270844353
scope_20260424_115654,sweep_083,9,601.67,0.502705014434661,0.433001925573824
scope_20260424_115654,sweep_084,9,588.63,0.49364525433603285,0.3553946563579514
scope_20260424_115654,sweep_085,9,577.1,0.5043551330607924,0.3782184389229074
scope_20260424_115654,sweep_086,9,568.74,0.498283476296419,0.319103944429944
scope_20260424_115654,sweep_087,9,558.5,0.4908256956853179,0.5285410237014194
scope_20260424_115654,sweep_088,10,549.11,0.48396651718956457,0.33413851354514545
scope_20260424_115654,sweep_089,10,539.16,0.4766764707030552,0.3511716060927006
scope_20260424_115654,sweep_090,10,530.87,0.4705851799821866,0.4033739823901434
scope_20260424_115654,sweep_098,12,642.7,0.5731020176961188,0.23650863119994564
scope_20260424_115654,sweep_099,12,632.28,0.5653792788749732,0.4197008343593858
scope_20260424_115654,sweep_100,12,625.26,0.5601642454828225,0.2513496568632821
scope_20260424_115654,sweep_101,12,616.62,0.5537320513746635,0.5808704979818224
scope_20260424_115654,sweep_102,13,794.6,0.683452527509244,0.526329933511695
scope_20260424_115654,sweep_103,13,790.57,0.680574264436875,0.4589910249808012
scope_20260424_115654,sweep_104,13,778.66,0.6987634786050182,0.6293478696546672
scope_20260424_115654,sweep_105,13,771.95,0.6937619585727238,0.5433204018776252
scope_20260424_115654,sweep_106,13,761.51,0.6859654257664696,0.5911510058927816
scope_20260424_115654,sweep_107,13,751.34,0.6783530368682597,0.3876295337743089
scope_20260424_115654,sweep_108,14,742.41,0.6716543544458098,0.6062175722683271
scope_20260424_115654,sweep_109,14,733.62,0.6650473003021342,0.49322556077923435
scope_20260424_115654,sweep_110,14,725.14,0.6586604939813111,0.2855824005384312
scope_20260424_115654,sweep_111,14,715.96,0.6517321422586593,0.3962298632194108
scope_20260424_115654,sweep_112,15,895.09,0.7844419943924608,0.8754095848493941
scope_20260424_115654,sweep_113,15,888.81,0.7798712019804512,0.7933528423279074
scope_20260424_115654,sweep_114,15,881.28,0.8056134001712107,0.8077679968790877
scope_20260424_115654,sweep_115,15,868.94,0.7962393893515686,0.7329661102419571
scope_20260424_115654,sweep_116,15,859.32,0.7889159127381687,0.6143917766482335
scope_20260424_115654,sweep_117,16,849.93,0.7817540762572831,0.8813595253240362
scope_20260424_115654,sweep_118,16,839.67,0.7739132839015618,0.8402738647455253
scope_20260424_115654,sweep_119,16,834.04,0.76960386962435,0.8753739293566122
scope_20260424_115654,sweep_120,16,828.45,0.765320177421317,0.7238495794736227
scope_20260424_115654,sweep_121,16,820.78,0.7594345442441056,0.4870823522658369
scope_20260424_115654,sweep_122,17,1025.01,0.9269283897169432,0.9527340500920131
scope_20260424_115654,sweep_123,17,990.65,0.8877607400019798,0.8454864555846362
scope_20260424_115654,sweep_124,17,982.9,0.8819924768356632,0.9073846968550017
scope_20260424_115654,sweep_125,17,970.69,0.8728889459791473,0.5697695241096067
scope_20260424_115654,sweep_126,17,960.06,0.9003463682817496,0.8521711314450512
scope_20260424_115654,sweep_127,17,954.21,0.8957905057138591,0.9558503326778623
scope_20260424_115654,sweep_128,18,944.12,0.8879214333502865,0.8427326068429247
scope_20260424_115654,sweep_129,18,934.27,0.8802257320467809,0.7709889418077691
scope_20260424_115654,sweep_130,18,927.2,0.8746935144791834,0.8099708234830064
scope_20260424_115654,sweep_131,18,921.69,0.8703770119351014,0.8828499701075603
scope_20260424_115654,sweep_132,18,914.9,0.8650517245313325,1.079674414100637
scope_20260424_115654,sweep_133,19,1093.33,0.9965006763794501,0.9809635084947692
scope_20260424_115654,sweep_134,19,1083.93,0.9922076783804121,0.9013116400705714
scope_20260424_115654,sweep_135,19,1072.65,0.9870314340748536,1.0478217915909152
scope_20260424_115654,sweep_136,19,1063.51,0.9828172134541289,1.0425459613508914
scope_20260424_115654,sweep_137,19,1050.92,0.9769825210410692,0.7472437471260424
scope_20260424_115654,sweep_138,20,1042.14,0.9728928196458893,0.9662212647748357
scope_20260424_115654,sweep_139,20,1035.13,0.9696151956597684,0.6858784706221839
scope_20260424_115654,sweep_140,20,1024.96,0.9269057816522929,0.6613117122222284
scope_20260424_115654,sweep_141,20,1016.59,0.9231133872673477,0.77609505630759
scope_20260424_115654,sweep_142,20,1011.72,0.920899633857973,0.6727076668173291
scope_20260424_115654,sweep_143,21,1217.63,1.010275456635068,0.8939095663149269
scope_20260424_115654,sweep_144,21,1182.9,0.9571620821604367,0.9866722031294634
scope_20260424_115654,sweep_145,21,1173.85,0.953493577341675,0.9635264751289287
scope_20260424_115654,sweep_146,21,1160.77,0.9481663918483555,0.8907711654530043
scope_20260424_115654,sweep_147,21,1152.12,0.908518774487504,0.9416079648266017
scope_20260424_115654,sweep_148,22,1143.71,0.9051967952659932,0.9188511596875794
scope_20260424_115654,sweep_149,22,1143.64,0.9051690938621266,1.0256653626947387
scope_20260424_115654,sweep_150,22,1145.69,0.9059799984463319,1.1910246683295507
scope_20260424_115654,sweep_151,22,1143.66,0.8710568881103906,0.8802333064047987
scope_20260424_115654,sweep_152,22,1143.77,0.8710987772880496,1.0725360549005711
scope_20260424_115654,sweep_153,22,1145.74,0.8718486335968177,0.9899706182427862
scope_20260424_115654,sweep_154,23,1332.21,0.9401223947422029,1.124476604840834
scope_20260424_115654,sweep_155,23,1332.21,0.9401223947422029,1.2116903132593397
scope_20260424_115654,sweep_156,23,1332.24,0.940132979977663,0.9879845411844287
scope_20260424_115654,sweep_157,23,1332.33,0.9401647349689736,1.0948975946046275
scope_20260424_115654,sweep_158,23,1332.3,0.9401541500910444,0.9639407521301686
scope_20260424_115654,sweep_159,23,1332.36,0.940175319727734,0.9903342282139613
scope_20260424_115654,sweep_160,23,1332.3,0.9401541500910444,0.9864325084620919
scope_20260424_115654,sweep_161,23,1332.27,0.940143565093942,1.2010550558805333
scope_20260424_115654,sweep_162,23,1332.27,0.940143565093942,1.1841490734870845
scope_20260424_115654,sweep_163,23,1332.27,0.940143565093942,1.1161538837968912
scope_20260424_115654,sweep_164,24,1517.49,1.0033696780188333,1.3016343376093855
scope_20260424_115654,sweep_165,24,1521.18,1.0045888577468907,0.9316265246261423
scope_20260424_115654,sweep_166,24,1521.34,1.00464168844112,1.1570336254614377
scope_20260424_115654,sweep_167,24,1521.26,1.0046152734412879,1.2651212871610773
scope_20260424_115654,sweep_168,24,1521.26,1.0046152734412879,1.2860483074401052
scope_20260424_115654,sweep_169,24,1521.41,1.0046648009962555,1.1618859647211177
scope_20260424_115654,sweep_170,24,1521.03,1.0045393264476359,1.2543609210062534
scope_20260424_115654,sweep_171,24,1521.22,1.0046020656809131,1.1123109346216793
scope_20260424_115654,sweep_172,24,1521.3,1.004628481028021,1.0488482110775466
scope_20260424_115654,sweep_173,24,1521.14,1.043925826085883,1.252416223069067
scope_20260424_115654,sweep_174,24,1521.3,1.0439807269300596,1.2139495872207076
scope_20260424_115654,sweep_185,26,1920.49,1.219600222539054,1.2686801297862862
scope_20260424_115654,sweep_186,26,1896.87,1.2120771216756974,1.277001550530487
scope_20260424_115654,sweep_187,26,1897.05,1.212134629229284,1.0880220525741542
scope_20260424_115654,sweep_188,26,1896.87,1.2120771216756974,1.1762958749623837
scope_20260424_115654,sweep_189,26,1896.93,1.212096291163385,1.358593486790012
scope_20260424_115654,sweep_190,26,1896.81,1.2120579518848316,1.2679950157795892
scope_20260424_115654,sweep_191,26,1896.99,1.2121154603479094,1.1368675392158827
scope_20260424_115654,sweep_192,26,1896.87,1.2120771216756974,1.3008361067323417
scope_20260424_115654,sweep_193,26,1902.65,1.213922392302427,1.267809563765661
scope_20260424_115654,sweep_194,26,1896.93,1.212096291163385,1.1731025773347543
scope_20260424_115654,sweep_195,26,1896.99,1.2121154603479094,1.2222251277148697
scope_20260424_115654,sweep_196,27,2080.88,1.269506672654293,1.3334169598954018
scope_20260424_115654,sweep_197,27,2081.02,1.269549377650466,1.3646930243420803
scope_20260424_115654,sweep_198,27,2080.73,1.3206568766203182,1.452936231530511
scope_20260424_115654,sweep_199,27,2081.02,1.3207489061364988,1.4604190804220398
scope_20260424_115654,sweep_200,27,2080.95,1.3207266927024839,1.3930202022868854
scope_20260424_115654,sweep_201,27,2080.8,1.3206790912286186,1.2474956194032987
scope_20260424_115654,sweep_202,27,2087.97,1.3229525259243313,1.1978016414242505
scope_20260424_115654,sweep_203,27,2080.8,1.3206790912286186,1.44356550282305
scope_20260424_115654,sweep_204,27,2080.88,1.320704478894853,1.351744043742603
scope_20260424_115654,sweep_205,27,2081.02,1.3207489061364988,1.2277055332830622
scope_20260424_115654,sweep_206,28,2270.66,1.3796158886262484,1.453520826493155
scope_20260424_115654,sweep_207,28,2270.66,1.3796158886262484,1.5061620057283207
scope_20260424_115654,sweep_208,28,2270.83,1.3796675322698233,1.3007566657545646
scope_20260424_115654,sweep_209,28,2270.75,1.3796432296195378,1.4793052273895948
scope_20260424_115654,sweep_210,28,2270.58,1.3795915850662173,1.4811333143729544
scope_20260424_115654,sweep_211,28,2270.75,1.3796432296195378,1.4872151259118003
scope_20260424_115654,sweep_212,28,2270.75,1.3796432296195378,1.1957382414352995
scope_20260424_115654,sweep_213,28,2270.66,1.3796158886262484,1.4108998936818087
scope_20260424_115654,sweep_214,28,2270.49,1.4360242110824024,1.4001901761697477
scope_20260424_115654,sweep_215,28,2270.75,1.4361064302524265,1.504836814113408
scope_20260424_115654,sweep_216,28,2270.66,1.4360779703031952,1.1968985082869685
scope_20260424_115654,sweep_217,29,2449.58,1.4915842163846884,1.493305945757585
scope_20260424_115654,sweep_218,29,2449.48,1.491553770360481,1.4547560549718552
scope_20260424_115654,sweep_219,30,2459.22,1.4945163012877571,1.5792358123858206
scope_20260424_115654,sweep_220,30,2459.12,1.4944859149966856,1.5296807169242512
scope_20260424_115654,sweep_221,30,2459.12,1.4944859149966856,1.446251715359523
scope_20260424_115654,sweep_222,30,2459.22,1.4945163012877571,1.5786754031896049
scope_20260424_115654,sweep_227,33,2670.23,1.5573144050092804,1.336646116708794
scope_20260424_115654,sweep_228,34,2647.6,1.5507013021194915,1.3584811764775675
scope_20260424_115654,sweep_229,34,2636.32,1.486555728429482,1.5499176172846
scope_20260424_115654,sweep_230,34,2647.72,1.4897663505275818,1.5323720654887658
scope_20260424_115654,sweep_231,34,2647.49,1.4897016432129633,1.3788688770011908
scope_20260424_115654,sweep_232,34,2647.37,1.4896678817591154,1.4829783511394237
scope_20260424_115654,sweep_233,34,2647.25,1.431887666612664,1.5347902043653958
scope_20260424_115654,sweep_234,34,2647.49,1.431952572694718,1.4102816272384016
scope_20260424_115654,sweep_235,34,2647.49,1.3772164857864309,1.4727375412550427
scope_20260424_115654,sweep_236,34,2647.37,1.3771852736097943,1.4639323570902378
scope_20260424_115654,sweep_237,34,2647.37,1.3771852736097943,1.5343503139412649
scope_20260424_115654,sweep_238,35,2853.75,1.375960655525955,1.2458273022466295
scope_20260424_115654,sweep_239,36,2840.77,1.3728278786178871,1.492010725216267
scope_20260424_115654,sweep_240,36,2841.04,1.3728931170427243,1.5112638765063207
scope_20260424_115654,sweep_241,36,2828.32,1.3698162876005933,1.5181831833701687
scope_20260424_115654,sweep_242,36,2840.64,1.3217638797752647,1.503618163114884
scope_20260424_115654,sweep_243,36,2841.04,1.3218569374913112,1.5000668277430607
scope_20260424_115654,sweep_244,36,2841.04,1.3218569374913112,1.4687657440831443
scope_20260424_115654,sweep_245,36,2828.19,1.3188641756975352,1.5879675994896976
scope_20260424_115654,sweep_246,36,2828.45,1.3189247969438274,1.5366889998257631
scope_20260424_115654,sweep_247,36,2827.79,1.270419672941796,1.5267155015162481
scope_20260424_115654,sweep_248,37,2962.67,1.300365004153017,1.3629234058198139
scope_20260424_115654,sweep_249,37,2976.63,1.3034250414671984,1.4503600334431899
scope_20260424_115654,sweep_250,37,2962.82,1.300397922480367,1.5035025824594552
scope_20260424_115654,sweep_251,37,2962.96,1.30042864550076,1.3418166904500501
scope_20260424_115654,sweep_252,37,2962.82,1.300397922480367,1.2953622272505676
scope_20260424_115654,sweep_253,37,2962.67,1.300365004153017,1.3418020400188575
scope_20260424_115654,sweep_254,37,2962.82,1.300397922480367,1.4101594208778867
scope_20260424_115654,sweep_255,37,2962.67,1.300365004153017,1.3529665160482125
scope_20260424_115654,sweep_256,37,2962.82,1.3498901063611601,1.4319039176263963
scope_20260424_115654,sweep_257,37,2962.67,1.3498559351865993,1.4284915008393766
scope_20260424_115654,sweep_258,37,2962.67,1.3498559351865993,1.2481968180282483
scope_20260424_115654,sweep_259,37,2962.82,1.3498901063611601,1.3033548903697754
scope_20260424_115654,sweep_260,37,2976.78,1.353066526212738,0.9162620187392084
scope_20260424_115654,sweep_261,37,2962.52,1.3498217631469842,1.471039036165502
scope_20260424_115654,sweep_262,37,2976.78,1.353066526212738,1.3189544228965397
scope_20260424_115654,sweep_263,37,2962.96,1.3499219986770037,1.3584366532526675
scope_20260424_115654,sweep_264,37,2962.96,1.3499219986770037,1.3716221188866349
scope_20260424_115654,sweep_265,37,2962.52,1.3498217631469842,1.3068949400463705
scope_20260424_115654,sweep_266,37,2962.67,1.3498559351865993,1.3364997145353832
scope_20260424_115654,sweep_267,37,2962.52,1.3498217631469842,1.4072944012659367
scope_20260424_115654,sweep_268,37,2976.93,1.3531006163071027,1.4152499364738926
scope_20260424_115654,sweep_269,37,2976.63,1.353032435259462,1.3869509777494997
scope_20260424_115654,sweep_270,37,2962.67,1.4019731408559737,1.289129097121273
scope_20260424_115654,sweep_271,37,2962.82,1.4020086313610542,1.3837429755864235
scope_20260424_115654,sweep_272,37,2962.96,1.4020417550219182,1.3416760721808347
scope_20260424_115654,sweep_273,37,2962.82,1.4020086313610542,1.3450310052213856
scope_20260424_115654,sweep_274,37,2962.52,1.4019376494524394,1.4156584431042747
scope_20260424_115654,sweep_275,37,2962.67,1.4019731408559737,1.3372920668530157
scope_20260424_115654,sweep_276,37,2962.52,1.4019376494524394,1.319707630079406
scope_20260424_115654,sweep_277,37,2962.67,1.4019731408559737,1.148457962928117
scope_20260424_115654,sweep_278,37,2962.67,1.4019731408559737,1.3178243948195405
scope_20260424_115654,sweep_279,37,2962.52,1.4019376494524394,1.3790041742556878
scope_20260424_115654,sweep_280,37,2962.52,1.4019376494524394,1.3681568144095833
scope_20260424_115654,sweep_281,37,2976.93,1.46039171302564,1.382414592653626
scope_20260424_115654,sweep_282,37,2962.67,1.4568897521494961,1.319568770835779
scope_20260424_115654,sweep_283,37,2962.67,1.4568897521494961,1.035911501554012
scope_20260424_115654,sweep_284,37,2962.82,1.4569266328511612,1.3400758556618533
scope_20260424_115654,sweep_285,37,2962.82,1.4569266328511612,1.222801578614111
scope_20260424_115654,sweep_286,37,2962.52,1.4568528705141839,1.3552266795734575
scope_20260424_115654,sweep_287,37,2962.67,1.4568897521494961,1.378474477304255
scope_20260424_115654,sweep_288,37,2962.67,1.4568897521494961,1.399756785952427
scope_20260424_115654,sweep_289,37,2962.52,1.4568528705141839,1.3520221936827754
scope_20260424_115654,sweep_290,37,2962.38,1.45681844681214,1.216482772253236
scope_20260424_115654,sweep_291,37,2976.78,1.4603549198332442,1.298574681390699
scope_20260424_115654,sweep_292,37,2962.67,1.4568897521494961,1.3847987405998887
scope_20260424_115654,sweep_293,37,2962.67,1.4568897521494961,1.3812198424880398
scope_20260424_115654,sweep_294,37,2977.08,1.4604285052910893,1.4743232405288824
scope_20260424_115654,sweep_295,37,2962.82,1.4569266328511612,1.3535746773720396
scope_20260424_115654,sweep_296,37,2962.52,1.5147540256020255,1.3016532982423943
scope_20260424_115654,sweep_297,37,2962.96,1.5148665087288729,1.2842665294848705
scope_20260424_115654,sweep_298,37,2962.38,1.5147182337644949,1.3687691940861966
scope_20260424_115654,sweep_299,37,2962.67,1.5147923730609147,1.3615717333880686
scope_20260424_115654,sweep_300,37,2962.67,1.5147923730609147,1.4342437263163708
scope_20260424_115654,sweep_301,37,2963.11,1.5149048533404268,1.2030076280522162
scope_20260424_115654,sweep_302,37,2962.82,1.5148307195490502,1.4508334932692426
scope_20260424_115654,sweep_303,37,2962.82,1.5148307195490502,1.2942157856277294
scope_20260424_115654,sweep_304,37,2962.67,1.5147923730609147,1.3681230151594974
scope_20260424_115654,sweep_305,37,2962.82,1.5148307195490502,1.4349116271992948
scope_20260424_115654,sweep_306,37,2962.67,1.5147923730609147,1.1194658402120494
scope_20260424_115654,sweep_307,37,2963.11,1.5149048533404268,1.3868759124263579
scope_20260424_115654,sweep_308,37,2962.38,1.5147182337644949,1.3995473708437836
scope_20260424_115654,sweep_309,37,2962.82,1.5148307195490502,1.3806831023742057
scope_20260424_115654,sweep_310,37,2962.52,1.5147540256020255,1.3565473920510118
scope_20260424_115654,sweep_311,37,2962.52,1.5147540256020255,1.3194649872021114
scope_20260424_115654,sweep_312,37,2962.52,1.5758423875424432,1.4720404973740073
scope_20260424_115654,sweep_313,37,2962.67,1.5758822815121245,1.0682269982266508
scope_20260424_115654,sweep_314,37,2962.67,1.5758822815121245,1.314269324304836
scope_20260424_115654,sweep_315,37,2962.52,1.5758423875424432,1.3534788349030187
scope_20260424_115654,sweep_316,37,2962.52,1.5758423875424432,1.3521100701707969
scope_20260424_115654,sweep_317,37,2962.67,1.5758822815121245,1.412243762921457
scope_20260424_115654,sweep_318,37,2962.96,1.57595940698994,1.3306127818510654
scope_20260424_115654,sweep_319,37,2962.67,1.5758822815121245,1.3395375059971646
scope_20260424_115654,sweep_320,37,2976.93,1.5796702675880248,1.2649452907464471
scope_20260424_115654,sweep_321,37,2962.82,1.575922174471903,1.3858587025949207
scope_20260424_115654,sweep_322,37,2962.82,1.575922174471903,1.3375927337985958
scope_20260424_115654,sweep_323,37,2962.67,1.5758822815121245,1.3861285073223883
scope_20260424_115654,sweep_324,37,2976.78,1.579630469284899,1.4630658071373557
scope_20260424_115654,sweep_325,37,2962.67,1.5758822815121245,1.3660557169924457
scope_20260424_115654,sweep_326,37,2976.93,1.5796702675880248,1.4190977983859219
scope_20260424_115654,sweep_327,37,2962.38,1.5758051522595158,1.0986335122446442
scope_20260424_115654,sweep_328,37,2962.52,1.5758423875424432,1.2955616125281848
scope_20260424_115654,sweep_329,37,2962.96,1.57595940698994,1.4140413088487005
scope_20260424_115654,sweep_330,37,2976.63,1.5795906699790423,1.3376110187390176
scope_20260424_115654,sweep_331,37,2976.63,1.5795906699790423,1.307090113447956
scope_20260424_115654,sweep_332,37,2962.82,1.575922174471903,1.3739215192597092
scope_20260424_115654,sweep_333,37,2976.63,1.5795906699790423,1.0976037064059572
scope_20260424_115654,sweep_334,37,2976.93,1.6443197634415496,1.2922194966657525
scope_20260424_115654,sweep_335,37,2976.63,1.6442369082253323,1.3810924969777751
scope_20260424_115654,sweep_336,37,2976.93,1.6443197634415496,1.4766052774359202
scope_20260424_115654,sweep_337,37,2976.78,1.6442783363553253,1.4291208975255576
scope_20260424_115654,sweep_338,37,2962.67,1.6403767504621671,1.4519679752566044
scope_20260424_115654,sweep_339,37,2962.96,1.6404570323729168,1.3653173186388077
scope_20260424_115654,sweep_340,37,2962.67,1.6403767504621671,1.3162362075886713
scope_20260424_115654,sweep_341,37,2962.82,1.6404182760789565,1.3545677654307375
scope_20260424_115654,sweep_342,37,2962.52,1.640335223794143,1.3326547431538478
scope_20260424_115654,sweep_343,37,2962.82,1.6404182760789565,1.3743931761878903
scope_20260424_115654,sweep_344,37,2962.82,1.6404182760789565,1.402272633700098
scope_20260424_115654,sweep_345,37,2962.52,1.640335223794143,1.4786146616800098
scope_20260424_115654,sweep_346,37,2963.11,1.640498555957546,1.3709812497410143
scope_20260424_115654,sweep_347,37,2962.67,1.6403767504621671,1.3241441810364485
scope_20260424_115654,sweep_348,37,2962.82,1.6404182760789565,1.3904239401638792
scope_20260424_115654,sweep_349,37,2976.49,1.6441982410288905,1.4702996996885482
scope_20260424_115654,sweep_350,37,2976.63,1.6442369082253323,1.3723643885177403
scope_20260424_115654,sweep_351,37,2962.67,1.6403767504621671,1.468274903883347
scope_20260424_115654,sweep_352,37,2962.67,1.6403767504621671,0.9020543287331863
scope_20260424_115654,sweep_353,37,2976.49,1.5795535230554885,1.4081444675742936
scope_20260424_115654,sweep_354,37,2976.93,1.5796702675880248,1.4006428856936448
scope_20260424_115654,sweep_355,37,2962.52,1.5758423875424432,1.3574202128233241
scope_20260424_115654,sweep_356,37,2962.67,1.5758822815121245,1.3083534618130164
scope_20260424_115654,sweep_357,37,2962.52,1.5758423875424432,1.437594802764487
scope_20260424_115654,sweep_358,37,2976.63,1.5183570038914889,1.3170868845622272
scope_20260424_115654,sweep_359,37,2962.82,1.5148307195490502,1.3087998283270146
scope_20260424_115654,sweep_360,37,2977.22,1.5185074737594073,1.337273813681202
scope_20260424_115654,sweep_361,37,2962.82,1.4569266328511612,1.4193778857754236
scope_20260424_115654,sweep_362,37,2962.67,1.4568897521494961,1.316713661818636
scope_20260424_115654,sweep_363,37,2962.96,1.4569610539970879,1.2863691960794656
scope_20260424_115654,sweep_364,37,2962.52,1.4568528705141839,1.2997064810928922
scope_20260424_115654,sweep_365,37,2962.82,1.4569266328511612,1.4220324258716823
scope_20260424_115654,sweep_366,37,2976.63,1.460318125713832,0.925576297979496
scope_20260424_115654,sweep_367,37,2962.67,1.4019731408559737,1.2959512781944382
scope_20260424_115654,sweep_368,37,2962.52,1.4019376494524394,1.3637466411347678
scope_20260424_115654,sweep_369,37,2977.08,1.4053785027574583,1.324659280230633
scope_20260424_115654,sweep_370,37,2962.67,1.4019731408559737,1.2688060242463384
scope_20260424_115654,sweep_371,37,2962.67,1.4019731408559737,1.2120369877817827
scope_20260424_115654,sweep_372,37,2962.82,1.4020086313610542,1.2818964992023343
scope_20260424_115654,sweep_373,37,2962.96,1.4020417550219182,1.3576663515028684
scope_20260424_115654,sweep_374,37,2962.38,1.4019045233318093,1.368012570399175
scope_20260424_115654,sweep_375,37,2962.38,1.4019045233318093,1.3767188905817456
scope_20260424_115654,sweep_376,37,2976.63,1.4052722838741245,1.2927456913236575
scope_20260424_115654,sweep_377,37,2962.67,1.4019731408559737,1.2641516606068894
scope_20260424_115654,sweep_378,37,2962.67,1.4019731408559737,1.3685895138789175
scope_20260424_115654,sweep_379,37,2962.67,1.4019731408559737,1.3852817429095459
scope_20260424_115654,sweep_380,37,2962.82,1.4020086313610542,1.2780198664819198
scope_20260424_115654,sweep_381,37,2962.82,1.4020086313610542,1.346181948815007
scope_20260424_115654,sweep_382,37,2976.93,1.405343097355042,1.2088982763141811
scope_20260424_115654,sweep_383,37,2962.67,1.4019731408559737,1.4236574335733172
scope_20260424_115654,sweep_384,37,2976.49,1.4052392363618207,1.1877013176610431
scope_20260424_115654,sweep_385,37,2976.93,1.405343097355042,1.2277579230715427
scope_20260424_115654,sweep_386,37,2962.96,1.4020417550219182,1.3342537029832693
scope_20260424_115654,sweep_387,37,2962.67,1.4568897521494961,1.2989435819705142
scope_20260424_115654,sweep_388,37,2976.78,1.4603549198332442,1.3632539653003457
scope_20260424_115654,sweep_389,37,2976.93,1.46039171302564,1.3355943521222098
scope_20260424_115654,sweep_390,37,2976.93,1.46039171302564,1.2684533240304947
scope_20260424_115654,sweep_391,37,2976.63,1.460318125713832,1.2307825491477047
scope_20260424_115654,sweep_392,37,2976.78,1.4603549198332442,1.3003339661753353
scope_20260424_115654,sweep_393,37,2976.93,1.46039171302564,1.2541128848897545
scope_20260424_115654,sweep_394,37,2976.78,1.4603549198332442,1.3562663732447435
scope_20260424_115654,sweep_395,37,2976.63,1.460318125713832,1.2378323223494487
scope_20260424_115654,sweep_396,37,2977.08,1.4604285052910893,1.2995804778476068
scope_20260424_115654,sweep_397,37,2976.78,1.4603549198332442,1.4244540402761405
scope_20260424_115654,sweep_398,37,2962.67,1.4568897521494961,1.3729977177614807
scope_20260424_115654,sweep_399,37,2976.93,1.46039171302564,1.2757001452416485
scope_20260424_115654,sweep_400,37,2962.96,1.4569610539970879,1.3528096833412517
scope_20260424_115654,sweep_401,37,2977.08,1.4604285052910893,1.3822498659084719
scope_20260424_115654,sweep_402,37,2962.67,1.5147923730609147,1.2879034223556827
scope_20260424_115654,sweep_403,37,2976.63,1.5183570038914889,1.3423460678567711
scope_20260424_115654,sweep_404,37,2962.96,1.5148665087288729,1.3136926326370182
scope_20260424_115654,sweep_405,37,2976.63,1.5183570038914889,1.3308976857218158
scope_20260424_115654,sweep_406,37,2962.96,1.5148665087288729,1.3197552387044507
scope_20260424_115654,sweep_407,37,2962.67,1.5147923730609147,1.3149246837912492
scope_20260424_115654,sweep_408,37,2976.78,1.5183952603562467,1.228685475860831
scope_20260424_115654,sweep_409,37,2976.93,1.518433515857145,1.2051312721513159
scope_20260424_115654,sweep_410,37,2962.67,1.5147923730609147,1.396011226091973
scope_20260424_115654,sweep_411,37,2976.49,1.5183212969880344,1.3776681682403844
scope_20260424_115654,sweep_412,37,2976.93,1.518433515857145,1.3590924729824798
scope_20260424_115654,sweep_413,37,2962.82,1.5148307195490502,1.3047443079291534
scope_20260424_115654,sweep_414,37,2976.63,1.5183570038914889,1.2604107047133921
scope_20260424_115654,sweep_415,37,2962.96,1.5148665087288729,1.3707050140583183
scope_20260424_115654,sweep_416,37,2962.96,1.5148665087288729,1.2949617183581306
scope_20260424_115654,sweep_417,37,2962.82,1.5148307195490502,1.2619585974477354
scope_20260424_115654,sweep_418,37,2962.67,1.5758822815121245,1.3467133444802821
scope_20260424_115654,sweep_419,37,2976.34,1.579513721810803,1.3809422684680452
scope_20260424_115654,sweep_420,37,2963.11,1.5759992979974562,1.3736578454712596
scope_20260424_115654,sweep_421,37,2962.82,1.575922174471903,1.2915809787339858
scope_20260424_115654,sweep_422,37,2962.82,1.575922174471903,1.35675401219599
scope_20260424_115654,sweep_423,37,2962.52,1.5758423875424432,1.3152162096069713
scope_20260424_115654,sweep_424,37,2962.67,1.5758822815121245,1.3387144262019466
scope_20260424_115654,sweep_425,37,2962.82,1.575922174471903,1.2406076545538662
scope_20260424_115654,sweep_426,37,2962.96,1.57595940698994,1.2455915198271685
scope_20260424_115654,sweep_427,37,2962.52,1.5758423875424432,1.3520471218151235
scope_20260424_115654,sweep_428,37,2962.82,1.575922174471903,1.3818976170694057
scope_20260424_115654,sweep_429,37,2962.52,1.5758423875424432,1.3165965946359932
scope_20260424_115654,sweep_430,37,2962.52,1.5758423875424432,1.2941443275893894
scope_20260424_115654,sweep_431,37,2962.67,1.5758822815121245,1.3342510420005989
scope_20260424_115654,sweep_432,37,2976.78,1.579630469284899,1.326930494371198
scope_20260424_115654,sweep_433,37,2962.52,1.5758423875424432,1.3569023586425704
scope_20260424_115654,sweep_434,37,2976.49,1.5795535230554885,1.4316760559773216
scope_20260424_115654,sweep_435,37,2962.38,1.5758051522595158,1.329080426451422
scope_20260424_115654,sweep_436,37,2976.49,1.5795535230554885,1.3805643629140945
scope_20260424_115654,sweep_437,37,2976.63,1.5795906699790423,1.2667781345835418
scope_20260424_115654,sweep_438,37,2962.96,1.6404570323729168,1.356390109426508
scope_20260424_115654,sweep_439,37,2962.52,1.640335223794143,1.3452752551495266
scope_20260424_115654,sweep_440,37,2962.67,1.6403767504621671,1.3765134029636785
scope_20260424_115654,sweep_441,37,2962.82,1.6404182760789565,1.3561018596144043
scope_20260424_115654,sweep_442,37,2962.38,1.6402964646221367,1.2702276848730094
scope_20260424_115654,sweep_443,37,2962.67,1.6403767504621671,1.3245014930213153
scope_20260424_115654,sweep_444,37,2962.67,1.6403767504621671,1.373981921014442
scope_20260424_115654,sweep_445,37,2962.82,1.6404182760789565,1.4418599293708976
scope_20260424_115654,sweep_446,37,2962.67,1.6403767504621671,1.3235435426342794
scope_20260424_115654,sweep_447,37,2962.96,1.6404570323729168,1.4237882173833214
scope_20260424_115654,sweep_448,37,2962.52,1.640335223794143,1.4035334465111813
scope_20260424_115654,sweep_449,37,2962.67,1.6403767504621671,1.355812304096349
scope_20260424_115654,sweep_450,37,2962.67,1.6403767504621671,1.380410492623518
scope_20260424_115654,sweep_451,37,2962.67,1.6403767504621671,1.2994807206928691
scope_20260424_115654,sweep_452,37,2976.63,1.6442369082253323,1.429845990021529
scope_20260424_115654,sweep_453,37,2962.82,1.6404182760789565,1.3092532376637498
scope_20260424_115654,sweep_454,37,2962.96,1.6404570323729168,1.4065055725638254
scope_20260424_115654,sweep_455,37,2976.78,1.6442783363553253,1.4104311930562123
scope_20260424_115654,sweep_456,37,2962.67,1.5758822815121245,1.1938329591882082
scope_20260424_115654,sweep_457,37,2976.63,1.5795906699790423,1.2474850781350988
scope_20260424_115654,sweep_458,37,2962.67,1.5758822815121245,1.3042263393930533
scope_20260424_115654,sweep_459,37,2976.34,1.579513721810803,1.3566538707372648
scope_20260424_115654,sweep_460,37,2962.52,1.5147540256020255,1.3956020147274695
scope_20260424_115654,sweep_461,37,2962.67,1.5147923730609147,1.3828908517016534
scope_20260424_115654,sweep_462,37,2976.93,1.518433515857145,1.270027141892363
scope_20260424_115654,sweep_463,37,2962.52,1.4568528705141839,1.3720291183768114
scope_20260424_115654,sweep_464,37,2976.78,1.4603549198332442,1.390287393333986
scope_20260424_115654,sweep_465,37,2962.82,1.4569266328511612,1.4259521882016504
scope_20260424_115654,sweep_466,37,2962.82,1.4569266328511612,1.2852376662609692
scope_20260424_115654,sweep_467,37,2962.96,1.4569610539970879,1.3548695423069788
scope_20260424_115654,sweep_468,37,2962.52,1.4019376494524394,1.324585099056637
scope_20260424_115654,sweep_469,38,2840.77,1.3728278786178871,1.4468274769370946
scope_20260424_115654,sweep_470,38,2840.91,1.3728617063362694,1.4804794267163006
scope_20260424_115654,sweep_471,38,2841.04,1.3728931170427243,1.4502947861891597
scope_20260424_115654,sweep_472,38,2840.77,1.3728278786178871,1.441774879515214
scope_20260424_115654,sweep_473,38,2840.64,1.3727964664187238,1.4938328679003636
scope_20260424_115654,sweep_474,38,2840.91,1.3728617063362694,1.4814195015037652
scope_20260424_115654,sweep_475,38,2840.91,1.3728617063362694,1.3371347027275036
scope_20260424_115654,sweep_476,38,2840.91,1.3728617063362694,1.4535056949623943
scope_20260424_115654,sweep_477,38,2827.92,1.3697194198682872,1.4541323939174173
scope_20260424_115654,sweep_478,38,2840.77,1.3728278786178871,1.3729424770793919
scope_20260424_115654,sweep_479,38,2840.91,1.3728617063362694,1.347045026021013
scope_20260424_115654,sweep_480,39,2647.6,1.3253306439812607,1.3560913060792792
scope_20260424_115654,sweep_481,39,2647.49,1.3253031118984089,1.4493209553300153
scope_20260424_115654,sweep_482,39,2647.6,1.3253306439812607,1.2975957245000371
scope_20260424_115654,sweep_483,39,2647.6,1.3253306439812607,1.4163282280619798
scope_20260424_115654,sweep_484,39,2647.72,1.3253606783284502,1.4373007001365943
scope_20260424_115654,sweep_485,39,2647.6,1.3253306439812607,1.251271405454319
scope_20260424_115654,sweep_487,41,2647.6,1.3253306439812607,1.1952494879907298
scope_20260424_115654,sweep_488,41,2647.72,1.3253606783284502,1.3142959598833202
scope_20260424_115654,sweep_489,41,2647.37,1.3252730762466052,0.9161609513083304
scope_20260424_115654,sweep_501,43,2270.75,1.275468419459905,1.36536420997216
scope_20260424_115654,sweep_502,43,2278.77,1.2777188302340674,1.3639145865644997
scope_20260424_115654,sweep_503,43,2278.86,1.2777440617316111,1.309172833335694
scope_20260424_115654,sweep_504,43,2271.01,1.2755414376910978,1.3729920267063076
scope_20260424_115654,sweep_505,43,2270.83,1.2754908870531805,1.362310795884951
scope_20260424_115654,sweep_506,43,2270.83,1.2754908870531805,1.4079197742365048
scope_20260424_115654,sweep_507,43,2270.75,1.275468419459905,1.3843511839377214
scope_20260424_115654,sweep_508,43,2279.03,1.2777917198676152,1.2455827244015714
scope_20260424_115654,sweep_509,43,2278.86,1.2777440617316111,1.3355888576941193
scope_20260424_115654,sweep_510,43,2279.03,1.3285762692476097,1.3160829633530773
scope_20260424_115654,sweep_511,44,2060.16,1.2631704144077214,1.2094238581513133
scope_20260424_115654,sweep_512,44,2087.68,1.2715792583704775,1.154396008695851
scope_20260424_115654,sweep_513,44,2087.76,1.2716036216268551,1.1377803871136798
scope_20260424_115654,sweep_514,44,2087.9,1.271646256202347,1.1007619380933829
scope_20260424_115654,sweep_515,44,2087.76,1.2716036216268551,1.2885157031568575
scope_20260424_115654,sweep_516,44,2081.38,1.2696591839021316,1.1583045505912906
scope_20260424_115654,sweep_517,44,2080.88,1.269506672654293,1.1698827683020792
scope_20260424_115654,sweep_518,44,2087.54,1.271536621548551,0.9580074273863876
scope_20260424_115654,sweep_519,44,2087.68,1.2715792583704775,1.1454622949557056
scope_20260424_115654,sweep_520,44,2081.09,1.269570729609871,1.2406644010729644
scope_20260424_115654,sweep_521,44,2087.76,1.2716036216268551,1.1897719107599731
scope_20260424_115654,sweep_533,46,1709.35,1.1970095926215545,1.2585676715986764
scope_20260424_115654,sweep_534,46,1709.26,1.1969780799759806,1.2518709000776116
scope_20260424_115654,sweep_535,46,1713.99,1.1986331221719182,1.3870514742963547
scope_20260424_115654,sweep_536,46,1709.35,1.1970095926215545,1.0095128607550536
scope_20260424_115654,sweep_537,46,1709.4,1.1970270992884067,1.0966859918667768
scope_20260424_115654,sweep_538,46,1709.35,1.1970095926215545,1.2050437561790788
scope_20260424_115654,sweep_539,46,1713.94,1.1986156389622167,1.2493474788208636
scope_20260424_115654,sweep_540,46,1713.94,1.1986156389622167,1.0583997463962251
scope_20260424_115654,sweep_541,46,1713.99,1.1986331221719182,1.0491479848246028
scope_20260424_115654,sweep_542,46,1709.35,1.1970095926215545,1.1936441594200824
scope_20260424_115654,sweep_543,46,1714.04,1.1986506051266137,1.0523799712410336
scope_20260424_115654,sweep_544,47,1521.3,1.129248611558914,1.008497302049673
scope_20260424_115654,sweep_545,47,1521.34,1.1754796295581593,1.1251807910062048
scope_20260424_115654,sweep_546,47,1521.3,1.1754641762425788,1.2418968027420418
scope_20260424_115654,sweep_547,47,1521.22,1.1754332690019276,1.2646375298109631
scope_20260424_115654,sweep_548,47,1521.22,1.1754332690019276,1.023331942904334
scope_20260424_115654,sweep_549,47,1521.3,1.1754641762425788,1.051703477449615
scope_20260424_115654,sweep_550,47,1521.18,1.1754178150768408,1.0197261979969856
scope_20260424_115654,sweep_551,47,1525.01,1.176896607896814,1.1956402210967492
scope_20260424_115654,sweep_552,47,1521.18,1.1754178150768408,1.0139834521572455
scope_20260424_115654,sweep_553,48,1312.57,1.0918505627410913,1.1802704123901477
scope_20260424_115654,sweep_554,48,1332.24,1.100001303702937,0.9039183527397089
scope_20260424_115654,sweep_555,48,1335.05,1.1011607702671402,0.8686944590881693
scope_20260424_115654,sweep_556,48,1335.08,1.101173142327186,0.9543949429019999
scope_20260424_115654,sweep_557,48,1335.11,1.101185514248229,1.1043670185474284
scope_20260424_115654,sweep_558,48,1334.96,1.1011236532529394,0.9756259788095792
scope_20260424_115654,sweep_559,48,1332.24,1.100001303702937,0.9277351242765759
scope_20260424_115654,sweep_560,48,1334.99,1.1011360257300216,0.8500930679176951
scope_20260424_115654,sweep_561,48,1335.05,1.1011607702671402,0.9502755174277564
scope_20260424_115654,sweep_562,48,1335.05,1.1011607702671402,1.0276744344949418
scope_20260424_115654,sweep_563,48,1334.99,1.057842810801677,0.9596704678293434
scope_20260424_115654,sweep_564,49,1123.11,0.9702715106357395,0.7394210625223004
scope_20260424_115654,sweep_565,49,1145.83,0.9800364465990078,0.7214393080285466
scope_20260424_115654,sweep_566,49,1145.78,0.9420242624583548,0.7922684059640122
scope_20260424_115654,sweep_567,49,1145.67,0.9419790421036401,0.5914269443839253
scope_20260424_115654,sweep_568,49,1143.73,0.9411811624293542,0.6536213463328475
scope_20260424_115654,sweep_569,49,1143.69,0.9051888806656786,0.7223104507955179
scope_20260424_115654,sweep_570,49,1145.76,0.906007675056595,0.8438751058058278
scope_20260424_115654,sweep_571,49,1143.77,0.9052205386517396,0.91162260547291
scope_20260424_115654,sweep_572,49,1145.78,0.8718638524252474,0.8796496498775249
scope_20260424_115654,sweep_573,49,1145.8,0.8718714617398434,0.8109411107091148
scope_20260424_115654,sweep_574,49,1143.82,0.8711178171574607,0.3445139885990927
scope_20260424_115654,sweep_586,51,769.95,0.6168927622261825,0.45574439881141415
scope_20260424_115654,sweep_587,51,772.87,0.618833953279055,0.45717799004284676
scope_20260424_115654,sweep_588,51,772.9,0.618853890544827,0.3387409416101277
scope_20260424_115654,sweep_589,51,774.78,0.6201030303380423,0.5989471547450054
scope_20260424_115654,sweep_590,51,776.72,0.6213914962167254,0.46410876169671716
scope_20260424_115654,sweep_591,51,777.67,0.622022246397844,0.4816922903059835
scope_20260424_115654,sweep_592,51,777.67,0.622022246397844,0.4904265277870661
scope_20260424_115654,sweep_593,51,779.59,0.6232966260569772,0.44743614676141324
scope_20260424_115654,sweep_594,51,781.58,0.6246169045184823,0.5527985319542366
scope_20260424_115654,sweep_595,51,782.57,0.6252735135388341,0.2959497693602328
scope_20260424_115654,sweep_596,52,595.96,0.49874204653637577,0.29729349518945947
scope_20260424_115654,sweep_597,52,602.86,0.5035301151279279,0.2684827812927566
scope_20260424_115654,sweep_598,52,609.37,0.508039018426815,0.3316705263373814
scope_20260424_115654,sweep_599,52,613.57,0.510943639987942,0.3262285930435475
scope_20260424_115654,sweep_600,52,616.62,0.5130508296515504,0.2727511171407
scope_20260424_115654,sweep_601,52,622.13,0.5168531055997183,0.30251155150362075
scope_20260424_115654,sweep_602,52,628.42,0.5211866455191121,0.3737916579946803
scope_20260424_115654,sweep_603,52,632.23,0.5238079834362537,0.3045964072466546
scope_20260424_115654,sweep_604,52,636.15,0.5265022017330449,0.3124469325009338
scope_20260424_115654,sweep_605,52,637.46,0.5477646383744337,0.4022811252821296
scope_20260424_115654,sweep_606,53,428.46,0.39389783048306143,0.341542084295483
scope_20260424_115654,sweep_607,54,460.85,0.41845861638710374,0.23542136248375822
scope_20260424_115654,sweep_608,54,469.57,0.42501997172879213,0.2798126441973083
scope_20260424_115654,sweep_609,54,477.11,0.43067674744642886,0.2187232698676288
scope_20260424_115654,sweep_610,54,484.92,0.43652008753311433,0.2435873012361772
scope_20260424_115654,sweep_611,54,492.6,0.4422505806217935,0.2927171131767664
scope_20260424_115654,sweep_612,54,498.91,0.44694747377432076,0.27049316907380083
scope_20260424_115654,sweep_613,54,502.94,0.4499419444525299,0.28345016729386846
scope_20260424_115654,sweep_614,54,507.47,0.45330307312352963,0.24318020647177055
scope_20260424_115654,sweep_615,54,513.79,0.45798382586198844,0.3034129731020148
scope_20260424_115654,sweep_616,54,518.92,0.46177603814461693,0.24949781078393285
scope_20260424_115654,sweep_748,58,536.95,0.36834624567973384,0.20869735576602072
scope_20260424_115654,sweep_749,59,365.75,0.2678268742805728,0.25413844017096837
scope_20260424_115654,sweep_750,59,365.32,0.26756550184579275,0.20278132499837467
scope_20260424_115654,sweep_751,59,365.76,0.26783295208751867,0.20802188018521323
scope_20260424_115654,sweep_752,59,365.54,0.26769923380765787,0.22842405477317942
scope_20260424_115654,sweep_753,59,365.33,0.27706192263342616,0.23916962585442603
scope_20260424_115654,sweep_754,59,365.32,0.2770556279975946,0.21972747936592807
scope_20260424_115654,sweep_755,59,365.54,0.2771941032211278,0.2396451534774013
scope_20260424_115654,sweep_756,59,365.54,0.2771941032211278,0.3112217292744256
scope_20260424_115654,sweep_757,59,364.89,0.27678493093429657,0.20733326474949196
scope_20260424_115654,sweep_758,59,365.55,0.2772003972127755,0.22735270308490507
scope_20260424_115654,sweep_759,59,365.75,0.2773262709002098,0.26274977886629064
scope_20260424_115654,sweep_760,59,365.97,0.2874440365468491,0.3111485738801854
scope_20260424_115654,sweep_761,59,365.32,0.28702023272256333,0.2963359580691014
scope_20260424_115654,sweep_762,59,365.11,0.28688328409800073,0.27684664571076384
scope_20260424_115654,sweep_763,59,366.17,0.2875744119712114,0.20816855536774054
scope_20260424_115654,sweep_764,59,366.17,0.2875744119712114,0.23099753574207
scope_20260424_115654,sweep_765,59,365.12,0.2868898057646619,0.23266224197566931
scope_20260424_115654,sweep_766,59,365.76,0.287307129314584,0.33986960481657585
scope_20260424_115654,sweep_767,59,365.12,0.2868898057646619,0.22791537168601597
scope_20260424_115654,sweep_768,59,365.33,0.2974956946262686,0.2105896151794567
scope_20260424_115654,sweep_769,59,365.98,0.2979349541213058,0.21169841365135364
scope_20260424_115654,sweep_770,59,365.75,0.29777953901203824,0.21456581511746828
scope_20260424_115654,sweep_771,59,365.98,0.2979349541213058,0.25810759118400345
scope_20260424_115654,sweep_772,59,365.55,0.29764438193335163,0.2889662738309835
scope_20260424_115654,sweep_773,60,495.32,0.38300736273788943,0.4058176834091473
scope_20260424_115654,sweep_774,60,502.98,0.387917122950845,0.30622451060753164
scope_20260424_115654,sweep_775,60,509.14,0.3918562215463159,0.3483839711230516
scope_20260424_115654,sweep_776,60,513.75,0.40940311593485423,0.3093014765458385
scope_20260424_115654,sweep_777,60,519.32,0.4130838451523742,0.3274721319648949
scope_20260424_115654,sweep_778,60,523.69,0.41596690038018497,0.5754498051828257
scope_20260424_115654,sweep_779,60,528.15,0.41890511817036186,0.43385381312041177
scope_20260424_115654,sweep_780,60,532.18,0.42155642864841303,0.331144475160935
scope_20260424_115654,sweep_781,60,535.42,0.4236855283503119,0.4274605987514529
scope_20260424_115654,sweep_782,60,540.55,0.4270521319011488,0.4065503454677592
scope_20260424_115654,sweep_794,62,904.34,0.7050194934850654,0.7098467933828678
scope_20260424_115654,sweep_795,62,896.39,0.6998714747420441,0.6287860459350818
scope_20260424_115654,sweep_796,62,891.41,0.6966427263119672,0.4783796672476496
scope_20260424_115654,sweep_797,62,887.56,0.6941445038840195,0.7128013668899806
scope_20260424_115654,sweep_798,62,881.25,0.6900460248933625,0.8633401128702672
scope_20260424_115654,sweep_799,62,876.26,0.686801381238971,0.6922917507104474
scope_20260424_115654,sweep_800,62,872.59,0.6844130356731318,0.5429986765574668
scope_20260424_115654,sweep_801,62,867.73,0.6812476370816112,0.692523191682084
scope_20260424_115654,sweep_802,62,864.11,0.6788879126703513,0.6862003119805596
scope_20260424_115654,sweep_803,62,860.52,0.6765460837019439,0.6136543160738606
scope_20260424_115654,sweep_804,63,1068.95,0.8108200442171597,1.0438656123783114
scope_20260424_115654,sweep_815,65,1160.77,0.7845131152794075,0.7406452969438188
scope_20260424_115654,sweep_816,65,1152.21,0.7816150998566025,0.6842804769856297
scope_20260424_115654,sweep_825,67,1355.47,0.7613651062737588,0.8827829999675718
scope_20260424_115654,sweep_826,68,1332.09,0.7547702923358905,0.8826287038897873
scope_20260424_115654,sweep_827,68,1335.02,0.7555999142938563,0.7370142398535606
scope_20260424_115654,sweep_828,68,1335.08,0.7556168936220625,0.8810693274246951
scope_20260424_115654,sweep_829,68,1332.42,0.729007046915007,0.7323956469872579
scope_20260424_115654,sweep_830,68,1332.3,0.7289742183716847,0.873290507841012
scope_20260424_115654,sweep_831,68,1332.27,0.7289660110048519,0.7796893467886883
scope_20260424_115654,sweep_832,68,1332.33,0.7289824256461134,0.9429316294370576
scope_20260424_115654,sweep_833,68,1335.11,0.7297425658137348,0.890332736920662
scope_20260424_115654,sweep_834,68,1335.02,0.7297179693618385,0.8875187851618117
scope_20260424_115654,sweep_835,68,1332.21,0.7289495959939624,0.8391480455879499
scope_20260424_115654,sweep_836,69,1517.53,0.7780003594550517,1.080012361133446
scope_20260424_115654,sweep_837,69,1521.18,0.7789354302058077,1.0082857474950306
scope_20260424_115654,sweep_838,69,1521.34,0.7789763939286484,1.1346300913056702
scope_20260424_115654,sweep_839,69,1521.22,0.8065736451819154,0.9957256035344622
scope_20260424_115654,sweep_840,69,1521.26,0.8065842494119823,0.9502940166118667
scope_20260424_115654,sweep_841,69,1521.26,0.8065842494119823,1.0646233905295934
scope_20260424_115654,sweep_842,69,1521.26,0.8065842494119823,1.0522536021650992
scope_20260424_115654,sweep_843,69,1521.18,0.8065630408124304,0.9704819967583919
scope_20260424_115654,sweep_844,69,1521.18,0.8065630408124304,1.03715054656978
scope_20260424_115654,sweep_845,69,1521.3,0.8065948535026359,1.020277187488997
scope_20260424_115654,sweep_846,69,1524.89,0.8075460035768307,0.77186904953958
scope_20260424_115654,sweep_868,72,2080.73,1.0503522865489547,1.2847122923162675
scope_20260424_115654,sweep_869,72,2081.02,1.0504254799835717,1.2621784276460015
scope_20260424_115654,sweep_870,72,2087.61,1.052087365099992,1.3006941128527598
scope_20260424_115654,sweep_871,72,2080.88,1.0503901458588085,1.1993831773156463
scope_20260424_115654,sweep_872,72,2080.88,1.0898008723945414,1.2774681781184913
scope_20260424_115654,sweep_873,72,2080.95,1.0898192024807358,0.8275259451689682
scope_20260424_115654,sweep_874,72,2080.8,1.0897799233470804,1.1992745411896089
scope_20260424_115654,sweep_875,72,2087.54,1.0915434706207117,1.2205194909392614
scope_20260424_115654,sweep_876,72,2080.8,1.0897799233470804,0.914266812468774
scope_20260424_115654,sweep_877,72,2080.95,1.0898192024807358,0.9948947133793115
scope_20260424_115654,sweep_889,74,2459.12,1.2298032643066157,1.220175878264802
scope_20260424_115654,sweep_890,74,2459.02,1.2297782591062383,1.1933102695881563
scope_20260424_115654,sweep_891,74,2459.42,1.2298782768573966,1.181297637038345
scope_20260424_115654,sweep_892,74,2459.12,1.2298032643066157,1.124338928801933
scope_20260424_115654,sweep_893,74,2459.32,1.2298532731821636,1.2815332868704845
scope_20260424_115654,sweep_894,74,2459.12,1.2298032643066157,1.2488040478689741
scope_20260424_115654,sweep_895,74,2468.73,1.232203896561139,1.0325562923492053
scope_20260424_115654,sweep_896,74,2459.32,1.2298532731821636,1.017307852455599
scope_20260424_115654,sweep_897,74,2459.22,1.2298282689985802,0.9860314943292094
scope_20260424_115654,sweep_898,74,2459.02,1.2297782591062383,1.2828421192035946
scope_20260424_115654,sweep_899,74,2468.73,1.1870265435752527,0.6817995169532465
scope_20260424_115654,sweep_900,75,2647.72,1.2293050371325716,1.2981328939668795
scope_20260424_115654,sweep_901,75,2647.6,1.1848225383300914,0.9669010645514962
scope_20260424_115654,sweep_902,76,2658.51,1.1872611855480857,1.0173992759023067
scope_20260424_115654,sweep_921,80,2977.08,1.1283485277935184,1.0897202990130386
scope_20260424_115654,sweep_922,80,2976.63,1.1282632469098288,1.0392218356125837
scope_20260424_115654,sweep_923,80,2976.93,1.128320101548479,0.8129626561459412
scope_20260424_115654,sweep_924,80,2976.93,1.128320101548479,0.9893763911785614
scope_20260424_115654,sweep_925,80,2976.63,1.168842452473788,0.9432171154814244
scope_20260424_115654,sweep_926,80,2962.96,1.1661554434793528,1.0462232166324437
scope_20260424_115654,sweep_927,80,2976.78,1.1688719025833314,1.0182570611321577
scope_20260424_115654,sweep_928,80,2962.67,1.166098373293797,1.0733343954186079
scope_20260424_115654,sweep_929,80,2976.34,1.1687855134911849,0.9996831223875214
scope_20260424_115654,sweep_930,80,2962.52,1.1660688531362984,0.9600931803185926
scope_20260424_115654,sweep_931,80,2963.11,1.1661849614449518,1.036596153244956
scope_20260424_115654,sweep_932,80,2976.78,1.1688719025833314,1.0538661189493361
scope_20260424_115654,sweep_933,80,2976.93,1.1689013519508884,1.0882225044190508
scope_20260424_115654,sweep_934,80,2962.52,1.208599752153604,0.7749290501368752
scope_20260424_115654,sweep_935,80,2976.78,1.211505039313832,0.8900223266793571
scope_20260424_115654,sweep_936,80,2962.67,1.2086303490218255,0.9975498262429244
scope_20260424_115654,sweep_937,80,2976.78,1.211505039313832,1.0203713770168
scope_20260424_115654,sweep_938,80,2962.82,1.208660945115497,1.0503894563737888
scope_20260424_115654,sweep_939,80,2962.52,1.208599752153604,0.9018200821386058
scope_20260424_115654,sweep_940,80,2962.52,1.208599752153604,0.9881968913658257
scope_20260424_115654,sweep_941,80,2976.63,1.2114745150484771,0.9496383251212561
scope_20260424_115654,sweep_942,80,2976.78,1.2563206270214229,0.874143853233839
scope_20260424_115654,sweep_943,80,2976.63,1.2562889736126914,1.0405221011537316
scope_20260424_115654,sweep_944,80,2976.93,1.2563522796326567,1.035351177773368
scope_20260424_115654,sweep_945,80,2962.67,1.2533395971511787,0.9274672056015598
scope_20260424_115654,sweep_946,80,2962.82,1.2533713250452763,0.8440114237129746
scope_20260424_115654,sweep_947,80,2977.08,1.2563839314464529,0.971494207006747
scope_20260424_115654,sweep_948,80,2962.52,1.2533078684538796,0.9916123543933075
scope_20260424_115654,sweep_949,80,2962.38,1.2532782542783465,0.9108663297998294
scope_20260424_115654,sweep_950,80,2962.96,1.30042864550076,1.1484450615360038
scope_20260424_115654,sweep_951,80,2976.93,1.3034907227343524,1.1319235515802992
scope_20260424_115654,sweep_952,80,2976.49,1.3033943890764914,1.145918545762632
scope_20260424_115654,sweep_953,80,2976.93,1.3034907227343524,0.7670699142877853
scope_20260424_115654,sweep_954,80,2976.93,1.3034907227343524,0.9560155959335634
scope_20260424_115654,sweep_955,80,2962.67,1.300365004153017,1.0836595963452567
scope_20260424_115654,sweep_956,80,2962.67,1.300365004153017,1.0360258042661326
scope_20260424_115654,sweep_957,80,2962.82,1.300397922480367,1.0432498745425678
scope_20260424_115654,sweep_958,80,2976.63,1.3034250414671984,1.1207027633973692
scope_20260424_115654,sweep_959,80,2962.52,1.3498217631469842,1.3060742835859411
scope_20260424_115654,sweep_960,80,2976.78,1.353066526212738,1.022368842191302
scope_20260424_115654,sweep_961,80,2962.82,1.3498901063611601,0.9161934573137097
scope_20260424_115654,sweep_962,80,2962.82,1.3498901063611601,1.320110291428135
scope_20260424_115654,sweep_963,80,2976.34,1.352966523647397,1.5116574570728416
scope_20260424_115654,sweep_964,80,2976.63,1.353032435259462,0.9003133314557699
scope_20260424_115654,sweep_965,80,2976.63,1.353032435259462,1.0159612750689198
scope_20260424_115654,sweep_966,80,2962.67,1.3498559351865993,0.9972638711980619
scope_20260424_115654,sweep_967,80,2976.49,1.353000616261418,1.247500636915746
scope_20260424_115654,sweep_968,80,2962.52,1.3498217631469842,1.2311510220055082
scope_20260424_115654,sweep_969,80,2962.67,1.3498559351865993,1.095537913844169
scope_20260424_115654,sweep_970,80,2976.93,1.3531006163071027,1.2354528817855066
scope_20260424_115654,sweep_971,80,2962.52,1.3498217631469842,1.152224679755726
scope_20260424_115654,sweep_972,80,2976.63,1.353032435259462,0.8418464393728723
scope_20260424_115654,sweep_973,80,2962.82,1.3498901063611601,1.04598502761486
scope_20260424_115654,sweep_974,80,2976.93,1.3531006163071027,0.9989070933577427
scope_20260424_115654,sweep_975,80,2962.82,1.3498901063611601,1.0631126157614883
scope_20260424_115654,sweep_976,80,2976.78,1.3034578825144854,0.9860870467702104
scope_20260424_115654,sweep_977,80,2962.67,1.300365004153017,1.0504647835432426
scope_20260424_115654,sweep_978,80,2962.67,1.300365004153017,1.076296353130151
scope_20260424_115654,sweep_979,80,2962.96,1.2534009370218209,0.950299745317138
scope_20260424_115654,sweep_980,80,2976.93,1.2563522796326567,0.7352158525547774
scope_20260424_115654,sweep_981,80,2962.67,1.2533395971511787,1.0649448795332508
scope_20260424_115654,sweep_982,80,2976.78,1.211505039313832,1.0561559957572664
scope_20260424_115654,sweep_983,80,2962.82,1.208660945115497,0.9144011667340015
scope_20260424_115654,sweep_984,80,2962.52,1.208599752153604,0.7630252236243321
scope_20260424_115654,sweep_985,80,2976.63,1.168842452473788,1.046887854989928
scope_20260424_115654,sweep_986,80,2976.34,1.1687855134911849,0.9816832543205112
scope_20260424_115654,sweep_987,80,2962.67,1.166098373293797,0.9013652002637466
scope_20260424_115654,sweep_988,80,2962.52,1.1660688531362984,0.8980542386972521
scope_20260424_115654,sweep_989,80,2976.34,1.1687855134911849,1.016597735495932
scope_20260424_115654,sweep_990,80,2962.67,1.1256144351056017,0.9663337951063647
scope_20260424_115654,sweep_991,80,2976.93,1.128320101548479,1.0348294729259373
scope_20260424_115654,sweep_992,80,2976.63,1.1282632469098288,1.0288781042400412
scope_20260424_115654,sweep_993,80,2976.93,1.128320101548479,1.0362196736941367
scope_20260424_115654,sweep_994,80,2962.67,1.1256144351056017,0.9779286925108902
scope_20260424_115654,sweep_995,80,2962.67,1.1256144351056017,1.392194615880123
scope_20260424_115654,sweep_996,80,2962.96,1.125669523961008,1.1013946649976434
scope_20260424_115654,sweep_997,80,2977.08,1.1283485277935184,1.0269393243966956
scope_20260424_115654,sweep_998,80,2962.67,1.1256144351056017,1.0459891939782568
scope_20260424_115654,sweep_999,80,2976.63,1.1282632469098288,0.9870526519441549
scope_20260424_115654,sweep_1000,80,2962.96,1.125669523961008,0.9926525163498658
scope_20260424_115654,sweep_1001,80,2976.78,1.128291674587267,0.8829184269509474
scope_20260424_115654,sweep_1002,80,2976.63,1.1282632469098288,0.8272342580052113
scope_20260424_115654,sweep_1003,80,2976.93,1.1689013519508884,0.9815756880517986
scope_20260424_115654,sweep_1004,80,2962.67,1.166098373293797,1.020639480313949
scope_20260424_115654,sweep_1005,80,2976.93,1.1689013519508884,0.8264836727189889
scope_20260424_115654,sweep_1006,80,2962.96,1.1661554434793528,0.9578514053947205
scope_20260424_115654,sweep_1007,80,2962.96,1.1661554434793528,0.9867937142463584
scope_20260424_115654,sweep_1008,80,2962.67,1.166098373293797,0.9560449076230603
scope_20260424_115654,sweep_1009,80,2976.63,1.168842452473788,1.046764494790833
scope_20260424_115654,sweep_1010,80,2976.78,1.1688719025833314,0.8288781468720606
scope_20260424_115654,sweep_1011,80,2962.67,1.166098373293797,1.2295990279492375
scope_20260424_115654,sweep_1012,80,2962.52,1.208599752153604,1.2996767547952688
scope_20260424_115654,sweep_1013,80,2962.67,1.2086303490218255,0.9901662613374113
scope_20260424_115654,sweep_1014,80,2976.34,1.2114154992878925,0.9621512293983303
scope_20260424_115654,sweep_1015,80,2962.67,1.2086303490218255,1.1364341268496534
scope_20260424_115654,sweep_1016,80,2962.96,1.2086895007708263,0.940829048776189
scope_20260424_115654,sweep_1017,80,2962.23,1.2085405960118776,1.0240775312976056
scope_20260424_115654,sweep_1018,80,2962.82,1.208660945115497,1.3524145712481834
scope_20260424_115654,sweep_1019,80,2962.67,1.2086303490218255,0.9569146856057666
scope_20260424_115654,sweep_1020,80,2962.38,1.2532782542783465,1.0513647425717663
scope_20260424_115654,sweep_1021,80,2962.96,1.2534009370218209,1.0090951700374642
scope_20260424_115654,sweep_1022,80,2962.82,1.2533713250452763,0.9915611076403684
scope_20260424_115654,sweep_1023,80,2976.63,1.2562889736126914,0.9675116109360857
scope_20260424_115654,sweep_1024,80,2962.67,1.2533395971511787,1.06375263100392
scope_20260424_115654,sweep_1025,80,2976.49,1.2562594297116345,0.8935383390163717
scope_20260424_115654,sweep_1026,80,2976.93,1.2563522796326567,0.9286753262624788
scope_20260424_115654,sweep_1027,80,2976.78,1.2563206270214229,1.022790390865272
scope_20260424_115654,sweep_1028,80,2962.52,1.300332084992329,0.830280305573993
scope_20260424_115654,sweep_1029,80,2976.78,1.3034578825144854,0.9726680741150188
scope_20260424_115654,sweep_1030,80,2976.78,1.3034578825144854,1.0294245461449585
scope_20260424_115654,sweep_1031,80,2962.82,1.300397922480367,1.0412177018850888
scope_20260424_115654,sweep_1032,80,2962.82,1.300397922480367,0.8698861987321774
scope_20260424_115654,sweep_1033,80,2963.11,1.300461562217169,0.9901328350009487
scope_20260424_115654,sweep_1034,80,2963.11,1.300461562217169,1.0049245094694546
scope_20260424_115654,sweep_1035,80,2962.82,1.300397922480367,1.0107996866787252
scope_20260424_115654,sweep_1036,80,2962.96,1.30042864550076,0.9899636730207964
scope_20260424_115654,sweep_1037,80,2962.52,1.3498217631469842,1.038505526848871
scope_20260424_115654,sweep_1038,80,2976.78,1.353066526212738,1.0119727586485736
scope_20260424_115654,sweep_1039,80,2976.49,1.353000616261418,1.1183608101775593
scope_20260424_115654,sweep_1040,80,2962.82,1.3498901063611601,1.1252705326463648
scope_20260424_115654,sweep_1041,80,2976.78,1.353066526212738,0.8145527962853714
scope_20260424_115654,sweep_1042,80,2962.82,1.3498901063611601,0.9959283600750406
scope_20260424_115654,sweep_1043,80,2962.67,1.3498559351865993,1.2853446444423138
scope_20260424_115654,sweep_1044,80,2976.63,1.353032435259462,1.4134009298469927
scope_20260424_115654,sweep_1045,80,2963.11,1.3499561681793124,1.0448539739415372
scope_20260424_115654,sweep_1046,80,2962.96,1.3499219986770037,0.968522906828581
scope_20260424_115654,sweep_1047,80,2962.96,1.3499219986770037,1.0159975659050315
scope_20260424_115654,sweep_1048,80,2976.78,1.353066526212738,1.00475727149797
scope_20260424_115654,sweep_1049,80,2962.82,1.3498901063611601,0.8925116842323454
scope_20260424_115654,sweep_1050,80,2976.78,1.353066526212738,0.9956174094102995
scope_20260424_115654,sweep_1051,80,2962.67,1.3498559351865993,0.7364385115220213
scope_20260424_115654,sweep_1052,80,2962.96,1.3499219986770037,0.9200917612479382
scope_20260424_115654,sweep_1053,80,2977.08,1.3531347055426213,0.9165242041561698
scope_20260424_115654,sweep_1054,80,2962.82,1.300397922480367,1.011750906617016
scope_20260424_115654,sweep_1055,80,2976.93,1.3034907227343524,1.0429479769644372
scope_20260424_115654,sweep_1056,80,2976.78,1.3034578825144854,1.0365470147667668
scope_20260424_115654,sweep_1057,80,2962.82,1.2533713250452763,0.9739265201273507
scope_20260424_115654,sweep_1058,80,2962.82,1.2533713250452763,0.9764772947275376
scope_20260424_115654,sweep_1059,80,2962.67,1.2533395971511787,1.0070403167985238
scope_20260424_115654,sweep_1060,80,2977.08,1.211566085537451,1.0545571150492616
scope_20260424_115654,sweep_1061,80,2962.52,1.208599752153604,1.0403326787794385
scope_20260424_115654,sweep_1062,80,2962.67,1.2086303490218255,0.9283643460475136
scope_20260424_115654,sweep_1063,80,2976.63,1.168842452473788,1.1132315231392096
scope_20260424_115654,sweep_1064,80,2962.67,1.166098373293797,0.9522958780350855
scope_20260424_115654,sweep_1065,80,2962.82,1.1661278927040024,1.0076521714067035
scope_20260424_115654,sweep_1066,80,2962.82,1.1661278927040024,1.0264308172344336
scope_20260424_115654,sweep_1067,80,2976.93,1.128320101548479,0.953816250931634
scope_20260424_115654,sweep_1068,80,2962.96,1.125669523961008,1.0299821366973712
scope_20260424_115654,sweep_1069,80,2962.67,1.1256144351056017,0.8354517048674439
scope_20260424_115654,sweep_1070,80,2962.52,1.1255859398120929,0.8105981262882732
scope_20260424_115654,sweep_1071,80,2962.52,1.1255859398120929,0.6859115921437826
scope_20260424_115654,sweep_1072,80,2976.49,1.1282367137646425,1.0426315616429644
scope_20260424_115654,sweep_1073,80,2962.82,1.1256429296777613,1.0560532287877005
scope_20260424_115654,sweep_1074,80,2976.63,1.1282632469098288,1.0334538578836576
scope_20260424_115654,sweep_1075,80,2976.63,1.1282632469098288,0.938348286990598
scope_20260424_115654,sweep_1076,80,2976.63,1.1282632469098288,0.92933292315774
scope_20260424_115654,sweep_1077,80,2962.67,1.1256144351056017,0.9394404762020228
scope_20260424_115654,sweep_1078,80,2963.11,1.1256980171387139,0.9762525260645856
scope_20260424_115654,sweep_1079,80,2962.82,1.1256429296777613,1.0075804528579697
scope_20260424_115654,sweep_1080,80,2962.52,1.1255859398120929,0.8428102021894283
scope_20260424_115654,sweep_1081,80,2962.82,1.1256429296777613,0.9678703842788074
scope_20260424_115654,sweep_1082,80,2962.96,1.1661554434793528,0.9036093993811712
scope_20260424_115654,sweep_1083,80,2976.93,1.1689013519508884,1.0248033306880073
scope_20260424_115654,sweep_1084,80,2962.38,1.1660413003150245,1.0177390442832939
scope_20260424_115654,sweep_1085,80,2962.82,1.1661278927040024,1.0498432261431159
scope_20260424_115654,sweep_1086,80,2962.67,1.166098373293797,1.0133560094934915
scope_20260424_115654,sweep_1087,80,2976.78,1.1688719025833314,0.9730066680192108
scope_20260424_115654,sweep_1088,80,2962.67,1.166098373293797,0.65696018328416
scope_20260424_115654,sweep_1089,80,2962.52,1.1660688531362984,1.0203525672588964
scope_20260424_115654,sweep_1090,80,2976.63,1.168842452473788,0.9199202056153213
scope_20260424_115654,sweep_1091,80,2962.82,1.208660945115497,0.9379280585232457
scope_20260424_115654,sweep_1092,80,2976.78,1.211505039313832,0.642719406244957
scope_20260424_115654,sweep_1093,80,2962.82,1.208660945115497,1.0341872420393432
scope_20260424_115654,sweep_1094,80,2976.49,1.211446025040241,0.8307322081409467
scope_20260424_115654,sweep_1095,80,2962.52,1.208599752153604,0.9164854119375851
scope_20260424_115654,sweep_1096,80,2976.78,1.211505039313832,0.8200488558563834
scope_20260424_115654,sweep_1097,80,2976.78,1.211505039313832,0.9503180314190836
scope_20260424_115654,sweep_1098,80,2976.78,1.211505039313832,0.9411478034946076
scope_20260424_115654,sweep_1099,80,2963.11,1.253432663363234,1.0496503805066204
scope_20260424_115654,sweep_1100,80,2976.34,1.2562277747609027,0.9041465111261985
scope_20260424_115654,sweep_1101,80,2962.82,1.2533713250452763,1.0517703967578
scope_20260424_115654,sweep_1102,80,2976.93,1.2563522796326567,0.9932317860052556
scope_20260424_115654,sweep_1103,80,2962.82,1.2533713250452763,1.0623538825122316
scope_20260424_115654,sweep_1104,80,2962.67,1.2533395971511787,1.0167961544820951
scope_20260424_115654,sweep_1105,80,2962.38,1.2532782542783465,1.0213036998734308
scope_20260424_115654,sweep_1106,80,2976.63,1.2562889736126914,0.9754437772268574
scope_20260424_115654,sweep_1107,80,2962.52,1.300332084992329,1.0452216451910579
scope_20260424_115654,sweep_1108,80,2976.78,1.3034578825144854,1.0370128652082136
scope_20260424_115654,sweep_1109,80,2976.78,1.3034578825144854,0.9128600989790958
scope_20260424_115654,sweep_1110,80,2962.96,1.30042864550076,0.869076930462533
scope_20260424_115654,sweep_1111,80,2962.96,1.30042864550076,1.05945366482408
scope_20260424_115654,sweep_1112,80,2962.96,1.30042864550076,0.7669658416086148
scope_20260424_115654,sweep_1113,80,2962.82,1.300397922480367,0.7990796088686402
scope_20260424_115654,sweep_1114,80,2962.52,1.300332084992329,0.8388107603799929
scope_20260424_115654,sweep_1115,80,2962.82,1.300397922480367,0.9472077115222114
scope_20260424_115654,sweep_1116,80,2962.82,1.300397922480367,1.0437023576966262
scope_20260424_115654,sweep_1117,80,2976.63,1.353032435259462,0.8509559508475473
scope_20260424_115654,sweep_1118,80,2976.93,1.3531006163071027,0.8713235406877895
scope_20260424_115654,sweep_1119,80,2976.93,1.3531006163071027,0.9929495939103995
scope_20260424_115654,sweep_1120,80,2962.67,1.3498559351865993,1.0047664898906181
scope_20260424_115654,sweep_1121,80,2962.82,1.3498901063611601,1.0913880216534644
scope_20260424_115654,sweep_1122,80,2962.82,1.3498901063611601,1.0099530517051687
scope_20260424_115654,sweep_1123,80,2962.96,1.3499219986770037,0.9935364261349611
scope_20260424_115654,sweep_1124,80,2976.63,1.353032435259462,0.9656388907914124
scope_20260424_115654,sweep_1125,80,2962.96,1.3499219986770037,0.7776264086130058
scope_20260424_115654,sweep_1126,80,2976.63,1.353032435259462,0.9687046581075244
scope_20260424_115654,sweep_1127,80,2962.67,1.3498559351865993,1.0265026915760058
scope_20260424_115654,sweep_1128,80,2962.96,1.3499219986770037,0.9412931748668345
scope_20260424_115654,sweep_1129,80,2976.63,1.353032435259462,0.9110343475806614
scope_20260424_115654,sweep_1130,80,2962.96,1.3499219986770037,0.9532494399694618
scope_20260424_115654,sweep_1131,80,2962.67,1.3498559351865993,0.9850377693288576
scope_20260424_115654,sweep_1132,80,2977.08,1.3531347055426213,1.011618070326437
scope_20260424_115654,sweep_1133,80,2962.82,1.3498901063611601,0.8669550090639138
scope_20260424_115654,sweep_1134,80,2962.67,1.300365004153017,1.0335358857621162
scope_20260424_115654,sweep_1135,80,2962.96,1.30042864550076,1.0425405803183165
scope_20260424_115654,sweep_1136,80,2962.52,1.300332084992329,0.8129655681162277
scope_20260424_115654,sweep_1137,80,2962.82,1.2533713250452763,0.893911677282303
scope_20260424_115654,sweep_1138,80,2976.49,1.2562594297116345,1.0763846316089252
scope_20260424_115654,sweep_1139,80,2976.93,1.2563522796326567,0.8679856812013683
scope_20260424_115654,sweep_1140,80,2962.82,1.208660945115497,0.9831191147983626
scope_20260424_115654,sweep_1141,80,2962.67,1.2086303490218255,0.9821168733846118
scope_20260424_115654,sweep_1142,80,2976.34,1.2114154992878925,0.9860590556047352
scope_20260424_115654,sweep_1143,81,2827.92,1.1392711749114872,1.0009002141112158
scope_20260424_115654,sweep_1144,81,2840.91,1.141884787848822,1.066090942450336
scope_20260424_115654,sweep_1145,81,2841.04,1.1419109138655295,0.9567875988616309
scope_20260424_115654,sweep_1146,81,2841.04,1.1419109138655295,1.070038895886539
scope_20260424_115654,sweep_1147,81,2840.91,1.141884787848822,1.148636157291187
scope_20260424_115654,sweep_1148,81,2840.77,1.1022143235527522,1.0754274635444447
scope_20260424_115654,sweep_1149,81,2840.77,1.1022143235527522,1.1505978353809387
scope_20260424_115654,sweep_1150,81,2841.04,1.1022667020973766,1.006662122879231
scope_20260424_115654,sweep_1151,81,2841.04,1.1022667020973766,0.656184752573932
scope_20260424_115654,sweep_1152,81,2841.18,1.1022938603628774,1.097290224218053
scope_20260424_115654,sweep_1153,81,2840.91,1.1022414831088152,1.1636556742945894
scope_20260424_115654,sweep_1154,81,2840.77,1.1022143235527522,0.8566465290383758
scope_20260424_115654,sweep_1165,83,2469.03,1.0645271273002002,1.1472712776881082
scope_20260424_115654,sweep_1166,83,2459.12,1.0623886213317313,1.2333794566955325
scope_20260424_115654,sweep_1167,83,2459.12,1.0623886213317313,1.064802086216614
scope_20260424_115654,sweep_1168,83,2459.12,1.0623886213317313,0.6703335942262202
scope_20260424_115654,sweep_1169,83,2459.12,1.0623886213317313,0.8309001217544744
scope_20260424_115654,sweep_1170,83,2459.12,1.0623886213317313,1.1049844529012793
scope_20260424_115654,sweep_1171,83,2459.32,1.0624318224370544,1.0585872910435985
scope_20260424_115654,sweep_1172,83,2459.12,1.1011379139223576,1.0181879346394502
scope_20260424_115654,sweep_1173,83,2459.32,1.1011826907338176,0.9984403692462847
scope_20260424_115654,sweep_1174,83,2459.12,1.1011379139223576,0.9472853314299312
scope_20260424_115654,sweep_1175,83,2459.22,1.101160302555684,1.0375813504833473
scope_20260424_115654,sweep_1176,84,2270.58,1.058084273506902,1.0457804221070701
scope_20260424_115654,sweep_1177,84,2279.03,1.0600512839644993,0.9179939570798213
scope_20260424_115654,sweep_1178,84,2279.03,1.0600512839644993,1.029361266519103
scope_20260424_115654,sweep_1179,84,2270.66,1.0581029132369044,1.0249074891896388
scope_20260424_115654,sweep_1180,84,2278.94,1.0600303527881942,0.9758338843534597
scope_20260424_115654,sweep_1181,84,2270.58,1.0972245717496796,0.9432195188457972
scope_20260424_115654,sweep_1182,84,2278.77,1.0992016393795838,0.9219721107055796
scope_20260424_115654,sweep_1183,84,2270.66,1.097243900994317,1.0177247145595307
scope_20260424_115654,sweep_1184,84,2270.75,1.0972656459875292,0.9943477443058887
scope_20260424_115654,sweep_1185,84,2270.75,1.0972656459875292,0.9492804764941185
scope_20260424_115654,sweep_1186,85,2087.61,1.052087365099992,0.8662265280045953
scope_20260424_115654,sweep_1187,85,2087.83,1.0521428000525546,0.9745559179186261
scope_20260424_115654,sweep_1188,85,2087.83,1.0521428000525546,0.9365734213949009
scope_20260424_115654,sweep_1189,85,2081.02,1.0898375322586347,0.8374451853800133
scope_20260424_115654,sweep_1190,85,2080.88,1.0898008723945414,0.9271980733961821
scope_20260424_115654,sweep_1191,85,2080.88,1.0898008723945414,1.0731623703940807
scope_20260424_115654,sweep_1192,85,2087.9,1.0916375858734513,0.8392015717254364
scope_20260424_115654,sweep_1193,85,2080.8,1.0897799233470804,1.0548606774366278
scope_20260424_115654,sweep_1194,85,2087.83,1.0916192863209102,0.9354894013941291
scope_20260424_115654,sweep_1195,85,2087.83,1.0916192863209102,0.9582679246579446
scope_20260424_115654,sweep_1196,86,1874.06,1.0342258266781226,0.7571146096514834
scope_20260424_115654,sweep_1197,86,1896.87,1.0405007969354316,0.7216563938833123
scope_20260424_115654,sweep_1198,86,1896.93,1.040517252874463,0.822618152609118
scope_20260424_115654,sweep_1199,86,1896.81,1.0800844057828252,0.8934648936016976
scope_20260424_115654,sweep_1200,86,1896.87,1.0801014882929016,0.8806618177364409
scope_20260424_115654,sweep_1201,86,1896.99,1.0801356525025667,0.9362320427164744
scope_20260424_115654,sweep_1202,86,1896.87,1.0801014882929016,0.8262284563902166
scope_20260424_115654,sweep_1203,86,1896.81,1.0800844057828252,0.9658482146917199
scope_20260424_115654,sweep_1204,86,1896.81,1.0800844057828252,1.0115516059566008
scope_20260424_115654,sweep_1205,86,1896.93,1.080118570532811,0.88579488002125
scope_20260424_115654,sweep_1206,86,1896.81,1.0800844057828252,0.7733144822116007
scope_20260424_115654,sweep_1217,88,1499.25,0.9250403180175312,0.6618996176327743
scope_20260424_115654,sweep_1218,88,1521.41,0.931851624006324,0.786264793359426
scope_20260424_115654,sweep_1219,88,1521.3,0.931817936331241,0.61539213306258
scope_20260424_115654,sweep_1220,88,1521.22,0.8980967691927468,0.7522077018709693
scope_20260424_115654,sweep_1221,88,1524.93,0.8991912558473161,0.6617622808733155
scope_20260424_115654,sweep_1222,88,1521.3,0.8660825491427172,0.4654451976712498
scope_20260424_115654,sweep_1223,88,1524.89,0.867103848097575,0.7407279078820258
scope_20260424_115654,sweep_1224,88,1521.38,0.8661053210131796,0.6611314133180152
scope_20260424_115654,sweep_1225,88,1521.18,0.8355719512090619,0.7147434313171475
scope_20260424_115654,sweep_1226,88,1521.3,0.8356049080770105,0.7012842717336759
scope_20260424_115654,sweep_1227,88,1521.34,0.8356158934108099,0.5157426747871302
scope_20260424_115654,sweep_1228,89,1312.45,0.776130826557163,0.5257505567335521
scope_20260424_115654,sweep_1229,89,1332.21,0.7548042879350582,0.6878126350981568
scope_20260424_115654,sweep_1230,89,1334.99,0.7555914244866712,0.7126157077144503
scope_20260424_115654,sweep_1231,89,1332.21,0.7548042879350582,0.6337703583600162
scope_20260424_115654,sweep_1232,89,1334.99,0.7555914244866712,0.7046941212513522
scope_20260424_115654,sweep_1233,89,1332.39,0.7548552784631415,0.6726925554882301
scope_20260424_115654,sweep_1234,89,1334.96,0.7555829345840936,0.7282793160431035
scope_20260424_115654,sweep_1235,89,1332.42,0.7548637765496189,0.6060122866997105
scope_20260424_115654,sweep_1236,89,1332.33,0.7548382820031682,0.6885060521337686
scope_20260424_115654,sweep_1237,89,1335.14,0.7556338725687378,0.7097972790424532
scope_20260424_115654,sweep_1238,89,1335.11,0.7556253831430898,0.6170346052821204
scope_20260424_115654,sweep_1239,90,1147.95,0.700663509746459,0.5911020287974218
scope_20260424_115654,sweep_1240,90,1141.7,0.698753529446508,0.6366050507052937
scope_20260424_115654,sweep_1241,90,1141.66,0.6987412887589396,0.6211623758254933
scope_20260424_115654,sweep_1242,90,1143.64,0.6993469456143977,0.6096790486415021
scope_20260424_115654,sweep_1243,90,1143.73,0.6993744630092278,0.5277408402550051
scope_20260424_115654,sweep_1244,90,1143.69,0.699362233189638,0.5900699859900234
scope_20260424_115654,sweep_1245,90,1143.69,0.699362233189638,0.4629010211112285
scope_20260424_115654,sweep_1246,90,1143.73,0.6993744630092278,0.6651796658370647
scope_20260424_115654,sweep_1247,90,1145.76,0.6999948457702667,0.6956904040289055
scope_20260424_115654,sweep_1248,90,1145.67,0.6999673527641708,0.6396837126135586
scope_20260424_115654,sweep_1249,90,1143.66,0.6993530606845955,0.4680616237074846
scope_20260424_115654,sweep_1260,92,745.12,0.5186105086601716,0.4864082124923333
scope_20260424_115654,sweep_1261,93,770.04,0.5329660881935229,0.3429050617603628
scope_20260424_115654,sweep_1262,93,772.82,0.5540601154403882,0.47611398242666564
scope_20260424_115654,sweep_1263,93,774.78,0.5552261707715904,0.4178003236199905
scope_20260424_115654,sweep_1264,93,774.86,0.5552737542071233,0.5231305609572355
scope_20260424_115654,sweep_1265,93,775.72,0.5557852234144685,0.46570688305441715
scope_20260424_115654,sweep_1266,93,777.72,0.5569743141742717,0.5074872025365389
scope_20260424_115654,sweep_1267,93,778.73,0.5575746074067947,0.5156077536081816
scope_20260424_115654,sweep_1268,93,781.6,0.5592796694810815,0.3289139967576419
scope_20260424_115654,sweep_1269,93,780.64,0.5587094537854768,0.31977239209625435
scope_20260424_115654,sweep_1270,93,783.58,0.5604553635601518,0.43670252842390334
scope_20260424_115654,sweep_1271,94,598.22,0.4479674163560158,0.2966563312734349
scope_20260424_115654,sweep_1272,94,604.03,0.4682800793130121,0.42876908097604133
scope_20260424_115654,sweep_1273,94,607.58,0.4705632432954491,0.29625579920604045
scope_20260424_115654,sweep_1274,94,612.97,0.4740254652867464,0.3559754135457853
scope_20260424_115654,sweep_1275,94,618.48,0.47755942298257475,0.33357346425914486
scope_20260424_115654,sweep_1276,94,622.15,0.4799102859530336,0.37717312607402786
scope_20260424_115654,sweep_1277,94,626.55,0.48272565472202916,0.37368641917198164
scope_20260424_115654,sweep_1278,95,925.0,0.6669983490265496,0.3602065574280567
scope_20260424_115654,sweep_1279,96,630.37,0.4851671816022285,0.5423583792276124
scope_20260424_115654,sweep_1280,96,634.18,0.4875998129435442,0.3822328616878668
scope_20260424_115654,sweep_1281,96,636.15,0.48885665515711707,0.2940409251363091
scope_20260424_115654,sweep_1282,97,453.11,0.38271251147006174,0.32077012998627336
scope_20260424_115654,sweep_1283,97,462.93,0.3895842165582771,0.35259531379679926
scope_20260424_115654,sweep_1284,97,472.39,0.3961806046114995,0.2690206675145433
scope_20260424_115654,sweep_1285,97,480.43,0.40176919206870587,0.30425736434527534
scope_20260424_115654,sweep_1286,97,487.2,0.4064626790014924,0.4723687359175222
scope_20260424_115654,sweep_1287,97,491.82,0.4096592514735522,0.4207507879664079
scope_20260424_115654,sweep_1288,97,496.93,0.4131889157955299,0.4037747896959752
scope_20260424_115654,sweep_1289,97,502.55,0.41706373993994045,0.28696707294523455
scope_20260424_115654,sweep_1290,97,509.11,0.4215773640761187,0.2965798002889414
scope_20260424_115654,sweep_1291,97,513.32,0.42446885248361726,0.38996387748818256
scope_20260424_115654,sweep_1292,98,365.53,0.3324083253917846,0.23468465510252465
scope_20260424_115654,sweep_1293,98,365.56,0.33243096897661367,0.2328946714222864
scope_20260424_115654,sweep_1294,98,365.13,0.3321063807262934,0.25805573827024947
scope_20260424_115654,sweep_1295,98,365.95,0.3327253068432585,0.2979950365721812
scope_20260424_115654,sweep_1296,98,365.76,0.332581918137196,0.2386311269745534
scope_20260424_115654,sweep_1297,98,368.15,0.3343846774546884,0.2712985389901275
scope_20260424_115654,sweep_1298,98,377.53,0.34144086580022026,0.23006763368173702
scope_20260424_115654,sweep_1299,98,384.76,0.3468593539354984,0.25907748984966483
scope_20260424_115654,sweep_1300,98,392.02,0.3522829356083813,0.2341648190649355
scope_20260424_115654,sweep_1301,98,396.02,0.3552638268417804,0.2055687254504105
scope_20260424_115654,sweep_1302,98,400.62,0.35868553310963874,0.27359883506038035
scope_20260424_115654,sweep_1303,98,364.06,0.33129840212099004,0.2646566980610559
scope_20260424_115654,sweep_1304,98,364.26,0.33144945680223115,0.24298414540414273
scope_20260424_115654,sweep_1305,98,365.33,0.3322573600842759,0.2453784785981384
scope_20260424_115654,sweep_1306,98,364.91,0.33194028719346774,0.27558092997663963
scope_20260424_115654,sweep_1307,98,365.77,0.3325894652268328,0.2117521400573387
scope_20260424_115654,sweep_1308,98,365.98,0.3327479460082045,0.19792871467472217
scope_20260424_115654,sweep_1309,98,365.74,0.33256682385268765,0.24210181280951698
scope_20260424_115654,sweep_1310,98,365.55,0.32023549488239406,0.29242410583707407
scope_20260424_115654,sweep_1311,98,366.19,0.32070077677830594,0.2882991489420746
scope_20260424_115654,sweep_1312,98,366.2,0.32070804571046874,0.29060080970149743
scope_20260424_115654,sweep_1313,98,365.13,0.3083603713408785,0.2535881533493521
scope_20260424_115654,sweep_1314,98,365.33,0.30850055549148253,0.21750134154603795
scope_20260424_115654,sweep_1315,98,364.47,0.2969143162666168,0.20448894408434673
scope_20260424_115654,sweep_1316,98,364.46,0.2969075546824743,0.2725730633860854
scope_20260424_115654,sweep_1317,98,363.83,0.2860482597245468,0.23345813909216737
scope_20260424_115654,sweep_1318,98,365.12,0.2868898057646619,0.2644512988220777
scope_20260424_115654,sweep_1319,98,365.32,0.28702023272256333,0.2635803096885682
scope_20260424_115654,sweep_1320,98,364.27,0.28633535559631085,0.2918320114896224
scope_20260424_115654,sweep_1321,98,365.54,0.2771941032211278,0.24331194292159133
scope_20260424_115654,sweep_1322,98,365.53,0.2771878092002089,0.29223416406607416
scope_20260424_115654,sweep_1323,98,364.91,0.27679752269742486,0.30739087785078256
scope_20260424_115654,sweep_1324,98,365.52,0.26768707692209603,0.3068837883491007
scope_20260424_115654,sweep_1325,98,365.75,0.2678268742805728,0.3173233044691562
scope_20260424_115654,sweep_1326,98,364.91,0.26731623755663864,0.24295699757261832
scope_20260424_115654,sweep_1327,98,365.32,0.26756550184579275,0.32675357473047484
scope_20260424_115654,sweep_1328,98,364.9,0.26731015734524416,0.2437119635036281
scope_20260424_115654,sweep_1329,98,365.32,0.26756550184579275,0.2113416583036155
scope_20260424_115654,sweep_1330,98,365.1,0.26743175619228277,0.29505054859278634
scope_20260424_115654,sweep_1331,98,365.76,0.26783295208751867,0.30630575800194276
scope_20260424_115654,sweep_1332,98,365.12,0.2674439154540806,0.2179618236615015
scope_20260424_115654,sweep_1333,98,366.19,0.2680942710748705,0.27281539511678904
scope_20260424_115654,sweep_1334,98,365.54,0.26769923380765787,0.22354502575199842
scope_20260424_115654,sweep_1335,98,365.33,0.2675715808682887,0.25110148049234693
scope_20260424_115654,sweep_1336,98,365.77,0.2678390298662157,0.25169717852472
scope_20260424_115654,sweep_1337,98,365.76,0.26783295208751867,0.3604580689421524
scope_20260424_115654,sweep_1338,98,365.55,0.2677053122080354,0.2581940265113958
scope_20260424_115654,sweep_1339,98,365.54,0.26769923380765787,0.26660934581885803
scope_20260424_115654,sweep_1340,98,365.32,0.26756550184579275,0.2675059589435512
scope_20260424_115654,sweep_1341,98,366.4,0.2682218730141698,0.340465276525323
scope_20260424_115654,sweep_1342,98,365.75,0.2678268742805728,0.29292813082013114
scope_20260424_115654,sweep_1343,98,366.19,0.2680942710748705,0.1741368941729347
scope_20260424_115654,sweep_1344,99,227.31,0.18046980321834552,0.055647708039982494
scope_20260424_115654,sweep_1345,99,227.31,0.18687078237043378,0.10281015107718325
scope_20260424_115654,sweep_1346,99,227.31,0.18687078237043378,0.05316767111124258
scope_20260424_115654,sweep_1347,99,227.31,0.18687078237043378,0.03805307717172313
scope_20260424_115654,sweep_1348,99,227.31,0.18687078237043378,0.08254689217147185
scope_20260424_115654,sweep_1349,99,227.31,0.18687078237043378,0.08491639785171089
scope_20260424_115654,sweep_1350,99,227.31,0.18687078237043378,0.0704999986101224
scope_20260424_115654,sweep_1351,99,227.31,0.18687078237043378,0.13905391210401635
scope_20260424_115654,sweep_1352,99,227.31,0.18687078237043378,0.10696974151733617
scope_20260424_115654,sweep_1353,99,227.31,0.18687078237043378,0.18164826992268257
scope_20260424_115654,sweep_1354,99,227.31,0.18687078237043378,0.1313650416042958
scope_20260424_115654,sweep_1355,99,227.31,0.18687078237043378,0.13574135022348718
scope_20260424_115654,sweep_1356,99,227.31,0.18687078237043378,0.507034013831906
scope_20260424_115654,sweep_1357,99,227.31,0.18687078237043378,0.17704343216964244
scope_20260424_115654,sweep_1358,99,227.31,0.18687078237043378,0.0733016578445694
scope_20260424_115654,sweep_1359,99,227.31,0.18687078237043378,0.005061774933728466
scope_20260424_115654,sweep_1360,99,227.31,0.18687078237043378,0.10074279971594595
scope_20260424_115654,sweep_1361,99,227.31,0.18687078237043378,0.42382690802190554
scope_20260424_115654,sweep_1362,99,227.31,0.18687078237043378,0.0729237662436087
scope_20260424_115654,sweep_1363,99,227.31,0.18687078237043378,0.10527833772450836
scope_20260424_115654,sweep_1364,99,227.31,0.18687078237043378,0.07537034356936295
scope_20260424_115654,sweep_1365,99,227.31,0.18046980321834552,0.1237026790845507
scope_20260424_115654,sweep_1366,99,227.31,0.18046980321834552,0.047867808501317395
scope_20260424_115654,sweep_1367,99,227.31,0.18046980321834552,0.06278002429781562
scope_20260424_115654,sweep_1368,99,227.31,0.17437023861977408,0.0767412125772304
scope_20260424_115654,sweep_1369,99,227.31,0.17437023861977408,0.06210040615943872
scope_20260424_115654,sweep_1370,99,227.31,0.16855473063225593,0.08303427715623983
scope_20260424_115654,sweep_1371,99,227.31,0.16855473063225593,0.07685713189536969
scope_20260424_115654,sweep_1372,99,227.31,0.16855473063225593,0.04353638945326758
scope_20260424_115654,sweep_1373,99,227.31,0.163007083253015,0.06233541081416122
scope_20260424_115654,sweep_1374,99,227.31,0.163007083253015,0.06253950560456029
scope_20260424_115654,sweep_1375,99,227.31,0.163007083253015,0.10700442843490057
scope_20260424_115654,sweep_1376,99,227.31,0.15771217467390153,0.027691169602085564
scope_20260424_115654,sweep_1377,99,227.31,0.15771217467390153,0.1191486426614613
scope_20260424_115654,sweep_1378,99,227.31,0.15771217467390153,0.020975899922331953
scope_20260424_115654,sweep_1379,99,227.31,0.15771217467390153,0.07053076832721887
scope_20260424_115654,sweep_1380,99,227.31,0.15771217467390153,0.05853865510036161
scope_20260424_115654,sweep_1381,99,227.31,0.15265587686545332,0.026730816531321006
scope_20260424_115654,sweep_1382,99,227.31,0.15265587686545332,0.031501381971478296
scope_20260424_115654,sweep_1383,99,227.31,0.15265587686545332,0.0861930239146234
scope_20260424_115654,sweep_1384,99,227.31,0.15265587686545332,0.046260014615924175
scope_20260424_115654,sweep_1385,99,227.31,0.15265587686545332,0.04452310804196894
scope_20260424_115654,sweep_1386,99,227.31,0.15265587686545332,0.05806713688416919
scope_20260424_115654,sweep_1387,99,227.31,0.15265587686545332,0.07862942045605983
scope_20260424_115654,sweep_1388,99,227.31,0.15265587686545332,0.06393340418814995
scope_20260424_115654,sweep_1389,99,227.31,0.15265587686545332,0.04538879215342645
scope_20260424_115654,sweep_1390,99,227.31,0.15265587686545332,0.05210622116316325
scope_20260424_115654,sweep_1391,99,227.31,0.15265587686545332,0.006271559785613692
scope_20260424_115654,sweep_1392,99,227.31,0.15265587686545332,0.06246500994825896
scope_20260424_115654,sweep_1393,99,227.31,0.15265587686545332,0.04272196361792272
scope_20260424_115654,sweep_1394,99,227.31,0.15265587686545332,0.04193148270277446
scope_20260424_115654,sweep_1395,99,227.31,0.15265587686545332,0.06108503102416638
scope_20260424_115654,sweep_1396,99,227.31,0.15265587686545332,0.26120077920210466
scope_20260424_115654,sweep_1397,100,363.2,0.23269812154151867,0.23089609353956492
scope_20260424_115654,sweep_1398,100,363.19,0.23269280381319019,0.24069836922463306
scope_20260424_115654,sweep_1399,100,363.61,0.23291612698173164,0.3123595199089416
scope_20260424_115654,sweep_1400,100,363.84,0.2330384044179351,0.24861259166377375
scope_20260424_115654,sweep_1401,100,363.62,0.23292144366536185,0.20771498284114698
scope_20260424_115654,sweep_1402,100,363.41,0.23280978808801717,0.2442295594136314
scope_20260424_115654,sweep_1403,100,363.63,0.2329267603241356,0.2240333985974555
scope_20260424_115654,sweep_1404,100,364.25,0.24108751573137163,0.3396570260180099
scope_20260424_115654,sweep_1405,100,365.12,0.24156535782992408,0.27902331509767564
scope_20260424_115654,sweep_1406,100,364.9,0.24144454249797356,0.2932402404441752
scope_20260424_115654,sweep_1407,100,364.89,0.24143905059780674,0.30247788727936137
scope_20260424_115654,sweep_1408,100,363.84,0.24086225853298227,0.24245897746656359
scope_20260424_115654,sweep_1409,100,363.84,0.24086225853298227,0.2698497000654539
scope_20260424_115654,sweep_1410,100,364.06,0.240983133611206,0.27415084793141503
scope_20260424_115654,sweep_1411,100,364.91,0.24966734385183326,0.2948647326316894
scope_20260424_115654,sweep_1412,100,364.48,0.24942313239103603,0.2107885662869224
scope_20260424_115654,sweep_1413,100,363.62,0.24893456245003545,0.2591063133138156
scope_20260424_115654,sweep_1414,100,363.83,0.24905388252249244,0.25333397896241144
scope_20260424_115654,sweep_1415,100,364.68,0.24953672520606607,0.29042435271835026
scope_20260424_115654,sweep_1416,100,364.48,0.24942313239103603,0.28320246247555975
scope_20260424_115654,sweep_1417,100,364.26,0.25789950177100013,0.29992502391811204
scope_20260424_115654,sweep_1418,100,365.11,0.2583989034137302,0.27412877036524663
scope_20260424_115654,sweep_1419,100,364.91,0.2582814149428462,0.3248671717500966
scope_20260424_115654,sweep_1420,100,365.54,0.2586514665885495,0.25414224640927024
scope_20260424_115654,sweep_1421,100,365.77,0.25878653778414085,0.23821246058689122
scope_20260424_115654,sweep_1422,100,365.75,0.2587747930360926,0.2144827967870741
scope_20260424_115654,sweep_1423,100,364.25,0.257893625279319,0.22216613474234187
scope_20260424_115654,sweep_1424,100,364.25,0.2669148828024053,0.24229712207588303
scope_20260424_115654,sweep_1425,100,364.25,0.2669148828024053,0.2513979241207556
scope_20260424_115654,sweep_1426,100,364.69,0.2671824663611128,0.25553015513432203
scope_20260424_115654,sweep_1427,100,364.27,0.26692704688305297,0.23636563759446308
scope_20260424_115654,sweep_1428,100,364.91,0.26731623755663864,0.29535247948431526
scope_20260424_115654,sweep_1429,100,364.25,0.2669148828024053,0.25335436061615196
scope_20260424_115654,sweep_1430,100,364.69,0.2671824663611128,0.23681163902029195
scope_20260424_115654,sweep_1431,100,365.53,0.26769315537901167,0.22501294840559352
scope_20260424_115654,sweep_1432,100,364.89,0.27678493093429657,0.2992276842072305
scope_20260424_115654,sweep_1433,100,365.31,0.2770493333324711,0.23331364266085847
scope_20260424_115654,sweep_1434,100,364.46,0.276514179635633,0.23531035687422128
scope_20260424_115654,sweep_1435,100,365.13,0.27693602435027004,0.24334872318983639
scope_20260424_115654,sweep_1436,100,365.11,0.27692343387726487,0.25640251746097736
scope_20260424_115654,sweep_1437,100,364.91,0.27679752269742486,0.22651188094833316
scope_20260424_115654,sweep_1438,100,364.69,0.27665900684867484,0.3225957103343663
scope_20260424_115654,sweep_1439,100,364.69,0.27665900684867484,0.22897084819131294
scope_20260424_115654,sweep_1440,100,364.9,0.28674632208211714,0.34233378543949544
scope_20260424_115654,sweep_1441,100,365.76,0.287307129314584,0.3153209922817983
scope_20260424_115654,sweep_1442,100,365.11,0.28688328409800073,0.25808679091399045
scope_20260424_115654,sweep_1443,100,365.12,0.2868898057646619,0.26824465122485414
scope_20260424_115654,sweep_1444,100,364.05,0.2861918150339945,0.19421956918198635
scope_20260424_115654,sweep_1445,100,363.42,0.2758591146131881,0.28330917493308144
scope_20260424_115654,sweep_1446,100,363.84,0.2761236984144097,0.22719456872552418
scope_20260424_115654,sweep_1447,100,363.81,0.2761048012940288,0.25275954415114993
scope_20260424_115654,sweep_1448,100,364.25,0.2763819325233671,0.2904195668820171
scope_20260424_115654,sweep_1449,101,507.87,0.3641854900684426,0.290626916420504
scope_20260424_115654,sweep_1450,101,512.47,0.3543528791965507,0.2972139053498818
scope_20260424_115654,sweep_1451,101,518.05,0.3575523590174172,0.34196889904203787
scope_20260424_115654,sweep_1452,101,522.84,0.34811687879762615,0.30583351446737145
scope_20260424_115654,sweep_1453,101,527.68,0.35078951037707823,0.27598418292587773
scope_20260424_115654,sweep_1454,101,532.65,0.3535295944629221,0.23757983206616967
scope_20260424_115654,sweep_1455,101,535.38,0.3431919837144187,0.3177413586976856
scope_20260424_115654,sweep_1456,101,540.07,0.34568545014742824,0.2917101383435542
scope_20260424_115654,sweep_1457,101,542.92,0.34719887043516245,0.34454036899912077
scope_20260424_115654,sweep_1458,101,546.72,0.337720951871378,0.3152915082679292
scope_20260424_115654,sweep_1470,103,906.96,0.48141352715309943,0.5375649712983444
scope_20260424_115654,sweep_1471,103,902.99,0.4796638392556199,0.5811848550325204
scope_20260424_115654,sweep_1472,103,896.47,0.4767874547462527,0.40823723429177194
scope_20260424_115654,sweep_1473,103,892.67,0.4751093948581987,0.4099895070898741
scope_20260424_115654,sweep_1474,103,888.84,0.4890974636339999,0.47632962101016535
scope_20260424_115654,sweep_1475,103,884.99,0.4873384436231187,0.4782506394955528
scope_20260424_115654,sweep_1476,103,881.29,0.4856467306275321,0.3405054843482905
scope_20260424_115654,sweep_1477,103,877.53,0.4839263470210474,0.48785019885447195
scope_20260424_115654,sweep_1478,103,872.6,0.48166873087224565,0.459765476958031
scope_20260424_115654,sweep_1479,103,867.69,0.47941811720149247,0.4738520746042034
scope_20260424_115654,sweep_1480,103,864.06,0.4777528296831601,0.5638211970247808
scope_20260424_115654,sweep_1481,104,1047.27,0.5648084192542911,0.5920714163669842
scope_20260424_115654,sweep_1482,104,1038.55,0.5624520906649192,0.45574161756286763
scope_20260424_115654,sweep_1483,104,1028.35,0.5784736255327227,0.5361954797359025
scope_20260424_115654,sweep_1484,104,1021.61,0.5765747964327997,0.505702827938672
scope_20260424_115654,sweep_1485,104,1014.95,0.5746923427739878,0.596780342474252
scope_20260424_115654,sweep_1486,104,1011.5,0.5737147693308515,0.49853755911768544
scope_20260424_115654,sweep_1487,104,1003.46,0.5714301082302203,0.661953603886831
scope_20260424_115654,sweep_1488,104,997.09,0.5561124346699781,0.5660581465234544
scope_20260424_115654,sweep_1489,104,993.85,0.5546121577183027,0.5059062549112671
scope_20260424_115654,sweep_1490,104,987.57,0.5704780035862068,0.5429558669257084
scope_20260424_115654,sweep_1491,105,1196.41,0.6451899193493982,0.641170110972014
scope_20260424_115654,sweep_1492,105,1162.81,0.636065638868445,0.6764629955325336
scope_20260424_115654,sweep_1493,105,1152.12,0.6331351337146764,0.4098574130420296
scope_20260424_115654,sweep_1494,106,1143.71,0.6308200888111795,0.553388356383968
scope_20260424_115654,sweep_1495,106,1143.62,0.6307952683038228,0.5570051068673253
scope_20260424_115654,sweep_1496,106,1143.75,0.6308311198343122,0.7171989902165586
scope_20260424_115654,sweep_1497,106,1143.66,0.6525705009855853,0.682827201255611
scope_20260424_115654,sweep_1498,106,1143.71,0.652584765788251,0.6063671557008978
scope_20260424_115654,sweep_1499,106,1145.72,0.6531579528632508,0.6897033340990295
scope_20260424_115654,sweep_1500,106,1143.62,0.6525590889189384,0.6055714628634268
scope_20260424_115654,sweep_1501,106,1143.69,0.6525790599046026,0.7408535109949396
scope_20260424_115654,sweep_1502,107,1329.4,0.7035691839119615,0.7244692729122446
scope_20260424_115654,sweep_1503,107,1332.24,0.7043203011320938,0.6445402619075404
scope_20260424_115654,sweep_1504,107,1332.18,0.728941388349899,0.7256313036824812
scope_20260424_115654,sweep_1505,107,1332.3,0.7289742183716847,0.6892951279741908
scope_20260424_115654,sweep_1506,107,1332.21,0.7289495959939624,0.8117696205312012
scope_20260424_115654,sweep_1507,107,1329.4,0.728180411841706,0.7838610756588501
scope_20260424_115654,sweep_1508,107,1332.27,0.7289660110048519,0.7226675047309584
scope_20260424_115654,sweep_1509,107,1332.21,0.7289495959939624,0.7148179095783092
scope_20260424_115654,sweep_1510,107,1335.05,0.7297261682712548,0.7872891061373687
scope_20260424_115654,sweep_1511,107,1332.3,0.7548297836296661,0.60002521022565
scope_20260424_115654,sweep_1512,108,1543.89,0.8125614064061768,0.8483505276277216
scope_20260424_115654,sweep_1513,108,1521.14,0.8065524363035216,0.8714512835185604
scope_20260424_115654,sweep_1514,108,1521.22,0.8065736451819154,0.7368932359383411
scope_20260424_115654,sweep_1515,108,1521.18,0.8065630408124304,0.7604275488755081
scope_20260424_115654,sweep_1516,108,1521.11,0.8065444828303396,0.6401607997746966
scope_20260424_115654,sweep_1517,108,1521.14,0.8065524363035216,0.6767909629512932
scope_20260424_115654,sweep_1518,108,1521.14,0.8355609652975432,0.7105141768853961
scope_20260424_115654,sweep_1519,108,1521.26,0.83559392259879,0.47982257292344643
scope_20260424_115654,sweep_1520,108,1521.18,0.8355719512090619,0.7849352552119496
scope_20260424_115654,sweep_1521,108,1521.18,0.8355719512090619,0.8094637220397012
scope_20260424_115654,sweep_1522,108,1521.26,0.83559392259879,0.7789988101062999
scope_20260424_115654,sweep_1544,111,2108.96,0.8015045677385753,0.7401447453258428
scope_20260424_115654,sweep_1545,111,2081.02,0.7961776048240147,0.590173656162421
scope_20260424_115654,sweep_1546,111,2087.61,0.7974372426914291,0.852610545841584
scope_20260424_115654,sweep_1547,111,2081.02,0.7961776048240147,0.841628382589835
scope_20260424_115654,sweep_1548,111,2081.02,0.7961776048240147,0.907717272726793
scope_20260424_115654,sweep_1549,111,2087.9,0.7974926286997563,0.7538594665176384
scope_20260424_115654,sweep_1550,111,2087.76,0.7974658911070363,0.6432810960399801
scope_20260424_115654,sweep_1551,111,2087.83,0.7974792600154523,0.8147163697337041
scope_20260424_115654,sweep_1552,111,2087.76,0.7974658911070363,0.6609843190407021
scope_20260424_115654,sweep_1553,111,2081.09,0.7961909953641517,0.8469528139959878
scope_20260424_115654,sweep_1554,111,2080.88,0.7961508230680896,0.6445690948245156
scope_20260424_115654,sweep_1555,112,2270.58,0.8595704770501776,0.9928453132894002
scope_20260424_115654,sweep_1556,112,2270.75,0.8596026547858316,0.8826973238316325
scope_20260424_115654,sweep_1557,112,2270.66,0.8595856196640616,0.7227271041879301
scope_20260424_115654,sweep_1558,112,2270.58,0.8595704770501776,0.7723068303370344
scope_20260424_115654,sweep_1559,112,2278.86,0.8611363251678312,0.8203052530275271
scope_20260424_115654,sweep_1560,112,2270.75,0.8596026547858316,0.8355158481528525
scope_20260424_115654,sweep_1561,112,2270.66,0.8595856196640616,0.9455286852687161
scope_20260424_115654,sweep_1562,112,2278.86,0.8904435220217944,0.8931057022051863
scope_20260424_115654,sweep_1563,112,2278.86,0.8904435220217944,0.9576289103265136
scope_20260424_115654,sweep_1564,112,2270.75,0.888857655978689,0.8814285231480798
scope_20260424_115654,sweep_1565,112,2270.83,0.8888733133575702,0.7080182299501859
scope_20260424_115654,sweep_1566,113,2458.92,0.9249531925298814,0.8142938702836773
scope_20260424_115654,sweep_1567,113,2459.32,0.9250284219459952,1.0392214383539964
scope_20260424_115654,sweep_1568,113,2459.32,0.9569439318597751,0.8526879010205186
scope_20260424_115654,sweep_1569,113,2459.12,0.9569050201529574,0.9458797719390948
scope_20260424_115654,sweep_1570,113,2459.22,0.9569244762041508,0.9841813314295577
scope_20260424_115654,sweep_1571,113,2459.02,0.95688556370617,0.9349620630929145
scope_20260424_115654,sweep_1572,113,2459.02,0.95688556370617,0.9625901535580769
scope_20260424_115654,sweep_1573,113,2468.83,0.9587923606924125,0.9194703472706414
scope_20260424_115654,sweep_1574,113,2459.22,0.9903982083316208,0.8815075189373228
scope_20260424_115654,sweep_1575,113,2468.83,0.9923314324224948,0.8600512582509914
scope_20260424_115654,sweep_1576,114,2670.23,1.0320137660601176,0.9795560821361702
scope_20260424_115654,sweep_1577,114,2658.51,1.029746451556813,0.965977472043456
scope_20260424_115654,sweep_1578,114,2658.51,1.029746451556813,1.178777958043475
scope_20260424_115654,sweep_1579,115,2647.49,1.0276099935400445,0.5831578649440108
scope_20260424_115654,sweep_1580,115,2647.6,1.064079803442087,0.8413130930993936
scope_20260424_115654,sweep_1581,115,2647.37,1.0640335835315653,0.960647956428274
scope_20260424_115654,sweep_1582,115,2647.6,1.064079803442087,0.624351973418686
scope_20260424_115654,sweep_1583,115,2647.37,1.0640335835315653,0.8020199460104773
scope_20260424_115654,sweep_1584,115,2647.6,1.064079803442087,0.955062743111052
scope_20260424_115654,sweep_1585,115,2647.49,1.0640576985179746,0.8602432793499296
scope_20260424_115654,sweep_1586,115,2647.72,1.102375563402566,0.6857070466332269
scope_20260424_115654,sweep_1587,116,2828.05,1.1392973608627643,1.0324446993563552
scope_20260424_115654,sweep_1588,116,2840.91,1.141884787848822,1.150150924566282
scope_20260424_115654,sweep_1589,116,2840.64,1.1418305242117333,1.0528479327409124
scope_20260424_115654,sweep_1590,116,2840.77,1.1418566514700084,0.9145473611670483
scope_20260424_115654,sweep_1591,116,2840.64,1.1418305242117333,1.0116308160085492
scope_20260424_115654,sweep_1592,116,2840.64,1.1418305242117333,1.1087662227533408
scope_20260424_115654,sweep_1593,116,2828.05,1.1392973608627643,1.0236221274703983
scope_20260424_115654,sweep_1594,116,2840.51,1.1418043963556026,0.6313231882184119
scope_20260424_115654,sweep_1595,116,2840.77,1.1418566514700084,1.0101762988351923
scope_20260424_115654,sweep_1596,116,2828.19,1.0997711055021435,0.6011376737050598
scope_20260424_115654,sweep_1597,116,2828.19,1.0997711055021435,0.9677435135959478
scope_20260424_115654,sweep_1598,117,2962.82,1.1256429296777613,0.8229276831735621
scope_20260424_115654,sweep_1599,117,2962.96,1.125669523961008,1.0232483941671446
scope_20260424_115654,sweep_1600,117,2976.63,1.0896162769023876,1.0226352281449722
scope_20260424_115654,sweep_1601,117,2962.67,1.087058196184752,0.9833077298119486
scope_20260424_115654,sweep_1602,117,2962.82,1.087085714717961,0.8839549772184045
scope_20260424_115654,sweep_1603,117,2976.93,1.0528421985010354,1.0682175007807801
scope_20260424_115654,sweep_1604,117,2976.93,1.0528421985010354,1.186900770998015
scope_20260424_115654,sweep_1605,117,2962.96,1.0153375556381634,0.922449404334482
scope_20260424_115654,sweep_1606,117,2976.63,1.0176770560535175,1.0782301493996167
scope_20260424_115654,sweep_1607,117,2962.96,1.0153375556381634,0.9450304788458601
scope_20260424_115654,sweep_1608,117,2976.93,1.017728338111533,1.1082744683181032
scope_20260424_115654,sweep_1609,117,2977.08,0.9842566080975306,0.9878608132210444
scope_20260424_115654,sweep_1610,117,2976.49,0.9841590728997719,0.9214492928100572
scope_20260424_115654,sweep_1611,117,2962.96,0.9819197173582628,0.8695490503246301
scope_20260424_115654,sweep_1612,117,2976.63,0.9841822177196922,1.0738687260754274
scope_20260424_115654,sweep_1613,117,2962.82,0.9818965192077106,0.9431009059660759
scope_20260424_115654,sweep_1614,117,2976.49,0.9841590728997719,0.8921568255164155
scope_20260424_115654,sweep_1615,117,2962.82,0.9818965192077106,1.014598340564688
scope_20260424_115654,sweep_1616,117,2976.63,0.9841822177196922,1.0028182116995668
scope_20260424_115654,sweep_1617,117,2976.78,0.9842070151370526,0.9232513184849152
scope_20260424_115654,sweep_1618,117,2976.78,0.9842070151370526,0.8713704826989617
scope_20260424_115654,sweep_1619,117,2976.78,0.9842070151370526,0.8391961930780248
scope_20260424_115654,sweep_1620,117,2976.93,0.9842318119296496,0.9061781831096437
scope_20260424_115654,sweep_1621,117,2962.52,0.9818468070394425,0.7321395544418343
scope_20260424_115654,sweep_1622,117,2962.96,0.9819197173582628,1.0791710721426402
scope_20260424_115654,sweep_1623,117,2976.78,0.9842070151370526,1.0350695095518652
scope_20260424_115654,sweep_1624,117,2976.93,0.9842318119296496,0.9371371937940898
scope_20260424_115654,sweep_1625,117,2976.78,0.9842070151370526,0.7556803325175159
scope_20260424_115654,sweep_1626,117,2976.78,0.9842070151370526,0.9300492977734368
scope_20260424_115654,sweep_1627,117,2962.82,1.0153135679810663,1.0270296578550533
scope_20260424_115654,sweep_1628,117,2962.96,1.0153375556381634,1.021097493518727
scope_20260424_115654,sweep_1629,117,2962.96,1.0153375556381634,0.9883681684263798
scope_20260424_115654,sweep_1630,117,2976.93,1.017728338111533,1.0079519582883132
scope_20260424_115654,sweep_1631,117,2962.52,1.0152621639502453,1.0453173530974136
scope_20260424_115654,sweep_1632,117,2976.63,1.0176770560535175,0.906631218109924
scope_20260424_115654,sweep_1633,117,2962.52,1.0152621639502453,0.7111237748571
scope_20260424_115654,sweep_1634,117,2962.82,1.0503441135034683,0.9033115998227476
scope_20260424_115654,sweep_1635,117,2976.78,1.0528156731344325,0.8670316675760491
scope_20260424_115654,sweep_1636,117,2976.49,1.0527643888639102,0.880414315329695
scope_20260424_115654,sweep_1637,117,2962.82,1.0503441135034683,0.8923031841106861
scope_20260424_115654,sweep_1638,117,2976.78,1.0528156731344325,0.9062277057492795
scope_20260424_115654,sweep_1639,117,2976.49,1.0527643888639102,0.7290825736610042
scope_20260424_115654,sweep_1640,117,2962.82,1.087085714717961,0.8789059929088119
scope_20260424_115654,sweep_1641,117,2976.78,1.089643730832254,0.9705769521047841
scope_20260424_115654,sweep_1642,117,2962.96,1.0871113980538114,0.9921809245538734
scope_20260424_115654,sweep_1643,117,2977.08,1.089698636616959,0.7154925863862202
scope_20260424_115654,sweep_1644,117,2963.11,1.0871389152403317,0.7659382634931025
scope_20260424_115654,sweep_1645,117,2976.93,1.089671184070427,1.0049798965403558
scope_20260424_115654,sweep_1646,117,2976.78,1.128291674587267,1.0422874807359224
scope_20260424_115654,sweep_1647,117,2976.63,1.1282632469098288,0.981697115155806
scope_20260424_115654,sweep_1648,117,2976.93,1.128320101548479,1.078783116398359
scope_20260424_115654,sweep_1649,117,2962.82,1.1256429296777613,0.6784170189667318
scope_20260424_115654,sweep_1650,117,2962.67,1.1256144351056017,1.0629075405764703
scope_20260424_115654,sweep_1651,117,2962.96,1.125669523961008,0.8026687293715089
scope_20260424_115654,sweep_1652,117,2962.67,1.166098373293797,0.9492687591909402
scope_20260424_115654,sweep_1653,117,2962.82,1.1661278927040024,0.9572381978957759
scope_20260424_115654,sweep_1654,117,2976.78,1.1688719025833314,1.0492146358362906
scope_20260424_115654,sweep_1655,117,2976.49,1.1688149650353943,1.0126033224929885
scope_20260424_115654,sweep_1656,117,2962.96,1.1661554434793528,0.9193285379509454
scope_20260424_115654,sweep_1657,117,2976.78,1.1688719025833314,0.9740690503602228
scope_20260424_115654,sweep_1658,117,2962.82,1.1661278927040024,1.1248382547323765
scope_20260424_115654,sweep_1659,117,2962.82,1.1661278927040024,1.0285924749685584
scope_20260424_115654,sweep_1660,117,2962.38,1.1660413003150245,0.8949037190539249
scope_20260424_115654,sweep_1661,117,2962.82,1.1256429296777613,0.9902379656685245
scope_20260424_115654,sweep_1662,117,2976.93,1.128320101548479,0.9313623157852284
scope_20260424_115654,sweep_1663,117,2962.52,1.1255859398120929,0.7879310393078085
scope_20260424_115654,sweep_1664,117,2976.93,1.128320101548479,0.9706661996706718
scope_20260424_115654,sweep_1665,117,2976.63,1.0896162769023876,0.8747092171118533
scope_20260424_115654,sweep_1666,117,2962.38,1.0870049917118052,0.931807185112208
scope_20260424_115654,sweep_1667,117,2976.93,1.089671184070427,0.8500353965405225
scope_20260424_115654,sweep_1668,117,2976.78,1.0528156731344325,0.9423604458350249
scope_20260424_115654,sweep_1669,117,2977.08,1.0528687231993734,0.6818746676765285
scope_20260424_115654,sweep_1670,117,2976.78,1.0528156731344325,0.8861002585290265
scope_20260424_115654,sweep_1671,117,2962.96,1.0153375556381634,0.8552702694106814
scope_20260424_115654,sweep_1672,117,2976.78,1.0177026974055383,0.7992334128738705
scope_20260424_115654,sweep_1673,117,2962.96,1.0153375556381634,0.8734836492164242
scope_20260424_115654,sweep_1674,117,2962.82,0.9818965192077106,1.0218090315183705
scope_20260424_115654,sweep_1675,117,2962.52,0.9818468070394425,1.0586065020969806
scope_20260424_115654,sweep_1676,117,2962.67,0.9818716634381924,0.9346452897370018
scope_20260424_115654,sweep_1677,117,2976.78,0.9842070151370526,0.9198407613279146
scope_20260424_115654,sweep_1678,117,2962.82,0.9818965192077106,0.8769208161696006
scope_20260424_115654,sweep_1679,117,2962.67,0.9818716634381924,0.8145119069513242
scope_20260424_115654,sweep_1680,117,2976.63,0.9841822177196922,0.9247795563659752
scope_20260424_115654,sweep_1681,117,2962.67,0.9818716634381924,0.7102937538205609
scope_20260424_115654,sweep_1682,117,2976.93,0.9842318119296496,0.8171773440389495
scope_20260424_115654,sweep_1683,117,2962.82,0.9818965192077106,0.8922737481003277
scope_20260424_115654,sweep_1684,117,2962.82,0.9818965192077106,0.9816355241318313
scope_20260424_115654,sweep_1685,117,2976.49,0.9841590728997719,0.7807157979403413
scope_20260424_115654,sweep_1686,117,2962.82,0.9818965192077106,0.9679913913938836
scope_20260424_115654,sweep_1687,117,2963.26,0.9819694258354486,0.9855412834020444
scope_20260424_115654,sweep_1688,117,2976.63,0.9841822177196922,0.9355313370167048
scope_20260424_115654,sweep_1689,117,2962.96,0.9819197173582628,0.9228705484555559
scope_20260424_115654,sweep_1690,117,2976.63,0.9841822177196922,0.9860459039849355
scope_20260424_115654,sweep_1691,117,2976.49,0.9841590728997719,0.8584909330710294
scope_20260424_115654,sweep_1692,117,2976.78,1.0177026974055383,0.86168425633067
scope_20260424_115654,sweep_1693,117,2962.67,1.015287866290979,0.9450286050092598
scope_20260424_115654,sweep_1694,117,2976.93,1.017728338111533,0.9059307317555868
scope_20260424_115654,sweep_1695,117,2962.82,1.0153135679810663,0.7986678852888275
scope_20260424_115654,sweep_1696,117,2977.08,1.0177539781715506,0.7802890050148081
scope_20260424_115654,sweep_1697,117,2976.63,1.0176770560535175,0.8794405926704946
scope_20260424_115654,sweep_1698,117,2976.78,1.0177026974055383,0.827209749816436
scope_20260424_115654,sweep_1699,117,2976.93,1.0528421985010354,1.010876113887046
scope_20260424_115654,sweep_1700,117,2962.82,1.0503441135034683,0.8447363430343015
scope_20260424_115654,sweep_1701,117,2976.49,1.0527643888639102,0.8500694368728299
scope_20260424_115654,sweep_1702,117,2963.11,1.050395515940968,1.0160033458945603
scope_20260424_115654,sweep_1703,117,2962.52,1.0502909359208121,0.8677538202889717
scope_20260424_115654,sweep_1704,117,2976.63,1.0527891470995143,0.8116438538077558
scope_20260424_115654,sweep_1705,117,2962.52,1.0870306769549025,0.9863808785798526
scope_20260424_115654,sweep_1706,117,2976.78,1.089643730832254,0.9285870794445826
scope_20260424_115654,sweep_1707,117,2976.78,1.089643730832254,0.9453951262235429
scope_20260424_115654,sweep_1708,117,2976.49,1.0895906526104047,1.002227210607286
scope_20260424_115654,sweep_1709,117,2962.82,1.087085714717961,0.8804066398114838
scope_20260424_115654,sweep_1710,117,2976.63,1.0896162769023876,0.9243690412005607
scope_20260424_115654,sweep_1711,117,2962.82,1.1256429296777613,0.9737329644858389
scope_20260424_115654,sweep_1712,117,2977.08,1.1283485277935184,0.809197344752697
scope_20260424_115654,sweep_1713,117,2962.82,1.1256429296777613,0.6476390815101793
scope_20260424_115654,sweep_1714,117,2976.63,1.1282632469098288,1.0048514141073515
scope_20260424_115654,sweep_1715,117,2962.82,1.1256429296777613,0.7739308636969098
scope_20260424_115654,sweep_1716,117,2976.93,1.128320101548479,0.9963959805882929
scope_20260424_115654,sweep_1717,117,2976.34,1.1687855134911849,0.9957517493410378
scope_20260424_115654,sweep_1718,117,2962.82,1.1661278927040024,0.8929088196620992
scope_20260424_115654,sweep_1719,117,2976.63,1.168842452473788,1.005243307713642
scope_20260424_115654,sweep_1720,117,2962.52,1.1660688531362984,0.9974725759928066
scope_20260424_115654,sweep_1721,117,2962.67,1.166098373293797,1.0063059656558122
scope_20260424_115654,sweep_1722,117,2962.82,1.1661278927040024,0.6624820868429789
scope_20260424_115654,sweep_1723,117,2962.82,1.1661278927040024,1.01466380038591
scope_20260424_115654,sweep_1724,117,2976.63,1.168842452473788,0.9754446338648236
scope_20260424_115654,sweep_1725,117,2976.63,1.1282632469098288,0.8483691897538881
scope_20260424_115654,sweep_1726,117,2962.67,1.1256144351056017,0.9409122873312101
scope_20260424_115654,sweep_1727,117,2962.82,1.1256429296777613,0.9317902050683345
scope_20260424_115654,sweep_1728,117,2962.82,1.1256429296777613,0.9727679029349465
scope_20260424_115654,sweep_1729,117,2976.49,1.0895906526104047,0.8344435806566248
scope_20260424_115654,sweep_1730,117,2976.93,1.089671184070427,0.7811416851381776
scope_20260424_115654,sweep_1731,117,2976.78,1.089643730832254,0.70552741782622
scope_20260424_115654,sweep_1732,117,2962.67,1.0503175250486878,0.8966039395971215
scope_20260424_115654,sweep_1733,117,2976.93,1.0528421985010354,0.9057902229257234
scope_20260424_115654,sweep_1734,117,2976.93,1.0528421985010354,0.9897809522186312
scope_20260424_115654,sweep_1735,117,2962.96,1.0153375556381634,1.024242094819613
scope_20260424_115654,sweep_1736,117,2962.82,1.0153135679810663,0.850524153962325
scope_20260424_115654,sweep_1737,117,2962.67,1.015287866290979,0.8429152455990927
scope_20260424_115654,sweep_1738,117,2962.67,0.9818716634381924,0.8533865206369156
scope_20260424_115654,sweep_1739,117,2962.82,0.9818965192077106,0.9135406777130838
scope_20260424_115654,sweep_1740,117,2976.78,0.9842070151370526,0.8766124922416907
scope_20260424_115654,sweep_1741,117,2976.63,0.9841822177196922,0.9331858271660729
scope_20260424_115654,sweep_1742,117,2962.82,0.9818965192077106,0.658133434472715
scope_20260424_115654,sweep_1743,117,2962.52,0.9818468070394425,0.8996278911514447
scope_20260424_115654,sweep_1744,117,2962.96,0.9819197173582628,0.7802091296545971
scope_20260424_115654,sweep_1745,117,2962.67,0.9818716634381924,0.8911051776012562
scope_20260424_115654,sweep_1746,117,2962.52,0.9818468070394425,0.9219671581247953
scope_20260424_115654,sweep_1747,117,2962.96,0.9819197173582628,0.9511554418738218
scope_20260424_115654,sweep_1748,117,2976.63,0.9841822177196922,0.9943772157309174
scope_20260424_115654,sweep_1749,117,2976.78,0.9842070151370526,0.8300649184413864
scope_20260424_115654,sweep_1750,117,2962.38,0.9818236071661934,1.0235209027219052
scope_20260424_115654,sweep_1751,117,2976.63,0.9841822177196922,0.9763008266508779
scope_20260424_115654,sweep_1752,117,2962.67,0.9818716634381924,0.8322184678277612
scope_20260424_115654,sweep_1753,117,2962.67,0.9818716634381924,0.8523110102982567
scope_20260424_115654,sweep_1754,117,2962.96,0.9819197173582628,0.7564821302471264
scope_20260424_115654,sweep_1755,117,2962.67,0.9818716634381924,0.8415634819202491
scope_20260424_115654,sweep_1756,117,2976.49,0.9841590728997719,0.838842467804039
scope_20260424_115654,sweep_1757,117,2962.38,1.0152381745118222,0.7208652817643965
scope_20260424_115654,sweep_1758,117,2976.63,1.0176770560535175,0.6897064094181283
scope_20260424_115654,sweep_1759,117,2962.52,1.0152621639502453,1.0157451805275326
scope_20260424_115654,sweep_1760,117,2962.38,1.0152381745118222,0.925484549948859
scope_20260424_115654,sweep_1761,117,2962.67,1.015287866290979,0.8571192582870458
scope_20260424_115654,sweep_1762,117,2962.52,1.0152621639502453,0.7894014177087193
scope_20260424_115654,sweep_1763,117,2962.82,1.0503441135034683,0.804909944675285
scope_20260424_115654,sweep_1764,117,2976.78,1.0528156731344325,0.9475505725755028
scope_20260424_115654,sweep_1765,117,2962.82,1.0503441135034683,0.9958365397486488
scope_20260424_115654,sweep_1766,117,2962.82,1.0503441135034683,0.8614007693904197
scope_20260424_115654,sweep_1767,117,2962.67,1.0503175250486878,1.0208946075920016
scope_20260424_115654,sweep_1768,117,2962.82,1.0503441135034683,0.8853148336531963
scope_20260424_115654,sweep_1769,117,2962.67,1.087058196184752,0.8472893789007431
scope_20260424_115654,sweep_1770,117,2962.82,1.087085714717961,0.8678727714764826
scope_20260424_115654,sweep_1771,117,2976.93,1.089671184070427,0.7830468450808361
scope_20260424_115654,sweep_1772,117,2976.93,1.089671184070427,0.7975806159549952
scope_20260424_115654,sweep_1773,117,2962.82,1.087085714717961,1.1011075390226863
scope_20260424_115654,sweep_1774,117,2962.67,1.087058196184752,0.8277168586976489
scope_20260424_115654,sweep_1775,117,2962.82,1.1256429296777613,1.0810069983968265
scope_20260424_115654,sweep_1776,117,2962.96,1.125669523961008,1.0118762505401142
scope_20260424_115654,sweep_1777,117,2976.63,1.1282632469098288,0.9318121699997026
scope_20260424_115654,sweep_1778,117,2962.67,1.1256144351056017,1.0374148372523908
scope_20260424_115654,sweep_1779,117,2962.82,1.1256429296777613,1.0024759532595395
scope_20260424_115654,sweep_1780,117,2976.63,1.1282632469098288,0.977217892976589
scope_20260424_115654,sweep_1781,117,2976.49,1.1282367137646425,1.0754516366838776
scope_20260424_115654,sweep_1782,117,2962.82,1.1661278927040024,1.1076291197470027
scope_20260424_115654,sweep_1783,117,2976.63,1.168842452473788,0.9548837336180466
scope_20260424_115654,sweep_1784,117,2976.93,1.1689013519508884,0.9613577659622834
scope_20260424_115654,sweep_1785,117,2962.96,1.1661554434793528,0.9682165997661863
scope_20260424_115654,sweep_1786,117,2976.63,1.168842452473788,1.033375752175253
scope_20260424_115654,sweep_1787,117,2962.82,1.1661278927040024,0.9630998446649044
scope_20260424_115654,sweep_1788,117,2976.93,1.1689013519508884,1.0659387224589754
scope_20260424_115654,sweep_1789,117,2976.78,1.1688719025833314,0.9322726222378205
scope_20260424_115654,sweep_1790,117,2962.67,1.166098373293797,0.853062381122411
scope_20260424_115654,sweep_1791,117,2976.93,1.128320101548479,0.8979711114732948
scope_20260424_115654,sweep_1792,117,2976.78,1.128291674587267,1.126040474663193
scope_20260424_115654,sweep_1793,117,2976.49,1.1282367137646425,0.9955213331068081
scope_20260424_115654,sweep_1794,117,2962.52,1.1255859398120929,0.6766536476428672
scope_20260424_115654,sweep_1795,117,2962.67,1.087058196184752,0.8804771410707636
scope_20260424_115654,sweep_1796,117,2976.78,1.089643730832254,0.9370343684584725
scope_20260424_115654,sweep_1797,117,2962.96,1.0871113980538114,0.7454304711865378
scope_20260424_115654,sweep_1798,117,2976.93,1.0528421985010354,0.8608559526325198
scope_20260424_115654,sweep_1799,117,2976.78,1.0528156731344325,0.9006048528712572
scope_20260424_115654,sweep_1800,117,2976.63,1.0527891470995143,1.0987163503317696
scope_20260424_115654,sweep_1801,117,2962.82,1.0153135679810663,0.6829842589243785
scope_20260424_115654,sweep_1802,117,2976.78,1.0177026974055383,0.7885641557995854
scope_20260424_115654,sweep_1803,117,2976.78,1.0177026974055383,0.8796663198061248
scope_20260424_115654,sweep_1804,117,2976.49,0.9841590728997719,0.9808806691956348
scope_20260424_115654,sweep_1805,117,2976.63,0.9841822177196922,0.8166770851123801
scope_20260424_115654,sweep_1806,117,2976.93,0.9842318119296496,0.941986125286413
scope_20260424_115654,sweep_1807,117,2962.67,0.9818716634381924,0.8879819495078977
scope_20260424_115654,sweep_1808,117,2976.78,0.9842070151370526,1.0275050684832947
scope_20260424_115654,sweep_1809,117,2962.82,0.9818965192077106,0.8930728512840348
scope_20260424_115654,sweep_1810,117,2976.93,0.9842318119296496,0.839131005212798
scope_20260424_115654,sweep_1811,117,2976.34,0.9521669455677902,0.8246045528724073
scope_20260424_115654,sweep_1812,117,2976.63,0.9841822177196922,0.9639874729936876
scope_20260424_115654,sweep_1813,117,2962.67,0.949977830418325,0.8104167790652964
scope_20260424_115654,sweep_1814,117,2962.82,0.9818965192077106,0.9990160504227087
scope_20260424_115654,sweep_1815,117,2962.67,0.9818716634381924,0.9926308581879236
scope_20260424_115654,sweep_1816,117,2976.93,0.9842318119296496,1.0942743239763928
scope_20260424_115654,sweep_1817,117,2962.82,0.9818965192077106,0.8588302140889925
scope_20260424_115654,sweep_1818,117,2962.82,0.9818965192077106,0.8860699918613971
scope_20260424_115654,sweep_1819,117,2962.67,0.9818716634381924,0.8146401508135233
scope_20260424_115654,sweep_1820,118,2841.18,0.9615291635547176,0.98348234289153
scope_20260424_115654,sweep_1821,118,2840.91,0.9614834749601434,0.9283735824192845
scope_20260424_115654,sweep_1822,118,2841.04,0.961505473443351,0.8387313361912848
scope_20260424_115654,sweep_1823,118,2840.77,0.9941813056530688,1.005771662050769
scope_20260424_115654,sweep_1824,118,2841.04,0.9942285503393065,0.962792597920864
scope_20260424_115654,sweep_1825,118,2841.04,0.9942285503393065,1.0448217492464593
scope_20260424_115654,sweep_1826,118,2840.91,0.9942058031780335,1.0033333745368067
scope_20260424_115654,sweep_1827,118,2841.18,0.9942530467002029,0.8514059004944996
scope_20260424_115654,sweep_1828,118,2840.91,0.9942058031780335,1.0017153317138567
scope_20260424_115654,sweep_1829,118,2841.04,0.9942285503393065,0.9144856182327049
scope_20260424_115654,sweep_1838,120,2658.99,1.0298394088877982,0.8388654565148196
scope_20260424_115654,sweep_1841,122,2459.12,0.9903780716973071,0.7096734155107269
scope_20260424_115654,sweep_1842,122,2459.22,1.0255260700056663,0.803877089079651
scope_20260424_115654,sweep_1843,122,2459.22,1.0255260700056663,0.8457452864711089
scope_20260424_115654,sweep_1844,122,2459.32,1.0255469204306977,0.5300318111556381
scope_20260424_115654,sweep_1845,122,2459.42,1.025567770431827,0.8778200416416718
scope_20260424_115654,sweep_1846,122,2459.52,1.0255886200090796,0.8740020806726707
scope_20260424_115654,sweep_1847,122,2459.12,1.0255052191567076,0.8209056039911183
scope_20260424_115654,sweep_1848,122,2468.93,1.027548672310371,0.7560845373486436
scope_20260424_115654,sweep_1849,122,2459.12,1.0255052191567076,0.7779196567504448
scope_20260424_115654,sweep_1850,122,2459.62,1.0624966208014948,0.6106124151980941
scope_20260424_115654,sweep_1851,123,2271.01,1.0209467074402159,0.6588889645994981
scope_20260424_115654,sweep_1852,123,2270.66,1.0208680320675128,0.7928577338921627
scope_20260424_115654,sweep_1853,123,2270.83,1.0209062465772323,0.6650063984642548
scope_20260424_115654,sweep_1854,123,2270.83,1.0209062465772323,0.7416425273200026
scope_20260424_115654,sweep_1855,123,2278.94,1.0227276445844415,0.5290772572849608
scope_20260424_115654,sweep_1856,123,2270.66,0.9854261180274584,0.7028521050563677
scope_20260424_115654,sweep_1857,123,2279.2,0.9872774830795279,0.7567129295770063
scope_20260424_115654,sweep_1858,123,2270.75,0.9854456470348453,0.7627184004736263
scope_20260424_115654,sweep_1859,123,2270.75,0.9854456470348453,0.6637191694949971
scope_20260424_115654,sweep_1860,123,2279.12,0.9872601561903283,0.7166724005122472
scope_20260424_115654,sweep_1861,123,2278.86,0.9533886506391018,0.7197231847830808
scope_20260424_115654,sweep_1862,124,2087.83,0.9125543124573804,0.6161473527990659
scope_20260424_115654,sweep_1863,124,2080.88,0.9110341840654269,0.5866402698552239
scope_20260424_115654,sweep_1864,124,2080.8,0.8802258967921016,0.6494256527136968
scope_20260424_115654,sweep_1865,124,2087.76,0.8816967872707651,0.6649354698662876
scope_20260424_115654,sweep_1866,124,2080.88,0.8508854043916592,0.6204463049953092
scope_20260424_115654,sweep_1867,124,2080.88,0.8508854043916592,0.5878101708460038
scope_20260424_115654,sweep_1868,124,2087.83,0.852305170064713,0.6712484191736887
scope_20260424_115654,sweep_1869,124,2087.76,0.8242394042939784,0.4560987462214939
scope_20260424_115654,sweep_1870,124,2081.24,0.8229513627530701,0.6156123672240186
scope_20260424_115654,sweep_1871,124,2087.97,0.8242808568370135,0.6139446588065842
scope_20260424_115654,sweep_1872,125,1874.12,0.7809294199858928,0.59460909394817
scope_20260424_115654,sweep_1873,125,1896.87,0.7856549853563565,0.5669145459775318
scope_20260424_115654,sweep_1874,125,1896.87,0.76013479789475,0.5748797724398904
scope_20260424_115654,sweep_1875,125,1896.99,0.7601588413803766,0.6273172273085459
scope_20260424_115654,sweep_1876,125,1896.99,0.7601588413803766,0.7027205057186088
scope_20260424_115654,sweep_1877,125,1896.81,0.7601227758667413,0.7995396897646918
scope_20260424_115654,sweep_1878,125,1896.99,0.7601588413803766,0.6393135043002185
scope_20260424_115654,sweep_1879,125,1896.87,0.76013479789475,0.7220971454743025
scope_20260424_115654,sweep_1880,125,1896.99,0.7601588413803766,0.6129167099376135
scope_20260424_115654,sweep_1881,125,1896.81,0.7601227758667413,0.6281321891567672
scope_20260424_115654,sweep_1882,125,1896.93,0.7601468197326253,0.5826788222017945
scope_20260424_115654,sweep_1883,126,1714.19,0.7226055768580918,0.5298013252443241
scope_20260424_115654,sweep_1884,126,1709.3,0.7215741670176065,0.5925338528074041
scope_20260424_115654,sweep_1885,126,1714.04,0.7225739604072272,0.5402205938312336
scope_20260424_115654,sweep_1886,126,1713.94,0.7225528820047464,0.6041935087797332
scope_20260424_115654,sweep_1887,126,1713.89,0.7225423425729146,0.5629917439907738
scope_20260424_115654,sweep_1888,126,1709.35,0.7458106570822283,0.728985267799966
scope_20260424_115654,sweep_1889,126,1713.84,0.7467895361029436,0.6939490142830714
scope_20260424_115654,sweep_1890,126,1709.35,0.7458106570822283,0.5883257909026469
scope_20260424_115654,sweep_1891,126,1713.84,0.7467895361029436,0.591191642965292
scope_20260424_115654,sweep_1892,126,1709.3,0.7457997491916403,0.7680652932375932
scope_20260424_115654,sweep_1893,127,1499.18,0.698457486215148,0.5394127041084277
scope_20260424_115654,sweep_1894,127,1521.26,0.7035821449810117,0.5170709575499657
scope_20260424_115654,sweep_1895,127,1521.3,0.7035913949122533,0.6062498518511211
scope_20260424_115654,sweep_1896,127,1521.34,0.7275464033651818,0.5895617098016663
scope_20260424_115654,sweep_1897,127,1524.82,0.7283780436481534,0.632339717352244
scope_20260424_115654,sweep_1898,127,1521.26,0.7275272740195218,0.6555779211037781
scope_20260424_115654,sweep_1899,127,1524.78,0.7283684899589241,0.6606623349717649
scope_20260424_115654,sweep_1900,127,1521.26,0.7275272740195218,0.5589267713045626
scope_20260424_115654,sweep_1901,127,1524.78,0.7283684899589241,0.5742608720548541
scope_20260424_115654,sweep_1902,127,1521.22,0.7526186661754122,0.4385866713315675
scope_20260424_115654,sweep_1903,127,1521.22,0.7526186661754122,0.4419493715051939
scope_20260424_115654,sweep_1904,128,1335.23,0.705110225404545,0.45160329923715836
scope_20260424_115654,sweep_1905,128,1332.33,0.7043440910485403,0.7009897776261622
scope_20260424_115654,sweep_1906,128,1335.14,0.7050864613377973,0.6697018034004897
scope_20260424_115654,sweep_1907,128,1332.24,0.7043203011320938,0.6638003198121302
scope_20260424_115654,sweep_1908,128,1332.3,0.7043361611656734,0.5793676917384687
scope_20260424_115654,sweep_1909,128,1332.24,0.7043203011320938,0.6312814465184805
scope_20260424_115654,sweep_1910,128,1332.3,0.7289742183716847,0.48476917785168633
scope_20260424_115654,sweep_1911,128,1335.02,0.7297179693618385,0.6456249641084587
scope_20260424_115654,sweep_1912,128,1335.11,0.7297425658137348,0.599670456134703
scope_20260424_115654,sweep_1913,128,1332.47,0.72902072503842,0.6903903311776003
scope_20260424_115654,sweep_1914,128,1332.27,0.7289660110048519,0.6354507465537448
scope_20260424_115654,sweep_1915,129,1145.67,0.675991018019105,0.6294952284823649
scope_20260424_115654,sweep_1916,129,1145.83,0.6760382195635688,0.6659117318962275
scope_20260424_115654,sweep_1917,129,1143.66,0.6993530606845955,0.5505230321311081
scope_20260424_115654,sweep_1918,129,1143.64,0.6993469456143977,0.6420324105474018
scope_20260424_115654,sweep_1919,129,1143.75,0.6993805778388258,0.6615165123461841
scope_20260424_115654,sweep_1920,129,1145.74,0.6999887363066748,0.6466484454992281
scope_20260424_115654,sweep_1921,129,1143.79,0.6993928073376349,0.6196507584359087
scope_20260424_115654,sweep_1922,129,1143.69,0.699362233189638,0.42143161268611695
scope_20260424_115654,sweep_1923,129,1143.77,0.699386692614961,0.6331942359441041
scope_20260424_115654,sweep_1924,129,1145.74,0.6999887363066748,0.6334363199497186
scope_20260424_115654,sweep_1925,129,1143.75,0.7245345552579188,0.3643712519072835
scope_20260424_115654,sweep_1926,130,957.18,0.6384372974362852,0.44355359425547536
scope_20260424_115654,sweep_1927,130,957.06,0.638370863711725,0.5401587969033808
scope_20260424_115654,sweep_1928,130,955.76,0.637651074219261,0.450897926750487
scope_20260424_115654,sweep_1929,130,955.7,0.637617849149215,0.4876100591166561
scope_20260424_115654,sweep_1930,130,955.78,0.6376621491638128,0.4938924243829583
scope_20260424_115654,sweep_1931,130,955.69,0.6154760510592331,0.2784978785101305
scope_20260424_115654,sweep_1932,130,955.78,0.6155241583879733,0.4680037017184833
scope_20260424_115654,sweep_1933,130,955.72,0.6154920869210506,0.5329090358228922
scope_20260424_115654,sweep_1934,130,955.7,0.6154813963560137,0.3666552229641281
scope_20260424_115654,sweep_1935,130,957.08,0.5951112974893232,0.299091022554336
scope_20260424_115654,sweep_1936,131,769.07,0.4963212016366941,0.3679743579547168
scope_20260424_115654,sweep_1937,131,770.97,0.4805295279532673,0.33702909371865825
scope_20260424_115654,sweep_1938,131,773.8,0.4819930922180995,0.3506802676690607
scope_20260424_115654,sweep_1939,131,773.8,0.4819930922180995,0.3779057571463242
scope_20260424_115654,sweep_1940,131,775.76,0.46689721520159555,0.3230752640426162
scope_20260424_115654,sweep_1941,131,777.71,0.4678711141428368,0.4055105438483979
scope_20260424_115654,sweep_1942,131,777.69,0.45246239890394696,0.3793747917829126
scope_20260424_115654,sweep_1943,131,780.63,0.4538816591244125,0.39223531880549073
scope_20260424_115654,sweep_1944,131,781.63,0.4543641934590777,0.459837220015378
scope_20260424_115654,sweep_1945,131,782.63,0.4400719809363449,0.3807654276267064
scope_20260424_115654,sweep_1967,135,364.26,0.23326165975096402,0.22037267039888744
scope_20260424_115654,sweep_1968,135,364.47,0.23337327100496918,0.28897185005818316
scope_20260424_115654,sweep_1969,135,364.67,0.23347955727385986,0.2504417510193094
scope_20260424_115654,sweep_1970,135,364.68,0.23348487132713666,0.24105512429633275
scope_20260424_115654,sweep_1971,135,364.48,0.23337858555385393,0.3067501990720765
scope_20260424_115654,sweep_1972,135,373.43,0.2461198980482822,0.22987842931705826
scope_20260424_115654,sweep_1973,135,381.0,0.25025387818807,0.2629910654368049
scope_20260424_115654,sweep_1974,135,388.61,0.25439565148152976,0.30448228930555715
scope_20260424_115654,sweep_1975,135,394.28,0.25747260521169013,0.2307347904045756
scope_20260424_115654,sweep_1976,135,401.13,0.26117990272285807,0.25801061423564325
scope_20260424_115654,sweep_1977,135,364.47,0.24120836767607273,0.24225912076342979
scope_20260424_115654,sweep_1978,135,364.69,0.24132920722021645,0.20732830576386946
scope_20260424_115654,sweep_1979,135,364.9,0.24144454249797356,0.2975450051229236
scope_20260424_115654,sweep_1980,135,364.7,0.2413346996322689,0.15373888751636472
scope_20260424_115654,sweep_1981,135,364.23,0.24928112646964534,0.24484038672625552
scope_20260424_115654,sweep_1982,135,364.48,0.24942313239103603,0.1688417169869677
scope_20260424_115654,sweep_1983,135,364.68,0.24953672520606607,0.2881925802110666
scope_20260424_115654,sweep_1984,135,364.88,0.24965030743105585,0.20198377168214737
scope_20260424_115654,sweep_1985,135,364.46,0.2494117725268191,0.24518359750335925
scope_20260424_115654,sweep_1986,135,364.89,0.24965598626443866,0.23163972694314192
scope_20260424_115654,sweep_1987,135,364.68,0.24953672520606607,0.2083792162344725
scope_20260424_115654,sweep_1988,135,362.99,0.24857653190886378,0.27390896513430696
scope_20260424_115654,sweep_1989,135,363.41,0.2573999019788061,0.22659927161318347
scope_20260424_115654,sweep_1990,135,363.42,0.2574057807773792,0.2234576679569386
scope_20260424_115654,sweep_1991,135,364.04,0.2577702126171649,0.24306748926772354
scope_20260424_115654,sweep_1992,135,364.69,0.2581521649804241,0.22244843156035773
scope_20260424_115654,sweep_1993,135,364.27,0.2579053782352557,0.2241813338585302
scope_20260424_115654,sweep_1994,135,364.9,0.25827554023199256,0.12975960838781725
scope_20260424_115654,sweep_1995,135,365.53,0.2586455936001904,0.29462226163671623
scope_20260424_115654,sweep_1996,135,365.11,0.2583989034137302,0.1996559007717513
scope_20260424_115654,sweep_1997,135,364.69,0.2671824663611128,0.31368885624126724
scope_20260424_115654,sweep_1998,135,363.62,0.2665316561041427,0.3123541295220413
scope_20260424_115654,sweep_1999,135,363.83,0.26665941086911155,0.3198763968182706
scope_20260424_115654,sweep_2000,135,364.26,0.26692096485692157,0.21594168314235718
scope_20260424_115654,sweep_2018,138,192.8,0.16299971631623508,0.09852876117197501
scope_20260424_115654,sweep_2019,138,192.8,0.16299971631623508,0.09949392504104464
scope_20260424_115654,sweep_2020,138,192.8,0.16299971631623508,0.11497466916705752
scope_20260424_115654,sweep_2021,138,192.8,0.16299971631623508,0.09614902068141269
scope_20260424_115654,sweep_2022,138,192.8,0.15741640482846983,0.11637391680891193
scope_20260424_115654,sweep_2023,138,192.8,0.15741640482846983,0.09614281318395776
scope_20260424_115654,sweep_2024,138,192.8,0.15741640482846983,0.10154009792686136
scope_20260424_115654,sweep_2025,138,192.8,0.15209600488896063,0.09698870403298056
scope_20260424_115654,sweep_2026,138,192.8,0.15209600488896063,0.10044676351979806
scope_20260424_115654,sweep_2027,138,192.8,0.14702337587667777,0.0965187248933461
scope_20260424_115654,sweep_2028,138,192.8,0.14702337587667777,0.09408063070002357
scope_20260424_115654,sweep_2029,138,192.8,0.14702337587667777,0.08623538440112855
scope_20260424_115654,sweep_2030,138,192.8,0.1421843906829076,0.10425693047407235
scope_20260424_115654,sweep_2031,138,192.8,0.1375658591748357,0.09962340098593177
scope_20260424_115654,sweep_2032,138,192.8,0.1375658591748357,0.11792854942415838
scope_20260424_115654,sweep_2033,138,192.8,0.13315545805202295,0.1022784578782183
scope_20260424_115654,sweep_2034,138,192.8,0.13315545805202295,0.09829352221152267
scope_20260424_115654,sweep_2035,138,192.8,0.1289416665134688,0.09922897856722304
scope_20260424_115654,sweep_2036,138,192.8,0.1289416665134688,0.09218740884463342
scope_20260424_115654,sweep_2037,138,192.8,0.1289416665134688,0.10504773288272055
scope_20260424_115654,sweep_2038,138,192.8,0.12491370721001925,0.09571090895650608
scope_20260424_115654,sweep_2039,138,192.8,0.12491370721001925,0.1266201900062446
scope_20260424_115654,sweep_2040,138,192.8,0.1210614920082863,0.0958255706489274
scope_20260424_115654,sweep_2041,138,192.8,0.1210614920082863,0.09981475263367831
scope_20260424_115654,sweep_2042,138,192.8,0.1173755721380016,0.10174275078318973
scope_20260424_115654,sweep_2043,138,192.8,0.1173755721380016,0.1006374990953905
scope_20260424_115654,sweep_2044,138,192.8,0.1138470923359366,0.10165089430578919
scope_20260424_115654,sweep_2045,138,192.8,0.1138470923359366,0.09888558016448151
scope_20260424_115654,sweep_2046,138,192.8,0.1138470923359366,0.1007375895937452
scope_20260424_115654,sweep_2047,138,192.8,0.11046774863635583,0.09467332674638146
scope_20260424_115654,sweep_2048,138,192.8,0.11046774863635583,0.09776338778107158
scope_20260424_115654,sweep_2049,138,192.8,0.11046774863635583,0.09865581220276635
scope_20260424_115654,sweep_2050,138,192.8,0.11046774863635583,0.10003590199933408
scope_20260424_115654,sweep_2051,138,192.8,0.11046774863635583,0.09971080827238377
scope_20260424_115654,sweep_2052,138,192.8,0.11046774863635583,0.09831083093470341
scope_20260424_115654,sweep_2053,138,192.8,0.11046774863635583,0.10092265272143272
scope_20260424_115654,sweep_2054,138,192.8,0.10722974949114585,0.09040308243793183
scope_20260424_115654,sweep_2055,138,192.8,0.10722974949114585,0.09045570845808261
scope_20260424_115654,sweep_2056,138,192.8,0.10722974949114585,0.09603012144054066
scope_20260424_115654,sweep_2057,138,192.8,0.10722974949114585,0.08216563215064755
scope_20260424_115654,sweep_2058,138,192.8,0.10722974949114585,0.10169342868634983
scope_20260424_115654,sweep_2059,138,192.8,0.10722974949114585,0.08656952062961354
scope_20260424_115654,sweep_2060,138,192.8,0.11046774863635583,0.09100494497277493
scope_20260424_115654,sweep_2061,138,192.8,0.11046774863635583,0.10429695807116665
scope_20260424_115654,sweep_2062,138,192.8,0.11046774863635583,0.09677059481103105
scope_20260424_115654,sweep_2063,138,192.8,0.11046774863635583,0.08665103422208104
scope_20260424_115654,sweep_2064,138,192.8,0.11046774863635583,0.0949510504866937
scope_20260424_115654,sweep_2065,138,192.8,0.11046774863635583,0.09219855395814472
scope_20260424_115654,sweep_2066,138,192.8,0.11046774863635583,0.11937480761239824
scope_20260424_115654,sweep_2067,138,192.8,0.11046774863635583,0.09802801544033107
scope_20260424_115654,sweep_2068,138,192.8,0.11046774863635583,0.09178091670364934
scope_20260424_115654,sweep_2069,138,192.8,0.1138470923359366,0.09582387385472815
scope_20260424_115654,sweep_2070,138,192.8,0.1138470923359366,0.24115614335305166
scope_20260424_115654,sweep_2071,139,363.41,0.1926692974561432,0.184443121718451
scope_20260424_115654,sweep_2072,139,363.2,0.19257688418073962,0.2346826016714959
scope_20260424_115654,sweep_2073,139,363.61,0.1927573016595424,0.23129175667529694
scope_20260424_115654,sweep_2074,139,362.76,0.1923832269022077,0.20502015409125093
scope_20260424_115654,sweep_2075,139,362.75,0.19237882513650909,0.21222578224882258
scope_20260424_115654,sweep_2076,139,364.04,0.1989265017721058,0.20941931035063555
scope_20260424_115654,sweep_2077,139,364.04,0.1989265017721058,0.15479177745630782
scope_20260424_115654,sweep_2078,139,362.55,0.19825048229702455,0.2521774403592504
scope_20260424_115654,sweep_2079,139,363.6,0.19872692088669316,0.19333159585327073
scope_20260424_115654,sweep_2080,139,363.2,0.19854544808724056,0.22602277006519364
scope_20260424_115654,sweep_2081,139,363.82,0.20507042911176157,0.19266747926070088
scope_20260424_115654,sweep_2082,139,364.27,0.20528093363738076,0.2761308789144474
scope_20260424_115654,sweep_2083,139,364.48,0.2053791539514571,0.2894089102899965
scope_20260424_115654,sweep_2084,139,364.69,0.20547736464554406,0.21205467460208807
scope_20260424_115654,sweep_2085,139,362.13,0.2042794718436712,0.23369581770568418
scope_20260424_115654,sweep_2086,139,364.04,0.21170202918763184,0.2784635558862155
scope_20260424_115654,sweep_2087,139,364.46,0.2119047324439045,0.21488355428355202
scope_20260424_115654,sweep_2088,139,364.89,0.21211222083230377,0.2082273786433075
scope_20260424_115654,sweep_2089,139,363.63,0.21150411384796378,0.24712572500936567
scope_20260424_115654,sweep_2090,139,365.55,0.2124306105463378,0.28697164682850596
scope_20260424_115654,sweep_2091,139,364.91,0.2121218704430406,0.2016480382806399
scope_20260424_115654,sweep_2092,139,364.9,0.21895695814950844,0.22992404264046068
scope_20260424_115654,sweep_2093,139,364.27,0.2186431477718194,0.2741448526482079
scope_20260424_115654,sweep_2094,139,365.53,0.2192706764357263,0.12165162470261644
scope_20260424_115654,sweep_2095,139,365.1,0.2190565612245524,0.15339656862186163
scope_20260424_115654,sweep_2096,139,364.68,0.21884738404709483,0.20944250774584539
scope_20260424_115654,sweep_2097,139,364.92,0.22612272021423696,0.2070871160186218
scope_20260424_115654,sweep_2098,139,364.91,0.226117577106297,0.19611208370864266
scope_20260424_115654,sweep_2099,139,364.9,0.22611243397439684,0.23884726742208395
scope_20260424_115654,sweep_2100,139,363.4,0.22534069239870397,0.23808005722546813
scope_20260424_115654,sweep_2101,139,364.89,0.22610729081853578,0.13831311902001103
scope_20260424_115654,sweep_2102,139,365.31,0.22632328274315164,0.2046804119276385
scope_20260424_115654,sweep_2103,139,365.1,0.23370803920540903,0.22940750884261513
scope_20260424_115654,sweep_2104,139,365.32,0.23382491924568216,0.2485414074248222
scope_20260424_115654,sweep_2105,139,365.54,0.23394178732085608,0.21891151259102556
scope_20260424_115654,sweep_2106,139,364.91,0.23360708771702757,0.20472058279288333
scope_20260424_115654,sweep_2107,139,364.06,0.23315535314844488,0.26776710151907157
scope_20260424_115654,sweep_2108,139,364.89,0.23359646072483142,0.1987029660566326
scope_20260424_115654,sweep_2109,139,365.33,0.23383023169042705,0.2724541454155137
scope_20260424_115654,sweep_2110,139,364.9,0.24144454249797356,0.31583990753977664
scope_20260424_115654,sweep_2111,139,364.89,0.24143905059780674,0.1933241482169738
scope_20260424_115654,sweep_2112,139,364.67,0.241318222319302,0.15287080881250112
scope_20260424_115654,sweep_2113,139,364.48,0.24121386065157888,0.21674234314525326
scope_20260424_115654,sweep_2114,139,364.04,0.24097214548095802,0.23229033302346477
scope_20260424_115654,sweep_2115,139,364.47,0.24120836767607273,0.25029034552169993
scope_20260424_115654,sweep_2116,139,363.83,0.240856763916073,0.1954497585140689
scope_20260424_115654,sweep_2117,139,364.47,0.24120836767607273,0.2162066781538141
scope_20260424_115654,sweep_2118,139,363.61,0.24073587584715347,0.2595013029217628
scope_20260424_115654,sweep_2119,139,364.26,0.23326165975096402,0.1765985262794432
scope_20260424_115654,sweep_2120,139,364.48,0.23337858555385393,0.3062282513350414
scope_20260424_115654,sweep_2121,139,364.45,0.2333626418328327,0.2751138420456355
scope_20260424_115654,sweep_2122,140,515.87,0.3113725021409206,0.2688252437061956
scope_20260424_115654,sweep_2123,140,506.24,0.29671260608235744,0.39706929517637396
scope_20260424_115654,sweep_2124,140,511.19,0.2991186474946926,0.3339613350771148
scope_20260424_115654,sweep_2125,140,515.89,0.3013995081992827,0.2578292586821951
scope_20260424_115654,sweep_2126,140,521.05,0.29428243888294425,0.2909728592618865
scope_20260424_115654,sweep_2127,140,526.36,0.296769478397418,0.25089166508708594
scope_20260424_115654,sweep_2128,140,494.96,0.273189780106522,0.4776149198102393
scope_20260424_115654,sweep_2129,140,530.38,0.2893200879353831,0.3204615900925305
scope_20260424_115654,sweep_2130,140,535.89,0.28281339770756125,0.38145467971115843
scope_20260424_115654,sweep_2131,140,538.66,0.28402620476922574,0.29058374267338216
scope_20260424_115654,sweep_2132,140,541.96,0.28546968234998216,0.2528811185214587
scope_20260424_115654,sweep_2133,141,756.89,0.37667290756002053,0.34534445526881136
scope_20260424_115654,sweep_2134,142,731.98,0.3552002281520312,0.30206236852155294
scope_20260424_115654,sweep_2135,142,730.26,0.35450733323737105,0.25428710123864107
scope_20260424_115654,sweep_2136,142,728.54,0.3538141608280605,0.3953575882087006
scope_20260424_115654,sweep_2137,142,726.82,0.3531207101574384,0.34551419961905744
scope_20260424_115654,sweep_2138,142,725.11,0.3524310145750393,0.45982358486551267
scope_20260424_115654,sweep_2139,142,724.31,0.35210825506446297,0.31700752870539584
scope_20260424_115654,sweep_2140,142,723.41,0.3517450781649286,0.37317626837085616
scope_20260424_115654,sweep_2141,142,722.58,0.3514100802706162,0.3945753044299407
scope_20260424_115654,sweep_2142,142,720.11,0.3504127714477518,0.4145139416977651
scope_20260424_115654,sweep_2143,143,931.43,0.43384397620342136,0.4701703974812416
scope_20260424_115654,sweep_2144,143,905.56,0.4238187724318957,0.4558077576200662
scope_20260424_115654,sweep_2145,143,896.49,0.4202924715250582,0.44575481808701417
scope_20260424_115654,sweep_2146,143,891.29,0.41826804437973336,0.4557023848472066
scope_20260424_115654,sweep_2147,143,887.56,0.41681467070774036,0.5253297691431889
scope_20260424_115654,sweep_2148,143,883.76,0.4153329537620816,0.372246189382922
scope_20260424_115654,sweep_2149,143,881.17,0.41432242611033254,0.4788711206419521
scope_20260424_115654,sweep_2150,143,876.17,0.4123701703400649,0.30035571554764057
scope_20260424_115654,sweep_2151,143,870.11,0.42287668396741857,0.503157847582599
scope_20260424_115654,sweep_2152,143,868.91,0.42239256750180343,0.5358352682775775
scope_20260424_115654,sweep_2153,143,864.09,0.42044688589641555,0.45106578693115457
scope_20260424_115654,sweep_2154,144,1045.62,0.49665421806625426,0.5685481703394732
scope_20260424_115654,sweep_2155,144,1042.12,0.49582229688760515,0.6292488037883435
scope_20260424_115654,sweep_2156,144,1033.48,0.49376263922565355,0.5065142258401979
scope_20260424_115654,sweep_2157,144,1024.94,0.5073649763233791,0.571444635183737
scope_20260424_115654,sweep_2158,144,1016.6,0.5052965299059069,0.5720010934342795
scope_20260424_115654,sweep_2159,144,1011.67,0.5040698235324172,0.49931608268040284
scope_20260424_115654,sweep_2160,144,1005.03,0.5024128930642353,0.531238238394614
scope_20260424_115654,sweep_2161,144,998.59,0.4891731932027757,0.4659585962561233
scope_20260424_115654,sweep_2162,144,993.84,0.4872411224608388,0.41851278541280834
scope_20260424_115654,sweep_2163,144,987.56,0.5003134082147296,0.4205986519173159
scope_20260424_115654,sweep_2164,144,984.38,0.4989758802679846,0.6119321219913644
scope_20260424_115654,sweep_2165,145,1167.13,0.5588741992255022,0.5316792539679622
scope_20260424_115654,sweep_2166,145,1154.36,0.5558083656372157,0.5257676798026212
scope_20260424_115654,sweep_2175,147,1355.38,0.6425432517739006,0.5384443966736695
scope_20260424_115654,sweep_2176,148,1332.39,0.6370705255276511,0.7703001800348704
scope_20260424_115654,sweep_2177,148,1335.02,0.6376989712092735,0.7486371094216869
scope_20260424_115654,sweep_2178,148,1332.24,0.6370346639298738,0.6624301805214141
scope_20260424_115654,sweep_2179,148,1332.3,0.6370490088112369,0.6441212437523893
scope_20260424_115654,sweep_2180,148,1334.99,0.6591011857188549,0.6401472088274298
scope_20260424_115654,sweep_2181,148,1332.3,0.6584368076228688,0.6593710342096768
scope_20260424_115654,sweep_2182,148,1332.3,0.6584368076228688,0.5781917343032228
scope_20260424_115654,sweep_2183,148,1332.27,0.6584293944218527,0.5688369534836057
scope_20260424_115654,sweep_2184,148,1332.33,0.658444220740422,0.8118941449445746
scope_20260424_115654,sweep_2185,148,1332.27,0.6584293944218527,0.7786524424505321
scope_20260424_115654,sweep_2197,150,1709.3,0.6763376913894769,0.8563834038902439
scope_20260424_115654,sweep_2198,150,1713.89,0.6772451706894126,0.6917269292588272
scope_20260424_115654,sweep_2199,150,1709.26,0.6763297777213292,1.0204933480507667
scope_20260424_115654,sweep_2200,150,1709.45,0.6552385858653988,0.7039950844551672
scope_20260424_115654,sweep_2201,150,1709.35,0.6552194203978876,0.6019794601539484
scope_20260424_115654,sweep_2202,150,1709.4,0.6552290032017172,0.8330675326488955
scope_20260424_115654,sweep_2203,150,1709.3,0.6552098374539045,0.658389684301086
scope_20260424_115654,sweep_2204,150,1709.4,0.6350223887065904,0.6692551732650754
scope_20260424_115654,sweep_2205,150,1709.26,0.6349963839813105,0.5212234072691899
scope_20260424_115654,sweep_2206,150,1709.21,0.6349870963213312,0.616907211167935
scope_20260424_115654,sweep_2207,150,1709.16,0.6349778085255039,0.6539526627622415
scope_20260424_115654,sweep_2208,151,1896.75,0.6689170007748125,0.6846423538061899
scope_20260424_115654,sweep_2209,151,1896.93,0.6689487398557904,0.706042933231204
scope_20260424_115654,sweep_2210,151,1896.93,0.6689487398557904,0.53434372694604
scope_20260424_115654,sweep_2211,151,1896.81,0.6689275806357992,0.6221102948738974
scope_20260424_115654,sweep_2212,151,1902.77,0.669977680945258,0.8462352231922751
scope_20260424_115654,sweep_2213,151,1902.59,0.6699459906109645,0.5545575091884385
scope_20260424_115654,sweep_2214,151,1896.81,0.6689275806357992,0.824618171430954
scope_20260424_115654,sweep_2215,151,1896.99,0.6689593192148109,0.7680576237559581
scope_20260424_115654,sweep_2216,151,1896.93,0.6689487398557904,0.804666238705659
scope_20260424_115654,sweep_2217,151,1896.93,0.6689487398557904,0.7411269822438884
scope_20260424_115654,sweep_2218,152,2080.8,0.7006197200760139,0.9590562797733824
scope_20260424_115654,sweep_2219,152,2080.8,0.7006197200760139,0.877465254689428
scope_20260424_115654,sweep_2220,152,2081.02,0.7006567568562136,0.7253788918902025
scope_20260424_115654,sweep_2221,152,2080.88,0.7006331882226127,0.8133922064320698
scope_20260424_115654,sweep_2222,152,2080.88,0.7229275592380057,0.8194965720500453
scope_20260424_115654,sweep_2223,152,2080.8,0.7229136625306962,0.9222497377927366
scope_20260424_115654,sweep_2224,152,2080.88,0.7229275592380057,0.8099859818815897
scope_20260424_115654,sweep_2225,152,2081.02,0.7229518778330282,0.8366500260839783
scope_20260424_115654,sweep_2226,152,2087.76,0.7241216783672982,0.8635637078791979
scope_20260424_115654,sweep_2227,152,2080.88,0.7462390344394978,0.8656976660353323
scope_20260424_115654,sweep_2228,153,2295.68,0.7838087723335997,0.8559390342550188
scope_20260424_115654,sweep_2229,153,2270.75,0.7795412584681941,0.9194471854537948
scope_20260424_115654,sweep_2230,153,2270.92,0.7795704381519358,0.7771993534011754
scope_20260424_115654,sweep_2231,153,2270.66,0.7795258099581308,0.9489359011374009
scope_20260424_115654,sweep_2232,153,2270.58,0.8049863986467217,0.6108379997689067
scope_20260424_115654,sweep_2233,153,2270.58,0.8049863986467217,0.9018818330934748
scope_20260424_115654,sweep_2234,153,2270.83,0.8050307135487405,0.8548510594907872
scope_20260424_115654,sweep_2235,153,2270.75,0.8050165330455084,0.6038151626536823
scope_20260424_115654,sweep_2236,153,2270.75,0.8050165330455084,0.8576335508523103
scope_20260424_115654,sweep_2237,153,2270.66,0.8316639663149417,0.8533911884439604
scope_20260424_115654,sweep_2238,153,2270.49,0.831632833181703,0.7658552114508065
scope_20260424_115654,sweep_2239,154,2459.02,0.8654716788868825,0.9599032872326826
scope_20260424_115654,sweep_2240,154,2459.12,0.8654892766063016,1.190364921828318
scope_20260424_115654,sweep_2241,154,2459.32,0.8655244709717568,0.838851982807473
scope_20260424_115654,sweep_2242,154,2459.12,0.8945465551918576,1.0606732268831482
scope_20260424_115654,sweep_2243,154,2459.12,0.8945465551918576,0.9383719317718023
scope_20260424_115654,sweep_2244,154,2459.02,0.8945283666599935,0.9752120097217022
scope_20260424_115654,sweep_2245,154,2459.22,0.8945647433539072,0.6984728643706284
scope_20260424_115654,sweep_2246,154,2459.12,0.8945465551918576,0.7258456562382796
scope_20260424_115654,sweep_2247,154,2459.12,0.8945465551918576,0.6495890426747642
scope_20260424_115654,sweep_2248,154,2459.12,0.8945465551918576,0.9075537595674764
scope_20260424_115654,sweep_2249,154,2459.42,0.8946011185686551,0.7533731070787976
scope_20260424_115654,sweep_2250,155,2647.49,0.928175821003967,1.0047071120211915
scope_20260424_115654,sweep_2251,155,2647.37,0.9281547855400629,0.6496749019659388
scope_20260424_115654,sweep_2252,155,2647.6,0.9281951030937587,0.8555025818537699
scope_20260424_115654,sweep_2253,155,2647.49,0.928175821003967,0.9178340729441093
scope_20260424_115654,sweep_2254,155,2647.49,0.8980261733967444,0.9467963380322858
scope_20260424_115654,sweep_2256,157,2647.37,0.8980058212212967,0.7212309280344908
scope_20260424_115654,sweep_2257,157,2647.37,0.8980058212212967,0.6716048878738178
scope_20260424_115654,sweep_2258,158,2658.99,0.8711210141020743,0.8483119339303731
scope_20260424_115654,sweep_2260,160,2840.51,0.9003643684353758,0.8474842255461965
scope_20260424_115654,sweep_2261,160,2840.77,0.9004055739546658,0.8409203078789587
scope_20260424_115654,sweep_2262,160,2840.91,0.8719331354944955,0.8270599695526395
scope_20260424_115654,sweep_2263,160,2840.91,0.8719331354944955,0.8299401009909988
scope_20260424_115654,sweep_2264,160,2840.77,0.8719116508042171,0.8755283515918658
scope_20260424_115654,sweep_2265,160,2841.04,0.8447144768400509,0.8957920332893018
scope_20260424_115654,sweep_2266,160,2841.04,0.8447144768400509,0.8299946261443801
scope_20260424_115654,sweep_2267,160,2841.18,0.8447352893893103,0.873363901700993
scope_20260424_115654,sweep_2268,160,2840.77,0.844674336904012,1.039864899999739
scope_20260424_115654,sweep_2269,160,2840.91,0.818645587331545,0.9016553564022938
scope_20260424_115654,sweep_2270,160,2841.04,0.8186643177223161,0.989421519208545
scope_20260424_115654,sweep_2271,161,2977.08,0.838035546117273,0.9427771960299627
scope_20260424_115654,sweep_2272,161,2962.96,0.8360458236294718,0.991125509678231
scope_20260424_115654,sweep_2273,161,2962.96,0.8360458236294718,0.7273492086007022
scope_20260424_115654,sweep_2274,161,2962.52,0.8359837448602285,0.9831974736537752
scope_20260424_115654,sweep_2275,161,2962.52,0.8359837448602285,0.7647762916662361
scope_20260424_115654,sweep_2276,161,2962.52,0.8359837448602285,0.961740262098808
scope_20260424_115654,sweep_2277,161,2977.08,0.838035546117273,1.002795287622509
scope_20260424_115654,sweep_2278,161,2962.67,0.8626068508325855,0.8956393860000413
scope_20260424_115654,sweep_2279,161,2976.78,0.8646585348250597,1.0400185311480794
scope_20260424_115654,sweep_2280,161,2976.63,0.8646367494707262,0.8614598911146948
scope_20260424_115654,sweep_2281,161,2962.67,0.8626068508325855,1.058097775909973
scope_20260424_115654,sweep_2282,161,2962.82,0.8626286874512267,0.8470539524912271
scope_20260424_115654,sweep_2283,161,2976.49,0.864616415978104,0.8755497656699187
scope_20260424_115654,sweep_2284,161,2962.96,0.8904659937036877,0.9767950130048211
scope_20260424_115654,sweep_2285,161,2962.96,0.8904659937036877,0.8861002299077169
scope_20260424_115654,sweep_2286,161,2962.67,0.8904224154142102,0.6124299838794018
scope_20260424_115654,sweep_2287,161,2976.63,0.8925177700322204,0.8515330896857098
scope_20260424_115654,sweep_2288,161,2962.67,0.8904224154142102,0.9716264940695323
scope_20260424_115654,sweep_2289,161,2962.82,0.8904449561750402,0.8827263819416843
scope_20260424_115654,sweep_2290,161,2976.78,0.9217083203658776,0.8432740103741936
scope_20260424_115654,sweep_2291,161,2962.82,0.9195445445651642,0.9586776808564698
scope_20260424_115654,sweep_2292,161,2976.93,0.9217315425231104,1.089200488125827
scope_20260424_115654,sweep_2293,161,2976.63,0.921685097623555,0.9816563315819034
scope_20260424_115654,sweep_2294,161,2976.78,0.9522373236115375,0.9139406415521178
scope_20260424_115654,sweep_2295,161,2962.82,0.9500018788055832,1.007907429174902
scope_20260424_115654,sweep_2296,161,2976.93,0.9522613149376037,0.9759204173025473
scope_20260424_115654,sweep_2297,161,2976.78,0.9522373236115375,1.0837153862062365
scope_20260424_115654,sweep_2298,161,2962.52,0.949953781422274,1.1649955474942215
scope_20260424_115654,sweep_2299,161,2962.38,0.9818236071661934,0.9893655241033331
scope_20260424_115654,sweep_2300,161,2976.93,0.9842318119296496,1.0006675023983265
scope_20260424_115654,sweep_2301,161,2976.78,0.9842070151370526,0.9496365557153519
scope_20260424_115654,sweep_2302,161,2962.82,0.9818965192077106,1.123004172174171
scope_20260424_115654,sweep_2303,161,2962.82,0.9818965192077106,0.9265568910859914
scope_20260424_115654,sweep_2304,161,2962.67,0.9818716634381924,1.0141287181028888
scope_20260424_115654,sweep_2305,161,2962.67,0.9818716634381924,0.778542707614884
scope_20260424_115654,sweep_2306,161,2962.67,0.9818716634381924,1.0114610624389215
scope_20260424_115654,sweep_2307,161,2976.63,0.9841822177196922,1.0162793008143312
scope_20260424_115654,sweep_2308,161,2976.63,0.9841822177196922,0.9786024345478143
scope_20260424_115654,sweep_2309,161,2962.82,0.9818965192077106,0.7551296522473874
scope_20260424_115654,sweep_2310,161,2962.82,0.9818965192077106,0.9932210856434887
scope_20260424_115654,sweep_2311,161,2976.93,0.9842318119296496,0.9881267262476331
scope_20260424_115654,sweep_2312,161,2976.49,0.9521909386670959,1.1134631173930045
scope_20260424_115654,sweep_2313,161,2976.93,0.9522613149376037,1.041899673016237
scope_20260424_115654,sweep_2314,161,2976.78,0.9522373236115375,1.0067576919066097
scope_20260424_115654,sweep_2315,161,2962.82,0.9500018788055832,1.0743247575972483
scope_20260424_115654,sweep_2316,161,2963.11,0.9195895458465274,0.7702941660811212
scope_20260424_115654,sweep_2317,161,2976.78,0.9217083203658776,0.8147007078615663
scope_20260424_115654,sweep_2318,161,2962.67,0.9195212671761377,0.9469035121313438
scope_20260424_115654,sweep_2319,161,2962.67,0.8904224154142102,0.9581789547491739
scope_20260424_115654,sweep_2320,161,2962.82,0.8904449561750402,1.0064450254885748
scope_20260424_115654,sweep_2321,161,2976.63,0.8925177700322204,0.9676253623764083
scope_20260424_115654,sweep_2322,161,2962.82,0.8904449561750402,0.6331828040443049
scope_20260424_115654,sweep_2323,161,2976.78,0.8646585348250597,0.9260493045563811
scope_20260424_115654,sweep_2324,161,2976.93,0.864680319630518,0.7308325439592099
scope_20260424_115654,sweep_2325,161,2976.78,0.8646585348250597,0.9979607287277146
scope_20260424_115654,sweep_2326,161,2962.82,0.8626286874512267,1.0430630135985655
scope_20260424_115654,sweep_2327,161,2976.63,0.8379722071664295,1.0249238710990418
scope_20260424_115654,sweep_2328,161,2962.82,0.8360260717938153,1.1446822434464854
scope_20260424_115654,sweep_2329,161,2962.67,0.8360049085948985,1.0052495397593357
scope_20260424_115654,sweep_2330,161,2976.49,0.8379525007386117,0.7269258187430558
scope_20260424_115654,sweep_2331,161,2962.67,0.8360049085948985,0.9258093266697708
scope_20260424_115654,sweep_2332,161,2962.52,0.8359837448602285,0.8237760294398246
scope_20260424_115654,sweep_2333,161,2977.08,0.838035546117273,0.8423173176692558
scope_20260424_115654,sweep_2334,161,2976.78,0.8379933206819792,0.7358186748977313
scope_20260424_115654,sweep_2335,161,2962.67,0.8360049085948985,1.1139330066739603
scope_20260424_115654,sweep_2336,161,2962.82,0.8626286874512267,1.1123847665460578
scope_20260424_115654,sweep_2337,161,2976.93,0.864680319630518,1.1206682492559012
scope_20260424_115654,sweep_2338,161,2976.93,0.864680319630518,1.020606968432647
scope_20260424_115654,sweep_2339,161,2962.82,0.8626286874512267,1.2039882262866153
scope_20260424_115654,sweep_2340,161,2976.78,0.8646585348250597,0.896987622161985
scope_20260424_115654,sweep_2341,161,2977.08,0.8647021038871423,1.1122067841813343
scope_20260424_115654,sweep_2342,161,2976.78,0.8925402578756771,0.8792845392578634
scope_20260424_115654,sweep_2343,161,2976.63,0.8925177700322204,0.6117837981202121
scope_20260424_115654,sweep_2344,161,2962.67,0.8904224154142102,1.079355788806434
scope_20260424_115654,sweep_2345,161,2962.96,0.8904659937036877,1.0748675130124747
scope_20260424_115654,sweep_2346,161,2976.78,0.8925402578756771,0.8047398077532153
scope_20260424_115654,sweep_2347,161,2977.08,0.8925852318629106,1.0345715952640986
scope_20260424_115654,sweep_2348,161,2962.52,0.9194979891978365,0.6138354817452479
scope_20260424_115654,sweep_2349,161,2962.52,0.9194979891978365,0.9123679221546037
scope_20260424_115654,sweep_2350,161,2962.82,0.9195445445651642,0.9860026051440605
scope_20260424_115654,sweep_2351,161,2962.96,0.9195662695966385,0.7910772954317998
scope_20260424_115654,sweep_2352,161,2976.93,0.9217315425231104,1.0728564666095606
scope_20260424_115654,sweep_2353,161,2962.82,0.9500018788055832,0.5422177542085623
scope_20260424_115654,sweep_2354,161,2976.93,0.9522613149376037,1.1073734850069572
scope_20260424_115654,sweep_2355,161,2962.52,0.949953781422274,0.9343157261304356
scope_20260424_115654,sweep_2356,161,2976.93,0.9522613149376037,0.9752047612965343
scope_20260424_115654,sweep_2357,161,2962.96,0.9819197173582628,0.8497145659882156
scope_20260424_115654,sweep_2358,161,2962.67,0.9818716634381924,0.9753001913064743
scope_20260424_115654,sweep_2359,161,2962.96,0.9819197173582628,1.0497897769994526
scope_20260424_115654,sweep_2360,161,2976.93,0.9842318119296496,0.9252369965451304
scope_20260424_115654,sweep_2361,161,2976.63,0.9841822177196922,0.8055395959107595
scope_20260424_115654,sweep_2362,161,2962.67,0.9818716634381924,0.6858156330574203
scope_20260424_115654,sweep_2363,161,2976.63,0.9841822177196922,1.0522574693095716
scope_20260424_115654,sweep_2364,161,2976.63,0.9841822177196922,0.6038549061603882
scope_20260424_115654,sweep_2365,161,2976.63,0.9841822177196922,0.944977589795704
scope_20260424_115654,sweep_2366,161,2962.82,0.9818965192077106,0.7782641224135609
scope_20260424_115654,sweep_2367,161,2976.63,0.9841822177196922,0.9079058211560559
scope_20260424_115654,sweep_2368,161,2976.63,0.9841822177196922,0.7839816088631149
scope_20260424_115654,sweep_2369,161,2976.78,0.9842070151370526,1.0670162329180954
scope_20260424_115654,sweep_2370,161,2976.63,0.952213331681002,0.6483692568954263
scope_20260424_115654,sweep_2371,161,2976.78,0.9522373236115375,1.0071032553307877
scope_20260424_115654,sweep_2372,161,2962.82,0.9500018788055832,0.9133441037681502
scope_20260424_115654,sweep_2373,161,2977.08,0.9522853056592462,1.0119234850775898
scope_20260424_115654,sweep_2374,161,2976.49,0.9216634225361335,0.8653724265659029
scope_20260424_115654,sweep_2375,161,2976.63,0.921685097623555,0.7322130689930915
scope_20260424_115654,sweep_2376,161,2976.63,0.921685097623555,0.7817259234708877
scope_20260424_115654,sweep_2377,161,2962.67,0.8904224154142102,0.8692963038530604
scope_20260424_115654,sweep_2378,161,2976.93,0.8925627451525597,0.8697589874737002
scope_20260424_115654,sweep_2379,161,2976.78,0.8925402578756771,0.9567437300033912
scope_20260424_115654,sweep_2380,161,2976.63,0.8646367494707262,0.9931726721532693
scope_20260424_115654,sweep_2381,161,2962.96,0.8626490677965795,0.9784067877940409
scope_20260424_115654,sweep_2382,161,2976.63,0.8646367494707262,0.9970954180827155
scope_20260424_115654,sweep_2383,161,2976.49,0.864616415978104,0.853113667717246
scope_20260424_115654,sweep_2384,161,2976.78,0.8379933206819792,0.6933758288503628
scope_20260424_115654,sweep_2385,161,2962.82,0.8360260717938153,1.0285817518468683
scope_20260424_115654,sweep_2386,161,2976.49,0.8379525007386117,0.9258414110934103
scope_20260424_115654,sweep_2387,161,2962.52,0.8359837448602285,0.9269963000890601
scope_20260424_115654,sweep_2388,161,2963.11,0.8360669857927142,1.0508990057175198
scope_20260424_115654,sweep_2389,161,2963.11,0.8360669857927142,1.0243822928859119
scope_20260424_115654,sweep_2390,161,2976.78,0.8379933206819792,0.9517172468536531
scope_20260424_115654,sweep_2391,161,2976.34,0.8379313861945143,0.6675476460382541
scope_20260424_115654,sweep_2392,161,2976.78,0.8379933206819792,0.9014506435792113
scope_20260424_115654,sweep_2393,161,2962.96,0.8360458236294718,0.9445115723709303
scope_20260424_115654,sweep_2394,161,2976.49,0.864616415978104,0.6372538182334778
scope_20260424_115654,sweep_2395,161,2962.82,0.8626286874512267,1.0757962987320604
scope_20260424_115654,sweep_2396,161,2962.67,0.8626068508325855,0.8090626393097041
scope_20260424_115654,sweep_2397,161,2962.67,0.8626068508325855,1.1530442440367519
scope_20260424_115654,sweep_2398,161,2962.52,0.8625850136611433,0.874177132881922
scope_20260424_115654,sweep_2399,161,2976.34,0.864594629562494,0.5997441165242791
scope_20260424_115654,sweep_2400,161,2962.67,0.8904224154142102,0.864826965017374
scope_20260424_115654,sweep_2401,161,2962.82,0.8904449561750402,1.0296125287722815
scope_20260424_115654,sweep_2402,161,2962.52,0.8903998740827536,1.0692765962060025
scope_20260424_115654,sweep_2403,161,2976.63,0.8925177700322204,1.018073009932626
scope_20260424_115654,sweep_2404,161,2976.63,0.8925177700322204,0.8836375243457447
scope_20260424_115654,sweep_2405,161,2976.78,0.8925402578756771,0.720832501033615
scope_20260424_115654,sweep_2406,161,2976.93,0.9217315425231104,0.9710658130215939
scope_20260424_115654,sweep_2407,161,2976.93,0.9217315425231104,1.038790206115566
scope_20260424_115654,sweep_2408,161,2962.96,0.9195662695966385,0.6549187312826155
scope_20260424_115654,sweep_2409,161,2976.78,0.9217083203658776,1.0956233307719432
scope_20260424_115654,sweep_2410,161,2962.96,0.9195662695966385,0.5859037118529318
scope_20260424_115654,sweep_2411,161,2962.82,0.9500018788055832,0.9430575543221935
scope_20260424_115654,sweep_2412,161,2976.78,0.9522373236115375,0.5516105903631604
scope_20260424_115654,sweep_2413,161,2962.67,0.949977830418325,0.9194494121891333
scope_20260424_115654,sweep_2414,161,2962.52,0.949953781422274,0.7426131355604366
scope_20260424_115654,sweep_2415,161,2976.63,0.952213331681002,0.8842687255297947
scope_20260424_115654,sweep_2416,161,2962.82,0.9818965192077106,0.9765857228718006
scope_20260424_115654,sweep_2417,161,2976.63,0.9841822177196922,0.8927096897128981
scope_20260424_115654,sweep_2418,161,2976.78,0.9842070151370526,0.9659408222262914
scope_20260424_115654,sweep_2419,161,2976.78,0.9842070151370526,0.764104240002188
scope_20260424_115654,sweep_2420,161,2962.52,0.9818468070394425,0.7075119212085527
scope_20260424_115654,sweep_2421,161,2976.63,0.9841822177196922,0.6676803196112883
scope_20260424_115654,sweep_2422,161,2976.78,0.9842070151370526,0.7593621163899106
scope_20260424_115654,sweep_2423,161,2976.78,0.9842070151370526,0.704263265319546
scope_20260424_115654,sweep_2424,161,2976.63,0.9841822177196922,0.7052517694289046
scope_20260424_115654,sweep_2425,161,2976.34,0.9841342742744019,0.9561978362384926
scope_20260424_115654,sweep_2426,161,2963.11,0.9819445719114014,0.6539872596543287
scope_20260424_115654,sweep_2427,161,2977.08,0.9842566080975306,0.7186728339044376
scope_20260424_115654,sweep_2428,161,2976.63,0.952213331681002,0.8292837522139221
scope_20260424_115654,sweep_2429,161,2976.93,0.9522613149376037,0.8340148651898556
scope_20260424_115654,sweep_2430,161,2962.67,0.949977830418325,0.7187190988479274
scope_20260424_115654,sweep_2431,161,2976.49,0.9521909386670959,0.6389651511482128
scope_20260424_115654,sweep_2432,161,2976.93,0.9217315425231104,0.8084200042805075
scope_20260424_115654,sweep_2433,161,2962.67,0.9195212671761377,0.6673569024032828
scope_20260424_115654,sweep_2434,161,2976.63,0.921685097623555,0.8145927232299607
scope_20260424_115654,sweep_2435,161,2976.49,0.8924967808671134,0.9665657517080035
scope_20260424_115654,sweep_2436,161,2962.82,0.8904449561750402,0.9948046072878797
scope_20260424_115654,sweep_2437,161,2962.67,0.8904224154142102,0.9946065212621117
scope_20260424_115654,sweep_2438,161,2976.93,0.8925627451525597,0.9180534844531775
scope_20260424_115654,sweep_2439,161,2962.67,0.8626068508325855,1.0709352423374203
scope_20260424_115654,sweep_2440,161,2962.82,0.8626286874512267,0.8803897499603255
scope_20260424_115654,sweep_2441,161,2976.93,0.864680319630518,0.7930171470409602
scope_20260424_115654,sweep_2442,161,2962.82,0.8626286874512267,0.7968687556455617
scope_20260424_115654,sweep_2443,161,2962.96,0.8360458236294718,0.9517741382609818
scope_20260424_115654,sweep_2444,161,2976.78,0.8379933206819792,0.6397916758324751
scope_20260424_115654,sweep_2445,161,2977.22,0.8380552505923223,0.7154118607444387
scope_20260424_115654,sweep_2446,161,2976.78,0.8379933206819792,0.9796328397645896
scope_20260424_115654,sweep_2447,161,2977.08,0.838035546117273,0.7117105676237516
scope_20260424_115654,sweep_2448,161,2962.82,0.8360260717938153,0.8570808971632354
scope_20260424_115654,sweep_2449,161,2962.82,0.8360260717938153,0.9200745946647265
scope_20260424_115654,sweep_2450,161,2962.52,0.8359837448602285,0.8045316102179665
scope_20260424_115654,sweep_2451,161,2976.63,0.8646367494707262,0.7970040072312276
scope_20260424_115654,sweep_2452,161,2962.67,0.8626068508325855,0.8506387907402272
scope_20260424_115654,sweep_2453,161,2962.52,0.8625850136611433,0.5295049732356013
scope_20260424_115654,sweep_2454,161,2962.96,0.8626490677965795,0.9759234269779719
scope_20260424_115654,sweep_2455,161,2962.96,0.8626490677965795,0.9645589920801315
scope_20260424_115654,sweep_2456,161,2962.82,0.8626286874512267,0.704849872071599
scope_20260424_115654,sweep_2457,161,2962.67,0.8626068508325855,0.96430860597611
scope_20260424_115654,sweep_2458,161,2963.11,0.890488533361429,0.8136519192778263
scope_20260424_115654,sweep_2459,161,2976.63,0.8925177700322204,0.9289702213982811
scope_20260424_115654,sweep_2460,161,2976.78,0.8925402578756771,1.0174303047566842
scope_20260424_115654,sweep_2461,161,2962.96,0.8904659937036877,1.0632423268751747
scope_20260424_115654,sweep_2462,161,2962.82,0.8904449561750402,0.7861812676683843
scope_20260424_115654,sweep_2463,161,2976.78,0.8925402578756771,0.9609980453044513
scope_20260424_115654,sweep_2464,161,2976.49,0.9216634225361335,0.9400675693967787
scope_20260424_115654,sweep_2465,161,2976.63,0.921685097623555,0.8528308308466136
scope_20260424_115654,sweep_2466,161,2962.82,0.9195445445651642,0.920891254220234
scope_20260424_115654,sweep_2467,161,2962.38,0.9194762625530593,1.0385196127936684
scope_20260424_115654,sweep_2468,161,2976.78,0.9522373236115375,0.6794443595303569
scope_20260424_115654,sweep_2469,161,2976.78,0.9522373236115375,0.7775433566234177
scope_20260424_115654,sweep_2470,161,2976.78,0.9522373236115375,0.9064719774167744
scope_20260424_115654,sweep_2471,161,2962.96,0.9500243234177987,1.0304349788244733
scope_20260424_115654,sweep_2472,161,2962.96,0.9500243234177987,1.025852342264499
scope_20260424_115654,sweep_2473,161,2962.52,0.9818468070394425,0.8576454053703745
scope_20260424_115654,sweep_2474,161,2962.82,0.9818965192077106,1.0737952273068565
scope_20260424_115654,sweep_2475,161,2976.93,0.9842318119296496,0.650197791151253
scope_20260424_115654,sweep_2476,161,2976.78,0.9842070151370526,0.6262825634681427
scope_20260424_115654,sweep_2477,161,2963.11,0.9819445719114014,0.8353026749337983
scope_20260424_115654,sweep_2478,161,2976.63,0.9841822177196922,0.8218337060303035
scope_20260424_115654,sweep_2479,161,2962.96,0.9819197173582628,0.7640221596116387
scope_20260424_115654,sweep_2480,161,2977.08,0.9842566080975306,0.6477047738939041
scope_20260424_115654,sweep_2481,161,2962.67,0.9818716634381924,0.692725407256821
scope_20260424_115654,sweep_2482,161,2976.49,0.9841590728997719,0.7622972697996817
scope_20260424_115654,sweep_2483,161,2976.49,0.9841590728997719,0.6136643246572959
scope_20260424_115654,sweep_2484,161,2976.78,0.9842070151370526,0.8504466239579312
scope_20260424_115654,sweep_2485,161,2962.67,0.9818716634381924,0.5570184553771448
scope_20260424_115654,sweep_2486,161,2962.82,0.9500018788055832,0.9131058647953901
scope_20260424_115654,sweep_2487,161,2962.96,0.9500243234177987,0.9706639592252702
scope_20260424_115654,sweep_2488,161,2976.63,0.952213331681002,0.8144176610883592
scope_20260424_115654,sweep_2489,161,2976.49,0.9521909386670959,0.7495157719337564
scope_20260424_115654,sweep_2490,161,2962.52,0.9194979891978365,0.8873363710507353
scope_20260424_115654,sweep_2491,161,2976.63,0.921685097623555,0.698852847156114
scope_20260424_115654,sweep_2492,162,2841.18,0.9004705480578333,0.8598575241507292
scope_20260424_115654,sweep_2493,162,2840.91,0.8719331354944955,0.7713639633014291
scope_20260424_115654,sweep_2494,162,2840.77,0.8719116508042171,0.8186407748696813
scope_20260424_115654,sweep_2495,162,2840.77,0.8719116508042171,0.7053594654829072
scope_20260424_115654,sweep_2496,162,2840.77,0.844674336904012,0.8730477657294747
scope_20260424_115654,sweep_2497,162,2840.77,0.844674336904012,0.8754516415810076
scope_20260424_115654,sweep_2498,162,2840.64,0.8446550095878114,0.8113286242552051
scope_20260424_115654,sweep_2499,162,2840.91,0.8446951504422847,0.7651050464587534
scope_20260424_115654,sweep_2500,162,2841.04,0.8186643177223161,0.6955725297981745
scope_20260424_115654,sweep_2501,162,2840.51,0.8185879526718285,0.7828870234599122
scope_20260424_115654,sweep_2502,162,2840.64,0.8186066843813278,0.8461182492835001
scope_20260424_115654,sweep_2503,163,2647.6,0.7903025326170612,0.7349553700574754
scope_20260424_115654,sweep_2504,163,2647.6,0.7903025326170612,0.9142897485468415
scope_20260424_115654,sweep_2505,163,2647.49,0.7902861150725754,0.8361072403848621
scope_20260424_115654,sweep_2506,163,2647.72,0.7903204422766297,0.9438465065439898
scope_20260424_115654,sweep_2507,163,2647.72,0.7903204422766297,0.6843684124952362
scope_20260424_115654,sweep_2508,163,2647.6,0.7903025326170612,0.8206218053623753
scope_20260424_115654,sweep_2509,163,2647.49,0.7902861150725754,0.8251050251841612
scope_20260424_115654,sweep_2510,163,2647.49,0.7902861150725754,0.7621106118435318
scope_20260424_115654,sweep_2511,163,2647.49,0.8154332707510522,0.7583406146616972
scope_20260424_115654,sweep_2512,163,2647.6,0.8154502107070282,0.9103242903864204
scope_20260424_115654,sweep_2513,164,2439.92,0.7828148516451112,0.8322112086223132
scope_20260424_115654,sweep_2534,167,2060.09,0.8187591824101359,0.7116082179492119
scope_20260424_115654,sweep_2535,167,2087.9,0.8242670395542968,0.6895665298978617
scope_20260424_115654,sweep_2536,167,2087.97,0.8242808568370135,0.8159067291915477
scope_20260424_115654,sweep_2537,167,2080.88,0.8228801851610789,0.5727206788234672
scope_20260424_115654,sweep_2538,167,2081.02,0.8229078660673043,0.6927548957886502
scope_20260424_115654,sweep_2539,167,2087.76,0.8242394042939784,0.7294975011379035
scope_20260424_115654,sweep_2540,167,2087.68,0.8242236123006387,0.6798521800500258
scope_20260424_115654,sweep_2541,167,2087.76,0.8242394042939784,0.6348254269117193
scope_20260424_115654,sweep_2542,167,2080.73,0.8228505260139272,0.6871768876865453
scope_20260424_115654,sweep_2543,167,2081.09,0.8229217061712494,0.7276736420722566
scope_20260424_115654,sweep_2544,167,2087.9,0.8242670395542968,0.6330657988840973
scope_20260424_115654,sweep_2545,168,1896.87,0.76013479789475,0.521433319312229
scope_20260424_115654,sweep_2546,168,1896.81,0.7601227758667413,0.44092708901128436
scope_20260424_115654,sweep_2547,168,1896.99,0.7601588413803766,0.6507128294735692
scope_20260424_115654,sweep_2548,168,1896.87,0.76013479789475,0.5472212423240934
scope_20260424_115654,sweep_2549,168,1896.93,0.7357762934453546,0.6481453121153509
scope_20260424_115654,sweep_2550,168,1896.87,0.735764657031069,0.5851644346928708
scope_20260424_115654,sweep_2551,168,1896.87,0.735764657031069,0.5328933134910502
scope_20260424_115654,sweep_2552,168,1896.99,0.7125034395195564,0.6824291300037203
scope_20260424_115654,sweep_2553,168,1896.87,0.712480903353068,0.622089773754875
scope_20260424_115654,sweep_2554,168,1896.87,0.712480903353068,0.6072442884650121
scope_20260424_115654,sweep_2555,169,1690.76,0.651646767748167,0.4702662956629559
scope_20260424_115654,sweep_2556,169,1709.45,0.6552385858653988,0.6303517874190165
scope_20260424_115654,sweep_2557,169,1713.94,0.6560985384592193,0.5499825487334599
scope_20260424_115654,sweep_2558,169,1709.3,0.6350038140114872,0.3273626670113093
scope_20260424_115654,sweep_2559,169,1709.21,0.6349870963213312,0.6571672020922209
scope_20260424_115654,sweep_2560,169,1709.35,0.6350131014269546,0.4375059551910741
scope_20260424_115654,sweep_2561,169,1709.3,0.6350038140114872,0.5563366005722679
scope_20260424_115654,sweep_2562,169,1714.04,0.6358836578926182,0.7514780612687366
scope_20260424_115654,sweep_2563,169,1709.26,0.6349963839813105,0.5790278931419514
scope_20260424_115654,sweep_2564,169,1713.84,0.6358465582795263,0.6921547471302842
scope_20260424_115654,sweep_2565,169,1713.89,0.6164961376473669,0.6189330288544268
scope_20260424_115654,sweep_2566,170,1524.86,0.5815055629841069,0.49612776060600206
scope_20260424_115654,sweep_2567,170,1521.26,0.580818727123161,0.5683911067638052
scope_20260424_115654,sweep_2568,170,1521.26,0.5990580528051664,0.557723367756168
scope_20260424_115654,sweep_2569,170,1521.14,0.5990344248967091,0.5385729140009962
scope_20260424_115654,sweep_2570,170,1521.22,0.5990501769392294,0.4411326765396063
scope_20260424_115654,sweep_2571,170,1521.26,0.5990580528051664,0.5628608211999869
scope_20260424_115654,sweep_2572,170,1521.3,0.59906592856756,0.5295588283380719
scope_20260424_115654,sweep_2573,170,1521.14,0.5990344248967091,0.5634487368973384
scope_20260424_115654,sweep_2574,170,1521.49,0.599103337025042,0.6142568341552709
scope_20260424_115654,sweep_2575,170,1521.18,0.599042300969745,0.49772999481141433
scope_20260424_115654,sweep_2576,170,1521.18,0.599042300969745,0.35474127982484727
scope_20260424_115654,sweep_2577,171,1332.36,0.5606321257711667,0.5796032265304163
scope_20260424_115654,sweep_2578,171,1332.27,0.5784520804165089,0.5114157256321884
scope_20260424_115654,sweep_2579,171,1335.08,0.5790617894679702,0.5287651013889135
scope_20260424_115654,sweep_2580,171,1335.11,0.5790682953537958,0.4936516876310318
scope_20260424_115654,sweep_2581,171,1335.11,0.5790682953537958,0.5296491608698729
scope_20260424_115654,sweep_2582,171,1332.42,0.5784846433992029,0.5667458673680721
scope_20260424_115654,sweep_2583,171,1335.2,0.5790878125727222,0.5011481724616733
scope_20260424_115654,sweep_2584,171,1335.11,0.5977408940597281,0.6132343393237812
scope_20260424_115654,sweep_2585,171,1334.94,0.5977028375749086,0.37383452932247424
scope_20260424_115654,sweep_2586,171,1332.27,0.597104808695528,0.4790117537716951
scope_20260424_115654,sweep_2587,172,1147.89,0.5542485692316972,0.5517226226926062
scope_20260424_115654,sweep_2588,172,1143.73,0.5532433479971047,0.45132632176839577
scope_20260424_115654,sweep_2589,172,1143.69,0.553233673542727,0.34484421514246194
scope_20260424_115654,sweep_2590,172,1145.74,0.571825049273956,0.3809107327044198
scope_20260424_115654,sweep_2591,172,1143.73,0.5713232456871817,0.5466195456047892
scope_20260424_115654,sweep_2592,172,1145.69,0.5718125719386092,0.4492712389474512
scope_20260424_115654,sweep_2593,172,1145.78,0.5718350309462112,0.5509791426942448
scope_20260424_115654,sweep_2594,172,1143.71,0.5713182504020765,0.5198144744021668
scope_20260424_115654,sweep_2595,172,1145.74,0.571825049273956,0.42689335019451274
scope_20260424_115654,sweep_2596,172,1145.74,0.5907651503878361,0.5083220492117502
scope_20260424_115654,sweep_2597,173,934.16,0.5097080377295404,0.4210045010786304
scope_20260424_115654,sweep_2598,174,955.75,0.5194665711176466,0.4792103001039938
scope_20260424_115654,sweep_2599,174,955.73,0.519457548715953,0.45725485865221743
scope_20260424_115654,sweep_2600,174,955.6,0.5193989023225406,0.4224233197469579
scope_20260424_115654,sweep_2601,174,955.75,0.5194665711176466,0.49611579956799773
scope_20260424_115654,sweep_2602,174,955.66,0.5368647824429014,0.5113078709427048
scope_20260424_115654,sweep_2603,174,955.73,0.5368974212994644,0.4748039600221923
scope_20260424_115654,sweep_2604,174,955.7,0.5368834332678444,0.39924067415242603
scope_20260424_115654,sweep_2605,174,955.76,0.5369114092564412,0.41240131179735834
scope_20260424_115654,sweep_2606,174,955.66,0.5368647824429014,0.36094584881084174
scope_20260424_115654,sweep_2607,174,955.63,0.5368507942371031,0.43944323332384877
scope_20260424_115654,sweep_2608,175,770.96,0.4492101067056154,0.2357362786253154
scope_20260424_115654,sweep_2609,175,770.91,0.4491859260448831,0.3745980151815485
scope_20260424_115654,sweep_2610,175,771.86,0.44964531303055094,0.3133782719117041
scope_20260424_115654,sweep_2611,175,772.9,0.45014811069482685,0.36342648944068867
scope_20260424_115654,sweep_2612,175,773.89,0.435989063398109,0.23347441523876167
scope_20260424_115654,sweep_2613,175,775.79,0.4368773180688471,0.25112889474519834
scope_20260424_115654,sweep_2614,175,777.68,0.4377605308790384,0.23572809304920736
scope_20260424_115654,sweep_2615,175,779.65,0.424616509004027,0.39690319961606585
scope_20260424_115654,sweep_2616,175,779.68,0.42463007011028464,0.3369958583901869
scope_20260424_115654,sweep_2617,175,781.61,0.42550231503824026,0.223804714993816
scope_20260424_115654,sweep_2618,175,782.61,0.41247451499383664,0.18517896889819574
scope_20260424_115654,sweep_2619,176,597.66,0.3297702113052914,0.23559630251343205
scope_20260424_115654,sweep_2620,176,601.15,0.33136772880537874,0.22945030667393101
scope_20260424_115654,sweep_2621,176,604.62,0.3225534901594414,0.26102599692782263
scope_20260424_115654,sweep_2622,176,612.3,0.325950460095412,0.21878427244450135
scope_20260424_115654,sweep_2623,176,615.39,0.3172210865330112,0.20471290933123745
scope_20260424_115654,sweep_2624,176,621.53,0.31984585518770925,0.29705112731839056
scope_20260424_115654,sweep_2625,176,626.55,0.3219885638095137,0.2687187926105767
scope_20260424_115654,sweep_2626,176,629.08,0.3230673477498225,0.2529739895296032
scope_20260424_115654,sweep_2627,176,635.48,0.3158736899724085,0.2241469089161895
scope_20260424_115654,sweep_2628,176,636.85,0.3164387969928949,0.23166916843610663
scope_20260424_115654,sweep_2630,178,460.17,0.24163568875075808,0.22282550871573217
scope_20260424_115654,sweep_2631,178,469.56,0.24572112536285348,0.16900676444894985
scope_20260424_115654,sweep_2632,178,477.48,0.2491561958485787,0.19045201007065726
scope_20260424_115654,sweep_2633,178,484.54,0.2522101060209939,0.19179586535441895
scope_20260424_115654,sweep_2634,178,491.83,0.2553555789922045,0.2332948340236168
scope_20260424_115654,sweep_2635,178,496.53,0.257379318851117,0.1893860317072422
scope_20260424_115654,sweep_2636,178,502.95,0.26013841034950264,0.18970686613321344
scope_20260424_115654,sweep_2637,178,509.13,0.26278870748973204,0.20296893184822734
scope_20260424_115654,sweep_2638,178,515.45,0.2654933938244921,0.2104455932477105
scope_20260424_115654,sweep_2639,178,520.62,0.26770173837628847,0.18401198373817948
scope_20260424_115654,sweep_2640,179,365.11,0.19941167521238534,0.15827978893642813
scope_20260424_115654,sweep_2641,179,365.1,0.19940714200114074,0.1516682959490314
scope_20260424_115654,sweep_2642,179,364.71,0.1992303302917883,0.13119869701214096
scope_20260424_115654,sweep_2643,179,364.9,0.19931647334269925,0.18127765219769712
scope_20260424_115654,sweep_2644,179,365.12,0.1994162084025228,0.12025268339227396
scope_20260424_115654,sweep_2645,179,374.11,0.20348308852614444,0.11231250243026845
scope_20260424_115654,sweep_2646,179,382.61,0.207313044974375,0.18044125401318414
scope_20260424_115654,sweep_2647,179,386.91,0.2158159059964661,0.22197046663614278
scope_20260424_115654,sweep_2648,179,394.77,0.219448605301278,0.17427963093261498
scope_20260424_115654,sweep_2649,179,401.13,0.2223790428354613,0.16805867484447548
scope_20260424_115654,sweep_2650,179,365.33,0.20577661416056195,0.2355840025894612
scope_20260424_115654,sweep_2651,179,365.55,0.2058794605922007,0.19382100195374094
scope_20260424_115654,sweep_2652,179,365.75,0.2059729482175154,0.13347220448690814
scope_20260424_115654,sweep_2653,179,364.9,0.20557556572612262,0.1679688842004455
scope_20260424_115654,sweep_2654,179,365.33,0.21232449150851498,0.16031369304126286
scope_20260424_115654,sweep_2655,179,365.54,0.2124257871892938,0.1347202270634459
scope_20260424_115654,sweep_2656,179,364.05,0.21170685591749552,0.139273392664756
scope_20260424_115654,sweep_2657,179,365.77,0.2125367187275083,0.14373273258786295
scope_20260424_115654,sweep_2658,179,364.68,0.21201089448988863,0.12642820150090767
scope_20260424_115654,sweep_2659,179,365.55,0.2124306105463378,0.22952037244794515
scope_20260424_115654,sweep_2660,179,365.53,0.21242096380981804,0.16541412282846063
scope_20260424_115654,sweep_2661,179,364.9,0.21895695814950844,0.12116753323884603
scope_20260424_115654,sweep_2662,179,364.91,0.2189619385236366,0.1509185647462333
scope_20260424_115654,sweep_2663,179,364.89,0.21895197775217765,0.12729808212881946
scope_20260424_115654,sweep_2664,179,365.12,0.21906652102182697,0.19415012328861964
scope_20260424_115654,sweep_2665,179,364.48,0.218747761474925,0.1976538782129892
scope_20260424_115654,sweep_2666,179,365.75,0.21938020719289503,0.24577710339998632
scope_20260424_115654,sweep_2667,179,364.9,0.21895695814950844,0.15610967696442596
scope_20260424_115654,sweep_2668,179,365.74,0.2265443736019827,0.17898971441192565
scope_20260424_115654,sweep_2669,179,364.68,0.22599927900911648,0.20985055633085453
scope_20260424_115654,sweep_2670,179,365.32,0.22632842489331448,0.1958124540859302
scope_20260424_115654,sweep_2671,179,364.9,0.22611243397439684,0.2736593028983989
scope_20260424_115654,sweep_2672,179,364.9,0.22611243397439684,0.10828698566216022
scope_20260424_115654,sweep_2673,179,364.68,0.22599927900911648,0.17250079729528428
scope_20260424_115654,sweep_2674,179,365.09,0.23370272619187435,0.11268511244496529
scope_20260424_115654,sweep_2675,179,364.9,0.23360177423330675,0.2147334890819723
scope_20260424_115654,sweep_2676,179,364.47,0.23337327100496918,0.21527477146036864
scope_20260424_115654,sweep_2677,179,365.12,0.233718665158263,0.12789191293743526
scope_20260424_115654,sweep_2678,179,365.53,0.2339364753950752,0.2185576425751926
scope_20260424_115654,sweep_2679,179,364.68,0.23348487132713666,0.14642671440895505
scope_20260424_115654,sweep_2680,179,365.11,0.23371335219420494,0.21517581928767873
scope_20260424_115654,sweep_2681,179,364.9,0.23360177423330675,0.1950951286240794
scope_20260424_115654,sweep_2682,179,364.26,0.2410930092707295,0.20567734438471652
scope_20260424_115654,sweep_2683,179,364.68,0.24132371478256107,0.20564849225461737
scope_20260424_115654,sweep_2684,179,365.96,0.2420265389819388,0.1594895110963654
scope_20260424_115654,sweep_2685,179,365.55,0.24180146116507553,0.14289922368294364
scope_20260424_115654,sweep_2686,179,364.69,0.24132920722021645,0.21037431717512037
scope_20260424_115654,sweep_2687,179,364.89,0.24143905059780674,0.23953860052069997
scope_20260424_115654,sweep_2688,179,364.89,0.24143905059780674,0.18939104050042302
scope_20260424_115654,sweep_2689,179,365.12,0.233718665158263,0.21847884409223775
scope_20260424_115654,sweep_2690,179,363.63,0.2329267603241356,0.24512204027313908
scope_20260424_115654,sweep_2691,179,364.68,0.23348487132713666,0.2222794092375219
scope_20260424_115654,sweep_2692,180,174.47,0.12661934484640092,0.09974742973410688
scope_20260424_115654,sweep_2693,180,174.47,0.12255989213022483,0.15309099901249834
scope_20260424_115654,sweep_2694,180,174.47,0.12255989213022483,0.154966543549912
scope_20260424_115654,sweep_2695,180,174.47,0.12255989213022483,0.210375014421233
scope_20260424_115654,sweep_2696,180,174.47,0.11868140420355887,0.16585234065110144
scope_20260424_115654,sweep_2697,180,174.47,0.11868140420355887,0.16710163056001326
scope_20260424_115654,sweep_2698,180,174.47,0.11497396130217331,0.14288757725767426
scope_20260424_115654,sweep_2699,180,174.47,0.11497396130217331,0.13261917895885772
scope_20260424_115654,sweep_2700,180,174.47,0.1114282780347075,0.09974274578777706
scope_20260424_115654,sweep_2701,180,174.47,0.1114282780347075,0.08944859285279792
scope_20260424_115654,sweep_2702,180,174.47,0.1114282780347075,0.07409252038477647
scope_20260424_115654,sweep_2703,180,174.47,0.10803565749694291,0.09302095748315702
scope_20260424_115654,sweep_2704,180,174.47,0.10803565749694291,0.10027348169092824
scope_20260424_115654,sweep_2705,180,174.47,0.10478794906462459,0.13559378799895128
scope_20260424_115654,sweep_2706,180,174.47,0.10478794906462459,0.10034985341706254
scope_20260424_115654,sweep_2707,180,174.47,0.10167750954265051,0.105642167656098
scope_20260424_115654,sweep_2708,180,174.47,0.10167750954265051,0.05937772713174313
scope_20260424_115654,sweep_2709,180,174.47,0.09869716737898457,0.08643003552594848
scope_20260424_115654,sweep_2710,180,174.47,0.09869716737898457,0.09511196524224869
scope_20260424_115654,sweep_2711,180,174.47,0.09584018967900751,0.11236327848485572
scope_20260424_115654,sweep_2712,180,174.47,0.09584018967900751,0.16878955703121734
scope_20260424_115654,sweep_2713,180,174.47,0.09584018967900751,0.108490908458808
scope_20260424_115654,sweep_2714,180,174.47,0.0931002517806832,0.08186010581947711
scope_20260424_115654,sweep_2715,180,174.47,0.0931002517806832,0.08644139369193037
scope_20260424_115654,sweep_2716,180,174.47,0.0931002517806832,0.08659037060799596
scope_20260424_115654,sweep_2717,180,174.47,0.09047140917308273,0.14994267224597174
scope_20260424_115654,sweep_2718,180,174.47,0.09047140917308273,0.1367293050257925
scope_20260424_115654,sweep_2719,180,174.47,0.09047140917308273,0.08995663338735593
scope_20260424_115654,sweep_2720,180,174.47,0.09047140917308273,0.10604605031918335
scope_20260424_115654,sweep_2721,180,174.47,0.09047140917308273,0.13703987318098737
scope_20260424_115654,sweep_2722,180,174.47,0.09047140917308273,0.09958984129381733
scope_20260424_115654,sweep_2723,180,174.47,0.08794807156078419,0.0982205769676468
scope_20260424_115654,sweep_2724,180,174.47,0.08794807156078419,0.07328013639598743
scope_20260424_115654,sweep_2725,180,174.47,0.08794807156078419,0.06957240553581688
scope_20260424_115654,sweep_2726,180,174.47,0.08794807156078419,0.0666334434614125
scope_20260424_115654,sweep_2727,180,174.47,0.08794807156078419,0.11514234251829034
scope_20260424_115654,sweep_2728,180,174.47,0.08794807156078419,0.09630966628349297
scope_20260424_115654,sweep_2729,180,174.47,0.08794807156078419,0.06790935058172153
scope_20260424_115654,sweep_2730,180,174.47,0.09047140917308273,0.13566056909968793
scope_20260424_115654,sweep_2731,180,174.47,0.09047140917308273,0.11581467179293714
scope_20260424_115654,sweep_2732,180,174.47,0.09047140917308273,0.11390605123358112
scope_20260424_115654,sweep_2733,180,174.47,0.09047140917308273,0.0724166438412391
scope_20260424_115654,sweep_2734,180,174.47,0.09047140917308273,0.07386064249216287
scope_20260424_115654,sweep_2735,180,174.47,0.09047140917308273,0.10578999615813661
scope_20260424_115654,sweep_2736,180,174.47,0.09047140917308273,0.0940445893344329
scope_20260424_115654,sweep_2737,180,174.47,0.09047140917308273,0.10195689346631963
scope_20260424_115654,sweep_2738,180,174.47,0.09047140917308273,0.08947464131785555
scope_20260424_115654,sweep_2739,180,174.47,0.09047140917308273,0.08709132781962281
scope_20260424_115654,sweep_2740,180,174.47,0.0931002517806832,0.12112926805930031
scope_20260424_115654,sweep_2741,180,174.47,0.0931002517806832,0.13269219460744547
scope_20260424_115654,sweep_2742,180,174.47,0.0931002517806832,0.1060426390771579
scope_20260424_115654,sweep_2743,180,174.47,0.0931002517806832,0.08015495128328802
scope_20260424_115654,sweep_2744,181,362.97,0.1710075680914776,0.232758599183615
scope_20260424_115654,sweep_2745,181,363.61,0.17125779707742,0.23371706428577968
scope_20260424_115654,sweep_2746,181,363.39,0.17117178931528915,0.1355093387215824
scope_20260424_115654,sweep_2747,181,363.83,0.17638643928718262,0.2261956150193361
scope_20260424_115654,sweep_2748,181,364.05,0.17647496004902413,0.2414272982411051
scope_20260424_115654,sweep_2749,181,363.82,0.1763824154000199,0.19499572289137604
scope_20260424_115654,sweep_2750,181,364.04,0.17647093657535737,0.18294360085795322
scope_20260424_115654,sweep_2751,181,364.03,0.18172735796672548,0.1985976250957752
scope_20260424_115654,sweep_2752,181,365.1,0.18217059558515153,0.21672993921619407
scope_20260424_115654,sweep_2753,181,364.05,0.181735644811367,0.19666142902886416
scope_20260424_115654,sweep_2754,181,365.33,0.18226584210661242,0.19849631476327367
scope_20260424_115654,sweep_2755,181,365.11,0.1876758375807263,0.2232150467071571
scope_20260424_115654,sweep_2756,181,365.13,0.1876843703637187,0.1799356739542101
scope_20260424_115654,sweep_2757,181,365.32,0.18776542784005817,0.1906449601276973
scope_20260424_115654,sweep_2758,181,364.67,0.1874880962425189,0.21930567759054698
scope_20260424_115654,sweep_2759,181,364.91,0.18759050537966845,0.1845570710482628
scope_20260424_115654,sweep_2760,181,365.33,0.19351379868431146,0.1647937537885415
scope_20260424_115654,sweep_2761,181,365.12,0.193421468179017,0.11955680937558323
scope_20260424_115654,sweep_2762,181,365.11,0.1934170712631447,0.2324064046393237
scope_20260424_115654,sweep_2763,181,365.54,0.19360612016752124,0.22231514591310442
scope_20260424_115654,sweep_2764,181,365.11,0.19941167521238534,0.22056840371758563
scope_20260424_115654,sweep_2765,181,364.9,0.19931647334269925,0.250277568751257
scope_20260424_115654,sweep_2766,181,365.32,0.199506867773806,0.25935292596843734
scope_20260424_115654,sweep_2767,181,365.32,0.199506867773806,0.19994021382331637
scope_20260424_115654,sweep_2768,181,364.9,0.19931647334269925,0.22233339107358
scope_20260424_115654,sweep_2769,181,364.91,0.20558024172837247,0.23803671278724986
scope_20260424_115654,sweep_2770,181,364.9,0.20557556572612262,0.19843737695093605
scope_20260424_115654,sweep_2771,181,364.69,0.20547736464554406,0.1968225591563463
scope_20260424_115654,sweep_2772,181,364.69,0.20547736464554406,0.22404225711913608
scope_20260424_115654,sweep_2773,181,365.53,0.2058701113514954,0.21058684864598917
scope_20260424_115654,sweep_2774,181,365.12,0.20567843274459882,0.2508956658710812
scope_20260424_115654,sweep_2775,181,365.33,0.20577661416056195,0.2096308659148185
scope_20260424_115654,sweep_2776,181,364.91,0.20558024172837247,0.19144357356010722
scope_20260424_115654,sweep_2777,181,364.91,0.20558024172837247,0.271841783305477
scope_20260424_115654,sweep_2778,181,364.46,0.20536980005039943,0.18960834457284606
scope_20260424_115654,sweep_2779,181,364.67,0.20546801166039652,0.18130950590805997
scope_20260424_115654,sweep_2780,181,364.68,0.2054726881638703,0.1675248438908763
scope_20260424_115654,sweep_2781,181,364.03,0.20516867006196182,0.21120525637207146
scope_20260424_115654,sweep_2782,181,364.89,0.1993119396880476,0.16463003116252345
scope_20260424_115654,sweep_2783,181,365.11,0.19941167521238534,0.12442636175916692
scope_20260424_115654,sweep_2784,181,364.26,0.19902627683466406,0.1687136658040834
scope_20260424_115654,sweep_2785,181,364.68,0.1932279845048011,0.2269013742688424
scope_20260424_115654,sweep_2786,181,364.26,0.1930432585191866,0.12393029809197605
scope_20260424_115654,sweep_2787,181,364.9,0.19332473129963026,0.12553159312383763
scope_20260424_115654,sweep_2788,181,365.53,0.18785500934482913,0.261146933726885
scope_20260424_115654,sweep_2789,181,363.18,0.1868520494480392,0.2635372880250372
scope_20260424_115654,sweep_2790,181,364.68,0.18749236351860862,0.17899298052937926
scope_20260424_115654,sweep_2791,181,364.47,0.18190965067857306,0.1901891624610143
scope_20260424_115654,sweep_2792,181,365.12,0.18217887829620696,0.2035044707882055
scope_20260424_115654,sweep_2793,181,365.33,0.1769898097726084,0.2637259333012785
scope_20260424_115654,sweep_2794,181,365.33,0.1769898097726084,0.17187606381686735
scope_20260424_115654,sweep_2795,181,364.26,0.17655944865685314,0.20008252416854957
scope_20260424_115654,sweep_2796,181,364.69,0.17673242331033412,0.30309621946549986
scope_20260424_115654,sweep_2797,182,507.88,0.2259978699305228,0.2944134362940121
scope_20260424_115654,sweep_2798,182,513.33,0.2280089213165546,0.2509017124223035
scope_20260424_115654,sweep_2799,182,517.14,0.22941265582993603,0.22191890716110724
scope_20260424_115654,sweep_2800,182,522.36,0.2313330329259132,0.18601433628582245
scope_20260424_115654,sweep_2801,182,526.37,0.23280604928805826,0.25591615509243437
scope_20260424_115654,sweep_2802,182,525.49,0.23248295770232202,0.4597330850281508
scope_20260424_115654,sweep_2803,182,530.39,0.2342808254007298,0.3047664841700783
scope_20260424_115654,sweep_2804,182,533.58,0.23544975574563273,0.2340052051843348
scope_20260424_115654,sweep_2805,182,538.61,0.23729051892865108,0.23550746137880782
scope_20260424_115654,sweep_2806,182,541.98,0.23852215810843147,0.28754257438068115
scope_20260424_115654,sweep_2808,184,732.82,0.306387042175554,0.40490602708499707
scope_20260424_115654,sweep_2809,184,731.12,0.30579699627268725,0.3634349607860189
scope_20260424_115654,sweep_2810,184,729.39,0.3051962982977851,0.35960934048127735
scope_20260424_115654,sweep_2811,184,728.51,0.31386357157853256,0.36553482497840506
scope_20260424_115654,sweep_2812,184,726.81,0.3132555505202836,0.3510081775496462
scope_20260424_115654,sweep_2813,184,725.1,0.31264370891391885,0.3050490593914223
scope_20260424_115654,sweep_2814,184,722.63,0.3117595043909779,0.2987362335108039
scope_20260424_115654,sweep_2815,184,722.59,0.3117451810661147,0.36743349982641293
scope_20260424_115654,sweep_2816,184,721.77,0.3114515231892053,0.3145599553903817
scope_20260424_115654,sweep_2817,184,720.89,0.32041122901557706,0.36776007399710536
scope_20260424_115654,sweep_2818,185,930.0,0.39583783639928466,0.3273253959256757
scope_20260424_115654,sweep_2819,185,901.63,0.3857891331470652,0.49319071692717614
scope_20260424_115654,sweep_2820,185,895.2,0.38350419410975556,0.31535157950768006
scope_20260424_115654,sweep_2821,185,892.68,0.3826079368311921,0.39060205884311827
scope_20260424_115654,sweep_2822,185,887.5,0.3922621539417497,0.4213013839250955
scope_20260424_115654,sweep_2823,185,882.52,0.39043437770214695,0.3654492682311452
scope_20260424_115654,sweep_2824,185,877.57,0.3886158737714271,0.40306204664605444
scope_20260424_115654,sweep_2825,185,873.81,0.3872333802467678,0.3443047614478027
scope_20260424_115654,sweep_2826,185,870.2,0.3859050875074925,0.3377223815143649
scope_20260424_115654,sweep_2827,185,865.25,0.39583176535932985,0.5622744301544319
scope_20260424_115654,sweep_2828,185,862.84,0.3949164577135304,0.312511046781677
scope_20260424_115654,sweep_2829,186,1043.93,0.4666795794183871,0.4200011300805284
scope_20260424_115654,sweep_2830,186,1035.21,0.4647263930538028,0.43179521990301034
scope_20260424_115654,sweep_2831,186,1026.76,0.46282582003200506,0.5735667761480283
scope_20260424_115654,sweep_2832,186,1021.54,0.4759557480104774,0.5311701242340121
scope_20260424_115654,sweep_2833,186,1016.59,0.4748011960895142,0.4626047722703048
scope_20260424_115654,sweep_2834,186,1010.03,0.4732667835608853,0.40425057133318204
scope_20260424_115654,sweep_2835,186,1003.41,0.47171327689889136,0.4916505742664891
scope_20260424_115654,sweep_2836,186,995.5,0.45847233749710425,0.349586316701748
scope_20260424_115654,sweep_2837,186,993.84,0.4722150880825835,0.42833238250318495
scope_20260424_115654,sweep_2838,186,986.06,0.46914485854935656,0.3350658912679224
scope_20260424_115654,sweep_2839,187,1194.2,0.5307692093492307,0.48761945221132824
scope_20260424_115654,sweep_2840,187,1160.65,0.5232603475706643,0.3003110954364706
scope_20260424_115654,sweep_2841,187,1150.09,0.520874505455751,0.34664098983104363
scope_20260424_115654,sweep_2842,188,1145.72,0.5198839795195848,0.5164789912717628
scope_20260424_115654,sweep_2843,188,1143.71,0.5194277487162181,0.5317560696151511
scope_20260424_115654,sweep_2844,188,1143.64,0.5194118528602871,0.36803598863921694
scope_20260424_115654,sweep_2845,188,1143.71,0.5194277487162181,0.42720588514015284
scope_20260424_115654,sweep_2846,188,1143.75,0.5194368318440599,0.30364770524840845
scope_20260424_115654,sweep_2847,188,1145.69,0.5198771730478975,0.4105582385323914
scope_20260424_115654,sweep_2848,188,1143.73,0.5194322902999932,0.5717696015493308
scope_20260424_115654,sweep_2849,188,1143.73,0.5194322902999932,0.3089997979378865
scope_20260424_115654,sweep_2850,189,1355.47,0.5482565674004908,0.7139702233532611
scope_20260424_115654,sweep_2851,190,1332.27,0.543544382836627,0.4130989660863785
scope_20260424_115654,sweep_2852,190,1332.36,0.5435627417910117,0.5051639836620595
scope_20260424_115654,sweep_2853,190,1332.33,0.5435566222084485,0.5753244072112466
scope_20260424_115654,sweep_2854,190,1332.24,0.5271987151509993,0.6236258735956137
scope_20260424_115654,sweep_2855,190,1332.21,0.5271927792646375,0.37529601835788423
scope_20260424_115654,sweep_2856,190,1332.24,0.5271987151509993,0.3531664920531153
scope_20260424_115654,sweep_2857,190,1332.27,0.5115555405796377,0.5901392356069002
scope_20260424_115654,sweep_2858,190,1332.3,0.5115613001403216,0.47958788352513115
scope_20260424_115654,sweep_2859,190,1335.08,0.5120947383005483,0.3774862956484508
scope_20260424_115654,sweep_2860,191,1540.08,0.5338854649750653,0.40876206034424983
scope_20260424_115654,sweep_2861,191,1521.18,0.5305994069789643,0.6577842014828997
scope_20260424_115654,sweep_2862,191,1521.22,0.5306063830885497,0.6521429415022997
scope_20260424_115654,sweep_2863,191,1521.26,0.5306133591064184,0.5441010918112908
scope_20260424_115654,sweep_2864,191,1521.22,0.5152469695997259,0.5446986614706625
scope_20260424_115654,sweep_2865,191,1521.22,0.5152469695997259,0.4100044490366197
scope_20260424_115654,sweep_2866,191,1521.14,0.5152334211650773,0.43460488280486737
scope_20260424_115654,sweep_2867,191,1521.11,0.5152283404102332,0.5815860773228766
scope_20260424_115654,sweep_2868,191,1521.22,0.5152469695997259,0.39075194574024985
scope_20260424_115654,sweep_2869,191,1521.26,0.5152537436834559,0.44815889295132777
scope_20260424_115654,sweep_2870,191,1521.22,0.5152469695997259,0.615461398834641
scope_20260424_115654,sweep_2871,192,1709.3,0.5461709276598342,0.6873346361510212
scope_20260424_115654,sweep_2872,192,1709.26,0.5461645370423536,0.6036287300899441
scope_20260424_115654,sweep_2873,192,1709.35,0.5461789158265341,0.5952523485232879
scope_20260424_115654,sweep_2874,192,1709.3,0.5461709276598342,0.6310397893408153
scope_20260424_115654,sweep_2875,192,1709.4,0.5461869038764045,0.6153797716552325
scope_20260424_115654,sweep_2876,192,1709.26,0.5461645370423536,0.6973386007254669
scope_20260424_115654,sweep_2877,192,1713.89,0.5632068512898295,0.5294050723470831
scope_20260424_115654,sweep_2878,192,1709.4,0.5624686308807094,0.4955013450594188
scope_20260424_115654,sweep_2879,192,1709.35,0.5624604047086023,0.6265624320774391
scope_20260424_115654,sweep_2880,192,1709.5,0.5624850828640079,0.6896018401252393
scope_20260424_115654,sweep_2892,194,2102.17,0.6827674439099356,0.846713167854191
scope_20260424_115654,sweep_2893,194,2087.9,0.6804461087289579,0.7337518209361447
scope_20260424_115654,sweep_2894,194,2081.09,0.6793355137136182,0.6319533401996573
scope_20260424_115654,sweep_2895,194,2080.88,0.6793012374312422,0.9113129209166866
scope_20260424_115654,sweep_2896,194,2080.95,0.7006449726385148,0.5260053406885231
scope_20260424_115654,sweep_2897,194,2087.61,0.7017652705567352,0.6417174770419553
scope_20260424_115654,sweep_2898,194,2087.68,0.7017770359624271,0.8051976254463529
scope_20260424_115654,sweep_2899,194,2087.76,0.7017904818988362,0.6244661448098514
scope_20260424_115654,sweep_2900,194,2087.9,0.7018140116676816,0.7099275011104531
scope_20260424_115654,sweep_2901,194,2087.9,0.7018140116676816,0.6141223448071093
scope_20260424_115654,sweep_2902,194,2087.97,0.7241580958024254,0.5944082314397295
scope_20260424_115654,sweep_2903,195,2270.66,0.7551745019333356,0.459073517685555
scope_20260424_115654,sweep_2904,195,2270.66,0.7551745019333356,0.8103258959558347
scope_20260424_115654,sweep_2905,195,2270.83,0.7552027706443124,0.6691925807155997
scope_20260424_115654,sweep_2906,195,2279.03,0.7565650660036034,0.4934990684055136
scope_20260424_115654,sweep_2907,195,2270.83,0.7319130640264825,0.48230386071394266
scope_20260424_115654,sweep_2908,195,2270.66,0.7318856670945968,0.8430020943786946
scope_20260424_115654,sweep_2909,195,2270.75,0.7319001714804028,0.45876307782176606
scope_20260424_115654,sweep_2910,195,2270.75,0.7319001714804028,0.6733452883342925
scope_20260424_115654,sweep_2911,195,2278.94,0.7332188695308937,0.7582952376818972
scope_20260424_115654,sweep_2912,195,2270.66,0.7096021822443035,0.5824145758714956
scope_20260424_115654,sweep_2913,195,2278.77,0.7108682776212657,0.5166599824245792
scope_20260424_115654,sweep_2914,196,2459.12,0.7384630142269534,0.57830150181723
scope_20260424_115654,sweep_2915,196,2459.22,0.7384780288563123,0.5973109229870659
scope_20260424_115654,sweep_2916,196,2459.02,0.7162491822563842,0.5315777890895186
scope_20260424_115654,sweep_2917,196,2459.22,0.7162783090881764,0.6837593795106808
scope_20260424_115654,sweep_2918,196,2459.22,0.7162783090881764,0.5813511460610551
scope_20260424_115654,sweep_2919,196,2459.32,0.6950310220241975,0.7685109434131916
scope_20260424_115654,sweep_2920,196,2459.12,0.6950027603440114,0.6392776997220907
scope_20260424_115654,sweep_2921,196,2459.22,0.695016891327756,0.7018821392330357
scope_20260424_115654,sweep_2922,196,2459.22,0.695016891327756,0.6848891389580615
scope_20260424_115654,sweep_2923,196,2459.12,0.674631037631344,0.7468251338871538
scope_20260424_115654,sweep_2924,197,2647.49,0.6999928775019786,0.7002775341802208
scope_20260424_115654,sweep_2925,197,2647.95,0.7000536865585142,0.5826204649145402
scope_20260424_115654,sweep_2926,197,2647.6,0.700007419278668,0.6548127680380841
scope_20260424_115654,sweep_2927,197,2647.49,0.6999928775019786,0.6337924184859841
scope_20260424_115654,sweep_2928,197,2647.49,0.6999928775019786,0.5117499645637429
scope_20260424_115654,sweep_2929,197,2647.37,0.6999770134010458,0.7087309197615961
scope_20260424_115654,sweep_2930,197,2647.49,0.6999928775019786,0.6330514772222341
scope_20260424_115654,sweep_2931,197,2647.6,0.700007419278668,0.5778700612841271
scope_20260424_115654,sweep_2932,197,2647.49,0.6999928775019786,0.5629293769614137
scope_20260424_115654,sweep_2933,197,2647.49,0.6999928775019786,0.7578550517604378
scope_20260424_115654,sweep_2934,198,2828.19,0.7234870268841659,0.7985389499313257
scope_20260424_115654,sweep_2935,198,2841.04,0.7251287610158905,0.8455461368742424
scope_20260424_115654,sweep_2936,198,2840.77,0.7250943036662355,0.6112978688260744
scope_20260424_115654,sweep_2937,198,2840.91,0.7470082638450636,0.7200181075341232
scope_20260424_115654,sweep_2938,198,2840.77,0.7469898573405613,0.5739921472900507
scope_20260424_115654,sweep_2939,198,2840.77,0.7469898573405613,0.6943255441808742
scope_20260424_115654,sweep_2940,198,2840.91,0.7470082638450636,0.5702518022054763
scope_20260424_115654,sweep_2941,198,2841.18,0.747043760823014,0.5121893447618757
scope_20260424_115654,sweep_2942,198,2841.04,0.7698777755480629,0.6309148983209492
scope_20260424_115654,sweep_2943,198,2840.91,0.7698601613547119,0.49103075495035203
scope_20260424_115654,sweep_2944,198,2840.91,0.7698601613547119,0.6406729780520475
scope_20260424_115654,sweep_2945,199,2976.93,0.7880747628803609,0.6129753249217186
scope_20260424_115654,sweep_2946,199,2976.49,0.7880165207131923,0.7885683937249657
scope_20260424_115654,sweep_2947,199,2962.82,0.8105718579147234,0.5599560579979285
scope_20260424_115654,sweep_2948,199,2976.49,0.8124396335040347,0.6251387148040147
scope_20260424_115654,sweep_2949,199,2976.78,0.8124792106158637,0.8940630309791013
scope_20260424_115654,sweep_2950,199,2976.93,0.8380144336655803,0.9142532315006255
scope_20260424_115654,sweep_2951,199,2976.63,0.8379722071664295,0.49565959053612885
scope_20260424_115654,sweep_2952,199,2976.78,0.8379933206819792,0.6045936594085415
scope_20260424_115654,sweep_2953,199,2962.67,0.8360049085948985,0.7420472079492374
scope_20260424_115654,sweep_2954,199,2976.63,0.8379722071664295,0.694879003681252
scope_20260424_115654,sweep_2955,199,2976.63,0.8646367494707262,0.7388489767531944
scope_20260424_115654,sweep_2956,199,2976.93,0.864680319630518,0.49853478916538524
scope_20260424_115654,sweep_2957,199,2976.63,0.8646367494707262,0.5906125833461814
scope_20260424_115654,sweep_2958,199,2976.63,0.8646367494707262,0.6700828583084434
scope_20260424_115654,sweep_2959,199,2962.67,0.8626068508325855,0.47474519789138353
scope_20260424_115654,sweep_2960,199,2976.63,0.8646367494707262,0.7463811523051073
scope_20260424_115654,sweep_2961,199,2962.52,0.8625850136611433,0.4496284413379657
scope_20260424_115654,sweep_2962,199,2962.82,0.8626286874512267,0.7771758976002577
scope_20260424_115654,sweep_2963,199,2976.93,0.8380144336655803,0.48373867535881493
scope_20260424_115654,sweep_2964,199,2963.11,0.8360669857927142,0.7292149984159324
scope_20260424_115654,sweep_2965,199,2976.49,0.8379525007386117,0.7419147001943291
scope_20260424_115654,sweep_2966,199,2962.82,0.8360260717938153,0.49494302355406
scope_20260424_115654,sweep_2967,199,2962.67,0.8360049085948985,0.5715753201183601
scope_20260424_115654,sweep_2968,199,2976.49,0.8124396335040347,0.5302373101189686
scope_20260424_115654,sweep_2969,199,2962.67,0.8105513390648404,0.6265575175061663
scope_20260424_115654,sweep_2970,199,2977.08,0.8125201504270636,0.7255674345449533
scope_20260424_115654,sweep_2971,199,2976.78,0.7880549080796836,0.7989005837730093
scope_20260424_115654,sweep_2972,199,2962.96,0.7862234679323443,0.6599208885802951
scope_20260424_115654,sweep_2973,199,2962.67,0.7861849911414035,0.7207072076957661
scope_20260424_115654,sweep_2974,199,2962.52,0.7861650886140583,0.6013316823061908
scope_20260424_115654,sweep_2975,199,2962.52,0.7628292090186541,0.585137152117948
scope_20260424_115654,sweep_2976,199,2977.08,0.7647014630422492,0.686017261614344
scope_20260424_115654,sweep_2977,199,2976.78,0.7646629326334898,0.4970600268689463
scope_20260424_115654,sweep_2978,199,2976.63,0.7646436667010296,0.6003085542209863
scope_20260424_115654,sweep_2979,199,2962.67,0.7404881224812869,0.8197928746752918
scope_20260424_115654,sweep_2980,199,2963.11,0.7405431071197583,0.5891888719774233
scope_20260424_115654,sweep_2981,199,2976.63,0.7422306496011833,0.5300551010868484
scope_20260424_115654,sweep_2982,199,2962.52,0.7404693767849527,0.46344823033395244
scope_20260424_115654,sweep_2983,199,2976.78,0.7422493508161255,0.5858232071709805
scope_20260424_115654,sweep_2984,199,2976.93,0.7422680515598963,0.5342722286436092
scope_20260424_115654,sweep_2985,199,2962.82,0.7405068677030799,0.7829872837665103
scope_20260424_115654,sweep_2986,199,2962.52,0.7404693767849527,0.7149091995287337
scope_20260424_115654,sweep_2987,199,2976.49,0.7422131947087711,0.7491281999688365
scope_20260424_115654,sweep_2988,199,2976.49,0.7422131947087711,0.6287011960989348
scope_20260424_115654,sweep_2989,199,2976.93,0.7422680515598963,0.6189910632877916
scope_20260424_115654,sweep_2990,199,2976.78,0.7422493508161255,0.6884708223524759
scope_20260424_115654,sweep_2991,199,2976.78,0.7646629326334898,0.5359663860634227
scope_20260424_115654,sweep_2992,199,2962.96,0.7628858554531449,0.7209632305646276
scope_20260424_115654,sweep_2993,199,2962.67,0.7628485207757038,0.903328839395629
scope_20260424_115654,sweep_2994,199,2962.67,0.7628485207757038,0.7760963339164441
scope_20260424_115654,sweep_2995,199,2976.93,0.7646821980805508,0.8788290539129795
scope_20260424_115654,sweep_2996,199,2976.63,0.7646436667010296,0.6146033707541535
scope_20260424_115654,sweep_2997,199,2962.52,0.7861650886140583,0.8505490217143883
scope_20260424_115654,sweep_2998,199,2976.78,0.7880549080796836,0.7975826042202967
scope_20260424_115654,sweep_2999,199,2962.67,0.7861849911414035,0.5967463602588279
scope_20260424_115654,sweep_3000,199,2963.11,0.7862433689819078,0.7760150552233253
scope_20260424_115654,sweep_3001,199,2962.52,0.8105308196955162,0.5684771330525643
scope_20260424_115654,sweep_3002,199,2962.82,0.8105718579147234,0.7893220289341747
scope_20260424_115654,sweep_3003,199,2976.78,0.8124792106158637,0.5150525935545165
scope_20260424_115654,sweep_3004,199,2962.52,0.8105308196955162,0.7181787369236199
scope_20260424_115654,sweep_3005,199,2962.82,0.8360260717938153,0.6900490522611269
scope_20260424_115654,sweep_3006,199,2976.78,0.8379933206819792,0.4297796613019276
scope_20260424_115654,sweep_3007,199,2976.93,0.8380144336655803,0.9672873844382037
scope_20260424_115654,sweep_3008,199,2977.08,0.838035546117273,0.47212402010160676
scope_20260424_115654,sweep_3009,199,2977.08,0.838035546117273,0.5117789124654617
scope_20260424_115654,sweep_3010,199,2962.82,0.8626286874512267,0.6550151611301785
scope_20260424_115654,sweep_3011,199,2976.93,0.864680319630518,0.5002276863859156
scope_20260424_115654,sweep_3012,199,2977.08,0.8647021038871423,0.6463535132112807
scope_20260424_115654,sweep_3013,199,2976.34,0.864594629562494,0.6616994839742065
scope_20260424_115654,sweep_3014,199,2976.63,0.8646367494707262,0.6545141050780316
scope_20260424_115654,sweep_3015,199,2962.82,0.8626286874512267,0.8781472340694355
scope_20260424_115654,sweep_3016,199,2962.96,0.8626490677965795,0.558442224864109
scope_20260424_115654,sweep_3017,199,2963.11,0.8626709033465908,0.5213666624487512
scope_20260424_115654,sweep_3018,199,2976.63,0.8379722071664295,0.5174713842695302
scope_20260424_115654,sweep_3019,199,2976.49,0.8379525007386117,0.5935782677900232
scope_20260424_115654,sweep_3020,199,2976.78,0.8379933206819792,0.5967494329587963
scope_20260424_115654,sweep_3021,199,2962.82,0.8360260717938153,0.9328159434469676
scope_20260424_115654,sweep_3022,199,2977.08,0.8125201504270636,0.7185059551859296
scope_20260424_115654,sweep_3023,199,2962.82,0.8105718579147234,0.8213690764647
scope_20260424_115654,sweep_3024,199,2976.63,0.8124587399366545,0.5705411051355096
scope_20260424_115654,sweep_3025,199,2962.82,0.8105718579147234,0.9719584267660466
scope_20260424_115654,sweep_3026,199,2962.67,0.7861849911414035,0.783639739939156
scope_20260424_115654,sweep_3027,199,2962.96,0.7862234679323443,0.7465556433047758
scope_20260424_115654,sweep_3028,199,2962.38,0.7861465124672725,0.6944288538171893
scope_20260424_115654,sweep_3029,199,2976.63,0.7880350527787581,0.5358172985345248
scope_20260424_115654,sweep_3030,199,2976.49,0.7646256847260962,0.9374279474378925
scope_20260424_115654,sweep_3031,199,2962.82,0.7628678320438824,0.9388907980073967
scope_20260424_115654,sweep_3032,199,2962.52,0.7628292090186541,0.5938779279798565
scope_20260424_115654,sweep_3033,199,2976.49,0.7646256847260962,0.48593264012875564
scope_20260424_115654,sweep_3034,199,2962.82,0.7405068677030799,0.6576674996082649
scope_20260424_115654,sweep_3035,199,2962.96,0.74052436281531,0.6005178603840223
scope_20260424_115654,sweep_3036,199,2962.82,0.7405068677030799,0.670444446626547
scope_20260424_115654,sweep_3037,199,2962.82,0.7405068677030799,0.500664502918318
scope_20260424_115654,sweep_3038,199,2962.82,0.7405068677030799,0.463353894463147
scope_20260424_115654,sweep_3039,199,2962.82,0.7405068677030799,0.8196262948680405
scope_20260424_115654,sweep_3040,199,2962.52,0.7404693767849527,0.5096574407774246
scope_20260424_115654,sweep_3041,199,2976.93,0.7422680515598963,0.7078450489233588
scope_20260424_115654,sweep_3042,199,2976.63,0.7422306496011833,0.4759683053125782
scope_20260424_115654,sweep_3043,199,2976.78,0.7422493508161255,0.6192380364806409
scope_20260424_115654,sweep_3044,199,2962.82,0.7405068677030799,0.5448825478941189
scope_20260424_115654,sweep_3045,199,2962.82,0.7405068677030799,0.7384628165559374
scope_20260424_115654,sweep_3046,199,2962.82,0.7628678320438824,0.4999307084868507
scope_20260424_115654,sweep_3047,199,2976.49,0.7646256847260962,0.5979185607882284
scope_20260424_115654,sweep_3048,199,2976.63,0.7646436667010296,0.6062174152258477
scope_20260424_115654,sweep_3049,199,2962.82,0.7628678320438824,0.5953252118326706
scope_20260424_115654,sweep_3050,199,2962.96,0.7628858554531449,0.5714223099840712
scope_20260424_115654,sweep_3051,199,2976.93,0.7880747628803609,0.45584284413654697
scope_20260424_115654,sweep_3052,199,2976.63,0.7880350527787581,0.4905882099808096
scope_20260424_115654,sweep_3053,199,2963.26,0.7862632695277575,0.9196294093790739
scope_20260424_115654,sweep_3054,199,2962.96,0.7862234679323443,0.9781509021908527
scope_20260424_115654,sweep_3055,199,2976.49,0.7880165207131923,0.846215006712939
scope_20260424_115654,sweep_3056,199,2976.78,0.8124792106158637,0.8061591474293899
scope_20260424_115654,sweep_3057,199,2962.67,0.8105513390648404,0.960317296314473
scope_20260424_115654,sweep_3058,199,2976.93,0.8124996807793204,0.7211393518346901
scope_20260424_115654,sweep_3059,199,2976.49,0.8124396335040347,0.6530720347297185
scope_20260424_115654,sweep_3060,199,2976.93,0.8380144336655803,0.4775799984380249
scope_20260424_115654,sweep_3061,199,2962.82,0.8360260717938153,0.583996191434982
scope_20260424_115654,sweep_3062,199,2976.63,0.8379722071664295,0.5657292730983114
scope_20260424_115654,sweep_3063,199,2976.63,0.8379722071664295,0.6331025847995472
scope_20260424_115654,sweep_3064,199,2976.78,0.8379933206819792,0.8837999016430947
scope_20260424_115654,sweep_3065,199,2976.93,0.864680319630518,0.8335948485549647
scope_20260424_115654,sweep_3066,199,2976.63,0.8646367494707262,0.8827617599527097
scope_20260424_115654,sweep_3067,199,2962.82,0.8626286874512267,0.5974388557731205
scope_20260424_115654,sweep_3068,199,2976.78,0.8646585348250597,0.9114437723644391
scope_20260424_115654,sweep_3069,199,2976.93,0.864680319630518,0.7317231825507505
scope_20260424_115654,sweep_3070,199,2962.52,0.8625850136611433,0.5105216616112479
scope_20260424_115654,sweep_3071,199,2976.49,0.864616415978104,0.5475452780257795
scope_20260424_115654,sweep_3072,199,2962.67,0.8360049085948985,0.5611733354377815
scope_20260424_115654,sweep_3073,199,2962.67,0.8360049085948985,0.8394365366870182
scope_20260424_115654,sweep_3074,199,2976.49,0.8379525007386117,0.5648559666873729
scope_20260424_115654,sweep_3075,199,2976.93,0.8380144336655803,0.5912820768842109
scope_20260424_115654,sweep_3076,199,2962.82,0.8360260717938153,0.6673054587311227
scope_20260424_115654,sweep_3077,199,2976.63,0.8124587399366545,0.7150290735898748
scope_20260424_115654,sweep_3078,199,2962.67,0.8105513390648404,0.6021813879470956
scope_20260424_115654,sweep_3079,199,2962.82,0.8105718579147234,0.6748271316165847
scope_20260424_115654,sweep_3080,199,2962.67,0.8105513390648404,0.6098359295448534
scope_20260424_115654,sweep_3081,199,2962.82,0.7862048931649226,0.6518777793423679
scope_20260424_115654,sweep_3082,199,2962.52,0.7861650886140583,0.6399089103335844
scope_20260424_115654,sweep_3083,199,2962.82,0.7862048931649226,0.5360680045594435
scope_20260424_115654,sweep_3084,199,2962.82,0.7862048931649226,0.7433693702577718
scope_20260424_115654,sweep_3085,199,2962.82,0.7628678320438824,0.46905525435908335
scope_20260424_115654,sweep_3086,199,2976.93,0.7646821980805508,0.5853108760902267
scope_20260424_115654,sweep_3087,199,2976.93,0.7646821980805508,0.7288187136124947
scope_20260424_115654,sweep_3088,199,2976.49,0.7646256847260962,0.6300176323566418
scope_20260424_115654,sweep_3089,199,2962.82,0.7405068677030799,0.7334584156195699
scope_20260424_115654,sweep_3090,199,2962.96,0.74052436281531,0.7845506372717473
scope_20260424_115654,sweep_3091,199,2977.08,0.7422867518325313,0.9432991825590583
scope_20260424_115654,sweep_3092,199,2962.67,0.7404881224812869,0.667583819419063
scope_20260424_115654,sweep_3093,199,2962.82,0.7405068677030799,0.7240500762993628
scope_20260424_115654,sweep_3094,199,2962.96,0.74052436281531,0.6762873556598943
scope_20260424_115654,sweep_3095,199,2976.78,0.7422493508161255,0.9399653166872785
scope_20260424_115654,sweep_3096,199,2962.82,0.7405068677030799,0.8104842900826125
scope_20260424_115654,sweep_3097,199,2962.67,0.7404881224812869,0.7979248918739401
scope_20260424_115654,sweep_3098,199,2962.96,0.74052436281531,1.0667444868207459
scope_20260424_115654,sweep_3099,199,2962.96,0.74052436281531,1.044316375394007
scope_20260424_115654,sweep_3100,199,2962.82,0.7405068677030799,0.5686027138195175
scope_20260424_115654,sweep_3101,199,2962.82,0.7628678320438824,0.5761600233377961
scope_20260424_115654,sweep_3102,199,2976.78,0.7646629326334898,0.7072309553885711
scope_20260424_115654,sweep_3103,199,2962.52,0.7628292090186541,0.689962056316449
scope_20260424_115654,sweep_3104,199,2976.78,0.7646629326334898,0.6853456455668169
scope_20260424_115654,sweep_3105,199,2976.78,0.7646629326334898,0.532623682514849
scope_20260424_115654,sweep_3106,199,2976.78,0.7646629326334898,0.8082698843687562
scope_20260424_115654,sweep_3107,199,2976.49,0.7880165207131923,0.7244985605288791
scope_20260424_115654,sweep_3108,199,2976.63,0.7880350527787581,0.8175745892244356
scope_20260424_115654,sweep_3109,199,2962.52,0.7861650886140583,0.7384971121432936
scope_20260424_115654,sweep_3110,199,2962.96,0.7862234679323443,0.545042606545159
scope_20260424_115654,sweep_3111,199,2976.93,0.8124996807793204,0.7334389725429106
scope_20260424_115654,sweep_3112,199,2962.82,0.8105718579147234,0.7353726807018638
scope_20260424_115654,sweep_3113,199,2976.93,0.8124996807793204,0.8855696102676281
scope_20260424_115654,sweep_3114,199,2962.82,0.8105718579147234,0.8573616944774064
scope_20260424_115654,sweep_3115,199,2976.49,0.8379525007386117,0.5560987304336443
scope_20260424_115654,sweep_3116,199,2962.96,0.8360458236294718,0.5033749909202713
scope_20260424_115654,sweep_3117,199,2976.78,0.8379933206819792,0.8840939193845023
scope_20260424_115654,sweep_3118,199,2976.49,0.8379525007386117,1.0065420645958616
scope_20260424_115654,sweep_3119,199,2976.63,0.8379722071664295,0.5509052398443817
scope_20260424_115654,sweep_3120,199,2976.49,0.864616415978104,0.7694168538377291
scope_20260424_115654,sweep_3121,199,2962.96,0.8626490677965795,0.5838873005590733
scope_20260424_115654,sweep_3122,199,2962.38,0.8625646318023441,0.5001226488808879
scope_20260424_115654,sweep_3123,199,2976.78,0.8646585348250597,0.8249404020435457
scope_20260424_115654,sweep_3124,199,2976.63,0.8646367494707262,0.511214969394603
scope_20260424_115654,sweep_3125,199,2976.78,0.8646585348250597,0.6306448764029334
scope_20260424_115654,sweep_3126,199,2962.96,0.8626490677965795,0.48893494713606256
scope_20260424_115654,sweep_3127,199,2976.49,0.8379525007386117,0.8406914425280749
scope_20260424_115654,sweep_3128,199,2976.49,0.8379525007386117,0.6034387799068637
scope_20260424_115654,sweep_3129,199,2976.78,0.8379933206819792,0.6359010162490175
scope_20260424_115654,sweep_3130,199,2962.67,0.8360049085948985,0.7450817874539019
scope_20260424_115654,sweep_3131,199,2976.63,0.8379722071664295,0.9624240222940507
scope_20260424_115654,sweep_3132,199,2976.93,0.8124996807793204,0.5443188851771457
scope_20260424_115654,sweep_3133,199,2962.67,0.8105513390648404,0.8855434918287701
scope_20260424_115654,sweep_3134,199,2976.63,0.8124587399366545,0.893124115034237
scope_20260424_115654,sweep_3135,199,2976.34,0.8124191618275937,0.9350142073914577
scope_20260424_115654,sweep_3136,199,2976.49,0.7880165207131923,0.6728008788908505
scope_20260424_115654,sweep_3137,199,2976.63,0.7880350527787581,0.84200153412568
scope_20260424_115654,sweep_3138,199,2962.67,0.7861849911414035,0.5099852082166507
scope_20260424_115654,sweep_3139,199,2962.52,0.7628292090186541,0.9141895220422324
scope_20260424_115654,sweep_3140,199,2962.67,0.7628485207757038,0.5808619175316984
scope_20260424_115654,sweep_3141,199,2962.82,0.7628678320438824,0.6035104373492285
scope_20260424_115654,sweep_3142,199,2963.11,0.7629051657762781,0.7260906472230086
scope_20260424_115654,sweep_3143,199,2962.82,0.7628678320438824,0.8074207989042371
scope_20260424_115654,sweep_3144,199,2962.82,0.7405068677030799,0.6970627356751246
scope_20260424_115654,sweep_3145,199,2976.93,0.7422680515598963,0.6753589080211074
scope_20260424_115654,sweep_3146,199,2976.78,0.7422493508161255,0.7169606470668428
scope_20260424_115654,sweep_3147,199,2976.63,0.7422306496011833,0.6073218389075792
scope_20260424_115654,sweep_3148,199,2962.67,0.7404881224812869,0.8818870219466591
scope_20260424_115654,sweep_3149,199,2976.93,0.7422680515598963,0.5180429232210858
scope_20260424_115654,sweep_3150,199,2976.78,0.7422493508161255,0.5757443231003583
scope_20260424_115654,sweep_3151,199,2976.78,0.7422493508161255,0.6639287249009402
scope_20260424_115654,sweep_3152,199,2976.93,0.7422680515598963,0.8666364459567618
scope_20260424_115654,sweep_3153,199,2962.82,0.7405068677030799,0.669628533420045
scope_20260424_115654,sweep_3154,199,2962.96,0.74052436281531,0.7283810487164402
scope_20260424_115654,sweep_3155,199,2976.49,0.7646256847260962,0.560675097475729
scope_20260424_115654,sweep_3156,199,2962.96,0.7628858554531449,0.6057079491545589
scope_20260424_115654,sweep_3157,199,2976.78,0.7646629326334898,0.6399065962916674
scope_20260424_115654,sweep_3158,199,2976.63,0.7646436667010296,0.8011414180282748
scope_20260424_115654,sweep_3159,199,2976.63,0.7646436667010296,1.0543633221016921
scope_20260424_115654,sweep_3160,199,2976.78,0.7646629326334898,0.5675055666170441
scope_20260424_115654,sweep_3161,199,2962.52,0.7861650886140583,0.6936697508300915
scope_20260424_115654,sweep_3162,199,2962.67,0.7861849911414035,0.5663845680479656
scope_20260424_115654,sweep_3163,199,2976.63,0.7880350527787581,0.602312660927043
scope_20260424_115654,sweep_3164,199,2976.49,0.7880165207131923,0.6442808306290514
scope_20260424_115654,sweep_3165,199,2976.93,0.7880747628803609,0.8157469504658589
scope_20260424_115654,sweep_3166,199,2963.11,0.8106115262184057,0.7116258102535826
scope_20260424_115654,sweep_3167,199,2962.52,0.8105308196955162,0.4801413743308549
scope_20260424_115654,sweep_3179,201,2647.84,0.8154871693895386,0.7146319345322394
scope_20260424_115654,sweep_3180,201,2647.6,0.8154502107070282,0.722377491814427
scope_20260424_115654,sweep_3181,201,2647.49,0.8154332707510522,0.6121842476666104
scope_20260424_115654,sweep_3182,201,2647.37,0.7902682046350576,0.8240513642641158
scope_20260424_115654,sweep_3183,201,2647.72,0.7903204422766297,0.5960188858016837
scope_20260424_115654,sweep_3184,202,2658.75,0.7919649089630951,0.40170169369567893
scope_20260424_115654,sweep_3185,203,2647.37,0.7902682046350576,0.7270935948164068
scope_20260424_115654,sweep_3186,203,2647.49,0.7902861150725754,0.5173306325124022
scope_20260424_115654,sweep_3187,203,2647.6,0.7662404484630829,0.6010479560192503
scope_20260424_115654,sweep_3188,203,2647.49,0.766224530778234,0.5812997888933533
scope_20260424_115654,sweep_3189,204,2459.02,0.7384479992923065,0.5264932910516478
scope_20260424_115654,sweep_3190,204,2459.02,0.7162491822563842,0.472560736651152
scope_20260424_115654,sweep_3191,204,2459.32,0.7162928720599252,0.6500462455213274
scope_20260424_115654,sweep_3192,204,2459.12,0.7162637458203356,0.38566374159474054
scope_20260424_115654,sweep_3193,204,2459.22,0.695016891327756,0.44636111302889697
scope_20260424_115654,sweep_3194,204,2459.02,0.6949886290729459,0.6001031737222919
scope_20260424_115654,sweep_3195,204,2459.02,0.6949886290729459,0.6371168441403092
scope_20260424_115654,sweep_3196,204,2459.42,0.6950451524333531,0.5267693203400785
scope_20260424_115654,sweep_3197,204,2459.22,0.6746447544117229,0.6377788535537621
scope_20260424_115654,sweep_3198,204,2459.32,0.6746584709132201,0.63826493055001
scope_20260424_115654,sweep_3199,205,2254.2,0.6459109982850287,0.4242969233046276
scope_20260424_115654,sweep_3200,205,2270.75,0.6482777532181616,0.5111341686439778
scope_20260424_115654,sweep_3201,205,2271.09,0.6483262848015667,0.48287822912754935
scope_20260424_115654,sweep_3202,205,2270.66,0.648264906014392,0.5010308608516861
scope_20260424_115654,sweep_3203,205,2270.66,0.648264906014392,0.5148133196320399
scope_20260424_115654,sweep_3204,205,2270.83,0.629523206514889,0.5567171881654261
scope_20260424_115654,sweep_3205,205,2270.92,0.629535681364883,0.6302121893687447
scope_20260424_115654,sweep_3206,205,2270.58,0.6482534860639628,0.49582613152765953
scope_20260424_115654,sweep_3207,205,2270.75,0.6482777532181616,0.5151482531272049
scope_20260424_115654,sweep_3208,205,2270.83,0.6482891727411123,0.4796431667859632
scope_20260424_115654,sweep_3209,205,2270.66,0.648264906014392,0.5020810454588548
scope_20260424_115654,sweep_3210,206,2087.9,0.6216290532364379,0.5360126606094948
scope_20260424_115654,sweep_3211,206,2087.83,0.6216186326227948,0.37831429586069304
scope_20260424_115654,sweep_3212,206,2087.61,0.6215858809854604,0.6454532352493815
scope_20260424_115654,sweep_3213,206,2087.83,0.6216186326227948,0.5513264380445303
scope_20260424_115654,sweep_3214,206,2081.02,0.6393442969582656,0.5259547184572663
scope_20260424_115654,sweep_3215,206,2080.88,0.6393227907480814,0.6601653528517318
scope_20260424_115654,sweep_3216,206,2087.76,0.6403788129794509,0.5424096384985314
scope_20260424_115654,sweep_3217,206,2080.8,0.6393105011602994,0.40215612352525426
scope_20260424_115654,sweep_3218,206,2081.17,0.6393673385235694,0.6397058991251312
scope_20260424_115654,sweep_3219,206,2087.68,0.6403665436583086,0.37530571615682395
scope_20260424_115654,sweep_3220,206,2087.9,0.6599909125811514,0.624653244406311
scope_20260424_115654,sweep_3221,207,1896.93,0.6290841760744021,0.6313525792499818
scope_20260424_115654,sweep_3222,207,1896.87,0.6290742270122232,0.56127918840418
scope_20260424_115654,sweep_3223,207,1896.75,0.6290543284158048,0.3851669046372465
scope_20260424_115654,sweep_3224,207,1896.93,0.6485814751580482,0.6252120419805071
scope_20260424_115654,sweep_3225,207,1896.75,0.6485507024265453,0.4045487344030093
scope_20260424_115654,sweep_3226,207,1896.93,0.6485814751580482,0.5030823890605486
scope_20260424_115654,sweep_3227,207,1896.87,0.6485712177431109,0.550496107815818
scope_20260424_115654,sweep_3228,207,1896.87,0.6485712177431109,0.7171772668518334
scope_20260424_115654,sweep_3229,207,1896.87,0.668938160329456,0.556884065844631
scope_20260424_115654,sweep_3230,207,1896.87,0.668938160329456,0.4663366330396492
scope_20260424_115654,sweep_3231,208,1713.89,0.6358558333857318,0.42567445168488277
scope_20260424_115654,sweep_3232,208,1709.5,0.6350409628583913,0.38167109461659476
scope_20260424_115654,sweep_3233,208,1713.89,0.6358558333857318,0.5523150555644047
scope_20260424_115654,sweep_3234,208,1713.99,0.6358743831922719,0.5385428344416693
scope_20260424_115654,sweep_3235,208,1709.3,0.6350038140114872,0.5729594062398193
scope_20260424_115654,sweep_3236,208,1709.35,0.6350131014269546,0.32392184998179074
scope_20260424_115654,sweep_3237,208,1713.89,0.6358558333857318,0.3101605300875446
scope_20260424_115654,sweep_3238,208,1709.4,0.6350223887065904,0.46878345452375586
scope_20260424_115654,sweep_3239,208,1709.4,0.6350223887065904,0.45411524619213833
scope_20260424_115654,sweep_3240,208,1713.99,0.6358743831922719,0.49783528867024135
scope_20260424_115654,sweep_3241,209,1499.14,0.5946867791735685,0.5911584877757065
scope_20260424_115654,sweep_3242,209,1521.34,0.5990738042264144,0.35761069402203566
scope_20260424_115654,sweep_3243,209,1521.22,0.5990501769392294,0.5416974320710742
scope_20260424_115654,sweep_3244,209,1521.22,0.5808110910511524,0.5138591695591092
scope_20260424_115654,sweep_3245,209,1521.26,0.580818727123161,0.5084925832486645
scope_20260424_115654,sweep_3246,209,1521.18,0.5808034548787492,0.44577725865935425
scope_20260424_115654,sweep_3247,209,1521.3,0.563365880872147,0.49002073906012017
scope_20260424_115654,sweep_3248,209,1521.14,0.5633362545949158,0.5087009370963662
scope_20260424_115654,sweep_3249,209,1521.22,0.5633510679282847,0.49353838770488834
scope_20260424_115654,sweep_3250,209,1521.11,0.5633306994944763,0.514589086927152
scope_20260424_115654,sweep_3251,209,1521.14,0.5466146433209681,0.5361592929967371
scope_20260424_115654,sweep_3252,210,1337.91,0.512637200524415,0.43472089911571754
scope_20260424_115654,sweep_3253,210,1332.36,0.49657774248326614,0.5395683620163774
scope_20260424_115654,sweep_3254,210,1332.33,0.4965721518710689,0.4495331450923947
scope_20260424_115654,sweep_3255,210,1335.14,0.4970955330092178,0.46162040263971
scope_20260424_115654,sweep_3256,210,1332.3,0.4965665611959297,0.49276537259047953
scope_20260424_115654,sweep_3257,210,1335.05,0.48268988541051205,0.5246823012115083
scope_20260424_115654,sweep_3258,210,1335.05,0.48268988541051205,0.3715825925334293
scope_20260424_115654,sweep_3259,210,1335.05,0.48268988541051205,0.4296228766494884
scope_20260424_115654,sweep_3260,210,1335.05,0.48268988541051205,0.5081010401936538
scope_20260424_115654,sweep_3261,210,1334.91,0.48266457611286223,0.5391515924558891
scope_20260424_115654,sweep_3262,210,1335.02,0.48268446210130544,0.4704794507791978
scope_20260424_115654,sweep_3294,215,570.28,0.2887300889474979,0.2839663383276348
scope_20260424_115654,sweep_3295,215,597.67,0.30019392345931384,0.29725752650835396
scope_20260424_115654,sweep_3296,215,604.02,0.3123487571780059,0.2447549448189835
scope_20260424_115654,sweep_3297,215,609.94,0.31488755246918554,0.19758918242955875
scope_20260424_115654,sweep_3298,215,615.42,0.31723392192572936,0.30922222402949323
scope_20260424_115654,sweep_3299,215,620.93,0.3195895581290252,0.3160813957931947
scope_20260424_115654,sweep_3300,215,625.91,0.32171555258688894,0.2908423554362012
scope_20260424_115654,sweep_3301,215,628.48,0.322811576484943,0.31436879087417796
scope_20260424_115654,sweep_3302,215,632.95,0.32471607810582714,0.24748578678082112
scope_20260424_115654,sweep_3303,215,637.46,0.3266353064054743,0.21316718176772562
scope_20260424_115654,sweep_3304,215,642.07,0.328594705536046,0.270657368005475
scope_20260424_115654,sweep_3305,216,460.52,0.24938104424774238,0.1987587812959543
scope_20260424_115654,sweep_3306,216,466.02,0.25185058766813473,0.22671309092196873
scope_20260424_115654,sweep_3307,216,471.34,0.24649400122416576,0.2104501727067487
scope_20260424_115654,sweep_3308,216,478.19,0.24946366254667615,0.2372787650373126
scope_20260424_115654,sweep_3309,216,480.42,0.250428863823833,0.1847430580425477
scope_20260424_115654,sweep_3310,216,485.68,0.25270251845701835,0.21743909084500332
scope_20260424_115654,sweep_3311,216,492.97,0.24815562049571685,0.18548109599895016
scope_20260424_115654,sweep_3312,216,499.72,0.25097259177284853,0.1945115003159702
scope_20260424_115654,sweep_3313,216,506.26,0.24616526314923823,0.20348397812806743
scope_20260424_115654,sweep_3314,216,509.97,0.24766162049403703,0.20458694003403174
scope_20260424_115654,sweep_3315,216,515.04,0.24970352014225417,0.15527791701666763
scope_20260424_115654,sweep_3316,217,365.11,0.18217473695032058,0.1463876055026821
scope_20260424_115654,sweep_3317,217,365.11,0.18217473695032058,0.21681257999953693
scope_20260424_115654,sweep_3318,217,364.89,0.18208362246120416,0.19416715220060937
scope_20260424_115654,sweep_3319,217,364.91,0.17682090856116808,0.19204872536052756
scope_20260424_115654,sweep_3320,217,366.62,0.17750837159383542,0.13739552330851032
scope_20260424_115654,sweep_3321,217,375.23,0.18096158945191881,0.14279877293548227
scope_20260424_115654,sweep_3322,217,382.86,0.17874990499978913,0.17281770611526515
scope_20260424_115654,sweep_3323,217,387.64,0.18060025087715187,0.1714099909514707
scope_20260424_115654,sweep_3324,217,395.28,0.18354968424428067,0.18502827611028314
scope_20260424_115654,sweep_3325,217,400.88,0.18570541488415496,0.18251355927566215
scope_20260424_115654,sweep_3326,217,364.48,0.17159783208198387,0.20353631557468588
scope_20260424_115654,sweep_3327,217,364.47,0.17159392441811253,0.18588687255345682
scope_20260424_115654,sweep_3328,217,364.68,0.171675981532728,0.14494050162207783
scope_20260424_115654,sweep_3329,217,364.9,0.171761937513716,0.14466413941031056
scope_20260424_115654,sweep_3330,217,364.9,0.171761937513716,0.20827301668508075
scope_20260424_115654,sweep_3331,217,365.12,0.17184788468519682,0.1633399498029872
scope_20260424_115654,sweep_3332,217,364.91,0.17176584439439715,0.1647096598922514
scope_20260424_115654,sweep_3333,217,365.12,0.17184788468519682,0.17011273998812257
scope_20260424_115654,sweep_3334,217,364.89,0.1717580306148334,0.17097067990208836
scope_20260424_115654,sweep_3335,217,364.9,0.171761937513716,0.10847787702227624
scope_20260424_115654,sweep_3336,217,364.68,0.171675981532728,0.16744555779085257
scope_20260424_115654,sweep_3337,217,363.82,0.1713398871436474,0.1965833056413498
scope_20260424_115654,sweep_3338,217,364.67,0.1716720742332656,0.18223275092164948
scope_20260424_115654,sweep_3339,217,364.25,0.1765554255776144,0.1632839487329626
scope_20260424_115654,sweep_3340,217,364.46,0.1766399062995427,0.15301385924361002
scope_20260424_115654,sweep_3341,217,364.06,0.17647898350390256,0.11607428674277942
scope_20260424_115654,sweep_3342,217,364.27,0.17656347171731618,0.1898139083920453
scope_20260424_115654,sweep_3343,217,364.26,0.17655944865685314,0.18138954172472488
scope_20260424_115654,sweep_3344,217,364.69,0.17673242331033412,0.12901011395685782
scope_20260424_115654,sweep_3345,217,364.48,0.18191379325979914,0.1585294938383611
scope_20260424_115654,sweep_3346,217,364.45,0.18190136545815333,0.18572049147905528
scope_20260424_115654,sweep_3347,217,364.26,0.18182265200841496,0.13729103331115533
scope_20260424_115654,sweep_3348,217,364.67,0.18199249863267924,0.1842648796950807
scope_20260424_115654,sweep_3349,217,364.69,0.18200078300318986,0.20588693929269172
scope_20260424_115654,sweep_3350,217,363.62,0.1815574605877325,0.18511156176220514
scope_20260424_115654,sweep_3351,217,364.26,0.1873131207876195,0.1390897856087956
scope_20260424_115654,sweep_3352,217,364.46,0.1873984788483636,0.1853069482688066
scope_20260424_115654,sweep_3353,217,364.27,0.1873173888798467,0.18055311286795067
scope_20260424_115654,sweep_3354,217,364.26,0.1873131207876195,0.18919471377027414
scope_20260424_115654,sweep_3355,217,364.04,0.18721921771792538,0.19544220209122104
scope_20260424_115654,sweep_3356,217,364.48,0.18740701421641223,0.15106792370331595
scope_20260424_115654,sweep_3357,217,364.26,0.1930432585191866,0.1503514955006845
scope_20260424_115654,sweep_3358,217,364.25,0.19303885984026325,0.18911304823472985
scope_20260424_115654,sweep_3359,217,364.46,0.19313122778753064,0.19642545194128236
scope_20260424_115654,sweep_3360,217,364.46,0.19313122778753064,0.15554824670367579
scope_20260424_115654,sweep_3361,217,364.71,0.19324117783367037,0.14491881931616518
scope_20260424_115654,sweep_3362,217,364.25,0.19902174182683305,0.27836324943829543
scope_20260424_115654,sweep_3363,217,364.68,0.1992167280601225,0.19316095265176034
scope_20260424_115654,sweep_3364,217,364.26,0.19902627683466406,0.2160633664718627
scope_20260424_115654,sweep_3365,217,364.25,0.19902174182683305,0.17812251584954314
scope_20260424_115654,sweep_3366,217,364.46,0.1991169725475767,0.23374149311356868
scope_20260424_115654,sweep_3367,218,139.62,0.08979360827041517,0.1193853023500893
scope_20260424_115654,sweep_3368,218,139.62,0.08979360827041517,0.125616443624886
scope_20260424_115654,sweep_3369,218,139.62,0.09261337765615543,0.11632375289776255
scope_20260424_115654,sweep_3370,218,139.62,0.09261337765615543,0.10119346155825519
scope_20260424_115654,sweep_3371,218,139.62,0.09261337765615543,0.12057239343717162
scope_20260424_115654,sweep_3372,218,139.62,0.09261337765615543,0.11859310928643199
scope_20260424_115654,sweep_3373,218,139.62,0.09261337765615543,0.12057874993088583
scope_20260424_115654,sweep_3374,218,139.62,0.09261337765615543,0.12279249282251611
scope_20260424_115654,sweep_3375,218,139.62,0.09261337765615543,0.12597544714289727
scope_20260424_115654,sweep_3376,218,139.62,0.09261337765615543,0.12490826966994578
scope_20260424_115654,sweep_3377,218,139.62,0.09261337765615543,0.11281992410539282
scope_20260424_115654,sweep_3378,218,139.62,0.08979360827041517,0.12155236952110464
scope_20260424_115654,sweep_3379,218,139.62,0.08979360827041517,0.12744774442461107
scope_20260424_115654,sweep_3380,218,139.62,0.08979360827041517,0.11399033371683286
scope_20260424_115654,sweep_3381,218,139.62,0.08979360827041517,0.08199864266937386
scope_20260424_115654,sweep_3382,218,139.62,0.08709428227467746,0.0786972965966549
scope_20260424_115654,sweep_3383,218,139.62,0.08709428227467746,0.08076324199480173
scope_20260424_115654,sweep_3384,218,139.62,0.08709428227467746,0.07455417825846923
scope_20260424_115654,sweep_3385,218,139.62,0.08450904704349592,0.07696005492551479
scope_20260424_115654,sweep_3386,218,139.62,0.08450904704349592,0.07720878819987312
scope_20260424_115654,sweep_3387,218,139.62,0.08450904704349592,0.07886310536208475
scope_20260424_115654,sweep_3388,218,139.62,0.08203194195656113,0.07744086116452273
scope_20260424_115654,sweep_3389,218,139.62,0.08203194195656113,0.07758697942032251
scope_20260424_115654,sweep_3390,218,139.62,0.07965737098274805,0.07546853391297721
scope_20260424_115654,sweep_3391,218,139.62,0.07965737098274805,0.0867774912217832
scope_20260424_115654,sweep_3392,218,139.62,0.07965737098274805,0.072022342379651
scope_20260424_115654,sweep_3393,218,139.62,0.07738007739257984,0.08309605977049367
scope_20260424_115654,sweep_3394,218,139.62,0.07738007739257984,0.07634606018070067
scope_20260424_115654,sweep_3395,218,139.62,0.0751951204183685,0.07072346067919529
scope_20260424_115654,sweep_3396,218,139.62,0.0751951204183685,0.09497092605839975
scope_20260424_115654,sweep_3397,218,139.62,0.07309785369789565,0.07403364726203894
scope_20260424_115654,sweep_3398,218,139.62,0.07309785369789565,0.08695508121405253
scope_20260424_115654,sweep_3399,218,139.62,0.07108390535247482,0.07262403319749176
scope_20260424_115654,sweep_3400,218,139.62,0.07108390535247482,0.06759018904248405
scope_20260424_115654,sweep_3401,218,139.62,0.07108390535247482,0.036034294934487086
scope_20260424_115654,sweep_3402,218,139.62,0.0691491595637216,0.03268099747199102
scope_20260424_115654,sweep_3403,218,139.62,0.0691491595637216,0.034151048272136254
scope_20260424_115654,sweep_3404,218,139.62,0.0691491595637216,0.04070273164760357
scope_20260424_115654,sweep_3405,218,139.62,0.06728973952555999,0.026401813340339763
scope_20260424_115654,sweep_3406,218,139.62,0.06728973952555999,0.04210229613138968
scope_20260424_115654,sweep_3407,218,139.62,0.06728973952555999,0.040597414668993026
scope_20260424_115654,sweep_3408,218,139.62,0.06550199165901675,0.042646497507041775
scope_20260424_115654,sweep_3409,218,139.62,0.06550199165901675,0.04461834712854733
scope_20260424_115654,sweep_3410,218,139.62,0.06550199165901675,0.024861745153973134
scope_20260424_115654,sweep_3411,218,139.62,0.06550199165901675,0.04052603482891263
scope_20260424_115654,sweep_3412,218,139.62,0.06550199165901675,0.042881758140499174
scope_20260424_115654,sweep_3413,218,139.62,0.06550199165901675,0.038457557316473164
scope_20260424_115654,sweep_3414,218,139.62,0.06550199165901675,0.04259692314923447
scope_20260424_115654,sweep_3415,218,139.62,0.06550199165901675,0.04018861001764929
scope_20260424_115654,sweep_3416,218,139.62,0.06550199165901675,0.06451170655734088
scope_20260424_115654,sweep_3417,218,139.62,0.06550199165901675,0.054348192615226706
scope_20260424_115654,sweep_3418,218,139.62,0.06550199165901675,0.08284117495186623
scope_20260424_115654,sweep_3419,218,139.62,0.06550199165901675,0.07315507416890209
scope_20260424_115654,sweep_3420,219,363.19,0.14483018709006482,0.19689403779929
scope_20260424_115654,sweep_3421,219,364.05,0.14511477366808911,0.1416164435469793
scope_20260424_115654,sweep_3422,219,364.46,0.14525040842219109,0.14799950415948385
scope_20260424_115654,sweep_3423,219,364.06,0.1490787944066733,0.1640086330501718
scope_20260424_115654,sweep_3424,219,364.46,0.14921473227241952,0.16662667840606454
scope_20260424_115654,sweep_3425,219,364.04,0.14907199684708644,0.17889713105637425
scope_20260424_115654,sweep_3426,219,364.26,0.149146766511654,0.1752231498241781
scope_20260424_115654,sweep_3427,219,364.68,0.14928948728655403,0.2156301561636715
scope_20260424_115654,sweep_3428,219,363.84,0.15312145168465438,0.19943237156419086
scope_20260424_115654,sweep_3429,219,364.05,0.15319480194838808,0.19341124025444645
scope_20260424_115654,sweep_3430,219,364.03,0.15318781651894767,0.23724396839144588
scope_20260424_115654,sweep_3431,219,364.47,0.153341480902823,0.189645712843198
scope_20260424_115654,sweep_3432,219,364.25,0.15755289192186805,0.17934505406735396
scope_20260424_115654,sweep_3433,219,364.48,0.15763545948036606,0.2515555291537148
scope_20260424_115654,sweep_3434,219,364.48,0.15763545948036606,0.25413627978723413
scope_20260424_115654,sweep_3435,219,364.26,0.15755648199997763,0.21931233431373456
scope_20260424_115654,sweep_3436,219,364.25,0.16201667854739096,0.2288238129552921
scope_20260424_115654,sweep_3437,219,364.05,0.16194283908515353,0.1885797498444271
scope_20260424_115654,sweep_3438,219,364.06,0.16194653122201966,0.1947061494446601
scope_20260424_115654,sweep_3439,219,363.84,0.16186530022740114,0.19244625347281122
scope_20260424_115654,sweep_3440,219,364.26,0.16202037033955005,0.19901120510378942
scope_20260424_115654,sweep_3441,219,364.25,0.1666651349779082,0.23486030153451642
scope_20260424_115654,sweep_3442,219,363.63,0.16642964205989919,0.2110869854782106
scope_20260424_115654,sweep_3443,219,364.05,0.1665891769712953,0.22878677577855294
scope_20260424_115654,sweep_3444,219,364.04,0.16658537888477626,0.20976141133465576
scope_20260424_115654,sweep_3445,219,364.05,0.1714297860696836,0.1682009993234565
scope_20260424_115654,sweep_3446,219,364.26,0.17151185926557172,0.2331310715858287
scope_20260424_115654,sweep_3447,219,364.02,0.1714180606704976,0.23901522838141553
scope_20260424_115654,sweep_3448,219,364.25,0.17150795120058024,0.2093500593018868
scope_20260424_115654,sweep_3449,219,364.26,0.17655944865685314,0.16386756714530623
scope_20260424_115654,sweep_3450,219,364.47,0.17664392898461934,0.21600382944805577
scope_20260424_115654,sweep_3451,219,364.04,0.17647093657535737,0.23757192832666416
scope_20260424_115654,sweep_3452,219,364.68,0.17672840103790427,0.21791997098300053
scope_20260424_115654,sweep_3453,219,364.69,0.17673242331033412,0.16172980524508998
scope_20260424_115654,sweep_3454,219,364.47,0.17664392898461934,0.13914662355487425
scope_20260424_115654,sweep_3455,219,364.69,0.17673242331033412,0.16940818034449046
scope_20260424_115654,sweep_3456,219,364.27,0.18182679499553997,0.2171146081105786
scope_20260424_115654,sweep_3457,219,364.27,0.17656347171731618,0.14643871081574467
scope_20260424_115654,sweep_3458,219,364.04,0.18173150139872077,0.26582673104313326
scope_20260424_115654,sweep_3459,219,364.27,0.17656347171731618,0.15132468282847183
scope_20260424_115654,sweep_3460,219,364.05,0.17647496004902413,0.2502924124157993
scope_20260424_115654,sweep_3461,219,364.25,0.1765554255776144,0.23915417009564263
scope_20260424_115654,sweep_3462,219,364.04,0.17647093657535737,0.15585664441685854
scope_20260424_115654,sweep_3463,219,363.84,0.1763904631555437,0.14771246059763365
scope_20260424_115654,sweep_3464,219,363.18,0.17108968273905306,0.12266828416347259
scope_20260424_115654,sweep_3465,219,364.04,0.17142587762154024,0.21990097187678956
scope_20260424_115654,sweep_3466,219,363.83,0.17134379599346541,0.13966945312221377
scope_20260424_115654,sweep_3467,219,364.25,0.1666651349779082,0.19685014936842665
scope_20260424_115654,sweep_3468,219,364.04,0.16658537888477626,0.2165917909576819
scope_20260424_115654,sweep_3469,219,364.05,0.1665891769712953,0.14574943940252588
scope_20260424_115654,sweep_3470,219,364.48,0.16675247792105577,0.1020565725716665
scope_20260424_115654,sweep_3471,219,364.48,0.16210158540895622,0.19275417233324346
scope_20260424_115654,sweep_3472,220,519.78,0.21763479375588357,0.2173690267063971
scope_20260424_115654,sweep_3473,220,509.96,0.2083146039439406,0.295927736096361
scope_20260424_115654,sweep_3474,220,515.48,0.210184436371806,0.29667029069860296
scope_20260424_115654,sweep_3475,220,518.9,0.21134121053386065,0.25280151291942404
scope_20260424_115654,sweep_3476,220,524.57,0.21325617105572867,0.22436522906147222
scope_20260424_115654,sweep_3477,220,528.61,0.20877703766639738,0.2527570050140762
scope_20260424_115654,sweep_3478,220,533.55,0.21039514949234178,0.21976861612613693
scope_20260424_115654,sweep_3479,220,537.28,0.21161523446527222,0.2202653444785807
scope_20260424_115654,sweep_3480,220,541.02,0.21283714554914765,0.24023348925834787
scope_20260424_115654,sweep_3481,220,543.84,0.21375752992783162,0.25236775961452956
scope_20260424_115654,sweep_3482,220,545.78,0.21439023100828478,0.3481602075952134
scope_20260424_115654,sweep_3494,222,905.73,0.3355627222025395,0.32432631387243455
scope_20260424_115654,sweep_3495,222,900.31,0.3338951920339433,0.34981718678928336
scope_20260424_115654,sweep_3496,222,893.88,0.3319147074780369,0.3908532020429173
scope_20260424_115654,sweep_3497,222,887.46,0.3392825964440431,0.31151084612120356
scope_20260424_115654,sweep_3498,222,882.47,0.33769843512152603,0.3704371918870881
scope_20260424_115654,sweep_3499,222,878.71,0.33650375247605424,0.4867127134084657
scope_20260424_115654,sweep_3500,222,873.74,0.33492327603140987,0.39195146877346965
scope_20260424_115654,sweep_3501,222,868.91,0.33338585508627333,0.350937790872192
scope_20260424_115654,sweep_3502,222,865.29,0.34176479282428346,0.3237857912210738
scope_20260424_115654,sweep_3503,222,860.49,0.34019048323709516,0.4206280612044794
scope_20260424_115654,sweep_3504,223,1070.85,0.4080820044344889,0.6648269708775267
scope_20260424_115654,sweep_3515,225,1160.72,0.4500732139504804,0.4240130477517573
scope_20260424_115654,sweep_3516,225,1154.27,0.46220023398741505,0.4444407227520407
scope_20260424_115654,sweep_3517,226,1143.71,0.46008112447331767,0.4803475938941638
scope_20260424_115654,sweep_3518,226,1143.75,0.4600891698187608,0.47385202700558293
scope_20260424_115654,sweep_3519,226,1143.75,0.4600891698187608,0.44681699444881967
scope_20260424_115654,sweep_3520,226,1143.6,0.4600589990478952,0.3331751751691268
scope_20260424_115654,sweep_3521,226,1143.64,0.46006704478025306,0.4133855866786919
scope_20260424_115654,sweep_3522,226,1143.77,0.46009319243872604,0.33454267481332783
scope_20260424_115654,sweep_3523,226,1143.64,0.4467495269391949,0.3615758609981172
scope_20260424_115654,sweep_3524,226,1145.67,0.44714584896849513,0.36053764757164414
scope_20260424_115654,sweep_3525,226,1143.73,0.44676710531456354,0.41231137142209795
scope_20260424_115654,sweep_3526,227,1332.5,0.48222868638515254,0.37602884108487816
scope_20260424_115654,sweep_3527,227,1335.05,0.48268988541051205,0.5660956120610284
scope_20260424_115654,sweep_3528,227,1332.21,0.46839146032170437,0.37456673831415443
scope_20260424_115654,sweep_3529,227,1332.24,0.4683967341391591,0.6390191466721553
scope_20260424_115654,sweep_3530,227,1332.27,0.468402007897235,0.4047311839751793
scope_20260424_115654,sweep_3531,227,1332.39,0.46842310233579104,0.441758409525723
scope_20260424_115654,sweep_3532,227,1332.33,0.45518613683589454,0.338752538633378
scope_20260424_115654,sweep_3533,227,1332.3,0.4551810121066697,0.48752187810887887
scope_20260424_115654,sweep_3534,227,1332.42,0.4552015106773993,0.39077892424627453
scope_20260424_115654,sweep_3535,227,1332.27,0.44248057896561277,0.35791224477907696
scope_20260424_115654,sweep_3547,229,1713.99,0.48805513431027064,0.7583127228044684
scope_20260424_115654,sweep_3548,229,1709.4,0.4874011996745438,0.6153218849510405
scope_20260424_115654,sweep_3549,229,1709.35,0.48739407137274415,0.5984160422548148
scope_20260424_115654,sweep_3550,229,1709.26,0.48738124016677836,0.4775319208010193
scope_20260424_115654,sweep_3551,229,1709.26,0.48738124016677836,0.6141276374079051
scope_20260424_115654,sweep_3552,229,1713.99,0.48805513431027064,0.5663848179785059
scope_20260424_115654,sweep_3553,229,1713.89,0.48804089670523154,0.5957505296105529
scope_20260424_115654,sweep_3554,229,1709.26,0.5011897195596297,0.6370277511590461
scope_20260424_115654,sweep_3555,229,1709.4,0.5012102445599274,0.6756969856897079
scope_20260424_115654,sweep_3556,229,1713.89,0.50186806547914,0.5070823285446389
scope_20260424_115654,sweep_3557,230,1920.31,0.5312314291172453,0.9614029030883244
scope_20260424_115654,sweep_3558,230,1896.87,0.5279792726947594,0.555385680950763
scope_20260424_115654,sweep_3559,230,1896.99,0.5431448224478423,0.8455184183031037
scope_20260424_115654,sweep_3560,230,1896.99,0.5431448224478423,0.8399153825574709
scope_20260424_115654,sweep_3561,230,1897.11,0.5431620013333338,0.7250397578360773
scope_20260424_115654,sweep_3562,230,1902.65,0.5439545025218264,0.8979691880312427
scope_20260424_115654,sweep_3563,230,1902.59,0.5597514518344475,0.854570606335374
scope_20260424_115654,sweep_3564,230,1902.65,0.5597602779142467,0.8621157404592708
scope_20260424_115654,sweep_3565,230,1902.65,0.5597602779142467,0.9249649531354106
scope_20260424_115654,sweep_3566,230,1896.99,0.5589270708332614,0.746329767038224
scope_20260424_115654,sweep_3567,230,1902.53,0.5762158359870703,0.5334614599428914
scope_20260424_115654,sweep_3568,231,2108.89,0.606661446953873,0.774244540429981
scope_20260424_115654,sweep_3569,231,2080.88,0.6026191810461933,0.9569481737514947
scope_20260424_115654,sweep_3570,231,2087.68,0.6036030119577108,0.8201051567040022
scope_20260424_115654,sweep_3571,231,2087.83,0.6036246960341779,0.6085410581037136
scope_20260424_115654,sweep_3572,231,2080.8,0.6205712140666948,0.5750315065848796
scope_20260424_115654,sweep_3573,231,2087.83,0.6216186326227948,0.5330259007144029
scope_20260424_115654,sweep_3574,231,2081.09,0.6206144569016829,0.5826238118138508
scope_20260424_115654,sweep_3575,231,2087.97,0.6216394736753992,0.516235086457452
scope_20260424_115654,sweep_3576,231,2080.88,0.6205831434255845,0.5885487413145173
scope_20260424_115654,sweep_3577,231,2081.02,0.6206040192518688,0.5859509096083746
scope_20260424_115654,sweep_3589,233,2459.12,0.6363740837805986,0.7960541272655585
scope_20260424_115654,sweep_3590,233,2459.02,0.6363611445878499,0.5760733900592043
scope_20260424_115654,sweep_3591,233,2459.32,0.6184301352813986,0.7301637252628952
scope_20260424_115654,sweep_3592,233,2459.42,0.6184427083473032,0.5773409045652038
scope_20260424_115654,sweep_3593,233,2459.02,0.6183924145498819,0.7715304129913535
scope_20260424_115654,sweep_3594,233,2458.92,0.6183798404613903,0.5721015145828864
scope_20260424_115654,sweep_3595,233,2459.22,0.6011692808900583,0.5920547994963734
scope_20260424_115654,sweep_3596,233,2468.53,0.6023061452008786,0.7820338984886834
scope_20260424_115654,sweep_3597,233,2468.73,0.6023305440919596,0.46470088486265676
scope_20260424_115654,sweep_3598,233,2459.32,0.6011815035291398,0.7563007409532098
scope_20260424_115654,sweep_3599,233,2459.42,0.6011937259197273,0.6403568658155581
scope_20260424_115654,sweep_3600,234,2647.6,0.6237697011850508,0.6260515891133948
scope_20260424_115654,sweep_3601,234,2647.49,0.6237567431513923,0.5374089004149265
scope_20260424_115654,sweep_3602,234,2647.25,0.6237284701435255,0.6441705641358451
scope_20260424_115654,sweep_3603,235,2658.63,0.6250676746176996,0.5680583175139735
scope_20260424_115654,sweep_3604,235,2658.75,0.6250817809947776,0.5447137594728695
scope_20260424_115654,sweep_3607,237,2658.87,0.6250958870535204,0.4802641161134101
scope_20260424_115654,sweep_3608,238,2647.6,0.6237697011850508,0.5172539897573792
scope_20260424_115654,sweep_3609,238,2647.49,0.6237567431513923,0.8636917185330758
scope_20260424_115654,sweep_3610,239,2853.75,0.6475988243669911,0.72558184776651
scope_20260424_115654,sweep_3611,240,2841.04,0.6461550808213726,1.0179295414818395
scope_20260424_115654,sweep_3612,240,2840.77,0.6646624738900831,0.7391367158875574
scope_20260424_115654,sweep_3613,240,2840.64,0.6646472654940916,0.6495239132351032
scope_20260424_115654,sweep_3614,240,2840.77,0.6646624738900831,0.7788412306626533
scope_20260424_115654,sweep_3615,240,2840.51,0.664632056750095,0.8831445944830486
scope_20260424_115654,sweep_3616,240,2840.91,0.6839925344262471,0.7612174507632952
scope_20260424_115654,sweep_3617,240,2840.91,0.6839925344262471,0.6430682653267443
scope_20260424_115654,sweep_3618,240,2840.91,0.6839925344262471,0.7266662860617921
scope_20260424_115654,sweep_3619,240,2828.05,0.6824426576254793,0.6064167824702483
scope_20260424_115654,sweep_3620,240,2827.92,0.7025107795400367,0.8393133602486917
scope_20260424_115654,sweep_3621,241,2962.67,0.7190532818550769,0.5531309972362968
scope_20260424_115654,sweep_3622,241,2976.63,0.7207453682049354,0.554676722949211
scope_20260424_115654,sweep_3623,241,2976.93,0.7422680515598963,0.5144529445733124
scope_20260424_115654,sweep_3624,241,2962.67,0.7404881224812869,0.5632091604184292
scope_20260424_115654,sweep_3625,241,2962.82,0.7405068677030799,0.6528546154862236
scope_20260424_115654,sweep_3626,241,2976.63,0.7422306496011833,0.647209971462671
scope_20260424_115654,sweep_3627,241,2976.63,0.7422306496011833,0.4797437461984324
scope_20260424_115654,sweep_3628,241,2962.67,0.7404881224812869,0.6743581145776872
scope_20260424_115654,sweep_3629,241,2976.63,0.7422306496011833,0.5136692066238974
scope_20260424_115654,sweep_3630,241,2962.67,0.7404881224812869,0.7249180127531415
scope_20260424_115654,sweep_3631,241,2962.67,0.7404881224812869,0.5605893235841198
scope_20260424_115654,sweep_3632,241,2976.49,0.7422131947087711,0.6812412524458434
scope_20260424_115654,sweep_3633,241,2976.63,0.7422306496011833,0.5055673740897862
scope_20260424_115654,sweep_3634,241,2976.78,0.7422493508161255,0.6576118732120384
scope_20260424_115654,sweep_3635,241,2976.34,0.7421944925827968,0.5707134371973847
scope_20260424_115654,sweep_3636,241,2962.96,0.74052436281531,0.5573096064211727
scope_20260424_115654,sweep_3637,241,2962.67,0.7404881224812869,0.5105544901239228
scope_20260424_115654,sweep_3638,241,2976.34,0.7207102578203881,0.5807253130004933
scope_20260424_115654,sweep_3639,241,2963.11,0.7191066748583461,0.8699446168533709
scope_20260424_115654,sweep_3640,241,2962.82,0.7190714844606826,0.5610854374806501
scope_20260424_115654,sweep_3641,241,2962.67,0.7190532818550769,0.8482289514044397
scope_20260424_115654,sweep_3642,241,2962.67,0.7190532818550769,0.7124166593357221
scope_20260424_115654,sweep_3643,241,2976.93,0.700175540232353,0.7229826272520098
scope_20260424_115654,sweep_3644,241,2962.52,0.6984788646451419,0.6232121524559208
scope_20260424_115654,sweep_3645,241,2962.82,0.6985142295295638,0.8403990457030042
scope_20260424_115654,sweep_3646,241,2962.96,0.6985307325295669,0.6086136259970358
scope_20260424_115654,sweep_3647,241,2976.78,0.6803877609605984,0.6306315517689509
scope_20260424_115654,sweep_3648,241,2976.93,0.680404903120667,0.5001526066471675
scope_20260424_115654,sweep_3649,241,2976.93,0.680404903120667,0.7632590147894739
scope_20260424_115654,sweep_3650,241,2963.11,0.6788237214273231,0.7014908573003178
scope_20260424_115654,sweep_3651,241,2962.23,0.6787229136217432,0.6731876320082535
scope_20260424_115654,sweep_3652,241,2976.63,0.6613944049181668,0.5524026311844783
scope_20260424_115654,sweep_3653,241,2962.67,0.6598416562030108,0.705941497201437
scope_20260424_115654,sweep_3654,241,2962.82,0.6598583598851068,0.7659857161353799
scope_20260424_115654,sweep_3655,241,2976.49,0.6613788510358445,0.8781525321243683
scope_20260424_115654,sweep_3656,241,2976.34,0.661362185756007,0.8050175814850767
scope_20260424_115654,sweep_3657,241,2962.67,0.6598416562030108,0.7266235392990921
scope_20260424_115654,sweep_3658,241,2962.82,0.6598583598851068,0.49359006156509544
scope_20260424_115654,sweep_3659,241,2962.52,0.6598249520980558,0.7732128354109773
scope_20260424_115654,sweep_3660,241,2976.34,0.661362185756007,0.780790485249937
scope_20260424_115654,sweep_3661,241,2962.67,0.6598416562030108,0.8563673144436792
scope_20260424_115654,sweep_3662,241,2962.82,0.6598583598851068,0.6139697046778314
scope_20260424_115654,sweep_3663,241,2962.67,0.6598416562030108,0.7291691832876804
scope_20260424_115654,sweep_3664,241,2976.78,0.6614110693861924,0.4622505392446834
scope_20260424_115654,sweep_3665,241,2962.67,0.6598416562030108,0.5593884994762929
scope_20260424_115654,sweep_3666,241,2976.49,0.6803546182264204,0.6178837771673004
scope_20260424_115654,sweep_3667,241,2976.93,0.680404903120667,0.5930342135951738
scope_20260424_115654,sweep_3668,241,2962.38,0.6787400978289526,0.656465908020258
scope_20260424_115654,sweep_3669,241,2962.82,0.6787905023271039,0.5302765352677543
scope_20260424_115654,sweep_3670,241,2962.82,0.6787905023271039,0.8968572100274489
scope_20260424_115654,sweep_3671,241,2962.82,0.6985142295295638,0.738404009234832
scope_20260424_115654,sweep_3672,241,2962.67,0.6984965473111684,0.5336199663860866
scope_20260424_115654,sweep_3673,241,2976.49,0.7001237942016686,0.5119907845223385
scope_20260424_115654,sweep_3674,241,2976.63,0.7001402592626378,0.7748071374883474
scope_20260424_115654,sweep_3675,241,2962.96,0.7190884731435305,0.7467871834342132
scope_20260424_115654,sweep_3676,241,2976.63,0.7207453682049354,0.5823426426745685
scope_20260424_115654,sweep_3677,241,2962.96,0.7190884731435305,0.7485733971049586
scope_20260424_115654,sweep_3678,241,2976.93,0.7422680515598963,0.614871299850038
scope_20260424_115654,sweep_3679,241,2976.78,0.7422493508161255,0.6856435627357528
scope_20260424_115654,sweep_3680,241,2962.67,0.7404881224812869,0.6024179543743254
scope_20260424_115654,sweep_3681,241,2976.63,0.7422306496011833,0.6194577974924759
scope_20260424_115654,sweep_3682,241,2962.82,0.7405068677030799,0.7643829210054915
scope_20260424_115654,sweep_3683,241,2976.49,0.7422131947087711,0.8439374400531824
scope_20260424_115654,sweep_3684,241,2962.67,0.7404881224812869,1.0126128260066403
scope_20260424_115654,sweep_3685,241,2976.34,0.7421944925827968,0.6179715472080537
scope_20260424_115654,sweep_3686,241,2962.82,0.7405068677030799,0.8331557318005485
scope_20260424_115654,sweep_3687,241,2976.93,0.7422680515598963,0.7888203553370524
scope_20260424_115654,sweep_3688,241,2962.67,0.7404881224812869,0.9205012615854126
scope_20260424_115654,sweep_3689,241,2976.78,0.7422493508161255,0.6122850457671878
scope_20260424_115654,sweep_3690,241,2962.96,0.74052436281531,0.6433263291336846
scope_20260424_115654,sweep_3691,241,2962.82,0.7405068677030799,0.7822630339779313
scope_20260424_115654,sweep_3692,241,2962.67,0.7190532818550769,0.7009118696949203
scope_20260424_115654,sweep_3693,241,2962.82,0.7190714844606826,0.686746669453199
scope_20260424_115654,sweep_3694,241,2962.82,0.7190714844606826,0.8709174210355186
scope_20260424_115654,sweep_3695,241,2962.82,0.7190714844606826,0.6781843997603371
scope_20260424_115654,sweep_3696,241,2962.82,0.7190714844606826,0.8567842693565261
scope_20260424_115654,sweep_3697,241,2962.67,0.6984965473111684,0.8578053784347448
scope_20260424_115654,sweep_3698,241,2962.67,0.6984965473111684,0.5701307426570206
scope_20260424_115654,sweep_3699,241,2976.78,0.7001578999697214,1.0197802904335196
scope_20260424_115654,sweep_3700,241,2976.93,0.700175540232353,0.7403790659069471
scope_20260424_115654,sweep_3701,241,2962.67,0.6984965473111684,0.8313273114178745
scope_20260424_115654,sweep_3702,241,2962.67,0.6787733193959631,0.7815829789061937
scope_20260424_115654,sweep_3703,241,2976.63,0.6803706183686274,0.7217085491691755
scope_20260424_115654,sweep_3704,241,2976.34,0.6803374747993457,0.8773914226269817
scope_20260424_115654,sweep_3705,241,2962.82,0.6787905023271039,1.0422989527357016
scope_20260424_115654,sweep_3706,241,2976.63,0.6613944049181668,0.910599435243384
scope_20260424_115654,sweep_3707,241,2962.67,0.6598416562030108,0.6386106198461236
scope_20260424_115654,sweep_3708,241,2962.96,0.6598739496069117,0.7233609512796855
scope_20260424_115654,sweep_3709,241,2976.93,0.6614277334343619,0.6587790275323425
scope_20260424_115654,sweep_3710,241,2976.78,0.6614110693861924,0.6956297593076992
scope_20260424_115654,sweep_3711,241,2962.67,0.6598416562030108,0.746585920838297
scope_20260424_115654,sweep_3712,241,2962.67,0.6598416562030108,0.8433414293217237
scope_20260424_115654,sweep_3713,241,2976.63,0.6613944049181668,0.8223634853017311
scope_20260424_115654,sweep_3714,241,2976.93,0.6614277334343619,0.6420816070274206
scope_20260424_115654,sweep_3715,241,2962.82,0.6598583598851068,0.6446437309189247
scope_20260424_115654,sweep_3716,241,2962.82,0.6598583598851068,0.920979491472099
scope_20260424_115654,sweep_3717,241,2976.78,0.6614110693861924,0.5706949292362492
scope_20260424_115654,sweep_3718,241,2962.52,0.6598249520980558,0.902224072758005
scope_20260424_115654,sweep_3719,241,2976.93,0.6614277334343619,0.5875837756869589
scope_20260424_115654,sweep_3720,241,2976.93,0.680404903120667,0.7190509054081375
scope_20260424_115654,sweep_3721,241,2962.82,0.6787905023271039,0.8282719661106199
scope_20260424_115654,sweep_3722,241,2962.67,0.6787733193959631,0.770719733641584
scope_20260424_115654,sweep_3723,241,2976.78,0.6803877609605984,0.4790113561715201
scope_20260424_115654,sweep_3724,241,2976.93,0.700175540232353,0.4972427407727389
scope_20260424_115654,sweep_3725,241,2976.93,0.700175540232353,0.4585072653803226
scope_20260424_115654,sweep_3726,241,2976.63,0.7001402592626378,0.5986350722271617
scope_20260424_115654,sweep_3727,241,2962.96,0.6985307325295669,0.810962271357189
scope_20260424_115654,sweep_3728,241,2962.38,0.719018088844237,0.6825249293895087
scope_20260424_115654,sweep_3729,241,2962.96,0.7190884731435305,1.007193267969848
scope_20260424_115654,sweep_3730,241,2976.63,0.7207453682049354,0.6738728455987348
scope_20260424_115654,sweep_3731,241,2962.67,0.7190532818550769,0.7028692199023152
scope_20260424_115654,sweep_3732,241,2976.63,0.7422306496011833,0.6179595849655161
scope_20260424_115654,sweep_3733,241,2976.49,0.7422131947087711,0.49878130359494693
scope_20260424_115654,sweep_3734,241,2976.78,0.7422493508161255,1.046217678147101
scope_20260424_115654,sweep_3735,241,2962.96,0.74052436281531,0.5283155615818381
scope_20260424_115654,sweep_3736,241,2976.78,0.7422493508161255,0.5885404724550516
scope_20260424_115654,sweep_3737,241,2962.82,0.7405068677030799,0.7491614822011182
scope_20260424_115654,sweep_3738,241,2962.67,0.7404881224812869,0.8028410359737743
scope_20260424_115654,sweep_3739,241,2976.78,0.7422493508161255,0.5525260830472345
scope_20260424_115654,sweep_3740,241,2976.63,0.7422306496011833,0.78083051655354
scope_20260424_115654,sweep_3741,241,2976.78,0.7422493508161255,0.6576512989531385
scope_20260424_115654,sweep_3742,241,2962.52,0.7404693767849527,0.7537267127569738
scope_20260424_115654,sweep_3743,241,2976.63,0.7422306496011833,0.7450863032428158
scope_20260424_115654,sweep_3744,241,2977.22,0.7423042049952864,0.7824345801140378
scope_20260424_115654,sweep_3745,241,2976.78,0.7422493508161255,0.7307453510685679
scope_20260424_115654,sweep_3746,241,2962.96,0.7190884731435305,0.7484757518181051
scope_20260424_115654,sweep_3747,241,2962.96,0.7190884731435305,0.7507440632014192
scope_20260424_115654,sweep_3748,241,2962.67,0.7190532818550769,0.9024305192840528
scope_20260424_115654,sweep_3749,241,2976.78,0.7207635280775526,0.8276606110058474
scope_20260424_115654,sweep_3750,241,2962.82,0.7190714844606826,0.7811542641650739
scope_20260424_115654,sweep_3751,241,2962.82,0.6985142295295638,0.542532934656468
scope_20260424_115654,sweep_3752,241,2976.63,0.7001402592626378,0.7619919769695023
scope_20260424_115654,sweep_3753,241,2962.96,0.6985307325295669,0.7250726507691838
scope_20260424_115654,sweep_3754,241,2976.63,0.7001402592626378,0.7108928007881704
scope_20260424_115654,sweep_3755,241,2976.93,0.700175540232353,0.6115646176366889
scope_20260424_115654,sweep_3756,241,2976.93,0.680404903120667,0.8071238373835264
scope_20260424_115654,sweep_3757,241,2976.63,0.6803706183686274,0.7277341266276982
scope_20260424_115654,sweep_3758,241,2962.82,0.6787905023271039,0.9477052215263049
scope_20260424_115654,sweep_3759,241,2976.78,0.6803877609605984,1.0555617737695504
scope_20260424_115654,sweep_3760,241,2977.08,0.6804220448488659,0.8179564293978795
scope_20260424_115654,sweep_3761,241,2962.82,0.6598583598851068,0.8683638584185565
scope_20260424_115654,sweep_3762,241,2963.11,0.659890652471571,0.6311104589790711
scope_20260424_115654,sweep_3763,241,2962.67,0.6598416562030108,0.7515574706111807
scope_20260424_115654,sweep_3764,241,2976.49,0.6613788510358445,0.7823251110663784
scope_20260424_115654,sweep_3765,241,2976.78,0.6614110693861924,0.5841359130377821
scope_20260424_115654,sweep_3766,241,2976.63,0.6613944049181668,0.742832984523998
scope_20260424_115654,sweep_3767,241,2962.67,0.6598416562030108,0.5712233422400732
scope_20260424_115654,sweep_3768,241,2963.26,0.6599073549134654,0.6255493548950054
scope_20260424_115654,sweep_3769,241,2962.96,0.6598739496069117,0.4911615776475996
scope_20260424_115654,sweep_3770,241,2976.63,0.6613944049181668,0.8025550909503018
scope_20260424_115654,sweep_3771,241,2962.67,0.6598416562030108,0.5938727406657015
scope_20260424_115654,sweep_3772,241,2976.34,0.661362185756007,0.5383394268901558
scope_20260424_115654,sweep_3773,241,2976.49,0.6803546182264204,0.5987123218111885
scope_20260424_115654,sweep_3774,241,2962.82,0.6787905023271039,0.8153016648358368
scope_20260424_115654,sweep_3775,241,2976.63,0.6803706183686274,0.7229136838944962
scope_20260424_115654,sweep_3776,241,2962.82,0.6787905023271039,0.5258451135698988
scope_20260424_115654,sweep_3777,241,2976.78,0.6803877609605984,0.4640160989801356
scope_20260424_115654,sweep_3778,241,2963.11,0.6985484138826384,0.4581037894054276
scope_20260424_115654,sweep_3779,241,2976.49,0.7001237942016686,0.5161144309875998
scope_20260424_115654,sweep_3780,241,2976.49,0.7001237942016686,0.5683861272642341
scope_20260424_115654,sweep_3781,241,2976.63,0.7001402592626378,0.7029968683925948
scope_20260424_115654,sweep_3782,241,2962.67,0.7190532818550769,0.5703154593559397
scope_20260424_115654,sweep_3783,241,2962.96,0.7190884731435305,0.5757276440873093
scope_20260424_115654,sweep_3784,241,2962.67,0.7190532818550769,0.5770446255854184
scope_20260424_115654,sweep_3785,241,2976.78,0.7207635280775526,0.4765875609398709
scope_20260424_115654,sweep_3786,241,2962.67,0.7404881224812869,0.43905649764471055
scope_20260424_115654,sweep_3787,241,2976.63,0.7422306496011833,0.6376388949519024
scope_20260424_115654,sweep_3788,241,2962.67,0.7404881224812869,0.5477016592131622
scope_20260424_115654,sweep_3789,241,2976.63,0.7422306496011833,0.633366931037852
scope_20260424_115654,sweep_3790,241,2962.52,0.7404693767849527,0.44305842919636856
scope_20260424_115654,sweep_3791,241,2962.82,0.7405068677030799,0.9343288646902682
scope_20260424_115654,sweep_3792,241,2962.52,0.7404693767849527,0.7919173583792924
scope_20260424_115654,sweep_3793,241,2976.78,0.7422493508161255,0.56811311388152
scope_20260424_115654,sweep_3794,241,2976.78,0.7422493508161255,0.605523357400368
scope_20260424_115654,sweep_3795,241,2962.82,0.7405068677030799,0.672302900375122
scope_20260424_115654,sweep_3796,241,2962.67,0.7404881224812869,0.6279872538279984
scope_20260424_115654,sweep_3797,241,2962.96,0.74052436281531,0.7661048805066322
scope_20260424_115654,sweep_3798,241,2962.67,0.7404881224812869,0.7676313503835395
scope_20260424_115654,sweep_3799,241,2976.78,0.7422493508161255,0.5369983211930848
scope_20260424_115654,sweep_3800,241,2976.78,0.7207635280775526,0.5414963158364156
scope_20260424_115654,sweep_3801,241,2976.49,0.720728418577666,0.5646750004684
scope_20260424_115654,sweep_3802,241,2962.82,0.7190714844606826,0.9617824622305441
scope_20260424_115654,sweep_3803,241,2962.82,0.7190714844606826,0.9136667643872166
scope_20260424_115654,sweep_3804,241,2976.93,0.7207816874926375,0.5731154115040327
scope_20260424_115654,sweep_3805,241,2976.78,0.7001578999697214,0.8141655231009876
scope_20260424_115654,sweep_3806,241,2962.96,0.6985307325295669,0.9728251136197255
scope_20260424_115654,sweep_3807,241,2962.82,0.6985142295295638,0.6908084527153024
scope_20260424_115654,sweep_3808,241,2963.11,0.6985484138826384,0.8695392843606967
scope_20260424_115654,sweep_3809,241,2976.93,0.680404903120667,0.6395403999120903
scope_20260424_115654,sweep_3810,241,2962.67,0.6787733193959631,0.5038378383997821
scope_20260424_115654,sweep_3811,241,2976.93,0.680404903120667,0.8757946025231788
scope_20260424_115654,sweep_3812,241,2962.96,0.6788065393370721,0.5746390849146134
scope_20260424_115654,sweep_3813,241,2962.67,0.6787733193959631,0.9399480595200594
scope_20260424_115654,sweep_3814,241,2962.38,0.6598093612185566,0.6433075640397357
scope_20260424_115654,sweep_3815,241,2962.96,0.6598739496069117,0.861974037861315
scope_20260424_115654,sweep_3816,241,2963.11,0.659890652471571,0.5451457268402858
scope_20260424_115654,sweep_3817,241,2977.22,0.6614599494037489,0.4601975148909173
scope_20260424_115654,sweep_3818,241,2976.49,0.6613788510358445,0.5343018251910999
scope_20260424_115654,sweep_3819,241,2962.82,0.6598583598851068,0.5951251434377082
scope_20260424_115654,sweep_3820,241,2963.11,0.659890652471571,0.7422540233440516
scope_20260424_115654,sweep_3821,241,2962.82,0.6598583598851068,0.5421566380227286
scope_20260424_115654,sweep_3822,241,2962.52,0.6598249520980558,0.5977817485365597
scope_20260424_115654,sweep_3823,241,2976.63,0.6613944049181668,0.4958189821425942
scope_20260424_115654,sweep_3824,241,2962.96,0.6598739496069117,0.5555006020652529
scope_20260424_115654,sweep_3825,241,2976.78,0.6614110693861924,0.550996806372544
scope_20260424_115654,sweep_3826,241,2962.52,0.6598249520980558,0.5596337854108264
scope_20260424_115654,sweep_3827,241,2962.67,0.6787733193959631,0.46433556497305567
scope_20260424_115654,sweep_3828,241,2962.52,0.6787561360298308,0.5450283809331964
scope_20260424_115654,sweep_3829,241,2976.34,0.6803374747993457,0.7239109619735504
scope_20260424_115654,sweep_3830,241,2976.78,0.6803877609605984,0.6373919640191305
scope_20260424_115654,sweep_3831,241,2962.96,0.6788065393370721,0.7833666888635152
scope_20260424_115654,sweep_3832,241,2976.63,0.7001402592626378,0.5648563254297374
scope_20260424_115654,sweep_3833,241,2976.63,0.7001402592626378,0.477101609570638
scope_20260424_115654,sweep_3834,241,2962.82,0.6985142295295638,0.5699105932256819
scope_20260424_115654,sweep_3835,241,2962.82,0.6985142295295638,0.6453230399095637
scope_20260424_115654,sweep_3836,241,2976.78,0.7207635280775526,0.4945069516454903
scope_20260424_115654,sweep_3837,241,2962.67,0.7190532818550769,0.6411866448599425
scope_20260424_115654,sweep_3838,241,2962.82,0.7190714844606826,0.4609339385826772
scope_20260424_115654,sweep_3839,241,2962.67,0.7190532818550769,0.6155798800789243
scope_20260424_115654,sweep_3840,241,2962.96,0.74052436281531,0.5773082629314632
scope_20260424_115654,sweep_3841,241,2962.52,0.7404693767849527,0.5819966796408454
scope_20260424_115654,sweep_3842,241,2962.67,0.7404881224812869,0.677716088284685
scope_20260424_115654,sweep_3843,242,2840.64,0.7250777125064596,0.5315649756962253
scope_20260424_115654,sweep_3844,242,2840.64,0.7250777125064596,0.6889759890642448
scope_20260424_115654,sweep_3845,242,2841.04,0.7251287610158905,0.6689419853356496
scope_20260424_115654,sweep_3846,242,2840.64,0.7250777125064596,0.570010041722501
scope_20260424_115654,sweep_3847,242,2840.91,0.7251121706445269,0.48714660540084287
scope_20260424_115654,sweep_3848,242,2841.04,0.7251287610158905,0.6940579730128699
scope_20260424_115654,sweep_3849,242,2840.77,0.7250943036662355,0.7261130357726744
scope_20260424_115654,sweep_3850,242,2828.05,0.7234691197709102,0.5717582425233408
scope_20260424_115654,sweep_3851,242,2840.91,0.7251121706445269,0.5783716654673987
scope_20260424_115654,sweep_3852,242,2841.18,0.7251466271451825,0.4450938130634982
scope_20260424_115654,sweep_3853,242,2840.77,0.7041050664776926,0.811721063577859
scope_20260424_115654,sweep_3854,243,2647.72,0.6797597740081429,0.5237826621925076
scope_20260424_115654,sweep_3855,243,2647.6,0.6797443697929795,0.8350992347266861
scope_20260424_115654,sweep_3856,243,2647.49,0.6797302489557439,0.5039295720747007
scope_20260424_115654,sweep_3857,243,2647.6,0.6797443697929795,0.7804112000671598
scope_20260424_115654,sweep_3858,243,2647.25,0.6602677760024418,0.6045778102658222
scope_20260424_115654,sweep_3859,243,2647.49,0.660297705301678,0.5610545632595032
scope_20260424_115654,sweep_3860,243,2647.49,0.660297705301678,0.7454233113641993
scope_20260424_115654,sweep_3861,243,2647.6,0.6603114224437914,0.5377699056000195
scope_20260424_115654,sweep_3862,244,2658.87,0.6430306516834091,0.8198475480561652
scope_20260424_115654,sweep_3863,244,2658.75,0.6430161409046087,0.5851960791631374
scope_20260424_115654,sweep_3865,246,2459.32,0.6184301352813986,0.6098801242409185
scope_20260424_115654,sweep_3866,246,2468.83,0.6023427431668811,0.4152336888058847
scope_20260424_115654,sweep_3867,246,2459.02,0.6011448348663536,0.44340496550670233
scope_20260424_115654,sweep_3868,246,2459.12,0.6011570580024681,0.5096970610874973
scope_20260424_115654,sweep_3869,246,2459.22,0.6011692808900583,0.47898444880678814
scope_20260424_115654,sweep_3870,246,2458.92,0.6011326114817,0.5664364647880156
scope_20260424_115654,sweep_3871,246,2459.12,0.6011570580024681,0.5418497233869606
scope_20260424_115654,sweep_3872,246,2459.22,0.5846062244209842,0.5963517780242255
scope_20260424_115654,sweep_3873,246,2459.02,0.5845824519195035,0.5717325954730248
scope_20260424_115654,sweep_3874,246,2459.02,0.5845824519195035,0.5556220586600703
scope_20260424_115654,sweep_3875,247,2279.03,0.562781438245468,0.5085028695556377
scope_20260424_115654,sweep_3876,247,2278.94,0.5627703258797897,0.48260091251087844
scope_20260424_115654,sweep_3877,247,2270.92,0.5776955298208579,0.46219439996652784
scope_20260424_115654,sweep_3878,247,2279.03,0.5787261551369768,0.41054412861273987
scope_20260424_115654,sweep_3879,247,2279.03,0.5787261551369768,0.5148217001916874
scope_20260424_115654,sweep_3880,247,2279.03,0.5787261551369768,0.44801955643461905
scope_20260424_115654,sweep_3881,247,2279.12,0.5787375821124342,0.5008605165768483
scope_20260424_115654,sweep_3882,247,2270.83,0.5776840822329132,0.5816901255993224
scope_20260424_115654,sweep_3883,247,2270.66,0.5776624583922821,0.48860238061998995
scope_20260424_115654,sweep_3884,247,2270.58,0.5776522821871869,0.46964601208701967
scope_20260424_115654,sweep_3885,247,2278.94,0.59531876045049,0.48376196487977835
scope_20260424_115654,sweep_3928,252,1312.54,0.4270915881118903,0.2567909579909197
scope_20260424_115654,sweep_3929,252,1335.08,0.4307431592515884,0.3270016780631257
scope_20260424_115654,sweep_3930,252,1332.3,0.4302944632951255,0.3791495331456938
scope_20260424_115654,sweep_3931,252,1335.11,0.4307479987451714,0.41991018797273244
scope_20260424_115654,sweep_3932,252,1332.24,0.4302847740515323,0.4563031322648464
scope_20260424_115654,sweep_3933,252,1332.36,0.4303041523205439,0.3447320218075773
scope_20260424_115654,sweep_3934,252,1332.39,0.4303089967514424,0.4543361730724318
scope_20260424_115654,sweep_3935,252,1334.99,0.4307286404445918,0.36024224418952394
scope_20260424_115654,sweep_3936,252,1335.05,0.430738319703632,0.41185952594954045
scope_20260424_115654,sweep_3937,252,1332.33,0.43029930783510556,0.3388231034643315
scope_20260424_115654,sweep_3938,252,1332.27,0.43028961870060156,0.379023481583602
scope_20260424_115654,sweep_3939,253,1145.83,0.39904772421701484,0.3003252651740259
scope_20260424_115654,sweep_3940,253,1145.74,0.41033742343995133,0.2682460854593553
scope_20260424_115654,sweep_3941,253,1143.71,0.40997374832016886,0.3447963659885047
scope_20260424_115654,sweep_3942,253,1145.72,0.41033384200599454,0.23248364594571871
scope_20260424_115654,sweep_3943,253,1143.73,0.40997733289979166,0.34077456963100733
scope_20260424_115654,sweep_3944,253,1145.74,0.41033742343995133,0.40641047065592406
scope_20260424_115654,sweep_3945,253,1145.76,0.42211418955281366,0.38058729035580763
scope_20260424_115654,sweep_3946,253,1145.69,0.42210129486082326,0.44448712426295917
scope_20260424_115654,sweep_3947,253,1145.76,0.42211418955281366,0.3893840618426737
scope_20260424_115654,sweep_3948,253,1143.75,0.4217437708109968,0.32291885757264344
scope_20260424_115654,sweep_3949,254,932.76,0.36374091221847926,0.3396183372505201
scope_20260424_115654,sweep_3950,255,955.75,0.3819516569238966,0.3542910196663399
scope_20260424_115654,sweep_3951,255,955.73,0.38194502296231375,0.30436694730671077
scope_20260424_115654,sweep_3952,255,955.69,0.38193175496834675,0.3306284260234399
scope_20260424_115654,sweep_3953,255,955.66,0.38192180391091796,0.3294876682445705
scope_20260424_115654,sweep_3954,255,955.76,0.39319589847352876,0.33009905599661493
scope_20260424_115654,sweep_3955,255,955.73,0.39318565468429933,0.35706114856367077
scope_20260424_115654,sweep_3956,255,955.7,0.3931754108404065,0.32344766707656153
scope_20260424_115654,sweep_3957,255,955.69,0.3931719962136278,0.28760726046884066
scope_20260424_115654,sweep_3958,255,955.72,0.3931822400757422,0.35581509919800847
scope_20260424_115654,sweep_3959,255,957.18,0.3936807086725817,0.34714288003350685
scope_20260424_115654,sweep_3960,256,745.12,0.3197917060833368,0.23823408988522346
scope_20260424_115654,sweep_3981,259,459.82,0.191166885820989,0.14660998932561478
scope_20260424_115654,sweep_3982,259,466.03,0.18804590746663136,0.16634948625412854
scope_20260424_115654,sweep_3983,259,474.55,0.19089493772728797,0.15203550733372664
scope_20260424_115654,sweep_3984,259,482.26,0.1934656206037957,0.17245979517972523
scope_20260424_115654,sweep_3985,259,489.11,0.19574370312822448,0.186671280205621
scope_20260424_115654,sweep_3986,259,492.99,0.197031653240204,0.18017770612041512
scope_20260424_115654,sweep_3987,259,500.13,0.1993972582101862,0.18170974627877434
scope_20260424_115654,sweep_3988,259,505.83,0.20128164546676414,0.1944826116354592
scope_20260424_115654,sweep_3989,259,513.28,0.20373914261864406,0.15919425609398444
scope_20260424_115654,sweep_3990,259,516.77,0.20488828341190182,0.18646638849637154
scope_20260424_115654,sweep_3991,260,365.76,0.15379181535460595,0.19523642078988918
scope_20260424_115654,sweep_3992,260,365.96,0.15386161045256644,0.08405426351796472
scope_20260424_115654,sweep_3993,260,366.18,0.1539383775713408,0.06366304781399301
scope_20260424_115654,sweep_3994,260,366.62,0.15409188829363824,0.08754201219913042
scope_20260424_115654,sweep_3995,260,365.97,0.15386510003722226,0.09298097636274422
scope_20260424_115654,sweep_3996,260,370.76,0.15553475704055858,0.09280280037544417
scope_20260424_115654,sweep_3997,260,379.15,0.15845047673355603,0.13808480436418902
scope_20260424_115654,sweep_3998,260,386.68,0.1610579954001021,0.18281607100018432
scope_20260424_115654,sweep_3999,260,394.01,0.16358797745542847,0.17930836184596766
scope_20260424_115654,sweep_4000,260,400.37,0.1704149974008165,0.1500398457560404
scope_20260424_115654,sweep_4001,260,403.99,0.171692907253743,0.08342628946110177
scope_20260424_115654,sweep_4002,260,365.96,0.15816655218652306,0.13594824776163753
scope_20260424_115654,sweep_4003,260,365.55,0.15801946177893106,0.09598464087627658
scope_20260424_115654,sweep_4004,260,365.76,0.15809480426986303,0.0709084356446353
scope_20260424_115654,sweep_4005,260,366.19,0.15824905405068868,0.12532904957475446
scope_20260424_115654,sweep_4006,260,365.33,0.16241529266109586,0.1819619772352153
scope_20260424_115654,sweep_4007,260,365.33,0.16241529266109586,0.07560779288561947
scope_20260424_115654,sweep_4008,260,366.19,0.16273256433321287,0.08754309471877916
scope_20260424_115654,sweep_4009,260,365.74,0.16256656590452934,0.13469692531747485
scope_20260424_115654,sweep_4010,260,365.75,0.162570255135571,0.1800706000176659
scope_20260424_115654,sweep_4011,260,365.54,0.16249277768188697,0.14584084701235395
scope_20260424_115654,sweep_4012,260,365.98,0.16732187631782758,0.07392139115579002
scope_20260424_115654,sweep_4013,260,365.54,0.16715489397818561,0.10161853837685456
scope_20260424_115654,sweep_4014,260,365.97,0.1673180816438046,0.1960328780206455
scope_20260424_115654,sweep_4015,260,365.31,0.1670675941579209,0.17285891375036477
scope_20260424_115654,sweep_4016,260,365.97,0.1673180816438046,0.10491313613757645
scope_20260424_115654,sweep_4017,260,366.18,0.1722618705030207,0.15307045379628284
scope_20260424_115654,sweep_4018,260,365.34,0.17193382305338065,0.1532202341184242
scope_20260424_115654,sweep_4019,260,365.75,0.1720939574520514,0.08083941701249231
scope_20260424_115654,sweep_4020,260,366.4,0.17234776654210573,0.13683024374958513
scope_20260424_115654,sweep_4021,260,365.96,0.17217596569044677,0.09945065107819301
scope_20260424_115654,sweep_4022,260,365.99,0.17725515929189334,0.18350850151454023
scope_20260424_115654,sweep_4023,260,365.53,0.17707022731716315,0.15011594925626776
scope_20260424_115654,sweep_4024,260,365.55,0.17707826866015391,0.06885199362781078
scope_20260424_115654,sweep_4025,260,365.98,0.1772511394519004,0.16357208074970386
scope_20260424_115654,sweep_4026,260,365.98,0.1772511394519004,0.10659662599923489
scope_20260424_115654,sweep_4027,260,365.32,0.17698578869895154,0.0826136497608238
scope_20260424_115654,sweep_4028,260,365.54,0.17707424799800792,0.07914518718862522
scope_20260424_115654,sweep_4029,260,366.18,0.17733153270478705,0.19684731902901265
scope_20260424_115654,sweep_4030,260,366.18,0.17733153270478705,0.17475173291497245
scope_20260424_115654,sweep_4031,260,365.76,0.177162698246868,0.20456927099946065
scope_20260424_115654,sweep_4032,260,365.76,0.177162698246868,0.07754331789592936
scope_20260424_115654,sweep_4033,260,365.33,0.1769898097726084,0.19776413982589114
scope_20260424_115654,sweep_4034,260,366.39,0.17741593758704918,0.21016161352718082
scope_20260424_115654,sweep_4035,260,365.76,0.177162698246868,0.16930675828300604
scope_20260424_115654,sweep_4036,260,365.11,0.1718439781866116,0.056681881574693026
scope_20260424_115654,sweep_4037,260,365.97,0.17217987064507587,0.1786208026793974
scope_20260424_115654,sweep_4038,260,365.54,0.172011941208633,0.22342311214459298
scope_20260424_115654,sweep_4039,260,365.76,0.16723838941661165,0.17704207565626448
scope_20260424_115654,sweep_4040,260,365.55,0.16715868941067982,0.12579953607763153
scope_20260424_115654,sweep_4041,260,365.98,0.16732187631782758,0.08036162516469991
scope_20260424_115654,sweep_4042,260,366.39,0.16280633027948954,0.1824426595072683
scope_20260424_115654,sweep_4043,260,365.54,0.16249277768188697,0.2045225427942749
scope_20260424_115654,sweep_4044,261,212.55,0.10360740830504374,0.06782978877163286
scope_20260424_115654,sweep_4045,261,212.55,0.10075287895878346,0.14698345342546862
scope_20260424_115654,sweep_4046,261,212.55,0.10075287895878346,0.10067414659789424
scope_20260424_115654,sweep_4047,261,212.55,0.10075287895878346,0.09731172458306768
scope_20260424_115654,sweep_4048,261,212.55,0.09801060970242102,0.12244792445721345
scope_20260424_115654,sweep_4049,261,212.55,0.09801060970242102,0.11979399939449503
scope_20260424_115654,sweep_4050,261,212.55,0.09801060970242102,0.09860194814396298
scope_20260424_115654,sweep_4051,261,212.55,0.09801060970242102,0.08509798346767015
scope_20260424_115654,sweep_4052,261,212.55,0.09537510563002256,0.15879994164678013
scope_20260424_115654,sweep_4053,261,212.55,0.09537510563002256,0.09792737437967469
scope_20260424_115654,sweep_4054,261,212.55,0.09537510563002256,0.07775079224935501
scope_20260424_115654,sweep_4055,261,212.55,0.09537510563002256,0.08455201308759211
scope_20260424_115654,sweep_4056,261,212.55,0.092841188233201,0.1275100473551577
scope_20260424_115654,sweep_4057,261,212.55,0.092841188233201,0.09625766138008265
scope_20260424_115654,sweep_4058,261,212.55,0.092841188233201,0.1080507570008124
scope_20260424_115654,sweep_4059,261,212.55,0.09040397467203147,0.0843665972615355
scope_20260424_115654,sweep_4060,261,212.55,0.09040397467203147,0.08741777280357675
scope_20260424_115654,sweep_4061,261,212.55,0.09040397467203147,0.10525790748939802
scope_20260424_115654,sweep_4062,261,212.55,0.09040397467203147,0.08416319726200522
scope_20260424_115654,sweep_4063,261,212.55,0.08805885855805394,0.06562237869525532
scope_20260424_115654,sweep_4064,261,212.55,0.08805885855805394,0.07773892880367747
scope_20260424_115654,sweep_4065,261,212.55,0.08805885855805394,0.06483878700055896
scope_20260424_115654,sweep_4066,261,212.55,0.08805885855805394,0.06939578863538824
scope_20260424_115654,sweep_4067,261,212.55,0.08805885855805394,0.07002195386710322
scope_20260424_115654,sweep_4068,261,212.55,0.08580149212837537,0.06450959649796648
scope_20260424_115654,sweep_4069,261,212.55,0.08580149212837537,0.0507207654537782
scope_20260424_115654,sweep_4070,261,212.55,0.08580149212837537,0.10087162806882216
scope_20260424_115654,sweep_4071,261,212.55,0.08580149212837537,0.11641632224963461
scope_20260424_115654,sweep_4072,261,212.55,0.08580149212837537,0.09866493864221962
scope_20260424_115654,sweep_4073,261,212.55,0.08580149212837537,0.0878045045691054
scope_20260424_115654,sweep_4074,261,212.55,0.08580149212837537,0.06977775150695155
scope_20260424_115654,sweep_4075,261,212.55,0.08580149212837537,0.04016207592872898
scope_20260424_115654,sweep_4076,261,212.55,0.08580149212837537,0.05857813136396847
scope_20260424_115654,sweep_4077,261,212.55,0.08580149212837537,0.04666169175354576
scope_20260424_115654,sweep_4078,261,212.55,0.08580149212837537,0.05771069573262849
scope_20260424_115654,sweep_4079,261,212.55,0.08580149212837537,0.059428809864473194
scope_20260424_115654,sweep_4080,261,212.55,0.08580149212837537,0.060493706628504146
scope_20260424_115654,sweep_4081,261,212.55,0.08805885855805394,0.044708206244098325
scope_20260424_115654,sweep_4082,261,212.55,0.08805885855805394,0.05659147910344887
scope_20260424_115654,sweep_4083,261,212.55,0.08805885855805394,0.07049705691069268
scope_20260424_115654,sweep_4084,261,212.55,0.08805885855805394,0.05748087962281853
scope_20260424_115654,sweep_4085,261,212.55,0.08805885855805394,0.05050915073499692
scope_20260424_115654,sweep_4086,261,212.55,0.08805885855805394,0.05682030113601
scope_20260424_115654,sweep_4087,261,212.55,0.08805885855805394,0.05060048185738216
scope_20260424_115654,sweep_4088,261,212.55,0.09040397467203147,0.06198037076520269
scope_20260424_115654,sweep_4089,261,212.55,0.09040397467203147,0.06839617580944565
scope_20260424_115654,sweep_4090,261,212.55,0.09040397467203147,0.059494718082886214
scope_20260424_115654,sweep_4091,261,212.55,0.09040397467203147,0.15610722365690188
scope_20260424_115654,sweep_4092,261,212.55,0.09040397467203147,0.06445490089647116
scope_20260424_115654,sweep_4093,261,212.55,0.092841188233201,0.05203740416252294
scope_20260424_115654,sweep_4094,261,212.55,0.092841188233201,0.07820257013540238
scope_20260424_115654,sweep_4095,261,212.55,0.092841188233201,0.058094027974139296
scope_20260424_115654,sweep_4096,262,364.68,0.14532317735170147,0.23574509006851735
scope_20260424_115654,sweep_4097,262,364.89,0.1453926316411361,0.16212575635041523
scope_20260424_115654,sweep_4098,262,364.69,0.14929288505955063,0.191930510087633
scope_20260424_115654,sweep_4099,262,365.32,0.1495069128487498,0.21447482474090349
scope_20260424_115654,sweep_4100,262,365.33,0.14951030960909534,0.2493095836413265
scope_20260424_115654,sweep_4101,262,365.54,0.14958163792589813,0.21706757474649213
scope_20260424_115654,sweep_4102,262,364.49,0.15334846489796772,0.20545585292864224
scope_20260424_115654,sweep_4103,262,365.33,0.1536417339177494,0.31731685526862474
scope_20260424_115654,sweep_4104,262,365.55,0.15371852351868967,0.14292691781245484
scope_20260424_115654,sweep_4105,262,365.97,0.15386510003722226,0.1525542326069245
scope_20260424_115654,sweep_4106,262,365.95,0.15816296494903173,0.1408222853838184
scope_20260424_115654,sweep_4107,262,364.9,0.1577862121724045,0.19801552130219835
scope_20260424_115654,sweep_4108,262,365.12,0.1578651660945085,0.1742517667869047
scope_20260424_115654,sweep_4109,262,365.32,0.15793693536953532,0.2590284791779484
scope_20260424_115654,sweep_4110,262,365.55,0.15801946177893106,0.23026577383988062
scope_20260424_115654,sweep_4111,262,365.54,0.15801587385776425,0.20495546617818697
scope_20260424_115654,sweep_4112,262,365.76,0.15809480426986303,0.1799890908186378
scope_20260424_115654,sweep_4113,262,365.34,0.15794411192961194,0.2385608839947197
scope_20260424_115654,sweep_4114,262,365.12,0.1578651660945085,0.1629045221281213
scope_20260424_115654,sweep_4115,262,364.9,0.1577862121724045,0.21471974686233786
scope_20260424_115654,sweep_4116,262,363.63,0.15733027433442628,0.18816441187804023
scope_20260424_115654,sweep_4117,262,365.12,0.1578651660945085,0.18894316362561073
scope_20260424_115654,sweep_4118,262,364.9,0.15349162244762576,0.1998075271222575
scope_20260424_115654,sweep_4119,262,364.9,0.15349162244762576,0.22366510434058554
scope_20260424_115654,sweep_4120,262,365.34,0.15364522452466514,0.2260641402287708
scope_20260424_115654,sweep_4121,262,364.66,0.15340782622680502,0.1739692037242484
scope_20260424_115654,sweep_4122,262,365.1,0.14943218012115497,0.2124704199859027
scope_20260424_115654,sweep_4123,262,365.53,0.14957824149737656,0.20140969986366683
scope_20260424_115654,sweep_4124,262,365.75,0.14965295927685116,0.1332244869322157
scope_20260424_115654,sweep_4125,262,365.33,0.1455381328862482,0.22518291540439897
scope_20260424_115654,sweep_4126,262,365.55,0.1456108723357516,0.1846528050154013
scope_20260424_115654,sweep_4127,262,365.76,0.14568029850456046,0.1389186174993134
scope_20260424_115654,sweep_4128,262,365.54,0.14178515994426455,0.20139029613488432
scope_20260424_115654,sweep_4129,262,365.55,0.14178837932953317,0.20191621216101474
scope_20260424_115654,sweep_4130,262,364.91,0.14158230846823894,0.13624603107409283
scope_20260424_115654,sweep_4131,262,364.88,0.13790019495733907,0.2776662003306563
scope_20260424_115654,sweep_4132,262,365.13,0.13797861149003596,0.20771189811069285
scope_20260424_115654,sweep_4133,262,365.53,0.138104058961416,0.1705571616940369
scope_20260424_115654,sweep_4134,262,365.54,0.13810719484909664,0.13961340135969122
scope_20260424_115654,sweep_4135,262,365.97,0.13469822511826807,0.11831458589358523
scope_20260424_115654,sweep_4136,262,365.55,0.13456990754082146,0.16043763732793176
scope_20260424_115654,sweep_4137,262,365.54,0.13456685205503355,0.19676039794345343
scope_20260424_115654,sweep_4138,262,365.34,0.13450573935456175,0.21675505545573154
scope_20260424_115654,sweep_4139,262,365.54,0.13456685205503355,0.20814137323181953
scope_20260424_115654,sweep_4140,262,365.54,0.13456685205503355,0.1822141716620006
scope_20260424_115654,sweep_4141,262,365.33,0.13450268357026746,0.10347865013744799
scope_20260424_115654,sweep_4142,262,365.34,0.13450573935456175,0.12539273308314855
scope_20260424_115654,sweep_4143,262,364.91,0.134374327783987,0.11856933126625167
scope_20260424_115654,sweep_4144,262,365.98,0.13470127999345416,0.2383413478282796
scope_20260424_115654,sweep_4145,262,365.75,0.1346310142731717,0.1357581368105238
scope_20260424_115654,sweep_4146,262,365.1,0.13443239660596765,0.21098501334620903
scope_20260424_115654,sweep_4147,262,365.32,0.13449962777175353,0.30152423214924434
scope_20260424_115654,sweep_4148,262,365.33,0.13804133814446676,0.28073250106078074
scope_20260424_115654,sweep_4149,263,494.97,0.17761547398197633,0.21830377944551738
scope_20260424_115654,sweep_4150,263,504.57,0.1804700397498175,0.4137907596501078
scope_20260424_115654,sweep_4151,263,510.36,0.18218723002234283,0.25069519222473474
scope_20260424_115654,sweep_4152,263,516.31,0.18394842615732265,0.20047073969470197
scope_20260424_115654,sweep_4153,263,518.91,0.1847169394969906,0.22682593783066232
scope_20260424_115654,sweep_4154,263,524.59,0.19135746565113468,0.34927559064404307
scope_20260424_115654,sweep_4155,263,529.97,0.19298491891714675,0.17719582424569166
scope_20260424_115654,sweep_4156,263,533.53,0.194060276201062,0.2558905846304936
scope_20260424_115654,sweep_4157,263,538.18,0.19546305140875514,0.20017869530160495
scope_20260424_115654,sweep_4158,263,541.49,0.20175673223101354,0.3412960029030624
scope_20260424_115654,sweep_4159,264,757.81,0.2666754550962219,0.34866188317739516
scope_20260424_115654,sweep_4170,266,904.32,0.33512908187895263,0.26747479963604603
scope_20260424_115654,sweep_4171,266,900.35,0.33390750476901554,0.30448103081685807
scope_20260424_115654,sweep_4172,266,896.5,0.33272197702700845,0.28795659416252267
scope_20260424_115654,sweep_4173,266,890.1,0.33074931153123543,0.2610928789929454
scope_20260424_115654,sweep_4174,266,884.96,0.3291632685259179,0.32300316369279936
scope_20260424_115654,sweep_4175,266,878.77,0.3272511478189248,0.3283455909190811
scope_20260424_115654,sweep_4176,266,873.86,0.32573279674931555,0.2869127396445833
scope_20260424_115654,sweep_4177,266,872.51,0.32531507359561507,0.2712156438319452
scope_20260424_115654,sweep_4178,266,866.55,0.3234695870291905,0.2656464168974424
scope_20260424_115654,sweep_4179,266,862.87,0.32232901494372274,0.26105357236287796
scope_20260424_115654,sweep_4180,266,859.29,0.32121864287181706,0.4035483988392916
scope_20260424_115654,sweep_4181,267,1042.17,0.38056954208061783,0.3492493830071361
scope_20260424_115654,sweep_4182,267,1031.73,0.36835231155433035,0.38033884980154115
scope_20260424_115654,sweep_4183,267,1024.96,0.36714179645499695,0.2786989930839906
scope_20260424_115654,sweep_4184,267,1021.57,0.3665341427338292,0.3555647612994094
scope_20260424_115654,sweep_4185,267,1014.9,0.36533560205081883,0.31758690802670025
scope_20260424_115654,sweep_4186,267,1006.76,0.3638675664145771,0.4302673643475082
scope_20260424_115654,sweep_4187,267,1003.36,0.3534847668445444,0.32545263184553147
scope_20260424_115654,sweep_4188,267,996.99,0.3439978095241766,0.25759922333841523
scope_20260424_115654,sweep_4189,267,989.17,0.34175681879546627,0.31360109216497306
scope_20260424_115654,sweep_4190,267,985.97,0.34083892194719295,0.26504763927428565
scope_20260424_115654,sweep_4191,268,1194.17,0.3753885724674772,0.497107014392119
scope_20260424_115654,sweep_4192,268,1160.74,0.3700968978460405,0.38933889545645867
scope_20260424_115654,sweep_4193,268,1150.04,0.368387124221419,0.3999961090860257
scope_20260424_115654,sweep_4194,269,1145.85,0.358062375647621,0.36433054032297907
scope_20260424_115654,sweep_4195,269,1145.78,0.3580514384616444,0.5864917780582746
scope_20260424_115654,sweep_4196,269,1145.78,0.3580514384616444,0.42457234535255867
scope_20260424_115654,sweep_4197,269,1145.74,0.3580451884910833,0.2908724742172827
scope_20260424_115654,sweep_4198,269,1145.74,0.3580451884910833,0.4299400865633849
scope_20260424_115654,sweep_4199,269,1145.69,0.34874973976536683,0.2591428291057414
scope_20260424_115654,sweep_4200,269,1145.58,0.34873299728169627,0.34500642001231124
scope_20260424_115654,sweep_4201,269,1145.8,0.3487664814453168,0.33196633380370416
scope_20260424_115654,sweep_4202,270,1332.3,0.3760809584123144,0.7236537936071332
scope_20260424_115654,sweep_4203,270,1335.14,0.37648158189778513,0.45376547844388676
scope_20260424_115654,sweep_4204,270,1335.05,0.3764688926242266,0.4610785539766879
scope_20260424_115654,sweep_4205,270,1332.24,0.3760724899324067,0.424370863286773
scope_20260424_115654,sweep_4206,270,1332.3,0.3760809584123144,0.379694980062284
scope_20260424_115654,sweep_4207,270,1334.96,0.3764562029229486,0.4811960151526236
scope_20260424_115654,sweep_4208,270,1334.96,0.3764562029229486,0.42356942481696236
scope_20260424_115654,sweep_4209,270,1335.05,0.3764688926242266,0.6857926965482163
scope_20260424_115654,sweep_4210,270,1335.08,0.3864990664441616,0.3398213382594652
scope_20260424_115654,sweep_4211,270,1332.3,0.3860964586149589,0.35618877047837477
scope_20260424_115654,sweep_4212,270,1335.11,0.3865034088456872,0.6223449525515993
scope_20260424_115654,sweep_4213,271,1521.26,0.4125689380923519,0.45364341337656006
scope_20260424_115654,sweep_4214,271,1521.11,0.4125485974318792,0.3822660632300481
scope_20260424_115654,sweep_4215,271,1524.82,0.4241869068721465,0.642613395984413
scope_20260424_115654,sweep_4216,271,1521.26,0.42369144254510216,0.5266856141684145
scope_20260424_115654,sweep_4217,271,1524.7,0.4241702152526959,0.5826725847318655
scope_20260424_115654,sweep_4218,271,1524.89,0.4241966433468479,0.4550461775527666
scope_20260424_115654,sweep_4219,271,1521.18,0.43524382132679007,0.45162331028228164
scope_20260424_115654,sweep_4220,271,1521.18,0.43524382132679007,0.5280510677254587
scope_20260424_115654,sweep_4221,271,1521.38,0.4352724326361777,0.39493277715342684
scope_20260424_115654,sweep_4222,271,1524.86,0.4357699687045191,0.4041239719232329
scope_20260424_115654,sweep_4223,272,1733.15,0.47741762269643856,0.45520266641046675
scope_20260424_115654,sweep_4224,272,1714.04,0.4747782840490879,0.519373654714806
scope_20260424_115654,sweep_4225,272,1709.45,0.4741421573504002,0.8700893553142672
scope_20260424_115654,sweep_4226,272,1709.5,0.47414909143285855,0.38201715871228875
scope_20260424_115654,sweep_4227,272,1709.5,0.48741545596539537,0.49614330936623796
scope_20260424_115654,sweep_4228,272,1709.4,0.4874011996745438,0.6090463352977329
scope_20260424_115654,sweep_4229,272,1709.26,0.48738124016677836,0.440186751284033
scope_20260424_115654,sweep_4230,272,1714.14,0.4880764899390984,0.39362386691648665
scope_20260424_115654,sweep_4231,272,1709.4,0.4874011996745438,0.4133438538320275
scope_20260424_115654,sweep_4232,272,1709.4,0.4874011996745438,0.43313475262723367
scope_20260424_115654,sweep_4233,272,1713.89,0.48804089670523154,0.5326274050929289
scope_20260424_115654,sweep_4234,273,1896.87,0.5134327035567012,0.6949937046877537
scope_20260424_115654,sweep_4235,273,1902.59,0.5142062474458798,0.6096629656788696
scope_20260424_115654,sweep_4236,273,1897.05,0.5134570636062269,0.7010931033580162
scope_20260424_115654,sweep_4237,273,1902.65,0.5142143553754944,0.7306351844250157
scope_20260424_115654,sweep_4238,273,1902.53,0.5141981393884186,0.6625088494814219
scope_20260424_115654,sweep_4239,273,1896.93,0.513440823701627,0.42555621423059287
scope_20260424_115654,sweep_4240,273,1902.59,0.5002106971611363,0.4780463789204713
scope_20260424_115654,sweep_4241,273,1902.77,0.5002343585374747,0.4033479094319082
scope_20260424_115654,sweep_4242,273,1902.71,0.5002264715363857,0.6053483141326196
scope_20260424_115654,sweep_4243,273,1902.65,0.5002185844109416,0.7948025805329905
scope_20260424_115654,sweep_4244,274,2102.39,0.5258198914930989,0.5591669862076665
scope_20260424_115654,sweep_4245,274,2087.76,0.5098971652218027,0.6150841983217629
scope_20260424_115654,sweep_4246,274,2081.09,0.5090820009213614,0.6487109378423013
scope_20260424_115654,sweep_4247,274,2081.24,0.5091003472985446,0.47513907331133426
scope_20260424_115654,sweep_4248,274,2081.02,0.5090734390524052,0.6785873036383256
scope_20260424_115654,sweep_4249,274,2087.61,0.5098788475155923,0.4184206087611507
scope_20260424_115654,sweep_4250,274,2087.61,0.4963324312526007,0.4337691364724575
scope_20260424_115654,sweep_4251,274,2081.09,0.49555675520842446,0.48704048331143646
scope_20260424_115654,sweep_4252,274,2087.68,0.4963407524857205,0.3622942115460349
scope_20260424_115654,sweep_4253,274,2087.68,0.4963407524857205,0.6517396960576579
scope_20260424_115654,sweep_4254,274,2080.95,0.49554008627229623,0.43337435660022006
scope_20260424_115654,sweep_4255,275,2270.66,0.50404679657388,0.4469301197540367
scope_20260424_115654,sweep_4256,275,2270.92,0.5040756534735964,0.5101991692345773
scope_20260424_115654,sweep_4257,275,2278.86,0.5049561046447969,0.7231780049783257
scope_20260424_115654,sweep_4258,275,2270.66,0.50404679657388,0.490905101586419
scope_20260424_115654,sweep_4259,275,2278.94,0.5049649678776952,0.4968577530760169
scope_20260424_115654,sweep_4260,275,2270.75,0.5040567856876589,0.5448547233931232
scope_20260424_115654,sweep_4261,275,2270.58,0.5040379171954384,0.7254955882106108
scope_20260424_115654,sweep_4262,275,2270.66,0.50404679657388,0.49340661244487954
scope_20260424_115654,sweep_4263,275,2270.58,0.5040379171954384,0.8431662435545548
scope_20260424_115654,sweep_4264,275,2270.83,0.5040656647337222,0.5761236910870289
scope_20260424_115654,sweep_4265,275,2279.03,0.504974938828756,0.5372922586817906
scope_20260424_115654,sweep_4266,276,2469.03,0.5256031842773738,0.6006310779187185
scope_20260424_115654,sweep_4267,276,2459.22,0.5386996092287634,0.5711823579007478
scope_20260424_115654,sweep_4268,276,2459.32,0.5387105617692644,0.5674073172239344
scope_20260424_115654,sweep_4269,276,2459.22,0.5386996092287634,0.6147149848357566
scope_20260424_115654,sweep_4270,276,2459.12,0.5386886564655771,0.5059454390031515
scope_20260424_115654,sweep_4271,276,2468.73,0.5397402013763691,0.5459100406068179
scope_20260424_115654,sweep_4272,276,2459.22,0.553402354179173,0.5971722164756874
scope_20260424_115654,sweep_4273,276,2459.32,0.5534136056476978,0.487919824291703
scope_20260424_115654,sweep_4274,276,2468.63,0.5544601172360287,0.7417065116890421
scope_20260424_115654,sweep_4275,276,2459.32,0.5687061057374289,1.032562088204649
scope_20260424_115654,sweep_4276,276,2459.32,0.5687061057374289,0.5752886582642379
scope_20260424_115654,sweep_4277,277,2647.95,0.5901131061927083,0.6367576525150954
scope_20260424_115654,sweep_4278,277,2647.84,0.5901008489529879,0.5909254737281461
scope_20260424_115654,sweep_4279,277,2647.49,0.6065713704316048,0.46059060575386873
scope_20260424_115654,sweep_4280,277,2647.6,0.6065839714532701,0.3966424324656754
scope_20260424_115654,sweep_4281,277,2647.72,0.6065977177238185,0.6935196300932301
scope_20260424_115654,sweep_4282,277,2647.72,0.6065977177238185,0.5013230144203386
scope_20260424_115654,sweep_4284,279,2647.6,0.6237697011850508,0.4922513491416447
scope_20260424_115654,sweep_4285,279,2647.6,0.6237697011850508,0.7348655745175714
scope_20260424_115654,sweep_4286,279,2647.72,0.6237838369147699,0.6886080418126496
scope_20260424_115654,sweep_4287,280,2840.91,0.6461402973052226,0.4917297383606225
scope_20260424_115654,sweep_4288,280,2840.91,0.6461402973052226,0.5561324899404593
scope_20260424_115654,sweep_4289,280,2828.19,0.6446921477429969,0.644842615525012
scope_20260424_115654,sweep_4290,280,2841.04,0.6461550808213726,0.5990780400174
scope_20260424_115654,sweep_4291,280,2840.91,0.6283382262889426,0.5401461229903095
scope_20260424_115654,sweep_4292,280,2828.05,0.6269144580591071,0.7091980432999294
scope_20260424_115654,sweep_4293,280,2840.91,0.6283382262889426,0.6732320367095587
scope_20260424_115654,sweep_4294,280,2840.64,0.6283083669565097,0.6219853238756252
scope_20260424_115654,sweep_4295,280,2828.05,0.6269144580591071,0.7006264031840769
scope_20260424_115654,sweep_4296,280,2840.64,0.6283083669565097,1.080795146212347
scope_20260424_115654,sweep_4297,281,2962.67,0.6416620935411312,0.6020696830321195
scope_20260424_115654,sweep_4298,281,2976.93,0.6256978770970412,0.6142294479255873
scope_20260424_115654,sweep_4299,281,2962.67,0.6241974786311114,0.5114241556310415
scope_20260424_115654,sweep_4300,281,2962.67,0.6241974786311114,0.5559673895979725
scope_20260424_115654,sweep_4301,281,2976.49,0.6256516352909697,0.5748048894223059
scope_20260424_115654,sweep_4302,281,2962.82,0.6242132799921654,0.6005343819595427
scope_20260424_115654,sweep_4303,281,2976.63,0.6256663489636172,0.5961794151981014
scope_20260424_115654,sweep_4304,281,2962.82,0.6242132799921654,1.0596837961540424
scope_20260424_115654,sweep_4305,281,2962.67,0.6074128162164207,0.4985289739562317
scope_20260424_115654,sweep_4306,281,2962.96,0.6074425436930422,0.6959957224154466
scope_20260424_115654,sweep_4307,281,2976.63,0.6088421886440067,0.5001451819538895
scope_20260424_115654,sweep_4308,281,2976.49,0.6088278706218333,0.6871275850860759
scope_20260424_115654,sweep_4309,281,2962.52,0.6073974393645083,0.5445154245998823
scope_20260424_115654,sweep_4310,281,2962.96,0.6074425436930422,0.5056766299011304
scope_20260424_115654,sweep_4311,281,2976.49,0.5926525854376368,0.564722467375252
scope_20260424_115654,sweep_4312,281,2976.63,0.5926665230598596,0.5892856594401514
scope_20260424_115654,sweep_4313,281,2976.93,0.5926963882895397,0.7142997060310476
scope_20260424_115654,sweep_4314,281,2976.78,0.5926814558628134,0.5829457000351732
scope_20260424_115654,sweep_4315,281,2962.67,0.5912751260728968,0.4632580214733841
scope_20260424_115654,sweep_4316,281,2976.63,0.5926665230598596,0.7128657669398084
scope_20260424_115654,sweep_4317,281,2976.63,0.5926665230598596,0.7156333114486261
scope_20260424_115654,sweep_4318,281,2976.93,0.5926963882895397,0.8814109184388397
scope_20260424_115654,sweep_4319,281,2963.11,0.5913190309621952,0.6251216838773657
scope_20260424_115654,sweep_4320,281,2962.52,0.5912601577518302,0.5633665556776282
scope_20260424_115654,sweep_4321,281,2962.96,0.5913040637525406,0.9031203147910247
scope_20260424_115654,sweep_4322,281,2962.82,0.5912900940150452,0.7383231220148546
scope_20260424_115654,sweep_4323,281,2976.63,0.5926665230598596,0.5412885206545329
scope_20260424_115654,sweep_4324,281,2962.67,0.5912751260728968,0.5435908040164774
scope_20260424_115654,sweep_4325,281,2976.78,0.5926814558628134,0.6716599098359011
scope_20260424_115654,sweep_4326,281,2976.49,0.5926525854376368,0.5944205026735413
scope_20260424_115654,sweep_4327,281,2976.49,0.6088278706218333,0.8251749395307009
scope_20260424_115654,sweep_4328,281,2976.78,0.6088575290084094,0.515873191849093
scope_20260424_115654,sweep_4329,281,2962.96,0.6074425436930422,0.9804814938315956
scope_20260424_115654,sweep_4330,281,2962.82,0.607428192679073,0.6455909634491785
scope_20260424_115654,sweep_4331,281,2962.67,0.6241974786311114,0.8455364895773064
scope_20260424_115654,sweep_4332,281,2976.78,0.625682113228917,0.5275322493915718
scope_20260424_115654,sweep_4333,281,2962.52,0.6241816768700408,0.6490852582604282
scope_20260424_115654,sweep_4334,281,2962.67,0.6241974786311114,0.8656416246619593
scope_20260424_115654,sweep_4335,281,2976.78,0.6431882671909523,0.5355318581006256
scope_20260424_115654,sweep_4336,281,2976.63,0.6431720618523828,0.43469345557280165
scope_20260424_115654,sweep_4337,281,2962.67,0.6416620935411312,0.5239235627419355
scope_20260424_115654,sweep_4338,281,2976.63,0.6431720618523828,0.5638805421274802
scope_20260424_115654,sweep_4339,281,2962.82,0.6416783370133685,1.0799798194327785
scope_20260424_115654,sweep_4340,281,2962.82,0.6416783370133685,0.4773043444453007
scope_20260424_115654,sweep_4341,281,2976.34,0.661362185756007,0.5352489051567244
scope_20260424_115654,sweep_4342,281,2962.82,0.6598583598851068,0.5972648368207774
scope_20260424_115654,sweep_4343,281,2976.93,0.6614277334343619,0.5567522464681438
scope_20260424_115654,sweep_4344,281,2962.67,0.6598416562030108,0.5920239398824607
scope_20260424_115654,sweep_4345,281,2962.67,0.6598416562030108,0.8619905793113314
scope_20260424_115654,sweep_4346,281,2976.78,0.6431882671909523,0.49634820768343046
scope_20260424_115654,sweep_4347,281,2976.78,0.6431882671909523,0.7640892832262111
scope_20260424_115654,sweep_4348,281,2976.63,0.6431720618523828,0.7860990717804267
scope_20260424_115654,sweep_4349,281,2976.78,0.6431882671909523,0.6675895271491451
scope_20260424_115654,sweep_4350,281,2962.67,0.6416620935411312,0.6027998658547631
scope_20260424_115654,sweep_4351,281,2962.82,0.6416783370133685,0.5490866177174935
scope_20260424_115654,sweep_4352,281,2976.78,0.6431882671909523,0.6079931137952638
scope_20260424_115654,sweep_4353,281,2976.78,0.6431882671909523,0.5763231454210204
scope_20260424_115654,sweep_4354,281,2976.49,0.6256516352909697,0.592556710014918
scope_20260424_115654,sweep_4355,281,2962.67,0.6241974786311114,0.5881312073366601
scope_20260424_115654,sweep_4356,281,2962.38,0.6241669281987777,0.6213868765100761
scope_20260424_115654,sweep_4357,281,2976.78,0.625682113228917,0.7504504081876832
scope_20260424_115654,sweep_4358,281,2976.93,0.6256978770970412,0.8142558505681765
scope_20260424_115654,sweep_4359,281,2962.67,0.6241974786311114,0.607563507954173
scope_20260424_115654,sweep_4360,281,2962.82,0.607428192679073,0.9698292363083791
scope_20260424_115654,sweep_4361,281,2962.52,0.6073974393645083,0.7566918169404886
scope_20260424_115654,sweep_4362,281,2976.78,0.6088575290084094,0.7188671477248418
scope_20260424_115654,sweep_4363,281,2962.67,0.6074128162164207,0.7132960749935067
scope_20260424_115654,sweep_4364,281,2962.52,0.6073974393645083,0.5441609587654934
scope_20260424_115654,sweep_4365,281,2962.67,0.6074128162164207,0.6556871893483581
scope_20260424_115654,sweep_4366,281,2962.67,0.5912751260728968,1.0818772209649674
scope_20260424_115654,sweep_4367,281,2962.52,0.5912601577518302,0.8484038855414369
scope_20260424_115654,sweep_4368,281,2962.67,0.5912751260728968,0.5883345733835688
scope_20260424_115654,sweep_4369,281,2976.78,0.5926814558628134,0.875733362404578
scope_20260424_115654,sweep_4370,281,2962.82,0.5912900940150452,1.0222375071139895
scope_20260424_115654,sweep_4371,281,2976.63,0.5926665230598596,0.614386004888857
scope_20260424_115654,sweep_4372,281,2962.82,0.5912900940150452,0.6730406805493987
scope_20260424_115654,sweep_4373,281,2976.63,0.5926665230598596,0.8454989825666078
scope_20260424_115654,sweep_4374,281,2976.78,0.5926814558628134,0.777730338445766
scope_20260424_115654,sweep_4375,281,2976.63,0.5926665230598596,0.8254834831848158
scope_20260424_115654,sweep_4376,281,2976.49,0.5926525854376368,0.6366570392446845
scope_20260424_115654,sweep_4377,281,2976.93,0.5926963882895397,1.0601833057837473
scope_20260424_115654,sweep_4378,281,2963.11,0.5913190309621952,0.584732750166926
scope_20260424_115654,sweep_4379,281,2976.93,0.5926963882895397,0.52312852025992
scope_20260424_115654,sweep_4380,281,2976.78,0.5926814558628134,0.6484062656288367
scope_20260424_115654,sweep_4381,281,2976.63,0.5926665230598596,0.5601614842783167
scope_20260424_115654,sweep_4382,281,2976.78,0.6088575290084094,0.6537815814134491
scope_20260424_115654,sweep_4383,281,2962.82,0.607428192679073,0.5363243950817278
scope_20260424_115654,sweep_4384,281,2976.63,0.6088421886440067,0.6577961101818244
scope_20260424_115654,sweep_4385,281,2962.67,0.6074128162164207,0.6570838595132148
scope_20260424_115654,sweep_4386,281,2962.67,0.6241974786311114,0.646561249858259
scope_20260424_115654,sweep_4387,281,2962.67,0.6241974786311114,0.5654588880244314
scope_20260424_115654,sweep_4388,281,2976.63,0.6256663489636172,0.5686538795219326
scope_20260424_115654,sweep_4389,281,2962.52,0.6416458496576853,0.5469344840659676
scope_20260424_115654,sweep_4390,281,2976.63,0.6431720618523828,0.6120165009410584
scope_20260424_115654,sweep_4391,281,2976.78,0.6431882671909523,0.5611312957230208
scope_20260424_115654,sweep_4392,281,2976.63,0.6431720618523828,1.014293994755558
scope_20260424_115654,sweep_4393,281,2962.67,0.6416620935411312,0.9899086378911975
scope_20260424_115654,sweep_4394,281,2976.63,0.6431720618523828,0.64029930490116
scope_20260424_115654,sweep_4395,281,2976.63,0.6431720618523828,0.7579596739767055
scope_20260424_115654,sweep_4396,281,2976.78,0.6431882671909523,0.6648436902482009
scope_20260424_115654,sweep_4397,281,2976.49,0.6431569365013236,0.7123184754129881
scope_20260424_115654,sweep_4398,281,2976.49,0.6431569365013236,0.8222712943341702
scope_20260424_115654,sweep_4399,281,2976.78,0.6431882671909523,0.6045267279472526
scope_20260424_115654,sweep_4400,281,2962.52,0.6416458496576853,0.5471131346899808
scope_20260424_115654,sweep_4401,281,2962.96,0.6416934972164825,0.5248752423575596
scope_20260424_115654,sweep_4402,281,2962.82,0.6416783370133685,0.46579417680308666
scope_20260424_115654,sweep_4403,281,2976.78,0.6431882671909523,0.892445115660353
scope_20260424_115654,sweep_4404,281,2976.63,0.6431720618523828,0.5239768104827032
scope_20260424_115654,sweep_4405,281,2962.82,0.6416783370133685,0.5221385585302901
scope_20260424_115654,sweep_4406,281,2962.96,0.6416934972164825,0.6825384393386249
scope_20260424_115654,sweep_4407,281,2962.82,0.6416783370133685,0.8740419511183882
scope_20260424_115654,sweep_4408,281,2962.67,0.6241974786311114,0.5790077957034223
scope_20260424_115654,sweep_4409,281,2962.52,0.6241816768700408,0.6779612281818852
scope_20260424_115654,sweep_4410,281,2976.34,0.6256358702577115,0.5244532375922069
scope_20260424_115654,sweep_4411,281,2976.78,0.625682113228917,0.5475815857189704
scope_20260424_115654,sweep_4412,281,2976.63,0.6256663489636172,0.5896951031287395
scope_20260424_115654,sweep_4413,281,2962.67,0.6241974786311114,0.5259668338050294
scope_20260424_115654,sweep_4414,281,2976.63,0.6088421886440067,0.6712946527195237
scope_20260424_115654,sweep_4415,281,2962.52,0.6073974393645083,0.46855899091971687
scope_20260424_115654,sweep_4416,281,2976.78,0.6088575290084094,0.5820281788663696
scope_20260424_115654,sweep_4417,281,2976.78,0.6088575290084094,0.6151122656307345
scope_20260424_115654,sweep_4418,281,2962.38,0.6073830872848314,0.5721550590301024
scope_20260424_115654,sweep_4419,281,2976.63,0.6088421886440067,0.5191259626403338
scope_20260424_115654,sweep_4420,281,2962.82,0.5912900940150452,0.6240951042389188
scope_20260424_115654,sweep_4421,281,2962.96,0.5913040637525406,0.5286297841364286
scope_20260424_115654,sweep_4422,281,2962.82,0.5912900940150452,0.6670121987283427
scope_20260424_115654,sweep_4423,281,2962.52,0.5912601577518302,0.44790466786290006
scope_20260424_115654,sweep_4424,281,2962.38,0.5912461869769406,0.5775583475154151
scope_20260424_115654,sweep_4425,281,2976.78,0.5926814558628134,0.6599665268109746
scope_20260424_115654,sweep_4426,281,2962.96,0.5913040637525406,0.7439370463129629
scope_20260424_115654,sweep_4427,281,2976.49,0.5926525854376368,0.6495661568940224
scope_20260424_115654,sweep_4428,281,2976.63,0.5926665230598596,0.5781598823105212
scope_20260424_115654,sweep_4429,281,2976.93,0.5926963882895397,0.6847051973955192
scope_20260424_115654,sweep_4430,281,2976.78,0.5926814558628134,0.9681328851019608
scope_20260424_115654,sweep_4431,281,2976.63,0.5926665230598596,0.7179366124783138
scope_20260424_115654,sweep_4432,281,2976.49,0.5926525854376368,0.5732757349154061
scope_20260424_115654,sweep_4433,281,2976.93,0.5926963882895397,0.8534869785277909
scope_20260424_115654,sweep_4434,281,2976.78,0.5926814558628134,0.4645102431018421
scope_20260424_115654,sweep_4435,281,2962.67,0.5912751260728968,0.49751877751141493
scope_20260424_115654,sweep_4436,281,2962.82,0.607428192679073,0.5722976766418407
scope_20260424_115654,sweep_4437,281,2976.78,0.6088575290084094,0.8480760806373467
scope_20260424_115654,sweep_4438,281,2976.93,0.6088728689863163,0.4524659485130931
scope_20260424_115654,sweep_4439,281,2962.67,0.6074128162164207,0.6765210833826626
scope_20260424_115654,sweep_4440,281,2962.67,0.6241974786311114,0.4364451778919512
scope_20260424_115654,sweep_4441,281,2976.78,0.625682113228917,0.4249107613687218
scope_20260424_115654,sweep_4442,281,2962.52,0.6241816768700408,0.5108317178006512
scope_20260424_115654,sweep_4443,281,2962.52,0.6241816768700408,0.6189253639527981
scope_20260424_115654,sweep_4444,281,2976.63,0.6431720618523828,0.5301120109459779
scope_20260424_115654,sweep_4445,281,2962.52,0.6416458496576853,0.6648589692719826
scope_20260424_115654,sweep_4446,281,2976.78,0.6431882671909523,0.49451376294101407
scope_20260424_115654,sweep_4447,281,2962.82,0.6416783370133685,0.5216109506722
scope_20260424_115654,sweep_4448,281,2976.78,0.6431882671909523,0.590088630849358
scope_20260424_115654,sweep_4449,281,2962.82,0.6416783370133685,0.4855586168667221
scope_20260424_115654,sweep_4450,281,2962.96,0.6416934972164825,0.5552925347873516
scope_20260424_115654,sweep_4451,281,2977.08,0.6432206766432568,0.822004470420966
scope_20260424_115654,sweep_4452,281,2976.78,0.6431882671909523,0.5490921357998632
scope_20260424_115654,sweep_4453,281,2962.67,0.6416620935411312,0.7899658323962894
scope_20260424_115654,sweep_4454,281,2976.63,0.6431720618523828,0.5526171573909577
scope_20260424_115654,sweep_4455,281,2976.49,0.6431569365013236,0.7297515692600901
scope_20260424_115654,sweep_4456,281,2976.93,0.6432044721212334,0.570961227535594
scope_20260424_115654,sweep_4457,281,2962.96,0.6416934972164825,0.48238465305005
scope_20260424_115654,sweep_4458,281,2962.82,0.6416783370133685,0.667550014410588
scope_20260424_115654,sweep_4459,281,2962.67,0.6416620935411312,0.5142415744538452
scope_20260424_115654,sweep_4460,281,2976.63,0.6431720618523828,0.6253178394950386
scope_20260424_115654,sweep_4461,281,2976.49,0.6256516352909697,1.0173823984047317
scope_20260424_115654,sweep_4462,281,2976.93,0.6256978770970412,0.5071997120201952
scope_20260424_115654,sweep_4463,281,2976.78,0.625682113228917,0.5510476121667599
scope_20260424_115654,sweep_4464,281,2976.78,0.625682113228917,0.8945141376460229
scope_20260424_115654,sweep_4465,281,2976.93,0.6256978770970412,0.5051592414328512
scope_20260424_115654,sweep_4466,281,2962.52,0.6241816768700408,0.6384334515363869
scope_20260424_115654,sweep_4467,281,2976.63,0.6088421886440067,0.6331861875046333
scope_20260424_115654,sweep_4468,281,2962.82,0.607428192679073,0.4998185836693791
scope_20260424_115654,sweep_4469,281,2976.34,0.6088125295101228,0.5805692150402826
scope_20260424_115654,sweep_4470,281,2977.08,0.6088882085777566,0.5888041723427913
scope_20260424_115654,sweep_4471,281,2962.82,0.607428192679073,0.7404733992564374
scope_20260424_115654,sweep_4472,281,2962.67,0.6074128162164207,0.5711141589839291
scope_20260424_115654,sweep_4473,281,2962.82,0.5912900940150452,0.5992996722020517
scope_20260424_115654,sweep_4474,281,2976.78,0.5926814558628134,0.5409872177082704
scope_20260424_115654,sweep_4475,281,2962.52,0.5912601577518302,0.6498937513305602
scope_20260424_115654,sweep_4476,281,2976.78,0.5926814558628134,0.6243232414601421
scope_20260424_115654,sweep_4477,281,2962.82,0.5912900940150452,0.6335989925446077
scope_20260424_115654,sweep_4478,281,2976.49,0.5926525854376368,0.9935079951009835
scope_20260424_115654,sweep_4479,281,2976.78,0.5926814558628134,0.505844326809215
scope_20260424_115654,sweep_4480,281,2962.67,0.5912751260728968,0.6817979441881988
scope_20260424_115654,sweep_4481,281,2976.63,0.5926665230598596,0.5423491600827942
scope_20260424_115654,sweep_4482,281,2977.08,0.5927113203400672,0.8239317962946747
scope_20260424_115654,sweep_4483,281,2962.96,0.5913040637525406,0.9611286257511318
scope_20260424_115654,sweep_4484,281,2962.96,0.5913040637525406,0.4679363590770781
scope_20260424_115654,sweep_4485,281,2962.82,0.5912900940150452,0.8451243156208879
scope_20260424_115654,sweep_4486,281,2976.78,0.5926814558628134,0.5075370650636263
scope_20260424_115654,sweep_4487,281,2962.82,0.5912900940150452,0.485610259663835
scope_20260424_115654,sweep_4488,281,2976.93,0.5926963882895397,0.5701298372506868
scope_20260424_115654,sweep_4489,281,2962.96,0.5913040637525406,0.4543799315794307
scope_20260424_115654,sweep_4490,281,2976.78,0.6088575290084094,0.5082988826995292
scope_20260424_115654,sweep_4491,281,2962.52,0.6073974393645083,1.037275290793782
scope_20260424_115654,sweep_4492,281,2976.49,0.6088278706218333,0.7429115218712572
scope_20260424_115654,sweep_4493,281,2977.08,0.6088882085777566,0.6365419634151571
scope_20260424_115654,sweep_4494,281,2976.78,0.625682113228917,0.5388642891963802
scope_20260424_115654,sweep_4495,281,2962.67,0.6241974786311114,0.584836605715636
scope_20260424_115654,sweep_4496,281,2962.82,0.6242132799921654,0.5036219341992778
scope_20260424_115654,sweep_4497,281,2962.82,0.6242132799921654,0.6405534255515756
scope_20260424_115654,sweep_4498,281,2976.78,0.6431882671909523,0.4906622978833449
scope_20260424_115654,sweep_4499,281,2962.82,0.6416783370133685,0.42359161725583677
scope_20260424_115654,sweep_4500,281,2976.63,0.6431720618523828,0.5013681320048398
scope_20260424_115654,sweep_4501,281,2962.67,0.6416620935411312,0.4811966032597483
scope_20260424_115654,sweep_4502,281,2962.96,0.6416934972164825,0.561806335180456
scope_20260424_115654,sweep_4503,281,2962.67,0.6416620935411312,0.7178908289170435
scope_20260424_115654,sweep_4504,281,2962.82,0.6416783370133685,0.5576436819818258
scope_20260424_115654,sweep_4505,281,2962.67,0.6416620935411312,0.6126969533635064
scope_20260424_115654,sweep_4506,281,2976.93,0.6432044721212334,0.6184335706983807
scope_20260424_115654,sweep_4507,281,2962.52,0.6416458496576853,0.7874833604176895
scope_20260424_115654,sweep_4508,281,2962.82,0.6416783370133685,0.45699753611935656
scope_20260424_115654,sweep_4509,281,2976.93,0.6432044721212334,0.49448538262584313
scope_20260424_115654,sweep_4510,281,2976.93,0.6432044721212334,0.6008579908306991
scope_20260424_115654,sweep_4511,281,2962.82,0.6416783370133685,0.4731757418942338
scope_20260424_115654,sweep_4512,281,2976.78,0.6431882671909523,0.489516463432278
scope_20260424_115654,sweep_4513,281,2976.78,0.6431882671909523,0.5119079116372343
scope_20260424_115654,sweep_4514,281,2976.63,0.6431720618523828,0.7998563349274375
scope_20260424_115654,sweep_4515,281,2976.49,0.6256516352909697,0.5550951646270843
scope_20260424_115654,sweep_4516,281,2962.67,0.6241974786311114,0.5870106948749018
scope_20260424_115654,sweep_4517,281,2976.49,0.6256516352909697,0.7926513442045127
scope_20260424_115654,sweep_4518,281,2962.52,0.6241816768700408,0.5288431910276397
scope_20260424_115654,sweep_4530,283,2647.49,0.5589399266908183,0.3729264161173886
scope_20260424_115654,sweep_4531,283,2647.49,0.5589399266908183,0.4260140764615796
scope_20260424_115654,sweep_4532,283,2647.49,0.5589399266908183,0.4841286788720279
scope_20260424_115654,sweep_4533,283,2647.37,0.5442546218479334,0.4629587176451801
scope_20260424_115654,sweep_4534,283,2647.37,0.5442546218479334,0.6340973627892178
scope_20260424_115654,sweep_4535,283,2647.6,0.5442782633948848,0.6865565806916646
scope_20260424_115654,sweep_4536,283,2647.72,0.5442905977073862,0.5415338308014321
scope_20260424_115654,sweep_4537,283,2647.6,0.5442782633948848,0.5208081630506836
scope_20260424_115654,sweep_4538,283,2647.37,0.5442546218479334,0.5190369051818903
scope_20260424_115654,sweep_4539,283,2647.49,0.5589399266908183,0.44357732867569316
scope_20260424_115654,sweep_4540,284,2439.82,0.5365705876654359,0.5668763554365198
scope_20260424_115654,sweep_4551,286,2270.66,0.5464575427129066,0.5589713876600816
scope_20260424_115654,sweep_4552,286,2270.66,0.5464575427129066,0.4450791549210189
scope_20260424_115654,sweep_4553,286,2270.83,0.5464779984490266,0.7430649192949528
scope_20260424_115654,sweep_4554,286,2270.75,0.5617581804448438,0.5337939451050701
scope_20260424_115654,sweep_4555,286,2270.66,0.5617470478372885,0.510271171970056
scope_20260424_115654,sweep_4556,286,2270.75,0.5617581804448438,0.6106084192601817
scope_20260424_115654,sweep_4557,286,2270.75,0.5617581804448438,0.5583536226388872
scope_20260424_115654,sweep_4558,286,2270.66,0.5617470478372885,0.5926279621991849
scope_20260424_115654,sweep_4559,286,2270.83,0.5617680759107957,0.4136431355057344
scope_20260424_115654,sweep_4560,286,2270.92,0.5617792081016442,0.3193725753579944
scope_20260424_115654,sweep_4572,288,1896.93,0.4860354691734533,0.4004617404744995
scope_20260424_115654,sweep_4573,288,1896.93,0.4860354691734533,0.3702185228256431
scope_20260424_115654,sweep_4574,288,1897.05,0.486050842258894,0.3505316381847269
scope_20260424_115654,sweep_4575,288,1896.69,0.4860047215437479,0.35925558253459905
scope_20260424_115654,sweep_4576,288,1891.07,0.47239117089806293,0.3050383952970997
scope_20260424_115654,sweep_4577,288,1896.99,0.47313000407039735,0.3177516519644238
scope_20260424_115654,sweep_4578,288,1896.87,0.47311503917907055,0.3452554628408992
scope_20260424_115654,sweep_4579,288,1896.81,0.4731075565558988,0.3669546693063493
scope_20260424_115654,sweep_4580,288,1896.87,0.47311503917907055,0.43207350325045546
scope_20260424_115654,sweep_4581,288,1896.99,0.460709666889661,0.4804995811711595
scope_20260424_115654,sweep_4582,288,1896.87,0.460695094848068,0.41651356894169234
scope_20260424_115654,sweep_4583,289,1714.04,0.4379305882936882,0.39457815169131777
scope_20260424_115654,sweep_4584,289,1709.3,0.43732464325376175,0.4007681122205584
scope_20260424_115654,sweep_4585,289,1709.3,0.43732464325376175,0.29191811135130663
scope_20260424_115654,sweep_4586,289,1709.5,0.43735022751933805,0.42940948919922073
scope_20260424_115654,sweep_4587,289,1709.26,0.4373195262210375,0.34941928635137887
scope_20260424_115654,sweep_4588,289,1709.35,0.4373310394604717,0.3387103381504493
scope_20260424_115654,sweep_4589,289,1709.26,0.4373195262210375,0.3276785248674421
scope_20260424_115654,sweep_4590,289,1709.3,0.43732464325376175,0.40473123073572503
scope_20260424_115654,sweep_4591,289,1709.35,0.4373310394604717,0.38988458468224985
scope_20260424_115654,sweep_4592,289,1709.35,0.4373310394604717,0.490000153732325
scope_20260424_115654,sweep_4604,291,1309.9,0.4038884020833763,0.35965334572220264
scope_20260424_115654,sweep_4605,291,1332.27,0.40732253270758084,0.3831183391005571
scope_20260424_115654,sweep_4606,291,1332.27,0.41857809239099325,0.26437848641677725
scope_20260424_115654,sweep_4607,291,1332.33,0.418587517808808,0.32620446416392374
scope_20260424_115654,sweep_4608,291,1332.24,0.4185733796024955,0.4625833285255752
scope_20260424_115654,sweep_4609,291,1332.21,0.418568666760935,0.4635860065340981
scope_20260424_115654,sweep_4610,291,1332.36,0.41859223043812854,0.397959886258787
scope_20260424_115654,sweep_4611,291,1332.27,0.43028961870060156,0.5314035891603598
scope_20260424_115654,sweep_4612,291,1332.3,0.4302944632951255,0.3168832840933777
scope_20260424_115654,sweep_4613,291,1332.33,0.43029930783510556,0.39314685940562166
scope_20260424_115654,sweep_4614,291,1332.3,0.4302944632951255,0.3598190794277257
scope_20260424_115654,sweep_4615,292,1147.84,0.39939757300858847,0.43534314135209173
scope_20260424_115654,sweep_4616,292,1143.73,0.3986818826302668,0.31271109592175284
scope_20260424_115654,sweep_4617,292,1143.64,0.3986661962028146,0.24847008180375327
scope_20260424_115654,sweep_4618,292,1143.64,0.3986661962028146,0.22133297258609586
scope_20260424_115654,sweep_4619,292,1143.71,0.39867839681083783,0.28899579346722676
scope_20260424_115654,sweep_4620,292,1143.66,0.3986696821289212,0.3804156014245544
scope_20260424_115654,sweep_4621,292,1143.69,0.3878238666740628,0.3843188078619238
scope_20260424_115654,sweep_4622,292,1143.71,0.3878272576468893,0.21533124979525972
scope_20260424_115654,sweep_4623,292,1143.88,0.3878560797189246,0.3485319786163204
scope_20260424_115654,sweep_4624,292,1143.64,0.3878153891122781,0.35918909242888325
scope_20260424_115654,sweep_4625,293,932.81,0.33450970360536014,0.409096829122482
scope_20260424_115654,sweep_4626,294,955.75,0.33214528043661046,0.3122932586139924
scope_20260424_115654,sweep_4627,294,957.14,0.3325461683948864,0.4157609490735486
scope_20260424_115654,sweep_4628,294,957.14,0.3325461683948864,0.2735622022926973
scope_20260424_115654,sweep_4629,294,955.69,0.32330402696972815,0.20667749542599073
scope_20260424_115654,sweep_4630,294,957.18,0.3237223395355603,0.2185574190654653
scope_20260424_115654,sweep_4631,294,957.2,0.32372795371606156,0.2776754147951851
scope_20260424_115654,sweep_4632,294,955.78,0.3233292973162862,0.23604318116811207
scope_20260424_115654,sweep_4633,294,957.14,0.3152132329108416,0.26858107966146594
scope_20260424_115654,sweep_4634,294,957.23,0.3152378335338529,0.20526949153690668
scope_20260424_115654,sweep_4635,294,957.15,0.31521596633281723,0.16122267552530478
scope_20260424_115654,sweep_4646,296,569.24,0.19946905091732745,0.17416570568618933
scope_20260424_115654,sweep_4647,296,598.81,0.20803204476694995,0.21107891057442155
scope_20260424_115654,sweep_4648,296,605.8,0.2100456173270806,0.20558797308057986
scope_20260424_115654,sweep_4649,296,611.18,0.2115927155764313,0.18502369354324869
scope_20260424_115654,sweep_4650,296,616.62,0.21315471549904888,0.2243944963315155
scope_20260424_115654,sweep_4651,296,620.92,0.2143877268661181,0.19300936174082248
scope_20260424_115654,sweep_4652,296,625.89,0.21581105191683866,0.17933346992201837
scope_20260424_115654,sweep_4653,296,629.69,0.21689801227363673,0.2037235759487216
scope_20260424_115654,sweep_4654,296,634.86,0.22419065973023816,0.17495965878756498
scope_20260424_115654,sweep_4655,296,639.43,0.22552931506895674,0.21478520153544947
scope_20260424_115654,sweep_4656,296,642.03,0.2262901869663404,0.11671405569028744
scope_20260424_115654,sweep_4658,298,461.19,0.17195511787872073,0.2046570614916209
scope_20260424_115654,sweep_4659,298,469.91,0.17464935842731744,0.13676614544025664
scope_20260424_115654,sweep_4660,298,478.98,0.18222644156647444,0.18827569127476526
scope_20260424_115654,sweep_4661,298,485.66,0.18433330418985885,0.17708467927895508
scope_20260424_115654,sweep_4662,298,492.98,0.18663637422032683,0.14177518310370363
scope_20260424_115654,sweep_4663,298,499.32,0.18862641372675354,0.1813431594461924
scope_20260424_115654,sweep_4664,298,503.39,0.18990166568369657,0.23681325757836316
scope_20260424_115654,sweep_4665,298,509.96,0.19719562915474975,0.19907398022052356
scope_20260424_115654,sweep_4666,298,515.46,0.19895925032466952,0.197996969007344
scope_20260424_115654,sweep_4667,299,365.76,0.1496563553579868,0.1345631448109778
scope_20260424_115654,sweep_4668,299,366.83,0.15001964493979994,0.12342448666684146
scope_20260424_115654,sweep_4669,299,366.62,0.14994835933943135,0.13589218114907803
scope_20260424_115654,sweep_4670,299,366.63,0.15409537680956104,0.11017471822058368
scope_20260424_115654,sweep_4671,299,366.61,0.1540883997615393,0.1382146933423714
scope_20260424_115654,sweep_4672,299,366.62,0.15409188829363824,0.15471728097154755
scope_20260424_115654,sweep_4673,299,374.78,0.15693318459303937,0.14616422448023472
scope_20260424_115654,sweep_4674,299,383.1,0.15981938542334734,0.1688607161203508
scope_20260424_115654,sweep_4675,299,390.29,0.16230501233653485,0.2593255082748531
scope_20260424_115654,sweep_4676,299,397.55,0.16941813748280077,0.2069999974555838
scope_20260424_115654,sweep_4677,299,403.19,0.17141066438997282,0.11327935711522462
scope_20260424_115654,sweep_4678,299,366.41,0.15401862572177902,0.16567077758562573
scope_20260424_115654,sweep_4679,299,366.62,0.15409188829363824,0.1983180511796806
scope_20260424_115654,sweep_4680,299,366.41,0.15401862572177902,0.14511754111065997
scope_20260424_115654,sweep_4681,299,366.84,0.15416863190816937,0.14493514499889928
scope_20260424_115654,sweep_4682,299,366.41,0.15401862572177902,0.11878705626785932
scope_20260424_115654,sweep_4683,299,365.98,0.1538685896056683,0.11607554255366791
scope_20260424_115654,sweep_4684,299,366.6,0.15408491121326373,0.12950034823814163
scope_20260424_115654,sweep_4685,299,365.34,0.14951370635363465,0.15372695006547585
scope_20260424_115654,sweep_4686,299,366.17,0.14979558109991908,0.11726395979527168
scope_20260424_115654,sweep_4687,299,365.97,0.14972766941640164,0.18718776435667198
scope_20260424_115654,sweep_4688,299,365.98,0.14973106515039566,0.1226944841456837
scope_20260424_115654,sweep_4689,299,366.4,0.14589184124509186,0.11809523676724709
scope_20260424_115654,sweep_4690,299,365.55,0.1456108723357516,0.13976993273664343
scope_20260424_115654,sweep_4691,299,366.84,0.14603724043855093,0.09877372533868578
scope_20260424_115654,sweep_4692,299,365.75,0.14185276389146378,0.14017516726759965
scope_20260424_115654,sweep_4693,299,366.18,0.14199117043824844,0.12968517051541237
scope_20260424_115654,sweep_4694,299,366.18,0.14199117043824844,0.12336071126146181
scope_20260424_115654,sweep_4695,299,366.4,0.1383768266806968,0.1434904384533466
scope_20260424_115654,sweep_4696,299,365.99,0.13824829470747535,0.10297121233161989
scope_20260424_115654,sweep_4697,299,365.98,0.13824515947560825,0.16615589981417178
scope_20260424_115654,sweep_4698,299,366.39,0.13837369204552782,0.17069004828043055
scope_20260424_115654,sweep_4699,300,537.42,0.18529452799772422,0.16728596395255418
scope_20260424_115654,sweep_4700,301,365.76,0.13463406946065382,0.17229626243977378
scope_20260424_115654,sweep_4701,301,364.9,0.13437127138783844,0.13783339721782398
scope_20260424_115654,sweep_4702,301,365.74,0.1346279590714891,0.12553179952081756
scope_20260424_115654,sweep_4703,301,365.76,0.13463406946065382,0.11813940525336893
scope_20260424_115654,sweep_4704,301,365.97,0.13469822511826807,0.13077452693838076
scope_20260424_115654,sweep_4705,301,365.98,0.13470127999345416,0.1315477326243959
scope_20260424_115654,sweep_4706,301,366.2,0.1347684836582681,0.11929038547786794
scope_20260424_115654,sweep_4707,301,365.76,0.13463406946065382,0.10916191708167222
scope_20260424_115654,sweep_4708,301,366.2,0.1347684836582681,0.13055456164410476
scope_20260424_115654,sweep_4709,301,366.19,0.13476542909515846,0.12359552125746406
scope_20260424_115654,sweep_4710,301,365.96,0.1346951702288914,0.1310000772029103
scope_20260424_115654,sweep_4711,301,366.4,0.13482957194324727,0.14269340911796943
scope_20260424_115654,sweep_4712,301,366.19,0.13831099628722401,0.13009757654305254
scope_20260424_115654,sweep_4713,301,365.98,0.13824515947560825,0.1264021116525177
scope_20260424_115654,sweep_4714,301,366.39,0.13837369204552782,0.13509574756338621
scope_20260424_115654,sweep_4715,301,366.41,0.13837996130132194,0.12395688344272925
scope_20260424_115654,sweep_4716,301,366.2,0.13831413121336755,0.12788980547026527
scope_20260424_115654,sweep_4717,301,366.4,0.1383768266806968,0.13990203403874707
scope_20260424_115654,sweep_4718,301,365.76,0.14185598296242516,0.14066043454969715
scope_20260424_115654,sweep_4719,302,171.54,0.07566901679314804,0.11515295297979203
scope_20260424_115654,sweep_4720,302,171.54,0.07566901679314804,0.09341458079101413
scope_20260424_115654,sweep_4721,302,171.54,0.07566901679314804,0.13398487954358654
scope_20260424_115654,sweep_4722,302,171.54,0.07566901679314804,0.13089348156438682
scope_20260424_115654,sweep_4723,302,171.54,0.07566901679314804,0.1094355824261641
scope_20260424_115654,sweep_4724,302,171.54,0.0777089885372851,0.13661170727736618
scope_20260424_115654,sweep_4725,302,171.54,0.0777089885372851,0.10776860164199899
scope_20260424_115654,sweep_4726,302,171.54,0.0777089885372851,0.11111611496772333
scope_20260424_115654,sweep_4727,302,171.54,0.0777089885372851,0.11305116892275487
scope_20260424_115654,sweep_4728,302,171.54,0.0777089885372851,0.09271798115532175
scope_20260424_115654,sweep_4729,302,171.54,0.0777089885372851,0.1440981135855778
scope_20260424_115654,sweep_4730,302,171.54,0.0777089885372851,0.14628796352973703
scope_20260424_115654,sweep_4731,302,171.54,0.0777089885372851,0.14263786876190956
scope_20260424_115654,sweep_4732,302,171.54,0.0777089885372851,0.11583154012499813
scope_20260424_115654,sweep_4733,302,171.54,0.0777089885372851,0.12445338251790468
scope_20260424_115654,sweep_4734,302,171.54,0.0777089885372851,0.1542972273037888
scope_20260424_115654,sweep_4735,302,171.54,0.0777089885372851,0.15301711630184608
scope_20260424_115654,sweep_4736,302,171.54,0.07566901679314804,0.10873788222229701
scope_20260424_115654,sweep_4737,302,171.54,0.07566901679314804,0.13826677876004587
scope_20260424_115654,sweep_4738,302,171.54,0.07566901679314804,0.14873754341475443
scope_20260424_115654,sweep_4739,302,171.54,0.07566901679314804,0.1406179958043621
scope_20260424_115654,sweep_4740,302,171.54,0.07370613151897495,0.14769073069094296
scope_20260424_115654,sweep_4741,302,171.54,0.07370613151897495,0.1573478345879201
scope_20260424_115654,sweep_4742,302,171.54,0.07370613151897495,0.142938317595413
scope_20260424_115654,sweep_4743,302,171.54,0.07370613151897495,0.12981843467227536
scope_20260424_115654,sweep_4744,302,171.54,0.07181669359442228,0.11645724062786547
scope_20260424_115654,sweep_4745,302,171.54,0.07181669359442228,0.1487747112831384
scope_20260424_115654,sweep_4746,302,171.54,0.07181669359442228,0.16154171080986593
scope_20260424_115654,sweep_4747,302,171.54,0.06999726652280583,0.1573725953813852
scope_20260424_115654,sweep_4748,302,171.54,0.06999726652280583,0.1295056919694705
scope_20260424_115654,sweep_4749,302,171.54,0.06999726652280583,0.12141537597934746
scope_20260424_115654,sweep_4750,302,171.54,0.06824460357004973,0.12883220389941044
scope_20260424_115654,sweep_4751,302,171.54,0.06824460357004973,0.20948323266942898
scope_20260424_115654,sweep_4752,302,171.54,0.06824460357004973,0.1688095413991913
scope_20260424_115654,sweep_4753,302,171.54,0.06655563581383227,0.22739036294052092
scope_20260424_115654,sweep_4754,302,171.54,0.06655563581383227,0.1649495123076034
scope_20260424_115654,sweep_4755,302,171.54,0.06655563581383227,0.2071486616982756
scope_20260424_115654,sweep_4756,302,171.54,0.06492746103220857,0.12500945612626999
scope_20260424_115654,sweep_4757,302,171.54,0.06492746103220857,0.17639601736219945
scope_20260424_115654,sweep_4758,302,171.54,0.06492746103220857,0.20163827557584357
scope_20260424_115654,sweep_4759,302,171.54,0.06492746103220857,0.12523831443878825
scope_20260424_115654,sweep_4760,302,171.54,0.06335733336696,0.18624151315340062
scope_20260424_115654,sweep_4761,302,171.54,0.06335733336696,0.09658286905228487
scope_20260424_115654,sweep_4762,302,171.54,0.06335733336696,0.23518043633040125
scope_20260424_115654,sweep_4763,302,171.54,0.06335733336696,0.1410924039044828
scope_20260424_115654,sweep_4764,302,171.54,0.06335733336696,0.1437093230316079
scope_20260424_115654,sweep_4765,302,171.54,0.06335733336696,0.16293927073964695
scope_20260424_115654,sweep_4766,302,171.54,0.06335733336696,0.12039200081918985
scope_20260424_115654,sweep_4767,302,171.54,0.06335733336696,0.08521405151142895
scope_20260424_115654,sweep_4768,302,171.54,0.06335733336696,0.1557347359106806
scope_20260424_115654,sweep_4769,302,171.54,0.06335733336696,0.13874021408584988
scope_20260424_115654,sweep_4770,302,171.54,0.06335733336696,0.07799653396865222
scope_20260424_115654,sweep_4771,302,171.54,0.06335733336696,0.14179793418716197
scope_20260424_115654,sweep_4824,304,519.34,0.1628283813262587,0.30066940228160705
scope_20260424_115654,sweep_4825,304,508.71,0.16005729083193096,0.35612931589611874
scope_20260424_115654,sweep_4826,304,512.87,0.16114290521749566,0.29276295199934055
scope_20260424_115654,sweep_4827,304,518.48,0.16260455248821543,0.22859011475824598
scope_20260424_115654,sweep_4828,304,523.66,0.16395178020609535,0.19760176909754498
scope_20260424_115654,sweep_4829,304,527.71,0.1650035364846898,0.24500946470610754
scope_20260424_115654,sweep_4830,304,532.7,0.1662975196942901,0.22304415433196556
scope_20260424_115654,sweep_4831,304,537.71,0.1675946178432686,0.2676678341480016
scope_20260424_115654,sweep_4832,304,540.5,0.1683160625550734,0.21259124784350455
scope_20260424_115654,sweep_4833,304,542.9,0.16893615370947138,0.16702348504058265
scope_20260424_115654,sweep_4834,304,547.2,0.17004598694690995,0.19327694056702255
scope_20260424_115654,sweep_4835,305,761.54,0.22372272000126797,0.34145855425538585
scope_20260424_115654,sweep_4836,306,738.01,0.2179700370983589,0.35447312625339467
scope_20260424_115654,sweep_4837,306,735.38,0.2227749504437659,0.3067492333138464
scope_20260424_115654,sweep_4838,306,734.56,0.2225687509166239,0.186197386004962
scope_20260424_115654,sweep_4839,306,731.87,0.22189204084111022,0.3225033548488146
scope_20260424_115654,sweep_4840,306,730.26,0.22148681883985966,0.29979770094652775
scope_20260424_115654,sweep_4841,306,728.51,0.22665562840987424,0.2580155494738997
scope_20260424_115654,sweep_4842,306,726.82,0.226219131179618,0.21376679942567522
scope_20260424_115654,sweep_4843,306,726.02,0.2260124451191405,0.22411316469034762
scope_20260424_115654,sweep_4844,306,724.24,0.22555242963902913,0.2626169487769402
scope_20260424_115654,sweep_4845,306,723.45,0.23113561313171438,0.2572916261764228
scope_20260424_115654,sweep_4846,307,906.93,0.2788329036316785,0.3131227094817967
scope_20260424_115654,sweep_4847,307,900.35,0.2771527741803646,0.21663157463552202
scope_20260424_115654,sweep_4848,307,893.92,0.2755089278442111,0.3832275949616289
scope_20260424_115654,sweep_4849,307,891.31,0.2819849996689588,0.3273727733406689
scope_20260424_115654,sweep_4850,307,885.06,0.2803428421094621,0.3540370516714911
scope_20260424_115654,sweep_4851,307,879.98,0.27900664395024377,0.2722108485918131
scope_20260424_115654,sweep_4852,307,873.79,0.2846742592422925,0.33576980558232034
scope_20260424_115654,sweep_4853,307,870.04,0.2836598594483222,0.3172826944476618
scope_20260424_115654,sweep_4854,307,865.33,0.28238471941332427,0.2797051053171775
scope_20260424_115654,sweep_4855,307,861.71,0.28140387358560365,0.3498850198655781
scope_20260424_115654,sweep_4856,308,1072.64,0.33744836258644123,0.30824291466262577
scope_20260424_115654,sweep_4857,309,1040.37,0.33233359169275,0.2587000876086257
scope_20260424_115654,sweep_4858,309,1031.76,0.3309555545523523,0.3500424553108332
scope_20260424_115654,sweep_4859,309,1023.16,0.32957336605087006,0.2861062966580508
scope_20260424_115654,sweep_4860,309,1014.95,0.32824842803510523,0.28027325687314636
scope_20260424_115654,sweep_4861,309,1008.32,0.3271745560235508,0.33538748154241443
scope_20260424_115654,sweep_4862,309,1006.73,0.32691649668614225,0.28657751620252214
scope_20260424_115654,sweep_4863,309,1000.27,0.3258659273335133,0.3354093707434433
scope_20260424_115654,sweep_4864,309,992.29,0.31636642082124833,0.3562479372309468
scope_20260424_115654,sweep_4865,309,987.54,0.31510894260020994,0.2991537913338945
scope_20260424_115654,sweep_4866,309,981.37,0.3134740078263768,0.31413945131813414
scope_20260424_115654,sweep_4867,310,1162.95,0.35136690444702445,0.3033953518436334
scope_20260424_115654,sweep_4868,310,1156.36,0.3503699581013629,0.3610502137042646
scope_20260424_115654,sweep_4877,312,1355.5,0.3602529574772319,0.40527967053680386
scope_20260424_115654,sweep_4878,313,1335.02,0.3485691236196217,0.30050224791990526
scope_20260424_115654,sweep_4879,313,1335.02,0.3485691236196217,0.35770307023138526
scope_20260424_115654,sweep_4880,313,1334.99,0.34856520714928574,0.3382621648684942
scope_20260424_115654,sweep_4881,313,1335.08,0.3485769564282821,0.3360442239042332
scope_20260424_115654,sweep_4882,313,1335.08,0.3485769564282821,0.3113307970922763
scope_20260424_115654,sweep_4883,313,1335.11,0.33995393636814936,0.3507831501226392
scope_20260424_115654,sweep_4884,313,1335.11,0.33995393636814936,0.36949198826948426
scope_20260424_115654,sweep_4885,313,1335.08,0.3399501169542499,0.35259056847491405
scope_20260424_115654,sweep_4886,313,1335.08,0.3399501169542499,0.21975566770331312
scope_20260424_115654,sweep_4887,313,1335.17,0.33996157506721675,0.4209620319695227
scope_20260424_115654,sweep_4888,314,1521.14,0.36286588794593305,0.40927732944677614
scope_20260424_115654,sweep_4889,314,1521.41,0.36289809058427736,0.32023216107321173
scope_20260424_115654,sweep_4890,314,1524.86,0.36330931748820094,0.5455349471643014
scope_20260424_115654,sweep_4891,314,1521.3,0.3628849713358381,0.4847850165397058
scope_20260424_115654,sweep_4892,314,1521.26,0.36288020058244663,0.4064708300881757
scope_20260424_115654,sweep_4893,314,1525.01,0.3633271863605863,0.5520763513648386
scope_20260424_115654,sweep_4894,314,1521.26,0.36288020058244663,0.4569302637720714
scope_20260424_115654,sweep_4895,314,1521.26,0.36288020058244663,0.4362554739234314
scope_20260424_115654,sweep_4896,314,1521.3,0.37209382357363385,0.46141456970729516
scope_20260424_115654,sweep_4897,314,1521.26,0.3720889317538811,0.36039112925381694
scope_20260424_115654,sweep_4898,314,1521.3,0.37209382357363385,0.36293837988466493
scope_20260424_115654,sweep_4899,315,1714.04,0.39496217416171947,0.41270779959863024
scope_20260424_115654,sweep_4900,315,1709.55,0.4045746783516882,0.4961728061850596
scope_20260424_115654,sweep_4901,315,1709.21,0.4045344448894706,0.4184172249352598
scope_20260424_115654,sweep_4902,315,1713.89,0.4050878956101831,0.48240304897188624
scope_20260424_115654,sweep_4903,315,1709.26,0.4045403618260443,0.4801386789583233
scope_20260424_115654,sweep_4904,315,1714.19,0.4156536498622198,0.38236299860816825
scope_20260424_115654,sweep_4905,315,1713.99,0.415629401338166,0.4419608178345463
scope_20260424_115654,sweep_4906,315,1709.35,0.4150664379070789,0.36938682916978105
scope_20260424_115654,sweep_4907,315,1713.89,0.4156172765456111,0.5535464009906932
scope_20260424_115654,sweep_4908,315,1713.99,0.42656426778972384,0.379198524897329
scope_20260424_115654,sweep_4909,316,1920.25,0.4515015212137919,0.40229030946290784
scope_20260424_115654,sweep_4910,316,1902.71,0.44943473199237627,0.4626754196413596
scope_20260424_115654,sweep_4911,316,1896.93,0.4487515725557408,0.507130068078962
scope_20260424_115654,sweep_4912,316,1896.81,0.448737378294388,0.47262386582784627
scope_20260424_115654,sweep_4913,316,1902.71,0.461403733742287,0.4577642662964107
scope_20260424_115654,sweep_4914,316,1896.87,0.460695094848068,0.5102409052683918
scope_20260424_115654,sweep_4915,316,1896.81,0.460687808654423,0.36424559004256485
scope_20260424_115654,sweep_4916,316,1896.93,0.46070238092647875,0.47817455293832906
scope_20260424_115654,sweep_4917,316,1902.59,0.4613891836213885,0.5358488719957769
scope_20260424_115654,sweep_4918,316,1896.87,0.460695094848068,0.591146040082837
scope_20260424_115654,sweep_4919,316,1902.59,0.4613891836213885,0.5821731172190316
scope_20260424_115654,sweep_4920,317,2087.76,0.4707828322161804,0.43868395940898103
scope_20260424_115654,sweep_4921,317,2087.68,0.4707738122648021,0.6468957780636668
scope_20260424_115654,sweep_4922,317,2081.02,0.47002229427745523,0.35674807974692885
scope_20260424_115654,sweep_4923,317,2080.8,0.4699974488560249,0.5559062421550128
scope_20260424_115654,sweep_4924,317,2087.68,0.4707738122648021,0.5603391940640159
scope_20260424_115654,sweep_4925,317,2080.73,0.46998954321922193,0.5614489884672254
scope_20260424_115654,sweep_4926,317,2087.9,0.470798616715264,0.402145246629648
scope_20260424_115654,sweep_4927,317,2087.76,0.4707828322161804,0.5356762746851991
scope_20260424_115654,sweep_4928,317,2080.95,0.45796568980557223,0.45666354042381924
scope_20260424_115654,sweep_4929,317,2087.83,0.45872212411660007,0.4372725163512997
scope_20260424_115654,sweep_4930,318,2295.86,0.48103294409755293,0.40231734608748243
scope_20260424_115654,sweep_4931,318,2270.92,0.4784130716655422,0.739221948692271
scope_20260424_115654,sweep_4932,318,2270.75,0.47839516444196634,0.4602306994778155
scope_20260424_115654,sweep_4933,318,2270.66,0.4783856838757592,0.46677395134729677
scope_20260424_115654,sweep_4934,318,2279.03,0.46712468165351817,0.6376673588080861
scope_20260424_115654,sweep_4935,318,2279.03,0.46712468165351817,0.46693134911980494
scope_20260424_115654,sweep_4936,318,2270.66,0.46626610804520463,0.4616302028678326
scope_20260424_115654,sweep_4937,318,2278.94,0.4671154580723424,0.4228374387660725
scope_20260424_115654,sweep_4938,318,2278.86,0.46710725918061985,0.4141426349371794
scope_20260424_115654,sweep_4939,318,2270.75,0.46627534842771706,0.47735954875205316
scope_20260424_115654,sweep_4940,318,2279.03,0.46712468165351817,0.6059212925174572
scope_20260424_115654,sweep_4951,320,2670.11,0.4929576438150962,0.5492609665168845
scope_20260424_115654,sweep_4956,323,2647.37,0.5034601668725315,0.6728635053863701
scope_20260424_115654,sweep_4957,324,2658.75,0.5045410948905346,0.5110904154542318
scope_20260424_115654,sweep_4958,325,2647.37,0.5034601668725315,0.6370404184018896
scope_20260424_115654,sweep_4959,325,2647.49,0.5165582284420472,0.6034131256123728
scope_20260424_115654,sweep_4960,325,2647.49,0.5165582284420472,0.7121205574771945
scope_20260424_115654,sweep_4961,325,2647.37,0.5165465215631102,0.5622556899476725
scope_20260424_115654,sweep_4962,326,2827.92,0.5479158839325871,0.537246446718608
scope_20260424_115654,sweep_4963,326,2840.77,0.5491593312392031,0.5106141309900891
scope_20260424_115654,sweep_4964,326,2841.18,0.5491989590870037,0.5388373473870841
scope_20260424_115654,sweep_4965,326,2840.91,0.5491728630209316,0.5161805198474376
scope_20260424_115654,sweep_4966,326,2840.77,0.5491593312392031,0.50445769758795
scope_20260424_115654,sweep_4967,326,2841.04,0.5638109138758961,0.557674606265739
scope_20260424_115654,sweep_4968,326,2828.19,0.5625344128309615,0.5220262969859476
scope_20260424_115654,sweep_4969,326,2840.77,0.5637841221792441,0.501318393284427
scope_20260424_115654,sweep_4970,326,2840.91,0.5637980143290253,0.4633245984444816
scope_20260424_115654,sweep_4971,326,2840.91,0.5637980143290253,0.553829549306485
scope_20260424_115654,sweep_4972,326,2840.77,0.5637841221792441,0.5478745974420779
scope_20260424_115654,sweep_4973,327,2962.82,0.5757678860043196,0.5197259020390194
scope_20260424_115654,sweep_4974,327,2976.93,0.5771372630490585,0.5706535801786015
scope_20260424_115654,sweep_4975,327,2976.63,0.5771081818242383,0.5237087264904234
scope_20260424_115654,sweep_4976,327,2962.96,0.5757814890162881,0.5697113571077908
scope_20260424_115654,sweep_4977,327,2976.63,0.5771081818242383,0.5951634957526988
scope_20260424_115654,sweep_4978,327,2976.78,0.5771227226198238,0.4756195703932065
scope_20260424_115654,sweep_4979,327,2962.67,0.5757533109919934,0.6733186328894252
scope_20260424_115654,sweep_4980,327,2976.93,0.5771372630490585,0.47897782815612017
scope_20260424_115654,sweep_4981,327,2962.23,0.5757105554938456,0.5049319011906139
scope_20260424_115654,sweep_4982,327,2962.82,0.5757678860043196,0.5378755927375709
scope_20260424_115654,sweep_4983,327,2962.82,0.5608322313245565,0.5157853051778144
scope_20260424_115654,sweep_4984,327,2976.93,0.562166086168138,0.5495189032853843
scope_20260424_115654,sweep_4985,327,2962.67,0.560818034394017,0.5270180434671702
scope_20260424_115654,sweep_4986,327,2976.93,0.562166086168138,0.4856347649331973
scope_20260424_115654,sweep_4987,327,2962.67,0.560818034394017,0.5508712840578257
scope_20260424_115654,sweep_4988,327,2962.52,0.5608038371040777,0.49284529047780556
scope_20260424_115654,sweep_4989,327,2962.67,0.560818034394017,0.6633860708462048
scope_20260424_115654,sweep_4990,327,2976.93,0.562166086168138,0.6669675288428977
scope_20260424_115654,sweep_4991,327,2977.08,0.562180249055865,0.632078872200479
scope_20260424_115654,sweep_4992,327,2976.78,0.5477413014373902,0.48563952661003185
scope_20260424_115654,sweep_4993,327,2962.82,0.5464554397966588,0.5319139916543943
scope_20260424_115654,sweep_4994,327,2976.63,0.5477275009163125,0.496157731025103
scope_20260424_115654,sweep_4995,327,2962.96,0.5464683502768514,0.7288777520944697
scope_20260424_115654,sweep_4996,327,2976.63,0.5477275009163125,0.48904364047590115
scope_20260424_115654,sweep_4997,327,2976.63,0.5477275009163125,0.5392749804641982
scope_20260424_115654,sweep_4998,327,2976.93,0.547755101610768,0.47536863586561345
scope_20260424_115654,sweep_4999,327,2976.78,0.5477413014373902,0.5338988441491553
scope_20260424_115654,sweep_5000,327,2962.82,0.5464554397966588,0.5271880573533249
scope_20260424_115654,sweep_5001,327,2962.67,0.5464416068008208,0.4351868537923751
scope_20260424_115654,sweep_5002,327,2962.96,0.5326239464131722,0.5386507488401149
scope_20260424_115654,sweep_5003,327,2976.78,0.5338646482221131,0.4504198130575834
scope_20260424_115654,sweep_5004,327,2977.08,0.5338915489939962,0.5202545978323865
scope_20260424_115654,sweep_5005,327,2962.67,0.5325978804649119,0.43210516560230294
scope_20260424_115654,sweep_5006,327,2976.93,0.5338780987774874,0.4516381455409792
scope_20260424_115654,sweep_5007,327,2962.67,0.5325978804649119,0.46053964291578586
scope_20260424_115654,sweep_5008,327,2976.49,0.5338386428540887,0.5005070336588819
scope_20260424_115654,sweep_5009,327,2962.96,0.5326239464131722,0.5488306166442349
scope_20260424_115654,sweep_5010,327,2976.78,0.5338646482221131,0.5299739983257484
scope_20260424_115654,sweep_5011,327,2976.49,0.5338386428540887,0.6901192009359016
scope_20260424_115654,sweep_5012,327,2976.78,0.5338646482221131,0.4564509568968374
scope_20260424_115654,sweep_5013,327,2962.52,0.5325843975772971,0.4718914453136683
scope_20260424_115654,sweep_5014,327,2963.11,0.5326374282996698,0.48676184404405787
scope_20260424_115654,sweep_5015,327,2962.82,0.5192752964683482,0.5128666363603723
scope_20260424_115654,sweep_5016,327,2976.78,0.5204972006458537,0.518534151492029
scope_20260424_115654,sweep_5017,327,2976.34,0.5204587316908473,0.7431851222915664
scope_20260424_115654,sweep_5018,327,2962.82,0.5192752964683482,0.5066584514442866
scope_20260424_115654,sweep_5019,327,2962.82,0.5192752964683482,0.451936766399321
scope_20260424_115654,sweep_5020,327,2962.96,0.5192875647942562,0.4858555644458141
scope_20260424_115654,sweep_5021,327,2976.78,0.5338646482221131,0.5919149906856421
scope_20260424_115654,sweep_5022,327,2976.93,0.5338780987774874,0.6541510802076491
scope_20260424_115654,sweep_5023,327,2976.49,0.5338386428540887,0.6251050222508866
scope_20260424_115654,sweep_5024,327,2976.78,0.5338646482221131,0.6573179390463142
scope_20260424_115654,sweep_5025,327,2976.63,0.5338511973278477,0.5223607441185428
scope_20260424_115654,sweep_5026,327,2976.63,0.5338511973278477,0.5749026144945538
scope_20260424_115654,sweep_5027,327,2962.67,0.5325978804649119,0.4989035308194064
scope_20260424_115654,sweep_5028,327,2976.78,0.5477413014373902,0.5037727228656764
scope_20260424_115654,sweep_5029,327,2962.67,0.5464416068008208,0.6779732798555279
scope_20260424_115654,sweep_5030,327,2962.67,0.5464416068008208,0.4986559725402198
scope_20260424_115654,sweep_5031,327,2962.82,0.5464554397966588,0.4791549764999515
scope_20260424_115654,sweep_5032,327,2976.93,0.562166086168138,0.6058279236209008
scope_20260424_115654,sweep_5033,327,2963.11,0.5608596777046027,0.5384786396953811
scope_20260424_115654,sweep_5034,327,2976.63,0.5621377593221955,0.50175411625241
scope_20260424_115654,sweep_5035,327,2962.52,0.5608038371040777,0.6800025624885797
scope_20260424_115654,sweep_5036,327,2962.96,0.5608454814688256,0.5071726259101826
scope_20260424_115654,sweep_5037,327,2976.78,0.5621519229235905,0.6065272592898585
scope_20260424_115654,sweep_5038,327,2962.67,0.560818034394017,0.5190053860085023
scope_20260424_115654,sweep_5039,327,2962.67,0.560818034394017,0.423151798068792
scope_20260424_115654,sweep_5040,327,2976.78,0.5621519229235905,0.5481240604189258
scope_20260424_115654,sweep_5041,327,2976.93,0.562166086168138,0.6231114025641611
scope_20260424_115654,sweep_5042,327,2976.93,0.562166086168138,0.6207485657074029
scope_20260424_115654,sweep_5043,327,2976.78,0.5621519229235905,0.5156612451143769
scope_20260424_115654,sweep_5044,327,2976.63,0.5621377593221955,0.5319400362319161
scope_20260424_115654,sweep_5045,327,2962.82,0.5608322313245565,0.5738954565030008
scope_20260424_115654,sweep_5046,327,2976.63,0.5621377593221955,0.5121391641696326
scope_20260424_115654,sweep_5047,327,2976.78,0.5621519229235905,0.48549997906126213
scope_20260424_115654,sweep_5048,327,2962.67,0.560818034394017,0.40727641480466004
scope_20260424_115654,sweep_5049,327,2976.63,0.5621377593221955,0.5992427261849768
scope_20260424_115654,sweep_5050,327,2962.67,0.560818034394017,0.6171184602253147
scope_20260424_115654,sweep_5051,327,2976.78,0.5621519229235905,0.508729663080605
scope_20260424_115654,sweep_5052,327,2976.78,0.5621519229235905,0.6389556328811974
scope_20260424_115654,sweep_5053,327,2976.78,0.5621519229235905,0.47738075898575966
scope_20260424_115654,sweep_5054,327,2976.78,0.5621519229235905,0.5513077816118167
scope_20260424_115654,sweep_5055,327,2976.63,0.5621377593221955,0.6969930092232692
scope_20260424_115654,sweep_5056,327,2976.93,0.547755101610768,0.4884357785907
scope_20260424_115654,sweep_5057,327,2962.67,0.5464416068008208,0.44377876535905814
scope_20260424_115654,sweep_5058,327,2962.96,0.5464683502768514,0.40890837230220073
scope_20260424_115654,sweep_5059,327,2976.63,0.5477275009163125,0.7770537040670604
scope_20260424_115654,sweep_5060,327,2962.96,0.5464683502768514,0.47399971993438783
scope_20260424_115654,sweep_5061,327,2962.52,0.5464277734547961,0.43452929903065735
scope_20260424_115654,sweep_5062,327,2962.82,0.5464554397966588,0.47556431261425136
scope_20260424_115654,sweep_5063,327,2976.63,0.5477275009163125,0.5024385123225082
scope_20260424_115654,sweep_5064,327,2976.78,0.5477413014373902,0.547205302775216
scope_20260424_115654,sweep_5065,327,2976.63,0.5338511973278477,0.464505915295982
scope_20260424_115654,sweep_5066,327,2962.82,0.5326113630112116,0.5374636475369095
scope_20260424_115654,sweep_5067,327,2976.93,0.5338780987774874,0.5977280390157984
scope_20260424_115654,sweep_5068,327,2962.82,0.5326113630112116,0.5943308075190366
scope_20260424_115654,sweep_5069,327,2962.67,0.5325978804649119,0.6568982188155806
scope_20260424_115654,sweep_5070,327,2976.78,0.5338646482221131,0.8316758283207916
scope_20260424_115654,sweep_5071,327,2976.93,0.5338780987774874,0.5869101490582316
scope_20260424_115654,sweep_5072,327,2976.78,0.5338646482221131,0.6040051855151836
scope_20260424_115654,sweep_5073,327,2976.78,0.5338646482221131,0.554319222526343
scope_20260424_115654,sweep_5074,327,2962.82,0.5326113630112116,0.5485000002083114
scope_20260424_115654,sweep_5075,327,2962.67,0.5325978804649119,0.545985297153268
scope_20260424_115654,sweep_5076,327,2962.67,0.5325978804649119,0.5891569087744707
scope_20260424_115654,sweep_5077,327,2976.93,0.5338780987774874,0.520767873858713
scope_20260424_115654,sweep_5078,327,2962.82,0.5192752964683482,0.5007412452718066
scope_20260424_115654,sweep_5079,327,2976.78,0.5204972006458537,0.48208869007630006
scope_20260424_115654,sweep_5080,327,2976.63,0.5204840865487981,0.6163178154606307
scope_20260424_115654,sweep_5081,327,2962.67,0.5192621515117942,0.7235629477925289
scope_20260424_115654,sweep_5082,327,2962.52,0.5192490062224715,0.6038928841903639
scope_20260424_115654,sweep_5083,327,2976.78,0.5204972006458537,0.5277929788151456
scope_20260424_115654,sweep_5084,327,2962.96,0.5326239464131722,0.48026767186240954
scope_20260424_115654,sweep_5085,327,2976.49,0.5338386428540887,0.4503731481196415
scope_20260424_115654,sweep_5086,327,2962.52,0.5325843975772971,0.5269236791553573
scope_20260424_115654,sweep_5087,327,2962.96,0.5326239464131722,0.47798293176724993
scope_20260424_115654,sweep_5088,327,2976.78,0.5338646482221131,0.6037943235929297
scope_20260424_115654,sweep_5089,327,2962.82,0.5326113630112116,0.47799533903795965
scope_20260424_115654,sweep_5090,327,2962.96,0.5326239464131722,0.5221817333737894
scope_20260424_115654,sweep_5091,327,2962.96,0.5464683502768514,0.5062322192298098
scope_20260424_115654,sweep_5092,327,2962.67,0.5464416068008208,0.4186185816674686
scope_20260424_115654,sweep_5093,327,2976.78,0.5477413014373902,0.4991129027003914
scope_20260424_115654,sweep_5094,327,2963.11,0.546482182595737,0.5023186977717894
scope_20260424_115654,sweep_5095,327,2962.38,0.5607905859758516,0.6744676108470493
scope_20260424_115654,sweep_5096,327,2962.67,0.560818034394017,0.4846500082795386
scope_20260424_115654,sweep_5097,327,2976.93,0.562166086168138,0.4706441978228616
scope_20260424_115654,sweep_5098,327,2962.67,0.560818034394017,0.47592504098831967
scope_20260424_115654,sweep_5099,327,2962.67,0.560818034394017,0.4578307431301817
scope_20260424_115654,sweep_5100,327,2976.78,0.5621519229235905,0.5617723417935624
scope_20260424_115654,sweep_5101,327,2976.63,0.5621377593221955,0.429018754216572
scope_20260424_115654,sweep_5102,327,2976.93,0.562166086168138,0.5609748606002016
scope_20260424_115654,sweep_5103,327,2962.96,0.5608454814688256,0.5285642671728676
scope_20260424_115654,sweep_5104,327,2976.78,0.5621519229235905,0.6298420698970986
scope_20260424_115654,sweep_5105,327,2962.38,0.5607905859758516,0.46364946884451935
scope_20260424_115654,sweep_5106,327,2977.08,0.562180249055865,0.7694790015086936
scope_20260424_115654,sweep_5107,327,2976.63,0.5621377593221955,0.5018882998397
scope_20260424_115654,sweep_5108,327,2976.63,0.5621377593221955,0.5026611093661466
scope_20260424_115654,sweep_5109,327,2962.67,0.560818034394017,0.521881138004757
scope_20260424_115654,sweep_5110,327,2962.52,0.5608038371040777,0.5258918382021935
scope_20260424_115654,sweep_5111,327,2976.78,0.5621519229235905,0.45218360419030185
scope_20260424_115654,sweep_5112,327,2976.93,0.562166086168138,0.5169234201621874
scope_20260424_115654,sweep_5113,327,2976.63,0.5621377593221955,0.7757572785746014
scope_20260424_115654,sweep_5114,327,2963.11,0.5608596777046027,0.5246374548159604
scope_20260424_115654,sweep_5115,327,2976.93,0.562166086168138,0.48330211598034434
scope_20260424_115654,sweep_5116,327,2976.93,0.562166086168138,0.6473458917339202
scope_20260424_115654,sweep_5117,327,2976.63,0.5621377593221955,0.6723518765806203
scope_20260424_115654,sweep_5118,327,2976.78,0.5477413014373902,0.6220208760947024
scope_20260424_115654,sweep_5119,327,2976.78,0.5477413014373902,0.5916026141659543
scope_20260424_115654,sweep_5120,327,2962.67,0.5464416068008208,0.47563957602117857
scope_20260424_115654,sweep_5121,327,2976.63,0.5477275009163125,0.4997427505528269
scope_20260424_115654,sweep_5122,327,2976.63,0.5477275009163125,0.4567681028676237
scope_20260424_115654,sweep_5123,327,2962.96,0.5464683502768514,0.5873270004040492
scope_20260424_115654,sweep_5124,327,2976.49,0.5477146201162473,0.48002608577982525
scope_20260424_115654,sweep_5125,327,2977.08,0.5477689014364723,0.4433500871663229
scope_20260424_115654,sweep_5126,327,2962.82,0.5464554397966588,0.7636091115279512
scope_20260424_115654,sweep_5127,327,2976.93,0.547755101610768,0.485748082786845
scope_20260424_115654,sweep_5128,327,2976.78,0.5338646482221131,0.6747324076171451
scope_20260424_115654,sweep_5129,327,2976.78,0.5338646482221131,0.5107893479138186
scope_20260424_115654,sweep_5130,327,2976.63,0.5338511973278477,0.4493429912310426
scope_20260424_115654,sweep_5131,327,2976.93,0.5338780987774874,0.5855401920321394
scope_20260424_115654,sweep_5132,327,2962.82,0.5326113630112116,0.39388196180812635
scope_20260424_115654,sweep_5133,327,2962.67,0.5325978804649119,0.5770679379187497
scope_20260424_115654,sweep_5134,327,2962.96,0.5326239464131722,0.4728577387383691
scope_20260424_115654,sweep_5135,327,2976.63,0.5338511973278477,0.5058911733458973
scope_20260424_115654,sweep_5136,327,2977.08,0.5338915489939962,0.5723668693658297
scope_20260424_115654,sweep_5137,327,2976.93,0.5338780987774874,0.4897326735257975
scope_20260424_115654,sweep_5138,327,2962.96,0.5326239464131722,0.5284082535475461
scope_20260424_115654,sweep_5139,327,2962.67,0.5325978804649119,0.5529046545594304
scope_20260424_115654,sweep_5140,327,2963.26,0.5326509098449282,0.5226932336436154
scope_20260424_115654,sweep_5141,327,2976.93,0.5205103144125036,0.45828252003288644
scope_20260424_115654,sweep_5142,327,2962.82,0.5192752964683482,0.4569983028837475
scope_20260424_115654,sweep_5143,327,2962.82,0.5192752964683482,0.5418549744584803
scope_20260424_115654,sweep_5144,327,2976.78,0.5204972006458537,0.4602320812657882
scope_20260424_115654,sweep_5145,327,2962.82,0.5192752964683482,0.5616435839344917
scope_20260424_115654,sweep_5146,327,2976.63,0.5204840865487981,0.5108288006869321
scope_20260424_115654,sweep_5147,327,2976.78,0.5338646482221131,0.461535165059047
scope_20260424_115654,sweep_5148,327,2976.93,0.5338780987774874,0.4882169696517187
scope_20260424_115654,sweep_5149,327,2962.52,0.5325843975772971,0.5646510905366279
scope_20260424_115654,sweep_5150,327,2962.82,0.5326113630112116,0.468739078050324
scope_20260424_115654,sweep_5151,327,2976.93,0.5338780987774874,0.5394306160294655
scope_20260424_115654,sweep_5152,327,2962.67,0.5325978804649119,0.5423209161983611
scope_20260424_115654,sweep_5153,327,2962.52,0.5464277734547961,0.5657907702984808
scope_20260424_115654,sweep_5154,327,2976.93,0.547755101610768,0.5771697245243684
scope_20260424_115654,sweep_5155,327,2976.63,0.5477275009163125,0.5355433581555727
scope_20260424_115654,sweep_5156,327,2962.96,0.5464683502768514,0.463662452104564
scope_20260424_115654,sweep_5157,327,2976.49,0.5621245396389135,0.551416061081905
scope_20260424_115654,sweep_5158,327,2976.93,0.562166086168138,0.46264466876781024
scope_20260424_115654,sweep_5159,327,2976.49,0.5621245396389135,0.5061512172879103
scope_20260424_115654,sweep_5160,327,2962.52,0.5608038371040777,0.6134965863904851
scope_20260424_115654,sweep_5161,327,2976.93,0.562166086168138,0.5755627552949956
scope_20260424_115654,sweep_5162,327,2962.82,0.5608322313245565,0.4602850251939434
scope_20260424_115654,sweep_5163,327,2976.93,0.562166086168138,0.48827423301603995
scope_20260424_115654,sweep_5164,327,2976.93,0.5771372630490585,0.49975481131343025
scope_20260424_115654,sweep_5165,327,2976.78,0.5771227226198238,0.49170247885008467
scope_20260424_115654,sweep_5166,327,2962.82,0.5757678860043196,0.5084373144339304
scope_20260424_115654,sweep_5167,327,2976.93,0.5771372630490585,0.4663888889146891
scope_20260424_115654,sweep_5168,327,2962.96,0.5757814890162881,0.6724736724141502
scope_20260424_115654,sweep_5169,327,2977.08,0.5771518031119699,0.5121759507186784
scope_20260424_115654,sweep_5170,327,2976.93,0.562166086168138,0.6637737926810513
scope_20260424_115654,sweep_5171,327,2976.63,0.5621377593221955,0.6019969213384675
scope_20260424_115654,sweep_5172,327,2962.52,0.5608038371040777,0.4606613158144283
scope_20260424_115654,sweep_5173,327,2962.96,0.5608454814688256,0.645392831947903
scope_20260424_115654,sweep_5174,327,2976.63,0.5621377593221955,0.5346647527261255
scope_20260424_115654,sweep_5175,327,2962.52,0.5608038371040777,0.6374935412792588
scope_20260424_115654,sweep_5176,327,2962.67,0.560818034394017,0.48086514802427016
scope_20260424_115654,sweep_5177,327,2962.96,0.5608454814688256,0.529985703112822
scope_20260424_115654,sweep_5178,327,2962.82,0.5608322313245565,0.591137417357556
scope_20260424_115654,sweep_5179,327,2976.93,0.562166086168138,0.45096486750540576
scope_20260424_115654,sweep_5180,327,2962.82,0.5608322313245565,0.6263449506074663
scope_20260424_115654,sweep_5181,327,2976.93,0.562166086168138,0.482906591775939
scope_20260424_115654,sweep_5182,327,2962.52,0.5464277734547961,0.6973328529915874
scope_20260424_115654,sweep_5183,327,2976.63,0.5477275009163125,0.6018896114895417
scope_20260424_115654,sweep_5184,327,2976.78,0.5477413014373902,0.47481027259243186
scope_20260424_115654,sweep_5185,327,2962.96,0.5464683502768514,0.45876797166533284
scope_20260424_115654,sweep_5186,327,2962.67,0.5464416068008208,0.5086121746283846
scope_20260424_115654,sweep_5187,327,2963.11,0.546482182595737,0.4755756574648931
scope_20260424_115654,sweep_5188,327,2976.78,0.5477413014373902,0.6113106324326116
scope_20260424_115654,sweep_5189,327,2962.82,0.5464554397966588,0.5291787167085016
scope_20260424_115654,sweep_5190,327,2976.63,0.5477275009163125,0.4335658123191515
scope_20260424_115654,sweep_5191,327,2962.82,0.5464554397966588,0.4664879469979765
scope_20260424_115654,sweep_5192,327,2976.93,0.5338780987774874,0.4929374843598419
scope_20260424_115654,sweep_5193,327,2976.93,0.5338780987774874,0.4483964956847975
scope_20260424_115654,sweep_5194,327,2962.67,0.5325978804649119,0.4470364237966891
scope_20260424_115654,sweep_5205,329,2625.13,0.4887878884645886,0.5446027027822912
scope_20260424_115654,sweep_5206,329,2647.49,0.4908651423018535,0.5573756322095634
scope_20260424_115654,sweep_5207,329,2647.37,0.4908540177112867,0.4983152642613516
scope_20260424_115654,sweep_5208,330,2658.63,0.4918967793427709,0.6160940801190607
scope_20260424_115654,sweep_5209,331,2647.72,0.49088646372909556,0.44163001369598964
scope_20260424_115654,sweep_5210,331,2647.72,0.49088646372909556,0.5224557212454753
scope_20260424_115654,sweep_5211,331,2647.37,0.4908540177112867,0.4724912212193649
scope_20260424_115654,sweep_5212,331,2647.49,0.4908651423018535,0.6707070873715368
scope_20260424_115654,sweep_5213,331,2647.72,0.5034934461713677,0.4947511793644895
scope_20260424_115654,sweep_5214,331,2647.37,0.5034601668725315,0.7844341568083795
scope_20260424_115654,sweep_5215,331,2647.6,0.5034820363738558,0.9892487117692725
scope_20260424_115654,sweep_5216,332,2468.53,0.48615750962270887,0.43519426385742066
scope_20260424_115654,sweep_5217,332,2459.22,0.4852398780718254,0.628129069838219
scope_20260424_115654,sweep_5218,332,2459.02,0.48522014621602566,0.7558092497368087
scope_20260424_115654,sweep_5219,332,2459.42,0.49787287980659783,0.47432726634107775
scope_20260424_115654,sweep_5220,332,2459.32,0.4978627579498026,0.6301190863806971
scope_20260424_115654,sweep_5221,332,2459.12,0.49784251361883625,0.5593033979238343
scope_20260424_115654,sweep_5222,332,2459.42,0.49787287980659783,0.5236892748893609
scope_20260424_115654,sweep_5223,332,2459.12,0.5109403391884489,0.4034184417061031
scope_20260424_115654,sweep_5224,332,2459.32,0.5109611161310516,0.6671886004145491
scope_20260424_115654,sweep_5225,332,2459.22,0.5109507277653575,0.5271089560215113
scope_20260424_115654,sweep_5226,333,2246.27,0.4883276431924458,0.6007550733008634
scope_20260424_115654,sweep_5269,338,1521.14,0.3720742559087334,0.3058146497716655
scope_20260424_115654,sweep_5270,338,1521.07,0.3816211134027282,0.4207713785674377
scope_20260424_115654,sweep_5271,338,1521.18,0.3816349120982385,0.4210094197243393
scope_20260424_115654,sweep_5272,338,1521.18,0.3816349120982385,0.3176271538072828
scope_20260424_115654,sweep_5273,338,1521.3,0.3816499646516235,0.4396454581270246
scope_20260424_115654,sweep_5274,338,1521.3,0.3915701274245853,0.357666775634104
scope_20260424_115654,sweep_5275,338,1521.07,0.3915405262500729,0.3950627759194292
scope_20260424_115654,sweep_5276,338,1521.14,0.39154953554008454,0.3798726151556391
scope_20260424_115654,sweep_5277,338,1521.26,0.39156497955498204,0.26631739528315373
scope_20260424_115654,sweep_5278,338,1521.18,0.40185616411435937,0.3632460462555276
scope_20260424_115654,sweep_5279,339,1309.93,0.37291029676806947,0.28130743046451906
scope_20260424_115654,sweep_5280,339,1332.3,0.3760809584123144,0.27582930729539257
scope_20260424_115654,sweep_5281,339,1332.27,0.3760767241961971,0.26120392131767006
scope_20260424_115654,sweep_5282,339,1332.3,0.3760809584123144,0.3237114490708594
scope_20260424_115654,sweep_5283,339,1332.21,0.3760682556209414,0.3330178289708528
scope_20260424_115654,sweep_5284,339,1332.3,0.3760809584123144,0.3202409954728799
scope_20260424_115654,sweep_5285,339,1332.3,0.3760809584123144,0.33860983577367343
scope_20260424_115654,sweep_5286,339,1332.24,0.3760724899324067,0.2721792133930256
scope_20260424_115654,sweep_5287,339,1332.21,0.3760682556209414,0.2962900921828468
scope_20260424_115654,sweep_5288,339,1332.39,0.3760936607746429,0.30259919799012225
scope_20260424_115654,sweep_5289,339,1332.27,0.3760767241961971,0.30565942451083034
scope_20260424_115654,sweep_5290,340,1145.85,0.3487740910341781,0.3648089840659943
scope_20260424_115654,sweep_5291,340,1143.69,0.34844520531582074,0.2707073059697782
scope_20260424_115654,sweep_5292,340,1143.66,0.3484406352729287,0.22930996465530087
scope_20260424_115654,sweep_5293,340,1143.71,0.33951586971238895,0.216885110970921
scope_20260424_115654,sweep_5294,340,1143.71,0.33951586971238895,0.19739309197579044
scope_20260424_115654,sweep_5295,340,1143.69,0.33951290115083055,0.4222813891472062
scope_20260424_115654,sweep_5296,340,1145.76,0.3398200097168368,0.2765881353531533
scope_20260424_115654,sweep_5297,340,1143.69,0.33951290115083055,0.4321499996360457
scope_20260424_115654,sweep_5298,340,1143.66,0.33090723270825867,0.32955571399121364
scope_20260424_115654,sweep_5299,340,1143.55,0.330891318594407,0.29050518143007575
scope_20260424_115654,sweep_5300,341,932.85,0.2854313036220956,0.23244728982140314
scope_20260424_115654,sweep_5322,344,596.5,0.1872484458361232,0.16027805758443597
scope_20260424_115654,sweep_5323,344,603.45,0.18905746135936477,0.22524990241851323
scope_20260424_115654,sweep_5324,344,609.92,0.19073835633305725,0.1780658664042458
scope_20260424_115654,sweep_5325,344,614.81,0.19200675848342635,0.19427905515765653
scope_20260424_115654,sweep_5326,344,620.28,0.198332042512942,0.2196434042498628
scope_20260424_115654,sweep_5327,344,622.83,0.19900854879836566,0.22681373512330594
scope_20260424_115654,sweep_5328,344,627.81,0.20032837059897382,0.22299225102751868
scope_20260424_115654,sweep_5329,344,632.91,0.20167815207166728,0.19573949972750396
scope_20260424_115654,sweep_5330,344,636.81,0.20270909021862307,0.22139405476135135
scope_20260424_115654,sweep_5331,344,641.4,0.2091581669300215,0.19512628986725553
scope_20260424_115654,sweep_5332,345,459.51,0.15858518623085016,0.1950609194019516
scope_20260424_115654,sweep_5333,345,465.33,0.16025052739614756,0.1938952262636888
scope_20260424_115654,sweep_5334,345,470.98,0.16186384032821574,0.17060881452848914
scope_20260424_115654,sweep_5335,345,479.33,0.16851122939767943,0.17728596654361126
scope_20260424_115654,sweep_5336,345,486.78,0.17068221989312551,0.1964099475291546
scope_20260424_115654,sweep_5337,345,494.17,0.17283015224205536,0.12005833680422798
scope_20260424_115654,sweep_5338,345,500.54,0.17467723745653013,0.18162154481566886
scope_20260424_115654,sweep_5339,345,504.57,0.1758437362073361,0.13654089593190566
scope_20260424_115654,sweep_5340,345,510.36,0.18218723002234283,0.21723068652488842
scope_20260424_115654,sweep_5341,345,515.88,0.1838212625495938,0.13226889383846646
scope_20260424_115654,sweep_5342,346,364.47,0.13777157206655632,0.17297406374396182
scope_20260424_115654,sweep_5343,346,364.9,0.1379064686159974,0.10935330949858241
scope_20260424_115654,sweep_5344,346,364.89,0.1379033317939754,0.11240757480676818
scope_20260424_115654,sweep_5345,346,363.82,0.1375676073004071,0.1290246033098844
scope_20260424_115654,sweep_5346,346,364.25,0.1377025447663462,0.11719814925174732
scope_20260424_115654,sweep_5347,346,364.69,0.13784059228390982,0.11379326397386305
scope_20260424_115654,sweep_5348,346,367.92,0.1388531223816711,0.11241640411963873
scope_20260424_115654,sweep_5349,346,376.15,0.13780082088447718,0.12798571180998797
scope_20260424_115654,sweep_5350,346,384.52,0.1403410865807901,0.14159128594368114
scope_20260424_115654,sweep_5351,346,391.78,0.14253686322678719,0.1684800838969703
scope_20260424_115654,sweep_5352,346,397.8,0.14435235922484926,0.12736832741723528
scope_20260424_115654,sweep_5353,346,364.48,0.13084193760305676,0.11329723115749447
scope_20260424_115654,sweep_5354,346,364.25,0.13077340416919203,0.10737679226562995
scope_20260424_115654,sweep_5355,346,364.25,0.13077340416919203,0.07991096327888904
scope_20260424_115654,sweep_5356,346,364.24,0.13077042428782615,0.10892728487899658
scope_20260424_115654,sweep_5357,346,364.48,0.12756578371740485,0.11677951787606282
scope_20260424_115654,sweep_5358,346,361.5,0.12669950521865406,0.11351797233843684
scope_20260424_115654,sweep_5359,346,362.77,0.12706883888816173,0.11072755255905223
scope_20260424_115654,sweep_5360,346,363.62,0.1273159079066609,0.12922848884805077
scope_20260424_115654,sweep_5361,346,363.83,0.12422451511168234,0.12618151841625225
scope_20260424_115654,sweep_5362,346,363.63,0.12416783415286521,0.1293101376200702
scope_20260424_115654,sweep_5363,346,364.25,0.12434352788882237,0.11746434415896216
scope_20260424_115654,sweep_5364,346,364.46,0.12135970896364562,0.1372636068534883
scope_20260424_115654,sweep_5365,346,364.25,0.1213016668369199,0.11868354191016688
scope_20260424_115654,sweep_5366,346,364.25,0.1213016668369199,0.10276724295182223
scope_20260424_115654,sweep_5367,346,364.27,0.12130719490355527,0.11921305447657872
scope_20260424_115654,sweep_5368,346,364.28,0.12130995891752377,0.11278634503729537
scope_20260424_115654,sweep_5369,346,363.83,0.12118556551273288,0.1279342929143162
scope_20260424_115654,sweep_5370,346,364.68,0.12142050890357631,0.12161657709417543
scope_20260424_115654,sweep_5371,346,364.68,0.12142050890357631,0.1389855045547557
scope_20260424_115654,sweep_5372,346,364.05,0.12124638333198665,0.12057298177982508
scope_20260424_115654,sweep_5373,346,364.7,0.12142603586160013,0.10507792466133893
scope_20260424_115654,sweep_5374,346,364.27,0.12130719490355527,0.12756824249317725
scope_20260424_115654,sweep_5375,346,364.46,0.12135970896364562,0.11861851091568884
scope_20260424_115654,sweep_5376,346,364.24,0.12129890278425219,0.12537226802291854
scope_20260424_115654,sweep_5377,346,364.04,0.12124361902122895,0.1806225850159598
scope_20260424_115654,sweep_5378,346,364.46,0.12135970896364562,0.11066034962999316
scope_20260424_115654,sweep_5379,346,364.03,0.12124085469756238,0.12458141016576514
scope_20260424_115654,sweep_5380,346,363.83,0.12118556551273288,0.12295762324457903
scope_20260424_115654,sweep_5381,346,364.46,0.12135970896364562,0.13002572365749182
scope_20260424_115654,sweep_5382,346,363.85,0.12423018291619475,0.1184350058325252
scope_20260424_115654,sweep_5383,346,363.39,0.12409981000597059,0.13711240472623273
scope_20260424_115654,sweep_5384,346,364.25,0.12434352788882237,0.11429563098737097
scope_20260424_115654,sweep_5385,346,364.47,0.12440585860350402,0.12457685821756995
scope_20260424_115654,sweep_5386,346,364.05,0.12428685804893715,0.10959208256297641
scope_20260424_115654,sweep_5387,346,364.47,0.12756287876109973,0.1325565336015166
scope_20260424_115654,sweep_5388,346,364.47,0.12756287876109973,0.11482477454242902
scope_20260424_115654,sweep_5389,346,364.04,0.1274379528162562,0.1278904579987177
scope_20260424_115654,sweep_5390,346,362.99,0.12713279559409588,0.12169760271255191
scope_20260424_115654,sweep_5391,346,363.82,0.13064525670611674,0.10480242358077368
scope_20260424_115654,sweep_5392,346,363.63,0.13058862520777423,0.12478277608264735
scope_20260424_115654,sweep_5393,346,363.62,0.13058564446327328,0.1333849874186609
scope_20260424_115654,sweep_5394,346,364.06,0.13071678404455783,0.12044865978834933
scope_20260424_115654,sweep_5395,347,233.01,0.09260256246162711,0.13228002673369746
scope_20260424_115654,sweep_5396,347,233.01,0.09260256246162711,0.1008115359998633
scope_20260424_115654,sweep_5397,347,233.01,0.09260256246162711,0.08593458397999912
scope_20260424_115654,sweep_5398,347,233.01,0.09260256246162711,0.12411193426433131
scope_20260424_115654,sweep_5399,347,233.01,0.09260256246162711,0.13217124337087624
scope_20260424_115654,sweep_5400,347,233.01,0.09260256246162711,0.12935657347482726
scope_20260424_115654,sweep_5401,347,233.01,0.09503885943756232,0.1061036643391883
scope_20260424_115654,sweep_5402,347,233.01,0.09503885943756232,0.09502123297995925
scope_20260424_115654,sweep_5403,347,233.01,0.09503885943756232,0.08189307749737522
scope_20260424_115654,sweep_5404,347,233.01,0.09503885943756232,0.09778438349408662
scope_20260424_115654,sweep_5405,347,233.01,0.09503885943756232,0.08340851655364276
scope_20260424_115654,sweep_5406,347,233.01,0.09260256246162711,0.0883411143563094
scope_20260424_115654,sweep_5407,347,233.01,0.09260256246162711,0.10664287043154995
scope_20260424_115654,sweep_5408,347,233.01,0.09260256246162711,0.08320398169881142
scope_20260424_115654,sweep_5409,347,233.01,0.09260256246162711,0.08854345065437806
scope_20260424_115654,sweep_5410,347,233.01,0.09260256246162711,0.09955049651435406
scope_20260424_115654,sweep_5411,347,233.01,0.09260256246162711,0.1012430310870898
scope_20260424_115654,sweep_5412,347,233.01,0.09025653954395797,0.1314849728128487
scope_20260424_115654,sweep_5413,347,233.01,0.09025653954395797,0.10377944633317739
scope_20260424_115654,sweep_5414,347,233.01,0.09025653954395797,0.09767821936205616
scope_20260424_115654,sweep_5415,347,233.01,0.09025653954395797,0.07197099698694501
scope_20260424_115654,sweep_5416,347,233.01,0.08799660424989729,0.08950199767832878
scope_20260424_115654,sweep_5417,347,233.01,0.08799660424989729,0.1064650776002304
scope_20260424_115654,sweep_5418,347,233.01,0.08799660424989729,0.10650481069058156
scope_20260424_115654,sweep_5419,347,233.01,0.08581879942050663,0.10946492781243122
scope_20260424_115654,sweep_5420,347,233.01,0.08581879942050663,0.09616778725451898
scope_20260424_115654,sweep_5421,347,233.01,0.08581879942050663,0.10367549835711556
scope_20260424_115654,sweep_5422,347,233.01,0.08371938284522916,0.12821098449359558
scope_20260424_115654,sweep_5423,347,233.01,0.08371938284522916,0.10093391581456183
scope_20260424_115654,sweep_5424,347,233.01,0.08371938284522916,0.08841030599996849
scope_20260424_115654,sweep_5425,347,233.01,0.08169481393350746,0.13225685065144113
scope_20260424_115654,sweep_5426,347,233.01,0.08169481393350746,0.07436366938783696
scope_20260424_115654,sweep_5427,347,233.01,0.08169481393350746,0.11847777365730697
scope_20260424_115654,sweep_5428,347,233.01,0.08169481393350746,0.11595959751172236
scope_20260424_115654,sweep_5429,347,233.01,0.07974174130886448,0.10665355809219863
scope_20260424_115654,sweep_5430,347,233.01,0.07974174130886448,0.1156096862133538
scope_20260424_115654,sweep_5431,347,233.01,0.07974174130886448,0.1213493853854231
scope_20260424_115654,sweep_5432,347,233.01,0.07785699125530257,0.08165278501237767
scope_20260424_115654,sweep_5433,347,233.01,0.07785699125530257,0.10077151011054361
scope_20260424_115654,sweep_5434,347,233.01,0.07785699125530257,0.07292642203198947
scope_20260424_115654,sweep_5435,347,233.01,0.07603755695167179,0.10216222809193781
scope_20260424_115654,sweep_5436,347,233.01,0.07603755695167179,0.09121515520574777
scope_20260424_115654,sweep_5437,347,233.01,0.07603755695167179,0.1089325884268531
scope_20260424_115654,sweep_5438,347,233.01,0.07603755695167179,0.11392796579312393
scope_20260424_115654,sweep_5439,347,233.01,0.07603755695167179,0.08832808681229949
scope_20260424_115654,sweep_5440,347,233.01,0.07428058843492907,0.0910131418789256
scope_20260424_115654,sweep_5441,347,233.01,0.07428058843492907,0.11186084237911248
scope_20260424_115654,sweep_5442,347,233.01,0.07428058843492907,0.10211879786834716
scope_20260424_115654,sweep_5443,347,233.01,0.07428058843492907,0.11816061162167858
scope_20260424_115654,sweep_5444,347,233.01,0.07428058843492907,0.11399953552599466
scope_20260424_115654,sweep_5445,347,233.01,0.07428058843492907,0.09140706292461281
scope_20260424_115654,sweep_5446,347,233.01,0.07428058843492907,0.10908737252662222
scope_20260424_115654,sweep_5447,347,233.01,0.07428058843492907,0.10226918726055817
scope_20260424_115654,sweep_5448,348,365.53,0.1079395399483473,0.13098422575979665
scope_20260424_115654,sweep_5449,348,365.98,0.1080498214614536,0.1569085706093838
scope_20260424_115654,sweep_5450,348,365.54,0.10794199089929053,0.12418500851348688
scope_20260424_115654,sweep_5451,348,365.75,0.10799345823660711,0.11121009504281273
scope_20260424_115654,sweep_5452,348,365.97,0.10804737101169945,0.1141208113866952
scope_20260424_115654,sweep_5453,348,365.76,0.10799590893686764,0.13183766518233117
scope_20260424_115654,sweep_5454,348,365.53,0.1079395399483473,0.125569799179914
scope_20260424_115654,sweep_5455,348,365.11,0.1103872627343448,0.12987351393624086
scope_20260424_115654,sweep_5456,348,365.96,0.11060052125057036,0.12912557268319233
scope_20260424_115654,sweep_5457,348,365.77,0.11055285901407387,0.10981905043701747
scope_20260424_115654,sweep_5458,348,365.75,0.11054784169174228,0.14291215514851188
scope_20260424_115654,sweep_5459,348,365.96,0.11060052125057036,0.0920552701283315
scope_20260424_115654,sweep_5460,348,365.76,0.11319561025114792,0.11763993379999242
scope_20260424_115654,sweep_5461,348,364.89,0.11297208911281545,0.12011532768643947
scope_20260424_115654,sweep_5462,348,365.75,0.1131930415565162,0.1239621135771745
scope_20260424_115654,sweep_5463,348,365.54,0.11587795002721761,0.1270640042868818
scope_20260424_115654,sweep_5464,348,365.96,0.11598844712743814,0.12180241559135323
scope_20260424_115654,sweep_5465,348,365.96,0.11598844712743814,0.12056821475115086
scope_20260424_115654,sweep_5466,348,365.76,0.11593583215086452,0.15091286450535912
scope_20260424_115654,sweep_5467,348,365.53,0.11871339225958634,0.16839614576945885
scope_20260424_115654,sweep_5468,348,365.74,0.11876999700899972,0.11872479590271062
scope_20260424_115654,sweep_5469,348,366.16,0.11888318993671984,0.13675434399568742
scope_20260424_115654,sweep_5470,348,364.9,0.12148130260844806,0.16518491313969144
scope_20260424_115654,sweep_5471,348,365.11,0.12153932715075641,0.11086568064333667
scope_20260424_115654,sweep_5472,348,365.12,0.12154209008265879,0.14874844443949795
scope_20260424_115654,sweep_5473,348,364.69,0.1214232723890292,0.13245658231865357
scope_20260424_115654,sweep_5474,348,364.9,0.12148130260844806,0.11599852327578222
scope_20260424_115654,sweep_5475,348,365.1,0.12153656420598943,0.11983093513162608
scope_20260424_115654,sweep_5476,348,365.11,0.12153932715075641,0.11730298405289648
scope_20260424_115654,sweep_5477,348,365.11,0.12458714796950376,0.12224997270282349
scope_20260424_115654,sweep_5478,348,365.33,0.12464945370836597,0.13281677747656778
scope_20260424_115654,sweep_5479,348,365.33,0.12160010868161542,0.13628362018967577
scope_20260424_115654,sweep_5480,348,365.53,0.12165535921931772,0.10915819420404269
scope_20260424_115654,sweep_5481,348,364.67,0.12141774540524108,0.12748530568248428
scope_20260424_115654,sweep_5482,348,365.76,0.12171889098488348,0.13051692253090083
scope_20260424_115654,sweep_5483,348,365.12,0.12154209008265879,0.12644304397436196
scope_20260424_115654,sweep_5484,348,365.76,0.12171889098488348,0.12759689134644647
scope_20260424_115654,sweep_5485,348,364.89,0.12147853939342915,0.10296230560629684
scope_20260424_115654,sweep_5486,348,365.33,0.12160010868161542,0.17378254591766532
scope_20260424_115654,sweep_5487,348,365.1,0.11859747004205132,0.17140200868744726
scope_20260424_115654,sweep_5488,348,365.1,0.11859747004205132,0.11770142168340156
scope_20260424_115654,sweep_5489,348,364.9,0.1185435448245523,0.21052014560902052
scope_20260424_115654,sweep_5490,348,365.75,0.11877269233541783,0.11725753395479657
scope_20260424_115654,sweep_5491,348,364.69,0.11565425886645223,0.11957075834801896
scope_20260424_115654,sweep_5492,348,365.75,0.11593320127366875,0.18689188437574078
scope_20260424_115654,sweep_5493,348,365.32,0.11582006198109351,0.1735483792162245
scope_20260424_115654,sweep_5494,348,364.9,0.11570953197750167,0.09709150084285481
scope_20260424_115654,sweep_5495,348,365.34,0.11308771479251047,0.1196629255009008
scope_20260424_115654,sweep_5496,348,364.89,0.11297208911281545,0.11325696309287321
scope_20260424_115654,sweep_5497,348,364.47,0.11286414993923763,0.11672216255883308
scope_20260424_115654,sweep_5498,348,364.68,0.11291812216767724,0.13148670778482
scope_20260424_115654,sweep_5499,348,365.54,0.11049515699073473,0.12877192597242518
scope_20260424_115654,sweep_5500,349,519.73,0.14797993507780544,0.24683443431749566
scope_20260424_115654,sweep_5501,349,508.31,0.1452760598927908,0.16407521371316205
scope_20260424_115654,sweep_5502,349,513.76,0.14656771231992574,0.18878467685718278
scope_20260424_115654,sweep_5503,349,519.76,0.14798702468645847,0.19504817150687756
scope_20260424_115654,sweep_5504,349,522.81,0.14870743933704506,0.2099172087361299
scope_20260424_115654,sweep_5505,349,528.14,0.14996468194768303,0.20008534981477138
scope_20260424_115654,sweep_5506,349,531.74,0.15081263047462823,0.25454993425333766
scope_20260424_115654,sweep_5507,349,536.32,0.14838034093999788,0.2028619023439366
scope_20260424_115654,sweep_5508,349,541.01,0.14945651239864421,0.1893310700994074
scope_20260424_115654,sweep_5509,349,544.36,0.15377750862406206,0.16396483485896352
scope_20260424_115654,sweep_5510,349,547.19,0.15444076216343297,0.29134971241591767
scope_20260424_115654,sweep_5511,350,762.5,0.2034072104653024,0.19551280954402692
scope_20260424_115654,sweep_5512,351,737.16,0.19778052801525503,0.23377064890722069
scope_20260424_115654,sweep_5513,351,734.54,0.1971969048530582,0.26611146314145434
scope_20260424_115654,sweep_5514,351,731.95,0.19661961646397116,0.29666918229994255
scope_20260424_115654,sweep_5515,351,731.07,0.19642339315533783,0.36659477219012016
scope_20260424_115654,sweep_5516,351,729.37,0.200735177225139,0.20771349601522343
scope_20260424_115654,sweep_5517,351,727.63,0.20033762785604886,0.3326077959780331
scope_20260424_115654,sweep_5518,351,725.94,0.19995134757745991,0.23910548736798293
scope_20260424_115654,sweep_5519,351,724.2,0.19955347912554153,0.20833775078981773
scope_20260424_115654,sweep_5520,351,723.47,0.20421322682915824,0.19674294149212515
scope_20260424_115654,sweep_5521,351,720.89,0.20360859229729894,0.2903190671723545
scope_20260424_115654,sweep_5522,352,905.63,0.24605601994092086,0.3731819526473522
scope_20260424_115654,sweep_5523,352,900.36,0.2448670054383703,0.23921240315266543
scope_20260424_115654,sweep_5524,352,893.88,0.24936491891230145,0.31316521845689727
scope_20260424_115654,sweep_5525,352,887.51,0.24788908535981374,0.23439343397386528
scope_20260424_115654,sweep_5526,352,881.28,0.2464439449221562,0.29466861874055705
scope_20260424_115654,sweep_5527,352,877.51,0.25165429978664794,0.2609764561507095
scope_20260424_115654,sweep_5528,352,872.66,0.25049931428056527,0.23653097517686236
scope_20260424_115654,sweep_5529,352,868.89,0.24960076762572572,0.24357705783939343
scope_20260424_115654,sweep_5530,352,864.11,0.24846054258184233,0.3122716047186307
scope_20260424_115654,sweep_5531,352,861.6,0.24786137604753847,0.328300781884717
scope_20260424_115654,sweep_5532,353,1042.05,0.3003349187680791,0.23834186066987936
scope_20260424_115654,sweep_5533,353,1038.58,0.2998344479609921,0.4512949483681757
scope_20260424_115654,sweep_5534,353,1030.06,0.29860206805458195,0.2640291209103814
scope_20260424_115654,sweep_5535,353,1023.24,0.29761190818199446,0.24639714303599988
scope_20260424_115654,sweep_5536,353,1014.94,0.29640241262637,0.294165203672006
scope_20260424_115654,sweep_5537,353,1010.12,0.29569776020247,0.254229623894019
scope_20260424_115654,sweep_5538,353,1003.48,0.2947242766450729,0.2624429856385512
scope_20260424_115654,sweep_5539,353,998.62,0.2871863311196981,0.23621609143108144
scope_20260424_115654,sweep_5540,353,993.85,0.2860472973539042,0.28527943315709936
scope_20260424_115654,sweep_5541,353,989.07,0.2849049430060747,0.27048323063168933
scope_20260424_115654,sweep_5542,353,982.93,0.2765023861386756,0.316082564894553
scope_20260424_115654,sweep_5564,358,1521.14,0.3292011360613757,0.3933116859221163
scope_20260424_115654,sweep_5565,358,1524.82,0.3295991034946729,0.44549535060920314
scope_20260424_115654,sweep_5566,358,1524.78,0.3295947803448574,0.30861492216783487
scope_20260424_115654,sweep_5567,358,1524.89,0.32960666887040896,0.4099416236291821
scope_20260424_115654,sweep_5568,358,1524.97,0.3296153148014849,0.4015074047010539
scope_20260424_115654,sweep_5569,358,1524.86,0.329603426587785,0.39461268820140627
scope_20260424_115654,sweep_5570,358,1521.26,0.3292141208481986,0.2922935515469769
scope_20260424_115654,sweep_5571,358,1521.11,0.32919788978464365,0.3385202122794668
scope_20260424_115654,sweep_5572,358,1521.3,0.3292184489966648,0.44436405599828344
scope_20260424_115654,sweep_5573,358,1521.41,0.3292303511115616,0.501094297545633
scope_20260424_115654,sweep_5574,358,1524.86,0.329603426587785,0.37329227100906637
scope_20260424_115654,sweep_5575,359,1709.26,0.34896413680659133,0.5062650071556214
scope_20260424_115654,sweep_5576,359,1709.35,0.3489733239281812,0.4662402551902974
scope_20260424_115654,sweep_5577,359,1709.45,0.35743167114242974,0.5451298257656568
scope_20260424_115654,sweep_5578,359,1713.89,0.3578955535223811,0.4626940861894704
scope_20260424_115654,sweep_5579,359,1714.09,0.35791643497411374,0.3430709755421996
scope_20260424_115654,sweep_5580,359,1713.84,0.357890332969081,0.5974207515792762
scope_20260424_115654,sweep_5581,359,1713.99,0.35790599440053433,0.35637294561446253
scope_20260424_115654,sweep_5582,359,1714.04,0.3666773462903587,0.4790147709885846
scope_20260424_115654,sweep_5583,359,1709.35,0.36617534670181234,0.3840509156569529
scope_20260424_115654,sweep_5584,359,1713.94,0.366666649845276,0.36644834055854764
scope_20260424_115654,sweep_5585,360,1920.25,0.39772603473354906,0.60848332044239
scope_20260424_115654,sweep_5586,360,1902.65,0.39589916540187736,0.4085582832708445
scope_20260424_115654,sweep_5587,360,1902.77,0.3959116498711155,0.31626460496897313
scope_20260424_115654,sweep_5588,360,1902.59,0.3958929230196218,0.4089264438052538
scope_20260424_115654,sweep_5589,360,1902.71,0.4058334595524286,0.4881491615321422
scope_20260424_115654,sweep_5590,360,1902.53,0.4058142627882163,0.44632742724095104
scope_20260424_115654,sweep_5591,360,1896.81,0.40520375863338376,0.24927246753722646
scope_20260424_115654,sweep_5592,360,1896.93,0.4052165758586237,0.39419845278019183
scope_20260424_115654,sweep_5593,360,1902.77,0.40583985827204777,0.42260993099106553
scope_20260424_115654,sweep_5594,360,1902.77,0.40583985827204777,0.4020630314237871
scope_20260424_115654,sweep_5595,360,1902.65,0.4058270607319202,0.4327846180427429
scope_20260424_115654,sweep_5617,363,2459.32,0.43921900532705116,0.4060743796616836
scope_20260424_115654,sweep_5618,363,2459.02,0.43919221545826603,0.5081441558202017
scope_20260424_115654,sweep_5619,363,2459.42,0.43922793492020246,0.43525199850905083
scope_20260424_115654,sweep_5620,363,2459.32,0.43921900532705116,0.4365306708929717
scope_20260424_115654,sweep_5621,363,2459.22,0.439210075552352,0.44032452149843254
scope_20260424_115654,sweep_5622,363,2459.22,0.439210075552352,0.45173562542503043
scope_20260424_115654,sweep_5623,363,2459.22,0.439210075552352,0.570798958758729
scope_20260424_115654,sweep_5624,363,2459.32,0.43921900532705116,0.49717136319387967
scope_20260424_115654,sweep_5625,363,2459.12,0.4392011455960941,0.5149052820535464
scope_20260424_115654,sweep_5626,363,2459.12,0.4392011455960941,0.46787440406712044
scope_20260424_115654,sweep_5627,363,2459.12,0.4392011455960941,0.550245992757538
scope_20260424_115654,sweep_5628,364,2658.75,0.4566803810245308,0.44618772198567597
scope_20260424_115654,sweep_5629,364,2658.75,0.4457625527384355,0.38985010755581795
scope_20260424_115654,sweep_5630,364,2658.75,0.4457625527384355,0.5215986501670129
scope_20260424_115654,sweep_5631,365,2647.6,0.44482687349907335,0.5217008261154149
scope_20260424_115654,sweep_5632,366,2658.87,0.4457726121465729,0.5283462640521782
scope_20260424_115654,sweep_5633,366,2658.63,0.44575249310328485,0.5437131842400478
scope_20260424_115654,sweep_5634,367,2647.6,0.44482687349907335,0.34360035773433706
scope_20260424_115654,sweep_5635,367,2647.6,0.44482687349907335,0.5166833204559629
scope_20260424_115654,sweep_5636,367,2647.49,0.4448176327783585,0.4898453511442541
scope_20260424_115654,sweep_5637,367,2647.37,0.4448075517731799,0.6650361295397412
scope_20260424_115654,sweep_5638,368,2841.04,0.4607904870198922,0.42581633541163777
scope_20260424_115654,sweep_5639,368,2840.77,0.4607685907446614,0.5054017743201081
scope_20260424_115654,sweep_5640,368,2840.91,0.4607799444987408,0.45785910954531867
scope_20260424_115654,sweep_5641,368,2840.91,0.4607799444987408,0.4513466343836744
scope_20260424_115654,sweep_5642,368,2840.77,0.4607685907446614,0.3760282646714309
scope_20260424_115654,sweep_5643,368,2828.19,0.45974723027600756,0.49993047625481124
scope_20260424_115654,sweep_5644,368,2840.77,0.4607685907446614,0.4058633333840581
scope_20260424_115654,sweep_5645,368,2840.91,0.4607799444987408,0.4094065488391504
scope_20260424_115654,sweep_5646,368,2840.77,0.4607685907446614,0.4700312738359092
scope_20260424_115654,sweep_5647,368,2840.91,0.4607799444987408,0.4650342021099003
scope_20260424_115654,sweep_5648,368,2841.04,0.4607904870198922,0.6897814733876143
scope_20260424_115654,sweep_5649,369,2976.93,0.47168182447819884,0.5381811107214274
scope_20260424_115654,sweep_5650,369,2976.78,0.47166994089931874,0.5515178653708055
scope_20260424_115654,sweep_5651,369,2976.49,0.4716469651311348,0.6174273707133728
scope_20260424_115654,sweep_5652,369,2962.67,0.4705507503420079,0.4853078926395792
scope_20260424_115654,sweep_5653,369,2976.93,0.47168182447819884,0.6029213258611885
scope_20260424_115654,sweep_5654,369,2976.93,0.47168182447819884,0.5025059949133251
scope_20260424_115654,sweep_5655,369,2976.78,0.47166994089931874,0.5462538520790325
scope_20260424_115654,sweep_5656,369,2976.78,0.47166994089931874,0.485846367395898
scope_20260424_115654,sweep_5657,369,2976.78,0.47166994089931874,0.43188657287715965
scope_20260424_115654,sweep_5658,369,2976.78,0.47166994089931874,0.5144662000096496
scope_20260424_115654,sweep_5659,369,2976.93,0.47168182447819884,0.4410119835268191
scope_20260424_115654,sweep_5660,369,2962.96,0.47057377963288977,0.5592627651987915
scope_20260424_115654,sweep_5661,369,2976.78,0.47166994089931874,0.5188953410725955
scope_20260424_115654,sweep_5662,369,2976.78,0.47166994089931874,0.47361939053268653
scope_20260424_115654,sweep_5663,369,2962.96,0.47057377963288977,0.517233859315635
scope_20260424_115654,sweep_5664,369,2962.82,0.47056266218490206,0.4886024219306419
scope_20260424_115654,sweep_5665,369,2976.78,0.47166994089931874,0.48470515743036796
scope_20260424_115654,sweep_5666,369,2976.93,0.47168182447819884,0.48441364130641584
scope_20260424_115654,sweep_5667,369,2976.49,0.4716469651311348,0.6642619306256705
scope_20260424_115654,sweep_5668,369,2976.63,0.4832101303046053,0.4435774417726604
scope_20260424_115654,sweep_5669,369,2976.63,0.4832101303046053,0.5394990379611927
scope_20260424_115654,sweep_5670,369,2976.78,0.48322230524849086,0.5091591478059186
scope_20260424_115654,sweep_5671,369,2962.82,0.482087906537577,0.6180013374287454
scope_20260424_115654,sweep_5672,369,2976.63,0.4832101303046053,0.4746962297237037
scope_20260424_115654,sweep_5673,369,2962.82,0.482087906537577,0.5604129269646188
scope_20260424_115654,sweep_5674,369,2962.82,0.482087906537577,0.48976032349915155
scope_20260424_115654,sweep_5675,369,2976.78,0.48322230524849086,0.5506852899381747
scope_20260424_115654,sweep_5676,369,2977.08,0.4832466542160533,0.5174024159884596
scope_20260424_115654,sweep_5677,369,2962.67,0.4820757029441657,0.5382997072821267
scope_20260424_115654,sweep_5678,369,2962.82,0.482087906537577,0.4407110509138712
scope_20260424_115654,sweep_5679,369,2976.49,0.48319876674687356,0.4790750066309772
scope_20260424_115654,sweep_5680,369,2962.67,0.4820757029441657,0.5043116261701833
scope_20260424_115654,sweep_5681,369,2977.08,0.4832466542160533,0.47234988711704184
scope_20260424_115654,sweep_5682,369,2962.52,0.4820634990418165,0.5228585160769301
scope_20260424_115654,sweep_5683,369,2976.63,0.4832101303046053,0.5019565312314844
scope_20260424_115654,sweep_5684,369,2976.78,0.47166994089931874,0.52853632815947
scope_20260424_115654,sweep_5685,369,2963.11,0.47058569089284796,0.6595042539761973
scope_20260424_115654,sweep_5686,369,2962.67,0.4705507503420079,0.5360541940211426
scope_20260424_115654,sweep_5687,369,2976.63,0.4716580570210279,0.6366350256293482
scope_20260424_115654,sweep_5688,369,2976.49,0.4716469651311348,0.43925080992190196
scope_20260424_115654,sweep_5689,369,2976.93,0.47168182447819884,0.45926030640765547
scope_20260424_115654,sweep_5690,369,2962.82,0.47056266218490206,0.5384440818794329
scope_20260424_115654,sweep_5691,369,2976.34,0.4716350806739193,0.6542952861975764
scope_20260424_115654,sweep_5692,369,2963.11,0.47058569089284796,0.5178194896157139
scope_20260424_115654,sweep_5693,369,2962.67,0.4705507503420079,0.5761123499618738
scope_20260424_115654,sweep_5694,369,2962.96,0.47057377963288977,0.453546871064414
scope_20260424_115654,sweep_5695,369,2976.49,0.4716469651311348,0.5080917470243703
scope_20260424_115654,sweep_5696,369,2976.78,0.47166994089931874,0.5982808895576395
scope_20260424_115654,sweep_5697,369,2977.08,0.4716937077576909,0.5779646176727262
scope_20260424_115654,sweep_5698,369,2962.52,0.4705388381975616,0.5088086958610525
scope_20260424_115654,sweep_5699,369,2976.78,0.47166994089931874,0.4980556901419457
scope_20260424_115654,sweep_5700,369,2976.63,0.4716580570210279,0.49948832350932726
scope_20260424_115654,sweep_5701,369,2962.67,0.4705507503420079,0.5634880128182486
scope_20260424_115654,sweep_5702,369,2962.52,0.4705388381975616,0.6846393553893959
scope_20260424_115654,sweep_5703,369,2962.82,0.47056266218490206,0.550917131744451
scope_20260424_115654,sweep_5704,369,2962.82,0.47056266218490206,0.9280025480575669
scope_20260424_115654,sweep_5705,369,2962.82,0.47056266218490206,0.5053970082268419
scope_20260424_115654,sweep_5706,369,2962.52,0.4705388381975616,0.5896315959214932
scope_20260424_115654,sweep_5707,369,2963.26,0.4705976018513212,0.5566642916693317
scope_20260424_115654,sweep_5708,369,2976.78,0.47166994089931874,0.5239987544941469
scope_20260424_115654,sweep_5709,369,2962.52,0.4705388381975616,0.41556297263996117
scope_20260424_115654,sweep_5710,369,2962.67,0.4705507503420079,0.5007360547665642
scope_20260424_115654,sweep_5711,369,2962.82,0.47056266218490206,0.5202498480905094
scope_20260424_115654,sweep_5712,369,2962.52,0.4705388381975616,0.6995119617432202
scope_20260424_115654,sweep_5713,369,2962.67,0.4705507503420079,0.5228760168138785
scope_20260424_115654,sweep_5714,369,2976.93,0.47168182447819884,0.5835950606233327
scope_20260424_115654,sweep_5715,369,2977.08,0.4716937077576909,0.555055253292918
scope_20260424_115654,sweep_5716,369,2962.82,0.47056266218490206,0.5040999239444398
scope_20260424_115654,sweep_5717,369,2976.49,0.4716469651311348,0.48987473873884163
scope_20260424_115654,sweep_5718,369,2962.82,0.47056266218490206,0.7134976030231108
scope_20260424_115654,sweep_5719,369,2976.78,0.47166994089931874,0.46741575759622583
scope_20260424_115654,sweep_5720,369,2976.93,0.47168182447819884,0.6894598857274181
scope_20260424_115654,sweep_5721,369,2962.82,0.47056266218490206,0.6011048583839349
scope_20260424_115654,sweep_5722,369,2976.49,0.4716469651311348,0.453560260334866
scope_20260424_115654,sweep_5723,369,2976.63,0.4716580570210279,0.4325288830311402
scope_20260424_115654,sweep_5724,369,2976.49,0.4716469651311348,0.517468317043109
scope_20260424_115654,sweep_5725,369,2976.78,0.47166994089931874,0.49595835036851516
scope_20260424_115654,sweep_5726,369,2976.93,0.47168182447819884,0.4850616854968856
scope_20260424_115654,sweep_5727,369,2976.78,0.47166994089931874,0.6056015776640045
scope_20260424_115654,sweep_5728,369,2962.67,0.4705507503420079,0.5371698199658532
scope_20260424_115654,sweep_5729,369,2963.11,0.47058569089284796,0.4232812560036667
scope_20260424_115654,sweep_5730,369,2976.49,0.4716469651311348,0.4693255724634017
scope_20260424_115654,sweep_5731,369,2962.52,0.4705388381975616,0.48167471219924757
scope_20260424_115654,sweep_5732,369,2976.63,0.4716580570210279,0.4803357348609565
scope_20260424_115654,sweep_5733,369,2976.93,0.47168182447819884,0.48319371816695594
scope_20260424_115654,sweep_5734,369,2976.63,0.4716580570210279,0.49529985863707254
scope_20260424_115654,sweep_5735,369,2962.82,0.47056266218490206,0.4423750341358393
scope_20260424_115654,sweep_5736,369,2976.78,0.47166994089931874,0.5193119421354424
scope_20260424_115654,sweep_5737,369,2962.82,0.47056266218490206,0.6250165014680806
scope_20260424_115654,sweep_5738,369,2962.96,0.47057377963288977,0.4578680388339599
scope_20260424_115654,sweep_5739,369,2976.78,0.47166994089931874,0.5457888935692446
scope_20260424_115654,sweep_5740,369,2976.63,0.4716580570210279,0.4603380465691117
scope_20260424_115654,sweep_5741,369,2976.78,0.47166994089931874,0.6739289804892726
scope_20260424_115654,sweep_5742,369,2976.93,0.47168182447819884,0.499052593849545
scope_20260424_115654,sweep_5743,369,2962.52,0.4705388381975616,0.41580762186413905
scope_20260424_115654,sweep_5744,369,2962.82,0.47056266218490206,0.5261782578461075
scope_20260424_115654,sweep_5745,369,2962.96,0.47057377963288977,0.5638246550545747
scope_20260424_115654,sweep_5746,369,2976.63,0.4716580570210279,0.46989465986844703
scope_20260424_115654,sweep_5747,369,2962.67,0.4705507503420079,0.7529205330654525
scope_20260424_115654,sweep_5748,369,2962.82,0.47056266218490206,0.5752883919429851
scope_20260424_115654,sweep_5749,369,2976.63,0.4716580570210279,0.5093469653047757
scope_20260424_115654,sweep_5750,369,2976.93,0.47168182447819884,0.5133540742875584
scope_20260424_115654,sweep_5751,369,2962.67,0.4705507503420079,0.5853469988268197
scope_20260424_115654,sweep_5752,369,2962.82,0.47056266218490206,0.45329433043284884
scope_20260424_115654,sweep_5753,369,2976.78,0.47166994089931874,0.6333165019729937
scope_20260424_115654,sweep_5754,369,2962.82,0.47056266218490206,0.7828706266014397
scope_20260424_115654,sweep_5755,369,2976.78,0.47166994089931874,0.5041140415753446
scope_20260424_115654,sweep_5756,369,2976.49,0.4716469651311348,0.46432909116142407
scope_20260424_115654,sweep_5757,369,2976.93,0.47168182447819884,0.6517849284160501
scope_20260424_115654,sweep_5758,369,2976.78,0.47166994089931874,0.5394346301788104
scope_20260424_115654,sweep_5759,369,2962.82,0.47056266218490206,0.5060988135058071
scope_20260424_115654,sweep_5760,369,2976.49,0.4716469651311348,0.42126376757038414
scope_20260424_115654,sweep_5761,369,2962.67,0.4705507503420079,0.4951337622086872
scope_20260424_115654,sweep_5762,369,2976.34,0.4716350806739193,0.46871068629130214
scope_20260424_115654,sweep_5763,369,2976.34,0.4716350806739193,0.4965947487679903
scope_20260424_115654,sweep_5764,369,2976.78,0.47166994089931874,0.711487444743809
scope_20260424_115654,sweep_5765,369,2976.49,0.4716469651311348,0.5381225532631996
scope_20260424_115654,sweep_5766,369,2962.67,0.4705507503420079,0.45631400204113615
scope_20260424_115654,sweep_5767,369,2962.82,0.47056266218490206,0.45600612391782197
scope_20260424_115654,sweep_5768,369,2962.82,0.47056266218490206,0.49696771537401624
scope_20260424_115654,sweep_5769,369,2962.67,0.4705507503420079,0.6731342029985645
scope_20260424_115654,sweep_5770,369,2962.82,0.47056266218490206,0.4469147790372973
scope_20260424_115654,sweep_5771,369,2976.93,0.47168182447819884,0.5725034682995652
scope_20260424_115654,sweep_5772,369,2976.93,0.47168182447819884,0.6511655218557459
scope_20260424_115654,sweep_5773,369,2976.93,0.47168182447819884,0.503948168554521
scope_20260424_115654,sweep_5774,369,2976.63,0.4716580570210279,0.5064048608846322
scope_20260424_115654,sweep_5775,369,2962.82,0.47056266218490206,0.4792505188578117
scope_20260424_115654,sweep_5776,369,2976.19,0.47162319591722673,0.47092032824008206
scope_20260424_115654,sweep_5777,369,2962.52,0.4705388381975616,0.5551231237176304
scope_20260424_115654,sweep_5778,369,2976.63,0.4716580570210279,0.5182842489742252
scope_20260424_115654,sweep_5779,369,2976.49,0.4716469651311348,0.5117338092836451
scope_20260424_115654,sweep_5780,369,2962.82,0.47056266218490206,0.622786129260622
scope_20260424_115654,sweep_5781,369,2962.38,0.4705277199239911,0.5061127943373143
scope_20260424_115654,sweep_5782,369,2976.49,0.4716469651311348,0.5564912460268312
scope_20260424_115654,sweep_5783,369,2962.96,0.47057377963288977,0.45519286035359774
scope_20260424_115654,sweep_5784,369,2962.82,0.47056266218490206,0.48335117422406515
scope_20260424_115654,sweep_5785,369,2976.78,0.47166994089931874,0.5580666172868636
scope_20260424_115654,sweep_5786,369,2962.82,0.47056266218490206,0.5436573738712668
scope_20260424_115654,sweep_5787,369,2962.52,0.4705388381975616,0.46551671239179626
scope_20260424_115654,sweep_5788,369,2976.49,0.4716469651311348,0.5070621229597819
scope_20260424_115654,sweep_5789,369,2962.82,0.47056266218490206,0.5055103356657221
scope_20260424_115654,sweep_5790,369,2962.52,0.4705388381975616,0.49752335804138814
scope_20260424_115654,sweep_5791,369,2962.96,0.47057377963288977,0.5579315576314761
scope_20260424_115654,sweep_5792,369,2976.63,0.4716580570210279,0.5790679331455515
scope_20260424_115654,sweep_5793,369,2976.93,0.47168182447819884,0.6061740545932433
scope_20260424_115654,sweep_5794,369,2962.38,0.4705277199239911,0.47500548217522626
scope_20260424_115654,sweep_5795,369,2976.78,0.47166994089931874,0.5757468477458618
scope_20260424_115654,sweep_5796,369,2976.78,0.47166994089931874,0.4444635262858226
scope_20260424_115654,sweep_5797,369,2976.93,0.47168182447819884,0.49033821933640165
scope_20260424_115654,sweep_5798,369,2976.78,0.47166994089931874,0.7238548911559579
scope_20260424_115654,sweep_5799,369,2962.82,0.47056266218490206,0.6165248882990664
scope_20260424_115654,sweep_5800,369,2962.82,0.47056266218490206,0.5646133658442919
scope_20260424_115654,sweep_5801,369,2976.63,0.4716580570210279,0.5045798175738045
scope_20260424_115654,sweep_5802,369,2976.63,0.4716580570210279,0.5045363475389757
scope_20260424_115654,sweep_5803,369,2977.08,0.4716937077576909,0.4284427647398528
scope_20260424_115654,sweep_5804,369,2962.82,0.47056266218490206,0.6300921085603045
scope_20260424_115654,sweep_5805,369,2962.96,0.47057377963288977,0.5005202817688854
scope_20260424_115654,sweep_5806,369,2976.93,0.47168182447819884,0.522929922983132
scope_20260424_115654,sweep_5807,369,2976.49,0.4716469651311348,0.41533025332107165
scope_20260424_115654,sweep_5808,369,2962.67,0.4705507503420079,0.3799993813950879
scope_20260424_115654,sweep_5809,369,2976.93,0.47168182447819884,0.38288143135544817
scope_20260424_115654,sweep_5810,369,2962.67,0.4705507503420079,0.4035642114857652
scope_20260424_115654,sweep_5811,369,2963.11,0.47058569089284796,0.45159642510391745
scope_20260424_115654,sweep_5812,369,2962.67,0.4705507503420079,0.5752651062471281
scope_20260424_115654,sweep_5813,369,2976.63,0.4716580570210279,0.5447958541576962
scope_20260424_115654,sweep_5814,369,2976.93,0.47168182447819884,0.4187323983000289
scope_20260424_115654,sweep_5815,369,2976.78,0.47166994089931874,0.4572201613575521
scope_20260424_115654,sweep_5816,369,2962.96,0.47057377963288977,0.5206446742345273
scope_20260424_115654,sweep_5817,369,2976.49,0.4716469651311348,0.5304224936534501
scope_20260424_115654,sweep_5818,369,2976.34,0.4716350806739193,0.5690775223667378
scope_20260424_115654,sweep_5819,369,2962.96,0.47057377963288977,0.4529564362913598
scope_20260424_115654,sweep_5820,369,2976.78,0.47166994089931874,0.43475515436489676
scope_20260424_115654,sweep_5821,369,2976.78,0.47166994089931874,0.5015232897581333
scope_20260424_115654,sweep_5822,369,2976.93,0.47168182447819884,0.5143343401027445
scope_20260424_115654,sweep_5823,369,2962.96,0.47057377963288977,0.456993877361605
scope_20260424_115654,sweep_5824,369,2962.67,0.4705507503420079,0.6011203261906387
scope_20260424_115654,sweep_5825,369,2977.08,0.4716937077576909,0.6039661571661825
scope_20260424_115654,sweep_5826,369,2976.34,0.4716350806739193,0.46125671433881016
scope_20260424_115654,sweep_5827,369,2976.78,0.47166994089931874,0.5448644270543771
scope_20260424_115654,sweep_5828,369,2962.52,0.4705388381975616,0.6661241980856796
scope_20260424_115654,sweep_5829,369,2962.96,0.47057377963288977,0.6206863130464488
scope_20260424_115654,sweep_5830,369,2976.93,0.47168182447819884,0.5025002039662686
scope_20260424_115654,sweep_5831,369,2962.67,0.4705507503420079,0.7846688887415051
scope_20260424_115654,sweep_5832,369,2962.52,0.4705388381975616,0.5154439126562707
scope_20260424_115654,sweep_5833,369,2962.96,0.47057377963288977,0.5462512758576112
scope_20260424_115654,sweep_5834,369,2976.78,0.47166994089931874,0.487248914963167
scope_20260424_115654,sweep_5835,369,2976.93,0.47168182447819884,0.6444702386277703
scope_20260424_115654,sweep_5836,369,2962.96,0.47057377963288977,0.5825805433374478
scope_20260424_115654,sweep_5837,369,2963.11,0.47058569089284796,0.4504620416447703
scope_20260424_115654,sweep_5838,369,2976.93,0.47168182447819884,0.5724256719224317
scope_20260424_115654,sweep_5839,369,2976.63,0.4716580570210279,0.5344301404934718
scope_20260424_115654,sweep_5840,369,2962.67,0.4705507503420079,0.6808718932703787
scope_20260424_115654,sweep_5841,369,2962.96,0.47057377963288977,0.5828777211593675
scope_20260424_115654,sweep_5842,369,2962.67,0.4705507503420079,0.5081670564274392
scope_20260424_115654,sweep_5843,369,2962.82,0.47056266218490206,0.4718439982400988
scope_20260424_115654,sweep_5844,369,2976.93,0.47168182447819884,0.5637630850916863
scope_20260424_115654,sweep_5845,369,2962.82,0.47056266218490206,0.47604080629444134
scope_20260424_115654,sweep_5846,369,2976.63,0.4716580570210279,0.42973677819136186
scope_20260424_115654,sweep_5847,369,2962.96,0.47057377963288977,0.4543675440427843
scope_20260424_115654,sweep_5848,369,2962.82,0.47056266218490206,0.5996235878812728
scope_20260424_115654,sweep_5849,369,2976.93,0.47168182447819884,0.48966644837922885
scope_20260424_115654,sweep_5850,369,2962.67,0.4705507503420079,0.4961772623068563
scope_20260424_115654,sweep_5851,369,2976.63,0.4716580570210279,0.5251562077911298
scope_20260424_115654,sweep_5852,369,2976.78,0.47166994089931874,0.6024727679104075
scope_20260424_115654,sweep_5853,369,2976.78,0.47166994089931874,0.7331430622317561
scope_20260424_115654,sweep_5854,369,2976.78,0.47166994089931874,0.503945359156773
scope_20260424_115654,sweep_5855,369,2976.78,0.47166994089931874,0.4337340702659419
scope_20260424_115654,sweep_5856,369,2976.63,0.4716580570210279,0.4364402536718563
scope_20260424_115654,sweep_5857,369,2976.49,0.4716469651311348,0.4680432696384005
scope_20260424_115654,sweep_5858,369,2976.78,0.47166994089931874,0.42316196619360197
scope_20260424_115654,sweep_5859,369,2962.38,0.4705277199239911,0.5040396379903023
scope_20260424_115654,sweep_5860,369,2976.78,0.47166994089931874,0.6536336222982229
scope_20260424_115654,sweep_5861,369,2976.78,0.47166994089931874,0.46002092872326317
scope_20260424_115654,sweep_5862,369,2976.93,0.47168182447819884,0.444057669483636
scope_20260424_115654,sweep_5863,369,2962.67,0.4705507503420079,0.5318333542472781
scope_20260424_115654,sweep_5864,369,2976.93,0.47168182447819884,0.6761854086711606
scope_20260424_115654,sweep_5865,369,2976.78,0.47166994089931874,0.4287901942830366
scope_20260424_115654,sweep_5866,369,2976.78,0.47166994089931874,0.4497689457734833
scope_20260424_115654,sweep_5867,369,2976.63,0.4716580570210279,0.47553851831563176
scope_20260424_115654,sweep_5868,369,2962.82,0.47056266218490206,0.43550864889517404
scope_20260424_115654,sweep_5869,369,2976.63,0.4716580570210279,0.48397845513429044
scope_20260424_115654,sweep_5870,369,2962.67,0.4705507503420079,0.5731743799649841
scope_20260424_115654,sweep_5871,370,2841.04,0.4607904870198922,0.7394609054390123
scope_20260424_115654,sweep_5872,370,2840.77,0.4607685907446614,0.5036151074872431
scope_20260424_115654,sweep_5873,370,2840.91,0.4607799444987408,0.5300866607912814
scope_20260424_115654,sweep_5874,370,2828.32,0.4597577964779142,0.48329420375922433
scope_20260424_115654,sweep_5875,370,2841.04,0.4607904870198922,0.5328755130398171
scope_20260424_115654,sweep_5876,370,2828.05,0.4597358510177546,0.43906660137823755
scope_20260424_115654,sweep_5877,370,2841.04,0.4607904870198922,0.7513978750096592
scope_20260424_115654,sweep_5878,370,2841.04,0.4607904870198922,0.528230960906599
scope_20260424_115654,sweep_5879,370,2840.91,0.4607799444987408,0.7061049709677759
scope_20260424_115654,sweep_5880,370,2840.64,0.4607580477225054,0.49251478854650466
scope_20260424_115654,sweep_5881,370,2840.77,0.4607685907446614,0.4907226917545976
scope_20260424_115654,sweep_5882,371,2647.49,0.4448176327783585,0.4969905044710225
scope_20260424_115654,sweep_5883,371,2647.37,0.4448075517731799,0.682505247935047
scope_20260424_115654,sweep_5884,371,2647.49,0.4448176327783585,0.4748435111384049
scope_20260424_115654,sweep_5885,371,2647.49,0.4448176327783585,0.5274969299639503
scope_20260424_115654,sweep_5886,371,2647.49,0.4448176327783585,0.44462226531878996
scope_20260424_115654,sweep_5887,371,2647.37,0.4448075517731799,0.5466715656148026
scope_20260424_115654,sweep_5888,371,2647.25,0.4447974705395228,0.5118370390673895
scope_20260424_115654,sweep_5889,371,2647.37,0.4448075517731799,0.48940002032364216
scope_20260424_115654,sweep_5890,371,2647.49,0.4448176327783585,0.4391936695094115
scope_20260424_115654,sweep_5891,371,2647.49,0.4448176327783585,0.37931816620892583
scope_20260424_115654,sweep_5892,372,2439.82,0.42701558293912556,0.4524730045943549
scope_20260424_115654,sweep_5893,373,2459.22,0.4287099087274803,0.5680505028152506
scope_20260424_115654,sweep_5894,373,2459.22,0.4287099087274803,0.4837420536775512
scope_20260424_115654,sweep_5895,373,2459.12,0.42870119225910824,0.46087028968827276
scope_20260424_115654,sweep_5896,373,2459.12,0.42870119225910824,0.4803878898842768
scope_20260424_115654,sweep_5897,373,2459.12,0.42870119225910824,0.5017303911657869
scope_20260424_115654,sweep_5898,373,2459.12,0.42870119225910824,0.46142480556048515
scope_20260424_115654,sweep_5899,373,2468.83,0.4295467360930553,0.573062367465557
scope_20260424_115654,sweep_5900,373,2459.22,0.4287099087274803,0.5014937951873081
scope_20260424_115654,sweep_5901,373,2459.42,0.42872734113258054,0.510131514880274
scope_20260424_115654,sweep_5902,373,2459.22,0.4287099087274803,0.563479800453028
scope_20260424_115654,sweep_5903,374,2278.94,0.4126969658617937,0.5820599525696173
scope_20260424_115654,sweep_5904,374,2270.83,0.41196198481851953,0.4086125810905915
scope_20260424_115654,sweep_5905,374,2270.75,0.411954728165874,0.4999401886258973
scope_20260424_115654,sweep_5906,374,2270.66,0.4119465642788513,0.6003562377825769
scope_20260424_115654,sweep_5907,374,2270.66,0.4119465642788513,0.45479447678241897
scope_20260424_115654,sweep_5908,374,2270.92,0.4119701483999581,0.42300976457621314
scope_20260424_115654,sweep_5909,374,2270.58,0.41193930735456014,0.6362876608934337
scope_20260424_115654,sweep_5910,374,2270.58,0.41193930735456014,0.3752774939407773
scope_20260424_115654,sweep_5911,374,2279.03,0.4228132847132596,0.4472621159852629
scope_20260424_115654,sweep_5912,374,2270.83,0.42205195353172087,0.626504301900436
scope_20260424_115654,sweep_5913,374,2270.75,0.4220445191456901,0.45944033136668744
scope_20260424_115654,sweep_5914,375,2081.24,0.4040496038951211,0.5262792141116404
scope_20260424_115654,sweep_5915,375,2087.76,0.40468200174748437,0.37012989326677753
scope_20260424_115654,sweep_5916,375,2087.83,0.4046887859330895,0.40704577104740336
scope_20260424_115654,sweep_5917,375,2081.02,0.40402824805387716,0.5277414096218898
scope_20260424_115654,sweep_5918,375,2087.83,0.4046887859330895,0.41441321648698143
scope_20260424_115654,sweep_5919,375,2087.68,0.4046742482532411,0.6309843197338376
scope_20260424_115654,sweep_5920,375,2081.09,0.4040350432167143,0.6550348595124751
scope_20260424_115654,sweep_5921,375,2087.83,0.4046887859330895,0.5534656832566701
scope_20260424_115654,sweep_5922,375,2081.17,0.4040428089771644,0.4030028964024903
scope_20260424_115654,sweep_5923,375,2081.02,0.40402824805387716,0.6201126497688356
scope_20260424_115654,sweep_5924,376,1874.12,0.38341782649192113,0.5467901243203357
scope_20260424_115654,sweep_5925,376,1896.87,0.37651615443798203,0.42400549145790156
scope_20260424_115654,sweep_5926,376,1896.87,0.37651615443798203,0.3342615657957427
scope_20260424_115654,sweep_5927,376,1896.93,0.37652210919255796,0.33386883794617545
scope_20260424_115654,sweep_5928,376,1896.87,0.37651615443798203,0.6546530107845775
scope_20260424_115654,sweep_5929,376,1896.93,0.37652210919255796,0.4242438750838253
scope_20260424_115654,sweep_5930,376,1896.87,0.37651615443798203,0.6356403424189386
scope_20260424_115654,sweep_5931,376,1896.99,0.3765280638529601,0.4505881235884884
scope_20260424_115654,sweep_5932,376,1896.87,0.37651615443798203,0.4636523831731851
scope_20260424_115654,sweep_5933,376,1897.05,0.37653401841919276,0.6355003875358824
scope_20260424_115654,sweep_5934,376,1896.93,0.37652210919255796,0.51301365289479
scope_20260424_115654,sweep_5935,377,1713.99,0.3494466438641103,0.5613586114324179
scope_20260424_115654,sweep_5936,377,1709.55,0.3489937388880634,0.5171345251366535
scope_20260424_115654,sweep_5937,377,1709.3,0.34896822000160227,0.6325561197159788
scope_20260424_115654,sweep_5938,377,1709.3,0.34896822000160227,0.6728830719298179
scope_20260424_115654,sweep_5939,377,1713.84,0.34943135260119457,0.38789293208219866
scope_20260424_115654,sweep_5940,377,1709.21,0.3489590327456401,0.39439330204495116
scope_20260424_115654,sweep_5941,377,1709.21,0.3489590327456401,0.46538820877130077
scope_20260424_115654,sweep_5942,377,1709.35,0.3489733239281812,0.45378517492354253
scope_20260424_115654,sweep_5943,377,1709.26,0.34896413680659133,0.6268627110944461
scope_20260424_115654,sweep_5944,377,1709.26,0.34896413680659133,0.39579147473326726
scope_20260424_115654,sweep_5945,377,1709.4,0.34897842778011356,0.35620467742267914
scope_20260424_115654,sweep_5946,378,1521.3,0.3292184489966648,0.544369436976569
scope_20260424_115654,sweep_5947,378,1521.18,0.3292054643805562,0.34359762983822206
scope_20260424_115654,sweep_5948,378,1521.34,0.3371925513724198,0.45752455730606106
scope_20260424_115654,sweep_5949,378,1521.18,0.33717481956138423,0.3703665818434831
scope_20260424_115654,sweep_5950,378,1521.22,0.3371792526015643,0.4489208478355127
scope_20260424_115654,sweep_5951,378,1521.3,0.3371881185070798,0.5162311456838078
scope_20260424_115654,sweep_5952,378,1521.14,0.3371703864629195,0.665976995214315
scope_20260424_115654,sweep_5953,378,1521.14,0.3454285238051978,0.5197437764853331
scope_20260424_115654,sweep_5954,378,1521.3,0.3454466901510106,0.5015873423528797
scope_20260424_115654,sweep_5955,378,1521.38,0.3454557729656771,0.6640230939185757
scope_20260424_115654,sweep_5956,379,1309.87,0.32054403614838184,0.4427097605291392
scope_20260424_115654,sweep_5957,379,1332.24,0.331280877617162,0.42191041017059683
scope_20260424_115654,sweep_5958,379,1332.24,0.331280877617162,0.2553589410980835
scope_20260424_115654,sweep_5959,379,1332.27,0.33128460756461126,0.42620225482509105
scope_20260424_115654,sweep_5960,379,1332.3,0.3312883374700654,0.29368241607498535
scope_20260424_115654,sweep_5961,379,1332.24,0.331280877617162,0.3031257629489589
scope_20260424_115654,sweep_5962,379,1332.27,0.33128460756461126,0.36520915009426896
scope_20260424_115654,sweep_5963,379,1332.21,0.3312771476277162,0.33346413791441987
scope_20260424_115654,sweep_5964,379,1335.11,0.3316375192933193,0.25841205969676967
scope_20260424_115654,sweep_5965,379,1332.3,0.3312883374700654,0.3049541439916594
scope_20260424_115654,sweep_5966,379,1332.15,0.33126968752282904,0.3682929613493801
scope_20260424_115654,sweep_5967,380,1147.86,0.30750316811018324,0.2775827958098731
scope_20260424_115654,sweep_5968,380,1143.86,0.3069669153816791,0.27524877312172297
scope_20260424_115654,sweep_5969,380,1143.64,0.3069373943000524,0.2832059616674167
scope_20260424_115654,sweep_5970,380,1143.69,0.306944103886101,0.3078880067304672
scope_20260424_115654,sweep_5971,380,1143.69,0.306944103886101,0.3626703681860163
scope_20260424_115654,sweep_5972,380,1143.75,0.306952155195764,0.25101534304383105
scope_20260424_115654,sweep_5973,380,1143.73,0.29952657443020564,0.33155655493505537
scope_20260424_115654,sweep_5974,380,1143.66,0.2995174082891453,0.30261274801270205
scope_20260424_115654,sweep_5975,380,1143.73,0.29952657443020564,0.2603785613119937
scope_20260424_115654,sweep_5976,380,1143.69,0.29952133666966196,0.41058210163101966
scope_20260424_115654,sweep_5977,381,931.46,0.25803576011744384,0.2448125041095641
scope_20260424_115654,sweep_5988,383,771.88,0.21039870194089413,0.2132373179742713
scope_20260424_115654,sweep_5989,383,769.97,0.20996649060659262,0.26548134222450864
scope_20260424_115654,sweep_5990,383,770.98,0.21019506482873662,0.1482284004239893
scope_20260424_115654,sweep_5991,383,772.84,0.20569400358801687,0.21804670613554447
scope_20260424_115654,sweep_5992,383,773.77,0.20589942640341516,0.235643479212236
scope_20260424_115654,sweep_5993,383,775.72,0.20633001547547034,0.2636285928832924
scope_20260424_115654,sweep_5994,383,776.74,0.20655517336457505,0.19587513775442175
scope_20260424_115654,sweep_5995,383,778.61,0.2069678323502574,0.153924988025617
scope_20260424_115654,sweep_5996,383,779.56,0.2071774073864346,0.20470267557451532
scope_20260424_115654,sweep_5997,383,780.65,0.20741781368782364,0.23347514871571415
scope_20260424_115654,sweep_5998,383,781.62,0.20763170525654137,0.1893868696014421
scope_20260424_115654,sweep_5999,384,595.92,0.16577280186524063,0.16415522616349862
scope_20260424_115654,sweep_6000,384,602.88,0.16737820180287052,0.243913733496571
scope_20260424_115654,sweep_6001,384,608.75,0.16872973276014566,0.15027184319438533
scope_20260424_115654,sweep_6002,384,612.96,0.1696976943999533,0.15363877815055357
scope_20260424_115654,sweep_6003,384,618.42,0.17504191616458173,0.17541632359328363
scope_20260424_115654,sweep_6004,384,620.3,0.1754834686874856,0.16811106257782074
scope_20260424_115654,sweep_6005,384,625.93,0.176804420326137,0.17599561284982157
scope_20260424_115654,sweep_6006,384,631.62,0.17813739896616604,0.18736919922373002
scope_20260424_115654,sweep_6007,384,634.84,0.178890833178762,0.1782363105277247
scope_20260424_115654,sweep_6008,384,636.79,0.1836883889565509,0.19177156182440966
scope_20260424_115654,sweep_6009,385,428.77,0.13228514419901366,0.120630490187786
scope_20260424_115654,sweep_6010,386,461.52,0.14061866382393484,0.1524276423913097
scope_20260424_115654,sweep_6011,386,466.72,0.1419324345180865,0.12127826877339526
scope_20260424_115654,sweep_6012,386,472.75,0.14345279240534428,0.16193527109304054
scope_20260424_115654,sweep_6013,386,480.81,0.14904300607593032,0.1643787185607708
scope_20260424_115654,sweep_6014,386,488.31,0.15097010822622714,0.19264714072562997
scope_20260424_115654,sweep_6015,386,495.34,0.152771880725505,0.18949018311573979
scope_20260424_115654,sweep_6016,386,499.73,0.1538948205334782,0.17442400462118188
scope_20260424_115654,sweep_6017,386,505.83,0.15930482779812818,0.1660402716268533
scope_20260424_115654,sweep_6018,386,509.55,0.16027662265311876,0.17363445571163508
scope_20260424_115654,sweep_6019,386,515.45,0.16181544242097323,0.1702559217050901
scope_20260424_115654,sweep_6020,387,364.9,0.12148130260844806,0.12727204522849125
scope_20260424_115654,sweep_6021,387,364.67,0.12141774540524108,0.12400752472444099
scope_20260424_115654,sweep_6022,387,363.82,0.12118280091788451,0.11914923199981453
scope_20260424_115654,sweep_6023,387,364.25,0.1213016668369199,0.11209106470842103
scope_20260424_115654,sweep_6024,387,365.11,0.12153932715075641,0.14005889043708172
scope_20260424_115654,sweep_6025,387,368.14,0.12237590882574807,0.11187130197423731
scope_20260424_115654,sweep_6026,387,376.84,0.12477151242518893,0.12965780881405
scope_20260424_115654,sweep_6027,387,384.98,0.12700441343873958,0.14494354373089807
scope_20260424_115654,sweep_6028,387,391.79,0.12574996742298403,0.14062905102565135
scope_20260424_115654,sweep_6029,387,398.31,0.12748444791870203,0.12241604779506972
scope_20260424_115654,sweep_6030,387,403.47,0.12885371354427394,0.12430908616694421
scope_20260424_115654,sweep_6031,387,364.68,0.11848422128155621,0.12008329495838611
scope_20260424_115654,sweep_6032,387,364.91,0.11854624120473906,0.11987484511635524
scope_20260424_115654,sweep_6033,387,364.69,0.11565425886645223,0.12916915086475658
scope_20260424_115654,sweep_6034,387,364.04,0.11548314111697146,0.10551326859229054
scope_20260424_115654,sweep_6035,387,364.69,0.11565425886645223,0.11072680990667665
scope_20260424_115654,sweep_6036,387,364.48,0.11559898034437763,0.12769307303710686
scope_20260424_115654,sweep_6037,387,364.27,0.11281274290174248,0.123211152075142
scope_20260424_115654,sweep_6038,387,364.68,0.11291812216767724,0.12323212348461404
scope_20260424_115654,sweep_6039,387,364.49,0.1128692903791926,0.11868349863025264
scope_20260424_115654,sweep_6040,387,364.26,0.11281017242393479,0.11006462839486039
scope_20260424_115654,sweep_6041,387,364.91,0.11297722854645952,0.12603458170321077
scope_20260424_115654,sweep_6042,387,364.48,0.11022914608103346,0.11484160545459937
scope_20260424_115654,sweep_6043,387,363.83,0.11006596114581949,0.10977499358912483
scope_20260424_115654,sweep_6044,387,364.48,0.11022914608103346,0.12723708066646494
scope_20260424_115654,sweep_6045,387,363.63,0.11001574042887594,0.11636451703943036
scope_20260424_115654,sweep_6046,387,363.4,0.10995798079884939,0.11892188779203942
scope_20260424_115654,sweep_6047,387,364.05,0.10757667332733062,0.1251870866333535
scope_20260424_115654,sweep_6048,387,364.05,0.10757667332733062,0.13572520579956812
scope_20260424_115654,sweep_6049,387,364.04,0.10757422067392204,0.12034872334117878
scope_20260424_115654,sweep_6050,387,363.6,0.10746629257978468,0.10913105438660947
scope_20260424_115654,sweep_6051,387,364.46,0.10767722226018588,0.13041999179620825
scope_20260424_115654,sweep_6052,387,364.27,0.10763062880533648,0.11036539236282508
scope_20260424_115654,sweep_6053,387,364.47,0.1076796744328809,0.07897991186151011
scope_20260424_115654,sweep_6054,387,364.03,0.10757176800906,0.1309315553582059
scope_20260424_115654,sweep_6055,387,364.06,0.11012370916887008,0.11127884317806766
scope_20260424_115654,sweep_6056,387,364.05,0.11012119851425223,0.10764203333309982
scope_20260424_115654,sweep_6057,387,363.81,0.11006093928535629,0.10968740922424018
scope_20260424_115654,sweep_6058,387,363.2,0.10990774998189871,0.11587594657808374
scope_20260424_115654,sweep_6059,387,363.83,0.11006596114581949,0.11808206551195134
scope_20260424_115654,sweep_6060,387,364.46,0.11022412574422577,0.1227726777141712
scope_20260424_115654,sweep_6061,387,364.26,0.11017391979976687,0.10051849704924884
scope_20260424_115654,sweep_6062,387,363.62,0.11264563687480447,0.1199750178898083
scope_20260424_115654,sweep_6063,387,362.98,0.1124810520870288,0.10490589922315706
scope_20260424_115654,sweep_6064,387,363.63,0.11264820812116198,0.12343895160977925
scope_20260424_115654,sweep_6065,387,363.85,0.11270477250046006,0.12996195520324255
scope_20260424_115654,sweep_6066,387,363.19,0.11525929335136846,0.10374242740734685
scope_20260424_115654,sweep_6067,387,363.2,0.11526192737184238,0.11555127091790517
scope_20260424_115654,sweep_6068,387,363.41,0.1153172389544504,0.09130468568253611
scope_20260424_115654,sweep_6069,387,363.6,0.11536727808540434,0.1193381852605641
scope_20260424_115654,sweep_6070,387,363.61,0.11536991160072241,0.11413537075275397
scope_20260424_115654,sweep_6071,387,364.03,0.11830891161688975,0.11440059826917685
scope_20260424_115654,sweep_6072,387,362.56,0.11791224560681081,0.057960231903707686
scope_20260424_115654,sweep_6073,388,207.04,0.0740625461374257,0.05626367323369754
scope_20260424_115654,sweep_6074,388,207.04,0.0740625461374257,0.05493239137510529
scope_20260424_115654,sweep_6075,388,207.04,0.07589797143816546,0.051027967029772844
scope_20260424_115654,sweep_6076,388,207.04,0.07589797143816546,0.049687185514622735
scope_20260424_115654,sweep_6077,388,207.04,0.07589797143816546,0.04837727451473489
scope_20260424_115654,sweep_6078,388,207.04,0.07589797143816546,0.06503532935993794
scope_20260424_115654,sweep_6079,388,207.04,0.07589797143816546,0.06659011123717525
scope_20260424_115654,sweep_6080,388,207.04,0.07589797143816546,0.057784603906179934
scope_20260424_115654,sweep_6081,388,207.04,0.07589797143816546,0.061733914229965506
scope_20260424_115654,sweep_6082,388,207.04,0.07589797143816546,0.05422038736261862
scope_20260424_115654,sweep_6083,388,207.04,0.07589797143816546,0.05418332787548164
scope_20260424_115654,sweep_6084,388,207.04,0.07589797143816546,0.04792389105515184
scope_20260424_115654,sweep_6085,388,207.04,0.0740625461374257,0.062201659760245
scope_20260424_115654,sweep_6086,388,207.04,0.0740625461374257,0.058817246928461055
scope_20260424_115654,sweep_6087,388,207.04,0.0740625461374257,0.06327476447974209
scope_20260424_115654,sweep_6088,388,207.04,0.0740625461374257,0.058361156896530646
scope_20260424_115654,sweep_6089,388,207.04,0.0740625461374257,0.06100910537862335
scope_20260424_115654,sweep_6090,388,207.04,0.07229193764457699,0.06007440496515523
scope_20260424_115654,sweep_6091,388,207.04,0.07229193764457699,0.060980881502114836
scope_20260424_115654,sweep_6092,388,207.04,0.07229193764457699,0.0523600954186558
scope_20260424_115654,sweep_6093,388,207.04,0.07058326874531176,0.05229363759092779
scope_20260424_115654,sweep_6094,388,207.04,0.07058326874531176,0.057891836422474405
scope_20260424_115654,sweep_6095,388,207.04,0.07058326874531176,0.06173159790700361
scope_20260424_115654,sweep_6096,388,207.04,0.07058326874531176,0.05793747826667716
scope_20260424_115654,sweep_6097,388,207.04,0.07058326874531176,0.06665415763586734
scope_20260424_115654,sweep_6098,388,207.04,0.0689338135281624,0.059282812492874974
scope_20260424_115654,sweep_6099,388,207.04,0.0689338135281624,0.06597090284596327
scope_20260424_115654,sweep_6100,388,207.04,0.0689338135281624,0.05923211021935049
scope_20260424_115654,sweep_6101,388,207.04,0.06734098828543435,0.05543606305467846
scope_20260424_115654,sweep_6102,388,207.04,0.06734098828543435,0.05969562524879942
scope_20260424_115654,sweep_6103,388,207.04,0.06734098828543435,0.05892736957476427
scope_20260424_115654,sweep_6104,388,207.04,0.06734098828543435,0.057700851130223725
scope_20260424_115654,sweep_6105,388,207.04,0.06580234302574536,0.05961051845916931
scope_20260424_115654,sweep_6106,388,207.04,0.06580234302574536,0.05528836106366696
scope_20260424_115654,sweep_6107,388,207.04,0.06580234302574536,0.05730420200210704
scope_20260424_115654,sweep_6108,388,207.04,0.06580234302574536,0.06299873674463911
scope_20260424_115654,sweep_6109,388,207.04,0.06431555355295969,0.056770632601099554
scope_20260424_115654,sweep_6110,388,207.04,0.06431555355295969,0.05968937585138764
scope_20260424_115654,sweep_6111,388,207.04,0.06431555355295969,0.06251600236627976
scope_20260424_115654,sweep_6112,388,207.04,0.06431555355295969,0.06611585731919231
scope_20260424_115654,sweep_6113,388,207.04,0.0628784140699192,0.058472875932950884
scope_20260424_115654,sweep_6114,388,207.04,0.0628784140699192,0.06150876982554098
scope_20260424_115654,sweep_6115,388,207.04,0.0628784140699192,0.06510419812655382
scope_20260424_115654,sweep_6116,388,207.04,0.0628784140699192,0.06230543399927982
scope_20260424_115654,sweep_6117,388,207.04,0.06148883026873224,0.058274957443315505
scope_20260424_115654,sweep_6118,388,207.04,0.06148883026873224,0.0639657737977908
scope_20260424_115654,sweep_6119,388,207.04,0.06148883026873224,0.05978413661947534
scope_20260424_115654,sweep_6120,388,207.04,0.06148883026873224,0.06145092498495713
scope_20260424_115654,sweep_6121,388,207.04,0.06148883026873224,0.05879394579215536
scope_20260424_115654,sweep_6122,388,207.04,0.06014481287236377,0.06949125576312284
scope_20260424_115654,sweep_6123,388,207.04,0.06014481287236377,0.05584827392674853
scope_20260424_115654,sweep_6124,388,207.04,0.06014481287236377,0.05632963106950292
scope_20260424_115654,sweep_6125,388,207.04,0.06014481287236377,0.10087135207280729
scope_20260424_115654,sweep_6126,389,363.61,0.09598444820280902,0.10913006360856059
scope_20260424_115654,sweep_6127,389,364.47,0.09617283669006525,0.2583816274035236
scope_20260424_115654,sweep_6128,389,365.53,0.0964049325234893,0.16168236186568982
scope_20260424_115654,sweep_6129,389,365.32,0.09851223199858082,0.13204201829811954
scope_20260424_115654,sweep_6130,389,365.97,0.09865769164183978,0.15661436075475052
scope_20260424_115654,sweep_6131,389,365.12,0.09846746633654446,0.07131370903973559
scope_20260424_115654,sweep_6132,389,365.96,0.09865545413400434,0.1135048692376311
scope_20260424_115654,sweep_6133,389,365.33,0.0985144701723002,0.1289047006785357
scope_20260424_115654,sweep_6134,389,365.11,0.09846522794403448,0.24049290648683283
scope_20260424_115654,sweep_6135,389,365.12,0.10069272896663817,0.12927787527762521
scope_20260424_115654,sweep_6136,389,365.33,0.10074079504033978,0.09448721463661407
scope_20260424_115654,sweep_6137,389,364.91,0.10064465819299455,0.15452129984113153
scope_20260424_115654,sweep_6138,389,365.11,0.10299180539395064,0.1114054517609527
scope_20260424_115654,sweep_6139,389,365.54,0.10309247121337566,0.13210169756516799
scope_20260424_115654,sweep_6140,389,365.33,0.10304331135292319,0.11156166392597273
scope_20260424_115654,sweep_6141,389,365.12,0.10299414668834052,0.15227011357063874
scope_20260424_115654,sweep_6142,389,365.33,0.10542537451023318,0.12327166313989785
scope_20260424_115654,sweep_6143,389,365.74,0.10552356747027439,0.12271781075342643
scope_20260424_115654,sweep_6144,389,365.54,0.10547567080439361,0.07880919978594694
scope_20260424_115654,sweep_6145,389,365.53,0.1079395399483473,0.12586822568269135
scope_20260424_115654,sweep_6146,389,365.74,0.10799100752495577,0.1309709352048065
scope_20260424_115654,sweep_6147,389,365.12,0.10783904114106278,0.1413018828985496
scope_20260424_115654,sweep_6148,389,364.9,0.10778510704360061,0.13045225950909256
scope_20260424_115654,sweep_6149,389,364.69,0.10773361933909364,0.11325760869609194
scope_20260424_115654,sweep_6150,389,364.9,0.1103345623405958,0.12144543109720801
scope_20260424_115654,sweep_6151,389,364.49,0.11023165623187536,0.0769196581121797
scope_20260424_115654,sweep_6152,389,364.68,0.11027934687388562,0.1441116144338032
scope_20260424_115654,sweep_6153,389,365.55,0.11049766590267451,0.12723340500904484
scope_20260424_115654,sweep_6154,389,364.68,0.11027934687388562,0.10589821150484781
scope_20260424_115654,sweep_6155,390,534.17,0.15138444386198935,0.11988176519314832
scope_20260424_115654,sweep_6156,391,364.24,0.11016889894761657,0.11952825136821069
scope_20260424_115654,sweep_6157,391,364.05,0.11012119851425223,0.1290878850749621
scope_20260424_115654,sweep_6158,391,364.04,0.11011868784791037,0.10701419889746688
scope_20260424_115654,sweep_6159,391,364.27,0.10763062880533648,0.1467981471532183
scope_20260424_115654,sweep_6160,391,364.46,0.10767722226018588,0.1546857857246069
scope_20260424_115654,sweep_6161,391,364.46,0.10767722226018588,0.13908315833058033
scope_20260424_115654,sweep_6162,391,364.04,0.10757422067392204,0.1355478218490556
scope_20260424_115654,sweep_6163,391,364.48,0.10768212659413828,0.1463650962701442
scope_20260424_115654,sweep_6164,391,364.69,0.10773361933909364,0.12298745291126197
scope_20260424_115654,sweep_6165,391,364.69,0.10527206023629847,0.26225298396714236
scope_20260424_115654,sweep_6166,391,364.68,0.10526966433803832,0.1142447535493943
scope_20260424_115654,sweep_6167,391,363.21,0.10491734560952089,0.11140369530798949
scope_20260424_115654,sweep_6168,391,363.2,0.1049149480543696,0.11727072278496309
scope_20260424_115654,sweep_6169,391,363.61,0.10501323861762811,0.13280640311956035
scope_20260424_115654,sweep_6170,391,364.05,0.10511870021641312,0.10817673754155292
scope_20260424_115654,sweep_6171,391,364.46,0.10283959785910736,0.10015381947747765
scope_20260424_115654,sweep_6172,391,364.68,0.10289111941783327,0.1318223625052311
scope_20260424_115654,sweep_6173,391,364.46,0.10283959785910736,0.10783134162229478
scope_20260424_115654,sweep_6174,391,364.68,0.10289111941783327,0.1247706426229679
scope_20260424_115654,sweep_6175,391,365.11,0.10069043998877863,0.11301635009104577
scope_20260424_115654,sweep_6176,391,364.48,0.10054621288324937,0.12967606998510794
scope_20260424_115654,sweep_6177,391,364.91,0.10064465819299455,0.1700407598215645
scope_20260424_115654,sweep_6178,392,505.39,0.13188234454252776,0.17787002849535336
scope_20260424_115654,sweep_6179,392,512.48,0.1334161454000834,0.24477032595017653
scope_20260424_115654,sweep_6180,392,516.74,0.134335987292674,0.1620602792601952
scope_20260424_115654,sweep_6181,392,521.95,0.13246562257523042,0.20208936570880684
scope_20260424_115654,sweep_6182,392,527.68,0.13367150031728783,0.22683586896906763
scope_20260424_115654,sweep_6183,392,532.2,0.13462116316084335,0.275954983480532
scope_20260424_115654,sweep_6184,392,534.52,0.13510806774856018,0.19284534286036803
scope_20260424_115654,sweep_6185,392,539.58,0.13616878009151864,0.20574345620934031
scope_20260424_115654,sweep_6186,392,542.88,0.13685963754274025,0.2559907746756417
scope_20260424_115654,sweep_6187,392,546.72,0.13766264649152948,0.18627579323744117
scope_20260424_115654,sweep_6188,393,735.39,0.17606819172656704,0.18939092636062008
scope_20260424_115654,sweep_6189,393,735.38,0.1760662045256526,0.2986396147907149
scope_20260424_115654,sweep_6190,393,734.49,0.17986424159327677,0.27453762586081926
scope_20260424_115654,sweep_6191,393,732.8,0.17952067672588445,0.34044486811678837
scope_20260424_115654,sweep_6192,393,730.24,0.17899999037737085,0.28078466242628836
scope_20260424_115654,sweep_6193,393,729.31,0.17881075799184473,0.3354658703090346
scope_20260424_115654,sweep_6194,393,726.83,0.17830593755752333,0.32765801417754875
scope_20260424_115654,sweep_6195,393,725.13,0.18202714253793995,0.3242125754305505
scope_20260424_115654,sweep_6196,393,723.48,0.18168329463496968,0.2872867956193078
scope_20260424_115654,sweep_6197,393,724.24,0.18184168960541439,0.29676264598196517
scope_20260424_115654,sweep_6198,393,721.75,0.18132263211919109,0.3690570450038745
scope_20260424_115654,sweep_6199,394,904.25,0.22368444911710783,0.2763191788625253
scope_20260424_115654,sweep_6200,394,901.63,0.22314638537821793,0.24741863229742544
scope_20260424_115654,sweep_6201,394,895.27,0.22183913810071582,0.2672945300226222
scope_20260424_115654,sweep_6202,394,888.88,0.2256806128381088,0.2927402305551809
scope_20260424_115654,sweep_6203,394,883.72,0.22459270115822466,0.2512712759971328
scope_20260424_115654,sweep_6204,394,880.0,0.22380772293711748,0.283796023822991
scope_20260424_115654,sweep_6205,394,875.04,0.22276020699636534,0.2623297941357051
scope_20260424_115654,sweep_6206,394,870.16,0.22697317664510155,0.3358384736335558
scope_20260424_115654,sweep_6207,394,866.5,0.22618051089242605,0.2127390150764194
scope_20260424_115654,sweep_6208,394,861.62,0.22512273701853835,0.3224956788471102
scope_20260424_115654,sweep_6209,395,1043.75,0.26632106220296975,0.35219173208457893
scope_20260424_115654,sweep_6210,395,1040.38,0.26589077353124685,0.2949625997299194
scope_20260424_115654,sweep_6211,395,1031.89,0.26480365298519154,0.2726783211417171
scope_20260424_115654,sweep_6212,395,1023.37,0.263708185693654,0.23605995045550138
scope_20260424_115654,sweep_6213,395,1014.97,0.26262367418086185,0.3056728320641264
scope_20260424_115654,sweep_6214,395,1008.42,0.2617748957369071,0.2936035519198983
scope_20260424_115654,sweep_6215,395,1001.8,0.260914240817173,0.32031815427656424
scope_20260424_115654,sweep_6216,395,993.9,0.25345549030055864,0.37162110158563105
scope_20260424_115654,sweep_6217,395,989.1,0.25243910840149975,0.308283568234045
scope_20260424_115654,sweep_6218,395,985.93,0.2517674132204435,0.2739548340467835
scope_20260424_115654,sweep_6219,396,1194.22,0.28487178715502515,0.2757124542873827
scope_20260424_115654,sweep_6220,396,1162.97,0.28111985876483414,0.2690282912221066
scope_20260424_115654,sweep_6221,396,1154.22,0.2800603116419349,0.33609100121211094
scope_20260424_115654,sweep_6230,398,1329.46,0.2869154667582329,0.28562251191310123
scope_20260424_115654,sweep_6231,398,1335.02,0.28751480242099264,0.3122058818274629
scope_20260424_115654,sweep_6232,398,1332.27,0.2872185247253415,0.34276209341133684
scope_20260424_115654,sweep_6233,398,1334.96,0.2875083414383943,0.33880633219794437
scope_20260424_115654,sweep_6234,398,1335.14,0.28752772395063875,0.387918306262875
scope_20260424_115654,sweep_6235,398,1335.11,0.287524493622668,0.2612013645966101
scope_20260424_115654,sweep_6236,398,1332.39,0.2872314595834758,0.2684903904962678
scope_20260424_115654,sweep_6237,398,1334.94,0.28750618774526276,0.3117708262337616
scope_20260424_115654,sweep_6238,398,1335.05,0.2875180328578462,0.30377510234798755
scope_20260424_115654,sweep_6239,398,1334.96,0.28101215367770277,0.35457666255987674
scope_20260424_115654,sweep_6240,398,1335.17,0.2810342555502933,0.34558886114275195
scope_20260424_115654,sweep_6241,399,1521.18,0.2999723879421633,0.24977581806070145
scope_20260424_115654,sweep_6242,399,1521.18,0.2999723879421633,0.26180756595181454
scope_20260424_115654,sweep_6243,399,1524.93,0.30034190503964636,0.4555992890595237
scope_20260424_115654,sweep_6244,399,1524.82,0.3003310723439281,0.3358796218202931
scope_20260424_115654,sweep_6245,399,1521.26,0.2999802757251766,0.27640695604862675
scope_20260424_115654,sweep_6246,399,1521.38,0.29999210701082923,0.3802630595663807
scope_20260424_115654,sweep_6247,399,1521.22,0.29997633185959577,0.3577414705601691
scope_20260424_115654,sweep_6248,399,1524.89,0.30033796592277395,0.3850202568778189
scope_20260424_115654,sweep_6249,399,1524.82,0.3003310723439281,0.36926129143927655
scope_20260424_115654,sweep_6250,399,1521.38,0.29999210701082923,0.37046979410962755
scope_20260424_115654,sweep_6251,400,1709.35,0.3179848837072749,0.30292005415969586
scope_20260424_115654,sweep_6252,400,1713.99,0.318416173363139,0.34074424309478335
scope_20260424_115654,sweep_6253,400,1714.04,0.3184208176996171,0.35117668134005386
scope_20260424_115654,sweep_6254,400,1709.4,0.31798953434287336,0.36689045891844135
scope_20260424_115654,sweep_6255,400,1713.89,0.31840688448695326,0.3931402662517997
scope_20260424_115654,sweep_6256,400,1713.8,0.31839852426668863,0.3150494569271927
scope_20260424_115654,sweep_6257,400,1709.4,0.31798953434287336,0.3953053234728165
scope_20260424_115654,sweep_6258,400,1713.84,0.3184022399472399,0.3206194269221095
scope_20260424_115654,sweep_6259,400,1709.4,0.31798953434287336,0.6400663522199362
scope_20260424_115654,sweep_6260,400,1714.04,0.3184208176996171,0.4253299524440411
scope_20260424_115654,sweep_6261,400,1713.89,0.31840688448695326,0.3542519236926632
scope_20260424_115654,sweep_6262,401,1896.93,0.33497826544235515,0.4387422357578518
scope_20260424_115654,sweep_6263,401,1902.77,0.3354935110521556,0.43909338241575896
scope_20260424_115654,sweep_6264,401,1896.93,0.3427219935323512,0.3838908918408202
scope_20260424_115654,sweep_6265,401,1897.05,0.34273283367638013,0.3943330686464935
scope_20260424_115654,sweep_6266,401,1902.53,0.3432275021127546,0.5911581281066225
scope_20260424_115654,sweep_6267,401,1902.77,0.3432491501295603,0.39552863655512016
scope_20260424_115654,sweep_6268,401,1896.93,0.3507358049939491,0.3914431250227664
scope_20260424_115654,sweep_6269,401,1896.93,0.3507358049939491,0.4006120962748995
scope_20260424_115654,sweep_6270,401,1902.53,0.35125313379754214,0.47040855954629446
scope_20260424_115654,sweep_6271,401,1902.53,0.35125313379754214,0.4329890908340377
scope_20260424_115654,sweep_6272,402,2108.96,0.3698184909475731,0.3945148273599836
scope_20260424_115654,sweep_6273,402,2087.83,0.3679611924521134,0.4344351792150687
scope_20260424_115654,sweep_6274,402,2081.09,0.37605615497290945,0.3285136868893158
scope_20260424_115654,sweep_6275,402,2081.09,0.37605615497290945,0.42248541581932525
scope_20260424_115654,sweep_6276,402,2087.68,0.37665109591259094,0.46394413565326065
scope_20260424_115654,sweep_6277,402,2087.76,0.37665831248769177,0.41625752305407077
scope_20260424_115654,sweep_6278,402,2087.61,0.3766447812959526,0.44715812381501474
scope_20260424_115654,sweep_6279,402,2087.97,0.3766772553395217,0.34716764775659187
scope_20260424_115654,sweep_6280,402,2087.76,0.37665831248769177,0.5497074918658944
scope_20260424_115654,sweep_6281,402,2087.83,0.37666462687748564,0.34453351793688586
scope_20260424_115654,sweep_6282,402,2087.76,0.37665831248769177,0.421686203950405
scope_20260424_115654,sweep_6283,403,2270.92,0.39283320262619137,0.662068285821459
scope_20260424_115654,sweep_6284,403,2270.66,0.3928107140408861,0.49172658099795735
scope_20260424_115654,sweep_6285,403,2270.66,0.3928107140408861,0.3754089618450123
scope_20260424_115654,sweep_6286,403,2270.92,0.39283320262619137,0.40548509307338815
scope_20260424_115654,sweep_6287,403,2270.58,0.39280379421715234,0.45819909221114524
scope_20260424_115654,sweep_6288,403,2270.75,0.3928184986968799,0.4953339614074549
scope_20260424_115654,sweep_6289,403,2270.58,0.39280379421715234,0.47581320481357037
scope_20260424_115654,sweep_6290,403,2270.58,0.39280379421715234,0.5385009831286907
scope_20260424_115654,sweep_6291,403,2270.75,0.3928184986968799,0.45865567659246287
scope_20260424_115654,sweep_6292,403,2270.66,0.3928107140408861,0.45847827396925916
scope_20260424_115654,sweep_6293,403,2271.01,0.39284098683654456,0.4340146808784199
scope_20260424_115654,sweep_6294,404,2459.12,0.4087870516319896,0.33303333661385076
scope_20260424_115654,sweep_6295,404,2459.02,0.4087787398943041,0.6058979876676359
scope_20260424_115654,sweep_6296,404,2459.02,0.4087787398943041,0.47159227107443624
scope_20260424_115654,sweep_6297,404,2459.22,0.4087953632006785,0.503067682174589
scope_20260424_115654,sweep_6298,404,2459.12,0.4087870516319896,0.5748882364105637
scope_20260424_115654,sweep_6299,404,2459.22,0.4087953632006785,0.5402220216990152
scope_20260424_115654,sweep_6300,404,2458.92,0.40877042798761176,0.42210819514853515
scope_20260424_115654,sweep_6301,404,2459.32,0.4088036746003814,0.5105796970226113
scope_20260424_115654,sweep_6302,404,2459.02,0.4087787398943041,0.3820495557516127
scope_20260424_115654,sweep_6303,404,2459.02,0.4087787398943041,0.4345383878159686
scope_20260424_115654,sweep_6304,404,2459.22,0.4087953632006785,0.3329705891179999
scope_20260424_115654,sweep_6315,406,2827.92,0.43837000439404983,0.5286836629844253
scope_20260424_115654,sweep_6316,406,2840.77,0.4393648468821938,0.45796050752026374
scope_20260424_115654,sweep_6317,406,2841.31,0.43940660417746635,0.4997312163476206
scope_20260424_115654,sweep_6318,406,2840.91,0.4393756732287001,0.455185849968747
scope_20260424_115654,sweep_6319,406,2828.19,0.43839093091887604,0.4664829087080687
scope_20260424_115654,sweep_6320,406,2841.04,0.4393857260258839,0.4744593515729287
scope_20260424_115654,sweep_6321,406,2828.19,0.43839093091887604,0.46577135809097897
scope_20260424_115654,sweep_6322,406,2840.91,0.4393756732287001,0.49394545290486574
scope_20260424_115654,sweep_6323,406,2827.79,0.4383599283035796,0.496632649969808
scope_20260424_115654,sweep_6324,406,2841.04,0.4393857260258839,0.7277268018728185
scope_20260424_115654,sweep_6325,407,2976.63,0.4497484728047253,0.49187334285862655
scope_20260424_115654,sweep_6326,407,2962.96,0.44871456255522835,0.5190773191005279
scope_20260424_115654,sweep_6327,407,2962.38,0.44867064242405147,0.42806456231863177
scope_20260424_115654,sweep_6328,407,2976.78,0.44975980464997356,0.5079528346657544
scope_20260424_115654,sweep_6329,407,2976.63,0.4497484728047253,0.8052501028052758
scope_20260424_115654,sweep_6330,407,2962.96,0.44871456255522835,0.6121609304858087
scope_20260424_115654,sweep_6331,407,2962.82,0.44870396153786096,0.43703580079543464
scope_20260424_115654,sweep_6332,407,2962.82,0.44870396153786096,0.5645669807462264
scope_20260424_115654,sweep_6333,407,2962.52,0.44868124422865147,0.42979976762204564
scope_20260424_115654,sweep_6334,407,2976.63,0.4497484728047253,0.4944013701825801
scope_20260424_115654,sweep_6335,407,2962.67,0.4486926030270284,0.5169241052215405
scope_20260424_115654,sweep_6336,407,2977.08,0.44978246748398465,0.45623510834931436
scope_20260424_115654,sweep_6337,407,2976.78,0.44975980464997356,0.4466424860217221
scope_20260424_115654,sweep_6338,407,2962.82,0.44870396153786096,0.5794894998288079
scope_20260424_115654,sweep_6339,407,2962.82,0.44870396153786096,0.49904730940134767
scope_20260424_115654,sweep_6340,407,2976.63,0.4497484728047253,0.4153894878608026
scope_20260424_115654,sweep_6341,407,2976.93,0.44977113620971954,0.44152110320824856
scope_20260424_115654,sweep_6342,407,2976.63,0.4497484728047253,0.5105581468068594
scope_20260424_115654,sweep_6343,407,2962.96,0.44871456255522835,0.3967681310237562
scope_20260424_115654,sweep_6344,407,2976.93,0.44977113620971954,0.42613194755211364
scope_20260424_115654,sweep_6345,407,2962.96,0.44871456255522835,0.39761186910253854
scope_20260424_115654,sweep_6346,407,2976.93,0.44977113620971954,0.5167238504188716
scope_20260424_115654,sweep_6347,407,2976.93,0.44977113620971954,0.5082576092248242
scope_20260424_115654,sweep_6348,407,2976.78,0.44975980464997356,0.5303477766334801
scope_20260424_115654,sweep_6349,407,2976.93,0.44977113620971954,0.48548648731019506
scope_20260424_115654,sweep_6350,407,2976.93,0.44977113620971954,0.4234203652461641
scope_20260424_115654,sweep_6351,407,2962.96,0.45945144969865087,0.5883625459217421
scope_20260424_115654,sweep_6352,407,2977.08,0.4605449075638545,0.47359053871877493
scope_20260424_115654,sweep_6353,407,2977.08,0.4605449075638545,0.4109682743057025
scope_20260424_115654,sweep_6354,407,2976.63,0.46051009945649374,0.584282811596012
scope_20260424_115654,sweep_6355,407,2976.63,0.46051009945649374,0.4319631407508436
scope_20260424_115654,sweep_6356,407,2976.93,0.4605333051537201,0.45829098016360903
scope_20260424_115654,sweep_6357,407,2962.82,0.45944059501907464,0.44635571160013604
scope_20260424_115654,sweep_6358,407,2962.96,0.45945144969865087,0.47635488207822846
scope_20260424_115654,sweep_6359,407,2976.93,0.4605333051537201,0.5157395432831047
scope_20260424_115654,sweep_6360,407,2962.96,0.45945144969865087,0.47394818041514325
scope_20260424_115654,sweep_6361,407,2962.82,0.45944059501907464,0.5441981808134311
scope_20260424_115654,sweep_6362,407,2962.67,0.4594289647206535,0.47268602256889564
scope_20260424_115654,sweep_6363,407,2962.82,0.45944059501907464,0.5657142477845378
scope_20260424_115654,sweep_6364,407,2962.82,0.45944059501907464,0.5636325638387413
scope_20260424_115654,sweep_6365,407,2962.67,0.4594289647206535,0.44915682587138955
scope_20260424_115654,sweep_6366,407,2976.93,0.4605333051537201,0.4563645935715413
scope_20260424_115654,sweep_6367,407,2962.96,0.45945144969865087,0.5609291243324772
scope_20260424_115654,sweep_6368,407,2962.96,0.45945144969865087,0.48377985826056036
scope_20260424_115654,sweep_6369,407,2976.49,0.4604992697309292,0.7475587464343038
scope_20260424_115654,sweep_6370,407,2976.49,0.4604992697309292,0.49249427143659125
scope_20260424_115654,sweep_6371,407,2976.78,0.46052170245127383,0.6079841754019784
scope_20260424_115654,sweep_6372,407,2976.93,0.4605333051537201,0.42992716538058046
scope_20260424_115654,sweep_6373,407,2976.78,0.46052170245127383,0.4529699868809794
scope_20260424_115654,sweep_6374,407,2976.63,0.46051009945649374,0.4142827755614437
scope_20260424_115654,sweep_6375,407,2976.93,0.4605333051537201,0.47812445512008334
scope_20260424_115654,sweep_6376,407,2976.93,0.4605333051537201,0.5442191212785383
scope_20260424_115654,sweep_6377,407,2963.11,0.45946307942791415,0.5010182020589591
scope_20260424_115654,sweep_6378,407,2962.82,0.45944059501907464,0.47347799515705946
scope_20260424_115654,sweep_6379,407,2962.52,0.45941733412780755,0.4890605932502089
scope_20260424_115654,sweep_6380,407,2962.67,0.4594289647206535,0.49041189172450395
scope_20260424_115654,sweep_6381,407,2976.78,0.46052170245127383,0.609935026899749
scope_20260424_115654,sweep_6382,407,2976.63,0.46051009945649374,0.6091504533473239
scope_20260424_115654,sweep_6383,407,2976.78,0.46052170245127383,0.4876930508046745
scope_20260424_115654,sweep_6384,407,2962.82,0.45944059501907464,0.5942334335207425
scope_20260424_115654,sweep_6385,407,2976.93,0.4605333051537201,0.49709568158762374
scope_20260424_115654,sweep_6386,407,2962.82,0.45944059501907464,0.5141649871103436
scope_20260424_115654,sweep_6387,407,2976.63,0.46051009945649374,0.4446564191740939
scope_20260424_115654,sweep_6388,407,2976.78,0.46052170245127383,0.4739645182736236
scope_20260424_115654,sweep_6389,407,2977.08,0.4605449075638545,0.640935893496191
scope_20260424_115654,sweep_6390,407,2962.96,0.45945144969865087,0.482581358622953
scope_20260424_115654,sweep_6391,407,2976.63,0.46051009945649374,0.5099039749944693
scope_20260424_115654,sweep_6392,407,2976.49,0.4604992697309292,0.4589633960563017
scope_20260424_115654,sweep_6393,407,2976.63,0.46051009945649374,0.48486953533972815
scope_20260424_115654,sweep_6394,407,2976.93,0.4605333051537201,0.537558976358712
scope_20260424_115654,sweep_6395,407,2976.93,0.4605333051537201,0.4979820142272772
scope_20260424_115654,sweep_6396,407,2976.49,0.4604992697309292,0.503158826253401
scope_20260424_115654,sweep_6397,407,2976.78,0.46052170245127383,0.7275240776869981
scope_20260424_115654,sweep_6398,407,2976.93,0.4605333051537201,0.494547268388223
scope_20260424_115654,sweep_6399,407,2962.82,0.45944059501907464,0.479244117369953
scope_20260424_115654,sweep_6400,407,2962.96,0.45945144969865087,0.45842797351897535
scope_20260424_115654,sweep_6401,407,2962.82,0.45944059501907464,0.49547200725775536
scope_20260424_115654,sweep_6402,407,2976.78,0.46052170245127383,0.5100533644940493
scope_20260424_115654,sweep_6403,407,2962.96,0.45945144969865087,0.8095713129947073
scope_20260424_115654,sweep_6404,407,2962.96,0.45945144969865087,0.5279458524358305
scope_20260424_115654,sweep_6405,407,2976.78,0.46052170245127383,0.4906238349709342
scope_20260424_115654,sweep_6406,407,2962.96,0.45945144969865087,0.4964759309682084
scope_20260424_115654,sweep_6407,407,2976.78,0.46052170245127383,0.4802281324890037
scope_20260424_115654,sweep_6408,407,2976.78,0.46052170245127383,0.4564003979566764
scope_20260424_115654,sweep_6409,407,2976.78,0.46052170245127383,0.5882140069934463
scope_20260424_115654,sweep_6410,407,2976.49,0.4604992697309292,0.47605324350582223
scope_20260424_115654,sweep_6411,407,2962.67,0.4594289647206535,0.5336478502417022
scope_20260424_115654,sweep_6412,407,2962.96,0.45945144969865087,0.4993508027716941
scope_20260424_115654,sweep_6413,407,2962.82,0.45944059501907464,0.515606004318735
scope_20260424_115654,sweep_6414,407,2976.93,0.4605333051537201,0.5136082143710557
scope_20260424_115654,sweep_6415,407,2962.67,0.4594289647206535,0.436658525409727
scope_20260424_115654,sweep_6416,407,2962.52,0.45941733412780755,0.4847859281381102
scope_20260424_115654,sweep_6417,407,2976.49,0.4604992697309292,0.5753085669470819
scope_20260424_115654,sweep_6418,407,2976.63,0.46051009945649374,0.501744953167239
scope_20260424_115654,sweep_6419,407,2976.93,0.4605333051537201,0.44079965848078434
scope_20260424_115654,sweep_6420,407,2976.63,0.46051009945649374,0.5264340830316904
scope_20260424_115654,sweep_6421,407,2962.82,0.45944059501907464,0.6130004100586126
scope_20260424_115654,sweep_6422,407,2976.49,0.4604992697309292,0.5708219166111372
scope_20260424_115654,sweep_6423,407,2976.63,0.46051009945649374,0.4618498500917855
scope_20260424_115654,sweep_6424,407,2962.96,0.47057377963288977,0.5144094719422782
scope_20260424_115654,sweep_6425,407,2976.63,0.46051009945649374,0.44766669170603857
scope_20260424_115654,sweep_6426,407,2962.82,0.45944059501907464,0.8045542129605457
scope_20260424_115654,sweep_6427,407,2977.08,0.4605449075638545,0.6693960937331502
scope_20260424_115654,sweep_6428,407,2976.63,0.46051009945649374,0.5130476383372964
scope_20260424_115654,sweep_6429,407,2976.78,0.46052170245127383,0.5011723329677181
scope_20260424_115654,sweep_6430,407,2962.52,0.45941733412780755,0.4983530298616398
scope_20260424_115654,sweep_6431,407,2976.63,0.46051009945649374,0.5333565335745959
scope_20260424_115654,sweep_6432,407,2976.93,0.4605333051537201,0.5104249464171149
scope_20260424_115654,sweep_6433,407,2976.78,0.47166994089931874,0.6134477585012618
scope_20260424_115654,sweep_6434,407,2976.93,0.4605333051537201,0.4709745196941361
scope_20260424_115654,sweep_6435,407,2962.82,0.47056266218490206,0.668870409689001
scope_20260424_115654,sweep_6436,407,2962.82,0.47056266218490206,0.4807979950778949
scope_20260424_115654,sweep_6437,407,2962.82,0.47056266218490206,0.6759427179477203
scope_20260424_115654,sweep_6438,407,2962.52,0.4705388381975616,0.5450661008377543
scope_20260424_115654,sweep_6439,407,2962.96,0.47057377963288977,0.48485148204732215
scope_20260424_115654,sweep_6440,407,2976.93,0.47168182447819884,0.6291566850301965
scope_20260424_115654,sweep_6441,407,2962.67,0.4705507503420079,0.4516006410538707
scope_20260424_115654,sweep_6442,407,2976.78,0.47166994089931874,0.7569814601895063
scope_20260424_115654,sweep_6443,407,2976.78,0.47166994089931874,0.46274811255950893
scope_20260424_115654,sweep_6444,407,2977.08,0.4716937077576909,0.5210175904297486
scope_20260424_115654,sweep_6445,407,2962.67,0.4705507503420079,0.5328208059451799
scope_20260424_115654,sweep_6446,407,2977.08,0.4716937077576909,0.45043235148381017
scope_20260424_115654,sweep_6447,407,2976.93,0.47168182447819884,0.5115451101454159
scope_20260424_115654,sweep_6448,407,2976.93,0.47168182447819884,0.7852879892156767
scope_20260424_115654,sweep_6449,407,2976.63,0.4716580570210279,0.5141993925366258
scope_20260424_115654,sweep_6450,407,2962.38,0.4705277199239911,0.3922975474619227
scope_20260424_115654,sweep_6451,407,2976.49,0.4716469651311348,0.5042041218969135
scope_20260424_115654,sweep_6452,407,2976.63,0.4716580570210279,0.5006400671092416
scope_20260424_115654,sweep_6453,407,2976.93,0.47168182447819884,0.487379771448276
scope_20260424_115654,sweep_6454,407,2962.96,0.47057377963288977,0.5836130506995653
scope_20260424_115654,sweep_6455,407,2976.93,0.47168182447819884,0.5925222191514088
scope_20260424_115654,sweep_6456,407,2962.96,0.47057377963288977,0.4969239182726725
scope_20260424_115654,sweep_6457,407,2976.93,0.47168182447819884,0.5794756606092699
scope_20260424_115654,sweep_6458,407,2976.78,0.47166994089931874,0.4521252956736469
scope_20260424_115654,sweep_6459,407,2962.96,0.47057377963288977,0.4282108597226192
scope_20260424_115654,sweep_6460,407,2976.78,0.47166994089931874,0.4598802881172287
scope_20260424_115654,sweep_6461,407,2962.67,0.4705507503420079,0.5806097325027322
scope_20260424_115654,sweep_6462,407,2962.82,0.47056266218490206,0.5168391578753415
scope_20260424_115654,sweep_6463,407,2976.63,0.4716580570210279,0.7103822566555206
scope_20260424_115654,sweep_6464,407,2976.78,0.47166994089931874,0.5285197849852525
scope_20260424_115654,sweep_6465,407,2976.34,0.4716350806739193,0.5227184283308769
scope_20260424_115654,sweep_6466,407,2962.67,0.4705507503420079,0.6788344331066881
scope_20260424_115654,sweep_6467,407,2976.78,0.47166994089931874,0.5006703554700035
scope_20260424_115654,sweep_6468,407,2976.93,0.47168182447819884,0.4921448145142587
scope_20260424_115654,sweep_6469,407,2977.08,0.4716937077576909,0.5282805345601461
scope_20260424_115654,sweep_6470,407,2962.67,0.4705507503420079,0.4910604465832886
scope_20260424_115654,sweep_6471,407,2962.67,0.4705507503420079,0.49734583145338235
scope_20260424_115654,sweep_6472,407,2962.82,0.47056266218490206,0.5747547464140947
scope_20260424_115654,sweep_6473,407,2976.93,0.47168182447819884,0.46752967414267044
scope_20260424_115654,sweep_6474,407,2962.67,0.4705507503420079,0.5768688378631405
scope_20260424_115654,sweep_6475,407,2976.34,0.4716350806739193,0.7182761473926713
scope_20260424_115654,sweep_6476,407,2962.82,0.47056266218490206,0.6509604311066869
scope_20260424_115654,sweep_6477,407,2977.08,0.4716937077576909,0.5891175522805617
scope_20260424_115654,sweep_6478,407,2976.93,0.47168182447819884,0.4636269710848014
scope_20260424_115654,sweep_6479,407,2977.08,0.4716937077576909,0.52694834372411
scope_20260424_115654,sweep_6480,407,2976.78,0.47166994089931874,0.5385534222162238
scope_20260424_115654,sweep_6481,407,2962.96,0.47057377963288977,0.6070839001165932
scope_20260424_115654,sweep_6482,407,2976.49,0.4716469651311348,0.8178671069900515
scope_20260424_115654,sweep_6483,407,2976.63,0.4716580570210279,0.47143462835397454
scope_20260424_115654,sweep_6484,407,2976.49,0.4716469651311348,0.630193781841994
scope_20260424_115654,sweep_6485,407,2977.08,0.4716937077576909,0.4550399540170238
scope_20260424_115654,sweep_6486,407,2976.63,0.4716580570210279,0.5149297270234172
scope_20260424_115654,sweep_6487,407,2962.52,0.4705388381975616,0.46961766917435915
scope_20260424_115654,sweep_6488,407,2962.82,0.47056266218490206,0.49651411422819713
scope_20260424_115654,sweep_6489,407,2976.63,0.4716580570210279,0.5253968261310181
scope_20260424_115654,sweep_6490,407,2976.93,0.47168182447819884,0.4336010232741407
scope_20260424_115654,sweep_6491,407,2963.11,0.47058569089284796,0.6587290393409849
scope_20260424_115654,sweep_6492,407,2962.82,0.47056266218490206,0.4848866188613453
scope_20260424_115654,sweep_6493,407,2976.78,0.47166994089931874,0.6503532778773348
scope_20260424_115654,sweep_6494,407,2962.96,0.47057377963288977,0.7534878333685829
scope_20260424_115654,sweep_6495,407,2962.82,0.47056266218490206,0.5159967369103053
scope_20260424_115654,sweep_6496,407,2976.78,0.47166994089931874,0.5138031989692603
scope_20260424_115654,sweep_6497,407,2962.96,0.47057377963288977,0.5066235022654315
scope_20260424_115654,sweep_6498,407,2976.93,0.47168182447819884,0.47730821686442576
scope_20260424_115654,sweep_6499,407,2976.63,0.4716580570210279,0.5894632060396445
scope_20260424_115654,sweep_6500,407,2962.67,0.4705507503420079,0.47362786662476
scope_20260424_115654,sweep_6501,407,2976.93,0.47168182447819884,0.5892872234151112
scope_20260424_115654,sweep_6502,407,2976.63,0.4716580570210279,0.4531185835445597
scope_20260424_115654,sweep_6503,407,2962.67,0.4705507503420079,0.4689884035494023
scope_20260424_115654,sweep_6504,407,2976.93,0.47168182447819884,0.6228002848378796
scope_20260424_115654,sweep_6505,407,2962.96,0.47057377963288977,0.49962335868557994
scope_20260424_115654,sweep_6506,407,2976.63,0.4716580570210279,0.5149521364516191
scope_20260424_115654,sweep_6507,407,2976.93,0.47168182447819884,0.5111239199006438
scope_20260424_115654,sweep_6508,407,2962.52,0.4705388381975616,0.5502005086485368
scope_20260424_115654,sweep_6509,407,2977.08,0.4716937077576909,0.48193691506702496
scope_20260424_115654,sweep_6510,407,2976.93,0.47168182447819884,0.48467724653345623
scope_20260424_115654,sweep_6511,407,2976.93,0.47168182447819884,0.8658081744953696
scope_20260424_115654,sweep_6512,407,2962.82,0.47056266218490206,0.43884096068577594
scope_20260424_115654,sweep_6513,407,2963.11,0.47058569089284796,0.6952888436795218
scope_20260424_115654,sweep_6514,407,2962.67,0.4705507503420079,0.5075430172514255
scope_20260424_115654,sweep_6515,407,2976.93,0.47168182447819884,0.5227840210052535
scope_20260424_115654,sweep_6516,407,2976.49,0.4716469651311348,0.5017438715338949
scope_20260424_115654,sweep_6517,407,2963.11,0.47058569089284796,0.45680125068630256
scope_20260424_115654,sweep_6518,407,2976.93,0.47168182447819884,0.6264222224742069
scope_20260424_115654,sweep_6519,407,2962.52,0.4705388381975616,0.5864687112618919
scope_20260424_115654,sweep_6520,407,2962.82,0.47056266218490206,0.5423216086165003
scope_20260424_115654,sweep_6521,407,2962.96,0.47057377963288977,0.48774306793159483
scope_20260424_115654,sweep_6522,407,2962.67,0.4705507503420079,0.577519513629625
scope_20260424_115654,sweep_6523,407,2976.78,0.47166994089931874,0.4392768103818102
scope_20260424_115654,sweep_6524,407,2962.82,0.47056266218490206,0.5208774409335888
scope_20260424_115654,sweep_6525,407,2976.78,0.47166994089931874,0.43781729648489337
scope_20260424_115654,sweep_6526,407,2963.11,0.47058569089284796,0.520012214084931
scope_20260424_115654,sweep_6527,407,2976.63,0.4716580570210279,0.7669618659583204
scope_20260424_115654,sweep_6528,407,2976.63,0.4716580570210279,0.5283430963417581
scope_20260424_115654,sweep_6529,407,2962.82,0.47056266218490206,0.5338046941029517
scope_20260424_115654,sweep_6530,407,2976.93,0.47168182447819884,0.4365891994515513
scope_20260424_115654,sweep_6531,407,2976.93,0.47168182447819884,0.3880507814881583
scope_20260424_115654,sweep_6532,407,2976.78,0.47166994089931874,0.4992211537804911
scope_20260424_115654,sweep_6533,407,2962.67,0.4705507503420079,0.8915700771032834
scope_20260424_115654,sweep_6534,407,2976.63,0.4716580570210279,0.4667195405327114
scope_20260424_115654,sweep_6535,407,2976.78,0.47166994089931874,0.5847446124791639
scope_20260424_115654,sweep_6536,407,2976.78,0.47166994089931874,0.6352008325139331
scope_20260424_115654,sweep_6537,407,2962.96,0.47057377963288977,0.529355793175
scope_20260424_115654,sweep_6538,407,2962.67,0.4705507503420079,0.5762487721293716
scope_20260424_115654,sweep_6539,407,2976.63,0.4716580570210279,0.4969535094835531
scope_20260424_115654,sweep_6540,407,2976.93,0.47168182447819884,0.49963141233887715
scope_20260424_115654,sweep_6541,407,2976.93,0.47168182447819884,0.5688123248670547
scope_20260424_115654,sweep_6542,407,2976.93,0.47168182447819884,0.5307153349411647
scope_20260424_115654,sweep_6543,407,2962.82,0.47056266218490206,0.5317752331510728
scope_20260424_115654,sweep_6544,407,2976.49,0.4716469651311348,0.5616024005272813
scope_20260424_115654,sweep_6545,407,2976.78,0.47166994089931874,0.6098280310760091
scope_20260424_115654,sweep_6546,407,2976.93,0.47168182447819884,0.4741059625478896
scope_20260424_115654,sweep_6547,407,2962.96,0.47057377963288977,0.5082297670198233
scope_20260424_115654,sweep_6548,408,2840.51,0.46074750445909934,0.558279288794195
scope_20260424_115654,sweep_6549,408,2828.19,0.45974723027600756,0.5531468476662054
scope_20260424_115654,sweep_6550,408,2840.91,0.4607799444987408,0.5326871854115489
scope_20260424_115654,sweep_6551,408,2841.04,0.4607904870198922,0.5957240856121937
scope_20260424_115654,sweep_6552,408,2840.77,0.4607685907446614,0.686204568686968
scope_20260424_115654,sweep_6553,408,2841.18,0.4608018402344663,0.4552036750305539
scope_20260424_115654,sweep_6554,408,2840.91,0.4607799444987408,0.5289085821170151
scope_20260424_115654,sweep_6555,408,2840.91,0.4607799444987408,0.6139778969911968
scope_20260424_115654,sweep_6556,408,2840.91,0.4607799444987408,0.43821178287062224
scope_20260424_115654,sweep_6557,408,2841.04,0.4607904870198922,0.3907273970634182
scope_20260424_115654,sweep_6558,409,2625.13,0.44293524379828353,0.40653736439564364
scope_20260424_115654,sweep_6559,409,2647.49,0.4448176327783585,0.40557411078574024
scope_20260424_115654,sweep_6560,409,2647.49,0.4448176327783585,0.3004706297939556
scope_20260424_115654,sweep_6561,409,2647.49,0.4448176327783585,0.5771359365653213
scope_20260424_115654,sweep_6562,409,2647.6,0.44482687349907335,0.47069527636565783
scope_20260424_115654,sweep_6563,409,2647.72,0.44483695406637824,0.40575200683260054
scope_20260424_115654,sweep_6564,409,2647.49,0.4448176327783585,0.4671971573085623
scope_20260424_115654,sweep_6565,409,2647.6,0.44482687349907335,0.4733502779293282
scope_20260424_115654,sweep_6566,409,2647.6,0.4343130891260206,0.4829857125892598
scope_20260424_115654,sweep_6567,409,2647.49,0.4343040668159973,0.4454882771413964
scope_20260424_115654,sweep_6568,409,2647.37,0.4342942240822025,0.3968075814697602
scope_20260424_115654,sweep_6580,411,2278.94,0.4029425936127595,0.47698483279443504
scope_20260424_115654,sweep_6581,411,2270.75,0.40221789920739476,0.527220825691689
scope_20260424_115654,sweep_6582,411,2279.03,0.40295055004763475,0.4744065716836703
scope_20260424_115654,sweep_6583,411,2270.83,0.4022249843441411,0.6703304376963828
scope_20260424_115654,sweep_6584,411,2271.26,0.40226306481611707,0.5708934972890785
scope_20260424_115654,sweep_6585,411,2270.66,0.4022099282793701,0.48022660208881096
scope_20260424_115654,sweep_6586,411,2279.03,0.40295055004763475,0.6837081459221721
scope_20260424_115654,sweep_6587,411,2270.66,0.3928107140408861,0.5654008167626017
scope_20260424_115654,sweep_6588,411,2270.92,0.39283320262619137,0.4944230324644139
scope_20260424_115654,sweep_6589,411,2270.75,0.3928184986968799,0.4239764752572086
scope_20260424_115654,sweep_6590,412,2060.16,0.3741603347012223,0.5474618850102672
scope_20260424_115654,sweep_6591,412,2080.95,0.37604350565280237,0.4157253632136311
scope_20260424_115654,sweep_6592,412,2080.88,0.3760371808331848,0.5419931676473513
scope_20260424_115654,sweep_6593,412,2087.83,0.37666462687748564,0.4275100405236513
scope_20260424_115654,sweep_6594,412,2087.9,0.3766709411614272,0.40967727096787787
scope_20260424_115654,sweep_6595,412,2087.76,0.37665831248769177,0.5265234780182991
scope_20260424_115654,sweep_6596,412,2081.09,0.37605615497290945,0.6487592160033773
scope_20260424_115654,sweep_6597,412,2080.8,0.3760299523376423,0.4575492753420713
scope_20260424_115654,sweep_6598,412,2080.8,0.3760299523376423,0.3614691051015778
scope_20260424_115654,sweep_6599,412,2087.76,0.37665831248769177,0.6045092586912634
scope_20260424_115654,sweep_6600,412,2087.83,0.37666462687748564,0.46263506224340695
scope_20260424_115654,sweep_6612,414,1709.4,0.33294791577034843,0.5557542148693909
scope_20260424_115654,sweep_6613,414,1709.35,0.3329430463666031,0.4079699835619143
scope_20260424_115654,sweep_6614,414,1709.35,0.3329430463666031,0.5503652456966796
scope_20260424_115654,sweep_6615,414,1709.35,0.3329430463666031,0.5392772693832972
scope_20260424_115654,sweep_6616,414,1714.09,0.33340434964208315,0.6656813067116872
scope_20260424_115654,sweep_6617,414,1709.35,0.3329430463666031,0.5535139534272273
scope_20260424_115654,sweep_6618,414,1709.4,0.3253405321342194,0.2744007143439409
scope_20260424_115654,sweep_6619,414,1709.26,0.32532720915331187,0.3682158337649754
scope_20260424_115654,sweep_6620,414,1709.4,0.3253405321342194,0.33997104188535365
scope_20260424_115654,sweep_6621,414,1709.35,0.3253357739893845,0.28076893778404544
scope_20260424_115654,sweep_6622,414,1709.3,0.32533101577495926,0.43769798443442565
scope_20260424_115654,sweep_6623,415,1521.22,0.3069109165386572,0.3385889076512154
scope_20260424_115654,sweep_6624,415,1521.14,0.3069028463068247,0.2757670470172984
scope_20260424_115654,sweep_6625,415,1521.11,0.30689981991517584,0.258646737354941
scope_20260424_115654,sweep_6626,415,1521.18,0.30690688144926714,0.31676628088272024
scope_20260424_115654,sweep_6627,415,1521.14,0.3069028463068247,0.34827764575841835
scope_20260424_115654,sweep_6628,415,1521.26,0.306914951574997,0.31040794591921667
scope_20260424_115654,sweep_6629,415,1521.26,0.306914951574997,0.351885352238884
scope_20260424_115654,sweep_6630,415,1521.18,0.30690688144926714,0.4015810079910558
scope_20260424_115654,sweep_6631,415,1521.26,0.2999802757251766,0.3537514920628519
scope_20260424_115654,sweep_6632,415,1521.22,0.29997633185959577,0.3383383166162752
scope_20260424_115654,sweep_6633,416,1335.17,0.2810342555502933,0.27118400909206514
scope_20260424_115654,sweep_6634,416,1334.91,0.28100689107086424,0.2759551281585166
scope_20260424_115654,sweep_6635,416,1332.3,0.28073204601240115,0.3042859960366667
scope_20260424_115654,sweep_6636,416,1332.33,0.2807352066796572,0.39805298741502704
scope_20260424_115654,sweep_6637,416,1332.27,0.2807288853095597,0.22908239150931706
scope_20260424_115654,sweep_6638,416,1335.11,0.2810279409069241,0.40262312759936636
scope_20260424_115654,sweep_6639,416,1332.21,0.2807225637971163,0.3418657434256045
scope_20260424_115654,sweep_6640,416,1334.96,0.28101215367770277,0.3874590992889992
scope_20260424_115654,sweep_6641,416,1332.33,0.2807352066796572,0.23141239790115414
scope_20260424_115654,sweep_6642,416,1332.21,0.2807225637971163,0.3540595605554645
scope_20260424_115654,sweep_6643,416,1332.42,0.27447141156735577,0.26244147637584875
scope_20260424_115654,sweep_6644,417,1143.77,0.2542997276023546,0.2602801072108423
scope_20260424_115654,sweep_6645,417,1143.62,0.25428305195521617,0.27495357496360134
scope_20260424_115654,sweep_6646,417,1143.64,0.2542852754380183,0.276534429877524
scope_20260424_115654,sweep_6647,417,1143.69,0.2542908340599657,0.35437926679019793
scope_20260424_115654,sweep_6648,417,1143.64,0.2542852754380183,0.4427117576485528
scope_20260424_115654,sweep_6649,417,1143.69,0.2542908340599657,0.2658775727951623
scope_20260424_115654,sweep_6650,417,1145.72,0.254516411591227,0.3062387903864915
scope_20260424_115654,sweep_6651,417,1143.77,0.2542997276023546,0.28053928110797666
scope_20260424_115654,sweep_6652,417,1145.67,0.2545108578959858,0.2969389150947802
scope_20260424_115654,sweep_6653,417,1143.75,0.25429750424591674,0.3498713860932158
scope_20260424_115654,sweep_6654,418,934.14,0.22461197739384114,0.2217540571956716
scope_20260424_115654,sweep_6655,419,955.69,0.22890438988064976,0.26303637398935886
scope_20260424_115654,sweep_6656,419,955.72,0.22891035384814973,0.3446124416775715
scope_20260424_115654,sweep_6657,419,955.66,0.22889842588132325,0.3459884940894404
scope_20260424_115654,sweep_6658,419,955.66,0.22889842588132325,0.22918543676704062
scope_20260424_115654,sweep_6659,419,955.7,0.22890637787335263,0.21384674924570116
scope_20260424_115654,sweep_6660,419,955.76,0.23421023450851114,0.2571710988045016
scope_20260424_115654,sweep_6661,419,955.69,0.23419599693910004,0.27227523297077266
scope_20260424_115654,sweep_6662,419,955.67,0.2341919290295638,0.24411076875387328
scope_20260424_115654,sweep_6663,419,955.69,0.23419599693910004,0.35737244394895457
scope_20260424_115654,sweep_6664,419,955.67,0.2341919290295638,0.17307898492134574
scope_20260424_115654,sweep_6665,420,770.97,0.20053748241715255,0.18840969713504638
scope_20260424_115654,sweep_6666,420,770.96,0.2005353234966509,0.1990303640617931
scope_20260424_115654,sweep_6667,420,771.87,0.20073176577704624,0.2061073885239965
scope_20260424_115654,sweep_6668,420,772.8,0.20093248479578277,0.25074212256029577
scope_20260424_115654,sweep_6669,420,774.78,0.20135968537001805,0.3312587485527483
scope_20260424_115654,sweep_6670,420,775.69,0.20155596275681126,0.2286374758151172
scope_20260424_115654,sweep_6671,420,777.66,0.20198073693372984,0.18491034697632358
scope_20260424_115654,sweep_6672,420,776.78,0.20179101272709996,0.25301906094987187
scope_20260424_115654,sweep_6673,420,778.67,0.20219844360380768,0.2372572343564282
scope_20260424_115654,sweep_6674,420,780.61,0.20261647826841708,0.2264254844114909
scope_20260424_115654,sweep_6675,420,782.63,0.2030515638324733,0.18558839619233206
scope_20260424_115654,sweep_6676,421,557.48,0.1532232827199035,0.18930270936267354
scope_20260424_115654,sweep_6677,421,598.25,0.16246772449068309,0.17370408801575524
scope_20260424_115654,sweep_6678,421,602.85,0.16350390931366135,0.23629152530236833
scope_20260424_115654,sweep_6679,421,606.99,0.16443532683299997,0.18761140613265198
scope_20260424_115654,sweep_6680,421,610.59,0.1614687797854578,0.22165167940717523
scope_20260424_115654,sweep_6681,421,616.59,0.16278463075062707,0.19909875299766083
scope_20260424_115654,sweep_6682,421,621.53,0.16386638105727286,0.18718970191521297
scope_20260424_115654,sweep_6683,421,626.53,0.16495978269728165,0.19540524357435965
scope_20260424_115654,sweep_6684,421,629.68,0.1656478637149089,0.22957394371635312
scope_20260424_115654,sweep_6685,421,633.55,0.16273056038253111,0.17976346550840916
scope_20260424_115654,sweep_6686,422,424.95,0.11681843366446172,0.1314019158868242
scope_20260424_115654,sweep_6687,423,457.13,0.12411490737730159,0.12052293058865313
scope_20260424_115654,sweep_6688,423,466.74,0.12627670615520253,0.1184556666429794
scope_20260424_115654,sweep_6689,423,474.57,0.12803249535184233,0.1382882379519937
scope_20260424_115654,sweep_6690,423,480.06,0.12926062729088592,0.1313827453777818
scope_20260424_115654,sweep_6691,423,484.92,0.1274332397735875,0.18541053892253387
scope_20260424_115654,sweep_6692,423,491.44,0.12885374971466657,0.18558945146186806
scope_20260424_115654,sweep_6693,423,498.91,0.13047730498166724,0.1743237201414191
scope_20260424_115654,sweep_6694,423,505.78,0.13196680904635427,0.21609576998897345
scope_20260424_115654,sweep_6695,423,510.8,0.13305303390812995,0.1577862808524574
scope_20260424_115654,sweep_6696,423,515.46,0.13405973882832406,0.12338126412292806
scope_20260424_115654,sweep_6697,424,364.67,0.09836672835080282,0.11723375018576686
scope_20260424_115654,sweep_6698,424,364.46,0.09831971005981235,0.10543506159021235
scope_20260424_115654,sweep_6699,424,365.33,0.0985144701723002,0.1293135545807602
scope_20260424_115654,sweep_6700,424,364.04,0.09822565965727978,0.05796210965040416
scope_20260424_115654,sweep_6701,424,364.7,0.09837344487371182,0.08636420836184545
scope_20260424_115654,sweep_6702,424,368.12,0.09913851503514089,0.08097426970818836
scope_20260424_115654,sweep_6703,424,375.47,0.10077867584965965,0.10612370551878812
scope_20260424_115654,sweep_6704,424,383.34,0.10252883704862233,0.06780507098307527
scope_20260424_115654,sweep_6705,424,388.58,0.10369073784277494,0.08957806767482264
scope_20260424_115654,sweep_6706,424,396.03,0.10533810652771888,0.08732950917543485
scope_20260424_115654,sweep_6707,424,400.62,0.1063504364321751,0.14830702498821574
scope_20260424_115654,sweep_6708,424,363.84,0.09818086726880226,0.06111307989659358
scope_20260424_115654,sweep_6709,424,363.83,0.1003973627123218,0.09147282564835212
scope_20260424_115654,sweep_6710,424,364.04,0.10044545770717157,0.08043664188508162
scope_20260424_115654,sweep_6711,424,363.82,0.10039507235677847,0.06598746270564539
scope_20260424_115654,sweep_6712,424,362.98,0.1002026442508462,0.048987406341888286
scope_20260424_115654,sweep_6713,424,364.06,0.10045003793684874,0.08540463628406257
scope_20260424_115654,sweep_6714,424,363.83,0.10269202958777088,0.08887253114608475
scope_20260424_115654,sweep_6715,424,363.62,0.10264283051371083,0.04939209365919328
scope_20260424_115654,sweep_6716,424,363.39,0.10258894027086765,0.07790656119409288
scope_20260424_115654,sweep_6717,424,364.05,0.1027435662973439,0.08572076622301802
scope_20260424_115654,sweep_6718,424,364.05,0.1027435662973439,0.08637014006632256
scope_20260424_115654,sweep_6719,424,363.83,0.10506597212725893,0.06851525447468683
scope_20260424_115654,sweep_6720,424,363.83,0.10506597212725893,0.11190190533330321
scope_20260424_115654,sweep_6721,424,364.05,0.10511870021641312,0.12630076796522427
scope_20260424_115654,sweep_6722,424,364.46,0.10521695174997497,0.11570460419588291
scope_20260424_115654,sweep_6723,424,364.05,0.10757667332733062,0.12200721544642064
scope_20260424_115654,sweep_6724,424,364.69,0.10773361933909364,0.11544610379949716
scope_20260424_115654,sweep_6725,424,364.89,0.10778265536239369,0.11466152837939048
scope_20260424_115654,sweep_6726,424,363.84,0.1075251652000326,0.11623035278767142
scope_20260424_115654,sweep_6727,424,364.46,0.10767722226018588,0.12211813239366892
scope_20260424_115654,sweep_6728,424,364.27,0.10763062880533648,0.12405849934521428
scope_20260424_115654,sweep_6729,424,363.83,0.10752271230602388,0.12704705568325203
scope_20260424_115654,sweep_6730,424,364.25,0.10762572399084039,0.12456145460638089
scope_20260424_115654,sweep_6731,424,364.47,0.1076796744328809,0.12232019070043884
scope_20260424_115654,sweep_6732,424,364.45,0.1076747700760528,0.13275836754955445
scope_20260424_115654,sweep_6733,424,364.25,0.10762572399084039,0.11332521413808473
scope_20260424_115654,sweep_6734,424,364.25,0.10762572399084039,0.14501398883989855
scope_20260424_115654,sweep_6735,424,364.24,0.10762327156642391,0.14168327645994908
scope_20260424_115654,sweep_6736,424,363.85,0.10752761808258052,0.11478825651133491
scope_20260424_115654,sweep_6737,424,364.68,0.10773116741794235,0.12089490890529157
scope_20260424_115654,sweep_6738,424,364.45,0.10521455559474181,0.11773219404863575
scope_20260424_115654,sweep_6739,424,363.82,0.10506357526717042,0.12609440874737926
scope_20260424_115654,sweep_6740,424,364.04,0.10511630360262673,0.10259218533320838
scope_20260424_115654,sweep_6741,424,364.06,0.1051210968190081,0.11817821240214432
scope_20260424_115654,sweep_6742,424,364.26,0.10516902652126459,0.10097727568219532
scope_20260424_115654,sweep_6743,424,364.05,0.10511870021641312,0.1186665917488836
scope_20260424_115654,sweep_6744,424,364.24,0.10278807101309258,0.12685127951444175
scope_20260424_115654,sweep_6745,424,363.41,0.10259362660907692,0.12116506568888404
scope_20260424_115654,sweep_6746,424,363.61,0.10264048758019571,0.12481478503542935
scope_20260424_115654,sweep_6747,424,364.04,0.10274122383451907,0.1215982874937662
scope_20260424_115654,sweep_6748,424,363.41,0.10259362660907692,0.10257482475202391
scope_20260424_115654,sweep_6749,424,363.84,0.10039965305716342,0.06656759459016806
scope_20260424_115654,sweep_6750,425,176.7,0.0551293510750842,0.07541040534954294
scope_20260424_115654,sweep_6751,425,176.7,0.0551293510750842,0.10444009828312535
scope_20260424_115654,sweep_6752,425,176.7,0.0551293510750842,0.08560603786188421
scope_20260424_115654,sweep_6753,425,176.7,0.053911017973700626,0.07794310843019066
scope_20260424_115654,sweep_6754,425,176.7,0.053911017973700626,0.07659894473602558
scope_20260424_115654,sweep_6755,425,176.7,0.053911017973700626,0.1179938983031522
scope_20260424_115654,sweep_6756,425,176.7,0.053911017973700626,0.07527925379737035
scope_20260424_115654,sweep_6757,425,176.7,0.053911017973700626,0.07431914649657631
scope_20260424_115654,sweep_6758,425,176.7,0.05273263572612952,0.07121519473462018
scope_20260424_115654,sweep_6759,425,176.7,0.05273263572612952,0.08698912846207048
scope_20260424_115654,sweep_6760,425,176.7,0.05273263572612952,0.08811077188381536
scope_20260424_115654,sweep_6761,425,176.7,0.05273263572612952,0.08917293701059278
scope_20260424_115654,sweep_6762,425,176.7,0.05273263572612952,0.06351636030276848
scope_20260424_115654,sweep_6763,425,176.7,0.05273263572612952,0.06725553359055814
scope_20260424_115654,sweep_6764,425,176.7,0.05159254700327686,0.07628006175011331
scope_20260424_115654,sweep_6765,425,176.7,0.05159254700327686,0.1016210362226171
scope_20260424_115654,sweep_6766,425,176.7,0.05159254700327686,0.09128611711604136
scope_20260424_115654,sweep_6767,425,176.7,0.05159254700327686,0.07363134720257287
scope_20260424_115654,sweep_6768,425,176.7,0.05159254700327686,0.0951753603000286
scope_20260424_115654,sweep_6769,425,176.7,0.05159254700327686,0.08883701183845785
scope_20260424_115654,sweep_6770,425,176.7,0.05048917631355692,0.06922316733078628
scope_20260424_115654,sweep_6771,425,176.7,0.05048917631355692,0.09582159544337461
scope_20260424_115654,sweep_6772,425,176.7,0.05048917631355692,0.06876762867817586
scope_20260424_115654,sweep_6773,425,176.7,0.05048917631355692,0.07438656137471888
scope_20260424_115654,sweep_6774,425,176.7,0.05048917631355692,0.11620983592593254
scope_20260424_115654,sweep_6775,425,176.7,0.05048917631355692,0.06309631953547072
scope_20260424_115654,sweep_6776,425,176.7,0.04942102536547657,0.12225314968036986
scope_20260424_115654,sweep_6777,425,176.7,0.04942102536547657,0.0891318168429241
scope_20260424_115654,sweep_6778,425,176.7,0.04942102536547657,0.06681756081036416
scope_20260424_115654,sweep_6779,425,176.7,0.04942102536547657,0.1783244321775289
scope_20260424_115654,sweep_6780,425,176.7,0.04942102536547657,0.09135434045958978
scope_20260424_115654,sweep_6781,425,176.7,0.04942102536547657,0.09715336804492543
scope_20260424_115654,sweep_6782,425,176.7,0.04838666872471354,0.12110937081498724
scope_20260424_115654,sweep_6783,425,176.7,0.04838666872471354,0.09682698699801492
scope_20260424_115654,sweep_6784,425,176.7,0.04838666872471354,0.10669566435038573
scope_20260424_115654,sweep_6785,425,176.7,0.04838666872471354,0.05300629914319257
scope_20260424_115654,sweep_6786,425,176.7,0.04838666872471354,0.05822358751009028
scope_20260424_115654,sweep_6787,425,176.7,0.04838666872471354,0.051547216475968764
scope_20260424_115654,sweep_6788,425,176.7,0.04838666872471354,0.08449305418984208
scope_20260424_115654,sweep_6789,425,176.7,0.04838666872471354,0.08988817136763165
scope_20260424_115654,sweep_6790,425,176.7,0.04838666872471354,0.05115001194844408
scope_20260424_115654,sweep_6791,425,176.7,0.04838666872471354,0.04796443262244888
scope_20260424_115654,sweep_6792,425,176.7,0.04838666872471354,0.04949851329098895
scope_20260424_115654,sweep_6793,425,176.7,0.04838666872471354,0.08080122962230778
scope_20260424_115654,sweep_6794,425,176.7,0.04942102536547657,0.06041627115423688
scope_20260424_115654,sweep_6795,425,176.7,0.04942102536547657,0.050759091133376004
scope_20260424_115654,sweep_6796,425,176.7,0.04942102536547657,0.06499994405685977
scope_20260424_115654,sweep_6797,425,176.7,0.04942102536547657,0.06746975755905675
scope_20260424_115654,sweep_6798,425,176.7,0.04942102536547657,0.06067778461578255
scope_20260424_115654,sweep_6799,425,176.7,0.04942102536547657,0.05943144094808136
scope_20260424_115654,sweep_6800,425,176.7,0.05048917631355692,0.052757561651350475
scope_20260424_115654,sweep_6801,425,176.7,0.05048917631355692,0.15097749968698507
scope_20260424_115654,sweep_6802,426,364.04,0.09199107780474748,0.11051858624377256
scope_20260424_115654,sweep_6803,426,364.46,0.09207915863746603,0.15336134085140998
scope_20260424_115654,sweep_6804,426,364.9,0.09418569330936451,0.123770130861242
scope_20260424_115654,sweep_6805,426,364.92,0.0941899779770135,0.14379002255744525
scope_20260424_115654,sweep_6806,426,365.11,0.09423068032900395,0.14864100491724552
scope_20260424_115654,sweep_6807,426,364.89,0.09626481289790936,0.07647274404687167
scope_20260424_115654,sweep_6808,426,365.1,0.09631079425192007,0.09698419739558473
scope_20260424_115654,sweep_6809,426,364.89,0.09626481289790936,0.06437182436414181
scope_20260424_115654,sweep_6810,426,364.89,0.09841598067138822,0.06459529276948893
scope_20260424_115654,sweep_6811,426,364.47,0.09832194913046566,0.06824381419714638
scope_20260424_115654,sweep_6812,426,364.91,0.09842045790471328,0.09923329887067844
scope_20260424_115654,sweep_6813,426,364.89,0.09841598067138822,0.05626499636263959
scope_20260424_115654,sweep_6814,426,365.11,0.09846522794403448,0.05119482504145086
scope_20260424_115654,sweep_6815,426,365.12,0.09846746633654446,0.11900767848218276
scope_20260424_115654,sweep_6816,426,364.9,0.09841821929326539,0.0851578319591422
scope_20260424_115654,sweep_6817,426,364.89,0.09841598067138822,0.16270054714477195
scope_20260424_115654,sweep_6818,426,364.89,0.09841598067138822,0.2533042630039884
scope_20260424_115654,sweep_6819,426,365.54,0.09856146941507135,0.07468273034413889
scope_20260424_115654,sweep_6820,426,365.96,0.09865545413400434,0.06889591964120875
scope_20260424_115654,sweep_6821,426,365.76,0.0986107017941233,0.04195584644533857
scope_20260424_115654,sweep_6822,426,365.32,0.09851223199858082,0.0835537256387702
scope_20260424_115654,sweep_6823,426,365.76,0.0986107017941233,0.05691377297849232
scope_20260424_115654,sweep_6824,426,366.19,0.09870691418522025,0.06624762811639479
scope_20260424_115654,sweep_6825,426,365.75,0.098608464067945,0.06925734920179966
scope_20260424_115654,sweep_6826,426,365.33,0.0985144701723002,0.07138389523258636
scope_20260424_115654,sweep_6827,426,365.32,0.09851223199858082,0.040930510226681614
scope_20260424_115654,sweep_6828,426,365.54,0.09856146941507135,0.07487666976012032
scope_20260424_115654,sweep_6829,426,365.75,0.09645308900946244,0.06709349777896455
scope_20260424_115654,sweep_6830,426,364.89,0.09626481289790936,0.047508149585384164
scope_20260424_115654,sweep_6831,426,364.46,0.09617064656081964,0.0535045937143156
scope_20260424_115654,sweep_6832,426,364.89,0.09626481289790936,0.06914864103742646
scope_20260424_115654,sweep_6833,426,365.52,0.09640274347525618,0.1777076044703049
scope_20260424_115654,sweep_6834,426,363.81,0.0960282662320714,0.06896931878658177
scope_20260424_115654,sweep_6835,426,364.46,0.09617064656081964,0.0714010405054339
scope_20260424_115654,sweep_6836,426,365.11,0.09423068032900395,0.06760132762508295
scope_20260424_115654,sweep_6837,426,364.91,0.09418783564817924,0.10364310705440782
scope_20260424_115654,sweep_6838,426,364.69,0.09414070188820337,0.11723975102355337
scope_20260424_115654,sweep_6839,426,364.46,0.09409142051600598,0.07681505987080514
scope_20260424_115654,sweep_6840,426,364.25,0.09404641986298835,0.061423637440923474
scope_20260424_115654,sweep_6841,426,364.47,0.09409356329427777,0.08925077391803744
scope_20260424_115654,sweep_6842,426,364.67,0.0921231925821587,0.052125076523401266
scope_20260424_115654,sweep_6843,426,365.76,0.0923516805361729,0.1538686367509397
scope_20260424_115654,sweep_6844,426,365.12,0.0922175365236154,0.07316081783275714
scope_20260424_115654,sweep_6845,426,365.76,0.0923516805361729,0.15152472157280256
scope_20260424_115654,sweep_6846,426,365.32,0.09225946081828278,0.12850390806920842
scope_20260424_115654,sweep_6847,426,364.9,0.09217141529006252,0.12264522756882401
scope_20260424_115654,sweep_6848,426,364.04,0.09199107780474748,0.12714316133895354
scope_20260424_115654,sweep_6849,426,365.34,0.09031171965538315,0.11179874016355629
scope_20260424_115654,sweep_6850,426,364.69,0.09017833555775343,0.14594274856343953
scope_20260424_115654,sweep_6851,426,365.33,0.09030966789806902,0.09832370906978269
scope_20260424_115654,sweep_6852,426,365.12,0.09026657878852389,0.12380042738038656
scope_20260424_115654,sweep_6853,426,365.31,0.09030556435479785,0.2485158284162889
scope_20260424_115654,sweep_6854,427,502.99,0.11776050972941565,0.36482387053417714
scope_20260424_115654,sweep_6855,427,511.64,0.11943894057513096,0.17618686245308354
scope_20260424_115654,sweep_6856,427,517.17,0.12050944181452518,0.19339945750338094
scope_20260424_115654,sweep_6857,427,519.78,0.12101401059671604,0.19747082680026146
scope_20260424_115654,sweep_6858,427,525.05,0.1220315045358791,0.15310947650187118
scope_20260424_115654,sweep_6859,427,529.49,0.12288740076459986,0.2300459615578931
scope_20260424_115654,sweep_6860,427,534.07,0.1237690073244822,0.18832155523304867
scope_20260424_115654,sweep_6861,427,538.66,0.12465125024869676,0.25269583084084435
scope_20260424_115654,sweep_6862,427,542.88,0.12546124841881576,0.3245384453177543
scope_20260424_115654,sweep_6863,427,546.19,0.12609582968787686,0.21761468361474867
scope_20260424_115654,sweep_6864,428,761.45,0.1661375379276585,0.3359528257136461
scope_20260424_115654,sweep_6865,429,736.28,0.16505840441335876,0.26492840565903186
scope_20260424_115654,sweep_6866,429,732.86,0.16442179862363082,0.3646883113985536
scope_20260424_115654,sweep_6867,429,731.97,0.16425604946797476,0.4022457945097747
scope_20260424_115654,sweep_6868,429,729.38,0.16735254774642694,0.23096255564100343
scope_20260424_115654,sweep_6869,429,728.51,0.167186848751899,0.22796082098577164
scope_20260424_115654,sweep_6870,429,726.85,0.16687059407482774,0.34758857489447265
scope_20260424_115654,sweep_6871,429,725.11,0.16653896637233814,0.2278864900098902
scope_20260424_115654,sweep_6872,429,723.49,0.1699034295082342,0.28917519067315467
scope_20260424_115654,sweep_6873,429,721.8,0.16957395584139387,0.2540452559569043
scope_20260424_115654,sweep_6874,429,721.68,0.1695505562782331,0.2855502884327184
scope_20260424_115654,sweep_6875,430,904.34,0.20446947776372432,0.26749614548229944
scope_20260424_115654,sweep_6876,430,901.69,0.20853008323147887,0.26737524782920524
scope_20260424_115654,sweep_6877,430,895.18,0.20727971556769031,0.30143613453434837
scope_20260424_115654,sweep_6878,430,887.55,0.20581226107467554,0.3184143214327577
scope_20260424_115654,sweep_6879,430,883.72,0.20507484123308042,0.37535582821328367
scope_20260424_115654,sweep_6880,430,880.04,0.2043657900986272,0.2949708443455517
scope_20260424_115654,sweep_6881,430,875.02,0.20339773831753205,0.3473326073768783
scope_20260424_115654,sweep_6882,430,870.15,0.20245770976360344,0.3060161159558342
scope_20260424_115654,sweep_6883,430,865.31,0.2015225853869916,0.31753869434574056
scope_20260424_115654,sweep_6884,430,861.71,0.2008264617205169,0.3853298637962056
scope_20260424_115654,sweep_6885,430,859.33,0.2003659752140518,0.3207237217797998
scope_20260424_115654,sweep_6886,431,1042.08,0.23736775745311736,0.23310531340473792
scope_20260424_115654,sweep_6887,431,1033.48,0.23638626280553546,0.35044802443179185
scope_20260424_115654,sweep_6888,431,1024.94,0.23540756636864396,0.22729647326055638
scope_20260424_115654,sweep_6889,431,1016.59,0.2344466940125807,0.2518119009975722
scope_20260424_115654,sweep_6890,431,1009.96,0.23368093582977761,0.3389131138532013
scope_20260424_115654,sweep_6891,431,1005.06,0.23311337434124726,0.21525194623095487
scope_20260424_115654,sweep_6892,431,998.64,0.22697636214868452,0.2447776994414264
scope_20260424_115654,sweep_6893,431,992.29,0.22577780501442873,0.27303158666513
scope_20260424_115654,sweep_6894,431,986.03,0.22459495833968546,0.30791882615183935
scope_20260424_115654,sweep_6895,431,981.27,0.22369468700027312,0.22990908505156152
scope_20260424_115654,sweep_6896,432,1160.83,0.25052755964493023,0.3219618913370392
scope_20260424_115654,sweep_6897,432,1158.55,0.250281406638744,0.2754026631658583
scope_20260424_115654,sweep_6898,433,1147.86,0.24912405104830718,0.24851918086006
scope_20260424_115654,sweep_6899,433,1145.78,0.2488982338830955,0.24507601712017218
scope_20260424_115654,sweep_6900,433,1145.8,0.24345996318315455,0.24545176193250803
scope_20260424_115654,sweep_6901,433,1145.65,0.24344402663674267,0.22884886169566163
scope_20260424_115654,sweep_6902,433,1145.67,0.24344615156987381,0.22203539098165104
scope_20260424_115654,sweep_6903,433,1145.67,0.24344615156987381,0.257653648025122
scope_20260424_115654,sweep_6904,433,1145.72,0.24345146382155783,0.26479434208073455
scope_20260424_115654,sweep_6905,433,1145.8,0.24345996318315455,0.2696190627823731
scope_20260424_115654,sweep_6906,433,1145.8,0.24345996318315455,0.2637812670088062
scope_20260424_115654,sweep_6907,434,1332.21,0.2625182422588476,0.3876010375510205
scope_20260424_115654,sweep_6908,434,1335.05,0.2627979109634359,0.2580435779609631
scope_20260424_115654,sweep_6909,434,1332.24,0.2625211980627115,0.29792350758912045
scope_20260424_115654,sweep_6910,434,1332.27,0.2625241538332954,0.29445338746917227
scope_20260424_115654,sweep_6911,434,1332.33,0.26253006527462813,0.2130660739272921
scope_20260424_115654,sweep_6912,434,1332.27,0.2625241538332954,0.30612505738432105
scope_20260424_115654,sweep_6913,434,1332.3,0.26252710957060066,0.2653350311420164
scope_20260424_115654,sweep_6914,434,1332.27,0.2625241538332954,0.25355365149827447
scope_20260424_115654,sweep_6915,434,1334.91,0.262784131452509,0.26568424348481345
scope_20260424_115654,sweep_6916,434,1335.14,0.26280676883894205,0.22221081559778708
scope_20260424_115654,sweep_6917,435,1543.89,0.28260596229612256,0.3583408285757975
scope_20260424_115654,sweep_6918,435,1521.26,0.28052712838791327,0.3326389381969012
scope_20260424_115654,sweep_6919,435,1521.22,0.28052344027447496,0.37496355607887544
scope_20260424_115654,sweep_6920,435,1521.41,0.27447561424412276,0.38023503512922735
scope_20260424_115654,sweep_6921,435,1524.86,0.2747866430425009,0.3080175996543101
scope_20260424_115654,sweep_6922,435,1524.89,0.2747893460967963,0.3457112322392902
scope_20260424_115654,sweep_6923,435,1524.93,0.2747929501278292,0.3735595886790066
scope_20260424_115654,sweep_6924,435,1525.05,0.27480376193732853,0.4725452228071075
scope_20260424_115654,sweep_6925,435,1521.3,0.27446569158575884,0.38311175420760035
scope_20260424_115654,sweep_6926,435,1524.86,0.2747866430425009,0.19661787311550602
scope_20260424_115654,sweep_6927,435,1521.14,0.2744512579877269,0.3371630367671928
scope_20260424_115654,sweep_6928,436,1709.01,0.29090617122496315,0.3358844707090132
scope_20260424_115654,sweep_6929,436,1709.16,0.2909189373785384,0.321425512297956
scope_20260424_115654,sweep_6930,436,1713.94,0.2913254591822076,0.4234502308612329
scope_20260424_115654,sweep_6931,436,1713.99,0.29132970850444967,0.45248678082325966
scope_20260424_115654,sweep_6932,436,1709.21,0.29092319263857497,0.36326320194578987
scope_20260424_115654,sweep_6933,436,1713.99,0.29132970850444967,0.298319313890862
scope_20260424_115654,sweep_6934,436,1713.89,0.2913212097979834,0.5211156885235975
scope_20260424_115654,sweep_6935,436,1709.4,0.2909393620591111,0.4711374122686451
scope_20260424_115654,sweep_6936,436,1709.35,0.29093510703557085,0.3189195011257118
scope_20260424_115654,sweep_6937,436,1709.5,0.29094787191950633,0.37502843275783904
scope_20260424_115654,sweep_6938,437,1920.31,0.3083658699530865,0.41848938753555553
scope_20260424_115654,sweep_6939,437,1896.87,0.30647807870152255,0.4354352875805278
scope_20260424_115654,sweep_6940,437,1902.77,0.3069543413816853,0.2949518469650552
scope_20260424_115654,sweep_6941,437,1902.71,0.30694950175165303,0.31324798277129823
scope_20260424_115654,sweep_6942,437,1902.59,0.30693982226266403,0.4065121343778691
scope_20260424_115654,sweep_6943,437,1896.87,0.30647807870152255,0.34297394014894844
scope_20260424_115654,sweep_6944,437,1902.59,0.30693982226266403,0.4196785131376666
scope_20260424_115654,sweep_6945,437,1896.87,0.30647807870152255,0.3170349744414806
scope_20260424_115654,sweep_6946,437,1902.53,0.30693498240370004,0.23171983313157005
scope_20260424_115654,sweep_6947,437,1896.93,0.3064829257757319,0.21614713041744282
scope_20260424_115654,sweep_6948,437,1902.47,0.3069301424684182,0.37490755007718984
scope_20260424_115654,sweep_6949,438,2102.02,0.3226257702097402,0.3609932275335408
scope_20260424_115654,sweep_6950,438,2087.76,0.3215295692466418,0.31821984797972147
scope_20260424_115654,sweep_6951,438,2087.76,0.3215295692466418,0.37414186237075314
scope_20260424_115654,sweep_6952,438,2087.83,0.3215349594450343,0.36457776387807733
scope_20260424_115654,sweep_6953,438,2087.83,0.3286402179088757,0.3053982157408619
scope_20260424_115654,sweep_6954,438,2087.76,0.32863470859823235,0.3190760105510571
scope_20260424_115654,sweep_6955,438,2087.83,0.3286402179088757,0.2897539143617359
scope_20260424_115654,sweep_6956,438,2080.8,0.3280864638152024,0.3169859481728278
scope_20260424_115654,sweep_6957,438,2087.76,0.32863470859823235,0.2859245611510565
scope_20260424_115654,sweep_6958,438,2081.09,0.3281093256374961,0.30944437510878076
scope_20260424_115654,sweep_6959,438,2087.68,0.328628412130116,0.3944781599397799
scope_20260424_115654,sweep_6960,439,2278.94,0.34335200567987384,0.37234148415301127
scope_20260424_115654,sweep_6961,439,2270.66,0.34272769314578333,0.4150170208104023
scope_20260424_115654,sweep_6962,439,2270.66,0.34272769314578333,0.28641475474721834
scope_20260424_115654,sweep_6963,439,2270.58,0.3427216555934955,0.33005899727693055
scope_20260424_115654,sweep_6964,439,2270.66,0.34272769314578333,0.38312228305402013
scope_20260424_115654,sweep_6965,439,2270.83,0.3427405225912645,0.37333068394388863
scope_20260424_115654,sweep_6966,439,2270.83,0.3427405225912645,0.4109960358769074
scope_20260424_115654,sweep_6967,439,2270.92,0.34274731445622186,0.24353886096074856
scope_20260424_115654,sweep_6968,439,2270.58,0.3427216555934955,0.303736304450878
scope_20260424_115654,sweep_6969,439,2271.18,0.34276693464346036,0.3987686289376678
scope_20260424_115654,sweep_6981,441,2647.84,0.37837032296152895,0.3748164477948856
scope_20260424_115654,sweep_6982,441,2647.49,0.3783453150325059,0.49956122464662345
scope_20260424_115654,sweep_6983,441,2647.37,0.3783367405048813,0.43950167560620035
scope_20260424_115654,sweep_6984,441,2647.37,0.3783367405048813,0.4470410495786478
scope_20260424_115654,sweep_6985,441,2647.25,0.37832816578292144,0.3992015006554742
scope_20260424_115654,sweep_6986,441,2647.25,0.37832816578292144,0.4041681085951135
scope_20260424_115654,sweep_6987,441,2647.6,0.3783531748454547,0.44310459955633097
scope_20260424_115654,sweep_6988,441,2647.37,0.3783367405048813,0.36391301029062606
scope_20260424_115654,sweep_6989,441,2647.49,0.3783453150325059,0.44051463442420535
scope_20260424_115654,sweep_6990,441,2647.6,0.3783531748454547,0.44778254936082457
scope_20260424_115654,sweep_6991,442,2854.29,0.40172197794231473,0.47873528361732764
scope_20260424_115654,sweep_6992,443,2841.04,0.40078846945237456,0.4945846764516283
scope_20260424_115654,sweep_6993,443,2828.05,0.39987116329907313,0.4833046248547249
scope_20260424_115654,sweep_6994,443,2840.91,0.4007792997298315,0.45366697486839747
scope_20260424_115654,sweep_6995,443,2840.77,0.40076942440938074,0.514856156902239
scope_20260424_115654,sweep_6996,443,2840.51,0.40075108388292685,0.5031745554025405
scope_20260424_115654,sweep_6997,443,2840.77,0.40076942440938074,0.46560141441365516
scope_20260424_115654,sweep_6998,443,2840.91,0.4007792997298315,0.3435424666452753
scope_20260424_115654,sweep_6999,443,2828.19,0.39988106080266134,0.32774669609639756
scope_20260424_115654,sweep_7000,443,2840.91,0.4007792997298315,0.4349089403050549
scope_20260424_115654,sweep_7001,443,2828.05,0.39987116329907313,0.3704269518663236
scope_20260424_115654,sweep_7002,444,2976.49,0.41023126692414674,0.5039347021331323
scope_20260424_115654,sweep_7003,444,2976.78,0.41962789118168164,0.4370117677705863
scope_20260424_115654,sweep_7004,444,2976.78,0.41962789118168164,0.39284990800722025
scope_20260424_115654,sweep_7005,444,2977.08,0.4196490357062611,0.5066626108901778
scope_20260424_115654,sweep_7006,444,2976.78,0.41962789118168164,0.5904897440344337
scope_20260424_115654,sweep_7007,444,2976.49,0.4196074504617729,0.4630183829582897
scope_20260424_115654,sweep_7008,444,2976.93,0.4196384635771488,0.466198603482792
scope_20260424_115654,sweep_7009,444,2976.19,0.4195863038415573,0.4772503501814274
scope_20260424_115654,sweep_7010,444,2962.38,0.4186116979974683,0.49430595905682334
scope_20260424_115654,sweep_7011,444,2963.26,0.41867386945096674,0.5180620158441914
scope_20260424_115654,sweep_7012,444,2976.93,0.4196384635771488,0.5060095941012298
scope_20260424_115654,sweep_7013,444,2962.96,0.41865267567452086,0.6778087548623328
scope_20260424_115654,sweep_7014,444,2962.96,0.41865267567452086,0.6040118565878563
scope_20260424_115654,sweep_7015,444,2976.49,0.4293075603976267,0.447904461962432
scope_20260424_115654,sweep_7016,444,2976.78,0.4293284736478255,0.6826625803596807
scope_20260424_115654,sweep_7017,444,2976.93,0.42933929044647995,0.4137149712821173
scope_20260424_115654,sweep_7018,444,2962.82,0.4283205945375798,0.5266622289371817
scope_20260424_115654,sweep_7019,444,2962.38,0.42828878901799533,0.5347422300744228
scope_20260424_115654,sweep_7020,444,2962.67,0.42830975201215127,0.6798211693997217
scope_20260424_115654,sweep_7021,444,2962.67,0.42830975201215127,0.47542814200625166
scope_20260424_115654,sweep_7022,444,2962.67,0.42830975201215127,0.5291778934058078
scope_20260424_115654,sweep_7023,444,2962.67,0.42830975201215127,0.462358336402523
scope_20260424_115654,sweep_7024,444,2976.63,0.42931765657663823,0.7122031065875799
scope_20260424_115654,sweep_7025,444,2976.78,0.4293284736478255,0.5369209972918967
scope_20260424_115654,sweep_7026,444,2976.78,0.4293284736478255,0.5103080332800192
scope_20260424_115654,sweep_7027,444,2976.78,0.4293284736478255,0.5083740217759501
scope_20260424_115654,sweep_7028,444,2977.08,0.42935010697262227,0.45107486405407066
scope_20260424_115654,sweep_7029,444,2976.93,0.42933929044647995,0.6899087208154615
scope_20260424_115654,sweep_7030,444,2976.78,0.4293284736478255,0.5655086831336925
scope_20260424_115654,sweep_7031,444,2976.93,0.42933929044647995,0.6274172968638266
scope_20260424_115654,sweep_7032,444,2976.78,0.4393673900519006,0.4936450993776385
scope_20260424_115654,sweep_7033,444,2962.67,0.4383248478173906,0.5301909086577595
scope_20260424_115654,sweep_7034,444,2976.93,0.43937845977796175,0.4530480356722683
scope_20260424_115654,sweep_7035,444,2962.82,0.4383359438717907,0.4642026753383777
scope_20260424_115654,sweep_7036,444,2976.49,0.4393459877906453,0.580376356627847
scope_20260424_115654,sweep_7037,444,2976.49,0.4393459877906453,0.48152296655132903
scope_20260424_115654,sweep_7038,444,2976.49,0.4393459877906453,0.7850462973054796
scope_20260424_115654,sweep_7039,444,2962.52,0.4383137514820903,0.49222346743280543
scope_20260424_115654,sweep_7040,444,2962.96,0.43834629993581525,0.6408854582244222
scope_20260424_115654,sweep_7041,444,2962.96,0.43834629993581525,0.5721292955286914
scope_20260424_115654,sweep_7042,444,2962.67,0.4383248478173906,0.5928988748843453
scope_20260424_115654,sweep_7043,444,2962.67,0.4383248478173906,0.5751840851049371
scope_20260424_115654,sweep_7044,444,2962.52,0.4383137514820903,0.46574787253981376
scope_20260424_115654,sweep_7045,444,2962.67,0.4383248478173906,0.5331438489723074
scope_20260424_115654,sweep_7046,444,2962.82,0.4383359438717907,0.6244492850076276
scope_20260424_115654,sweep_7047,444,2976.93,0.43937845977796175,0.3871854342120996
scope_20260424_115654,sweep_7048,444,2962.82,0.4383359438717907,0.3866193336052408
scope_20260424_115654,sweep_7049,444,2962.82,0.4383359438717907,0.49394337086963913
scope_20260424_115654,sweep_7050,444,2976.93,0.43937845977796175,0.5571373303142093
scope_20260424_115654,sweep_7051,444,2976.93,0.43937845977796175,0.6835570192041142
scope_20260424_115654,sweep_7052,444,2962.67,0.4383248478173906,0.5554005956889289
scope_20260424_115654,sweep_7053,444,2962.82,0.4383359438717907,0.5650725433193381
scope_20260424_115654,sweep_7054,444,2962.82,0.44870396153786096,0.637702816279775
scope_20260424_115654,sweep_7055,444,2976.78,0.44975980464997356,0.4494727021431522
scope_20260424_115654,sweep_7056,444,2962.82,0.44870396153786096,0.5312559620610372
scope_20260424_115654,sweep_7057,444,2962.82,0.44870396153786096,0.575739028251513
scope_20260424_115654,sweep_7058,444,2976.34,0.44972656376094045,0.5460263868215379
scope_20260424_115654,sweep_7059,444,2976.78,0.44975980464997356,0.840759800051546
scope_20260424_115654,sweep_7060,444,2976.78,0.44975980464997356,0.5197021958414577
scope_20260424_115654,sweep_7061,444,2962.82,0.44870396153786096,0.577117143730769
scope_20260424_115654,sweep_7062,444,2976.78,0.44975980464997356,0.8247807997243536
scope_20260424_115654,sweep_7063,444,2976.63,0.4497484728047253,0.5018354377479054
scope_20260424_115654,sweep_7064,444,2976.93,0.44977113620971954,0.7085236963400952
scope_20260424_115654,sweep_7065,444,2962.82,0.44870396153786096,0.49484078474551807
scope_20260424_115654,sweep_7066,444,2962.82,0.44870396153786096,0.529664320497984
scope_20260424_115654,sweep_7067,444,2976.63,0.4497484728047253,0.4988916279601318
scope_20260424_115654,sweep_7068,444,2962.82,0.44870396153786096,0.4762591089597423
scope_20260424_115654,sweep_7069,444,2977.22,0.4497930430824175,0.4909951321707398
scope_20260424_115654,sweep_7070,444,2976.93,0.44977113620971954,0.6037207397365144
scope_20260424_115654,sweep_7071,444,2962.67,0.4486926030270284,0.5237821845268832
scope_20260424_115654,sweep_7072,444,2962.82,0.44870396153786096,0.5097889722743193
scope_20260424_115654,sweep_7073,444,2976.63,0.4497484728047253,0.5785565297891193
scope_20260424_115654,sweep_7074,444,2962.82,0.44870396153786096,0.478290847309994
scope_20260424_115654,sweep_7075,444,2963.11,0.44872592051020366,0.5489270687967701
scope_20260424_115654,sweep_7076,444,2976.93,0.44977113620971954,0.45310763781855967
scope_20260424_115654,sweep_7077,444,2976.93,0.44977113620971954,0.5017962277989948
scope_20260424_115654,sweep_7078,444,2976.63,0.4497484728047253,0.5210000879308839
scope_20260424_115654,sweep_7079,444,2977.08,0.44978246748398465,0.5225788937417079
scope_20260424_115654,sweep_7080,444,2962.96,0.44871456255522835,0.5760277727371863
scope_20260424_115654,sweep_7081,444,2976.78,0.44975980464997356,0.5451165702110198
scope_20260424_115654,sweep_7082,444,2962.67,0.4486926030270284,0.6112823415425434
scope_20260424_115654,sweep_7083,444,2976.63,0.4497484728047253,0.5146790368829238
scope_20260424_115654,sweep_7084,444,2976.78,0.44975980464997356,0.5515625099306135
scope_20260424_115654,sweep_7085,444,2976.63,0.4497484728047253,0.48893281290672375
scope_20260424_115654,sweep_7086,444,2976.93,0.44977113620971954,0.4815501896078402
scope_20260424_115654,sweep_7087,444,2976.63,0.4497484728047253,0.46924520887225135
scope_20260424_115654,sweep_7088,444,2976.78,0.44975980464997356,0.5590939124700035
scope_20260424_115654,sweep_7089,444,2976.63,0.4497484728047253,0.4673727553618582
scope_20260424_115654,sweep_7090,444,2976.93,0.44977113620971954,0.3818922934747416
scope_20260424_115654,sweep_7091,444,2963.11,0.44872592051020366,0.47637218668169073
scope_20260424_115654,sweep_7092,444,2976.78,0.44975980464997356,0.6053010731333783
scope_20260424_115654,sweep_7093,444,2976.34,0.44972656376094045,0.5882196006922779
scope_20260424_115654,sweep_7094,444,2976.78,0.44975980464997356,0.49801763041494523
scope_20260424_115654,sweep_7095,444,2962.67,0.4486926030270284,0.480224628971962
scope_20260424_115654,sweep_7096,444,2962.82,0.44870396153786096,0.4828492682736244
scope_20260424_115654,sweep_7097,444,2962.82,0.45944059501907464,0.4947621461243287
scope_20260424_115654,sweep_7098,444,2962.96,0.45945144969865087,0.635679341257907
scope_20260424_115654,sweep_7099,444,2976.78,0.46052170245127383,0.47178451454371917
scope_20260424_115654,sweep_7100,444,2976.93,0.4605333051537201,0.6905037586292551
scope_20260424_115654,sweep_7101,444,2976.63,0.46051009945649374,0.6497852946459075
scope_20260424_115654,sweep_7102,444,2976.63,0.46051009945649374,0.5340144639353008
scope_20260424_115654,sweep_7103,444,2976.93,0.4605333051537201,0.5014422027076758
scope_20260424_115654,sweep_7104,444,2976.78,0.46052170245127383,0.5440964770216034
scope_20260424_115654,sweep_7105,444,2962.67,0.4594289647206535,0.5148205857886238
scope_20260424_115654,sweep_7106,444,2976.63,0.46051009945649374,0.5458356535464841
scope_20260424_115654,sweep_7107,444,2976.78,0.46052170245127383,0.4058722808056827
scope_20260424_115654,sweep_7108,444,2962.82,0.45944059501907464,0.43797963014271424
scope_20260424_115654,sweep_7109,444,2962.82,0.45944059501907464,0.5487362596419945
scope_20260424_115654,sweep_7110,444,2976.78,0.46052170245127383,0.48081476249770755
scope_20260424_115654,sweep_7111,444,2976.63,0.46051009945649374,0.7606825429624319
scope_20260424_115654,sweep_7112,444,2962.67,0.4594289647206535,0.5264892992509878
scope_20260424_115654,sweep_7113,444,2976.63,0.46051009945649374,0.4255001401076854
scope_20260424_115654,sweep_7114,444,2962.52,0.45941733412780755,0.4819529841708104
scope_20260424_115654,sweep_7115,444,2976.49,0.4604992697309292,0.46794957626757233
scope_20260424_115654,sweep_7116,444,2976.93,0.4605333051537201,0.5159793624843322
scope_20260424_115654,sweep_7117,444,2976.63,0.46051009945649374,0.44807796073625294
scope_20260424_115654,sweep_7118,444,2962.67,0.4594289647206535,0.6841272354406216
scope_20260424_115654,sweep_7119,444,2976.63,0.46051009945649374,0.5399892492135911
scope_20260424_115654,sweep_7120,444,2963.11,0.45946307942791415,0.4177405896516402
scope_20260424_115654,sweep_7121,444,2976.78,0.46052170245127383,0.7241382950267586
scope_20260424_115654,sweep_7122,444,2976.78,0.46052170245127383,0.523508275306895
scope_20260424_115654,sweep_7123,444,2976.78,0.46052170245127383,0.4189870103046597
scope_20260424_115654,sweep_7124,444,2962.82,0.45944059501907464,0.4828023774553575
scope_20260424_115654,sweep_7125,444,2962.67,0.4594289647206535,0.5126993874364392
scope_20260424_115654,sweep_7126,444,2976.93,0.4605333051537201,0.49860861929456596
scope_20260424_115654,sweep_7127,444,2976.63,0.46051009945649374,0.46850793784885386
scope_20260424_115654,sweep_7128,444,2976.49,0.4604992697309292,0.45733504011285336
scope_20260424_115654,sweep_7129,444,2962.67,0.4594289647206535,0.48901362584518693
scope_20260424_115654,sweep_7130,444,2976.78,0.46052170245127383,0.447549948753441
scope_20260424_115654,sweep_7131,444,2962.67,0.4594289647206535,0.5498086226149821
scope_20260424_115654,sweep_7132,444,2976.63,0.46051009945649374,0.5511988272665249
scope_20260424_115654,sweep_7133,444,2962.82,0.45944059501907464,0.514168418606352
scope_20260424_115654,sweep_7134,444,2976.63,0.46051009945649374,0.5151954213769148
scope_20260424_115654,sweep_7135,444,2962.67,0.4594289647206535,0.4811269504292784
scope_20260424_115654,sweep_7136,444,2962.67,0.4594289647206535,0.5465600252645124
scope_20260424_115654,sweep_7137,444,2962.96,0.45945144969865087,0.42842663060680947
scope_20260424_115654,sweep_7138,444,2962.96,0.45945144969865087,0.49490888123939863
scope_20260424_115654,sweep_7139,444,2962.52,0.45941733412780755,0.45785061866586413
scope_20260424_115654,sweep_7140,444,2962.82,0.45944059501907464,0.45569167870238975
scope_20260424_115654,sweep_7141,444,2962.67,0.4594289647206535,0.5134766633793381
scope_20260424_115654,sweep_7142,444,2976.78,0.46052170245127383,0.5038529570294699
scope_20260424_115654,sweep_7143,444,2962.82,0.45944059501907464,0.5646947123449227
scope_20260424_115654,sweep_7144,444,2977.08,0.4605449075638545,0.6695604046397718
scope_20260424_115654,sweep_7145,444,2977.08,0.4605449075638545,0.7862227723680931
scope_20260424_115654,sweep_7146,444,2976.78,0.46052170245127383,0.6160908985083737
scope_20260424_115654,sweep_7147,444,2962.52,0.45941733412780755,0.8117143525576614
scope_20260424_115654,sweep_7148,444,2976.78,0.46052170245127383,0.47914068564574225
scope_20260424_115654,sweep_7149,444,2976.63,0.46051009945649374,0.4696976141624865
scope_20260424_115654,sweep_7150,444,2962.52,0.45941733412780755,0.5205140519191502
scope_20260424_115654,sweep_7151,444,2976.78,0.46052170245127383,0.45602271956901363
scope_20260424_115654,sweep_7152,444,2976.63,0.46051009945649374,0.5243288920726803
scope_20260424_115654,sweep_7153,444,2976.78,0.46052170245127383,0.48450587864800587
scope_20260424_115654,sweep_7154,444,2976.49,0.4604992697309292,0.4418120178036591
scope_20260424_115654,sweep_7155,444,2962.67,0.4594289647206535,0.5506663823011144
scope_20260424_115654,sweep_7156,444,2976.49,0.4604992697309292,0.4641133762432602
scope_20260424_115654,sweep_7157,444,2962.82,0.45944059501907464,0.44327625931836123
scope_20260424_115654,sweep_7158,444,2962.67,0.4594289647206535,0.5023991701972629
scope_20260424_115654,sweep_7159,444,2976.93,0.4605333051537201,0.6001295234248185
scope_20260424_115654,sweep_7160,444,2976.63,0.46051009945649374,0.516277447105383
scope_20260424_115654,sweep_7161,444,2962.82,0.45944059501907464,0.5404472430983224
scope_20260424_115654,sweep_7162,444,2962.82,0.45944059501907464,0.5712221344065047
scope_20260424_115654,sweep_7163,444,2976.49,0.4604992697309292,0.6241630155139022
scope_20260424_115654,sweep_7164,444,2962.67,0.4594289647206535,0.687405098845836
scope_20260424_115654,sweep_7165,444,2976.63,0.46051009945649374,0.48850515208615886
scope_20260424_115654,sweep_7166,444,2962.82,0.45944059501907464,0.46990787823892993
scope_20260424_115654,sweep_7167,444,2963.26,0.4594747088628183,0.5198188904832756
scope_20260424_115654,sweep_7168,444,2962.52,0.45941733412780755,0.5017349001346408
scope_20260424_115654,sweep_7169,444,2976.34,0.4604876661709076,0.5520167612430366
scope_20260424_115654,sweep_7170,444,2962.52,0.45941733412780755,0.5367545162771592
scope_20260424_115654,sweep_7171,444,2962.52,0.45941733412780755,0.6438477895361849
scope_20260424_115654,sweep_7172,444,2962.67,0.4594289647206535,0.5792959208574225
scope_20260424_115654,sweep_7173,444,2976.93,0.4605333051537201,0.5048015338707786
scope_20260424_115654,sweep_7174,444,2962.52,0.45941733412780755,0.679141069581161
scope_20260424_115654,sweep_7175,444,2962.96,0.45945144969865087,0.5036843071973531
scope_20260424_115654,sweep_7176,444,2962.67,0.4594289647206535,0.590420359194341
scope_20260424_115654,sweep_7177,444,2976.63,0.46051009945649374,0.7455028052793865
scope_20260424_115654,sweep_7178,444,2962.67,0.4594289647206535,0.5949753408098535
scope_20260424_115654,sweep_7179,444,2962.52,0.45941733412780755,0.5319914239175587
scope_20260424_115654,sweep_7180,444,2962.96,0.45945144969865087,0.7135745657433549
scope_20260424_115654,sweep_7181,444,2962.67,0.4594289647206535,0.7711184397119106
scope_20260424_115654,sweep_7182,444,2963.11,0.45946307942791415,0.7233141748683064
scope_20260424_115654,sweep_7183,444,2962.52,0.45941733412780755,0.6183290034945729
scope_20260424_115654,sweep_7184,444,2962.67,0.4594289647206535,0.6533224413597895
scope_20260424_115654,sweep_7185,444,2962.67,0.4594289647206535,1.0335738558052263
scope_20260424_115654,sweep_7186,444,2962.67,0.4594289647206535,0.5145026816567935
scope_20260424_115654,sweep_7187,444,2976.63,0.46051009945649374,0.5856761114774766
scope_20260424_115654,sweep_7188,444,2962.67,0.4594289647206535,0.5725605175295797
scope_20260424_115654,sweep_7189,444,2962.67,0.4594289647206535,0.5425835256453333
scope_20260424_115654,sweep_7190,444,2962.67,0.4594289647206535,0.5922983199887527
scope_20260424_115654,sweep_7191,444,2962.82,0.45944059501907464,0.5110798118115457
scope_20260424_115654,sweep_7192,444,2962.38,0.4594064786421617,0.5947708908184722
scope_20260424_115654,sweep_7193,444,2976.78,0.46052170245127383,0.7534796415916964
scope_20260424_115654,sweep_7194,444,2963.11,0.45946307942791415,0.46734998251979043
scope_20260424_115654,sweep_7195,444,2962.96,0.45945144969865087,0.5245529235197994
scope_20260424_115654,sweep_7196,444,2963.11,0.45946307942791415,0.6195504632244658
scope_20260424_115654,sweep_7197,444,2962.67,0.4594289647206535,0.6876761364806842
scope_20260424_115654,sweep_7198,444,2976.93,0.4605333051537201,0.5538817750051185
scope_20260424_115654,sweep_7199,444,2963.26,0.4594747088628183,0.5296421082139181
scope_20260424_115654,sweep_7200,444,2962.67,0.4594289647206535,0.56276095192959
scope_20260424_115654,sweep_7201,444,2976.63,0.46051009945649374,0.4658271898546066
scope_20260424_115654,sweep_7202,444,2962.52,0.45941733412780755,0.5545044295249149
scope_20260424_115654,sweep_7203,444,2962.82,0.45944059501907464,0.6237956405936061
scope_20260424_115654,sweep_7204,444,2976.78,0.46052170245127383,0.5217723245997921
scope_20260424_115654,sweep_7205,444,2962.96,0.45945144969865087,0.5846357653476135
scope_20260424_115654,sweep_7206,444,2962.52,0.45941733412780755,0.599150760561779
scope_20260424_115654,sweep_7207,444,2977.08,0.4605449075638545,0.5063637988157733
scope_20260424_115654,sweep_7208,444,2976.93,0.4605333051537201,0.49580830072536985
scope_20260424_115654,sweep_7209,444,2962.96,0.45945144969865087,0.5342404183742935
scope_20260424_115654,sweep_7210,444,2976.93,0.4605333051537201,0.9009400760927077
scope_20260424_115654,sweep_7211,444,2963.11,0.45946307942791415,0.5392434672081288
scope_20260424_115654,sweep_7212,444,2976.63,0.46051009945649374,0.7336409730112075
scope_20260424_115654,sweep_7213,444,2976.78,0.46052170245127383,0.5099677680996174
scope_20260424_115654,sweep_7214,444,2962.82,0.45944059501907464,0.5154982167987517
scope_20260424_115654,sweep_7215,444,2962.82,0.45944059501907464,0.5990734559127229
scope_20260424_115654,sweep_7216,444,2962.82,0.45944059501907464,0.5002134160450121
scope_20260424_115654,sweep_7217,444,2962.82,0.45944059501907464,0.6346059973409142
scope_20260424_115654,sweep_7218,444,2962.67,0.4594289647206535,0.6399563213857731
scope_20260424_115654,sweep_7219,444,2962.96,0.45945144969865087,0.6014810461679162
scope_20260424_115654,sweep_7220,444,2962.82,0.45944059501907464,0.5272546451690561
scope_20260424_115654,sweep_7221,444,2962.96,0.45945144969865087,0.9181954020641753
scope_20260424_115654,sweep_7222,444,2976.63,0.46051009945649374,0.6620455087690651
scope_20260424_115654,sweep_7223,444,2962.82,0.45944059501907464,0.6021561669541086
scope_20260424_115654,sweep_7224,444,2976.49,0.4604992697309292,0.5118009961636768
scope_20260424_115654,sweep_7225,445,2840.91,0.4498890984898675,0.6523680890045962
scope_20260424_115654,sweep_7226,445,2828.32,0.44889110962966844,0.54010778527737
scope_20260424_115654,sweep_7227,445,2840.77,0.4498780130894541,0.524739594133707
scope_20260424_115654,sweep_7228,445,2828.19,0.44888079316709883,0.5573505424396769
scope_20260424_115654,sweep_7229,445,2841.18,0.44991047670505224,0.5387723764545792
scope_20260424_115654,sweep_7230,445,2840.64,0.449867719258766,0.470767913229816
scope_20260424_115654,sweep_7231,445,2828.32,0.44889110962966844,0.5456172979008549
scope_20260424_115654,sweep_7232,445,2840.77,0.4498780130894541,0.5633974844304114
scope_20260424_115654,sweep_7233,445,2841.04,0.44989939183139255,0.6121848875693752
scope_20260424_115654,sweep_7234,445,2840.91,0.4498890984898675,0.48754884844907187
scope_20260424_115654,sweep_7235,445,2840.77,0.4498780130894541,0.5404661873903374
scope_20260424_115654,sweep_7236,446,2647.72,0.4343229314322911,0.46103520207820464
scope_20260424_115654,sweep_7237,446,2647.6,0.4343130891260206,0.45986091083862807
scope_20260424_115654,sweep_7238,446,2647.49,0.4343040668159973,0.48205964111974514
scope_20260424_115654,sweep_7239,446,2647.49,0.4343040668159973,0.5547036398713832
scope_20260424_115654,sweep_7240,446,2647.6,0.4343130891260206,0.41004272888693805
scope_20260424_115654,sweep_7241,446,2647.37,0.4342942240822025,0.4907260797070388
scope_20260424_115654,sweep_7242,446,2647.49,0.4343040668159973,0.49345284428661945
scope_20260424_115654,sweep_7243,446,2647.72,0.4343229314322911,0.8664276339054611
scope_20260424_115654,sweep_7244,446,2647.72,0.4343229314322911,0.5320437653369756
scope_20260424_115654,sweep_7245,446,2647.49,0.4343040668159973,0.4323437535768486
scope_20260424_115654,sweep_7246,447,2439.72,0.4169142362620529,0.4255067289240903
scope_20260424_115654,sweep_7247,448,2459.02,0.41856003866000974,0.6297783394338173
scope_20260424_115654,sweep_7248,448,2459.12,0.4185685492817898,0.4062983989971381
scope_20260424_115654,sweep_7249,448,2459.12,0.4185685492817898,0.6574586251976657
scope_20260424_115654,sweep_7250,448,2459.22,0.41857705973052955,0.5247533432470273
scope_20260424_115654,sweep_7251,448,2459.12,0.4185685492817898,0.39952625809209025
scope_20260424_115654,sweep_7252,448,2459.12,0.4185685492817898,0.42332002545873304
scope_20260424_115654,sweep_7253,448,2459.42,0.4185940801089307,0.6619480001578729
scope_20260424_115654,sweep_7254,448,2468.83,0.40959331804119503,0.46284842909057755
scope_20260424_115654,sweep_7255,448,2459.22,0.4087953632006785,0.4668206221932066
scope_20260424_115654,sweep_7256,448,2459.02,0.4087787398943041,0.4090628644669305
scope_20260424_115654,sweep_7257,449,2278.86,0.393519350530688,0.6913651809689649
scope_20260424_115654,sweep_7258,449,2270.66,0.3928107140408861,0.3800266975018202
scope_20260424_115654,sweep_7259,449,2270.58,0.39280379421715234,0.5794141815902247
scope_20260424_115654,sweep_7260,449,2270.83,0.3928254182615866,0.6281326392189223
scope_20260424_115654,sweep_7261,449,2278.77,0.3935115797393193,0.36902500744750333
scope_20260424_115654,sweep_7262,449,2270.83,0.3928254182615866,0.43931766249502036
scope_20260424_115654,sweep_7263,449,2270.83,0.3928254182615866,0.44474850972801094
scope_20260424_115654,sweep_7264,449,2270.75,0.3928184986968799,0.6313349989415753
scope_20260424_115654,sweep_7265,449,2278.94,0.39352625777197425,0.6252754109900139
scope_20260424_115654,sweep_7266,449,2270.66,0.3928107140408861,0.5832751731867648
scope_20260424_115654,sweep_7267,449,2270.66,0.3928107140408861,0.5551662935619766
scope_20260424_115654,sweep_7268,450,2087.54,0.3766384665734451,0.33297430922736654
scope_20260424_115654,sweep_7269,450,2080.88,0.3760371808331848,0.6005510799897761
scope_20260424_115654,sweep_7270,450,2080.95,0.37604350565280237,0.6360572829815987
scope_20260424_115654,sweep_7271,450,2087.76,0.37665831248769177,0.5514308051252774
scope_20260424_115654,sweep_7272,450,2088.05,0.3766844714134564,0.32238519568336027
scope_20260424_115654,sweep_7273,450,2087.83,0.3679611924521134,0.5037313316035462
scope_20260424_115654,sweep_7274,450,2087.76,0.36795502396632424,0.6501028363997001
scope_20260424_115654,sweep_7275,450,2081.09,0.3673667802572717,0.53714997274151
scope_20260424_115654,sweep_7276,450,2087.68,0.36794797414165253,0.34703045931562976
scope_20260424_115654,sweep_7277,450,2080.88,0.3673482445451803,0.45600752242196596
scope_20260424_115654,sweep_7278,451,1874.06,0.34861510163661635,0.37461577110277694
scope_20260424_115654,sweep_7279,451,1896.87,0.3507302580537064,0.4609179618399586
scope_20260424_115654,sweep_7280,451,1896.93,0.3507358049939491,0.4262824444398076
scope_20260424_115654,sweep_7281,451,1896.93,0.3507358049939491,0.3101066280078167
scope_20260424_115654,sweep_7282,451,1896.81,0.35072471102573516,0.38000339811964495
scope_20260424_115654,sweep_7283,451,1891.13,0.35019919451525433,0.6327346618170779
scope_20260424_115654,sweep_7284,451,1896.93,0.3507358049939491,0.3899504645701961
scope_20260424_115654,sweep_7285,451,1891.19,0.3502047498670841,0.3018058166295852
scope_20260424_115654,sweep_7286,451,1896.81,0.35072471102573516,0.37778790715124644
scope_20260424_115654,sweep_7287,451,1896.93,0.3507358049939491,0.5426236903730524
scope_20260424_115654,sweep_7288,451,1896.87,0.3507302580537064,0.38323583668687083
scope_20260424_115654,sweep_7299,453,1499.29,0.3046906624452068,0.6379492657609099
scope_20260424_115654,sweep_7300,453,1521.22,0.3069109165386572,0.5721713984569349
scope_20260424_115654,sweep_7301,453,1521.22,0.3069109165386572,0.6818370154702541
scope_20260424_115654,sweep_7302,453,1521.22,0.29997633185959577,0.5276872317755579
scope_20260424_115654,sweep_7303,453,1521.3,0.2999842195389077,0.48662753473290676
scope_20260424_115654,sweep_7304,453,1521.22,0.29997633185959577,0.5766850317397422
scope_20260424_115654,sweep_7305,453,1521.22,0.29997633185959577,0.394852198005391
scope_20260424_115654,sweep_7306,453,1521.34,0.29998816330079126,0.5159014475453231
scope_20260424_115654,sweep_7307,453,1521.26,0.2999802757251766,0.3236823626992017
scope_20260424_115654,sweep_7308,453,1521.34,0.29998816330079126,0.5381283674123793
scope_20260424_115654,sweep_7309,453,1521.3,0.2999842195389077,0.4812692043924293
scope_20260424_115654,sweep_7310,454,1337.91,0.28132247323207,0.4213670972558171
scope_20260424_115654,sweep_7311,454,1332.21,0.2807225637971163,0.45592298854486807
scope_20260424_115654,sweep_7312,454,1334.96,0.28101215367770277,0.38648559541125765
scope_20260424_115654,sweep_7313,454,1334.99,0.2810153111945002,0.38185189342510467
scope_20260424_115654,sweep_7314,454,1332.33,0.2807352066796572,0.4725107269751416
scope_20260424_115654,sweep_7315,454,1332.21,0.27444978127521846,0.4315202287359742
scope_20260424_115654,sweep_7316,454,1335.17,0.2747545082352734,0.3823405995608684
scope_20260424_115654,sweep_7317,454,1332.36,0.2744652316578327,0.46326436916241814
scope_20260424_115654,sweep_7318,454,1332.3,0.2744590516091586,0.35085142306220335
scope_20260424_115654,sweep_7319,454,1335.14,0.27475142148169573,0.504529636620429
scope_20260424_115654,sweep_7320,454,1335.11,0.27474833469343884,0.3059635919003177
scope_20260424_115654,sweep_7321,455,1143.73,0.25429528087003966,0.37428034709910135
scope_20260424_115654,sweep_7322,455,1143.69,0.2542908340599657,0.48114238259099873
scope_20260424_115654,sweep_7323,455,1143.64,0.2542852754380183,0.3678967552814302
scope_20260424_115654,sweep_7324,455,1145.72,0.254516411591227,0.3322483020669196
scope_20260424_115654,sweep_7325,455,1143.71,0.25429305747472286,0.44823676977374427
scope_20260424_115654,sweep_7326,455,1143.64,0.24866568873476405,0.3485167324708607
scope_20260424_115654,sweep_7327,455,1143.71,0.24867329879206507,0.375906722013551
scope_20260424_115654,sweep_7328,455,1143.75,0.24867764729167707,0.3293644026187868
scope_20260424_115654,sweep_7329,455,1143.77,0.24867982151296833,0.3664912486985211
scope_20260424_115654,sweep_7330,455,1143.66,0.24866786306061464,0.37700881555403515
scope_20260424_115654,sweep_7331,456,934.13,0.2147381819311285,0.2854338863181658
scope_20260424_115654,sweep_7332,457,955.78,0.21886095269060435,0.189465872160609
scope_20260424_115654,sweep_7333,457,955.7,0.2188457478624492,0.2869132723252705
scope_20260424_115654,sweep_7334,457,955.69,0.21884384724371655,0.2636015351982657
scope_20260424_115654,sweep_7335,457,955.69,0.21884384724371655,0.2470772279154034
scope_20260424_115654,sweep_7336,457,955.66,0.21405480060238524,0.20331039707174012
scope_20260424_115654,sweep_7337,457,954.2,0.21378333866874205,0.2635175492596895
scope_20260424_115654,sweep_7338,457,955.69,0.2140603778477582,0.35884376620963027
scope_20260424_115654,sweep_7339,457,955.73,0.2140678141286249,0.35094540782484857
scope_20260424_115654,sweep_7340,457,955.73,0.2140678141286249,0.2712365757689845
scope_20260424_115654,sweep_7341,457,955.66,0.21405480060238524,0.2338007298982268
scope_20260424_115654,sweep_7342,458,770.9,0.17909419983049574,0.24095489882362972
scope_20260424_115654,sweep_7343,458,770.91,0.1790961280705004,0.20004889343467197
scope_20260424_115654,sweep_7344,458,771.92,0.17929085841935685,0.20268058170501274
scope_20260424_115654,sweep_7345,458,773.82,0.1757728486299,0.2766191937772662
scope_20260424_115654,sweep_7346,458,775.78,0.17614229600488068,0.25724843193987434
scope_20260424_115654,sweep_7347,458,776.73,0.1763213077744482,0.28338265685327296
scope_20260424_115654,sweep_7348,458,778.66,0.17668486976603273,0.2136771666505583
scope_20260424_115654,sweep_7349,458,779.61,0.17686376887357633,0.22929422736366134
scope_20260424_115654,sweep_7350,458,780.6,0.17705016114669328,0.22261239053741513
scope_20260424_115654,sweep_7351,458,780.65,0.17705957383140306,0.21954261227404015
scope_20260424_115654,sweep_7352,458,781.65,0.17724780601329213,0.1891652185030864
scope_20260424_115654,sweep_7353,459,596.47,0.1416182341503008,0.20396218880853914
scope_20260424_115654,sweep_7354,459,604.02,0.1400440120959889,0.192176407118296
scope_20260424_115654,sweep_7355,459,607.56,0.14072490478313573,0.20962047210493598
scope_20260424_115654,sweep_7356,459,612.36,0.14164707325862408,0.17212688081381625
scope_20260424_115654,sweep_7357,459,619.05,0.1429302994905042,0.21592329614867653
scope_20260424_115654,sweep_7358,459,622.78,0.14364473583194715,0.2066905740700501
scope_20260424_115654,sweep_7359,459,626.55,0.14436609491361482,0.162983407418276
scope_20260424_115654,sweep_7360,459,632.26,0.14545725460502115,0.20359033205097957
scope_20260424_115654,sweep_7361,459,635.53,0.14608138444207974,0.20769982403100057
scope_20260424_115654,sweep_7362,459,640.01,0.14382700144868593,0.22671396757802637
scope_20260424_115654,sweep_7363,460,428.48,0.10308791989778435,0.1127134517217122
scope_20260424_115654,sweep_7364,461,462.21,0.10977970655588923,0.1114908625125439
scope_20260424_115654,sweep_7365,461,470.26,0.11136429919076972,0.16148990837389995
scope_20260424_115654,sweep_7366,461,478.93,0.11306578710928758,0.1564931920990804
scope_20260424_115654,sweep_7367,461,486.06,0.11446112711132617,0.12479762539973481
scope_20260424_115654,sweep_7368,461,493.0,0.11581594592491982,0.25168413871048956
scope_20260424_115654,sweep_7369,461,498.48,0.11688345440257296,0.1777332571802337
scope_20260424_115654,sweep_7370,461,503.36,0.11783240378690565,0.17935794447468426
scope_20260424_115654,sweep_7371,461,509.98,0.11911721355417486,0.14052305292555328
scope_20260424_115654,sweep_7372,461,515.85,0.12025409286362705,0.2234304919290945
scope_20260424_115654,sweep_7373,461,519.76,0.12101014580940965,0.12286550596857773
scope_20260424_115654,sweep_7374,462,364.04,0.09004491103898683,0.11981116996161917
scope_20260424_115654,sweep_7375,462,364.89,0.09021938111986019,0.10137285852648883
scope_20260424_115654,sweep_7376,462,364.69,0.09017833555775343,0.1203091873954213
scope_20260424_115654,sweep_7377,462,364.89,0.09021938111986019,0.10555918703190037
scope_20260424_115654,sweep_7378,462,367.27,0.09070753044889608,0.12912988340207918
scope_20260424_115654,sweep_7379,462,374.79,0.0942401535645743,0.08670269282301649
scope_20260424_115654,sweep_7380,462,383.57,0.0960689390487469,0.1061083141803558
scope_20260424_115654,sweep_7381,462,390.81,0.09757160610107513,0.10031215687617467
scope_20260424_115654,sweep_7382,462,395.28,0.09849699192807751,0.12206108717503261
scope_20260424_115654,sweep_7383,462,401.9,0.0998642154970966,0.10869562697468164
scope_20260424_115654,sweep_7384,462,364.68,0.09413855932973765,0.08616420917687853
scope_20260424_115654,sweep_7385,462,364.69,0.09414070188820337,0.1015747856914557
scope_20260424_115654,sweep_7386,462,364.26,0.0940485628512199,0.13437334596479072
scope_20260424_115654,sweep_7387,462,364.91,0.09418783564817924,0.11109409980148943
scope_20260424_115654,sweep_7388,462,364.89,0.09626481289790936,0.12546549399162335
scope_20260424_115654,sweep_7389,462,364.68,0.09621882704496816,0.1297248761099046
scope_20260424_115654,sweep_7390,462,364.89,0.09626481289790936,0.10507366647022952
scope_20260424_115654,sweep_7391,462,364.69,0.09622101694955046,0.12201688924633619
scope_20260424_115654,sweep_7392,462,364.69,0.09622101694955046,0.11007931821037777
scope_20260424_115654,sweep_7393,462,364.68,0.09621882704496816,0.116556132757228
scope_20260424_115654,sweep_7394,462,364.47,0.09617283669006525,0.11404797757095736
scope_20260424_115654,sweep_7395,462,364.89,0.09626481289790936,0.1627392160283434
scope_20260424_115654,sweep_7396,462,364.89,0.09626481289790936,0.11167502149359135
scope_20260424_115654,sweep_7397,462,364.46,0.09617064656081964,0.10878273895930629
scope_20260424_115654,sweep_7398,462,364.68,0.09621882704496816,0.12531579138645346
scope_20260424_115654,sweep_7399,462,364.25,0.09612465148632049,0.10085079140126671
scope_20260424_115654,sweep_7400,462,364.69,0.09622101694955046,0.12609130501454113
scope_20260424_115654,sweep_7401,462,365.12,0.09631517319396472,0.12415424109351071
scope_20260424_115654,sweep_7402,462,364.48,0.09617502680909548,0.11253973533006635
scope_20260424_115654,sweep_7403,462,364.48,0.09617502680909548,0.11003227364026837
scope_20260424_115654,sweep_7404,462,364.89,0.09626481289790936,0.11195130742181983
scope_20260424_115654,sweep_7405,462,364.46,0.09617064656081964,0.13416420801101947
scope_20260424_115654,sweep_7406,462,364.69,0.09622101694955046,0.10950973734740806
scope_20260424_115654,sweep_7407,462,364.68,0.09413855932973765,0.11759042404687117
scope_20260424_115654,sweep_7408,462,364.05,0.0940035579975909,0.12155001889160928
scope_20260424_115654,sweep_7409,462,364.48,0.09409570606255502,0.11961782997702292
scope_20260424_115654,sweep_7410,462,364.26,0.0940485628512199,0.11628110775083013
scope_20260424_115654,sweep_7411,462,364.04,0.09400141479925794,0.1018885563262189
scope_20260424_115654,sweep_7412,462,364.46,0.09409142051600598,0.1133821633735942
scope_20260424_115654,sweep_7413,462,364.46,0.09207915863746603,0.108413216513675
scope_20260424_115654,sweep_7414,462,363.81,0.0919428357432514,0.15174899394266358
scope_20260424_115654,sweep_7415,462,364.47,0.09208125558976339,0.1166493526728799
scope_20260424_115654,sweep_7416,462,364.47,0.09208125558976339,0.11913606259209832
scope_20260424_115654,sweep_7417,462,363.83,0.09194703091089845,0.11249845547740203
scope_20260424_115654,sweep_7418,462,364.46,0.09207915863746603,0.12970316736506315
scope_20260424_115654,sweep_7419,462,364.68,0.09212528932912502,0.11988460613552432
scope_20260424_115654,sweep_7420,462,364.27,0.09009212741799723,0.10610178161308202
scope_20260424_115654,sweep_7421,462,364.49,0.09013728616879581,0.143603849952208
scope_20260424_115654,sweep_7422,462,364.69,0.09017833555775343,0.10058216815619692
scope_20260424_115654,sweep_7423,462,364.68,0.09017628317921367,0.11863781595823712
scope_20260424_115654,sweep_7424,462,365.31,0.09030556435479785,0.11506344903347282
scope_20260424_115654,sweep_7425,462,364.68,0.09017628317921367,0.11437878577950807
scope_20260424_115654,sweep_7426,462,364.67,0.09017423079110648,0.12338052133233696
scope_20260424_115654,sweep_7427,463,152.52,0.043738779158565166,0.1231019735342388
scope_20260424_115654,sweep_7428,463,152.52,0.043738779158565166,0.11979681413871003
scope_20260424_115654,sweep_7429,463,152.52,0.042823349008199785,0.12127901372040308
scope_20260424_115654,sweep_7430,463,152.52,0.042823349008199785,0.118903101905643
scope_20260424_115654,sweep_7431,463,152.52,0.042823349008199785,0.12078189974326763
scope_20260424_115654,sweep_7432,463,152.52,0.042823349008199785,0.07876601730393688
scope_20260424_115654,sweep_7433,463,152.52,0.042823349008199785,0.1137181596593111
scope_20260424_115654,sweep_7434,463,152.52,0.042823349008199785,0.07666022984740256
scope_20260424_115654,sweep_7435,463,152.52,0.042823349008199785,0.11958048357375699
scope_20260424_115654,sweep_7436,463,152.52,0.042823349008199785,0.12492492448628185
scope_20260424_115654,sweep_7437,463,152.52,0.042823349008199785,0.10955343014553447
scope_20260424_115654,sweep_7438,463,152.52,0.042823349008199785,0.08619629107437073
scope_20260424_115654,sweep_7439,463,152.52,0.042823349008199785,0.12045193457543614
scope_20260424_115654,sweep_7440,463,152.52,0.042823349008199785,0.11928345762338102
scope_20260424_115654,sweep_7441,463,152.52,0.042823349008199785,0.11990041881981432
scope_20260424_115654,sweep_7442,463,152.52,0.042823349008199785,0.12160231009108394
scope_20260424_115654,sweep_7443,463,152.52,0.042823349008199785,0.12202599422197531
scope_20260424_115654,sweep_7444,463,152.52,0.042823349008199785,0.12576426623528422
scope_20260424_115654,sweep_7445,463,152.52,0.042823349008199785,0.12112227496856937
scope_20260424_115654,sweep_7446,463,152.52,0.042823349008199785,0.11867386262397292
scope_20260424_115654,sweep_7447,463,152.52,0.042823349008199785,0.11286699300924213
scope_20260424_115654,sweep_7448,463,152.52,0.042823349008199785,0.07675263101982582
scope_20260424_115654,sweep_7449,463,152.52,0.04193662695698206,0.0747147507129566
scope_20260424_115654,sweep_7450,463,152.52,0.04193662695698206,0.11551148084412756
scope_20260424_115654,sweep_7451,463,152.52,0.04193662695698206,0.10550735184398914
scope_20260424_115654,sweep_7452,463,152.52,0.04193662695698206,0.12738053333467464
scope_20260424_115654,sweep_7453,463,152.52,0.04193662695698206,0.11858422829134235
scope_20260424_115654,sweep_7454,463,152.52,0.04193662695698206,0.08472054939102723
scope_20260424_115654,sweep_7455,463,152.52,0.04193662695698206,0.11779408480068583
scope_20260424_115654,sweep_7456,463,152.52,0.04193662695698206,0.06715351514023626
scope_20260424_115654,sweep_7457,463,152.52,0.04107746984432304,0.08100302966304425
scope_20260424_115654,sweep_7458,463,152.52,0.04107746984432304,0.12148837811599542
scope_20260424_115654,sweep_7459,463,152.52,0.04107746984432304,0.07929901302616524
scope_20260424_115654,sweep_7460,463,152.52,0.04107746984432304,0.1228381700011722
scope_20260424_115654,sweep_7461,463,152.52,0.04107746984432304,0.12175830108701677
scope_20260424_115654,sweep_7462,463,152.52,0.04107746984432304,0.12349555445825033
scope_20260424_115654,sweep_7463,463,152.52,0.04107746984432304,0.08008501077659917
scope_20260424_115654,sweep_7464,463,152.52,0.040244788847392875,0.12331847392424491
scope_20260424_115654,sweep_7465,463,152.52,0.040244788847392875,0.12524297091319994
scope_20260424_115654,sweep_7466,463,152.52,0.040244788847392875,0.12675772999496737
scope_20260424_115654,sweep_7467,463,152.52,0.040244788847392875,0.12570831677848632
scope_20260424_115654,sweep_7468,463,152.52,0.040244788847392875,0.08016960436658394
scope_20260424_115654,sweep_7469,463,152.52,0.040244788847392875,0.08603015040830901
scope_20260424_115654,sweep_7470,463,152.52,0.040244788847392875,0.12866332402900135
scope_20260424_115654,sweep_7471,463,152.52,0.040244788847392875,0.08067177968319343
scope_20260424_115654,sweep_7472,463,152.52,0.039437546510973726,0.08585014526322712
scope_20260424_115654,sweep_7473,463,152.52,0.039437546510973726,0.11989609430508211
scope_20260424_115654,sweep_7474,463,152.52,0.039437546510973726,0.12416832483236091
scope_20260424_115654,sweep_7475,463,152.52,0.039437546510973726,0.12628466007566982
scope_20260424_115654,sweep_7476,463,152.52,0.039437546510973726,0.12021652708172911
scope_20260424_115654,sweep_7477,463,152.52,0.039437546510973726,0.08266126810567931
scope_20260424_115654,sweep_7478,463,152.52,0.039437546510973726,0.14298221288682622
scope_20260424_115654,sweep_7479,464,364.7,0.08131212877123618,0.10603992574139642
scope_20260424_115654,sweep_7480,464,364.89,0.08134728740843233,0.24242978213693897
scope_20260424_115654,sweep_7481,464,365.96,0.08154522799142741,0.0998384831402934
scope_20260424_115654,sweep_7482,464,365.77,0.08151008685558338,0.1374471639477995
scope_20260424_115654,sweep_7483,464,365.76,0.08150823723616929,0.12001899017286037
scope_20260424_115654,sweep_7484,464,365.76,0.08150823723616929,0.16711293813144762
scope_20260424_115654,sweep_7485,464,365.74,0.0815045379715505,0.1405057269490923
scope_20260424_115654,sweep_7486,464,366.2,0.0815896123617296,0.11293565833075746
scope_20260424_115654,sweep_7487,464,365.98,0.08321814193029732,0.13363648580373094
scope_20260424_115654,sweep_7488,464,366.19,0.08325777309824604,0.1393010761228879
scope_20260424_115654,sweep_7489,464,365.53,0.08313320497727106,0.15621662998374153
scope_20260424_115654,sweep_7490,464,365.98,0.08321814193029732,0.1059094984235793
scope_20260424_115654,sweep_7491,464,366.19,0.08498041017726067,0.11857930045728525
scope_20260424_115654,sweep_7492,464,366.39,0.0850189314185217,0.11926346489433774
scope_20260424_115654,sweep_7493,464,364.9,0.08473186213443189,0.1260221754464296
scope_20260424_115654,sweep_7494,464,365.53,0.08662801581815208,0.10218637901849074
scope_20260424_115654,sweep_7495,464,365.75,0.08667128850886852,0.11093606830693252
scope_20260424_115654,sweep_7496,464,365.75,0.08667128850886852,0.13417712744745613
scope_20260424_115654,sweep_7497,464,365.96,0.08671259013151295,0.08179036010770281
scope_20260424_115654,sweep_7498,464,364.68,0.08828893995523222,0.13944026842057483
scope_20260424_115654,sweep_7499,464,366.61,0.08867658545827081,0.1507660936556276
scope_20260424_115654,sweep_7500,464,365.33,0.08841953300052953,0.16893160163451115
scope_20260424_115654,sweep_7501,464,365.96,0.08854607010754176,0.14985898528256653
scope_20260424_115654,sweep_7502,464,365.33,0.08841953300052953,0.13779718009495528
scope_20260424_115654,sweep_7503,464,366.39,0.08863241543935355,0.1430048549312558
scope_20260424_115654,sweep_7504,464,365.98,0.0885500865517869,0.13036644356278612
scope_20260424_115654,sweep_7505,464,365.54,0.08846171615484114,0.11830112667783055
scope_20260424_115654,sweep_7506,464,365.75,0.08850389518958945,0.13849183696576797
scope_20260424_115654,sweep_7507,464,366.4,0.08863442326528086,0.14607455432716487
scope_20260424_115654,sweep_7508,464,366.18,0.08859024894241133,0.11066429867677645
scope_20260424_115654,sweep_7509,464,365.55,0.08846372477369756,0.11483199202360882
scope_20260424_115654,sweep_7510,464,365.33,0.08841953300052953,0.11671958022731196
scope_20260424_115654,sweep_7511,464,364.46,0.08824473027192341,0.11981154456293906
scope_20260424_115654,sweep_7512,464,365.12,0.08837734572388391,0.1376707847663874
scope_20260424_115654,sweep_7513,464,366.19,0.08859225696403844,0.09782725359975807
scope_20260424_115654,sweep_7514,464,366.19,0.08859225696403844,0.13263760385515827
scope_20260424_115654,sweep_7515,464,366.4,0.08863442326528086,0.14067349624146921
scope_20260424_115654,sweep_7516,464,365.98,0.0885500865517869,0.1108823205286361
scope_20260424_115654,sweep_7517,464,365.97,0.08854807833432862,0.11885794792914198
scope_20260424_115654,sweep_7518,464,366.17,0.08858824091146189,0.12294370250378683
scope_20260424_115654,sweep_7519,464,365.76,0.08850590361234525,0.12230179101501037
scope_20260424_115654,sweep_7520,464,365.77,0.08667522217039178,0.1114840327688144
scope_20260424_115654,sweep_7521,464,365.97,0.08671455677493425,0.1343285233326152
scope_20260424_115654,sweep_7522,464,365.75,0.08667128850886852,0.11691011261508368
scope_20260424_115654,sweep_7523,464,366.17,0.08675388772531242,0.09994338592134076
scope_20260424_115654,sweep_7524,464,365.55,0.08663194988204502,0.11650163451171018
scope_20260424_115654,sweep_7525,464,365.11,0.08654539201978229,0.1035995795056904
scope_20260424_115654,sweep_7526,464,365.76,0.08667325534420094,0.11666836288853381
scope_20260424_115654,sweep_7527,464,365.54,0.08662998285467255,0.12355463630922432
scope_20260424_115654,sweep_7528,464,365.97,0.08671455677493425,0.11128688267712719
scope_20260424_115654,sweep_7529,464,365.54,0.08662998285467255,0.0993723103615244
scope_20260424_115654,sweep_7530,464,365.54,0.08485519142913733,0.10244670981714725
scope_20260424_115654,sweep_7531,464,365.74,0.08489372430331707,0.10364489125200547
scope_20260424_115654,sweep_7532,465,519.78,0.11365084866694898,0.2995374070312428
scope_20260424_115654,sweep_7533,465,509.53,0.11178752596012353,0.2793318500708681
scope_20260424_115654,sweep_7534,465,514.63,0.11271543123033548,0.202092819781551
scope_20260424_115654,sweep_7535,465,520.23,0.11373250911808076,0.20702988904383868
scope_20260424_115654,sweep_7536,465,524.14,0.11444154358822121,0.26538930751673384
scope_20260424_115654,sweep_7537,465,526.4,0.1148509588246177,0.2831200788153645
scope_20260424_115654,sweep_7538,465,531.32,0.11574122121846839,0.19943067038246073
scope_20260424_115654,sweep_7539,465,534.49,0.11631408248800514,0.2547616029074042
scope_20260424_115654,sweep_7540,465,539.13,0.1171515525380782,0.2547682734684079
scope_20260424_115654,sweep_7541,465,541.98,0.11766533906987911,0.22974056920262836
scope_20260424_115654,sweep_7542,465,545.72,0.11833887513675775,0.5550133007846492
scope_20260424_115654,sweep_7543,466,733.68,0.15129096363217884,0.3815567361071791
scope_20260424_115654,sweep_7544,466,733.68,0.14822414596056466,0.40229294471448174
scope_20260424_115654,sweep_7545,466,731.97,0.14793735029245345,0.35596571572133223
scope_20260424_115654,sweep_7546,466,729.38,0.14750274682056552,0.3296127447503928
scope_20260424_115654,sweep_7547,466,727.68,0.1472173432642175,0.40770127553727076
scope_20260424_115654,sweep_7548,466,725.12,0.14678734507937288,0.3598252260879006
scope_20260424_115654,sweep_7549,466,724.27,0.14664451520969166,0.2790598067609668
scope_20260424_115654,sweep_7550,466,723.46,0.14650838022733992,0.2759016326357093
scope_20260424_115654,sweep_7551,466,722.59,0.14636213230711628,0.41583954091059855
scope_20260424_115654,sweep_7552,466,720.89,0.14607627406817636,0.30385469807050314
scope_20260424_115654,sweep_7553,467,932.75,0.18090625191331297,0.4848568459022086
scope_20260424_115654,sweep_7554,467,903.02,0.1761072471235763,0.29304520952010826
scope_20260424_115654,sweep_7555,467,896.5,0.17505122564107958,0.28419907929110705
scope_20260424_115654,sweep_7556,467,892.58,0.17441568887406736,0.25869922269030793
scope_20260424_115654,sweep_7557,467,887.42,0.17357839092813085,0.33103454639801244
scope_20260424_115654,sweep_7558,467,882.46,0.1727727659118892,0.3217655665162616
scope_20260424_115654,sweep_7559,467,877.51,0.17196799731493448,0.3456140109161229
scope_20260424_115654,sweep_7560,467,871.33,0.17096217157548443,0.39075668532236674
scope_20260424_115654,sweep_7561,467,868.91,0.17056797445963082,0.29061472553357726
scope_20260424_115654,sweep_7562,467,865.31,0.16998121992587162,0.2134126406617744
scope_20260424_115654,sweep_7563,467,860.6,0.16921292222553408,0.3623771889668031
scope_20260424_115654,sweep_7564,468,1042.12,0.20021991715486198,0.4549990181468389
scope_20260424_115654,sweep_7565,468,1035.23,0.19955694025572768,0.27364838731284025
scope_20260424_115654,sweep_7566,468,1029.97,0.1990493205742741,0.3095230293191605
scope_20260424_115654,sweep_7567,468,1021.66,0.1982447098661378,0.43284327714713133
scope_20260424_115654,sweep_7568,468,1014.85,0.19758289295612977,0.28969785044378504
scope_20260424_115654,sweep_7569,468,1009.95,0.1971053210773559,0.4323321234317531
scope_20260424_115654,sweep_7570,468,1003.46,0.19647099500210177,0.41853198964407984
scope_20260424_115654,sweep_7571,468,998.57,0.19143995296762978,0.33196978595183135
scope_20260424_115654,sweep_7572,468,992.24,0.1904321621643285,0.3699590977255817
scope_20260424_115654,sweep_7573,468,986.1,0.1894535762620159,0.3792333992213691
scope_20260424_115654,sweep_7574,468,979.78,0.1884452196743636,0.4359696938468349
scope_20260424_115654,sweep_7577,470,1145.65,0.20992994483921715,0.2881027669581529
scope_20260424_115654,sweep_7578,470,1145.74,0.20993819051808385,0.29719786028541606
scope_20260424_115654,sweep_7579,470,1145.78,0.2099418551602926,0.3120079972100768
scope_20260424_115654,sweep_7580,470,1145.8,0.2142875074643702,0.2638696693273608
scope_20260424_115654,sweep_7581,470,1145.8,0.2142875074643702,0.25012151750442174
scope_20260424_115654,sweep_7582,470,1145.72,0.21428002653408587,0.2722895577858607
scope_20260424_115654,sweep_7583,470,1145.78,0.21428563725628355,0.2820475827653414
scope_20260424_115654,sweep_7584,470,1145.76,0.2142837670318742,0.3385124603337712
scope_20260424_115654,sweep_7585,471,1355.44,0.2330679698466132,0.315398758357411
scope_20260424_115654,sweep_7586,472,1332.3,0.23106994355941848,0.4863984869328316
scope_20260424_115654,sweep_7587,472,1334.94,0.23129876693014148,0.4606024345758175
scope_20260424_115654,sweep_7588,472,1335.05,0.2313082963248171,0.25220450281677803
scope_20260424_115654,sweep_7589,472,1335.11,0.2313134940109901,0.23217291642972185
scope_20260424_115654,sweep_7590,472,1332.3,0.23106994355941848,0.26013098972782744
scope_20260424_115654,sweep_7591,472,1332.33,0.2310725450978422,0.35854647940829
scope_20260424_115654,sweep_7592,472,1335.08,0.23131089518250297,0.3121547112795724
scope_20260424_115654,sweep_7593,472,1335.23,0.23132388903297108,0.299756793006392
scope_20260424_115654,sweep_7594,472,1335.08,0.23131089518250297,0.441170101335811
scope_20260424_115654,sweep_7595,472,1335.02,0.23130569743793145,0.5657041924834108
scope_20260424_115654,sweep_7596,473,1517.53,0.24661022930282128,0.3681466163965578
scope_20260424_115654,sweep_7597,473,1521.22,0.2469098738691778,0.4581183591150863
scope_20260424_115654,sweep_7598,473,1521.22,0.2469098738691778,0.5322581252234658
scope_20260424_115654,sweep_7599,473,1521.34,0.24691961230299075,0.3694691247707709
scope_20260424_115654,sweep_7600,473,1521.18,0.2469066276392177,0.38806128986689065
scope_20260424_115654,sweep_7601,473,1524.97,0.24721401860387995,0.3804778530442827
scope_20260424_115654,sweep_7602,473,1524.86,0.24720510235226542,0.46693866944172435
scope_20260424_115654,sweep_7603,473,1521.53,0.24693503070441158,0.35108961709898145
scope_20260424_115654,sweep_7604,473,1524.89,0.2523780110445293,0.5363663840410086
scope_20260424_115654,sweep_7605,473,1521.22,0.2520741251028687,0.4927579787828451
scope_20260424_115654,sweep_7606,473,1524.93,0.25238132113713935,0.7010970100502563
scope_20260424_115654,sweep_7607,474,1714.24,0.2675888835496997,0.588025783034094
scope_20260424_115654,sweep_7608,474,1713.84,0.2675576621926972,0.5115330025098019
scope_20260424_115654,sweep_7609,474,1713.89,0.2675615650615586,0.6130680159919233
scope_20260424_115654,sweep_7610,474,1713.89,0.2675615650615586,0.5033256740579191
scope_20260424_115654,sweep_7611,474,1709.4,0.26721086015168005,0.5164793490749596
scope_20260424_115654,sweep_7612,474,1709.21,0.2671960094806019,0.4455830612379399
scope_20260424_115654,sweep_7613,474,1713.99,0.26756937062849506,0.6317621212984379
scope_20260424_115654,sweep_7614,474,1709.26,0.26719991763196166,0.32615131663674
scope_20260424_115654,sweep_7615,474,1709.35,0.26720695216036494,0.38298373931364976
scope_20260424_115654,sweep_7616,474,1709.3,0.2672030441118933,0.5155459988107731
scope_20260424_115654,sweep_7617,474,1709.4,0.26721086015168005,0.5546060330410235
scope_20260424_115654,sweep_7618,475,1896.93,0.28148671819008747,0.3336932131462751
scope_20260424_115654,sweep_7619,475,1902.65,0.281910796062827,0.35545816308348704
scope_20260424_115654,sweep_7620,475,1902.65,0.281910796062827,0.4218771822526971
scope_20260424_115654,sweep_7621,475,1902.59,0.28190635100432526,0.3370267214534598
scope_20260424_115654,sweep_7622,475,1902.65,0.28787161211991413,0.3590404345690221
scope_20260424_115654,sweep_7623,475,1902.65,0.28787161211991413,0.40929437105974453
scope_20260424_115654,sweep_7624,475,1902.71,0.2878761510946491,0.38227966871249985
scope_20260424_115654,sweep_7625,475,1902.65,0.28787161211991413,0.3554534488559656
scope_20260424_115654,sweep_7626,475,1902.59,0.28786707307361037,0.33714993840644625
scope_20260424_115654,sweep_7627,475,1902.41,0.28785345550525265,0.29303081889061466
scope_20260424_115654,sweep_7628,476,2108.89,0.3030723740423422,0.4499606728510375
scope_20260424_115654,sweep_7629,476,2087.83,0.30155529179617596,0.42344922265453816
scope_20260424_115654,sweep_7630,476,2087.76,0.30155023653608265,0.41545979450295084
scope_20260424_115654,sweep_7631,476,2087.61,0.30153940355049785,0.45367170029608556
scope_20260424_115654,sweep_7632,476,2080.8,0.30104717541783516,0.34821145062467207
scope_20260424_115654,sweep_7633,476,2087.68,0.3015444589922014,0.3470395891286745
scope_20260424_115654,sweep_7634,476,2087.61,0.30153940355049785,0.38375121338949375
scope_20260424_115654,sweep_7635,476,2087.76,0.30155023653608265,0.38465046819721643
scope_20260424_115654,sweep_7636,476,2087.76,0.30799644368167706,0.3576143575831424
scope_20260424_115654,sweep_7637,476,2087.83,0.3080016070075246,0.3638927514882745
scope_20260424_115654,sweep_7638,476,2087.76,0.30799644368167706,0.31619321601564065
scope_20260424_115654,sweep_7639,477,2278.94,0.32178949427297626,0.35782742809363965
scope_20260424_115654,sweep_7640,477,2270.75,0.3212107541499381,0.4997399822623339
scope_20260424_115654,sweep_7641,477,2270.66,0.3212043885759367,0.30032851476022016
scope_20260424_115654,sweep_7642,477,2270.75,0.3212107541499381,0.405711809181518
scope_20260424_115654,sweep_7643,477,2270.75,0.3212107541499381,0.37691409806810494
scope_20260424_115654,sweep_7644,477,2270.58,0.3211987301820284,0.5031480904482105
scope_20260424_115654,sweep_7645,477,2278.94,0.32178949427297626,0.46295281409433486
scope_20260424_115654,sweep_7646,477,2278.86,0.3217838461678335,0.409279489115954
scope_20260424_115654,sweep_7647,477,2270.58,0.3211987301820284,0.5648055099431035
scope_20260424_115654,sweep_7648,477,2270.66,0.32814667214143767,0.4078310995963076
scope_20260424_115654,sweep_7660,479,2647.49,0.36207438076584797,0.3782194513087747
scope_20260424_115654,sweep_7661,479,2647.6,0.36208190256351086,0.6716830628379737
scope_20260424_115654,sweep_7662,479,2647.6,0.36208190256351086,0.459992800900128
scope_20260424_115654,sweep_7663,479,2647.49,0.36207438076584797,0.4925274593580214
scope_20260424_115654,sweep_7664,479,2647.25,0.36205796902853504,0.4956037523388388
scope_20260424_115654,sweep_7665,479,2647.49,0.36207438076584797,0.42746415155517137
scope_20260424_115654,sweep_7666,479,2647.6,0.36208190256351086,0.41517876102064627
scope_20260424_115654,sweep_7667,479,2647.84,0.36209831321606073,0.5063295062865852
scope_20260424_115654,sweep_7668,479,2647.6,0.36208190256351086,0.40644017145706934
scope_20260424_115654,sweep_7669,479,2647.72,0.370091551461432,0.37171772369575845
scope_20260424_115654,sweep_7670,480,2854.15,0.38424793296601495,0.5100437134261365
scope_20260424_115654,sweep_7671,481,2840.91,0.3833556609516867,0.43632544287052316
scope_20260424_115654,sweep_7672,481,2840.91,0.3833556609516867,0.5201224665420537
scope_20260424_115654,sweep_7673,481,2840.91,0.3833556609516867,0.46075905896130004
scope_20260424_115654,sweep_7674,481,2840.77,0.38334621495484733,0.5143293740477801
scope_20260424_115654,sweep_7675,481,2841.04,0.3833644320260625,0.4428784703575444
scope_20260424_115654,sweep_7676,481,2840.91,0.3833556609516867,0.4407927825044957
scope_20260424_115654,sweep_7677,481,2840.91,0.3833556609516867,0.42443988718121833
scope_20260424_115654,sweep_7678,481,2840.64,0.38333744346365,0.7597302449937116
scope_20260424_115654,sweep_7679,481,2840.91,0.3919222630027864,0.39780469070291974
scope_20260424_115654,sweep_7680,481,2841.18,0.391940886700276,0.4906886768688083
scope_20260424_115654,sweep_7904,483,2840.91,0.4498890984898675,0.47392387081560594
scope_20260424_115654,sweep_7905,483,2828.05,0.44886968286532025,0.49074226771933294
scope_20260424_115654,sweep_7906,483,2840.77,0.4498780130894541,0.4291504218597491
scope_20260424_115654,sweep_7907,483,2828.19,0.44888079316709883,0.535796350480795
scope_20260424_115654,sweep_7908,483,2840.91,0.4498890984898675,0.4548547197661274
scope_20260424_115654,sweep_7909,483,2840.77,0.4498780130894541,0.5309135412561244
scope_20260424_115654,sweep_7910,483,2841.04,0.44989939183139255,0.47773611867894583
scope_20260424_115654,sweep_7911,483,2827.92,0.44885936591028375,0.5693301308838332
scope_20260424_115654,sweep_7912,483,2841.04,0.44989939183139255,0.48882621913830976
scope_20260424_115654,sweep_7913,483,2828.05,0.44886968286532025,0.5089807989037819
scope_20260424_115654,sweep_7914,484,2625.25,0.43247605371268194,0.4828441744814533
scope_20260424_115654,sweep_7915,484,2647.49,0.4343040668159973,0.5181281622213703
scope_20260424_115654,sweep_7916,484,2647.49,0.4343040668159973,0.564529276384721
scope_20260424_115654,sweep_7917,484,2647.37,0.4342942240822025,0.482174966843623
scope_20260424_115654,sweep_7918,484,2647.6,0.4343130891260206,0.5510950786934408
scope_20260424_115654,sweep_7919,484,2647.72,0.4343229314322911,0.4508493622380143
scope_20260424_115654,sweep_7920,484,2647.6,0.4343130891260206,0.8675790113277497
scope_20260424_115654,sweep_7921,484,2647.72,0.4343229314322911,0.4837758410602294
scope_20260424_115654,sweep_7922,484,2647.49,0.4343040668159973,0.5236081242431808
scope_20260424_115654,sweep_7923,484,2647.49,0.4343040668159973,0.5511692704151476
scope_20260424_115654,sweep_7924,484,2647.6,0.4343130891260206,0.48148256791126426
scope_20260424_115654,sweep_7925,485,2459.62,0.41861109979529726,0.5396915449039832
scope_20260424_115654,sweep_7926,485,2459.22,0.41857705973052955,0.4880759195235288
scope_20260424_115654,sweep_7927,485,2459.12,0.4185685492817898,0.5058242086098669
scope_20260424_115654,sweep_7928,485,2459.22,0.41857705973052955,0.5106425681801575
scope_20260424_115654,sweep_7929,485,2459.22,0.41857705973052955,0.5504226262984065
scope_20260424_115654,sweep_7930,485,2459.12,0.4185685492817898,0.5121212176051313
scope_20260424_115654,sweep_7931,485,2459.12,0.4185685492817898,0.501996714364047
scope_20260424_115654,sweep_7932,485,2458.92,0.41855152786517885,0.5518868023569447
scope_20260424_115654,sweep_7933,485,2459.32,0.41858557000623975,0.5410384686989802
scope_20260424_115654,sweep_7934,485,2459.32,0.4088036746003814,0.5453967139345517
scope_20260424_115654,sweep_7935,485,2459.12,0.4087870516319896,0.6044345566699719
scope_20260424_115654,sweep_7936,486,2270.66,0.3928107140408861,0.8029774589278568
scope_20260424_115654,sweep_7937,486,2270.66,0.3928107140408861,0.5391461337738717
scope_20260424_115654,sweep_7938,486,2271.01,0.39284098683654456,0.6391814875886332
scope_20260424_115654,sweep_7939,486,2270.66,0.3928107140408861,0.445920323313947
scope_20260424_115654,sweep_7940,486,2270.58,0.39280379421715234,0.4085404281146479
scope_20260424_115654,sweep_7941,486,2271.01,0.39284098683654456,0.5100519344667901
scope_20260424_115654,sweep_7942,486,2270.83,0.3928254182615866,0.4039919501190284
scope_20260424_115654,sweep_7943,486,2270.83,0.3928254182615866,0.7930844075853802
scope_20260424_115654,sweep_7944,486,2270.66,0.3928107140408861,0.5390427352392861
scope_20260424_115654,sweep_7945,486,2270.66,0.3928107140408861,0.5226598201495062
scope_20260424_115654,sweep_7946,487,2060.51,0.3741921163481802,0.5916591744264139
scope_20260424_115654,sweep_7947,487,2080.95,0.37604350565280237,0.6275655669743466
scope_20260424_115654,sweep_7948,487,2081.02,0.3760498303660422,0.4147008026910876
scope_20260424_115654,sweep_7949,487,2080.8,0.3760299523376423,0.6730004127913428
scope_20260424_115654,sweep_7950,487,2081.09,0.37605615497290945,0.7521390803196047
scope_20260424_115654,sweep_7951,487,2080.88,0.3760371808331848,0.611759419469174
scope_20260424_115654,sweep_7952,487,2087.68,0.37665109591259094,0.5438167978697518
scope_20260424_115654,sweep_7953,487,2080.8,0.3760299523376423,0.5219266438742082
scope_20260424_115654,sweep_7954,487,2087.76,0.36795502396632424,0.8003415231091686
scope_20260424_115654,sweep_7955,487,2081.02,0.36736060179049096,0.567802279780569
scope_20260424_115654,sweep_7956,487,2087.68,0.36794797414165253,0.5662873370136644
scope_20260424_115654,sweep_7957,488,1896.81,0.35072471102573516,0.63574398855291
scope_20260424_115654,sweep_7958,488,1896.93,0.3507358049939491,0.35352931872949944
scope_20260424_115654,sweep_7959,488,1896.93,0.3507358049939491,0.42436635846519527
scope_20260424_115654,sweep_7960,488,1896.93,0.3507358049939491,0.36312612206651995
scope_20260424_115654,sweep_7961,488,1896.99,0.3507413518464675,0.48479357666748624
scope_20260424_115654,sweep_7962,488,1896.87,0.3507302580537064,0.7058489939679676
scope_20260424_115654,sweep_7963,488,1896.93,0.3507358049939491,0.5048989625740783
scope_20260424_115654,sweep_7964,488,1896.87,0.3507302580537064,0.6185094701629692
scope_20260424_115654,sweep_7965,488,1896.81,0.35072471102573516,0.6609617424575235
scope_20260424_115654,sweep_7966,488,1896.87,0.3507302580537064,0.34132733018982064
scope_20260424_115654,sweep_7967,489,1686.15,0.33067590759139365,0.3573185307687487
scope_20260424_115654,sweep_7968,489,1709.3,0.33293817689164007,0.4332459586923908
scope_20260424_115654,sweep_7969,489,1709.4,0.3253405321342194,0.5617364022059814
scope_20260424_115654,sweep_7970,489,1713.84,0.3257627782978136,0.38138142527318425
scope_20260424_115654,sweep_7971,489,1709.35,0.3253357739893845,0.6270937130270368
scope_20260424_115654,sweep_7972,489,1709.3,0.32533101577495926,0.29919275607002294
scope_20260424_115654,sweep_7973,489,1709.26,0.32532720915331187,0.32372853728511564
scope_20260424_115654,sweep_7974,489,1709.3,0.32533101577495926,0.3554094317514215
scope_20260424_115654,sweep_7975,489,1709.35,0.3253357739893845,0.3643926356550827
scope_20260424_115654,sweep_7976,489,1709.4,0.3253405321342194,0.30407519384235304
scope_20260424_115654,sweep_7977,489,1709.26,0.32532720915331187,0.3190502921280059
scope_20260424_115654,sweep_7978,490,1525.01,0.307293000909825,0.294784272654819
scope_20260424_115654,sweep_7979,490,1521.22,0.3069109165386572,0.5037167973734191
scope_20260424_115654,sweep_7980,490,1521.26,0.306914951574997,0.304230201042245
scope_20260424_115654,sweep_7981,490,1521.3,0.30691898655828836,0.40217348437503175
scope_20260424_115654,sweep_7982,490,1521.26,0.2999802757251766,0.4160616325804951
scope_20260424_115654,sweep_7983,490,1521.26,0.2999802757251766,0.329026451213548
scope_20260424_115654,sweep_7984,490,1521.22,0.29997633185959577,0.3437677607352052
scope_20260424_115654,sweep_7985,490,1521.22,0.29997633185959577,0.30032453607342613
scope_20260424_115654,sweep_7986,490,1521.22,0.29997633185959577,0.329436450819739
scope_20260424_115654,sweep_7987,490,1521.22,0.29997633185959577,0.37413422023330556
scope_20260424_115654,sweep_7988,490,1521.38,0.29999210701082923,0.29372785990358924
scope_20260424_115654,sweep_7999,492,1121.03,0.2517590909929431,0.2941848356978624
scope_20260424_115654,sweep_8000,492,1143.71,0.25429305747472286,0.30516698857635877
scope_20260424_115654,sweep_8001,492,1143.73,0.25429528087003966,0.2869747495259046
scope_20260424_115654,sweep_8002,492,1143.62,0.25428305195521617,0.37952759773791744
scope_20260424_115654,sweep_8003,492,1143.64,0.2542852754380183,0.30365446941419827
scope_20260424_115654,sweep_8004,492,1143.73,0.25429528087003966,0.3495995278069576
scope_20260424_115654,sweep_8005,492,1143.79,0.2543019509393536,0.28970893367646855
scope_20260424_115654,sweep_8006,492,1143.69,0.24867112451374335,0.2490182601405642
scope_20260424_115654,sweep_8007,492,1145.69,0.2488884583236695,0.30708648950594875
scope_20260424_115654,sweep_8008,492,1143.77,0.24867982151296833,0.2456306868541006
scope_20260424_115654,sweep_8009,492,1143.69,0.24867112451374335,0.3042762582786875
scope_20260424_115654,sweep_8010,493,958.7,0.21941578102418552,0.23188961960871524
scope_20260424_115654,sweep_8011,493,955.75,0.21885525090540098,0.22977906635309964
scope_20260424_115654,sweep_8012,493,955.7,0.2188457478624492,0.32625749679810634
scope_20260424_115654,sweep_8013,493,955.72,0.21884954908977208,0.23587138843096353
scope_20260424_115654,sweep_8014,493,955.67,0.21884004599610865,0.30726628085453356
scope_20260424_115654,sweep_8015,493,954.17,0.21855491385946121,0.3229803181300932
scope_20260424_115654,sweep_8016,493,955.69,0.2140603778477582,0.22469195172162962
scope_20260424_115654,sweep_8017,493,955.7,0.21406223692293522,0.2960795382463705
scope_20260424_115654,sweep_8018,493,954.24,0.21379077692230952,0.2245649358979396
scope_20260424_115654,sweep_8019,493,955.63,0.21404922332724846,0.21025938413700843
scope_20260424_115654,sweep_8020,493,955.69,0.2140603778477582,0.21342251926568476
scope_20260424_115654,sweep_8021,494,766.2,0.17818745525447177,0.20161653179840108
scope_20260424_115654,sweep_8022,494,758.7,0.1767385602522122,0.19653680013896488
scope_20260424_115654,sweep_8023,494,770.88,0.1790903433377298,0.2583289872236314
scope_20260424_115654,sweep_8024,495,1737.97,0.29336058987519115,0.16758492317026777
scope_20260424_115654,sweep_8025,496,1280.38,0.25179672274496057,0.275758041304021
scope_20260424_115654,sweep_8026,497,1695.35,0.28974124219384434,0.24972735666081647
scope_20260424_115654,sweep_8027,498,1388.82,0.2622428242494375,0.18230604928895308
scope_20260424_115654,sweep_8028,499,948.35,0.20809642087968572,0.21826944954704744
scope_20260424_115654,sweep_8030,501,1129.2,0.23646456373216532,0.1951826219411697
scope_20260424_115654,sweep_8032,503,987.61,0.21061916994032648,0.20177469514385493
scope_20260424_115654,sweep_8033,504,583.08,0.13600231784315325,0.19406043327223274
scope_20260424_115654,sweep_8034,504,580.37,0.13547746518980333,0.21589717970598146
scope_20260424_115654,sweep_8035,504,598.23,0.13892888357093167,0.18475810346611724
scope_20260424_115654,sweep_8036,504,601.12,0.13948571309955088,0.19109893196110236
scope_20260424_115654,sweep_8037,505,1069.73,0.22523145235702527,0.1727918962285872
scope_20260424_115654,sweep_8038,506,1358.54,0.2538213587002787,0.10726032402327618
scope_20260424_115654,sweep_8040,508,488.74,0.11498470086984966,0.19693668477405274
scope_20260424_115654,sweep_8041,509,1272.53,0.24045811067257258,0.13040452125663737
scope_20260424_115654,sweep_8042,510,1036.99,0.2170664480710225,0.1136981840904777
scope_20260424_115654,sweep_8043,511,398.05,0.09697362872101357,0.08092634614228526
scope_20260424_115654,sweep_8044,511,410.11,0.09940602635123874,0.13483728175861462
scope_20260424_115654,sweep_8045,512,890.17,0.18913328567808954,0.0940678688342271
scope_20260424_115654,sweep_8047,514,1259.31,0.23419936500272825,0.14302320632267693
scope_20260424_115654,sweep_8048,515,398.83,0.095098414543567,0.10649296336295756
scope_20260424_115654,sweep_8049,515,412.01,0.09769960897292379,0.14530718140918772
scope_20260424_115654,sweep_8050,515,420.95,0.09945593707869782,0.10643521983293883
scope_20260424_115654,sweep_8051,515,430.26,0.10127822812044687,0.14903119313034882
scope_20260424_115654,sweep_8052,515,364.47,0.08824673990138367,0.11926075661349661
scope_20260424_115654,sweep_8053,515,364.06,0.08816433740378077,0.10435765926711729
scope_20260424_115654,sweep_8054,515,364.7,0.0882929587924905,0.08446781187710797
scope_20260424_115654,sweep_8055,515,364.27,0.08638009592340405,0.13862203553660066
scope_20260424_115654,sweep_8056,515,364.06,0.08633876177932498,0.09197528276884782
scope_20260424_115654,sweep_8057,516,855.91,0.17552847457072843,0.1139508576974899
scope_20260424_115654,sweep_8058,517,365.33,0.08658867316621507,0.11271517773727091
scope_20260424_115654,sweep_8059,517,364.04,0.08633482498281286,0.09848591472866537
scope_20260424_115654,sweep_8061,519,364.47,0.08641945800888971,0.08959056631803422
scope_20260424_115654,sweep_8062,519,363.61,0.08625017496053516,0.08861878832843227
scope_20260424_115654,sweep_8063,519,363.85,0.08452944530946677,0.11975207560158997
scope_20260424_115654,sweep_8064,519,364.69,0.08469138669956372,0.1070929511872998
scope_20260424_115654,sweep_8065,519,364.06,0.08456993660993377,0.10728680206184242
scope_20260424_115654,sweep_8066,519,364.48,0.08465090730230602,0.09583214365738994
scope_20260424_115654,sweep_8067,519,364.25,0.08460656817477956,0.11054958667963435
scope_20260424_115654,sweep_8068,519,363.84,0.08452751705322076,0.1079287564176053
scope_20260424_115654,sweep_8069,519,362.99,0.08436358231263306,0.12202968596724133
scope_20260424_115654,sweep_8070,520,1191.99,0.21856406043699408,0.10265896680734658
scope_20260424_115654,sweep_8071,521,363.62,0.0844850931358738,0.1169900664046019
scope_20260424_115654,sweep_8072,522,461.18,0.10082329764250435,0.10009851852383721
scope_20260424_115654,sweep_8073,523,640.73,0.13246120782385998,0.11320285650450454
scope_20260424_115654,sweep_8083,525,575.17,0.11868054036243614,0.1087768885551252
scope_20260424_115654,sweep_8084,526,364.47,0.08126956414913336,0.09336445812101599
scope_20260424_115654,sweep_8085,526,364.26,0.08123069681043567,0.11350442890626185
scope_20260424_115654,sweep_8086,526,363.84,0.08115295070210417,0.11623255940743524
scope_20260424_115654,sweep_8087,526,364.48,0.08127141487980895,0.14142411802756089
scope_20260424_115654,sweep_8088,526,364.48,0.08127141487980895,0.09823801327980497
scope_20260424_115654,sweep_8089,526,364.26,0.08123069681043567,0.10988690931764082
scope_20260424_115654,sweep_8090,526,362.36,0.08087886646918938,0.10000420583361488
scope_20260424_115654,sweep_8091,526,363.83,0.08115109941839588,0.10669685445505694
scope_20260424_115654,sweep_8092,526,364.05,0.08285373125338058,0.13030009950406474
scope_20260424_115654,sweep_8093,526,363.41,0.08273281796329744,0.11167539537946297
scope_20260424_115654,sweep_8094,526,362.78,0.08261375858266169,0.10240396009938119
scope_20260424_115654,sweep_8095,526,363.2,0.0826931354046734,0.10793791170679438
scope_20260424_115654,sweep_8096,526,363.61,0.08277060725217722,0.09406585688380324
scope_20260424_115654,sweep_8097,526,363.41,0.08273281796329744,0.12652356479692534
scope_20260424_115654,sweep_8098,526,364.04,0.08456608046670662,0.11216642962126251
scope_20260424_115654,sweep_8099,526,364.06,0.08456993660993377,0.12344347995244583
scope_20260424_115654,sweep_8100,526,363.39,0.084440736192842,0.11698441447619709
scope_20260424_115654,sweep_8101,526,363.4,0.08444266485480587,0.11470562430765702
scope_20260424_115654,sweep_8102,526,363.82,0.0845236605136998,0.1022306628673488
scope_20260424_115654,sweep_8103,526,364.04,0.08633482498281286,0.07644575703704644
scope_20260424_115654,sweep_8104,526,364.04,0.08633482498281286,0.1180613104556189
scope_20260424_115654,sweep_8158,528,364.26,0.0780544320480118,0.14951027209282225
scope_20260424_115654,sweep_8159,528,365.32,0.07824291094335539,0.19745893635819534
scope_20260424_115654,sweep_8160,528,366.18,0.07839575947236244,0.1258500342869702
scope_20260424_115654,sweep_8161,528,365.76,0.07832112014932842,0.11096171274345569
scope_20260424_115654,sweep_8162,528,364.9,0.07816824176187094,0.1309369801429648
scope_20260424_115654,sweep_8163,528,365.54,0.07828201754682372,0.12135355708082025
scope_20260424_115654,sweep_8165,530,365.34,0.07824646625452843,0.11138773306004109
scope_20260424_115654,sweep_8166,530,365.76,0.07832112014932842,0.12144255873514029
scope_20260424_115654,sweep_8167,530,364.89,0.07816646374620104,0.11972210761658121
scope_20260424_115654,sweep_8168,530,365.33,0.07824468860307791,0.1363752278361033
scope_20260424_115654,sweep_8169,530,365.33,0.07824468860307791,0.14049591283730248
scope_20260424_115654,sweep_8170,530,364.03,0.0780135233811352,0.11202926464502054
scope_20260424_115654,sweep_8171,530,364.46,0.07809000123250932,0.11700211669955785
scope_20260424_115654,sweep_8172,530,364.69,0.07813090169287573,0.1310036630619323
scope_20260424_115654,sweep_8173,530,364.91,0.07817001976925744,0.11095038912867679
scope_20260424_115654,sweep_8174,530,366.41,0.07843662721956826,0.10302484876087187
scope_20260424_115654,sweep_8175,530,365.75,0.07831934284506344,0.11351973801607253
scope_20260424_115654,sweep_8176,530,365.54,0.07828201754682372,0.12065090341649211
scope_20260424_115654,sweep_8177,530,365.11,0.07820557817787811,0.1129056054414676
scope_20260424_115654,sweep_8178,530,365.12,0.07820735601137413,0.08351175223574955
scope_20260424_115654,sweep_8179,530,365.34,0.07824646625452843,0.10717446408773704
scope_20260424_115654,sweep_8180,530,365.52,0.07827846256642527,0.1316290606651722
scope_20260424_115654,sweep_8181,530,365.32,0.07672188874598147,0.11342229675172576
scope_20260424_115654,sweep_8182,530,365.11,0.0766852817199264,0.12463547797597369
scope_20260424_115654,sweep_8183,530,365.33,0.0767236318484532,0.10985151639776142
scope_20260424_115654,sweep_8184,530,364.9,0.07664867111430683,0.10894033477016621
scope_20260424_115654,sweep_8185,530,365.54,0.07676023512707027,0.11905199664202282
scope_20260424_115654,sweep_8186,530,363.62,0.07642544321236744,0.09592254906561709
scope_20260424_115654,sweep_8187,530,365.55,0.07676197805115541,0.1170518792032576
scope_20260424_115654,sweep_8188,531,570.3,0.11103659145367653,0.09787052222350892
scope_20260424_115654,sweep_8189,532,365.33,0.0767236318484532,0.11086861306445765
scope_20260424_115654,sweep_8190,533,1187.44,0.19733592709698355,0.09702811683640479
scope_20260424_115654,sweep_8191,534,364.68,0.07661031330458236,0.11011528702300982
scope_20260424_115654,sweep_8192,534,364.48,0.07657543915472961,0.09678856308878767
scope_20260424_115654,sweep_8193,534,365.55,0.07676197805115541,0.12703785539652002
scope_20260424_115654,sweep_8194,534,364.69,0.07661205692671234,0.11756592693525816
scope_20260424_115654,sweep_8195,534,363.82,0.07646033136641316,0.11415203469261535
scope_20260424_115654,sweep_8196,534,363.84,0.0764638200024697,0.11183796925924763
scope_20260424_115654,sweep_8197,534,365.53,0.07675849219487937,0.05627309454419129
scope_20260424_115654,sweep_8198,534,365.33,0.0767236318484532,0.11904650907331471
scope_20260424_115654,sweep_8199,534,366.21,0.07687699313193874,0.09614589974445578
scope_20260424_115654,sweep_8200,534,365.97,0.076835173546668,0.12094928732110118
scope_20260424_115654,sweep_8201,534,364.46,0.07657195156084524,0.11321598125230241
scope_20260424_115654,sweep_8202,534,365.97,0.076835173546668,0.11807838701643196
scope_20260424_115654,sweep_8203,535,1343.88,0.20993293062622626,0.11359582918922705
scope_20260424_115654,sweep_8208,537,1246.91,0.20221709964211082,0.12189586393508127
scope_20260424_115654,sweep_8209,538,932.86,0.16705058252524937,0.10307662439978794
scope_20260424_115654,sweep_8210,539,1364.29,0.21152108769540467,0.1169602256627869
scope_20260424_115654,sweep_8211,540,399.08,0.08256197871397777,0.11454824099543652
scope_20260424_115654,sweep_8212,540,411.47,0.08468393101698252,0.1109834612635337
scope_20260424_115654,sweep_8213,541,1423.79,0.21608433917907102,0.11320771645372042
scope_20260424_115654,sweep_8214,542,365.09,0.07668179514984118,0.08787462250245662
scope_20260424_115654,sweep_8215,542,365.13,0.07521328902364995,0.09537644260017383
scope_20260424_115654,sweep_8216,542,406.66,0.08224798179135914,0.12201292792626268
scope_20260424_115654,sweep_8217,542,369.67,0.07598868578057576,0.11593601621118754
scope_20260424_115654,sweep_8218,542,408.26,0.08251648335861422,0.1287505959679946
scope_20260424_115654,sweep_8219,543,1382.62,0.2088404203343599,0.10341572467276525
scope_20260424_115654,sweep_8220,544,841.89,0.15046139448549012,0.18573042354005143
scope_20260424_115654,sweep_8221,545,469.18,0.09261363255259204,0.1849778362133311
scope_20260424_115654,sweep_8223,547,583.08,0.11092195149554993,0.18928596073049403
scope_20260424_115654,sweep_8224,547,592.56,0.11241673730466338,0.21404385439602683
scope_20260424_115654,sweep_8225,547,598.77,0.11339371100066571,0.23414179914497119
scope_20260424_115654,sweep_8226,547,605.2,0.11440348237140924,0.25657773154454383
scope_20260424_115654,sweep_8227,547,610.0,0.11515608837006343,0.2096955075536526
scope_20260424_115654,sweep_8228,547,553.56,0.10624043562546905,0.24563121496906207
scope_20260424_115654,sweep_8229,548,2046.73,0.2540934201100255,0.09236661472934461
scope_20260424_115654,sweep_8230,549,590.27,0.1120560298873343,0.21261765830916954
scope_20260424_115654,sweep_8231,550,810.12,0.14573340264230705,0.26155354436263356
scope_20260424_115654,sweep_8232,550,788.52,0.14250092821575894,0.2423730578798004
scope_20260424_115654,sweep_8233,551,567.7,0.10848803010153335,0.17357235540702373
scope_20260424_115654,sweep_8234,552,798.7,0.14402623215370122,0.21966876903514962
scope_20260424_115654,sweep_8235,552,773.85,0.14029696442803122,0.2647910686978261
scope_20260424_115654,sweep_8236,552,774.82,0.14044291139104922,0.2564952517839292
scope_20260424_115654,sweep_8237,553,906.85,0.16003595685600636,0.2970166920940688
scope_20260424_115654,sweep_8238,554,775.78,0.14058732316700467,0.2774060438857434
scope_20260424_115654,sweep_8239,555,707.75,0.13283136082624128,0.25851884697215277
scope_20260424_115654,sweep_8240,556,771.0,0.14261179851719827,0.21952125441949163
scope_20260424_115654,sweep_8241,556,771.95,0.14275763202108702,0.2830697504950904
scope_20260424_115654,sweep_8242,557,897.81,0.16182417700158264,0.29834732285255505
scope_20260424_115654,sweep_8243,557,941.29,0.1683025834269501,0.26124187648335234
scope_20260424_115654,sweep_8245,558,749.61,0.1393200692026635,0.23102307322490567
scope_20260424_115654,sweep_8246,559,966.07,0.17197188741524752,0.1943960891015001
scope_20260424_115654,sweep_8248,560,1145.8,0.19384505745291095,0.2359167661419808
scope_20260424_115654,sweep_8249,561,1891.37,0.24905116135247854,0.30747798923371916
scope_20260424_115654,sweep_8250,562,948.44,0.16936298851738532,0.26857135445943514
scope_20260424_115654,sweep_8251,563,960.14,0.171095272759924,0.2302262016237231
scope_20260424_115654,sweep_8252,563,955.78,0.17045015956404236,0.29024112817143083
scope_20260424_115654,sweep_8253,564,1143.69,0.19366649158407426,0.21973167187368253
scope_20260424_115654,sweep_8254,564,1143.69,0.19366649158407426,0.27764341080847743
scope_20260424_115654,sweep_8255,564,1145.89,0.19385267034896494,0.24558065579981703
scope_20260424_115654,sweep_8256,565,1047.34,0.18532933540491633,0.2974765017245089
scope_20260424_115654,sweep_8258,566,1752.54,0.23973657290695574,0.24369702671914112
scope_20260424_115654,sweep_8259,567,1149.95,0.19419578615083613,0.2539544081988159
scope_20260424_115654,sweep_8260,567,1143.75,0.1975111376110749,0.354581105657924
scope_20260424_115654,sweep_8262,569,2449.58,0.2890492525266743,0.25886394892329845
scope_20260424_115654,sweep_8263,570,1355.44,0.21501372630066604,0.29619873510688655
scope_20260424_115654,sweep_8264,571,1340.93,0.2138597675619852,0.3203948484018771
scope_20260424_115654,sweep_8265,571,1335.08,0.21339276066061064,0.27625825362157497
scope_20260424_115654,sweep_8266,571,1332.36,0.21317527397753133,0.2967402870976945
scope_20260424_115654,sweep_8267,571,1335.23,0.21340474796289835,0.2670515181430576
scope_20260424_115654,sweep_8268,571,1335.17,0.21339995312278673,0.25376552451876594
scope_20260424_115654,sweep_8269,572,2339.55,0.2824829256284759,0.2647010170838873
scope_20260424_115654,sweep_8270,573,1829.99,0.2498333406332245,0.272253520682147
scope_20260424_115654,sweep_8271,574,1335.14,0.21339755566233007,0.2977696864345856
scope_20260424_115654,sweep_8273,575,2469.03,0.29019452889457487,0.309133875357094
scope_20260424_115654,sweep_8274,576,2853.88,0.31824348825240883,0.31125288596792067
scope_20260424_115654,sweep_8277,578,2740.23,0.3118424116684298,0.29779884566183595
scope_20260424_115654,sweep_8278,578,2729.26,0.31121758421389295,0.2632848240669136
scope_20260424_115654,sweep_8279,579,2815.58,0.3161008094260586,0.2629834420779047
scope_20260424_115654,sweep_8280,580,1329.43,0.21720729621190782,0.32879166580820884
scope_20260424_115654,sweep_8281,581,2080.73,0.27173747560249195,0.2628467565289351
scope_20260424_115654,sweep_8282,582,1551.63,0.2346582113821488,0.31335916345687687
scope_20260424_115654,sweep_8283,583,2033.42,0.2686304363466032,0.2734712773846369
scope_20260424_115654,sweep_8284,584,1521.26,0.23235038431863458,0.2913863955890849
scope_20260424_115654,sweep_8287,586,1551.63,0.239410245250847,0.2851220467061532
scope_20260424_115654,sweep_8288,587,1709.65,0.2513056500804861,0.34261157055930735
scope_20260424_115654,sweep_8289,587,1733.35,0.2530415155206125,0.21413746439483192
scope_20260424_115654,sweep_8290,587,1713.94,0.25162075134977896,0.26987072519853655
scope_20260424_115654,sweep_8291,587,1718.85,0.25198090816287827,0.20521934240589598
scope_20260424_115654,sweep_8293,587,1733.2,0.253030566477279,0.40184585900477204
scope_20260424_115654,sweep_8294,587,1709.45,0.2512909504051062,0.32421275192498034
scope_20260424_115654,sweep_8295,588,1926.35,0.26675725896509517,0.2751462148507441
scope_20260424_115654,sweep_8296,588,1902.95,0.2651321150036139,0.2672241135192858
scope_20260424_115654,sweep_8297,588,1902.77,0.26511957528651625,0.3569944528871391
scope_20260424_115654,sweep_8298,588,1908.58,0.2709590095935938,0.36530589657448875
scope_20260424_115654,sweep_8299,588,1897.11,0.2701435909805519,0.32911067756601725
scope_20260424_115654,sweep_8300,588,1902.83,0.2705505411149694,0.37056116960967156
scope_20260424_115654,sweep_8301,588,1908.58,0.2709590095935938,0.32653843636250507
scope_20260424_115654,sweep_8302,588,1902.77,0.27054627558404076,0.4666948502247864
scope_20260424_115654,sweep_8303,588,1896.99,0.2701350469995586,0.32424309921747313
scope_20260424_115654,sweep_8304,588,1897.05,0.2701393190238339,0.32763917445349644
scope_20260424_115654,sweep_8305,588,1902.77,0.27054627558404076,0.43379253368431653
scope_20260424_115654,sweep_8306,589,2080.88,0.28292539440532194,0.5464277255322593
scope_20260424_115654,sweep_8307,589,2087.68,0.2833872959800213,0.3744698371285056
scope_20260424_115654,sweep_8308,589,2088.12,0.28928117369341827,0.35789235575042005
scope_20260424_115654,sweep_8309,589,2088.34,0.2892964123248205,0.3125167837840243
scope_20260424_115654,sweep_8310,589,2087.83,0.28926108517999316,0.3288792540522523
scope_20260424_115654,sweep_8311,589,2087.97,0.28927078325720035,0.32488360595478727
scope_20260424_115654,sweep_8313,590,1920.49,0.2774268363350566,0.3588907616717173
scope_20260424_115654,sweep_8314,591,2080.95,0.28878409268677807,0.38502205341393597
scope_20260424_115654,sweep_8315,591,2087.9,0.2892659342592396,0.5009704325363009
scope_20260424_115654,sweep_8331,594,2802.82,0.34939524566271735,0.38385923530893196
scope_20260424_115654,sweep_8332,595,2459.22,0.32727895384506256,0.3896867252497036
scope_20260424_115654,sweep_8334,595,2459.32,0.3272856078985197,0.37518820426051097
scope_20260424_115654,sweep_8335,595,2459.32,0.33428195732447413,0.4106914911141209
scope_20260424_115654,sweep_8336,595,2459.22,0.3342751610280281,0.34413513044412375
scope_20260424_115654,sweep_8337,595,2459.32,0.33428195732447413,0.47565782237823373
scope_20260424_115654,sweep_8338,596,2647.72,0.34684979615500217,0.4084933166725636
scope_20260424_115654,sweep_8339,596,2647.49,0.34683473089401196,0.5000037853406752
scope_20260424_115654,sweep_8340,596,2647.72,0.34684979615500217,0.43866033575771285
scope_20260424_115654,sweep_8341,597,2670.35,0.3483289008989889,0.3654611452840709
scope_20260424_115654,sweep_8342,597,2658.99,0.3475871940629672,0.3853681505397851
scope_20260424_115654,sweep_8343,598,2647.6,0.35433833141279336,0.652873681572087
scope_20260424_115654,sweep_8344,598,2647.72,0.354346361348958,0.6729119124871517
scope_20260424_115654,sweep_8345,598,2647.6,0.35433833141279336,0.4581317321180491
scope_20260424_115654,sweep_8346,598,2647.72,0.354346361348958,0.4205862052701892
scope_20260424_115654,sweep_8347,598,2647.72,0.354346361348958,0.3121372272852751
scope_20260424_115654,sweep_8348,598,2647.72,0.354346361348958,0.4446237173310231
scope_20260424_115654,sweep_8350,599,2854.15,0.36790047317941793,0.6095010849082405
scope_20260424_115654,sweep_8351,600,2841.04,0.3670545599396147,0.4535519786543196
scope_20260424_115654,sweep_8352,600,2841.18,0.37508526790301955,0.47776420245666035
scope_20260424_115654,sweep_8353,600,2841.18,0.37508526790301955,0.4706003695048912
scope_20260424_115654,sweep_8354,600,2828.19,0.37422683240154586,0.4675694441447141
scope_20260424_115654,sweep_8355,600,2841.18,0.37508526790301955,0.5819015560651194
scope_20260424_115654,sweep_8356,600,2841.04,0.37507602656941746,0.41644170217084137
scope_20260424_115654,sweep_8357,600,2841.18,0.37508526790301955,0.4585478952462
scope_20260424_115654,sweep_8358,601,2705.26,0.3660034152963424,0.44199892582220857
scope_20260424_115654,sweep_8359,602,2977.22,0.38396010016943877,0.5244110742986331
scope_20260424_115654,sweep_8360,602,2976.93,0.392425711536652,0.4305160487538011
scope_20260424_115654,sweep_8361,602,2962.82,0.39149460069777703,0.4880647861071517
scope_20260424_115654,sweep_8363,602,2962.96,0.3915038500947447,0.49653767335398835
scope_20260424_115654,sweep_8364,602,2976.93,0.392425711536652,0.45523244732158535
scope_20260424_115654,sweep_8365,602,2962.82,0.39149460069777703,0.48475610568541755
scope_20260424_115654,sweep_8612,605,2489.01,0.411263901127093,0.5323708186707128
scope_20260424_115654,sweep_8613,606,2198.61,0.38652836485988257,0.6249946579704949
scope_20260424_115654,sweep_8616,607,2304.41,0.3957192211660226,0.31582977070394586
scope_20260424_115654,sweep_8617,607,2279.29,0.3844627281110525,0.519668445869854
scope_20260424_115654,sweep_8618,607,2270.83,0.383748563084604,0.5601465514800593
scope_20260424_115654,sweep_8619,607,2279.12,0.38444839033865136,0.492503177761922
scope_20260424_115654,sweep_8620,607,2270.83,0.383748563084604,0.40405326393074864
scope_20260424_115654,sweep_8621,607,2295.95,0.38586524541952283,0.7034530046883021
scope_20260424_115654,sweep_8622,607,2270.83,0.383748563084604,0.5158396969542591
scope_20260424_115654,sweep_8623,607,2271.01,0.38376377192291133,0.33717660513267034
scope_20260424_115654,sweep_8624,607,2270.83,0.383748563084604,0.48288951882817405
scope_20260424_115654,sweep_8625,608,2081.02,0.36736060179049096,0.7981228020339639
scope_20260424_115654,sweep_8626,608,2081.17,0.3673738412349288,0.7573269513092856
scope_20260424_115654,sweep_8627,608,2087.97,0.36797352911347747,0.4881338855809401
scope_20260424_115654,sweep_8628,608,2087.9,0.36796736083449605,0.47237854600861573
scope_20260424_115654,sweep_8629,608,2088.12,0.36798674650598795,0.5573280926385425
scope_20260424_115654,sweep_8630,608,2088.12,0.36798674650598795,0.45318854456926805
scope_20260424_115654,sweep_8631,608,2087.9,0.36796736083449605,0.5038843610353342
scope_20260424_115654,sweep_8632,608,2088.12,0.36798674650598795,0.7671914036847638
scope_20260424_115654,sweep_8633,608,2088.19,0.3679929144600277,0.5806504541201164
scope_20260424_115654,sweep_8634,608,2087.97,0.36797352911347747,0.737245333188591
scope_20260424_115654,sweep_8645,610,2095.19,0.36018699594787823,0.5276317902770297
scope_20260424_115654,sweep_8646,611,1709.4,0.3253405321342194,0.5686921930863292
scope_20260424_115654,sweep_8647,611,1713.99,0.3257770338139658,0.41400877372431877
scope_20260424_115654,sweep_8648,611,1714.09,0.32578653714485495,0.5721868544577938
scope_20260424_115654,sweep_8649,611,1709.5,0.32535004821512975,0.34812152379793926
scope_20260424_115654,sweep_8650,611,1713.89,0.32576753020584415,0.43181662650705654
scope_20260424_115654,sweep_8651,611,1677.1,0.3222521342512386,0.4493367104255214
scope_20260424_115654,sweep_8652,611,1709.5,0.32535004821512975,0.39608974499421923
scope_20260424_115654,sweep_8653,611,1709.45,0.3179941849104566,0.4586154172530545
scope_20260424_115654,sweep_8654,611,1709.55,0.3180034858415898,0.44213236267381534
scope_20260424_115654,sweep_8655,611,1714.09,0.3184254619683562,0.2846082729152606
scope_20260424_115654,sweep_8656,612,1499.48,0.29782511331533945,0.4873757591960735
scope_20260424_115654,sweep_8658,613,1234.49,0.2702307490581339,0.3024163250804642
scope_20260424_115654,sweep_8667,615,1332.47,0.28074995598970454,0.3392191067266753
scope_20260424_115654,sweep_8668,615,1338.3,0.27507636919426726,0.3491369981495037
scope_20260424_115654,sweep_8669,615,1304.4,0.2715700920081301,0.3706223499416137
scope_20260424_115654,sweep_8670,615,1332.33,0.2744621416508901,0.3146437627254221
scope_20260424_115654,sweep_8671,615,1340.96,0.27534960386524504,0.4523199245442019
scope_20260424_115654,sweep_8672,615,1332.39,0.2744683216299876,0.36547381630844306
scope_20260424_115654,sweep_8673,616,2246.18,0.35636810061886665,0.2843493295475472
scope_20260424_115654,sweep_8677,618,1123.15,0.251997031625649,0.3592600825404144
scope_20260424_115654,sweep_8678,618,1145.87,0.2545330719498891,0.22290385227544277
scope_20260424_115654,sweep_8679,619,1536.37,0.2947300742512072,0.4413217851635707
scope_20260424_115654,sweep_8680,620,1145.91,0.24891235345782123,0.3050859683957878
scope_20260424_115654,sweep_8681,620,1145.87,0.2489080090585983,0.22639617896813138
scope_20260424_115654,sweep_8684,623,1113.01,0.24531309372544038,0.3658310831746232
scope_20260424_115654,sweep_8685,624,2206.29,0.34538422248046263,0.21350136050954896
scope_20260424_115654,sweep_8686,625,1160.72,0.25051568939500557,0.26952052670682813
scope_20260424_115654,sweep_8687,626,870.22,0.20247122779211232,0.1691164179387869
scope_20260424_115654,sweep_8688,627,973.74,0.2222689997996765,0.2543215601043306
scope_20260424_115654,sweep_8689,627,954.29,0.21857772723310837,0.2651691080162354
scope_20260424_115654,sweep_8690,628,1050.97,0.23316765376733653,0.25990111458495596
scope_20260424_115654,sweep_8692,630,1198.87,0.24903431258128966,0.2955159830188368
scope_20260424_115654,sweep_8693,631,1074.58,0.23577215860145237,0.29731789704220446
scope_20260424_115654,sweep_8694,632,944.11,0.21190533907221387,0.33099830468115005
scope_20260424_115654,sweep_8695,633,1453.84,0.27424041019421164,0.22317272937479335
scope_20260424_115654,sweep_8696,634,925.9,0.20850733278719827,0.20835646849655623
scope_20260424_115654,sweep_8697,635,2246.52,0.34090100982605925,0.2582286790638694
scope_20260424_115654,sweep_8698,636,1198.71,0.24901769409073748,0.23782490924281383
scope_20260424_115654,sweep_8707,639,770.97,0.17148773221163113,0.2353944287821665
scope_20260424_115654,sweep_8708,639,773.88,0.1720247980235628,0.20848019157600783
scope_20260424_115654,sweep_8709,640,588.1,0.13697346066121613,0.23438804148152637
scope_20260424_115654,sweep_8710,640,589.23,0.13719186984814696,0.21896827714642741
scope_20260424_115654,sweep_8711,640,597.73,0.1388324999324795,0.17949108155242655
scope_20260424_115654,sweep_8712,640,613.01,0.1417718555827968,0.1921634307570235
scope_20260424_115654,sweep_8713,641,528.61,0.12537019763632185,0.1771128806579607
scope_20260424_115654,sweep_8714,642,601.76,0.13960896321295319,0.17224055448954304
scope_20260424_115654,sweep_8715,642,607.65,0.1377646592893197,0.1829178950349967
scope_20260424_115654,sweep_8716,642,614.84,0.13911628452602828,0.18404219222128804
scope_20260424_115654,sweep_8717,642,636.86,0.14323920858034905,0.2291918282782163
scope_20260424_115654,sweep_8718,642,625.97,0.14120329693622266,0.17776542147177304
scope_20260424_115654,sweep_8719,642,625.36,0.14108907875769588,0.11480745464192132
scope_20260424_115654,sweep_8721,644,1264.57,0.23970486745951197,0.1102824973556371
scope_20260424_115654,sweep_8722,645,989.27,0.20645087700124817,0.11144876102928108
scope_20260424_115654,sweep_8723,646,382.66,0.09385129322603887,0.12454239660651481
scope_20260424_115654,sweep_8726,648,376.42,0.09064163279440954,0.12949643821077458
scope_20260424_115654,sweep_8728,650,364.51,0.08825477832549262,0.12943499753879256
scope_20260424_115654,sweep_8729,651,1321.12,0.23987805611585533,0.11265763797572644
scope_20260424_115654,sweep_8730,651,1315.39,0.23935728779651855,0.106686449785987
scope_20260424_115654,sweep_8735,656,364.29,0.0863840322972493,0.11341110131567338
scope_20260424_115654,sweep_8736,656,365.13,0.08654932685262287,0.1117578097975411
scope_20260424_115654,sweep_8737,657,1208.12,0.2246401043605994,0.10959274076428006
scope_20260424_115654,sweep_8738,658,364.07,0.08634073016379364,0.1946045995168474
scope_20260424_115654,sweep_8739,658,364.72,0.08646865545260198,0.12095444713469417
scope_20260424_115654,sweep_8740,658,370.81,0.0876653454473728,0.11195466657939068
scope_20260424_115654,sweep_8743,661,1282.9,0.22674558880582432,0.08582816437353259
scope_20260424_115654,sweep_8744,662,1127.25,0.21254581897551283,0.10762459893584611
scope_20260424_115654,sweep_8745,663,537.32,0.11682501336021948,0.10580693949604214
scope_20260424_115654,sweep_8746,664,1237.04,0.22265595540955752,0.10871934955006655
scope_20260424_115654,sweep_8747,664,1237.09,0.22266045513684135,0.11570347894075757
scope_20260424_115654,sweep_8748,665,367.09,0.0851537276287042,0.12839521828152392
scope_20260424_115654,sweep_8749,666,1176.26,0.21711713953275308,0.11801756492998494
scope_20260424_115654,sweep_8750,667,363.44,0.08273848658197239,0.09916837661829193
scope_20260424_115654,sweep_8752,669,364.71,0.08297838524254444,0.10654808766953493
scope_20260424_115654,sweep_8753,669,364.28,0.08289717563772932,0.11648921801002819
scope_20260424_115654,sweep_8754,669,362.8,0.0826175387854464,0.10309763128164667
scope_20260424_115654,sweep_8755,669,364.08,0.08285939817676449,0.11237145389030277
scope_20260424_115654,sweep_8756,670,966.2,0.18627477584267818,0.11426790354188858
scope_20260424_115654,sweep_8757,671,363.65,0.08277816468587364,0.09640292030283651
scope_20260424_115654,sweep_8758,671,362.16,0.08249655471245677,0.1006306507422632
scope_20260424_115654,sweep_8759,671,362.38,0.08253814708394232,0.10262174241007269
scope_20260424_115654,sweep_8760,671,364.08,0.08285939817676449,0.1034091260471882
scope_20260424_115654,sweep_8761,671,401.42,0.08805131028914685,0.10563203190391836
scope_20260424_115654,sweep_8762,672,1152.27,0.20631261087163133,0.11231945960437047
scope_20260424_115654,sweep_8765,675,363.44,0.08107889260389285,0.10593690711080665
scope_20260424_115654,sweep_8766,676,1189.74,0.20964025494296282,0.1416640501013778
scope_20260424_115654,sweep_8767,677,364.5,0.08127511631526405,0.09254711879802317
scope_20260424_115654,sweep_8768,677,363.23,0.08104000655607431,0.12791865797732707
scope_20260424_115654,sweep_8769,677,364.28,0.08123439862582597,0.10989534549267417
scope_20260424_115654,sweep_8770,677,363.24,0.08104185835928548,0.10687196444839316
scope_20260424_115654,sweep_8771,677,362.19,0.0808473716485025,0.10438727181590914
scope_20260424_115654,sweep_8772,678,1249.45,0.21483650980418273,0.10425819093158445
scope_20260424_115654,sweep_8773,678,1249.53,0.21484338748863646,0.11874372640501869
scope_20260424_115654,sweep_8774,679,364.29,0.08123624952056448,0.11745013130443306
scope_20260424_115654,sweep_8776,681,538.72,0.11017245938716176,0.11636747439188284
scope_20260424_115654,sweep_8777,681,500.59,0.10366015955486904,0.10909328943944245
scope_20260424_115654,sweep_8780,684,364.72,0.07970179874412535,0.12917179463097517
scope_20260424_115654,sweep_8781,685,1129.28,0.20019005111434657,0.09973877292311374
scope_20260424_115654,sweep_8782,686,363.86,0.0795457816433207,0.12826498599111022
