,US_0-10kHz__dominant_frequency,US_0-10kHz__kurtosis,US_0-10kHz__mobility,US_10-20kHz__complexity,US_10-20kHz__crest_factor,US_10-20kHz__mobility,US_10-20kHz__spectral_bandwidth,US_20-100kHz__complexity,US_20-100kHz__spectral_bandwidth,US_20-100kHz__spectral_skewness,complexity,skewness
0,0.07379495702146655,-0.07168641037146689,0.04545753098538813,0.0185326599761738,-0.015650082436794045,0.10285754399137562,-0.0064919603929645565,-0.22287974347643436,0.017575228507910417,0.006573840948654276,-0.15442716881629345,-0.0025823126938461986
1,0.027726304372029203,-0.10923063791156506,0.10128770333799199,0.0457606861784674,-0.024229384061127006,0.06773573688386045,0.005502570237912959,-0.20465748421037036,0.0008639999175886121,0.0016401218708645181,-0.03690635842897298,-0.000548352293197968
2,0.032959475237851844,-0.017222750373183732,0.09076380995716626,0.04526306133238713,0.005967318082539952,0.08524227793833185,-0.00041004172729055584,-0.21348328195561156,0.004929767467130764,-0.00824835695380293,-0.2196502235442901,0.012732300042353598
3,0.06489228267773244,-0.01679574215505591,-0.037090797375487684,0.041470530858862834,0.024791095366335676,0.0964198918825207,0.0028101567354757956,-0.2243356318377375,0.0017360889559669196,-0.002569115546292753,-0.18294507095264917,-0.0036195769536028284
4,0.072462740458914,-0.018054974594504673,0.01934875097310496,0.0018623323822119645,0.026732632262424293,0.11683990702683324,-0.0015452111593528143,-0.2501013614010076,-0.0011950848385332607,-0.0005677085624981597,-0.21080244434840623,-0.005073030328107197
5,0.039432570960770734,-0.13824439975474773,0.11934692141727576,0.017778087387944848,-0.13114299932485254,0.0857204580740112,-0.0086948104065647,-0.2291054732473562,-0.0005155212133275505,-0.010411015448203047,0.004548627511419231,0.0006235355793263685
6,0.07298479753841497,-0.0158865298041964,0.07925020010968296,0.057974812250128197,0.012580409347234544,0.09643757311090533,-0.0010658533507660233,-0.23314125279743778,0.0004746580073836026,-0.0012915748791898776,-0.2091389434191773,-0.006708107755484742
7,0.05938824186378338,-0.015061581227275732,0.01269675395877732,0.035419464164410816,0.02577459721257983,0.10535245666184714,-0.003237767410696634,-0.2704666677720295,0.002809820995022914,-0.006097201373960274,-0.18852218513451285,0.015011035262347644
8,0.06872816188042483,-0.07620307509968487,0.059339941018930656,0.026757072755816503,-0.02350247758426335,0.1094992312139472,0.008958625719671291,-0.2233594449207897,0.0020931764618106487,-0.009110918001204147,-0.17334954555780738,0.020664732756039795
9,0.00464555516713286,-0.07204193613082355,-0.055140157525075395,0.01439811234854169,0.01619162509595762,0.07907819745226173,0.008583902577125907,-0.18448127354494057,0.0015944650292609487,-0.0015544930973521293,-0.1424289290916152,0.04753660003090477
10,0.04930754806869814,0.050271803450866556,0.0916511406280154,0.041616174624328574,0.011478776967737244,0.0825596521570519,0.008253543468632964,-0.2817655187265189,0.021864929520875258,-0.00970908743026132,-0.2357674735681641,0.005798549483842248
11,0.03312488828440278,-0.13845840667767256,0.1079647708728799,0.036786076270112336,-0.11630725274449784,0.092151557183628,-0.01540049776692962,-0.16851587757692996,-0.006459552889464237,-0.017566042702412837,0.04861416891444692,0.0059742183106961675
12,0.04780345535700235,-0.14829739499077887,0.1086784806525338,0.018822858391507723,-0.1404931341880299,0.09822904102232513,-0.003631238134182799,-0.16631373286354015,0.001330390818649125,-0.011807606686414774,0.03740323267622036,-0.001982896392821818
13,-0.011621775335241752,-0.14009778212486265,0.13149955931425586,0.02898430099776878,0.00011058734130757331,0.09764246817665892,-0.0008732845519264468,-0.13427021322796714,0.007101041340300859,0.003954262254491771,0.08150845213000965,-0.001521729657797343
14,0.025768022710587476,-0.10928766961899394,0.05522628321087241,-0.017859527927824664,-0.015889386771101285,-0.07312632966718483,0.0001143116689643537,-0.14095616832590177,-0.0028305599538347376,-0.0023966881757937946,-0.02311806045109956,-0.006325271549065566
15,0.031061656994233588,-0.10464880974922579,0.12452985865366699,-0.019633568249742488,0.0034337076114221497,0.06915451259703338,0.006309450659189167,-0.2410241718122118,-0.0027593362010135307,-0.00504150179861522,-0.011096678638506836,0.03892792843057164
16,0.040644716666302816,-0.1355542575419634,0.10675197225639921,0.0100825927756781,-0.1015830382258229,0.08933839724020164,-0.004695097606670356,-0.16914790422624623,-0.0031184451627036583,-0.011830825890643697,0.045987998479659745,0.004090945310358515
17,0.04821570253170027,-0.11299886994909904,0.04815509593089138,-0.021108392091627053,-0.05800270071817655,-0.05425858275042557,0.012762052415471362,-0.11108363617433023,0.013041082185119868,0.004990855753730374,-0.001850923065578016,0.04390381068700513
18,0.026178293403348346,-0.12558656462544387,0.13854101199979613,0.042442323413244394,-0.029767897560279852,0.10720214689467399,-0.009118832944049401,-0.17161081112633672,0.006939892296761484,0.0022851324345615777,0.09082215106687112,0.0063854030702804555
19,0.02193485148324852,-0.10257118739580537,0.1114983040673824,0.011561073682635193,-0.007773765548773611,0.1662013450021658,0.017366976457321947,0.08298353860910727,-0.0023546941184472946,0.016617520015550672,0.057062638408794615,-0.012674477820724716
20,0.11033339101505496,-0.14501018536582833,0.19739926649149847,0.017201120089858406,0.04827367737122161,0.17320584181114396,0.008909474443509355,0.0951169199749128,0.0014870894088263556,0.00392923544707546,0.03476566370837938,0.0007091835854980417
21,0.001257029169558418,-0.18482816924533035,0.07349312715209473,0.04303330983497678,0.025401649314445964,0.14911746070552248,0.007205100308828551,0.06291257801258314,0.01635786149325685,0.005983687462853646,0.0352138599287572,-0.029409232031627347
22,0.05183709754454015,-0.07768272743535712,-0.08453854279800065,-0.013894657001026524,-0.004651041556402978,0.10795272469484123,-0.006455962233560884,0.012575618666142667,0.0013499429998333954,-0.00025607401650830684,-0.01925346741332425,0.025081167991978813
23,0.00420008964342337,-0.07981560327253316,0.1459919912156674,0.0573146576592105,0.09724890898112987,0.13917178910934186,0.006566028967677224,-0.1338003787900288,0.0012775130987492125,-0.006215868447947118,0.15326376618022713,0.005314069962842612
24,0.027596233158510678,-0.19906654114608507,0.07919215454694208,0.005992676052885187,-0.008073082174721039,0.10905970468572211,0.004972690598173299,0.07159683439423374,0.0025241561238748284,0.001314518556721201,0.011559610454910128,0.008519027407618299
25,0.01614764251139219,0.11825560643232517,0.17922285749173214,0.01873764225303418,0.03725093155307569,0.1298365987285216,-0.009502198044019286,0.11083366298222744,-0.003243038873268756,-0.000190356939186097,0.01976156825449469,-0.010520364361832681
26,0.2909370965760126,-0.1372114253744338,0.14710438764077477,0.013912862325737492,0.05108430556290048,0.155991521245994,-0.003863877997234136,0.13571683314966887,0.009170005847179332,0.001407923190968399,0.04434589665062426,0.022197340331189433
27,0.0011628928529936453,-0.10002512462009186,0.0808364050182266,0.04203883995761253,0.02933648085952858,0.11700634429441362,-0.00173332662095253,-0.11103740867121097,0.0048888484079862874,0.0019618244301353427,0.08326046832624519,-0.0115086370215437
28,0.0011882695898579132,-0.16187812364839013,0.18677471046341768,0.04688130646900595,0.04776129316131361,0.15539892485143228,-0.009097448058722847,0.08379785072098689,-0.003322573951684417,-0.009410076698451798,0.04723452810058099,-0.007337378761537289
29,-0.015501542355538203,0.08079370226336885,0.1895016698325873,0.04261854164249137,0.037311534867692495,0.1685451214271375,0.0019298400060785753,0.11664617988695404,-0.0071634609069100045,-0.00375852011954261,0.037662759434396814,0.022063702369768602
30,0.03186079193426762,0.09458919396537771,0.22887509343303228,-0.034503525822305474,0.03503767858305918,0.16217505691093076,-0.006669351012327631,0.09625685973545549,0.011034357129400641,0.010509254289314603,0.04687731092995435,0.005474988006224301
31,0.04225641575935079,0.10067117789384904,0.19757459970722835,0.002246230072974914,0.03991342328529865,0.1647989992465243,0.0011075388844908169,0.10743221051490227,0.0016386942663984931,0.002716031610096094,0.0693619534799572,0.007988277488826225
32,0.03593406967420611,-0.02233884867277225,0.14189332758600356,0.002146948963081241,0.042662866011858994,0.14578133026758017,-0.013391578816333355,0.10084160207846987,-0.0027743263566277552,-0.011131692706213787,0.05546322854496989,-0.012872617569028301
33,0.011437006475426148,0.03405219019116833,-0.09792016589608007,-0.006937620673157227,0.02160543736077836,0.13229114509954282,-0.0015258233892548444,0.03454637286360751,0.004326507360566831,0.006641672135086399,-0.019587721606921377,0.00042367517418769924
34,0.12046708776776455,0.06001137129400688,-0.03458506038701481,0.007616074976272397,0.03027930496697076,0.19272346545731103,0.03898259419902473,0.1951363227421727,0.018794855938332942,0.022092719916869345,0.03215510465843928,-0.0020111337814167165
35,0.024222385197572707,-0.10290201467535083,0.1075576731116185,0.01114780401771116,-0.0062114456531224575,0.163550843375255,-0.00820113006888751,0.06544019213348196,0.010942944495289758,0.006408481080384629,0.03629744574668366,-0.012299664633136854
36,0.024845334423204603,0.11193570373300227,0.09463416943530559,0.015520201129323431,0.0227262933343788,0.1891238454748837,0.005977146348220637,0.16878428906864168,-0.00282025526388738,-0.014915645384256703,0.048294874330238824,-0.002937712645214605
37,0.03934390880332993,-0.13628302605713802,0.15394803455528938,-0.06953057168840579,0.06096204777811776,0.11576577083211205,0.01257543398496447,0.10193533702691301,0.008803599960687764,0.020202488260593673,0.07596045023999526,0.005831732679960406
38,-0.013649202373577314,0.04170722996268394,0.10951680693289043,0.011929366389263124,0.03202889848474488,0.1639228479141252,-0.0008082518010223172,0.14298401735275962,0.002064560631509826,-0.007509392089451546,0.0014647623732122479,0.030460487978119018
39,0.033991125987796786,0.0748250942153738,0.05909285949572761,0.003238060335269473,0.03269069608916309,0.18135166486929302,0.00654244502094021,0.06694965208722571,0.00034497109700279893,0.003897668025629737,0.0030002194759045234,0.0024392838332409025
40,0.050056345851446055,-0.007284755775945449,0.17021209995201456,0.020712987052162016,0.042853855999432144,0.1766864660596363,-0.004169779909157546,0.12424968992892907,-0.0015545212990680614,-0.005812942915348669,0.03907980863994242,0.03945078161455976
41,0.028566838009050303,-0.08788809390317345,0.03634882800359791,-0.06668745407645806,0.030552139689061827,0.11635371700927942,-0.00384415970724953,0.13947796307147667,0.010985997685660906,0.0034497888566244464,-0.008597776839659807,0.06679107976055779
42,0.1180803954175105,0.03655651307366382,-0.06128599075517319,0.0005278661813276934,0.014067959788820526,0.18643176777551917,-0.011536055703814035,0.14401228083713022,0.009743681282090359,0.003238994174531986,0.0038944387044030915,-0.008901203301091131
43,0.036862285704945465,0.049186938314677645,-0.0703037339343988,-0.0006026725247679167,0.02406920272455051,0.15854847168580624,0.006489530912798284,0.15698229829666105,-0.0013869291690997705,-0.0016282256377121867,0.022180135892782962,0.048255153815551156
44,0.039642907328426846,-0.10009373972285562,-0.03915888282927711,-0.03212127441222897,-0.018104331779996274,0.029029498661458507,-9.32309083485833e-05,0.10055390069811822,-0.0036297399000984084,-0.005492187651834165,-0.040177332411081276,-0.005145761051840764
45,-0.05893037003564878,-0.14300027070708102,0.08801830744850328,-0.0662747797575197,0.0037410287487045306,0.1125094595743791,0.004316113094476857,0.0998022130650429,-0.0007830849518387221,0.0007493657945701526,-0.0051353690491536454,-0.010988538010468995
46,0.04276847686510969,-0.06649856212049453,-0.036544700791014184,-0.028834140420664282,0.02850178193672354,-0.08604558851658534,0.0008018925376694231,-0.06966332169806995,-0.0037782328798620663,-0.003955029333008139,0.011724233425853638,-0.006750024377187571
47,0.027793607134741816,-0.08679003673071584,0.1832795291697013,0.06397587400044683,0.036888166201198086,0.18339862143451136,-0.016523570901913608,0.09166134928050955,0.00589245272020722,0.01152853505993273,0.09201629386302217,-0.01969382145086023
48,0.049547647260058246,-0.10514060310306629,0.03541654632620697,0.019272593151863714,0.061789381525223536,0.1358019925133309,0.01185946603471427,-0.10907696175811188,-0.004544631163527887,-0.014018981165362989,0.061578146883579016,0.0148942533273946
49,0.30740868016888323,-0.11822645938770016,0.03784238979708438,0.0010233488921921254,-0.002550990933223864,0.19794408195970525,0.043254013739016745,0.1324095603882567,0.01568461290879873,0.014849877565197445,0.056811678607075485,0.055658061344768785
50,0.3042834150136035,-0.10924660297764983,-0.02443600524594073,-0.008862516149069709,-0.015501733739737145,0.12309435193128246,-0.0034818194943968366,0.12529926745972406,-0.0009644201890926089,-0.016459006533105974,0.04566183922959021,0.04982049689137386
51,0.04008550372685932,-0.10971404214600193,0.09631634412739536,0.040279720010946395,0.04168287769917622,0.12425466956705271,-0.00391045250132569,-0.10859842609532083,-0.0022176900895987846,-0.002203094828111544,0.12037225402951401,0.0035048979554806042
52,0.03337762760650501,-0.07445020826959518,0.13647581003998788,-0.0029968480699857415,0.022244786642719814,0.1198534865025054,0.00796074188299276,-0.10015239622315061,0.038695323665220646,0.024713928448181807,0.12531406424461702,0.010600960139982244
53,-0.028976662896767775,-0.1529137568377105,0.027998766731668536,-0.039044042383697,0.04718038831520226,0.050813393394509694,-0.001913514080545334,0.10336416547153618,-0.0006667431821365157,-0.010291787296024858,0.009787593673082368,0.020514877286894034
54,0.04270666300487177,0.09203872959391192,0.06170053556717299,0.016630983279395096,0.034130608913819256,0.14094759215941732,0.013101527765535286,0.20697446785805093,0.003417194956665148,0.0037778599197482443,0.06989476411266903,0.018705335088154938
55,-0.02110896758415752,-0.1031046975184959,-0.043724113110411966,-0.0025655523532811045,0.01702062640281761,-0.03082656378125051,0.003072084603722432,-0.07691012365905762,0.017250578639225776,0.0071152878261924,0.016508764017634698,0.028873083177635935
56,0.05053518039250319,-0.14931396489621815,0.053735689098111244,0.028790970544818176,-0.01966450072384285,0.11240774579141691,-0.006861714359362351,-0.18407863527990806,0.00019369122401698743,-0.01166782904168508,0.004329516973049531,0.027735566718556957
57,0.15731222994590366,-0.1815250786301287,0.17412539438393468,-0.02403833329354344,-0.06617875177135221,0.1692753354085968,-0.0008005212534614726,0.09087923865981509,-0.01869869395026669,-0.012874116932407085,0.012523601171297694,0.050699005588940645
58,0.02263319020343223,-0.10921757294733811,-0.06291838021658779,0.017378139971881767,-0.08257621103152568,0.13147577904178637,-0.004392742654985408,0.06631095086551934,0.005256936669053171,-0.0213984211413198,-0.053373697481364966,0.005404814450146515
59,-0.01624560710031204,-0.1276545262572407,0.042376482481256805,0.0073838469243573636,-0.10497925697795106,0.08005891085363172,-0.006285906313132939,-0.15876711864883383,-0.0016213353828478073,-0.0047100954528858235,-0.005819315067798283,-0.009916932276910395
60,0.0509594655402525,-0.1463003238919547,0.05145574948703662,-0.016310172658524146,-0.09725309622228934,0.08539747824033857,-0.0009864920008472314,-0.07161361106921076,-0.001478045286774446,-0.012131704233467586,0.036137183864686416,0.06645900156858033
61,0.03321526128789292,-0.10912693071651386,0.21698253027836856,-0.008054603422425359,0.02806890598996447,0.029792907741649187,-0.0002272532739393498,-0.11182814678649662,0.00024085209296394818,0.006512114402235127,0.06075253522974531,0.055488480792112924
62,-0.01411354130076516,-0.1177392615703214,0.08858664020047884,0.0032321015845308194,-0.011867886588214008,0.08116367564950056,-0.00045734196313418774,-0.18490222254140737,-0.002524128331290129,-0.0021173006411712007,-0.0036009608138900338,-0.009214330311891335
63,0.015227235982362468,-0.18950343101015737,0.12378503430096778,-0.0056017238919003004,0.01624783103107419,0.14660654194104727,-0.008348164062165075,0.10463484662527253,-0.0023090888691717536,-0.007164811577264371,0.01108828555172397,-0.029802303369226787
64,0.020403998828061782,-0.14722363715203796,-0.02427012826798605,-0.014129691398265526,-0.021779279326445737,0.11135758796512979,0.0036399575803054344,0.1057915238357081,0.0033438698465990705,-0.00851045400465084,-0.04346084132481346,0.07409043509040002
65,0.005367552126780121,-0.12060266099729008,-0.02966727280429406,0.001996635269345403,-0.08527007642603612,0.08484239050721701,0.0018388889597003427,-0.155894406260811,-0.003426104392188294,-0.009404726615570836,0.005265830950453927,-0.004406206170880456
66,0.059439448410229585,-0.08873205051699486,-0.03327105481933609,-0.012262345983682294,-0.04199802361566866,-0.12717720261170928,-0.002027445915880669,0.044130201844314945,0.00444130783612613,-0.012378091553269568,-0.03948901916478918,0.010184548856199842
67,0.0648449566269937,-0.05770310155603071,0.07190781781195052,0.02089874185422883,0.0341422480530174,0.07700965046978941,-0.00213748647210691,-0.24375899543409615,-0.000764117912569591,-0.006571667416455425,-0.18066015446081723,-0.0025867302145589693
68,0.06375682601768153,-0.032572583516556265,-0.042031349964620705,0.03501108747552068,-0.018693338834892773,0.09514430207865185,-0.0033864836935350406,-0.19081833485894992,0.0011859181430397814,-0.00872500175066895,-0.14392128142900115,0.004580489777075466
69,0.01999403062794771,0.013408183812529707,0.02259303586335967,0.018297963347958943,0.037150035964858955,0.1018917946899487,0.023005464690255203,-0.23592968903981493,-0.005113836868130989,-0.005663243316724527,-0.22355050883306166,0.020415172709944245
70,0.04821079074527614,0.02668151194811496,-0.032462850609312234,0.028716818201042268,0.00870351811433443,0.10535984254568123,0.00035312841588380864,-0.22549463721104715,0.0037001361844449317,-0.004620486004721214,-0.22644414230526133,0.004804432816878358
71,0.06659230282037717,-0.1104667145120887,0.09222563723894778,0.02632460169424152,-0.09291449967286959,0.08988969931476842,-0.0012612308890855945,-0.1944294277660396,-0.00042389524125383986,-0.007270822153554434,-0.11158404277258603,0.031297841583788254
72,0.05707954521865339,0.011189464117922755,0.12411395222592862,0.013148347690658107,0.015164244019715282,0.08663032357471147,0.0011140325592881295,-0.25953298571536043,0.00107545964035379,-0.004652776949090228,-0.217486219980704,-0.003107708909386788
73,0.04462226425363387,-0.057746324202350104,0.07685706500577484,0.03822051893285302,-0.010417925036194747,0.08596856725957261,-0.0021373102770864505,-0.2068017197309611,0.0025048012143504762,-0.0067136041453936,-0.18471031842404287,0.01841404779651737
74,0.06322754656768594,-0.06474253681198239,0.06797151281185095,0.019053300291254786,0.03710372397328836,0.10431817047599297,-0.00347717215774815,-0.24554174170779305,0.002412962591760811,-0.008753091658214045,-0.1933487654508904,-0.0074217760178736875
75,0.056461591587814386,0.006537073332942096,0.04736643341823031,0.019625594172139053,0.0318951287269876,0.11304899128904299,0.003761057122092984,-0.26962654506293066,0.013452652619862306,0.005927172676771343,-0.23345817680286735,0.005439387406388919
76,0.04046478681336371,-0.13140379011938932,0.09589092284633573,0.025956287085982976,-0.09915288290478544,0.07891330729553615,-0.003248227516554269,-0.15068738464811132,0.0010140701591148504,0.0019081487669119505,-0.0366594462808683,0.00663317656914416
77,0.06418522929432799,-0.05565207858554831,0.10881718876337651,0.02350976760472569,-0.06554709188889991,0.0886565746962158,0.02361773558442512,-0.18530584081541965,0.01617676795928615,0.00044500786708061817,-0.1644424756977899,-0.0065289196036401875
78,0.05824231902363341,0.008275479703167355,0.07334540715206736,0.02627095323980935,0.005298275588458348,0.10161900797763361,-0.004780145837294255,-0.26129014532183303,0.007266313239934568,0.0008968563852944641,-0.22741588854947997,-0.0030686239264768175
79,0.04393263258360447,-0.14331780829339336,0.11600364330045698,0.038959196963986926,-0.14436932747930095,0.08859581144815161,-0.01151144981001957,-0.18867600720044836,0.004270016574641745,0.0016578440206639737,0.0449045434987264,0.03828713487342369
80,0.060639471765208536,-0.03331641894899485,0.11196223149013561,0.018868437171631575,0.025777935025651302,0.08708741404612887,0.00557392312198063,-0.2503704772654918,0.004108747595746871,-0.001226019059777647,-0.2062310818795648,-0.005604443998208039
81,0.05507023100429245,-0.002808473307663137,-0.0628819267819303,0.02281708047302692,0.020768003336688802,0.106782660647973,0.0018170505748985905,-0.21343230641948907,0.0061216760052601425,0.0030247043145593066,-0.18509819976801212,-0.0028292816029671457
82,0.03965949071993801,-0.12415581271114072,0.09021620446242476,-0.002290720110822085,-0.09048602947679994,0.05749966832040936,0.0026407658816536917,-0.16271074591038825,0.0014432900860299853,-0.005358167078691502,-0.11346213620721804,0.03281996031344794
83,0.055884788876819066,0.02199923422818117,0.024408961240165613,0.005732309701520825,0.026833912086605956,0.11673215869128119,0.006901972504936388,-0.2769533588507783,-0.0020931808065049076,-0.008769478836589845,-0.22302784972790407,-0.0013076802203593266
84,0.0019946948163016088,-0.1493198102779592,0.10502956960004317,0.032819050412471,-0.09971320772141086,0.07775298015968393,-0.0034299176104291332,-0.18189818542488684,0.0006637573741802539,0.0032529734954445523,-0.011952686785178456,0.047901795585087815
85,0.07132927450103468,-0.08656442789524973,-0.00530688722743903,0.004400390717146745,-0.07238325875730715,0.09014558941054411,-0.003701045875608445,-0.17770770091389926,-0.0012459293587205596,-0.0030703004405907043,-0.1350237080978612,0.03226250145935724
86,0.0658868570494272,-0.05964368973972247,0.06202136816797993,0.02396831346922687,0.027330687769025686,0.09248567565312399,0.004128145767059812,-0.24337475627243524,-0.0009997614206181612,-0.004916816604192708,-0.2023706268452641,-0.005781340838653832
87,0.007200387506779043,-0.05715816295061851,-0.02887040316347479,0.002489403294560406,0.029198726979606387,0.09676932601059161,0.011334001309628123,-0.1746571518904917,0.0011092022926176956,0.00584383796269182,-0.15207184371271765,-0.00576137731040012
88,0.004737243814340302,-0.06694365164314767,-0.04101170063930213,0.0029288081299116953,0.021687651271429766,0.0890008708041203,-0.0011915530753196044,-0.17486000781956393,0.0019376223230116655,-0.009117164135360865,-0.15919404440216664,0.014421854127112811
89,0.045186710923112855,-0.10386650052546703,0.08512716647990462,0.015219237537492823,-0.07928063419550813,0.0707167763306568,-0.0038212152025532487,-0.17062134638088436,0.002115956832641006,-0.009524114687615236,-0.10687413593584931,-0.012923502059785087
90,0.05505302359961602,0.04580051226570452,0.03277462430902005,0.04766963904145655,-0.05141630763070509,0.11156744666324689,0.0015952049003571946,-0.2525806962034737,0.001369223771407421,-0.0013327818509055354,-0.17868614791843127,0.0029156052717308574
91,0.07215844959061427,-0.052187181711767415,0.11889275204904927,0.007037893164175335,0.02881855068238612,0.0951645057615118,-0.0038929650361263423,-0.252542788617234,0.016049540545747903,0.000687715462446543,-0.19668038603726368,-0.003529574613216809
92,0.0496257653855818,0.026769342904052848,-0.06605864756270156,0.019966969765112946,0.023698190027778513,0.10763765630589177,4.1161782346180445e-06,-0.21090980775092233,0.00023082401190069232,-0.013404284237839263,-0.20825396487720718,-0.0015148717492457422
93,0.05445103934562216,0.050097825278184,0.08256714729410587,0.02209843957565624,0.02509997057516733,0.08000717896621917,-0.011235646370213034,-0.28678292697746033,0.011524089152616412,0.0026829276279636263,-0.2586706391927237,-0.0016448670338703477
94,0.058765688283688625,0.02109945077160465,0.024055248338849384,0.0317352056363486,0.0060054727102932465,0.10916405650682157,0.005099953084829962,-0.2686188354779218,-0.00327136554773314,-0.003920447542122387,-0.21887691475234639,-0.002378334886447023
95,0.044308165339285076,0.04957696768748566,0.04566604599212652,0.03216109371991542,0.026156610824109094,0.08953469015849795,0.0001891159943254724,-0.2697037915228557,0.0014216671521321929,-0.004749768053457407,-0.22305064191973376,0.006234194781765953
96,0.04448338388949203,0.04867718204806521,0.09504206555373035,0.03221688329509144,-0.041484353294378946,0.0863454620692518,0.006121544244600014,-0.269677048471826,-0.0005587159908385121,-0.0026079286017068513,-0.19347583429387505,-0.0011286172195878199
97,0.056374843551302296,0.02049326347163659,0.01393657918081426,0.02455012802590367,0.026828726060138117,0.11215198443133624,0.005133502441989287,-0.26874696889847294,0.008344348457484965,0.0042936899949841505,-0.2375771354361318,0.0003602232302502407
98,0.048825410271919584,0.005217118201693892,0.09069566446639217,0.021631001687871056,0.030682821830573654,0.10693215330895771,0.004523696766061822,-0.26655991994562317,0.006620995083207569,-0.0005552041363010105,-0.2541397366441946,-0.007813669780965765
99,0.03892331615202501,-0.05778937951189594,0.09664122060940308,0.020636205740133584,-0.027774538409915,0.062382994893387715,0.0024926167277633565,-0.1898165553971549,0.0037707603803139047,-0.0002240046009986208,-0.14936498736652526,0.017803047053585
100,0.08169695315127994,-0.05764074269040843,0.11131913160036,0.02003372685604231,-0.02316434499542053,0.07433548202648138,0.0005820052072391291,-0.17454551792002965,0.0016847499209367283,-0.0019323246836838908,-0.1808633851341599,0.009419123829539636
101,0.05344049079830394,0.013492936173358396,0.04419550578380649,0.029674372785585233,0.032686875340100945,0.10303388679865719,0.0021083995957830617,-0.28220263560040504,-0.00017146383415429428,-0.0030569188573792887,-0.23087529446378152,0.026426609113765424
102,0.021389833357016354,-0.08512084274415262,0.0481046490706968,0.03068804121892857,-0.0010123917176602007,0.09785558814171262,0.004508525894376324,-0.17519386074463292,0.011483407876648359,0.00251058407555449,-0.1930316350270192,0.0013759302358894697
103,0.03893954249380044,0.05607149787394465,0.09796572223489944,0.006626827528947712,0.03496903721343253,0.09951031422440473,-0.004677675258994451,-0.27695890842721055,0.0005287051604989084,-0.0041921972502523795,-0.2461241127983982,0.009529829966268322
104,0.04119640811380879,-0.14808893456367883,0.10654853573076276,0.01977056532274604,-0.10902911982222123,0.07849994392052274,-0.004321425442116008,-0.18176254972929456,-0.001172310073800367,0.0005322689968753358,-0.003237849491420409,0.03033251778827588
105,0.12647380268495861,-0.10277202159754946,0.09712643772288912,0.01572161158347354,-0.07052485182453637,0.08936422167049692,0.019179539086357472,-0.1942018583179425,0.00778670987981351,0.0011759550939942308,-0.20690315709093765,0.008992852634313557
106,0.009092672219008772,-0.06276787967646298,0.08520137720009138,0.02728045854767823,0.006678931769237053,0.06373169601248653,-0.007594388331584702,-0.19143155793834288,-0.0008215918560463774,-0.0018707468132966132,-0.18713573305733405,0.002946981926015284
107,0.034271353835482916,-0.10100173494082053,0.08997768153101827,0.03208140868289241,-0.06358401619912211,0.06973874412276848,0.006172815665029551,-0.14185744976875128,-0.0006007938597818569,-0.00043956348300088654,-0.1672389032578456,0.020013236993891848
108,0.04562895797804719,0.06025311331084149,0.11090036571842095,0.03037783861491351,0.031987742413858475,0.10573435119942422,0.006928474538067792,-0.2316294358679402,-0.004420971788668176,-0.006312046369550463,-0.2696455552431043,-0.0011904707867484805
109,0.03685505491482606,0.06287667936337557,0.10444600899238506,0.01518603066309105,0.030866296968903674,0.08832773684886126,-0.00436778845468957,-0.30476842642403035,-0.0003067799440346419,-0.0020093324415066845,-0.2481147051676833,0.021071273933801215
110,0.12912994522686277,-0.05761066750876393,-0.05616826950894005,0.006992819583150814,0.028165288434677763,0.11549620089408716,0.0028477719653683163,-0.21159040371402713,0.0014634760787520188,-0.01464271107682712,-0.21243309562148271,0.00044113683004573105
111,0.05594204653779446,-0.019979581005154085,0.059255877479586966,0.02540448460342434,-0.06332406347222387,0.09031168245550107,-0.0052472988731461015,-0.21802662525759872,-0.0002046298559089058,-0.005362019953846493,-0.15848172890445347,-0.0037938328569834326
112,0.04936032846355096,0.02728095881806292,0.08297214470349121,0.004867793899661161,0.01303826112010777,0.09472663094788318,-0.0027584311660341213,-0.287897113271243,-0.002237024614311051,-0.0022776942885582717,-0.23055146292443598,8.001550526220462e-05
113,0.034132486012461306,0.04069622342195726,-0.07541232907955213,0.027536033019178657,0.0004839156422523377,0.10516402892862482,0.0016991707073925836,-0.20398868282323981,0.013302237510371514,-0.007144824650933738,-0.20359239360720274,0.008302620354622599
114,0.06628752003822047,-0.04950407041179971,0.09998943514905581,0.04171383982022188,-0.010520088584168485,0.09111954588116189,-0.0012660828682941308,-0.21902360125961728,0.0013349748702501153,-0.0013858332391118566,-0.1891522356392073,0.0008867695967196896
115,0.035755958850976474,-0.07193875168906724,-0.020853002956259793,-0.011104211615517516,-0.05220896659338376,-0.03505867718946068,-0.0014508732450171976,-0.11098515781848114,0.002816306338580395,-0.007377517452097705,-0.08261194789339973,0.00978277037980133
116,0.06881628227779418,-0.04967646583842917,0.015684986815616468,0.015427700251277592,0.032253141575721594,0.10890470325423383,0.007251700595891303,-0.24213109497599472,-0.0005059975457022736,-0.005562430570517964,-0.20448595117651425,-0.008068354406133677
117,0.05064197545299826,0.0402977094807796,0.09004580592056592,0.020590928096945675,0.032332927575984945,0.10862655339819678,-0.005877192837637323,-0.3018964988728172,0.0006455571073392965,-0.003916834136753358,-0.2561465185157622,-0.0002507818480327477
118,0.023172629600363332,-0.05483958566304514,-0.033666430646629726,-0.008070260075297616,-0.04498052203969725,-0.17233689713360884,-0.0057762798040557105,-0.0898862800577321,0.0033076098800774137,-0.015077936741919673,-0.04593959794338953,-0.0058325687471514264
119,0.030518028194976298,-0.02715809356426747,-0.04671322415191821,-0.014675703764431112,0.01488993129765211,-0.27201265227575,-0.0035113591742831976,-0.02706311861050745,0.004744273086753467,-0.01358398224857618,-0.0612457648026434,0.00372551892092788
120,0.02758922246137341,-0.02548349027890995,-0.05389312247234235,-0.014369014561172249,0.016564799533430125,-0.16519790509314713,-0.009230032874695466,-0.1052330518900413,0.0009019164045689509,-0.010153710436996323,-0.07933979989583596,-0.006301945013303151
121,0.03309871349634906,-0.02501080959793294,-0.04098107294282147,-0.010959322556830652,0.009909631592576414,-0.27359556212213154,0.01989431976399201,-0.025207711471075783,-0.002550314150887574,0.014390697533780021,-0.058534816750417135,-0.006254456611455261
122,0.025354482621576597,-0.011218514372131953,-0.031260012022460405,-0.00915219534317741,0.012595859597266874,-0.17905623172942628,-0.012065074078531033,-0.10629340616042411,0.00891216836148806,0.002702623600618861,-0.07759244860193538,0.000508220536955754
123,0.02929443739003149,-0.026813785131805216,-0.0446860898212891,-0.009044416243475982,-0.01571367285038593,-0.17027211139367576,-0.00027139392593800594,-0.09078374126349732,0.005652535050860158,-0.017111596775250402,-0.06387173212947704,0.0036918081921231203
124,0.024621806490161307,-0.03548638852695038,-0.04398890416107837,-0.012045151518297763,0.014521167022394348,-0.1828690322226882,-0.001109544113528572,-0.10577048731445111,0.004205136016782663,-0.016036025270183905,-0.07497113252061428,0.005191187477630553
125,0.0267320924239208,-0.017060681294056496,-0.0541703883745587,-0.01364970620014075,0.006180058583996744,-0.1805583950774042,-0.0023724853423518375,-0.10120412110018226,-0.0025550172794936814,-0.0017129794155011774,-0.09249157225093131,-0.002686022229396357
126,0.034689980491552155,-0.026657337993012092,-0.03752301656172662,-0.011519055530123189,-0.0032670983933091226,-0.1578407116935061,-0.011937463741717391,-0.09807687498172889,0.0025529040407351322,-0.009778218925330264,-0.03095784207069549,-0.00527835182129997
127,0.030803781642739718,-0.013352334545161016,0.014161409495966275,-0.010525844500114644,-0.007304263479549072,-0.18383943371539857,-0.01072988237677442,-0.093664694366243,0.010087965243095482,0.004179435731917889,-0.07232300410732294,0.0032377243928262203
128,0.02165159406833416,-0.012093254598313815,-0.04058148007399983,-0.012795734018353539,0.016486925131672495,-0.18257202044959303,-0.003943449104597557,-0.11695710183581387,-0.0038749352163518014,0.001278863098847953,-0.0768391586559717,-0.00492982138491592
129,0.037302209674504205,-0.047825761457286224,-0.04652078113362511,-0.01040177380628128,0.013034396801144219,-0.1680912262693805,0.010197707056128465,-0.09905796958087595,-0.0002207553779857198,-0.016892623142924293,-0.06361787529749167,-0.00947095522543043
130,0.04138940340719886,-0.036828468967138026,-0.02649267516828751,-0.0066725595595126365,0.030641958996478053,-0.18230947251865118,0.0003036199560724673,-0.09287780721760938,0.003398315440337395,-0.012303495351905742,-0.06704040674172987,0.05706414983258497
131,0.04290669191874514,-0.02009283937892967,-0.012371011596291923,0.01953187709274675,0.017934141153816117,-0.2419124127433179,0.007100525197595029,-0.015871229010980425,0.011796718735853497,0.00360322261751479,-0.06633608219734381,0.008645309207058841
132,0.021175661013448515,-0.02193771349793567,-0.05107948644164761,-0.004840745229091589,0.01453282491531265,-0.17382374758362903,-0.0047621355052876345,-0.10141472225063101,0.004268715198924153,-0.014225830255137049,-0.07095604612710615,0.02323124140321933
133,0.04974272997418856,-0.04285479693978133,0.0010823440646673698,-0.010193663124853088,-0.004155285427550451,-0.23186222772691548,-0.004960381180883462,-0.0540213051078472,-0.003152149041655362,0.0018034720068688646,-0.06751255456844443,-0.0007543429535013501
134,0.028665999959276104,-0.03626629400529907,-0.03091643130158352,-0.015510908738295708,0.016955143775568393,-0.24045900915005214,-0.005281121181651048,-0.04658712367648129,0.0043722824875156606,-0.014483409148405093,-0.0611450634795414,-0.007914065460584336
135,0.041219143357107545,-0.011507029332300994,-0.02225919311503265,-0.0106167410775597,-0.014369412500127141,-0.23336383828847043,-0.0068580278599860425,-0.015367549487549748,0.001392820971160371,-0.015999499691511723,-0.050826550803067375,-0.0004510829664101395
136,0.03144362670126163,-0.029331235180259176,-0.0508543951169775,-0.010606493345949966,0.011523353340717838,-0.22889371665585537,-0.007078179420805882,-0.04909571174290562,-0.0034895636925825232,0.0004819565495861596,-0.06515886040738951,-0.005025326435464647
137,0.03343321773789636,-0.025143087729696135,-0.055051106521707034,-0.011926756733279129,0.016443920901228332,-0.22191445020603207,-0.012364773566046086,-0.05388465623564637,0.0007008650995831598,-0.01187699988310428,-0.0646900526386163,-0.008993403970762906
138,0.033760491484965516,-0.03139039370047714,-0.04046771376117244,-0.005510481247190117,-0.008736158011943858,-0.18521091155259084,0.007960322034450403,-0.09347176037189003,0.0031078037084965255,-0.011415169801780782,-0.07883749298918918,-0.0016105693715868623
139,0.020921268751976075,0.019924538717016792,-0.05846832185362463,-0.01517364635248291,0.01728565045771649,-0.2980401005568375,-0.002231683559619094,-0.03119404796054271,0.003379033793619665,-0.010912433879949448,-0.0683057938872531,-0.00543433514372488
140,0.019569491919466216,0.004313743709841068,-0.05695091979738893,-0.011290431584641577,0.017277228133592178,-0.28776470929686093,0.007188236993858921,-0.052976692078176596,0.0021575999260883085,-0.012211626960950994,-0.05609854002008819,-0.005828014488044576
141,0.036363213091452275,-0.022699205524904672,-0.016038093867205373,-0.010271928233329291,-0.061612800411011456,-0.21657161101421538,0.0016796592897713235,-0.07747775620437576,-0.0039357197265151135,0.0021965432247692943,-0.02478270505985956,-0.007299346702572049
142,0.01708741093123002,0.0013081248666953443,-0.057139939753681174,-0.015863769895655203,0.013609026473145533,-0.27789488566709997,-0.006316720886654051,-0.04737435547457925,-0.0030738540126969186,0.00950957179999857,-0.07420014431632112,-0.003936368817183777
143,0.038446461920703515,-0.07634232004931366,-0.0018745528528175315,-0.0027441901874121592,-0.043011742363832664,-0.26070381699584455,-0.005639155912190571,-0.023293700999792385,0.010371963036065295,0.0033675444819834394,-0.059860358904011625,-0.004944243451958872
144,0.014221325892938277,0.00242967533409104,-0.011273364573648692,-0.008571857115224277,-0.01935305142379808,-0.1995518423911325,-0.005412243274422326,-0.09216675291373458,0.007086259289233139,0.00473560812048542,-0.08399836802656374,-0.0001484434904557041
145,0.017471203526767294,0.01219871674243877,-0.06923229621499404,-0.011782441896963836,0.01614336970719343,-0.21548297768671015,0.002874112736058508,-0.10315936832009391,0.007553864411531365,0.003045553414552843,-0.08582428964679278,-0.0028921664438903505
146,0.024176572667818943,0.017886484088300854,-0.07210861180288566,-0.014548392478379059,0.012630720636274208,-0.30034684282499025,0.004596528768029463,-0.03127592808944936,-0.0008268008802703826,-0.015219937406147225,-0.07251576955026269,-0.004400345691445119
147,0.015259430799606235,0.011765055705109256,-0.053433408342470984,-0.010332675922887518,0.017588391685577565,-0.21240170214973092,-0.002961413423725206,-0.11129656844129722,0.0030854799927107226,-0.011315995458393204,-0.07895244763535485,-0.00186259174651443
148,0.024442270197466778,-0.014733846082555685,-0.05219466617504376,-0.006900446594434959,0.015578122245664447,-0.25739618975484047,0.002375870627666977,-0.05857490514743242,-0.004418315870008623,-0.0012319068782314802,-0.06709279517068951,0.0008405474704709176
149,0.03952308910888063,-0.0747001664892334,-0.004441385768830979,-0.010369455644111665,-0.028601854195853416,-0.26627583777740027,0.000588568662989129,-0.02396071544824994,0.0030276435912521644,-0.015431851879773872,-0.05439528771483919,-0.00326314045261226
150,0.02187035026420565,-0.020543287516775185,-0.04544072496157687,-0.009217628960830827,-0.03095705129101985,-0.19403515828053627,-0.0005308526880991268,-0.07676642993402216,-0.003435858630589058,0.00026106928790108037,-0.05257058027447074,-0.004337791066148298
151,0.019430614439825616,-7.863614927939933e-05,-0.0495911523449463,-0.010260876198488044,0.011611677511862923,-0.21089618574108912,-0.0001013524268339153,-0.10605027850305637,0.0027140280465645025,-0.010308465467810045,-0.07663593111735773,-0.004340400066514875
152,0.021671724213178464,-0.025024508698052225,-0.04485918058569963,-0.011011524067212246,-0.018387578055112843,-0.17994992450956615,-0.004853109539167736,-0.08993023957402962,0.0048273808969073635,0.002672773415632184,-0.06522718864302494,-0.00545674834927543
153,0.021315107713144172,0.011331366787968419,-0.06196390523732052,-0.01471067580411298,0.016235420563002673,-0.2898081100464958,-0.005905584547646248,-0.03139396149461319,0.0013557950336703366,-0.008428683194622219,-0.06394609786693638,-0.0019049824787058392
154,0.026962371040352314,-0.030470795896710028,-0.03052994034873336,-0.011503134388298454,-0.016573633015578168,-0.18284279585465707,-0.00019132255842520097,-0.08583251641880381,0.0035351260486785083,-0.01455244789641931,-0.05747022405496865,0.005268561282957436
155,0.03279225156090045,0.0020848877118445825,-0.06145733307337996,-0.015577357213399867,0.02150271882318744,-0.29658691063205533,-0.003753269126098831,0.03944640070383705,0.002108784538717692,-0.010926635496896143,-0.04474125500271248,-0.0028151126062055283
156,0.023331571105955018,-0.0197146969633583,-0.04535093558461392,-0.0074849690115494985,-0.0028272023743452263,-0.19057053391689244,-0.003627127249376726,-0.09970583235555956,-0.002259809773654806,0.0005321916862509322,-0.07244042874639593,-0.0025606839181437717
157,0.013862139296561844,0.019762870674896786,-0.05638943603324,-0.014175129122934579,0.017184615857536847,-0.21734611721786534,-0.002295987936204813,-0.10654853804374809,0.001669408569240419,-0.008163393636023886,-0.07638942207817992,-0.00527979440454262
158,0.022824141016799342,0.0134110733920838,-0.053408538714778665,-0.009459930981542857,0.020057054033680907,-0.27336454697912416,-0.0021686459451394457,-0.0294765109231204,0.0008532447660155826,-0.013378991919571783,-0.06638878395913628,-0.003953307445191952
159,0.042686118332231834,-0.03677887296981267,-0.04347189498075341,-0.010801768099014807,0.014430935365707036,-0.18683889348113156,0.01148835473420408,-0.10119615083111928,0.002368464874655672,-0.015803762464636193,-0.05746345147235069,-0.002870165451750184
160,0.023064821663573945,0.008423921230511314,-0.037683803672994017,-0.017418460557697184,0.01458051579867209,-0.28598751910640907,-0.00634612835928958,-0.034719580211063555,0.004127298716976571,-0.011720154673668624,-0.06118764482835543,0.0030780463595568085
161,0.0294344728262145,-0.001356053825014102,-0.051571668689020765,-0.011701245032767392,0.019121995810371325,-0.2242593759467172,0.0074204724419284765,-0.10038008528907512,0.010973307688782546,0.0022378880370165373,-0.07179333239860387,-0.0042270229464019815
162,0.02035959182016654,0.012477565445943155,-0.06620504818008238,-0.016656430600642744,-0.004699223971278779,-0.20404340519508138,-0.00027590991329177724,-0.10046997163642864,0.0038931289817076154,-0.013675558437914641,-0.0772906762812706,-0.002977362349039146
163,0.020787634817905125,0.021961422468643275,-0.07188277888620717,-0.011183590383376067,0.014554273708758473,-0.2903466171474922,-0.00371332301826382,-0.03522666165064986,0.0013705353501967043,-0.007529049687545261,-0.06978772556982073,-0.003090016487698421
164,0.027702838991900344,0.0037629495728458634,-0.057729480005987543,-0.014499184164276415,-0.00974577513463797,-0.2808552745423407,-0.0011805874666091947,-0.024145610471070847,-0.005527353156690631,-0.0007915312334428192,-0.058129566180972723,-0.0011636509959993832
165,0.015809375421737694,0.00921943143794446,-0.05893828440019921,-0.009320175502608124,0.015097936160827325,-0.2075647881047899,0.002039349313006858,-0.11444945934306278,0.002713843856732835,0.0034288725079693067,-0.0654855174294156,-0.004497011112519772
166,0.01873531661515812,0.013768411046960059,-0.024786507069911923,-0.01273744564149845,0.015722391505431442,-0.199121548372314,-0.0014151371350823595,-0.11176619679579683,0.0021609870140261046,-0.011605671994712494,-0.09096279071840493,-0.004747241741766712
167,0.017178907337764646,0.01712523051572719,-0.05329264333872618,-0.009772414988667584,0.017173256349867973,-0.21460401910910695,-0.002945775618153448,-0.11191760521567623,-0.003103005076112728,7.749232234303564e-05,-0.08120804655596814,-0.003746634865653342
168,0.027520802517757473,-0.0024932487975824168,-0.052687797785251435,-0.014235796438540631,0.015717560578723207,-0.2973665669805882,-0.00017960388919346636,-0.028755632015242207,0.0030471256648528762,-0.012734099044561742,-0.0678232151151339,-0.008725726930293037
169,0.01712600389082177,0.013993085927334371,-0.062364654195326504,-0.01382589377599026,0.020331404561144965,-0.26473358723405166,-0.0018639737910094954,-0.050176505772508005,0.002080628703833,-0.007735260138740915,-0.06807242442004789,-0.004707471613928629
170,0.053662932864372445,0.04557142012811914,0.02197662725354346,0.0004837084730476167,0.026078164707412158,0.12665184928338336,0.0007315327622581196,-0.27297487926306746,2.4938271938921303e-06,-0.007059947590268472,-0.24402283727646162,-0.005775744818312165
171,0.03981686045044617,-0.1102177000205543,0.06372172660002992,0.019573970081741943,-0.09065812977105561,0.07220539289785897,-0.002121955414741149,-0.17060312346727938,0.0016540789893215262,-0.008603779769223503,-0.11235491252861513,0.04024551483259069
172,0.06588698536354565,-0.04229712444728822,-0.043598186330384044,0.02198605949546501,0.025730220092991484,0.10899382751094032,-0.0011010687485650769,-0.21060734212030477,-0.00060225876090486,-0.007549438164495889,-0.16705493432072008,-0.005246676763918959
173,0.05286524078914274,0.03209466455843922,0.11814529117465732,0.025242712506920163,-0.08533808448159541,0.0909004614642717,0.006995637367256949,-0.27395908720265627,0.0031692141743035677,-0.004413534451002201,-0.171386918208797,0.005917075315099546
174,0.0025671337141450084,-0.14438503435810573,0.11399967467466077,-0.0014414320391888447,-0.1503214070272291,0.07947083390817716,-0.002209245008462892,-0.22257476410210997,0.0020362478096098828,-0.004855841400933341,0.04229111902673079,0.03139802159541373
175,0.03920860161180715,-0.036584405709076534,-0.06825429781106694,-0.005063376271311014,0.023411150332943078,0.101335696671531,-0.0030508918717630016,-0.19280488680919156,0.0012737282334239798,-0.010280087615264624,-0.1429755516250392,-0.006339376037737902
176,0.13059345601578512,-0.03716577800765718,-0.05669733586230143,0.003446788088842677,0.01393938562002755,0.09424078870723282,-0.0010939750447208356,-0.2023143133989994,0.002355930065377715,-0.01141852093915797,-0.21789011235685443,-0.0009893176187853537
177,0.1273568412836166,-0.05424215002238322,-0.0343036562156437,0.025923942213827114,-0.016562499834248318,0.11408052171460704,-0.006445255474872356,-0.19879314481028348,0.0029435629013847644,-0.010591939428790874,-0.20001170042548397,0.00840487468830481
178,0.05559269695752612,0.05159038632619948,0.09556700378152172,0.01122812561935732,0.03644909719880715,0.10321921931343987,0.017621024926303127,-0.2909582889628712,0.00393088869622741,-0.00034180664451935894,-0.26661800807318947,0.0017175920897371663
179,0.00258845087317371,-0.06975364891649886,0.1053057241696424,0.0477012896285906,-0.08115187711411069,0.08285846410295969,0.013237344494022236,-0.15075201455392392,-0.0008911739758454017,-0.0034429586214797096,-0.1523447996060279,0.00822937794445053
180,0.052944087219042306,0.024986314053395003,0.09149752877053827,0.002903966326909728,-0.05673369784668504,0.09666561590674108,-0.0037776568542455006,-0.2650662523995153,0.0007786680986870717,-0.0007536488330391582,-0.1917765114591585,-0.0065784974965891405
181,-0.03611355233181051,0.036909850603013224,-0.006902168794893713,0.003902758864130003,0.0398784053021481,0.07844248444778885,-0.01180657409079729,-0.22302053085834353,0.000147705443874851,-0.0034885336492377268,-0.2215884638354092,0.009270672362406392
182,0.12798069107807977,-0.04939701898972818,-0.058964276771844425,0.008906807093886677,-0.02756799095935619,0.09973671665720303,-0.0004452800213360489,-0.1786736124875521,-0.0021496079319703295,-0.004487172472085275,-0.14019599908399633,0.0024885909941644215
183,0.021299051286079954,-0.08082184443734647,0.09034248661122501,0.0031795358706266878,-0.0042798578213322745,0.07077870324724808,0.005791316145905101,-0.19913352859415928,0.0024647002810795075,-0.0032523086860426686,-0.17608119111965118,0.006992529800414163
184,0.003445637049884617,-0.050276604944351044,-0.059770948089126044,0.007355008458805821,0.02617030193176678,0.09437737096722688,-0.0016878298882721228,-0.17808585568105756,0.002141784528699814,-0.011770896471890412,-0.13817225248471535,0.007786067911854627
185,0.010763361866578846,-0.017591101858678918,-0.04179696995734884,0.03053316144758871,0.01430897238213928,0.1095231948787812,0.0035921851765863717,-0.18737228913909043,-0.0006867388924095156,-0.005971410510686883,-0.19355264590553425,-0.0016109896976738976
186,0.001492679831296158,-0.1442798416773248,0.09874641829324968,0.02148767077596246,-0.10712030225531384,0.0733821205927583,0.011503454519187549,-0.15119018801692846,-0.002018899698939046,-0.010728946846925082,-0.03189061190950181,0.032668787605872385
187,0.05382020343984491,-0.02602800229433613,0.06051278060662094,0.01824664655182477,-0.08323866806680433,0.08199614781071159,-0.004471567681705863,-0.20390416170128983,0.0019463792276624005,-0.00840734840284726,-0.17030010063832265,-0.002560208102930764
188,0.03084623530277404,0.04338974757486074,0.0968561936446759,0.006747218423668551,0.03151034217059266,0.07554808639194616,-0.011283703250441996,-0.2878642549446355,0.0035915567043292218,-0.005958779544356108,-0.26445166677263077,0.011442562576494057
189,0.04421374022785463,0.021723306818541663,-0.06367053083347911,0.005499149650876961,0.0009159340159694498,0.09733438384195942,0.0014360641475862997,-0.2061923004123232,0.002703510557505248,-0.013127778329802685,-0.19341702879235184,0.011196895731865922
190,0.04332295624531347,0.02377590210834227,0.021914560446364702,0.05244234806918347,-0.05025847641438641,0.10203002594637865,-0.001039829461658782,-0.24434345953101935,0.0015483981827494244,-0.005541550400873786,-0.18683883609985943,-0.0005282163957840486
191,0.06756570032864832,-0.02297263582308562,0.032415502765328445,0.022056171291315044,-0.06347862146944844,0.09469556621054302,-0.0012327097829511132,-0.1770260845027049,0.003562701151595095,-0.0016325961481018956,-0.1699302482482434,0.014752570627892628
192,0.036609243955976166,0.04057078964493415,-0.03273880138235593,0.029142599099593373,-0.06717901400407641,0.09338270780047911,0.003366136970914918,-0.19880588929769194,-0.0002033838702895017,-0.002329131690837995,-0.15165727661926906,-0.003000365609599102
193,0.018033542150170792,0.010818946105436435,0.0772475247620422,-0.0007338028067457248,0.02806020223974319,0.08604146799476632,-0.00042760161249108373,-0.252268884577523,-0.0014388309367082451,-0.0018236311644949843,-0.24399711761494133,0.03377635333513631
194,0.11528252352411826,-0.02006981283814683,-0.06387244890134078,0.043619850177462456,-0.023178082909970435,0.10063674858343538,-0.00019062623351535687,-0.1860626434094544,-0.0024489761665109164,-0.002198328228280868,-0.1993103109347791,0.0004870046280140107
195,0.11414286745636758,0.023495017450114834,-0.0615922862996775,0.014772337393931549,0.015265564075864449,0.10603839637418924,0.0011431419352063515,-0.21024009611738417,0.003143789865550246,-0.014183645097447519,-0.26880238938761686,0.002707693154093082
196,-0.04344196936132585,0.05002672333517326,-0.009289202442175229,0.027263249438365174,0.03769574775822618,0.0926529268207346,0.0004247896763245076,-0.21427802273520158,0.0027524330865572465,-0.00483760074265047,-0.22396267083434102,-0.0030604287642651403
197,0.043037286104257035,0.01668498850851565,0.08707596092942987,0.006059425661033474,0.03383414629689671,0.10914252380675814,0.0005510667335903566,-0.27305282795839203,0.0036226747849963116,-0.0062718153613451144,-0.24920458665658135,0.018046100790307617
198,0.0058434365512724145,-0.10914637235014506,0.1551427014307757,-0.008409415069113718,-0.08510943745606693,-0.06088707278193905,-0.0026699408513349548,-0.07900898669345695,0.004075908362715605,-0.01143011937596451,0.018378867418565186,0.03602657657386749
199,-0.018152886086116513,-0.15751952098087973,0.05700729636923899,0.02250169684568697,-0.09262582373059772,0.069031214525542,0.0029244824444279705,-0.19577412342001882,-0.0026397239722302456,-0.011136320379223092,-0.02112175115244878,0.03841120546112685
200,0.1399505594206341,-0.12025498442961279,-0.07237532099462182,0.0020253208699424624,-0.13222066521661835,0.14520590883233814,0.005150964202086787,0.0854468131304718,0.024060320027202275,0.017786929497808985,-0.10792512784865464,0.04573687077646445
201,-0.014037273737625781,-0.09821701703101134,0.0897777454405383,-0.006147250769533957,-0.013504555071943014,0.08902127064790738,-0.020833513412109754,-0.15455041279469048,0.014197649320475781,0.014590527245686378,-0.06743403223054455,-0.003989930172258642
202,0.048309568234467665,-0.10256150585963134,-0.005457055911488801,0.08384479942774237,-0.03310356841776786,0.10095227081407483,0.016405423170562997,-0.1633068989764166,-0.0013313740110372453,-0.010019603991499076,0.06944047090809637,0.0113497449209229
203,0.005584768176745442,-0.14106361757380553,0.13650501157307396,0.02044927530605691,-0.06408929502184639,0.1024727854774521,-0.0035035031637360528,-0.13691889962513784,0.0007090285193686531,-0.006381399374569342,0.021179944532783008,-0.009922881519072996
204,0.0298867315866952,-0.08994021798106273,0.008371628870319815,-0.004681064051013582,-0.009829730245248686,0.08626836124653335,-0.001129383498401778,-0.1839236918501375,0.0037237891244782683,-0.0025718130045314183,-0.0976633445205907,0.036021862638959616
205,0.03367629865688694,-0.10019944009102119,0.13841860059998165,0.04726230524953701,0.0013306395434993484,0.12398257087261269,-0.01678852770505731,-0.1640338157215931,-0.003225223233253639,-0.014181885576650224,0.08222743159905586,0.002494425706405524
206,0.04147439102939472,-0.11921216942628762,0.174173747555808,-0.020984270403361108,-0.015816167402473633,0.08302376047304971,-0.0002297964410557355,-0.137502537340377,0.0016140956097122445,0.0040495393165184985,0.07410809648757734,-0.03227654395744125
207,0.009666525372433237,-0.11487034935369136,0.16854269071755737,-0.013254597967147435,-0.054014131703469005,-0.061886700195515475,0.0023267815539123257,-0.06572777370277261,-0.0018060294705855556,-0.004519684916369382,0.022494285785068544,0.01238030079414597
208,0.0297306983800943,-0.08583926786341652,0.1391521460749524,0.059760554308430344,0.0037304675117383577,0.11067345743715003,0.007583781403990006,-0.1935450812903766,0.007682151525198413,0.0016352310829643403,0.0832016813577337,-0.0037789218680200384
209,0.03998246385382492,-0.09995436465519768,0.15682099930038346,0.0052376294200973715,0.02484351609458102,0.12901557818480386,-0.003775420876909695,-0.126186846894638,-0.002321141837730477,-0.0079972412542992,0.053749321434926424,-0.007291544988459575
210,0.023477031960021405,-0.18680502519337414,0.12196191326097507,-0.04158500864450787,0.0436363476156657,0.06636894111859226,-0.0030783702353159624,0.10800217381584849,-0.0011363413984015753,-0.003479834405314961,-0.03669050292216004,-0.01996422333572178
211,2.2099448814013006e-05,-0.18874301187965195,0.18593338330392184,0.013917851605786603,0.0008865636191766835,0.1521117457756179,-0.0036610170469876606,0.08348493507339041,0.0010630861471110046,0.0018540944714481326,0.039131284087746285,0.01283550235398667
212,-0.00544612753204247,-0.11062075162132208,0.2032403397350156,-0.007081901367879183,-0.05938320734369635,-0.010595310929773113,-0.01917977162131604,-0.10516169043035074,-0.009361353386123605,-0.014215341350468454,0.025084636993671562,-0.010964590853878067
213,0.04987809914592277,-0.1459838124662676,0.16445038946102516,0.029338398609616154,-0.013345000918207185,0.1323043111110537,-0.00481090503681953,0.08939720549708234,-5.440294998215458e-05,-0.009184011232113539,0.0543956422780023,-0.006896733041273608
214,0.035324637416570936,-0.16826623826180725,0.1299991200829444,0.02096398145995909,-0.12428849324506451,0.10426079033034064,0.004409391499173421,-0.1474042838851535,-0.004338115708466353,-0.01237116973597856,0.06857495174810628,7.185643652910662e-05
215,-0.020796270212606254,-0.15281712553522542,0.06341380673611637,0.028035922335955716,-0.12900768470259574,0.06697511706109854,0.026694736899977582,-0.18028185976196534,0.025559200324092327,0.011384150112541676,0.04318278191613172,0.04452527317032584
216,-0.07148157065774864,-0.07565170656385566,0.11780956679269412,0.01905936021635947,-0.11937732586783768,0.07829198050551038,0.007014651173043063,-0.15670957889520348,0.01682651740621154,0.005036299324571892,0.04893737611856058,0.0016610099420492634
217,0.026829735960742618,-0.10029527391340572,0.1423630896403893,0.03027210421619543,0.015755212623721284,0.1318246228007379,0.01630392900371272,-0.168069459573363,0.011467101580731822,0.011016074730310254,0.11400549351469776,-0.02208745052414512
218,0.03303610964591929,-0.1063801137014237,0.12564605291292935,0.030776210552382405,0.03014478916256021,0.12617823989120372,-0.0007811047921222886,-0.11166614272254918,0.012428904733749286,0.016620880879895224,0.10971537501423066,0.015242420576395842
219,0.010788068953981465,-0.16275427146587143,0.18667886902989825,0.060455504690665,0.0187191490684307,0.12330192525635122,-0.003039417514456677,0.07702337097485346,-0.0032385354143637623,0.0017043476077607841,0.021108639484733224,-0.005006492186762053
220,0.006673474261897773,-0.14329788529300264,0.06981316335471441,0.06183132605305871,0.0022156740759769,0.09464216907487183,0.009122916148430372,-0.1507326191181576,-0.0015320030542030963,-0.007980190318885357,0.06409785377945394,0.004905730881739407
221,0.018403388124969937,-0.08808092846550104,0.15188034088652333,0.03324991705415574,0.025314308813873476,0.1230644706382333,-0.001729248176288492,-0.10560153383422284,0.012515546755301856,0.003623423534872072,0.1061523444668429,0.009838076875281215
222,0.00996959439486672,-0.09490971843145316,0.12683505426454808,-0.01652301213240396,0.002449745022180851,-0.11531898034311462,0.008196753271152405,-0.012217302402088435,0.008048797927779268,0.009673331971158446,-0.01987963094370171,0.0809984714022272
223,0.036410427532560734,-0.1601052598230592,0.18403596276953532,0.008990339140764561,0.014219717182510232,0.1398105653668616,0.0007406892156381707,0.08280310273397301,0.004101599403775093,-0.005752955048054331,0.020808448510062125,-0.03490381619836575
224,0.0035063958687187985,-0.1423440068819228,0.06657798515269485,0.043576274011876616,-0.014166902778277328,0.11517639249656812,0.006772974493667357,-0.1353812775699508,0.02514442716316413,0.015903649944555127,0.05113830827967824,0.022952616955406863
225,-0.022314537909549816,-0.16101839604597284,0.19503283559942533,0.0009143123938856906,0.02240868711694954,0.14273657136822376,-0.00028822239756223593,0.10215105015098329,0.007255192351974428,-0.00034763824944750133,0.01023263269444741,0.018596533562665413
226,-0.019544668975816075,-0.16103335398950047,0.1759339144564341,0.051926008233595125,0.05091469245036623,0.14485939922884877,-0.006439743555273516,0.08069566571548244,-0.010027133731365297,-0.016014938432913933,0.03874099662176797,0.002306427580244083
227,0.06451923168111691,-0.10396818009031679,0.07353611353164441,0.031294967143163155,0.02835589397752425,0.12578233927124796,-0.006567852761314941,-0.19082999722649632,-0.0031906194966121763,-0.012399927117217395,0.026163043890956347,0.06094816542430134
228,0.043925034961212556,-0.12233273604667379,-0.05128348862373188,0.0066481347692804,0.02655783556476153,0.1329669057811404,-0.0052679172609173056,0.12384617937467621,-0.003503072506715345,-0.006211620036992575,0.017489352729083755,-0.018639461290804047
229,0.12694703526944612,-0.14362327074217546,0.15492938200027717,0.0070241394454555696,0.034433186379085115,0.16322509219777762,-0.004164028892175636,0.11320072135546289,0.007510461120764917,0.019600451236478026,0.016944918184623427,0.09214963222405101
230,-0.027369669327295273,-0.10110848975249705,0.026746633355963657,-0.013022342067932633,0.060482858002617663,0.130084453581542,0.0026244042962827925,-0.10696090313402455,0.002961731318805347,-0.006721293988924267,0.051377687144935895,0.033970758971376684
231,0.003652980852628604,-0.1128411829378515,0.15632647085933973,-0.04565491776433497,0.0541345881462291,0.012114678861305688,-0.0007994000367208232,0.111503324955277,-0.003802507034849855,-0.00012776683521027195,0.0019591174271400245,-0.014989179642104512
232,0.08166428983955601,-0.08476240295513743,-0.10432967794864259,0.021304082316059028,0.009305025634990052,0.14983314496906563,-0.005687164584365378,0.11350084879928951,-0.0034520941759372072,-0.007271688168970301,-0.02510163398508067,0.0051151860744366425
233,-0.011738339976623035,-0.17883814495335965,0.23929709729849083,-0.021715215496277647,0.051053480112137985,0.12079796177111146,0.009939244348337574,0.09919927742469241,0.0010381815617249374,0.007108803455112723,0.06345696683382296,-0.006237004811677786
234,0.01032682937347695,-0.11570872779725812,0.1762887219442661,-0.0077123708156460425,-0.0785349532257123,0.09498354699418303,-0.00724554412709721,0.07418164129779772,-0.00011956808146236933,-0.010431949343547025,0.08127547636939124,0.0019597285604551614
235,-0.02521732444829919,-0.11027285010591235,0.14068095148722018,0.029050256472139064,-0.011993341738364811,0.16952593490562173,0.006534240698032707,0.10252103272415215,0.008783708831249579,0.006311438064256411,0.00719978013963132,-0.010791301964582502
236,0.03705467640720894,0.07062998973211376,0.18938609207149812,-0.0029051987031851684,0.03227552662141407,0.15521266801731357,0.023185152501338593,-0.12823386597758377,0.011018232665293684,0.00731296045795735,0.16614574614826935,-0.015532316002529092
237,0.044758678305769024,-0.062056215902052334,-0.04565409646250982,-0.020959303010556436,0.01770553617333518,-0.07271088922732034,0.007787717165740187,-0.0037293159637164395,0.002956510596171043,-0.013504139116661377,-0.016743739335412112,0.00768369061423282
238,0.01968670059221209,-0.07233773424474425,0.16569191801842453,0.03320083693625582,0.08161284564907152,0.1212178222242609,0.0007043544043836984,-0.08852292773225276,0.006121146607973492,0.0020977382661899165,0.16222815082943168,-0.0066407825719494865
239,0.00790749513483347,-0.08297392871406291,0.1359384636614838,0.016822549999045235,0.013961909007608155,0.13870192461727315,0.012587569968574895,0.08892323989430348,0.007332097747517648,0.002133073027275414,0.03572976328091609,0.01542338714417399
240,0.006549668127368731,-0.20273699454015784,0.09641198848914492,0.05356837956312522,-0.008447547447730203,0.12588278338970899,-0.005336844274540308,0.07614621399982614,0.012118071694146006,0.003715240378997303,0.05083568998731408,-0.00815765038734417
241,-0.010869745071628701,0.03377457325739742,0.17431891573559238,0.06303940310282333,0.04588112446064438,0.15523337254227135,0.0008633360643063382,-0.09615626303494301,0.0013808212358393222,0.0004741586012720093,0.1436994888683704,-0.004145157175354819
242,0.03521896435838323,-0.0459255991166019,0.17130502454578597,-0.0021622753604939905,0.07963710970845123,0.1449919982897958,0.010979955390324652,-0.10535763100323817,0.010529461451087373,0.010804530314661335,0.149661885559728,0.06018175207165929
243,0.060129953855574854,-0.04573379353097572,-0.034958359899089776,-0.008316408461515008,0.021292516187137244,0.13913967346217135,-0.0026132274558539658,-0.17060822495841843,0.04608460811343784,0.009991493629571281,0.011691129036871334,0.006036617570557549
244,0.04689761625725821,-0.16000795782919852,0.03406676130775775,0.0076212465971857305,0.04225526985272469,0.15072544886915423,0.0012097405182631285,0.10173997519246081,-0.002866847517294386,-0.011770268412041216,0.03113260246975161,0.12535451445685833
245,-0.013298815289628117,-0.07769337071446684,0.22078923620295537,0.008782084270219077,0.00065630313344968,0.17786146596343036,0.018609133253280494,0.07464422735138765,0.014611015746766456,0.006003562672244138,0.08762895562483633,-0.0021638414254298096
246,0.013695854829596486,-0.1177255024905528,-0.03894210469765141,0.04189686767188315,0.002935978401311098,0.15114547226819616,0.001451967177075379,0.11049739788045294,-0.0011369498836394888,-0.007686111811042022,0.03427929870926536,0.034491814208642474
247,-0.009384344478764585,-0.0722028748280075,0.18224693893030425,0.06668862070673362,0.030213830332258922,0.14567055116227184,0.01248765730457038,-0.12857070249577818,0.017062557332001658,0.009751634981732211,0.12386051549413943,0.007845870309677677
248,0.0650379903451587,-0.03413949981785966,0.07956221816630613,0.02785872842936094,0.052727557471919075,0.17864899044846713,0.012732178302710727,0.09821398148048371,0.012547433321132527,0.012042275191217167,0.0503949570422845,0.052881898546851394
249,0.04299416432867436,-0.06226877459517702,0.13580720283088085,0.029887788831206224,-0.0032012750705383065,0.1887699079469601,0.008521718805235189,0.09328491977584959,-0.0034071262573110244,0.00188457783974132,0.0575072733549201,0.01816320677063773
250,0.1472430710844115,-0.16805143818577029,0.11776643899946704,0.011560363347816452,-0.007358604424040842,0.17727383952860248,0.015321254711590192,0.10717900080390716,0.0015823252256676574,-0.004194592613537079,0.030080047228810327,-0.003495847718820219
251,-0.011945852498684103,-0.14136347198986873,0.04548110940709796,-0.010479209921706723,-0.029256055966579993,-0.11394186487843604,-0.0020081255004551417,0.08655078824125494,0.009261786645817695,0.0032863841370896225,0.006256177271719938,-0.01453846340252128
252,0.012820747511996324,0.09815200589375278,0.22797866016771826,-0.017552334596659912,0.030453206326257358,0.17032603765085422,0.0075423984375606245,0.13904436283451596,0.000582922515543371,-0.002731443987126249,0.043838822523886586,0.008444226645215935
253,-0.025776131148693704,-0.17159180714437897,0.030475028536351288,0.02122507509550759,-0.0019767052196141663,0.06378834211466913,-0.0027990662332837476,0.1076848643038117,-0.002974013421867544,-0.0019477939122881016,0.014670951775259785,-0.005905270718575955
254,0.005556145233278748,-0.05592278033936633,0.11225419917346595,0.02838748545697505,0.052427645581464254,0.15255542549118345,0.008126680646467526,0.10849569445043766,0.0003262441850487463,-0.0006391711392048402,0.043006956351104166,0.035612192609675124
255,0.1288402743927839,-0.0940177276233626,0.1750380092563619,0.008131131842048975,0.025473801954435563,0.14306422238908342,-0.009019197581898076,0.1068211914378119,-0.0012889651111310941,-0.002281604322895199,0.005130334431215592,-0.013127298145773974
256,-0.010242654393812094,0.05316756606732946,0.14761737854250942,-0.04999407158577562,-0.02631658558043918,0.17579191397224028,-0.01470570012289963,0.10514717540593597,0.003972950371697469,-0.001671468478882811,0.025328920142367633,-0.012635374889542842
257,0.054078377773547306,-0.11199625163411113,0.24662020211476268,-0.039269818661070044,0.01798570065715552,0.013649276972769641,0.004116463676456461,0.0652137782311714,-0.005378611241098827,-0.004253985897621799,0.0465472306234093,0.002744507828409759
258,-0.012125212174001258,0.05918585443655711,0.18706066397358115,0.011158456516889473,0.03613794130620587,0.19656155689332425,0.015497403941555948,0.12113927086368703,-0.00014892542754296615,0.015622107804125885,0.07672031023081302,0.0002664383148661434
259,0.04705199100553692,-0.02719154926464812,0.15630002963860817,0.00830012994762386,0.025819025946560017,0.184963773577094,0.013756592030381723,0.11210432158150727,0.010511573269542546,0.014992467612685755,0.06975539241550917,-0.028369169040866258
260,-0.011153669541574544,0.08207326272271252,0.06318387983053192,0.048987894886271796,0.009664153896057416,0.17447687677385154,-0.002506304053900336,0.1157226517311424,-0.0009428927316579541,-0.0004394446676487634,0.0429416473518064,-0.0055031094400444505
261,0.019128822263412452,0.10244548844614128,0.07894793243715811,0.07617794603091196,0.009870679975230896,0.16876240576673113,-0.012010464540348485,0.1468787784025139,0.005764162850511628,0.002303286492143822,0.04384098634548005,-0.009383154430091339
262,0.23690394798344125,0.0009670726149012339,-0.09057949383979372,-0.009729847759215142,0.020466167860820495,0.16568181253610745,-0.002983296374700611,0.13136851967718,0.0011632006467691834,-0.01737489748190816,-0.05828473491637156,0.015893184894818155
263,0.011001114655932691,0.11362569867159093,0.18247336108976542,-0.02863153702480127,0.017029459780349376,0.17211236685806974,0.0017689387334299514,0.1046461332248436,0.002863698950348304,0.005835658431802781,0.0460261584360372,-0.014417640612417394
264,0.013637416027672933,0.08948819409267826,0.057558897570981794,0.010406418181383329,-0.007008059858061314,0.2044672690475353,-0.020664007046587596,0.12054070181433493,0.0038091623862382892,0.0063162599122710775,0.02195198963461642,-0.016139194500964543
265,-0.021408978300560298,0.05053370105914692,0.1897585735266015,0.005944352405146635,0.024458153354315917,0.1865293698767319,0.0004521569948415349,0.12665995221930249,0.0008513130001724056,0.0003212928981916696,0.04065976557404689,0.023333744381363007
266,-0.006588832573668624,0.08566692033210178,0.1943869265656747,-0.03647557600410444,-0.0026366398395339047,0.17834020156799335,-0.006907040886947799,0.12729193287106416,0.0014238917638981997,-0.0073250729386450655,0.03527294046362943,0.004961196757532897
267,0.03395743173060234,0.0945247991058651,0.18677114157965855,0.04268940927610474,0.0076379084879248564,0.16678005197972626,-0.0004475011551659619,0.11158239692774403,0.0018664597616367092,-0.010936576423952012,0.05894985879332308,0.004151883401614248
268,-0.028588571538417533,-0.017630506344386277,0.14807395963785994,-0.028939237703318507,0.041895907837311286,0.1629977214442065,-0.005111083356117876,0.09685002445006233,-0.010884975119602402,-0.010995724378714274,0.034010662478731246,0.02799948364796003
269,0.010369715009565633,0.08418501966069916,0.06648379145903459,0.03887224981717429,-0.0007437113818732588,0.21458159586248535,-0.005021082432096085,0.12450167325357123,0.011444420534870652,0.003618316114186622,0.045401923732194205,-0.00966186500196506
270,-0.02048025635860611,0.06074917692433143,-0.01861497628071787,-0.021439736748576313,0.016399296241338165,0.1561229137976687,0.0008860684547474712,0.048261146257625294,-0.004547252367259338,-0.0030288837265293493,0.0019106016512519042,-0.009254859937744893
271,0.04418513935793336,0.03914421503468643,-0.03684640591692318,-0.0025743876546119398,0.03317638162900095,0.16350130948451025,-0.0136906147511284,0.11706592785759211,-0.004128753083583602,-0.011162505305500963,0.044711176804742396,0.02781024496200523
272,0.0020229452193394645,0.09387441483827445,0.0765268761671345,0.03978181888393952,-0.004742834408542524,0.1368332602173113,-0.01236561223474578,0.10757920718045855,-0.0021678807484169604,-0.0021474060856688823,0.04514330430601703,-0.005133278559836576
273,0.09251814478601061,0.06247678129333905,0.04693896102406518,0.01754373062075825,0.005651340556681252,0.19255571626257856,-0.015226581544251994,0.12732227360167025,-0.0020310833878505654,-0.009207116930259203,0.037421908844961306,0.015836000480734913
274,0.011112792012078343,0.04461102386810428,-0.08420730190678306,0.05683012239086022,0.02921965038110245,0.1605931696662462,0.008977308084524797,0.16646113520379124,0.011034912816090163,0.0031407079793691595,0.04106369834970792,0.014175517637271609
275,0.014970479759142525,0.09864305559979694,0.14903680345067036,0.0032662554856729533,0.0941875637910971,0.17094412572635953,0.0010839043712078927,-0.06626234274658058,0.0010457494179319763,-0.00929630068307915,0.19944184059499523,0.0010991509644014334
276,0.022854313966467536,0.022179350761721558,0.1794873618653484,0.02187292083128278,0.036236207266776385,0.2029295237370383,0.03033103168353782,0.1007000898000494,0.0307555632398369,0.025503816551015895,0.08604391595850841,0.003940806654344684
277,-0.05109189741550049,0.09049323619713116,0.2603113815761196,0.03011117040752098,0.03575613966990542,0.17145637848515508,-0.010434597526559274,0.06272805545274115,0.0025254182686390387,0.0033436156498105893,0.03935973729660816,0.011088151335341174
278,-0.023691209116125114,0.06584859146067376,0.0730069121493388,-0.026154876228336225,0.028254842650903177,0.154546172111246,0.004937416957962737,0.06303936917323182,0.0015591662137786283,-0.011158424458381538,-0.0010816279833474295,-0.006647873473278379
279,0.008524059917457805,0.09507529153537769,0.1960197182525823,0.03997555358917486,0.03908095588481331,0.15989067281932226,0.0036007896792801626,0.09650535423710568,0.0003210590978202975,0.012980599366349741,0.041241705394021506,-0.008330002250861815
280,0.14106241064021116,0.03821114809302186,0.07560255333732392,-0.0350164855962084,0.0402848549949929,0.21074591213885532,0.026785071208602653,0.12933908028561197,-0.0035909654505238745,0.0013095778701891648,0.044234996344937716,-0.007852788829368
281,-0.024573773085329525,0.03794867320839328,0.06200595927026565,0.008286666667139035,0.02320186338009283,0.18876006187039815,-0.006366191942043763,0.0963455517097519,-0.002878602982413019,-0.0011753464935151683,-0.0034735060301900565,-0.031162858719911066
282,0.05703367326244676,0.030997394084604033,0.06477414274702704,-0.02717503587349071,0.021276879156087027,0.14951242919219418,-0.007133908606966824,0.16533652662519346,-0.00809764420805052,-0.0008858913100312256,0.05519608829510933,-0.020011395917823794
283,0.016633507416855896,0.0998616449263045,0.18257877483637644,0.008604797427271202,0.03111806204907468,0.16739068261961498,0.010780642949042872,0.13862028818437985,0.0011438808739467473,0.002074144004753768,0.030722918509950403,0.013424606168958011
284,-0.02069984205934853,0.040943252132673094,-0.07346333773471433,-0.013159667387783593,0.03100018955765627,0.039033241901128043,1.1362656709684356e-05,0.05596069234252219,-0.0013533100323774745,0.0010148508597676205,-0.049864620452231126,0.024803140000978597
285,-0.02578994687772857,0.05062970109542264,0.0046342095890226035,-0.006415031362583845,0.01700861802122896,0.16514747355673504,0.009190058817034046,0.04323811216119397,0.011256302960313418,0.013484231032584141,-0.0005394675371860581,0.04083761404837741
286,-0.018139666316195513,0.09142249303955072,0.2025299892425607,-0.030079526330661747,0.034504489737114334,0.137601044379186,0.0007427750379691862,0.09347591073542771,0.002429273287525709,-0.002588493733691084,-0.02018415351909204,0.026599744191046392
287,0.016324538211550794,-0.1293999252874848,0.16764338930197814,-0.08612946208551496,-0.02619730343763989,0.1545234143540457,-0.007316944649060069,0.06723518764669269,-0.002744521225913336,0.01462198816372121,0.05912374592300521,-0.0057379477495476325
288,0.11897368731180649,-0.16191855492410948,0.16594030208744967,0.0074178930993540485,0.0066616463238582556,0.13678834494984485,-0.002439613964385832,0.09556613032487536,0.0018616374847472167,-0.013777948990438191,0.01047124447400125,0.009680235753967098
289,-0.08725437581817932,-0.09600487278812252,0.17962073303830955,-0.02551864044269712,-0.0054828760729822195,0.13372681628942415,-0.003015449618838633,0.07250298078137943,0.00498228655974212,-0.00960295000254676,0.06707622223468292,-0.017621265071912633
290,-0.028027052847541693,-0.11983727131064231,0.19070132773409362,-0.031045136327594217,0.0488557688767318,0.15097973810866078,0.025855625570829373,0.09773668539743592,0.016298292447096845,0.01097821226871064,0.047186092732408896,0.015378485686108513
291,0.02594609920415516,-0.07259285316461635,0.1888584207229821,0.0008354398059335113,0.03177565195384044,0.1287149399918643,0.011446943761644405,-0.11034127503623734,0.0007338503685899094,-0.009573907453800011,0.10631465273350817,0.025043573293370036
292,0.018522712579649697,-0.1717830425281549,0.13989737411775113,-0.024291116855412354,-0.021804735696593358,0.13171792224572257,0.030804540779361674,0.07573369937275662,-0.007322218195910695,-0.004398563240609749,0.07464548112295465,0.022113438272296164
293,0.03886103062077442,-0.2137018396783841,0.10542521752319549,0.017018103519027748,0.05052102749882608,0.16193489105382983,0.011069074880220678,0.08298505386902535,0.02352689622571083,0.014025435191213026,0.09043288984858014,0.008248005586252343
294,0.016969546685580473,0.0007067546451716306,0.13806875580702832,-0.006392121076613543,0.02776926606395899,0.1660989725988201,0.002981955001693005,0.15047603714049426,-0.0020238789971674083,0.001770418748280903,-0.004134686674096532,0.04285296023524022
295,-0.012639430732302568,-0.07405127333135199,0.18489698668200685,0.042464591635058266,0.03281141834702202,0.14795702262736463,-0.01199394875579732,0.08054231766745021,0.005020737799855329,-0.009960398309587394,0.04956333558184122,0.02669920454880891
296,0.0634711050275068,-0.1400281377653174,0.016231956689724596,-0.006057687607531645,0.013557097955199817,0.1691579845733828,0.003393650417850407,0.14748879322367578,-0.0010511580522423038,-0.010151286657976865,-0.016979165308722722,0.00749780623721404
297,0.04829393254631623,-0.11491278512524548,0.14881462200735124,-0.00168955743063605,0.026309836358819443,0.1346619229995301,-0.002403531487127393,-0.10992626112273435,-0.015061204669557715,-0.014001199443977583,0.09367736806807538,0.00247386050229739
298,0.03365243683578823,-0.10171485132307527,0.2098180059268048,-0.004207568205833815,0.03193774840806208,0.10004656541071864,-0.012118168545887782,-0.10351276939288186,-0.002860141894480572,-0.005108570936456179,0.10624629691698842,-0.009190381488080082
299,0.04125851741992998,-0.0870762241874178,0.16328343305086107,0.005045946267451346,-0.10271915269312472,0.009147724538842862,-0.02020421315008454,-0.11782968390352401,0.004538983958830816,-0.008079098397370917,0.017395753178892946,-0.007026576910640613
300,-0.015646337655746634,-0.08565889202527426,0.1296707458196683,0.04719742482743448,0.00986809179444701,0.11022093605868395,0.004820859950060336,-0.21169052749699685,0.009645275876286984,0.00028668752613043104,0.016195415526742044,0.04988878232526616
301,0.017224213949230932,-0.20219999181353918,0.11716653832046464,0.035961365054369865,-0.02011619218940883,0.15175594652705238,0.002219171964445205,0.09549254109889693,-0.0017405013285506541,-0.009014480744414568,0.02562903996724558,0.0664650500738147
302,-0.01644774348753792,-0.08905100794154046,0.11890514187238327,-0.022771477452694866,-0.10436133212630115,0.08317152285878827,0.012010353584862962,-0.1505358587922185,0.006673026026808927,0.004854037060289237,-0.019574150797151208,0.009154373075641903
303,-0.01723130404915547,-0.08787491625557906,0.13131897198945042,0.008498307787053115,-0.00045739003724149305,0.10632833119540358,0.0019321207197138422,-0.17108331921601924,0.004234171067731681,0.01078451198454424,0.07454798680176863,0.05500849613598996
304,0.05985323249013344,0.007237061874078311,0.0914580569754021,0.04641246584334202,-0.07881189093202802,0.09846710817107926,0.0052814738491643795,-0.24373432912006682,-0.003427354645308398,-0.008203390877925468,0.0337380132799223,0.0024830308125576585
305,0.06135909251812366,-0.19726937130866964,0.12304588021938247,0.00448485439782133,-0.16485012068153845,0.12896870016118847,0.005124122712858774,0.061998902590114646,0.0009077051022219686,0.003115565685976058,0.03513097152050268,0.010384559088911779
306,-0.015788284010157,-0.12943175881450425,0.1007685081133927,0.028248306763284218,-0.02739676280780822,0.08923015906000858,-0.0013204205659563134,-0.20693874336264212,-0.00486512020351187,-0.010738387257161152,0.024808341296488005,0.03638176185009046
307,0.046844090859230164,-0.09862435003059537,0.09768948621306102,0.012927380035326277,0.012440596952971688,0.09738162796650547,-0.009413327034803064,-0.18778439567831728,-0.0015470016875261962,-0.012203035910166167,-0.011455354183141229,0.007044166732543438
308,0.012249624852932647,-0.10501672134176947,0.1416508129279253,0.0815169901737066,-0.0129831871454968,0.09718757188850828,-0.007178046926049546,-0.15359008892703335,-0.008109032018408685,-0.004384180761484775,0.09996780955447865,-0.003035017389665405
309,0.036235863226051206,-0.161647126851797,0.10877019076544683,0.02436517253257944,-0.07136206365048604,0.10999817981533318,-0.026697078043315767,-0.16908246910715985,-0.0012759874688709333,-0.018218345017237382,0.07839899351094988,0.03693192114840498
310,-0.06558028146828815,-0.16953315965556862,-0.007946911670292567,-0.04572126909094031,-0.030559328357273804,0.1301706691029513,-0.000304854825088052,0.08489058484830755,0.00019527186357509333,-0.012817060697454873,-0.01726883077338026,-0.005374749879309866
311,-0.0660016781001805,-0.12533717292918325,0.1559554773474033,0.01301354316239735,0.010237283931745717,0.0999179113439727,0.0015656683978635194,-0.16796005918058984,-0.00040191834777102804,0.0015572191729767016,0.06772572954012757,-0.019206575141633493
312,-0.05829678664709309,-0.08783079063500482,0.10014093227187268,0.035344912935508094,-0.03717979113725018,0.07516899377630155,0.006194610232902362,-0.2036634405737712,-0.004478297855724058,-0.002804547381637598,-0.03148711104311353,-0.00746810573965632
313,0.01693048081533877,-0.10188269874775177,0.0013369457637519113,-0.0038339607485419467,-0.054773259640192536,-0.09889510537935088,0.0032488364167100295,-0.04021952356624741,0.002830700795940735,-0.011363670321649304,-0.03958086426638025,0.08305106018181474
314,-0.07377608072103543,-0.09837789627105013,0.11566484840951463,0.008012323243254599,-0.03652870980999193,0.07194263928463501,0.004675924634949976,-0.2041712822011526,0.0005503456904556565,-0.009320741691646654,-0.015231818305642202,0.01968487095198931
315,0.05501637180097388,-0.11254266094161822,0.1434996900522482,-0.023046713871930902,-0.10856226915096756,0.004156916051147773,-0.012795282590257456,-0.1232909032899775,-0.016005298019091743,-0.013329679786661795,0.02907546560757208,0.024302186045521496
316,0.03407329136450616,-0.0601857966276605,-0.032864035742587505,0.0465099350355773,0.01599893330378839,0.10597275676110512,0.0026971776338539175,-0.19230409455185984,0.003887147510243137,-0.010145036369933184,-0.11846419264968293,0.01753549366138992
317,0.001541199991603996,-0.09644520066849274,0.19184422312160243,0.007323705026999356,0.0009108069854410367,0.13583000222307187,0.0016481943944571598,-0.09920131876265992,0.007476323855099932,0.004111555595522679,0.1197600591143184,-0.002624584236540059
318,-0.018788828690432337,-0.1800342341349936,0.16869537958251435,-0.035623691916050186,0.003255916914035896,0.12499514595053025,-0.005926356204294432,0.11547627052071294,0.002727861064364073,-0.006869929661240154,0.008607788018966424,0.014189402535210905
319,-0.008369528996539987,-0.1326477826921938,0.15513497084963537,-0.04762787605843703,0.03262655999209182,0.10831075998611688,0.012574109126360531,0.025347690804869066,0.0394706926053893,0.012998608989630251,0.0417625249632729,-0.007874789751602669
320,-0.004708274233487327,-0.10126191658931626,0.17033479163237833,0.0012783914253553354,0.03754953944587136,0.1490845873923328,0.006532738143944803,0.11304240086838475,-0.00011687851265492117,-0.01116224329630197,0.04632240899496671,0.01813901193555361
321,0.033645558894441915,-0.012609655223056166,0.14442941490165084,0.046723481592332375,0.040590748131402586,0.16752432957613675,0.0026017692508001284,0.11990023503611416,0.00022607000452301457,0.0006788202844486204,0.0012820212268565946,0.02829108510623843
322,0.0026126851490327384,-0.20337539686658446,0.08040766564667579,0.008673364054636104,0.0050930057545844655,0.12093346938262664,0.004613216829061938,0.12936863403223392,0.00491785413510303,-0.01067357554929389,0.012974219393549149,0.09122580444653684
323,0.01871219039050348,-0.09835806344185519,0.09707072365962993,-0.02235862297437382,0.041081915349163875,0.15374291390463515,0.0014593658970656293,0.09956949052921617,0.0010501878404376888,-0.009551576691737442,0.02115692432741629,0.048013198540617676
324,0.008638984303050585,0.04522521836213215,0.15561958141488466,-0.0184945684683295,0.02436578659513652,0.17338948849757505,0.011628332829637683,0.12729768468979547,0.014254020267808521,0.0007874241526763391,-0.013945520055562488,-0.02028697430390093
325,0.0068653483388111,-0.20746469892712296,0.08136091538176786,-0.05931052855723361,-0.06472982501119579,0.10333763007346279,-0.001825865735010599,0.08785288119729583,0.005271454265407674,-0.008556821814119486,0.0206744213613091,0.028715882276721946
326,0.025109045010603136,-0.15914618228736074,0.19521394753098967,0.006780209537281445,-0.011551269997706117,0.13288677279050454,0.007515468199837447,0.07763824649202847,0.014737202489123582,0.005829083717784016,0.06600884064537593,0.0004980181959803744
327,0.05725591214911663,-0.06976554730200439,0.18301949313413562,0.04889232349988802,0.021980096330573948,0.16499123650494776,-0.004751790030593285,-0.08152094896379175,0.005243738638220811,0.0034611161529160992,0.10058883007271767,0.005011645625742648
328,0.0035663981730951633,-0.2000899019180271,0.08073626369960361,-0.015672432854974504,0.04314703928241251,0.13565699975739862,-0.006544198580410977,0.08266911988321259,-0.0047604927395540455,-0.0010005550016739168,0.025010472009040507,-0.02077696130410402
329,-0.024338152113836983,-0.1409963609162897,0.026862679849063275,-0.04374899543063494,0.03654159270827215,0.041452152804664626,0.004857986315033753,0.11523721559328004,0.004202283427412542,0.008228963682172775,-0.0011637294075916424,-0.028747098284307007
330,0.021785673909807443,-0.16515673610355505,0.16778230945747338,-0.0058579993168159155,0.009452400641756325,0.15869075743527825,-0.0021217044240656097,0.08350266275813849,0.007471974805175101,0.007365495045848244,0.029852531371161322,-0.007120369281895547
331,0.023321774646574374,-0.1827893954042764,0.06972908589950398,-0.03368524326104723,-0.033676515014815,0.11809923063886264,0.0024410793915523006,0.05993671909825494,-0.015386383907962091,-0.009750407142552302,0.024541362298364015,-0.014180441791736493
332,0.005405010422667768,-0.12320733775254789,0.09499329433912015,-0.0035212375099859714,0.01377729935443897,0.17198199995393182,-0.010020141836531925,0.07708107271732498,0.005090879167537252,0.001506459419908649,0.031782353079531554,0.04229347271383813
333,-0.018864595145898902,-0.15194186319349623,0.1520900219742109,-0.02355134218475527,0.07236928169121909,0.04964554165472876,0.034678675610614114,0.1375866368735198,0.034950949832514414,0.007365113802185774,0.02219490870700039,-0.010813268355985825
334,0.13377604385668443,-0.10821060771826,-0.05015994255811586,0.01768427708182647,0.02395391605624167,0.1775220331000939,-0.00042190191860552305,0.1441862305603195,0.05286182774298036,0.010607415596767913,0.02955440103389135,-0.008563807730948314
335,0.044595845660806044,-0.11848113187854482,0.05896063765696832,0.007816318513852415,0.05564377093136471,0.13693192693517836,-0.003806639042225256,-0.11288575350460563,-0.004363039823413817,-0.0005400600126007643,0.041268282135033744,0.027816581343754396
336,0.009953914194555139,-0.1945254767728378,0.021262192992526147,0.03654785726427957,0.016904654540877657,0.14575743724719212,0.0054321566014344895,0.12219452009051467,-0.003434889393213439,-0.011016731728345618,0.0212970707532092,0.08424862434952639
337,0.041211324666655544,-0.12766489413327428,0.08677551388533854,0.01783711992575838,0.03884168281963118,0.17550301951874928,-0.0025236068705726134,0.14592650430856724,0.0005105994839468576,-0.011092743601360438,-0.005688762002704219,0.040297966552022786
338,-0.021039422882622172,-0.07069338811787498,0.18662208937366295,0.017085443180006918,0.030821864063788503,0.1588331190557485,-0.002521075497773742,0.12919624996585677,-0.00020541151743777578,-0.0015244161113032071,0.0019553413619663477,0.041975644779122696
339,0.007952169548049998,0.034026286854697364,0.01943387773291499,-0.0406562198151223,-5.906935476364728e-06,0.15454941992161267,-0.00552775300880764,0.16405104525998035,-0.007045930772201571,-0.0030091596423034586,0.047450180216026545,-0.02001271842888438
340,0.014356291910320836,0.10772482939710627,0.12738862336934106,0.02283305045434647,0.008114268133019438,0.1970418524827589,-0.004724713307295171,0.12141336689212275,0.002978361855845535,0.0028744670361288737,0.05488619683437465,0.025354076802100264
341,-0.0205592341411731,0.06258265503486786,0.06243373745654992,-0.034157353960500625,0.02190645811164524,0.16616741831489723,0.005831156614369855,0.055356211739625294,0.0036711256837637374,0.0020903319813619513,-0.001179488123954356,-0.024775636138942125
342,0.014050286482166992,0.05812687394022638,-0.12420434569150868,0.013453687282605386,0.019835470473498554,0.15226215534672757,3.465744838869175e-05,0.12973324990946464,0.007979825915370387,-0.0034614333232631913,0.013978623579211091,-0.0010836420807212351
343,0.011464617968566357,0.03785289700237879,-0.011053757408920714,0.005824029528568066,0.023330017955110322,0.15363129969026174,0.0023576284674332597,0.053705498250053156,-0.00271341368901586,-0.00246450836460306,-0.004237204730227885,0.021204147643602084
344,0.0644096789083219,0.054976427683684624,0.07376336146706788,-0.011083532367908813,0.038406245015134025,0.14185703409897235,-9.237088036285945e-05,0.06540273551808233,0.010554254065170394,0.005540445828256994,-0.007293699104699235,-0.003062759371426223
345,-0.02998796718311116,0.05769509659533859,-0.02487990763383202,-0.025657318484764678,0.02552726797289892,0.1535023936904407,-0.012975714598360751,0.04664642504005397,0.0015707555470193934,-0.009314254512335094,0.025822966711982788,-0.002963376792685588
346,0.050182448943196,0.03534710445549993,-0.035847395835309506,0.015372572249038149,0.03412686585516943,0.18227101796792536,0.0020977584236365103,0.10648554371981607,0.0034142368655189475,0.0017583096979379587,0.03260538699905441,0.033352430693575005
347,0.03043224383390792,0.026039110912944533,-0.06354150955143213,0.021857904048488218,0.01883942019683964,0.162754274214429,0.004166815295681864,0.030510161906008325,0.005848508063779259,0.007398746153368808,0.00026697106048754224,0.00632310585442075
348,0.06033884769512857,0.008770362474464733,0.02719126188907714,0.01946033431325558,-0.005672834840866828,0.1478899571171769,-0.0016837927086305606,0.1394679788011712,0.011496132394768599,0.01637578647969677,0.03509847691040874,-0.00589360528792654
349,0.02418209518717504,-0.06693913177184023,-0.05134999163251015,0.04655370648852251,-0.017130703516676046,0.09646439432770712,-0.01782433989481558,-0.15600671226060753,-0.0016273900208261703,0.008907238491167412,-0.1357109903855144,-0.0029307758241399547
350,0.02789830372039647,-0.1495569840920457,0.11463327062714058,0.02243323242629685,-0.13399373742192094,0.09017179226913853,-0.004270354133729707,-0.1688870820955143,-0.003280300929082701,-0.008864642302595413,0.03762111037974036,0.017376673530406263
351,0.03840174715777489,-0.09875500264452311,0.12293049963956908,-0.01307359048536224,-0.07289722259741625,-0.09877470949875294,-0.007511733587382102,-0.10495727284395343,0.003823336124622235,-0.006504668455167173,0.005677256567766152,-0.007075003369822736
352,-0.0031861400253657985,-0.08927005244607394,0.12543790732247986,-0.020365450111898026,-0.102930981140207,0.07613612678291698,0.01569083499904878,-0.15090243241924775,-0.0004095799608586394,-0.0006416832684024428,-0.03677063032234177,-0.0018473856426612977
353,0.00012466847648581576,-0.1112303783957073,0.11018302633874143,-0.0036571142862234286,-0.11097202390687709,0.08065494126406615,0.0024348223214050073,-0.16659137862473072,0.014417868774309884,0.0066953136098480024,-0.0027572494109399316,0.019354088200968168
354,-0.0010226228976082865,-0.10237735497203901,0.006694758619358178,0.048571981437632326,-0.01954177799318541,0.1055973095719734,0.003435037308905093,-0.19245525942900416,-0.0013615733001545547,-0.0027522935977414465,-0.02466724698480806,-0.003774096167935876
355,0.023400961342708627,-0.127206353223703,0.1500424737744205,0.027349131594895854,0.01694951932138102,0.12452920504562287,-0.005910142660577846,-0.17169985548186317,0.0028837052748660772,0.002974617891490227,0.1055578725281965,0.028726703089312404
356,-0.00031361433932998326,-0.09245482223765125,0.00487162370163751,0.0018662351082551112,-0.02113178672998234,0.08673830695076892,-0.002574681595911676,-0.18996573357877575,-0.0008993619494284473,-0.0002824080085894032,-0.0821907082618362,-0.009633253318463807
357,0.04395522755359409,-0.08808266318971887,0.15523591285573968,-0.018940258324553004,-0.06980782919221971,-0.058668566455540916,0.015502171013569824,-0.0960846624269594,0.0005011472768148525,-0.009575187185076016,-0.0007971505211544879,0.002473150484676674
358,0.004516882761810701,-0.19779085569607538,0.17105700553427688,-0.037352548235512824,-0.06250458466352574,0.1439504537586584,-0.0029837983184564944,0.046365451406193595,0.0010581137545161755,-0.008615875984191139,0.03740059082338368,-0.00954076638460927
359,3.9074525312238084e-05,-0.13866979834565363,0.08799366422603275,0.017228125332029866,-0.09229952996677823,0.0670470290106739,-0.010100694458425817,-0.1763229924445509,-0.0012168850158317676,-0.01033248421184796,0.00018539973705651306,-0.001865537171348885
360,-0.05068590486136797,-0.12480030851744152,0.09050252007526692,-0.014000674641421818,-0.04494960989261483,-0.0073896450685997424,-0.00557796085541947,-0.13962131550375573,-0.0012481558747032746,-0.0114557230674757,-0.01008563878845752,-0.010539708300446073
361,-0.015530643271228215,-0.10424159481067151,0.12857755848311245,0.028603177620947676,-0.10736095519634523,0.09161114438466093,-0.0003923777498668535,-0.1525578714532923,0.010384793110736918,0.0023774327028068514,-0.04617653876943744,0.0060461599035014114
362,0.03475802080356314,-0.1398946295117942,0.11843827536088418,0.024900775786791434,-0.07709614783951234,0.09754947053421589,-0.020308567571642056,-0.20233973739103553,-0.00794420301341414,-0.019696103046020097,0.056889093340023504,0.03749002778253346
363,0.046415963585284825,-0.1114449811577308,0.14075835506728188,0.01131831350815488,-0.0832412656179916,-0.050319116363295495,0.0157965859980192,-0.09016687012991412,-0.0024186762563304805,-0.005910017247138896,-0.026744136996452644,-0.009610221985442174
364,-0.0003848562011431894,-0.09861214621737813,0.11213238470654566,0.008416405021037037,0.015285060629248523,0.07977666285861917,0.0013808424654541754,-0.2215268639521829,0.001410684300344061,0.01054294391558324,-0.02599176548467738,0.004969157895394675
365,0.012915601482672505,-0.04225311889437946,-0.05349090962661104,0.0201637912530037,-0.019206378649152037,0.08948207550659003,0.0037867545153158493,-0.17092893327835604,0.005719391541257129,-0.002332634033522648,-0.12490392088119565,-0.005856945211189824
366,-0.01709179664777006,-0.11119664291621814,0.042074155499427716,-0.011678564025672267,-0.025534654533646995,-0.08130192992382299,-0.0004964225107894686,-0.1189716526893109,-0.0004051239350241648,-0.005154889733432589,-0.03473392724426564,0.0008543758113106475
367,0.02503899184748815,-0.07450798494608847,-0.024975941359896114,0.024331264111115816,0.025229411431933725,0.094403564986645,-0.0008478866467308182,-0.1839463693659892,-0.002024625473709573,-0.0029827696177174186,-0.14558351135496936,-0.005035377451627466
368,0.039814772763274706,-0.08687089725801186,0.12429784744026905,-0.002612343621322683,-0.014126575856204087,0.09021966049842685,-0.012762271132808008,-0.18463119536562708,-0.002822145044163855,-0.013610675091544169,-0.06487047418159833,-0.006918986413511434
369,0.02292256834344248,-0.1079527779241963,0.08928999766766443,0.018996303356642572,-0.09872068008058715,0.06884983335576346,0.003631525987339244,-0.22934333947719387,0.001820483284757526,-0.008562380445620483,-0.06568566708098167,0.03119508945438581
370,0.012451316163654833,-0.023058791642993015,0.10903907538281608,0.025443095503304945,0.030008373349116824,0.07499652527039029,0.0016324211021781446,-0.2181798836019967,0.005503856363730735,-0.008064466275147689,-0.2387626953099972,0.006717726842000692
371,0.13411433225126543,-0.021229822590913223,-0.06851521571956076,-0.008078291489131462,0.021405030169393564,0.10312532512708858,0.025797461229345665,-0.20403804072468024,-0.005978823209538006,-0.010742428035468009,-0.2460674854181637,0.0037705635246592225
372,0.04818727454493681,-0.07769079932907964,0.009548062414392062,0.03293650261550465,-0.04160747113786013,0.08702393526353772,0.0005415710618186431,-0.20024802035864298,0.0008078015314836484,-0.00748954160060913,-0.12144612279059214,0.001002201887650948
373,0.055014773550736,-0.052460225841963005,0.015108772492559834,0.024722826964162902,-0.000551599671986286,0.10429358334076207,0.003967626259445178,-0.23179528746379197,0.0003844563527281197,-0.006098147824163665,-0.1655090340878605,-0.003400461657371199
374,0.11686922093674747,-0.10475407313501682,0.07034070704516544,0.03416560126527862,-0.09856427314773226,0.08385960902811798,0.0006548437867187546,-0.1968082637759332,0.0024807525897838625,7.487122288433494e-05,-0.17054622945762227,0.010033588234287624
375,0.038495020593781716,-0.1268041025753889,0.08915228881604899,0.016225781811653357,-0.11037057474091386,0.046965128759104365,-0.013154733476438368,-0.15610727466401852,-0.0005644236348980914,-0.009288892836408984,0.005700570939460651,0.050689585501558054
376,0.030023220062126474,-0.06425328377213496,-0.05313813338266385,0.024484356980470627,-0.05314685023229199,0.09276547925880523,-0.0014330527169735233,-0.16903952843042547,0.0011442893545769183,-0.0035034237974538008,-0.11120245951109173,0.013164222927255715
377,0.1323459092496115,-0.05759588739870953,0.06196696804823869,0.017408109791499767,-0.016284994105749483,0.10270056984204276,0.010876589686023407,-0.22206041532295617,0.014557044827548379,0.0022560094669417568,-0.22984337006912373,0.005202171430071164
378,0.05774065982292931,0.031459511468563066,-0.036295488916106046,0.011520032661812955,0.027309021748542592,0.10986150715869489,0.0016628937007890786,-0.21644804916362556,0.00415896340147364,0.001106248633707041,-0.24208370015419298,-0.002890802072777381
379,0.03152600536283894,-0.12349712973829419,0.11375521154475353,0.02136252051070771,-0.02077198430149061,0.08877513498733744,-0.0013112246294484738,-0.18077156049752457,-0.0023191355262759364,-0.00016840449531846055,-0.03418546910988988,-0.009941454423885923
380,0.003910735110360502,-0.1484239882023882,0.11142040107830137,0.025316386145589197,-0.15254545803430455,0.08143087772319592,-0.014322083030251218,-0.22584036319554712,-0.0003345681144405165,-0.010317481193174473,0.035249159379268515,0.027135454827517228
381,0.029829735237088897,-0.13635002635361926,0.09705780149861476,0.005951771877858359,-0.11524994055149611,0.06989319766600614,0.005962957944238624,-0.20880874780948627,-0.004152355661547432,-0.005646942835773607,-0.009742007941475459,-0.0029202789903844655
382,0.03507903399175075,-0.15468044294738337,0.10736233828131743,0.03731188581136761,-0.10886294705911395,0.07114230897896619,-0.014050222920166607,-0.1456193882522423,-0.003607306968612038,-0.010678043273902484,0.04931645969276958,-0.013135871682430128
383,0.0017553102241725234,-0.12671768554067356,0.10777074629366602,0.021612377575312994,-0.10295402411705258,0.07665614490836654,0.008198094989462633,-0.16983853301284088,-0.0002875500765189763,-0.0128899301921248,-0.023670915005424186,0.04034451806352625
384,0.009591944467270144,0.031041016475739217,-0.07070094733682412,0.02656353570983305,0.02463135816486861,0.0968397830394281,-0.0009909435436596234,-0.1891361152403594,0.004729787963655899,-0.002461390965286212,-0.21507977192583608,0.011822958385502914
385,-0.06087461830249511,-0.0814065435506204,0.09432816464054315,0.033843742573579964,-0.09104563746880924,0.060159427351512494,0.002124181704783531,-0.15814931523386747,0.0006426760536812848,0.0008637975142376391,-0.1277440319694732,0.041865101378053805
386,0.04227118521721734,-0.04260627110014177,-0.04725016409312202,-0.014514947674705625,0.011401879036996522,-0.2422237734239342,0.0007655274578545297,-0.028658591720341305,0.0028481457061304634,-0.010283032537326311,-0.08686760777320812,-0.007930921862326844
387,0.021870245649852328,-0.15625879317039604,0.1868859165335729,-0.027038049826375473,0.009947491533568045,0.13531620570564185,-0.0014060222739850047,0.06291253451382696,0.00013093954989018314,-0.008774378909409117,0.032834892660374884,0.003107981892114674
388,0.04411882169549012,-0.10157713128099904,0.08151200013137389,-0.02974516158422348,-0.03902029351381388,-0.0262640938330879,-0.004992917438128718,-0.09204539297027323,-0.0013131694311897216,-0.009141229700415315,0.026732835497291337,-0.012749009281005967
389,0.0015761726505120572,-0.22568742668364827,0.13180195691182636,-0.03413002107627064,-0.0686126646599393,0.13936548860025894,-0.006094656698643574,0.08428292255973667,0.0013624799328233192,-0.010790052133453857,0.0325150596049382,0.05452773768095754
390,-0.02027640902766332,-0.08658610278045574,0.04582035681731423,0.056197680268042116,-0.09057073000923022,0.06767955895040591,0.005486131225040907,-0.1752813984785282,0.012691018330379998,0.0027940267008963477,0.011293699832645698,0.013351033725359231
391,-0.00047051605193027576,-0.0881284094024309,0.1674434538297245,0.00017583104684133365,0.0050031767135815634,0.1268373682382988,0.005161882478649456,-0.09789591205591122,0.0028907709189315576,-0.0001006984857297824,0.09530784199105818,-0.009482570431468045
392,0.061246297090453185,-0.09372349299735046,-0.0470212985902633,0.015884322692606086,-0.008697639705164278,0.08724748933818259,0.006397106273128034,-0.1467113807291817,-0.0009659943588473733,-0.003067926059305435,-0.01829423755419161,0.05183944242239897
393,0.00753926555285675,-0.08402660930346054,0.13646078572019346,0.04577935339418444,0.04950294813210623,0.13349568891978278,0.022325128423722425,-0.08934047356952167,-0.0016713032897984462,-0.0007287485781265411,0.14884691465346384,0.01004602066448449
394,-0.04049328640525324,-0.06778963478638543,0.17528411616976025,-0.0032679511473082835,0.024413585459816173,0.10405434251109388,0.0042618761756787246,-0.16417582476614972,0.005019521256355936,0.0028043113424743565,0.08057766639159927,0.004058842336935774
395,0.022421717790124637,-0.15742665254911797,0.023682041834857,0.010327892944364056,0.03135950536896874,0.14194230457145454,-0.0026647162158600804,0.11690261865329757,-0.0015189605089011976,-0.010671361431911455,0.01133415461613328,-0.007368539367809852
396,0.00624037662816995,-0.1651829668137379,0.010502177572305097,-0.057203828915938726,-0.007774441039255578,0.05937238020973237,-0.00432559699522131,0.10977533533450456,-0.0001580382140164612,-0.0028784981486532,0.007893517157529475,-0.012030695507261874
397,0.028476326298124088,-0.1676702877143956,0.19858761146501255,0.0015731613954053382,0.046378071696675495,0.1299120026922506,0.006997377899904823,0.08579434784002923,-0.0014463512529007613,-0.009113606420405028,0.06409048626547349,-0.0026277905710871317
398,-0.0005243974520811419,-0.19537061398448868,0.07979789033089286,0.045771183933422784,0.04074016956400841,0.129692121625726,-0.006110779387957338,0.11111072735419109,-0.003906395565799529,0.0003676043770310624,0.013110905416787413,-0.020018908496567032
399,0.018931748621370162,-0.1572636272884473,-0.04504046602013222,0.014080647739637605,0.0120494515612846,0.1509290547810927,0.011565799717043522,0.12108114413856717,-0.00030234753591027336,-0.006066195015953004,0.023278800504695756,-0.014269901326958167
400,-0.07854762005337125,-0.14459384501433467,0.20169863105583266,0.037232575100061595,0.0014366490397047607,0.13351667108270104,-0.0015869597521201008,0.07113668445755121,-0.0013889357550321494,0.0031561019102258657,0.06710741867802338,-0.00016075727859447082
401,0.05893311435906068,-0.12775712664323216,-0.04174482562571525,-0.018984225911166577,-0.06802651896968617,0.13461178554815964,0.0002476219975964607,0.06917030421195705,0.018104021723821816,0.01614443344334886,0.018723860967726838,-0.012250502553119314
402,0.02118758598306275,0.034687518333910504,0.17526364849510662,-0.02019030477551407,0.03206629467547856,0.1761437432068284,-0.001600684687179724,0.14147818774205484,-0.0010628962922694318,-0.0019496265187155975,-0.01667602424201178,-0.0020431852377248124
403,0.004031176721017562,-0.19771488505516344,0.09381749480368934,-6.887513056406566e-05,0.04662442618184285,0.13528081607566414,-0.0014708393494876455,0.11641040249419744,0.000835647757772929,-0.00927516063109525,0.02036871930683412,0.006756729461399627
404,-0.001107184882920317,-0.15479319770911681,0.18718370910943813,0.043048185940325945,0.011760894643326088,0.1507743264287131,0.0059915883109236175,0.08786159341235884,4.738316159402784e-05,-0.0037502676652117753,0.04148843337624639,-0.014715412468551297
405,0.006520355844819208,-0.07934717651001687,0.10881658391753624,0.014119638836263443,0.042781228328113784,0.17325722758314188,-0.012705507677189717,0.13256420558489895,0.0009288349085359415,-0.0007735616627818591,0.009721339197107147,0.044191405815928946
406,-0.00902406644134572,0.1044674466564224,0.21295479129439193,0.008769761153911228,0.03779095941218361,0.16341578356782416,-0.0036761773443467127,0.1326496847202162,0.002935481171268213,-0.007981067144522491,0.060932505475654535,0.013198649181933487
407,-0.027238282876344513,0.009453490855870241,-0.10289581875773533,0.0146179516852447,0.03673614772267042,0.167893332832139,-0.007465201395375097,0.09363304438157087,-0.0053446499690403635,0.0002030429412967708,0.039708281489320346,-0.004931013643345932
408,0.009984050956460678,0.03158417071178291,0.07667826357379137,0.0043650347753538404,0.023596314978104802,0.19146135252788035,-0.0015594956529295996,0.05396317895666288,-0.0027044558413644934,0.0014077075989690339,-0.0062592448651920185,-0.02258159293915781
409,0.058053710315824146,0.0836969022259117,0.020459380504985438,-0.03704932222265417,-0.00834078954760367,0.18670463316616984,0.047895008022488576,0.13019164075276823,0.00696708774663416,0.009912909401661441,0.03698732232096268,-0.005964903262315109
410,0.018766040713606453,0.05415835679141278,-0.11202614309691912,-0.008936742060628751,0.0044987051549560024,0.1561284083729367,-0.004158837140708486,0.1528711181458811,-0.00740579374856978,-0.0038359336819432065,-0.013356705535510497,0.0033657462483276906
411,0.037879853817399715,-0.018934101791173993,-0.08790796692585824,0.015782481286933877,0.02669709837355281,0.1609101500052466,0.006952555174475495,0.15950362189684186,-0.0003802905579802108,-0.010927779300054377,0.01697755496444405,0.06060692741791239
412,0.040013928112488384,0.042808034370346235,-0.07445504383044704,-0.012088388212145697,0.026057329855802697,0.16568334758639566,-0.004959874542947956,0.11289856693887178,-0.0006344477672666001,-0.01320939618318552,0.006460217807089414,-0.0029482743074945084
413,0.019847150860167764,0.08902082530491064,0.07019956263568376,-0.017756295189114202,0.0422355287028492,0.214057362985611,-0.004505669613122433,0.13159644986048358,-5.419810636501951e-06,-0.005257835217920853,0.052979289070005,0.0008190600749210494
414,0.026874523685594842,0.09150459808333739,0.19506673227388713,0.008548634039986482,0.03784003825812157,0.16964564579933084,-0.004124413850207632,0.12057950513508318,0.005615300191116887,-0.0015021140370309026,0.06095423488513236,0.00016164140851680919
415,0.06747392832538451,0.04000837768421073,-0.12046956170959794,0.004019842832201941,0.027525043383106122,0.17454796363699554,-0.00589806046550519,0.12116048186011831,-0.0009060103312270344,-0.021394183908660398,0.036549575861521404,0.03548310890281249
416,0.05953993393683715,0.09944142296517632,0.07266096969516496,-0.01742310585407698,0.034396276678231974,0.2019990038506959,-0.009071759322941696,0.1341986805873369,0.0008785774536431473,0.002111003656172001,0.05773426522954043,-0.025152021611013285
417,0.023123203196166994,0.07568780725196396,0.07515079414922639,0.04965673223653036,-0.03437911353619619,0.16217437607001187,-0.009724771493199513,0.11331505340669264,0.0036907213635243514,-0.007167448719998954,0.03590127343415078,0.002222155655919544
418,0.04746016055995427,0.03244168114417796,-0.08229479369831987,-0.011242360019971002,0.013391310984650644,0.1692178962928932,0.0004516623433879063,0.07368964705090698,0.006169579546052169,0.0031502486126946403,0.004655155608327709,0.013342831975430916
419,0.1170703920435912,0.05135274055024022,0.0470384846278537,-0.009042166172431176,0.02882599377402877,0.20528694837924827,-0.01233192267606341,0.16443062977130796,0.006765394416871073,0.006075259185702131,0.016722797280288592,0.014322427697041179
420,0.011379206343323544,0.05383257814731819,0.06178784010089862,-0.00975182723334974,0.03230370771873752,0.17623744878376074,0.00018814896376522237,0.0723043754958468,0.00261006813521947,0.005745764192088352,0.035291185448926926,-0.004032947774808372
421,0.019341723695297134,0.06099588611729816,0.19155041022241218,0.008069186132837039,0.04035758817455094,0.18285094636818014,-0.006783630229444166,0.1197480771676216,0.01267360362831506,0.011145532786264973,0.0690180531437518,0.004248744445850881
422,0.07995206567264454,0.07640484183601902,0.0661226864498177,-0.02051755146382934,0.039048619282623605,0.18879921009935202,0.009207379597793892,0.12007885805643269,0.000616160234910183,0.0017437165762071258,0.059160577004820934,-0.018755683282716228
423,-0.0885911186362419,0.04143810147107972,0.1571775358057332,-0.024591624113463457,0.03710881076981581,0.16649670603626493,-0.003143287979603656,0.14976506488178581,0.0004198703268787912,0.0019944368806621396,0.019870740876380848,-0.005627862890952636
424,0.06750409985278155,0.04699309473100069,-0.06334885270149931,0.02261510188471882,0.031198794038447972,0.1935345803303805,-0.004546268533866302,0.17906976541472724,-0.004895191829755959,-0.0009311910576214967,0.026417087659688743,0.03477186360839706
425,0.014172645604783008,-0.013807072212117322,-0.003209074068838619,-0.04213088833816353,0.03380544912031773,0.1516520147206885,0.0026972695652021142,0.10833138959303956,-0.0056877022989114045,-0.0007470619200882282,0.03676609661437837,-0.02127628213903495
426,0.042690769707930454,-0.07900579421341451,0.061285846618755746,-0.01489002524415859,0.042530017892367995,0.19403284522412692,-0.00038467391668278126,0.11959426312763727,0.006631691866733327,0.012783924160020431,0.032236984070233586,-0.04731224565691623
427,0.016268289102280755,0.05084297170377622,-0.06165597992980696,-0.01818138721323951,0.0276378515806701,-0.07202020882852658,0.0011635180641041817,0.10561427899358955,-0.00034349828427178224,-0.0002820709456495016,0.01247618739084694,-0.003458651190283677
428,0.031233664389633924,-0.1166397068756618,0.10754951559758169,-0.014248662657361338,-0.10814092784987583,0.07703587692979934,0.003568940524274864,-0.2202277540780701,0.0022486409102332257,0.001149561190011529,0.001769753884155022,0.0037586703767174406
429,0.04754847302800156,-0.12353750323093593,0.0452329582394262,0.03231917767619643,-0.1358722202823823,0.10602219493484902,0.026600976856195186,-0.1509735802034023,0.02608800252831326,0.015403692362969054,0.05095263384500166,0.003210713675862718
430,0.031715961107254415,-0.18647560202065344,0.04418043048705141,-0.003957389578336986,0.024427498430989816,0.13411938258839887,-0.002607185428792993,0.08956347202213392,-0.0011535353090849434,-0.008407587153782984,0.021312114014828337,0.04572039563774973
431,0.02501591969976117,-0.046079675887156314,-0.04441768033743552,-0.02902494613514461,-0.07662610977062095,0.14660093802760324,-0.002707590226145102,0.1066370344652251,-0.005084926421515289,-0.0019498475198861758,0.004879387163514031,-0.007449466685918871
432,0.08979456318594226,-0.06816325235190064,-0.10333315190091112,0.032254979265335805,0.03025366812469757,0.1662403334940244,-0.00271246927521329,0.11279438828571059,0.007995043108433304,-0.0034748457356912755,0.02527124515653739,-0.004134816454881248
433,0.014171231743131734,-0.056450141759687066,-0.08068639952541548,0.033800809993729634,0.020246512749871503,0.15563106023764461,-0.0011907964384295484,0.10502512779811088,-0.008000667281308384,-0.0037854940342904346,0.015978204177807254,-0.013020037623216142
434,0.04203742895860315,0.04468139510323309,0.052376572977831874,0.06172029703168838,0.02675589440292389,0.13830686566985564,0.010005245137088914,-0.10351325032052158,0.015311104649064133,0.011935398441963766,0.1322078315250303,-0.005017231471563396
435,0.011985930078885387,-0.11072903209405426,-0.06586812741501427,-0.031379855870597974,0.005807385343636936,0.0340027953876311,0.0070378038718464896,0.08987998698918873,0.0027011666598175965,-0.013236650211429484,0.01659781377590323,0.002371595197515649
436,-0.05220961380550644,-0.0064374140179032984,-0.08830833815024579,0.01457885241918601,0.019600674593365747,0.14085125302401355,-0.002124732337509824,0.14863491507742613,0.0019306519737389686,-0.012313845122192048,0.014432769419326173,0.0524307564179295
437,0.05108721523364734,0.02941762711857517,-0.045796691197405856,-0.02135667485455432,0.02032909093040414,0.17408607028403716,-0.0003893058345389469,0.14150564190487377,-0.0058009226299982645,-0.006341935039360029,0.021630559862799922,-0.014486715424023681
438,-0.06332899053734545,-0.11250823359658141,0.005084492856507339,-0.05699198516057518,0.03592963599585028,0.038960722349867596,-0.00528418938449087,0.10154824987237657,-0.00039543195946315515,-0.008911082305738054,-0.007394928518992898,0.0005817780337979375
439,-0.061091053244041946,-0.08610816908757711,-0.04683613076740595,0.011115804571270258,4.159530975398337e-05,0.09433765421295205,0.0013604223640304334,-0.11505623301619117,0.008712948413426751,0.00027902170151179994,0.022236141727097886,0.03321263010665581
440,-0.035561635205950536,-0.012906742433612806,-0.060047759902809035,0.012097825958884947,0.02563096270151014,0.1580943718208507,0.0025592146028232004,0.1379633162747429,0.019409342773255553,0.01389370081095913,0.023352459593222186,-0.006644374638863434
441,0.01092871688030767,0.035693892902059286,-0.07741032257672893,-0.01963423620378971,0.02769286703489828,0.044413433037748015,-0.01118582786347503,0.031700529107084846,-0.0011730977531990625,0.0049323879625180955,0.0387816284869066,-0.0016827617383615148
442,0.009647418991245054,0.06693770191703662,0.05577011116041328,0.04032628602167824,0.026003813521764715,0.156052318817763,0.007929675055104694,0.1176769143435619,-0.0014700408021809154,-0.003936325785375691,0.0296083471007474,-0.010286826678594723
443,-0.05207937084487907,0.04192879750791494,-0.08142841040507966,0.002849898777015699,0.025283837989636116,0.14187141697483277,-0.0008957422287260617,0.11769963336321645,0.0019627092956009734,-0.007724266874552495,0.025782674611524194,0.0020903311117428927
444,-0.020868374917734384,0.029543386155463185,-0.10921858785754276,-0.014413262498315052,0.016630811449925755,0.13734077204893325,-0.008815355653623694,0.06786712476645254,0.008555570659949538,0.005735862507058939,0.011504112127522446,-0.006902804353278998
445,0.00923662266736224,0.03785945046705006,-0.0711048644993913,-0.0029843882341874816,0.022163960304009484,0.14284784452242025,0.0005517053234153356,0.07046109230499208,-0.005878761995597035,-0.004725851220924015,0.008283741221467873,-0.009112220819600688
446,0.018643489913916348,0.01034989809310244,-0.12328822718568316,-9.330530136151669e-05,0.021075896704654852,0.13957302372238914,0.003979028771531825,0.09421658437975687,0.005596321048983671,0.004477362819363564,0.03001923631342184,-0.0031042375299696425
447,0.012475186848921982,0.03539118116414906,-0.10764422495156825,-0.02102264442874885,0.02055498212462396,0.1425946767086594,-0.0031556593841413267,0.06925909126182285,0.004153408400739013,0.0036785317244012266,-0.0007587511019191114,-0.007046323957569365
448,0.0443622266711891,0.030919285219914223,-0.07479559202751268,0.0008723408850428108,0.009279474937172457,0.14258468013095224,0.003907155037966566,0.05692944747199504,0.003627317664608842,-0.002474893844803737,0.03845195152095458,-0.002980240727649673
449,0.0193932686581521,0.07009509025593791,0.07957585010178003,0.008759394855513601,0.019123898628445435,0.14837335400259208,0.004344164031732504,0.05293643439811838,0.0049406343685278855,0.0030488425373781094,0.027178170366523594,-0.02015309328504625
450,0.014869337732314723,0.06906984804695715,-0.06675918364501729,0.012704988367470393,0.0258051784602819,0.155591182641033,-0.001672910952159382,0.11655490198536651,-0.0016407822901903112,-0.0005606967236123162,0.03256100788629746,-0.0035354643086805337
451,0.022134693987405776,0.06009555072276091,-0.06107900396598975,-0.0035058823696824224,0.02490118763027375,0.1629086179115601,-0.00356110350663491,0.17925312201125437,-0.006290009651181469,0.00205282634506517,0.028344419921373445,0.008171529627632118
452,0.001123332393214307,-0.22456033282470655,0.0632741396721924,0.0015653577502166016,-0.0041146092051225274,0.08690306106968101,-0.0027196550836796965,0.0997782782045284,-0.0012513047364390074,-0.007105164625819562,-0.005903626950114058,-0.015871505796671057
453,0.0023691843491038507,-0.090836741334572,-0.02073761184535199,-0.020268014783426134,-0.04746455967438478,-0.05197476401953252,-0.0008198758032527875,-0.10397229916980795,-0.004398011467645217,0.0024101633877176283,0.031138200875463422,-0.008773748531194702
454,-0.016710906407323603,-0.0904092070745387,0.11005590636046163,-0.026385050120417253,-0.03667940084682725,0.007327969715438555,0.0008950740489738756,-0.12118072132226988,0.0013011218873206266,0.003360744434313383,0.00671088813960282,0.0033748598354002945
455,-0.014410828350555904,-0.048361608527898614,-0.0023389824104769166,-0.01731766631036339,-0.062438540832982385,-0.11362028288648428,-0.0031025296532251456,-0.07386643145472296,0.0006567670667043864,-0.009998604407443488,0.027310581287925115,0.0019722832328446715
456,0.05501198495340619,-0.09146665192665228,-0.003797518092851583,0.004046817328251003,-0.022775744605866285,0.08268395591472413,0.0023493151726886323,-0.16996213642151228,0.014133834685956581,0.006889744537623498,0.018063136758648988,0.015957886649419942
457,0.0013334976606201626,-0.0896435884170716,0.04750289958016187,0.03458645677114968,0.01009401736542546,0.10807109332013148,0.009501319009862232,-0.13417305202892288,0.012064041712931257,0.007279122278466806,0.043789066071945104,0.004905713413944076
458,0.030964755649783206,-0.11861642262620342,0.13038276119619938,-0.023130003566003296,-0.14566846348788487,0.06115593708295735,-0.008659228605109454,-0.09293809718835955,-0.0031689644837553563,-0.012285921965945131,0.058748927882430704,0.027336679937274646
459,0.027233042045884042,-0.11934797899952239,0.18735204640974476,-0.007157714321229553,0.010002255161187712,0.10386904153024573,-6.249107641596828e-06,-0.06370470804962734,0.008393098552916051,0.005850830063893209,0.06513686791330393,0.013638566777220877
460,0.015300302488806757,-0.09754935029551635,-0.025260413220134975,-0.013226882103264136,-0.07525418610241608,-0.06232741763615252,-0.0052968884684753284,0.08647836489904978,1.756262154275725e-05,0.006582336058522912,0.008166404926116862,0.09139667486012029
461,0.04044479617177936,-0.11306628938145342,0.00519757532287148,0.01988459308996901,0.07941707575461998,0.13186460977993197,-0.003407002846909306,-0.14084070737189358,-0.003224491835678731,-0.016877856645536968,0.09995941197657637,0.008553702316625
462,0.004231753077702015,-0.14117540446386165,0.07368314046962977,0.03167332100088385,0.001651624144485385,0.1223370782403732,0.0051716870069512325,-0.14970988047717246,0.015440032858447233,0.008695673276543645,0.08339034912052641,0.014456222267106482
463,-0.018221413140812378,-0.09975215362503144,0.05782981215884126,-0.0021268640798660105,-0.031030713527633643,0.08854746495755546,0.0026800914419304518,-0.1385783182348169,-0.0034316772738243245,0.0019388529235382166,-0.0043888118769612764,-0.008972147298687505
464,-0.0011391859608577048,-0.12365959038165843,0.055381791607501285,0.0013025176053289502,0.017024940987814877,0.1279379419171131,0.009822538225066488,-0.1699845892204008,0.02430044820772429,0.013935490982760115,0.07864892695724461,-0.02394410383622868
465,0.05489782691751287,-0.04144884270750117,0.05541408883813932,0.009661935159896103,0.03680082476360728,0.0989397166390966,0.006465662009977739,-0.21879119788129675,0.00040267881287888607,-0.009857767452699069,0.015893157723620075,0.011722128310027963
466,0.016184971265524296,-0.0722327406736436,-0.029366112987937048,-0.004566463258845999,-0.015743099681235044,-0.1065457824884588,0.0033675054969763266,-0.07370987388055414,-0.00155390512984427,0.004867675910776793,-0.025417640707946353,0.0753842020954765
467,-0.022800509789973184,-0.11777146170230486,0.08428494784264985,-0.0068492599837990395,-0.01329404240268581,0.12375216823193198,0.019821424986864962,-0.1764066714523471,0.00848415067924314,0.024195386768060833,0.08287222621015616,0.04027388230995432
468,0.0035940710844879304,-0.06909440094243641,-0.0319062831961328,-0.024024528060418455,-0.028927962606372027,-0.035139392752415254,0.0026441998394761343,-0.11495540411059238,-0.0038607945766944195,-0.0002843888921382594,0.0024987475443010916,-0.009218669270737086
469,0.057756302658836044,-0.1187893333412469,0.04422718414650183,0.013618758681810044,0.04171362745972649,0.13649278777774188,0.0011618705238133533,-0.16528603585973334,0.002447222023665274,-0.0011403812138890239,0.021375941166392222,-0.0018935783124960953
470,0.01717201560788809,-0.09080350122643939,-0.03897481129062317,-0.011380280969613486,-0.014478735069022683,-0.11741911874049861,0.0033822862785240974,-0.135004676946629,0.0008102877956749097,0.0017584669217409648,0.03274082838768555,0.03503959195643387
471,0.005255398105702935,-0.12881251701974594,0.00374529808954922,0.014596855871891381,-0.08712043834414988,0.1167337092619564,0.014912205030994897,-0.09014404592190221,0.02040848802514944,0.0053425448764283226,0.06052760158415886,0.003396451112152203
472,-0.02381748659728068,-0.08112850585916868,-0.03785464220377966,0.006817381731123309,-0.03387123538914371,0.09022105724898577,-0.007747457086323901,-0.17688101658075112,0.01694148155142405,0.00907333335979928,-0.009109227705472374,-0.00212061936577134
473,0.05155575958508932,-0.09423207764231256,-0.02798349595841333,0.008127831006255427,-0.07394767147891426,0.03195303663683247,0.015890652469715518,-0.1418981695451826,-0.00143526617024851,-0.013178576170772843,-0.02378509008633877,0.056450995454470264
474,-0.0005247810566590013,-0.11752510535686056,-0.003303558965457844,-0.03823249071858152,-0.04612114524333729,0.12973717395429296,0.0005279226943427451,-0.009266630140558164,-0.0023894429300022773,0.00012207012328383631,-0.07497462727959739,-0.008246187089854251
475,0.04454675636383025,-0.1072172376576206,0.06035067188965147,-0.007748211472921871,-0.03713801991522883,0.11985616791755911,-0.009192506356323706,-0.16104964098730418,-0.0015988715033992465,-0.006763054285259966,0.03274003547932091,0.010276437271284437
476,0.003935190017526338,-0.11564393136691699,-0.003149014125934321,0.024117326870126004,-0.040215057969254384,0.09248712816210726,-0.0015863995056729493,-0.18002701635517918,0.001846561613671231,0.0002497800007439397,-0.023868646476729937,-0.008629375661905461
477,0.0011154184637275394,-0.07100410325877338,-0.04275316818313745,-0.006824053195545786,-0.02350525872780551,0.02799662600317023,0.002284288633979674,-0.1268971382060402,-0.002959088796153401,0.001815819676812554,-0.07768255641923433,-0.006240351203765948
478,0.03707389185969253,-0.08461046075992118,0.026920383836418524,-0.018739221399911483,-0.1033512153470411,0.07963285081954144,-0.0019040203478429588,-0.10802519465464336,0.0030752737386838423,-0.011623116970452655,-0.03969138058181507,0.016965608281963855
479,0.05733351266787779,-0.09159321888935486,-0.04078590244560367,-0.022804567951952553,-0.050603014302678384,0.0796707229304826,0.012394169010406087,-0.1389630707672585,-0.0016634423046027935,-0.0007383384490352823,0.04342297578043492,0.002110863802255284
480,0.0531392461522648,-0.07411724964387989,-0.017835909587619218,0.03131247446620462,-0.07740035989666597,0.09447578109062753,0.009798483138103255,-0.14912235483531455,0.01996096006352167,0.012144661850486545,0.002499982003741756,0.004012373649335785
481,0.0009221287381992938,-0.13938150173045685,0.09241941520830287,-0.02158731426131583,-0.014046168888311669,0.056267941936582154,0.0010754526702126139,-0.1555967952693161,-0.00515618508428892,-0.0068102219603610615,-0.026306205774369963,-0.01889428641886798
482,0.035365652380839115,-0.0995219726205471,0.04428959703291666,-0.003313066313875713,-0.04652026483943815,0.08302608430103571,-0.0033939488120227367,-0.17619649203513066,0.0024388226546053246,-0.007852709053911978,-0.08504953604365995,0.02550594028193398
483,-0.020351843251535096,-0.04771649198714084,0.005088020532151926,0.016836537088962898,-0.019343015272350206,0.12180526235973674,-0.0008127567722282172,-0.21671652300107216,-0.00014138876026438278,0.0010296111347690867,0.05892442998225428,0.01740316044834588
484,-0.016385686412107404,-0.10520353271567912,0.04646182857294348,-0.005658415908950926,-0.05618439661986643,-0.11594274202409983,0.005759008704957689,-0.10359626892468049,0.016830292853503296,0.007694502243469256,0.025409982431380713,0.042236651999435326
485,0.0032619508051154066,-0.10936995359612399,0.08559281830781415,-0.02174480124499848,-0.07392455793228796,-0.0510726216260395,0.007087614165890663,-0.10839212241924581,-0.0003723385046096533,-0.007568634702087256,0.011061202694054872,-0.008546460279791659
486,-0.051528772357251874,-0.10557721588533181,0.08073230228039538,-0.031049775653730134,-0.052688453565759685,0.05317723446794108,0.014443389799767668,-0.1303951916787518,-0.0011787411687919692,-0.002207054310286051,0.06469134583678846,0.008674834084354656
487,-0.014341433839794627,-0.15217545242155756,0.06809963196943164,0.06280394026404691,-0.008136945978257206,0.09728164661315447,0.005312893995311312,-0.1687555623639629,-0.0021679376520664173,-0.005872275503237171,0.0720189035741041,-0.029271546375811284
488,-0.01976139483962604,-0.1338265261086495,0.05510425445015197,-0.01444845150543635,-0.029043129217457928,0.09318910542275387,-0.0015247992524486636,-0.16119201586080048,-0.0014912583044998401,-0.0026811396438491423,0.01646568406081923,-0.010126202815751176
489,0.007159754761758589,-0.16163949895164956,0.07958594941518811,-0.0032662663590368405,-0.010097533146342987,0.09031211860333838,-8.380868884358492e-05,-0.17867332904908242,-0.0038145052992712017,-0.013222534471489104,0.06588792039651233,-0.019725935306559236
490,0.07971396520663535,-0.03720739825178764,-0.06748051152635832,0.06050400489438582,0.014085527758277545,0.11822836450188462,-0.007452103495967494,-0.20112096835122764,0.012997899229030815,0.0057916186758693745,-0.013786376923093676,-0.002495056429648273
491,-0.035356484983868244,-0.11445285864892474,0.0614414445616709,-0.013750820118246028,-0.032573580460342456,-0.07403400122823031,0.009602453796102408,-0.1225154048650578,0.0017260885696357283,-0.012875996171429847,-0.015026897467743246,0.010858038025982642
492,-0.05296244086299354,-0.1132676858999305,0.07612838506752602,-0.0046767930171015114,-0.14231156908377823,0.07017072593459979,0.0011534057200791412,-0.1869642578651831,0.0010616487978487787,0.0024008430966685093,0.02915901219467985,-0.004615347944916297
493,0.006136629139363171,-0.07561804615972623,-0.06812474754265302,0.006826773093195174,0.012291284591657594,0.11589777355302862,0.00871145395758691,-0.15194508280812768,0.015297345101719371,0.012629620876986285,0.08448108995985515,-0.002738896874705969
494,0.05213624876912268,-0.05545963622224278,-0.03644278775209175,-0.019770044312969668,-0.05333763019686691,-0.1471367084063714,0.01239255742136505,-0.08467626295033018,0.0001258245302332368,0.0031045557854164386,0.0386423827167517,-0.004606121125890363
495,0.040404858635874584,-0.1132161035783901,0.05611810021153504,0.006073650867547763,0.01187402956983631,0.12082122340537506,-0.01945156432024943,-0.11681799285955088,-0.0007206750293630727,-0.009732281160098513,0.022177707686909257,-0.010895944351781773
496,0.10654708377246132,-0.0938182889789278,0.08706645214089281,0.011180507732345005,-0.010851669744937401,-0.024636152040936676,0.007737428855867794,-0.15855038425072526,0.002516839528477182,0.0042416646174247815,0.01094773395898341,0.00012849660451508504
497,0.03889351055985486,-0.1012415667511818,0.0763766826086847,-0.005135453035079509,0.004764961365379234,0.09873592409625555,-0.0015802887525874652,-0.14915021467603728,-0.0036089646821910004,-0.007757771875242123,0.02700559398284938,0.03420558775697959
498,-0.02119002522729866,-0.10375665989633522,-0.004528488958135308,0.01550408386522824,-0.018274710620083498,0.10735121431078914,-0.0031351150294588125,-0.14511849850517863,0.00756004076922827,0.015282314902939416,0.0726946305316701,0.01000087701168461
499,0.08043186155352594,-0.09781563972181039,-0.040402147652219805,-0.002247845477836262,-0.082268787989164,0.09911372977249704,0.009250699442690366,-0.1337304328584879,-0.004383889580566854,-0.002051310894059552,0.026596658264960958,-0.008008865604170549
500,0.005466955917579888,-0.12130375631553321,-0.00026667104242642886,-0.008646851828540364,0.00657837055417723,0.11638543182608144,0.007199908970392688,-0.20286686827723763,0.0020085969916345176,-0.0010466422669306624,0.06697799746534952,0.023536962567266936
501,0.004352488652839804,-0.19750088364047863,0.06264599535200052,0.0733113284158664,-0.015995821831017838,0.12499905358167773,-0.0018561118827868524,0.09939457088749133,0.0009031294977991918,-0.009405223216621277,0.010544449888444524,-0.012031718987318066
502,0.05986271312999074,-0.08831467154748732,-0.04523088336547162,-0.004691692837929874,-0.07322981495512347,0.020866394319349998,0.020865110510600936,-0.14018269218157361,0.015015249992288326,0.006990079989911757,0.03873853521390823,0.08352554033631618
503,-0.03260095423347785,-0.18146444216197052,-0.017955204144377214,0.014566279069494214,0.007717777497042395,0.1356693746562392,-6.638952704124545e-05,0.09242881927698378,-0.00421753241937474,-0.003129647877711749,0.01578941100969743,-0.013131600916695657
504,0.029762475065425495,-0.08320081060111939,-0.05037080150048846,-0.030475884014919876,-0.006319262532877637,0.10995672751134039,-0.0174726318872863,-0.07356350723612949,-0.005350678310066544,-0.0015029213419933023,0.07550649669267594,0.0016500713341117685
505,0.04363071349139715,-0.22055395768453606,0.08467061723264714,0.03184919866072681,0.0369832171157494,0.15170175431505997,0.004633698322157943,0.12591653246607645,-0.004131226920422946,-0.0039462888832571905,0.02405755602002562,-0.017823457795277463
506,0.012319339254931266,0.010616139040993657,-0.002651644975136299,-0.04506043548245277,0.026438192772125665,-0.13779725500496073,0.0021370862797150977,0.10320170271385991,0.003095224661701314,0.005049186373776876,0.046126492292487324,-0.00469155854829714
507,-0.02459396420213427,-0.11639783100810974,-0.04826993581172386,-0.029718101880078767,-0.05340128307468063,0.13614920165754055,-0.0007164581870308694,-0.0023391005374116466,-0.0035809556144278712,-0.0010832136386973075,0.03537565666997424,0.02204908609406499
508,-0.016952523716138344,-0.0817918005438459,0.15048483238131208,0.05511445957095751,0.038634333300893345,0.1677919729212828,-0.005401110077815022,0.0892643437073646,0.0006066310738002058,-0.008382705050183127,0.053728463742153044,0.02142541320178065
509,-0.028356911195433494,-0.07738302012096127,-0.0644844468444436,0.02044388874574615,-0.0046958270202765,0.14241907602788811,-0.002614164581518178,0.10266992013646137,0.008435071798613114,-0.009918121196089553,-0.01758029508883987,0.013198693777705816
510,-0.01860113142697203,-0.09813630554677331,-0.007078236185997742,-0.028497540155235847,0.05921436433987833,0.05945249953890639,-0.0027855298822780767,-0.05827190025424957,0.010794916265309682,0.004813229652650713,0.0784450133409716,-0.0038824733987718155
511,-0.032063976678705614,0.08219900882347005,0.0077048527648212435,-0.023592477880491586,0.018280905312918462,0.17479966276035064,-0.008009503797320466,0.12412958013048608,-0.005427581518487249,-0.003764042328361745,0.017646602658341313,-0.02681219014817218
512,-0.025132009166896355,-0.01914011676553398,0.08885816229843886,-0.010316344263340486,0.036044962156410364,0.15411486847431627,0.0003252969142989439,0.15022733209397518,0.002651383674370791,0.0025955346841385883,0.017659585368488478,0.057955584144725236
513,0.0038576803919991016,-0.13167812283061772,0.024695542083334496,-0.007128464136990166,-0.04599140957121034,0.15068128068576958,-0.006474504932677024,0.032789428686155406,0.014544991317102123,0.007714233813865253,0.02587175878770014,0.024509573372050307
514,0.05052000897524104,-0.12421881786247446,0.009007208511892803,-0.04951608056200738,-0.02496020013571598,0.1375331495280119,0.0019172426631056854,0.1152548918140605,0.009510278432756866,0.005903177869897659,0.01898865152466312,0.10649055447218012
515,0.007656496922274702,0.0687897649503811,-0.09911301488603468,0.07446437883042199,0.027556265390811616,0.1710260855787596,0.014447486687109642,0.11276737108736305,-0.012127384209846714,-0.007609694864852884,0.025028701740806073,-0.016106231532210843
516,0.019968848058160057,0.03647942346249121,-0.07671404287003833,-0.00692274968957978,0.023469410699483075,0.1457957363206831,0.001047063832510796,0.09224495746855291,-0.0006443337422151998,-0.0007169127074034541,0.0011038854004475605,-0.011891591771133414
517,-0.025375333157292287,0.06451355356639443,-0.07250340609736673,0.014989094960855393,0.020048683054821277,0.15793319878113016,-0.007065462850263794,0.12748777038886613,0.006857517975536201,0.014696401274365853,0.03484175276197945,-0.004682577573039247
518,0.020547888402584463,0.03980770485139238,-0.09480847554196356,-0.011614999506136278,0.0031538572749266972,0.16206680867891077,-0.0047774607794943864,0.14262269817305095,-0.0070791211257005306,-0.006770918792255191,0.01902562118443563,-0.015903794233334212
519,-0.024335315441791638,0.06475156425882816,0.02516539324893954,0.010521464798283168,0.040051055328837265,0.19727570913475145,-0.004328132204628534,0.12464343545212346,-0.00798583771957292,0.000216423914046198,0.037076161564196554,-0.015089134264296434
520,0.0332614993504035,0.05535884725075675,-0.001908274153445866,0.006212297930807873,0.022267306656139386,0.1592487401002134,0.003499697146710934,0.0410121074189997,-0.00376723454030837,-0.007417683176726948,0.0004538753481208003,-0.014642153849427223
521,-0.024935849808754813,0.024474217707032304,-0.058976008764355506,-0.02226133463229998,0.002395421782386484,0.16542219283319284,-0.001675917746710237,0.06590332541006085,0.007088466000949366,-0.0003879612067150005,0.02469434590843945,-0.004107583680102602
522,-0.02275478245918203,0.05795088122982704,-0.10925121785150187,-0.014438242740516092,0.02076067133001676,0.1510712039078363,0.0008835524213025124,0.13104459888060999,-0.003847574301488974,-0.0015370912624978457,0.011583946272825999,0.0004821223802365379
523,0.040106212972378985,0.03497642613896838,-0.11975615440079318,-0.002365370773530169,0.02719578886346052,0.14067643464460208,0.019831880330295065,0.0719531845336128,0.0012696413643018833,-0.00844498534907118,0.00930410243348407,0.008653397794188118
524,0.020067324471846185,0.02824022695855152,-0.07435585453543797,-0.025549171028214423,0.02371139142995049,0.13859679852460893,0.00701336713932488,0.010217148815189462,0.009076271069580158,0.005200342190226417,0.005890059486187073,-0.007916424588820106
525,-0.018513506218277714,0.08155739830880425,0.05493247347005999,0.01053172412413677,0.027092593521299328,0.18319817051409387,0.00319982823977252,0.047788085512814306,-0.004332260962614189,-0.004621669863016131,0.05030607392685994,-0.01643314501052175
526,-0.020991291700360383,0.03973658511620971,-0.12458958154313404,-0.008532984004092671,0.029982549012169984,0.13977690502681114,0.0013067677529540501,0.1512773755733297,0.0024251496507231986,-0.01158402146386564,0.017275755136060764,-0.00033148942427336603
527,-0.052742969365201314,0.028566277550983767,-0.10634627600342572,-0.02196445419876925,0.03000674671439916,0.10371351099556703,0.005353602629876809,0.1590083473818945,0.004962866661431664,0.0003961547406029373,0.006461692254391016,0.04351221047921517
528,-0.01989013458692065,0.032028334949598204,-0.06746699509493702,0.00974181386364281,0.020494636892922514,0.16066418187337433,-0.003866711693168346,0.10719238743156921,-0.00323815044464063,0.003244498650504729,0.00754771885430724,-0.015376870171047646
529,-0.0633099483284747,0.023263139729633817,-0.09914262539061888,-0.0015747345124011768,0.02182381955959952,0.1362863854719221,-0.001968046455380577,0.08143500216877396,-0.000321894772492043,-0.004844681157298526,0.04293546878472606,-0.015216390381438922
530,-0.03619502321460252,-0.06112679544772322,-0.09242616849950067,0.013499696496649213,0.0041570281394367045,0.14078701046349681,0.014198980697162255,0.12302354066247546,0.018024267704066354,0.008573658960158435,0.013014148344547638,-0.016470721872672806
531,0.05107238554853164,0.09314151016694709,0.05795760907447434,-0.0842562685673794,0.01877514323155878,0.11606283641991248,0.0038690331623905568,0.13986591640814985,-0.004631014099467602,0.005903217809929018,0.06576375070383975,-0.001281580918248917
532,0.017164970369870483,0.05621975357225391,-0.09832631565937476,-0.0016515968331832951,0.02188555707768156,0.12905309858701566,-6.0094307101629484e-05,0.12226135596741615,-0.0010971697749886109,-0.016440673483517604,0.014774273569293702,-0.005651364275930424
533,0.027414334230746313,0.02858274488701991,-0.046544513329776896,0.01733176737781598,-0.008742928555631092,0.1806862003388047,0.006996723679175306,0.11902124017223363,0.007517992923210331,0.003247238772627576,0.03352957948633957,-0.003827722090631327
534,-0.03196769728910723,0.06619597703614084,-0.051168850343585676,-0.01344641500555038,0.02273503734149183,0.16032396442118313,-0.013562187948001887,0.11086192763489697,-0.0004897460521765632,5.541777574566381e-05,0.027928389812625597,-0.02360549024365227
535,0.0880579991773282,0.037542216145989765,-0.057609850610818955,-0.0006431861076091781,0.019018114196457752,0.04459914392922293,0.010719571718557135,0.11262213501826446,0.015047897921069756,0.00746488317190328,0.006744470618214047,-0.0027697390461779068
536,0.031163519010100213,0.042367180742120585,-0.12171996209412862,-0.005629555852647349,0.019463076618212425,0.10762448712158289,-1.8766018470388897e-05,0.018300689898596897,0.00031972488828776405,-0.008203409834599877,-0.0006249844205186373,0.031143893588505583
537,0.044629320548435915,0.021022433170031874,-0.11616568687753903,0.006223988595634637,0.01825434384229642,0.1478426351471476,-0.00023672383999474834,0.06443674385701696,0.0034930640951351074,-0.0078784559005372,0.019129278498537575,0.007455016653679159
538,0.016114660653797727,0.038685147995386415,-0.12103707495950289,-0.0008166200363916364,0.019609875669845112,0.14218660452846726,-0.0030636800667412454,0.1447797651847312,0.0018453360987707409,0.004000680337282492,0.006699735472844872,-2.0766481269515484e-07
539,0.02071287747017993,0.06168249374491672,-0.047643767993908716,0.0031729600241774225,0.023370291583895624,0.1602729709427986,0.0003718054307445714,0.0611088861799157,0.0006086426403359864,0.0013055649506501235,9.266044154904627e-05,0.005008969739259407
540,0.06675031071512402,-0.0651347227590688,-0.005148237080378948,-0.031142266250351436,0.03720024228054835,0.16345242748653835,-0.00873640922204156,0.06788680418883251,-0.0016332639097193528,-0.007165291025730501,0.005258284271946439,-0.01394885279147774
541,0.04058153891743262,0.05725532922404429,0.1093239934994904,0.025525252247935674,-0.024135512395528518,0.2276243491918323,0.010321318123849926,0.10532325300662695,0.012924736447405221,0.010151557114793076,0.04330166974925801,0.012095611895946823
542,-0.08813287382507252,0.03387049932526332,0.027928963140588414,0.07840013610516254,0.03424497405975122,0.15062817769728398,-0.00032707680639824515,0.1644511781306112,-0.004312211791028192,-0.0008878451764153688,0.0041974119799925245,-0.01914628621142751
543,0.022514219206900495,-0.05766643253085289,0.011293527746525768,0.002788175167594757,-0.013788918674591845,0.154259673995312,-0.01891415932483129,0.11791165014301583,0.014843919422970484,0.021395059797807196,0.03193337719734996,-0.021207886024561893
544,-0.02141539694953561,0.09644823528578891,0.07266810353971738,-0.04052657190092656,0.011441295216807989,0.19262681855959443,4.171016448505587e-05,0.15544574403407022,0.0018075554982249068,-0.003964164571959923,0.05013177427055565,-0.0003485875092044659
545,-0.021309954968668623,0.04745911864503238,-0.11481521718423637,0.0029856425379965698,0.006401914846361497,0.15511579683074836,-0.011229784017242592,0.13430323110204384,0.0061186251528879895,0.004812666150476103,0.028758037038799006,0.014798534364056082
546,-0.015443669772976287,0.07714827816202792,0.07918772997155359,0.023075162480737793,0.04114738298640178,0.18918431607813593,-0.013901828343362729,0.1337075254973586,-0.0008358757658108053,-0.00034322155390972104,0.050539350734595645,-0.004819392788645165
547,-0.019157999355886603,0.041040981072870894,0.008166198471539828,0.004678671729675883,0.0287501278569916,0.17056900026826327,-0.002572140602818969,0.0316069165866325,0.004399015715705762,-0.0073607209652370624,0.0011591018090658894,-0.02036195102077663
548,-0.07360882751821923,0.03896611561705481,-0.049742315948352205,-0.007821749494393192,0.03094168228770414,0.15455945971466656,-0.0010748223718523755,0.11081186909752841,-0.006658728802776092,-0.00336376862318232,0.001217662823578235,-0.0004023879792749486
549,-0.022567935269846597,0.030840464883642126,0.04781468782629986,-0.02604337059086192,0.028177136325273185,0.19222886338575335,-0.005553812956255004,0.11513611391131433,-0.00522724484485741,-0.0005976964189573728,0.03995583293513728,-0.026152580317807168
550,-0.033534924544202004,-0.01561357112568272,-0.0775038094214953,0.018110606194505795,0.01828470625144981,0.1485346863766365,-0.012934203995188465,0.12740484027800314,-0.009649139961491644,-0.008792094781320663,0.008599620816243764,0.013556608638508277
551,-0.025659893547900957,-0.017178677258783637,0.06445438494883696,0.04412725361895043,0.04031707778684623,0.16310867572643842,0.005894587259205291,0.09728167441790907,-0.0006903045489034318,0.0008474702038247354,0.042190518512323555,-0.0109900520156464
552,0.056582525736577266,-0.06271047959343685,0.055314318670966034,0.016399061557872234,0.0348817013962759,0.17686401112586578,0.007481834620167095,0.107511670435781,0.016185201517053643,0.014622934591083518,0.04379939816541952,-0.010265200807772512
553,-0.06562038767248615,-0.08008664325304207,0.10344914868380943,0.017453425323171786,0.04601377271908052,0.15723869409892957,-0.0003736383893226232,0.08297691758955736,-0.0024528231758955497,0.004414732605980052,-0.009463814314937282,0.009087846006019588
554,0.007442972664361063,0.109075413934293,0.010065589857058048,0.013878620516141998,0.07302884738388925,0.18508303234459872,-0.014606692790380602,-0.10375211582814813,0.013609108421915775,0.004912200031539248,0.14264917617920486,-0.008585141233752919
555,-0.0178604726005421,-0.09785480449860892,0.02233606524666449,-0.025688297150058652,0.07922924632141572,0.12836033105473835,-0.004994397133671146,-0.08784988689096335,-0.003179021925564643,-0.014420182457676954,0.09175133134886522,0.014193602931897151
556,-0.030251292528775175,-0.08503882019704559,0.0669828870093915,-0.055159783494699334,0.04665921823208039,0.132686377054883,-0.005625682694600551,0.09459596728566108,-0.0031150620254211834,0.002582212087729297,0.04363045592868478,-0.004586391853416064
557,-0.01963055002039838,0.02490278113327726,-0.07597974878536089,-0.011642834369007012,0.021769805162078736,0.15213110043751074,0.0013786720558025157,0.06234840234904144,-0.005829252747137662,-0.006269942826219341,-0.016273381091816315,-0.004022577212618229
558,-0.027508560516831076,-0.09814203659588452,0.0825841708292716,-0.022853515477954844,0.03168906001739277,0.15346568305007663,0.0020014596601829666,0.0964283927692017,-0.006056004689385046,-0.0037035898259838024,0.037061950701862544,-0.02369065697820253
559,-0.0779490520448357,-0.14252261050845597,0.01111150217546361,-0.0022210757010502984,0.04249518095725811,0.14250124245325096,-0.0010300897099803918,0.11774115263181448,0.010715808240304485,0.005686920095144888,-0.00802724802615327,-0.03086408926759372
560,-0.07381892622931965,-0.15041125931553007,0.014362436748444259,0.006722839561260469,0.02664232558522656,0.1501401967718252,0.0056928891468421994,0.11109907287016849,0.006838658225330126,0.0022365059628410675,-0.002140135295528639,-0.02713145932036526
561,0.008200085621262752,-0.17418402094730578,0.03854505400612543,0.008715345059947465,-0.010292716104585526,0.16355049985528314,-0.013991601276586406,0.08869579739282149,0.006186768213424384,0.0026616870358615154,0.02262417787456281,0.014091110922477288
562,0.05165608756276692,-0.1131777584687973,0.05104040315986755,-0.004218711842692133,0.04847826583086792,0.14891595926089055,0.008509248582534323,-0.09822600301033133,0.017522436743654248,0.010161051063404848,0.1031829270630316,-0.016563334692033766
563,0.017215764517823817,-0.004288594520764777,-0.07411014113000747,0.02102893429088474,0.012182021168557882,0.16637771872035584,-0.006142317208408534,0.08900733337743585,-0.004792766727581364,-0.0007603507465243137,0.04084615256530134,-0.008365822768473119
564,0.02750811981260681,0.07375312343291462,0.04746101831818354,-0.029207740400836717,0.021381483688438896,0.16606492823198396,-0.0025946851621535456,0.12566465388636017,-0.004996993487340801,-0.0043497013771446056,1.438267927910789e-05,-0.031204637558579714
565,-0.03625359346049653,-0.18719989480469074,-0.01008428556668417,0.008501311731810467,0.0012973778473399828,0.1302113812359556,0.002523725789849069,0.08765105277923278,0.0033904191054408266,0.0040930657536353285,0.018581061513390472,0.014188676771185623
566,-0.04029645944956615,-0.10550025070173298,-0.05525544749902703,-0.03787688790224081,0.030010356317136992,0.15480609281099647,0.002960255351716284,0.11821720025266771,0.008078069122862745,-0.006660551486556937,0.015721349969148844,-0.018414023000404647
567,0.051259904193382125,-0.08465748875171829,0.10644264142968478,-0.003318016830987887,0.034766041480353914,0.1645008449833185,-0.004877001051338893,0.08828946372992026,0.022327976089342224,0.011578688124357372,0.04706508680963972,-0.0025131341464890767
568,-0.03588079516752333,-0.19453662637900143,-0.024189092517383978,-0.019450690416917788,-0.006857013201974356,0.13017125298863055,0.0012683621348535314,0.08504492297288928,-0.002358093359401467,-0.008169902445635473,0.026734465128046964,-0.016277816652414102
569,-0.0783129713446133,-0.13726425985974586,-0.018050916260640145,0.058430448874029976,0.04052418602544928,0.1518730740046801,-0.0017581610699872376,0.07546536800793802,-0.00047444842372536175,0.0017407278083760372,0.010944974718146703,-0.020433380184007147
570,-0.017652437824433626,-0.08455978164434828,0.09148523613066019,0.0834885837185861,-0.006044676210022189,0.1957202427897869,-0.01714126637197594,0.086949426157122,-0.004536931103810709,-0.005974199310259278,0.03695933533626358,-0.01245911280893458
571,0.03223449681606368,-0.12812909296716024,-0.02928524653059029,0.02368755926583173,-0.13793858609490395,0.12809946841682276,0.0006267730462281116,0.02461387679248384,-0.0007820162742614433,-0.015012258912933717,-0.043900312397002594,-0.009131227904461888
572,-0.021624247032923163,-0.19831735236176024,0.07641967553609376,-0.03489234723912458,-0.09659156084792136,0.15196079465349607,-0.0018213092508217435,0.037837426364446904,-0.003858096490505491,0.006830228911646696,0.03475180324719037,0.005457610253087486
573,-0.015305232952549852,-0.09195029041822454,-0.0014593082074240479,-0.013291740904236854,-0.06357310338299899,-0.10789681827383718,-0.003133566984900406,-0.11034738682773707,-0.0015275880454229031,-0.00787384959560455,0.014708126996533176,-0.01164064901476191
574,0.030129627143584074,-0.07374009469928228,0.18980636144102464,-0.033668731950857865,-0.007644137549369599,-0.08408332340628884,-0.005560677673149415,-0.09076379117038925,-0.003201712246117271,-0.012562005760708563,0.05776999521773683,0.0015290420808849812
575,-0.003853854112231429,-0.10495206975772492,0.10858681544099244,0.011489485662779126,-0.019656872249181806,0.1176789213895,0.012801543539919658,-0.1521403973121824,0.01979622663563916,0.018214297850519267,0.07665337740047143,0.01227296225761036
576,-0.020715275270892022,-0.15944851160248247,0.08243915635943866,-0.0028171226543470926,-0.022719721724844412,0.09919806250952308,-0.0026587209576068383,-0.10155914532879319,-0.0036023621181115986,-0.010481605136927601,0.062124827350121495,-0.0196538163782015
577,0.001729299831864209,-0.10230202931790278,0.10216371695653399,0.0019727241909598976,0.021903531951327847,0.11337230006990708,0.0009044665257052295,-0.13403738703089887,-0.0038112871877449776,-0.001965539133792299,0.09178232505450068,0.023770128650615955
578,-0.04962628759128181,-0.07152727729404744,0.17545296287669193,0.03383299117626649,0.021690112412599587,0.12179596171494628,0.009027576202242012,-0.1421230839800348,-0.0028071873868519524,-0.006874441136875816,0.1053485959082343,-0.017066294629712417
579,-0.0159110868770578,-0.16572006120391627,0.19947005524432196,0.011120491349552468,0.032540942587820205,0.14342908009003547,-0.0014685555222928937,0.08853598133334616,0.0018260399868125403,0.0010930096739036937,0.00697629001582736,0.018310376094660807
580,-0.017869425178352036,-0.25454637982730927,0.015518752943697577,0.004171078607996331,-0.1433864911473883,0.12174642205217541,-0.012195246006282226,0.08284295779819065,-0.0005598353754035039,-0.01477717400081813,0.034289791171752015,0.07915596867124022
581,-0.011717966163659915,-0.10657034216126879,0.08168612878450966,-0.01670369041431973,-0.04106305202511251,-0.09505566989346792,0.0014788407906866897,-0.06620693270517869,-0.002956099950963564,-0.0074872574184736,0.022545787177588192,-0.008181461026164306
582,-0.006809307124425471,-0.09335369204621068,0.14150946358369978,-0.021419090839087787,-0.020309491152373856,0.08770401327792268,0.004743451022142233,-0.1898628047902346,-0.0013522329452482719,-0.005486764734980907,-0.003635235262677974,-0.0013102551784855278
583,0.012223513395235534,-0.10280236722851287,0.14386780451132014,-0.019686142751009623,-0.016105891525657657,-0.05468923274303689,-0.01416646133922487,-0.10403122792716549,0.001812750535421976,-0.01105133117716529,0.005578789932442753,0.027301909988509846
584,-0.016429764888379033,-0.10255006127132671,0.0423058041502018,-0.0006969458367815281,-0.05647188436057155,-0.05526572721767234,0.013387355896726225,-0.1174706236969478,0.0005462739778587511,0.007844703149512125,-0.009546665570550786,0.09577501564469833
585,0.039103535074128934,-0.12075465251927933,0.09772076010773384,-0.027349097358544443,-0.02819785527323708,0.10087327941047822,-0.007838796297524526,-0.1505883350295345,-0.0028262215004298008,-0.018067686991149353,-0.010662104190189231,0.043687617934345974
586,0.0020214708233909848,0.008520313687079995,0.07348723729534759,0.03764985855887893,-0.10706487325315653,0.09389444976399175,0.03760293642458825,-0.21003266905820944,-0.007811283310912856,-0.011416648800401481,-0.009026257457742187,0.0064569828263924605
587,0.00441065679223787,-0.12753729061613694,0.061252253792437525,-0.004366314033110008,-0.10080938083662791,0.02672882084335949,-0.008119270408912563,-0.19909285766172594,0.00199733696313035,-0.0067372014836361484,-0.005949827119304956,0.027145906900685454
588,-0.05015182373312944,-0.09050951495746526,-0.047545421468239354,-0.015042302136859087,-0.03183660789685593,0.02776180887914146,0.002596951505326001,-0.12874637305786954,-0.0020163720394196145,-0.0072893050622751384,-0.0104084952832549,-0.013644538224137626
589,-0.062438728125460106,-0.09023870749638609,0.14910391769568615,-0.020551525243024095,-0.137029547520778,0.045807106467963474,-0.0007275281510598984,-0.12901200107424401,-0.0031770106362437184,-0.004377415535829505,0.04523979173116522,-0.010566931309858342
590,0.06562155687218671,-0.1325364678816704,0.006991496240006407,0.023176339347350916,0.016382316766551424,0.09223772529417834,0.008923870401206046,-0.17192938575671024,-0.0070111142155043155,-0.007615658525256635,-0.04068379436756027,-0.011458392006626265
591,-0.011751157036864907,-0.06719033779304001,-0.03540126641713061,-0.012648903069215636,-0.04864054740772182,-0.08752586460993943,0.009861137286608973,-0.11880764409257714,-0.0019726118805062235,0.0002502080439343119,0.009084361952116187,0.0017007757288858318
592,0.021952799662341406,-0.11465354964823435,0.13735940027267401,-0.020424457084951903,-0.022754128814849263,-0.08154253269392608,0.0015754902284117397,-0.05441812886747693,-0.004273340167782143,-0.006047695714382615,0.04895264774380585,-0.03335143657495452
593,0.0022879257434239384,-0.083594313328462,-0.0055368936039501895,-0.021703818518316945,-0.05713501548005976,-0.06905172209979908,-0.002402278374456226,-0.1112064691839134,-0.0002720538482184612,-0.007419257957478682,0.024202233385475395,-0.009062852573733158
594,-0.0759550625204192,-0.21839996606661471,0.07315674043207238,0.018232232430732194,-0.027790530523392133,0.11880911013630255,0.002006013564537881,0.10089789625256693,-0.0036366155915896203,-0.00401456474098524,-0.018669281067911676,-0.011333202068370655
595,0.059805600495651264,-0.043349636416362296,-0.049390801936600184,-0.005589201421055256,-0.060264544937623586,-0.01805832750877057,0.006905185961596773,-0.10741845097676817,-0.0029280210042586094,-0.0016517716003887329,-0.03554292779899103,-0.004649746482773328
596,0.008973360059707315,-0.13887586966919452,0.07684562792230323,-0.031669861579824904,-0.02944483215351128,0.0926656260189005,0.004878930851575574,-0.1714191248087288,0.013086920175355675,0.015430227464365646,0.058591786286128544,-0.0008652367599283185
597,-0.021659025483288255,-0.06865168054100997,-0.05990331907168896,0.0010812326729437982,-0.043832402744291954,0.08880053539809174,-0.007469237171558973,-0.15209866427133753,0.008335754371548263,0.01602986213842631,0.0007056268663702825,0.0001829626792906008
598,-0.025283946194230585,-0.08468955243529051,-0.05161384065106704,-0.000848693175466335,-0.054329223221368704,0.09362824179670814,0.009380613722813845,-0.14704716232030832,0.028452459526479422,0.0076072136485254415,0.016496765182485496,-0.0005452410157549865
599,0.03467079368439504,-0.09451547317919778,-0.02406942882092791,-0.0009175117594093769,-0.08590156536442253,0.07899963254861965,0.0089835064501812,-0.22743490627511645,-0.00036805524262863534,0.003186149413360273,-0.012359006211434783,0.06668445670622472
600,0.02883960797270146,-0.08222650833357205,-0.03343697388075553,-0.021810412849554123,-0.013505223180826633,-0.08808480156804893,-0.000667098454625985,-0.09510323459416772,-0.004344349929693496,-0.005449754888651849,0.021651322293893126,-0.009745774255004365
601,-0.01933984229126572,0.033062036201049666,-0.11697175157412773,0.007885767465194862,0.02332095927256983,0.14259430863137548,-0.005079046006619421,0.06240227643369194,-0.0018354043649819606,-0.0004455231655348296,0.030145861400684638,0.0030440627750646944
602,0.006414041657796244,0.04055444501452645,-0.00849395589619613,-0.02770643073883973,0.02287497863073795,0.09068413878401968,-0.0033920376607511305,0.019961094333185735,0.00480174955125486,0.005593024007115059,-0.008932998089585772,0.0027813478218429457
603,-0.02309608358115216,0.015163385948872862,-0.11885599364759812,0.002905613596210867,0.02498134058874795,0.14528782864648365,-0.0036510192157555663,0.07578084802989817,0.0028547866735317766,-0.010452300317574948,0.011532612101066637,-0.0014188164710795149
604,-0.01832403221182754,0.03020936425923311,-0.1232665258103754,-0.011881711076861631,0.02113453099855102,0.09294560068525388,-0.0009845647794194416,0.023683021744443294,-0.0024957982413364894,-0.000286101103956218,0.0005219768229574312,-0.004879702720670751
605,0.011357439341667875,0.03508399304299518,-0.10991934954911897,-0.0047854494274032905,0.01137296601752557,0.12641741769794682,-0.001197478584275705,0.02919472157182953,-0.0009194654690215263,-0.004788133861998215,0.012155506893886949,-0.007250335284897947
606,-0.015892930543606864,0.030204685228221288,-0.09260524260705566,0.0007076949321394911,0.01853177600911987,0.1458183799542094,0.0018156693780232082,0.026129819579145598,-0.0014068677754017509,-0.00017855830844899347,0.002698545466543508,-0.010544449767176054
607,0.03628587574698623,0.03126192214160771,-0.08806774280945853,-0.0031523402582184375,0.020677707385735503,0.14335468449306266,-0.0014895103210684929,0.04628848504410927,0.006889971257712661,0.0023302435882344335,0.0033156130084252373,0.0011462403788702325
608,-0.02284852952353173,0.014616128509830626,-0.10037970625910408,0.03309003262811007,0.025748649025169032,0.15179101476719703,-0.0013014564358061606,0.0841812106527327,0.0019001861460471504,-0.0012863113812191886,0.02720877658086782,-0.005123263891002931
609,0.007691574416974981,0.02514886419651425,-0.09292146466208909,0.005588941038920612,0.01747509780584717,0.13357298849008073,-0.009702814887168149,0.027321108498068274,-0.002693485251268734,-0.001218226121106996,0.005734254926288832,-0.009721498393791926
610,0.016489949065591973,0.03578730526155506,-0.11990105609722912,0.004378387452223597,0.019181695794033667,0.12978819920894405,0.004139410494804658,0.04444192097476855,0.0007425836624938357,0.0010254529664579816,0.03211536876855925,-0.0033649685057084403
611,-0.022301031372863014,0.03803700062395624,-0.1038404867332309,-0.00026046282106558595,0.01292647104349131,0.13471750612038022,-0.0002314656795229123,0.01609309857259897,0.006736222733539354,0.003846302752146117,-0.015816614090217607,-0.008277533434801186
612,-0.01736425512022971,0.04403801232408999,-0.10360136846536733,-0.021631692446587872,0.01834544342992233,0.07123168469851869,-0.0007790584749265,0.08597602316689854,0.0004603091007006765,-0.001981093087531099,-0.008932131152838991,-0.008009242473608211
613,-0.05812234839990407,0.03851432429846551,-0.07913305869714109,-0.018923840741501986,0.028633007717582187,0.1561872027146575,0.010887987625899808,0.06154965401072565,0.012505167905733682,0.014483448740005931,0.007590601766627607,0.021611037653976827
614,-0.01712637253356371,0.02572007434349008,-0.1195913742545778,-0.021475949865157315,0.018394313805711958,0.09274216960446224,0.0032768105663834326,0.07246078321986518,0.004631665635394174,0.001899284511859371,0.027352775407337472,-0.0010489862013711938
615,-0.025510564950593572,0.057899287602081385,-0.0167659283988504,-0.021965969547567587,0.022264910450026834,0.13068745145559701,0.0028418748906073417,0.06422703520585714,-0.00011331949799618771,-0.001795973103729907,-0.01307983537563568,-0.016040001909957587
616,0.015204559512743517,0.04503297662932163,-0.1283943110834898,0.00867299030547405,0.002529053534821554,0.11787213146223012,-0.010810182045488588,0.10712118995955028,0.007546454675822888,0.005445556479253235,0.008849073781946428,0.012598694129252049
617,0.08024847992740994,0.03909992403295109,-0.1332662478403818,0.0013773894563113044,0.03809212588561333,0.15366723081817876,0.00012731622083713662,0.1704304194070737,0.004976996207319229,-0.009942907607300657,0.005857516742494263,0.012699168417814193
618,-0.021879780383158378,0.03964122200941121,-0.08918409068839897,-0.0007858757962721846,0.020755032325812335,0.13845253472173955,-0.00038509515710392325,0.010778396923148408,0.006113252970890793,0.006434323375855597,-0.01768744070374563,-0.00013311845696599157
619,-0.022519666228429706,0.017441079368928778,-0.1143381338198978,0.012080893469710419,0.02813465709191755,0.14414324544136486,-0.001201001802758781,0.07439569582778653,0.001136433817106511,-0.009495123933114902,0.014699761311504973,0.002880775778734026
620,0.033071790838720666,0.050118234972978355,-0.11524589897713143,0.01776083988739856,0.026099246840216927,0.16048021160643047,-0.000867735493936184,0.11083852183535939,-0.003943485845101965,-0.005047215981008787,0.01132999028686571,0.017773823407362964
621,-0.06708920250204572,0.03991080761272707,-0.12379065908576481,-0.020159824048771924,0.031095838884982945,0.1463089877379605,-0.008455420691832544,0.1557447690587543,-0.0001296466733087906,-0.011353017453834888,0.015771147523784015,0.0076276968364407645
622,-0.04573132807200542,0.042308933106949206,-0.08205967431666654,-0.006080630504100948,0.025600752069258128,0.10165696220951616,-0.0005616005206955149,0.09711238634892744,-0.0014047191005782287,0.0010636042303335048,0.012618030719885064,0.0037998069015755995
623,0.014751310907419119,0.07976553689589352,-0.07132917519953175,0.01593175186792992,0.03148755185365715,0.1678117215871848,-0.004718235086236383,0.1098298577212788,0.0010262684515301589,0.0058014557784345526,0.05785613074285064,-0.009263508271833578
624,0.014153014182243242,0.05196724008488156,-0.08817605513090145,-0.026288330273131197,0.01886581189937127,0.16218689869668454,-0.007201067302815202,0.0938373331132586,0.005302565569219245,0.006451655844207785,0.045818210103387186,-0.0022518704949505072
625,-0.023238643597794633,0.022826945323424375,-0.13806011465495902,-0.009295979778343405,0.02011420021943162,0.10853443441127904,0.0027162327271192544,0.05570128656114879,-0.0011015691278677838,-0.006807239785523999,-0.005909544193972816,-0.0009686081774950985
626,0.012344920368670041,0.052185694505937574,-0.08841334802672063,-0.020743478418485332,0.0075235088323839915,0.11404444093729217,-0.0015553158247235586,0.028935434955191956,-7.565749702596053e-05,0.006209486451099465,0.0019112475691879318,-0.006661914632239194
627,-0.023002404711418796,0.055664771661095354,-0.07229304786639805,0.0033160952376900914,0.020866029661100762,0.13246838263360441,0.004214177718926553,0.00439258503674249,-0.004134906642221016,-0.0008477089704350033,-0.031053971289292465,-0.015734237213287355
628,-0.04589935180800723,0.04296000148300041,-0.08408490889342743,0.00868039330638061,0.01988816482364583,0.11463952516112383,0.005786088990574042,0.11975298643570366,0.013305220159027154,0.009539270491945386,-0.01953164359026245,8.735636562055755e-05
629,-0.020207292638859703,0.02927568170115759,-0.09438582030205467,-0.013870806628297622,0.02141162366293984,0.013728766241330395,0.0023649653102977143,0.060630737081116264,-0.0020521286728038815,0.005590134678935909,-0.0017591505078915525,-0.002651436814503595
630,0.0093263054599633,0.09460182879507961,0.0486510262954051,-0.04631695641645126,0.030588967221958967,0.1729325982276925,9.917072301455443e-06,0.11139072217802469,-0.0024252822955140017,-0.010810641381280683,0.03894337839661382,-0.0007537921342269726
631,-0.07604076660354321,0.07716134784513316,0.03065229119010114,-0.04483636056536592,0.03558938688881558,0.17460023178355324,-0.00397774781804024,0.16049272612016544,0.0009415719854994942,0.0017343908587627904,0.019427126390455282,0.021598393945916897
632,0.018283279049468224,0.06675960322658923,-0.09570820543407692,0.00947851655061995,0.022358289789353152,0.1773883104829039,0.011190616409472618,0.13750286631864347,0.008081421634285945,0.0049816945693495,0.042692672271355245,0.048376802290334454
633,0.014008361821367816,0.046964094250503206,-0.10927993422234848,0.009761100614013484,0.01933869899559863,0.16484326853606757,0.001918884560765342,0.06737528466542919,0.009588321346162878,0.006215754250725531,0.008633326574677922,-0.003111942605840055
634,-0.012387751482665485,0.045902975822998376,0.007903172658933083,-0.04708934753368744,0.003711372704878335,-0.2377053344376212,-0.001213292300390489,0.08005726885131641,0.0015178548007265208,-0.002584831985017475,0.02649861214191521,0.013265122404367002
635,0.006491006494653059,-0.13640856656532052,0.04066736344041017,0.015088020592622414,-0.0013023305009893032,0.17513644954996294,-0.011342246817959083,0.08636111025861473,0.0018985459685828886,-0.01076639319878989,0.029177467162899307,0.019828784415866142
636,-0.024319158841432542,-0.053435382396777725,0.00891276224501031,-0.048038286065334265,0.039307922606953934,-0.050116437139536354,0.0019491441118688587,0.10126860372279951,-0.002011408424525599,-0.001464717242309767,0.04540028984267642,-0.01693299275740872
637,-0.020975158817417048,0.04185135079913971,-0.12086256511272123,-0.005727047825896984,0.01784640202740117,0.10589500967930789,0.00022590114385371096,0.05152368863532092,-0.0010293279551036774,-0.0036884662641879576,0.002565110730978974,-0.008958278100551638
638,-0.028643496861019923,-0.06557327724347434,0.12402893848905298,-0.007854971029397915,-0.010802812349920133,0.16983902196910586,-0.005789532931079587,0.1309469227318917,0.009500578431158266,0.0026488206319141305,0.014474850618551098,-0.017061619856046345
639,-0.014016722039948184,0.07165184672918033,0.10363041307094514,-0.05119483058931122,-0.003682167656345398,0.17383803348218627,-0.008986938335851133,0.10421959964990665,0.006532188281576917,0.0028372161253449957,0.031674976388612594,-0.012567260325976774
640,0.01570944832640253,0.0458102374568885,-0.07972415122031883,-0.0059852459545048625,0.021602441721059688,0.13301621236985622,-0.0034168037774860906,0.09495907520399824,-0.0008728936305853219,-0.011531007026484076,-0.0049801245459747505,0.04511283559072173
641,-0.025800230637288143,-0.1629674114138542,-0.016613251371557503,-0.04500280304263128,-0.011272435714701275,0.04171188602278849,-0.005685772396646444,0.0773236203156382,-0.001647437047301042,-0.006327083121823241,0.019259013071709425,-0.012629175046634009
642,-0.034399256534841785,-0.18468863162482943,-0.004152350096940003,0.0036774163024000744,0.0350271885298071,0.07716447283259412,-0.005031440656277737,0.0950611259772472,-0.002586603069964035,-0.005574082348625149,0.03419832664253636,-0.014025220022662044
643,-0.03697253609418931,-0.08481419504913087,-0.06527247144794752,0.004986618452970244,0.023077302358210896,0.04631931264224701,-0.005875330979802316,0.11736350190432898,0.007228246370375581,-0.000431625950009316,-0.00014316348776229507,-0.016428801815347706
644,-0.011052689741789506,-0.058391219397917624,-0.06001713012689944,-0.018681499821932568,0.023667055432063405,-0.1429688828201342,0.002673460374054921,-0.05321343743919794,0.0050308747204106784,-0.01464183962645512,0.05178928966845145,0.0014502855670987256
645,7.627288170915536e-05,-0.1255404682088259,0.011231302590170208,0.022138380802571862,-0.07651727969794729,0.09743710801233538,0.012574276293352121,-0.14679056217476485,0.023785642146934738,0.018015241691118677,-0.011369491107320018,0.07001341633218203
646,-0.03207018857049993,-0.172739527598417,-0.04674538794228025,0.0038673765885647465,-0.12977760469662403,0.08423763580239829,-0.0010795012744357784,0.06389462911095464,0.008781392867481003,0.0034214634256582318,-0.04836121401620882,0.06185095685645828
647,-0.018514796891348644,-0.06185356979275109,-0.04838841759501929,-0.020676023007559243,-0.025280025664502936,-0.048216457159893276,-0.00045207000329424834,-0.10684688994678038,-0.0035190993400361385,-0.004282157870795273,0.0286444579060027,-0.003465226417520966
648,-0.06830007678671296,-0.08492973464176962,-0.020611960173327865,0.0046275109222818,-0.027232481965995252,0.12135491170671224,0.00935148234321597,-0.12130469096082244,0.02286345682655522,0.012058000426718557,0.07666765696117417,0.010565286294269128
649,0.05349867156041104,-0.05780344677337332,-0.06998434041861355,0.05123532058917064,-0.02553301458250321,0.12657623786495634,0.012656194969025184,-0.12206883876088341,0.00035932360660950903,-0.0004056837016363901,0.06916516861071247,-0.0012454407757326138
650,-0.024617444646504155,-0.09898745881008301,-0.002441825618607089,0.010426462081585543,-0.02826632976750713,0.08993745528567215,0.0028065042067766475,-0.18243288221746598,0.0009586510835756624,0.003873638060164667,0.022797431653102756,0.02035752604115559
651,0.00510717272547591,-0.08091569874858856,-0.010197249009873658,-0.01751298176775741,-0.03930809737847852,-0.11618001112836787,-0.0017023373353934582,-0.10167332855782893,0.014449091454353778,0.004217566182501257,0.011945599289703446,0.005646364635751542
652,-0.07202842986481589,-0.13146572666647502,0.08794702070860574,-0.008298737214049508,-0.03473899086391788,0.09309779313785521,-0.009125997664812454,-0.1247740972156094,-0.011339701304865148,-0.016348603554795945,0.03392065477734883,0.056475983486627905
653,-0.06582981111442514,-0.1166902022115615,0.06206726099290263,-0.00048574266834555354,-0.10327845357697593,0.0660856179496014,0.010188473581182605,-0.15840040811133943,0.004154070037779053,0.0010025200548182853,-0.015523215980966407,-0.01974694860839473
654,0.0015275659492839802,-0.07779277683144195,-0.0012466870885358798,-0.04238236104902233,-0.02754105038093593,0.033244080059147516,-0.0014609024577262653,-0.15522710520872832,0.0009645345618529583,-0.007613386698901435,0.026441981667426367,0.0016550619699597434
655,0.006295433142718566,-0.08717570707759685,-0.037122053901334995,0.014053757039260083,-0.0028442398776172984,0.06623525154925257,-0.004589678258573687,-0.17235078608385257,0.011964338715450837,0.00641188833721254,-0.096251885702447,-0.011660411110261459
656,-0.04348322065053004,-0.1289731376605202,0.09537313726227498,0.004331630632819029,-0.12427763795389488,0.06596535009791413,-0.0025731422339771277,-0.2392307088264342,0.00032378750479043457,-0.011572465849528535,0.004638556459487172,0.03085181640420134
657,-0.05712733333832017,-0.08994555689923747,0.037188600204290045,0.0207066039418474,-0.07729571277849917,0.06711280129903326,-0.0023959081964911428,-0.14167283076026344,0.006715056215468004,-0.00028987846350164335,-0.1074770937211425,-0.0053127868362825405
658,0.005083627377727048,-0.08916439199533445,-0.03757717130681587,-0.009808655657212378,-0.03593568535906102,0.08615736073598261,-0.003324230077761151,-0.16366787021156337,-0.001139172382723431,-0.012891762608808898,0.0026784668810601016,-0.0014181458182050844
659,-0.04467221242172107,-0.1335058403878439,0.13464210382595565,-0.01524772876524208,-0.05662819407650472,0.08582540163732892,-0.00676921906086239,-0.14040582795637332,-0.0025242861821491956,-0.01156665889403417,0.018849905247808996,-0.019912385419216434
660,-0.018214007923116084,-0.08711352520658784,-0.04075203108029672,-0.007293997485131653,-0.010350268684595858,-0.09123172978868285,-0.01788495445711247,-0.10750501411281922,0.02060886281503913,0.007365221314201256,0.012338802979867726,0.011860730794781114
661,-0.05253571887138841,-0.10759159974348041,0.03314762026463288,0.0021304833695795517,-0.08988556447302948,0.06854629129816008,0.00541153658718448,-0.1492521296916958,-0.0038047774706493668,-0.001814555264143096,-0.056065650285733855,-0.010285643916782944
662,-0.01421385560010685,-0.11864993970547397,0.06563669102444228,-0.013613823405515653,-0.06924580424744366,-0.06364045741078149,-0.014526780024865129,-0.11609095784401242,0.0027948538907199266,-0.011992987860466738,0.009051996298598698,0.03083605879228871
663,-0.06245106641264336,-0.12205013460620102,0.04917366463191385,-0.013595461930182651,-0.0972120657190512,0.06871155237799073,0.006511803954586394,-0.1439590286492853,-0.003876884673920457,0.001247990106195634,-0.005305952286408993,-0.010244038412195188
664,-0.01953486230791373,-0.13809732251770712,0.0049812322332071085,0.03177846890234664,-0.046073026147184,0.10092795444514281,0.00321093812161808,-0.1706841511715403,-0.0014446973610755757,-0.005802794205631432,0.010456010099659635,-0.011914345157595175
665,-0.011399046600261578,-0.06081883963632745,-0.051603131615797534,0.0034044174108096422,-0.028916274387569798,0.022410766981871905,-0.009645695008214982,-0.11484137995682382,-0.0014476484504266477,-0.010138386784047732,-0.09933125847909563,-0.003099956275689627
666,-0.054542819591674334,-0.13086092561791912,0.05692404440565821,-0.015346556682283016,-0.11119800253165876,0.06248077274770835,0.002476947147952702,-0.17225256594986246,-0.0008336402754830681,0.0016493537427293432,0.015176164121592357,-0.017631852476349952
667,0.057951410344117424,-0.07320107388212797,-0.027961317527962652,0.008030296266953342,-0.06723557515298141,-0.13132821693792757,-0.01025710324732687,-0.10542314861307367,0.0029591907654596284,-0.011841623524006955,-0.002124389367564571,0.05635550211687251
668,-0.06185915787719584,-0.12998709411116713,0.056604246145972203,0.017812499003140754,-0.13026812954876957,0.06775921252271383,0.02035680440401299,-0.1512771624621308,0.020106083210836328,0.014072667380246815,0.05317909566688708,-0.025156249470393688
669,0.004913180553968578,-0.09513796353628774,0.0386295806569589,-0.01371258174540309,-0.07913979787824152,-0.1479578207474068,-0.0011959687056899656,-0.11053622301481851,-0.001351786185299792,-0.008646329052847814,0.018673942536622048,-0.011006964553491646
670,-0.00015661426995792273,-0.0936915498310671,0.0005588840550211855,0.060406978898694695,-0.0199986961489187,0.10520132173961944,-0.0033265552631309473,-0.17711482234505005,0.009708477103550914,0.01202862210704627,-0.02896470995817352,-0.009885076967746488
671,-0.033331712503662854,-0.10677495094447387,0.017234700018579584,-0.011881056872223942,-0.038845094218378395,-0.08287555501448124,-0.0010163358722815317,-0.12363637360801145,-0.0034785648489765904,-0.006948272193125288,-0.011101226851675744,-0.005560107665104698
672,-0.0381722067512673,-0.10562536451351764,-0.02891821298290528,-0.00881385936879469,-0.07638656077145678,0.026423183717011786,-0.01320278829230458,-0.14435643099504503,-0.002324952166962056,-0.009744142257094633,0.0068825011922262124,0.05456946331687858
673,-0.045463806233738246,-0.12253087611249355,0.09607062863706566,-0.015105192948537153,-0.14143702660306956,0.03482657474767903,-0.008005915291211078,-0.16765905883429555,-0.0008649501563978789,0.005821844854826785,0.03719971155335706,-0.0060894274437492376
674,-0.02181766672603635,-0.09490006840001368,-0.03177207827196024,0.026691597467245358,-0.09041694476182166,0.0819005584233543,0.0018466577466706411,-0.14434835860355552,0.0011918543383079544,-0.004960313671433516,-0.04087630953635843,0.0008358745957173903
675,-0.03261879754677828,-0.07382990527642938,-0.0024563158940341077,-0.013797386404918646,-0.07509241142295235,-0.13084195412072122,-0.003936780455163055,-0.09155621156129928,-0.00029336724006681246,-0.008556248663069161,0.034954907572043996,-0.005718175685847829
676,-0.015791894393334675,-0.0982133341398613,-0.008555314600503865,-0.015941569433339253,-0.05826345483321584,-0.11517962236297682,0.016425301366664948,-0.09802711868875973,-0.0015384427620353006,-0.009046117254915347,0.01838350173788737,-0.008563487432805906
677,0.004532092648369643,-0.08933091736038078,0.012999798305632885,-0.017975061175065515,-0.06447413989860601,-0.053670816884943746,-9.651822479171225e-05,-0.13061344464939742,-2.78225435306414e-05,-0.004879643533381564,-0.030671538179391836,-0.005730086003731681
678,-0.016491197980263363,-0.1281615058032142,-0.003354524587247211,0.001825124127143127,-0.09262987497976696,-0.09669963091866784,-0.0031712620660702398,0.0358047096426923,0.0021220115502109203,-0.013490622799410138,-0.03254129243461795,-0.00821143202936577
679,-0.02769078818554852,-0.06996482782240585,0.05267093497018835,-0.010398784009749407,-0.05962341265316672,-0.12588666232023196,-0.0008352093247875896,-0.10387190746823859,0.014906634765973167,0.0021700353521901194,-0.04473307754536787,0.007737317293072935
680,-0.01939743080754863,-0.11917382604326605,-0.031535661108043775,0.047146785944205384,-0.11478326909177515,0.10411888473837215,-0.007063801591370002,-0.09909208211590202,-0.004277137877533664,-0.007748544667275319,0.042681595875276104,-0.005793587862056661
681,0.0050306261363922905,-0.16233493191551052,0.07336700714779097,0.019940447119800083,-0.16083132462878383,0.10273747562972355,-0.0034299926422769753,-0.15913173820544235,-0.004288863495451488,0.0008268793343973642,0.041559608905123425,-0.015884922226774782
682,-0.016248529168600902,-0.0813039333334667,-0.030495751453179083,-0.012476224086562694,-0.07343412237279927,-0.03976468872220436,-0.0053609711462343276,-0.09894391036408266,-0.005778823667322361,-0.006136364975758126,-0.010574858500116528,-0.00770493492472147
683,0.0073173432393784,-0.1473775005909674,0.016209593237476654,0.05361017771982768,-0.16399702811393868,0.11189915201260486,0.005822870398404481,-0.11624272687978243,-0.0008484992121174558,-0.00692518869041239,0.04488034180280212,-0.004942859573068153
684,-0.028188624863231343,-0.12610318537366966,-0.042377317117180194,0.016851445660167788,-0.11683613792458351,-0.050933278550781655,-0.010255565852942062,0.07796683994896297,0.004858400320690896,-0.015625987712395095,-0.04899130482288355,0.06669028451359962
685,-0.010299391256098692,-0.07373465685813,-0.02327468389802303,-0.00932900373046947,-0.056950561966378585,-0.1299585018008861,-0.0028759691011976374,-0.11200209173710747,-0.001702492272668619,-0.009115570411229769,-9.617480708044095e-05,-0.003723607998723618
686,0.042518802563113044,-0.09455378738158492,0.03501493958017987,-0.01871807518225106,-0.032589303734640016,-0.14219835719774065,0.018821528224996355,-0.10162388790097313,0.01932632237339974,0.005784277625751794,0.009849134833988433,0.001219731941500786
687,-0.015979486576476885,-0.12899324403243642,0.07973978851304381,-0.01593697245844724,-0.09841133658112368,-0.04897448057170567,-0.009806084281388771,-0.09844833601894501,0.0017923046116448834,-0.010714750782376029,0.019118164395917618,-0.01136848182819895
688,-0.02043396339799713,-0.12744301740925365,0.03329888616680921,-0.02295290562759944,-0.13050641117225112,0.08214574158245024,0.0009981092050926608,-0.15955615023871106,-0.0018649573337503524,-0.009074293170098391,0.029074758132540277,-0.014819125744007074
689,0.011009581165615357,-0.11405493399769917,-0.02573368187099269,0.03368438473180493,-0.1165821281543227,-0.09167746444882914,-0.0029066956126390054,0.05747332820411156,0.005156591594887701,-0.015922055232753942,-0.03903041078475561,0.014482875379547861
690,0.004760137806645152,-0.12308892424468589,0.08822952330913206,-0.014275123135603389,-0.08593780596885921,-0.09333529369277403,-0.001559693487058364,-0.10781562730302344,-0.00012530597879857911,-0.011637435589180758,0.010210887952867823,-0.01471301848671262
691,-0.029495567848876733,-0.11392812223458476,-0.0325915015520141,0.009154447897955604,-0.04242071697773015,0.06976815803388071,0.0030909978776032816,-0.142085908909936,-0.004711964134647999,-0.002022233446415332,-0.024780204738594463,0.0024169191959195874
692,0.04440789871111397,-0.12947749907649386,0.043375247758039755,-0.009891414647750759,-0.06808473013875077,-0.10946341267221026,-0.005084930987943417,-0.09647193572326307,-0.002383559709873842,-0.005272160974267078,-0.0006712278775065403,-0.004534800262870075
693,-0.056281385489711726,-0.13244333797434385,0.06299625129922942,0.016752745113784433,-0.130926638196062,0.06691849641365408,0.011838246741054206,-0.1767554048158393,0.00022530487385409207,0.0019341148550039598,0.019457527584564316,-0.008640776009486912
694,-0.01814680343568616,-0.1465479248900544,0.04989282353239619,0.0008729175805171763,-0.12828490267781223,0.04384083102782154,-0.005052730307893835,-0.1273398380512001,-0.00020674551920535394,-0.0036129097735524006,0.03492326057628272,-0.010390872758974996
695,0.0370546379995853,-0.08980318287644994,0.052353884748363756,-0.01709357643761191,-0.07957381663366811,-0.1492737501810018,0.004325449235348271,-0.1032455086878292,-0.0035585770346840606,-0.002755030597053291,0.024431580253646064,-0.011268607082981861
696,-0.015029597374379111,-0.10584145043839985,0.053840818155201316,-0.01854376064424364,-0.08401219252145102,-0.053566693754837455,-0.0030052561380420634,-0.12908951297021865,0.0006425322985721056,-0.00558637705512542,0.015451304261805037,0.004306535302163005
697,0.003759089321483479,-0.10405802874370805,0.008978658414169529,-0.01463612491018546,-0.07398441638872158,-0.07572906145307876,-0.0009492322497250781,-0.10951486822449384,-0.001494160100546006,-0.006741878697593703,0.005208659798567368,-0.01087661595959817
698,-0.015623106635968529,-0.09003888518788233,-0.005039227812475253,-0.01853667458088665,-0.03372114931932209,-0.09113757466747187,3.51375306335002e-05,-0.10355430709849259,-0.002767198527548127,-0.003856213837267682,0.0008786345269382802,-0.00731165631975152
699,-0.06183164975165298,-0.1954277476270295,0.07457938877497942,-0.017733135956463857,-0.12139232811323007,-0.038700448953876754,0.0007428953764360433,0.05175377731742822,-0.000894711953881393,-0.006006247391605315,0.03382107920982565,-0.017832088454141245
700,-0.029789985050349518,-0.08347331589650862,0.06051700992571425,-0.009093748090239674,-0.07959595219969336,-0.13537220910900072,-0.0048966462590403605,-0.1140552093924819,-0.002509379746018513,-0.006781220210490403,0.022043875297102847,-0.008113451971202416
701,-0.027158964113002428,-0.15217647476902055,0.06294705793006482,-0.013833440407933231,-0.09726166467399831,0.07009040231679144,0.002489043646055452,-0.15338057760648593,-0.0022285784239021787,-0.007384812887428354,-0.003302323519524302,0.0038110786691196853
702,-0.009881619214715726,-0.18994328841577138,0.11465413195138419,0.0037261334336532548,-0.1336806273555522,-0.021194948130035807,-0.010924466486256359,0.05805344080340108,-0.002566105466415599,-0.01160987752128385,0.021282369817054756,-0.016306804085939677
703,-0.015760639658583903,-0.055959338101130095,-0.027080499952516365,-0.012390404999289286,-0.05435739674200429,-0.1459327496257099,-0.0011166371072703896,-0.09972363708186156,-0.0019134188235677523,0.0017050516886705411,0.022534403044693258,-0.004140965945634996
704,-0.014157059101123316,-0.17285628193226651,0.05437660975940158,0.031248874432013945,-0.15820238272172782,0.10112665205558916,0.0024958281715750015,-0.14058445322895755,-0.0010559401955757158,-0.008532361226444601,0.05840949155327906,-0.0190018847286002
705,-0.016316812280505584,-0.1425822366558827,0.004928728192171536,-0.014721366254984698,-0.14096022691532298,0.046141356583190796,-0.005232610925202048,-0.07844342629078431,-0.005438181113456947,-0.008511961812203154,0.04293145926714371,-0.008171762161612927
706,-0.016235638070698787,-0.1757398381475808,0.08602873347737522,0.03833800586598101,-0.15087971871922384,0.07734220925226207,0.0020960978091184453,-0.1455056894480632,-0.0029322591826130076,-0.009270281508597088,0.041816291670962624,-0.003324124300048571
707,-0.02679005597309664,-0.11509210117399381,0.04843251974838227,-0.010662206634464492,-0.08645983764040208,-0.06842707564496793,-0.004520122056732555,-0.10171352831034566,-0.005277192439508005,-0.00683013356693753,0.024792350603829352,-0.010824378420689626
708,-0.015525412858052388,-0.1495439812816413,0.176070800180586,-0.02908278293324576,0.06909337761344538,0.027697163955859142,0.006037553663806012,0.10673334116260805,0.011512847682066259,0.0028628045031166838,0.0020011807268888516,-0.012670014571550078
709,-0.029472791381664445,-0.1579977300826175,-0.0097111063377664,-0.047272509862523376,0.0004366456970079561,0.05422608943979038,0.034058724896397025,0.11607783127382312,0.011364410672679959,0.014882754491786793,0.0223317662614951,-0.009721028879076644
710,-0.013233348318650289,-0.06382876061524327,-0.04023244646237961,-0.020808290190628832,-0.02289660715748026,-0.1662577160732613,-0.0023245721772651128,-0.006586459834985971,0.0075059777118445525,0.005062078922896911,0.02702897679997153,0.020662243255621302
711,-0.021992300717122975,-0.12613398039238197,-0.03557821599296358,-0.014617243339440601,-0.07463238214002595,-0.0637411630978391,0.0027566223798406154,0.07659865539433734,-0.002917902153843761,0.0025637107831687806,0.005696542838036786,0.008902446462854109
712,-0.0561375731152593,-0.1056687596442854,-0.06788835825034426,0.039566664809997355,-0.09444356048111734,0.09205164004351905,0.006748622339862116,0.07679141032530254,-0.00327153889360131,3.594994961249375e-05,-0.007063069603402014,-0.010922938869346347
713,-0.02495182577678723,-0.12347062931400203,0.018733348618993506,-0.0177988206998487,-0.015489352742096126,-0.06255595645396432,0.0059318702063851265,0.09865647568806106,0.0030235885474998495,0.002955670968376856,0.008595011371784665,0.04126104110657021
714,0.009261803700153405,-0.11532976010487508,0.009760393019818698,-0.03799231703588724,-0.024535541610208773,-0.13168649519076864,-0.00023511340832413103,0.08546895884924852,-0.00037712983539305955,-0.0007333054280281302,0.007216745759928998,0.01688098559423747
715,0.005413552742009283,-0.13953382848742868,-0.035620643441490296,-0.026652652542677277,-0.04032502572984685,0.04349382256323871,-0.0008531975810877673,0.12319741082021758,0.001417191758493684,-0.012884515309907378,-0.04840516086414254,0.06553705031031833
716,0.013405520683288139,0.05379097391686331,-0.11234248510550854,-0.018658342936305767,0.02261091095036941,0.03906969157937647,-0.001038202436076582,0.047388498329867905,-0.002403174890604206,6.651169438359887e-05,0.03931294720594298,-0.0074904594278546646
717,0.010288540814908547,0.04743784150610651,-0.09817563244291522,-0.019343219438298843,0.015117114716486113,0.14032348685031992,0.0008125249790709669,0.03999432285644303,0.007306081271743723,0.0034655266611429195,-0.03390178654458158,-0.007310044056615437
718,0.011696905393099755,0.06040472010900754,0.06588955200556665,-0.02536362909009739,0.01674111340373538,0.11082274701879649,0.00039643559474165945,0.05002920662189445,-0.0010420519996877996,-0.004556017595587475,-0.013222611635012019,-0.02140771493986847
719,-0.04384414366960597,0.030240854420179444,-0.09405264272925465,-0.01147257287435464,0.02457118459606171,0.08762482537091579,0.002530850525659023,0.025443543806329388,0.0010579560146113459,-0.008168086358219638,-0.06451490981946194,-0.008819530944546032
720,0.04038536295204819,0.032553466827755125,-0.10576181169138306,-0.009141241604956753,0.01435846677264496,0.09295558455076827,0.0019771875317739756,0.007131613129971745,-0.0007259686724590975,0.0036215618440915824,-0.02721931568832555,-0.008265962183522326
721,-0.015200283602188284,0.042863816200260266,-0.1008739562148967,-0.01535741052014901,0.015899009015060046,0.027564510376509352,-0.0019746734088029825,0.03234737415483894,-0.0009757232330260508,0.0006859026064587191,-0.006295581565173571,-0.0038101904483714964
722,0.01699510608645157,0.07232113660495923,0.04556728985636822,-0.027233685594276327,0.04159058276526928,0.04078189470723996,0.001140649464543666,0.026386862751803075,-0.0004978215639482596,-0.007758172017872639,-0.020399593135030997,-0.005297244177675811
723,-0.015758218815407826,0.033867514530342126,-0.0901065115625,-0.012151769277622536,0.015949910762645902,0.019811268150856477,0.0036096406710819247,0.08131846234735146,0.005111042896572722,0.001448731020489793,-0.04633119740570679,-0.00707796804367224
724,-0.02037568568550569,0.033598625144841104,-0.11640570755841667,-0.011849517242591668,0.019211819148455437,0.10011833194707878,-0.002676970599667493,0.06984212686300127,0.000621029083849059,0.003791751636656052,-0.020285045309138012,0.0005579218746983128
725,0.01353802688974292,0.04727793343806831,-0.09707135666232945,-0.014124293390542681,0.01924687306993447,0.14855605031589772,-0.0020780684232903786,0.0729780915247039,-0.0024049300743817464,-0.004481089112186396,-0.01625260144463513,-0.007711489784805701
726,-0.023087694869515445,0.03295827497453219,-0.11274310867579117,-0.010671315794692994,0.023597860601898037,0.14110635591857304,-0.0013103516258966509,0.08868091515844634,0.0026856412955786786,-0.009821443319471998,-0.025477125004696524,0.0008881759751000459
727,-0.027589864357586088,0.03577094134226255,-0.09847513946743065,0.008263436774635443,0.0271809804193589,0.153892706806847,-0.004776998869561067,0.11146513256834065,0.010093457614809224,0.01141906289060713,0.016080959611368368,-0.006026550006133239
728,0.03732697946445116,0.03489962415684411,-0.13309341132300395,0.005651461928749185,0.014828386921933643,0.09432535580740599,-0.0021744721134669626,0.01313467712426356,-0.0037533132351721308,-0.0037620265339478377,-0.07325569426858083,-0.006118131602489974
729,-0.02415064426993657,0.04255754132544117,-0.09837708282960281,-0.006886272373581371,0.019190511357329364,0.09834789572369686,-0.0008154807699025461,0.011923936252198727,-0.001592865260885618,-0.009583210131524165,-0.00631935168752023,-0.010214845996009676
730,-0.015324340645268232,0.03502931048808123,-0.07197339776287773,-0.0056612467175604616,0.02646452353911786,-0.05199193169941711,-0.003135870946893272,0.04448545974896771,0.0019735592221046846,-0.005821430249705573,-0.011602901361293012,0.00111042624002397
731,-0.02011329491971275,0.03179652487632725,-0.11694196817310751,-0.008589779955791785,0.018249849691268284,0.12119456926384263,-0.0003774346691973534,0.03751402830187638,-0.0015723716173542414,0.00010801632695691219,0.010088521175440212,-0.00803546491837157
732,-0.018814891811982207,0.021230360830981215,-0.12425060380379305,-0.017720357317618864,0.018229142703040737,0.10700573596060056,-0.002253286049989611,0.08733524081134224,-3.1956916554788524e-05,-0.00818506692606776,0.009658389753229288,0.006379792006644655
733,-0.020318094251631894,0.024347015938372723,-0.10575915253942542,-0.017613975856605044,0.019005707844109924,0.08588503714790777,-0.0003730306264816375,0.01906089712879262,0.00561592520458049,0.001455010517139415,-0.0032818738628532912,-0.0007458032544272562
734,-0.016666673892398485,0.04070546290387132,-0.10556319571984217,-0.008985791543421412,0.019013478502709673,0.08014491829884726,-0.0007893898517874002,0.027793366893600027,0.0017633040491121304,-0.004427330802361109,-0.04016405303777354,-0.0024262227616798564
735,-0.015735025247092704,0.026390328756737715,-0.11304424338606084,-0.01759979739727056,0.020532412444711882,0.04205988678043165,-0.0069532754518036935,0.022791132579345598,0.00539629713736667,0.001440939221859271,0.032993990295730094,-0.0020579001624162103
736,-0.02677276816270189,0.03646891012372336,-0.10210669132383575,-0.005156023346328078,0.031123643381145726,0.07170151902113775,0.0008427681931038542,0.020851242041961104,0.006310332580054348,0.004092216920848008,-0.026552166983468732,-0.0007470609002433917
737,-0.019686937674122967,0.03592336260925809,-0.11578163657755072,-0.012787889074830498,0.015233029295845989,0.09978159008384899,-0.0005778602773090243,0.05347884567738223,-0.00036691948980060345,-0.0026335834893497522,-0.001724311697655743,-0.00496792341610102
738,0.01804832454333968,0.03963745735096166,-0.1303901733880711,0.006400214011106189,0.02047717279811645,0.12269849290290649,-0.0013750887535574996,0.11648862737138056,-0.002996820734901864,0.00397146374079469,0.03907677458644995,0.01871551240391627
739,-0.01957496850125853,0.04112860793537136,-0.08142215489073243,-0.018733776956095908,0.017387848412383878,0.005291494510458747,0.0037396938044305587,0.05510650006131668,-0.004482945011547332,0.008681531937311273,-0.008880603273027001,-0.008679151096089669
740,-0.02174006660223233,0.042679671966565025,-0.11666500496397944,-0.019920810552212596,0.017700265400246062,0.09800043508561147,-0.002459816421435142,0.11520471367126754,0.0013312602213105835,-0.004738928800158784,-0.0010140431598145336,0.0013689826710953795
741,-0.04262077220217448,0.04591563755502971,-0.07585403360417042,-0.016093240837233413,0.02203176877515782,0.028854331998950575,0.00046275838212622207,0.05800017703835999,0.004928681644121405,-0.007568609446800704,-0.012588195583503879,0.0338620809934966
742,-0.012936797413110185,0.03604557685930905,-0.09016349338355915,-0.012190655848654178,0.02208966957533486,0.030065941547554122,-0.0010750133117778038,0.03680325835805052,0.0017909856960502165,-0.006684198664473054,-0.06046501125650871,-0.0002452850508789626
743,0.015847211265916095,0.0359476308120191,-0.10984729345778586,0.004404028278404914,0.01748083897191446,0.11022664365845092,-0.0010517287012003437,0.012865476071805259,0.0012380919126311256,-0.002437042564139778,-0.015169276216136835,-0.0040471716213345285
744,0.005318858319321661,0.027146519634004794,-0.11810271580867378,0.02002218627843521,0.013146785525191534,0.14017751392011973,0.0011868149403422756,0.0292453399321521,0.00610013129925354,0.004788339059508895,0.008315966360595256,-0.0019728344670558455
745,-0.011255197036155445,0.029106518255130276,-0.12467840814008059,0.006150072161463614,0.021690401077077225,0.09248781045619468,0.0011074539220549099,0.02342183961268087,-0.002907908432111632,-0.0013023760039318302,0.0031201560185505255,0.0032144124699743613
746,0.012124958193569776,0.032368135340024966,-0.11382569786481746,-0.01675991363772584,0.009459278215290776,0.09308245161468107,0.0031031439492605587,0.020607991511832943,0.003510839688734433,0.0019929435827404367,-0.07890123789106486,-0.003442164245832025
747,-0.019428622919490723,0.017512354787879495,-0.11932805648821454,-0.0034537398425011417,0.02521699847534825,0.14542800416831475,-0.005500965922942174,0.10581118129093685,0.005501215973263902,0.011757901394762477,0.02442645953586066,0.0023404798216596716
748,-0.01975344768436581,0.028326817468260917,-0.10792628930577791,0.00967651663628961,0.01777773561051216,0.13857110464454386,0.002306646583218374,0.060978771948444484,0.006186297913957417,0.0030774182654873116,0.0023774750648184635,-0.006432167430814656
749,-0.022704770582163043,0.04965678367248807,-0.05189807518859364,-0.03791974506375022,0.023647443209186273,-0.07911024883244175,-0.00454432324230399,0.12787047228640328,-0.0025691032462862836,0.003332081529140381,0.011789253264814059,-0.0017975155610123034
750,-0.01684687121087914,0.02371531225596269,-0.10652364132737553,-0.016034487946195542,0.018200325364939113,0.08330369943575684,0.0019413362531269334,0.017680881292546077,0.00041481310688966253,0.008844003908034352,-0.004393276889432663,-0.00400074948888022
751,0.012949815414335143,0.05856802436923555,-0.06185226160561515,-0.029790756520208423,0.031320377740634765,0.17647725100160083,-0.0005137633532396636,0.17730513920781107,0.0056406787150473,0.0007516512518435663,0.03297139549689269,0.012523513878727585
752,-0.07466828981153334,0.03540701337345934,0.07796338177292976,-0.0016030442747426788,0.050911319043170276,0.18548595324945968,-0.003705222701055225,0.07040420993935663,0.002336438087522185,-0.010528765288584513,0.03310734508794793,0.039013926513751386
753,-0.021481102338877116,0.04584259928856073,-0.10466406032177761,-0.010134811151960127,0.018732720204728888,0.1037661559024593,0.0030776776136293427,0.0043181509566555245,0.017799424071310792,0.010436881178655688,0.0027231375492938205,-0.0015038971828382987
754,0.0600073374970255,0.05561267563530142,-0.06279256222315005,-0.005719297424969225,0.02872394489248081,0.16457923775072525,0.0036009797013464265,0.08288787162936823,0.011214274671456458,0.009893745621051789,0.0005235772524002838,-0.013052222939142105
755,-0.02122948622823064,0.02908278279322949,-0.11248701156839297,0.0005143217580630844,0.021230890377930068,0.12833759300641745,-0.0002088563611062448,0.02490931489613072,-0.0019951501817337958,0.0015017606556226926,-0.0009381983018434244,0.0014367755718380727
756,-0.017827214052949205,0.037634101367406435,-0.10474552536959378,-0.005940345289493534,0.01818677923243257,0.03830608692291135,-0.0025704846114590566,0.05638525211408384,0.002024784017978664,-0.005501587189589696,-0.0032235564173625037,-0.0010786132376236995
757,-0.026465965299230048,0.01834615606188834,-0.12375598788094765,-0.003965543458922309,0.022334795903336774,0.11135589628011966,-0.0026108883836439573,0.08099198010474065,0.004591410435007406,0.007516128559443652,0.029663100919250354,-0.007166097860672393
758,0.0020570987119201798,0.03801728725250731,-0.07205730059793296,-0.006023608190126102,0.02120932277832169,0.14084357182879645,0.002560845043833459,-0.00822850500651941,-0.0017549963785362483,-0.011812203769539713,-0.028903535741890817,-0.003978200936640251
759,-0.05228854452110949,0.03479983946221695,-0.03149944991377175,-0.0031437059065906325,0.013512991203287755,0.1299179775955586,0.0011365611418349445,0.010270282724246602,-0.005525812152600984,-0.0030014821911296206,0.00705548113081069,0.0011263927719679292
760,0.06878074101544658,0.02483086939620252,-0.06624589539949298,-0.005775261063910123,0.01882476766443598,-0.0542809205532429,-0.00047857678503395254,0.04265933692947891,0.004244590378768365,0.002927631922647424,-0.05552736415138479,-0.0026819734780306977
761,-0.049211383284717594,0.0007024977008841599,-0.0046495961702958735,-0.037731789918814276,0.034416935530261615,-0.16912765507680405,0.0061392261207994,0.09251261962678933,0.00905690779437229,0.008411969504521758,0.03119272781180193,-0.012001993191767379
762,-0.021641829079859044,0.04095091077970099,0.05440304356807098,-0.003855547761203838,0.016608450025055673,0.15035627712324878,-0.00205507186062975,0.012489458779876617,0.0003710604634255603,-0.0018202534861253914,0.01812592647908001,-0.01858991195134781
763,0.025213329965483706,0.08856852227662762,-0.030773612295600234,-0.023909895882158166,-0.002570192134600715,0.08396209391005967,0.048548586576813386,0.13786730265007646,0.016068289578480503,0.007885459758486115,0.06608019951342747,0.0007593430283008882
764,0.020154328106494774,-0.002924056119063172,-0.05556638543884037,-0.005705507905059926,0.02561262720814165,-0.13923098320350852,0.0024142953873202483,0.056685667696586436,-0.0015550395660449215,-0.0006712760786265937,-0.006962408737337401,-0.004807760964774591
765,-0.020171784414512842,0.05208357147105716,-0.054400197144127194,-0.02967734630990512,0.017258548057171433,-0.1598028607589151,-0.004573864922461972,0.10543219079612537,-0.0005660627071739946,-0.0004125098491190094,0.026891469017362463,-0.009032935114325645
766,-0.04422032656390669,0.042562976853739866,-0.06068898418559804,-0.02283011132729362,0.03851591231119686,0.01875388534504874,0.008248145612490468,0.02006904457583602,0.008454629237747393,0.006976785955398718,-0.024131200464310634,0.017993792900660176
767,-0.02057034794297414,0.0378614010976608,-0.08044548432999378,0.0038393543190422125,0.02981387572721265,0.1632731424362346,-0.005485541601408075,0.11955373555415032,-0.0009208254912355244,-0.007426526842062248,0.03407879278994365,0.0023738343388491237
768,-0.03843112394971415,0.06804219699744347,0.05273908640988161,-0.01928705853242008,0.04877527292045278,-0.09052972577837848,-0.0018788531027917866,0.05475887960170014,0.0003711228770841918,0.005942566163941664,0.00945071087818506,0.022439320987667873
769,0.025369919705968764,0.0770296077025054,-0.05808726672952354,0.036973439984431936,0.03215429935888855,0.04809808084802773,-0.000783793850427673,0.17455947615093959,-0.005673751812383777,-0.0014022587163563126,0.012622628252899656,-0.002620846303670193
770,-0.026466958794719834,0.04663861098581422,-0.08602458209151226,0.0014620563919720132,0.010653497196977921,0.10318345790117496,-0.007371910874082083,0.036002574100814255,0.005413760513511467,0.0035840763207225885,-0.004702319676695391,-0.013249595385919404
771,-0.040011662083472656,-0.15718180913663612,-0.06838674316850735,0.01286404156120346,-0.008044384401138534,0.10388408438989759,-0.0015296801896525862,0.062385266152295366,0.009264430428630472,0.004314963097601394,0.01632185985957482,-0.013001646124247208
772,0.020790435965670304,-0.020839700586673875,0.0006801015836787404,-0.04556318631399846,0.0005824883658263908,-0.1869529846453724,0.0010070853703342151,0.11027801598061639,0.00624378359939647,0.0021084004629983223,0.010039255812318688,-0.01821864343403668
773,0.011932789250749445,-0.0717148230687068,-0.06744701580305962,0.020846348981534774,0.03804201064838912,0.13814172121168938,0.0037323225443179624,0.12076676022322011,-0.0069054075461141605,-0.014749010137381535,0.012330027744547648,-0.0012532448752610363
774,0.01677873819656003,0.03820193322773036,-0.09277990542070784,0.0027553419510517214,0.014719651761824316,0.10062033032896153,-0.00036116194999323906,0.003843920055926951,-0.001835762168044294,-0.007865017227040352,-0.06511238799977709,-0.010034690651839899
775,-0.02252487466309516,0.027429711189503568,-0.04994462379698051,-0.004025058542086278,0.0015793910071018168,0.1593179942729702,0.0070893682080921784,0.12524915222606484,0.018486919668805793,0.007753443797209304,0.04943826978000042,0.004175737535128615
776,-0.0335587498332348,-0.021691500512781448,-0.12284055788159935,-0.021035444645994415,0.017076158052067452,0.1500809170201368,-0.007032574840351252,0.08419128443937532,-0.0032066758928146087,-0.008048528231264914,0.03253312593856664,-0.0059538787060096415
777,-0.03370325859711972,-0.015783070468959368,-0.08634296318127781,0.006318316630791787,0.029621272885464466,0.15013754776974095,-0.004411479546932507,0.02683922898267477,-0.0037577982394623516,-0.006447719873566618,0.0381103725379755,-0.014874057018769888
778,-0.038055049059333004,-0.016749853941603745,-0.08952377646749196,-0.004614183364041141,0.016367577713110017,0.05945430279814976,0.000578336793950117,0.13680825844173095,-0.003066340223314774,-0.0020390454073235162,0.002956242749156596,-0.013452724446498416
779,-0.021570527132728196,0.053342437230541696,-0.04607161415532529,-0.027772995223824284,0.040313357757352224,-0.07668182483540152,-0.0027930220091246702,0.1306962714892534,-0.0007576359160904707,0.0017571332650256882,0.014438126618873535,-0.01572792825960382
780,-0.02366731854517926,0.05556806409403896,-0.07656971891875257,-0.008264099008267632,0.017690175390461183,0.0943699691968689,-0.004981947190659392,0.04465805554588679,-0.000995312956813526,-0.008775220919519537,-0.0004340651094341984,-0.011406947875046536
781,0.03028059044571236,-0.10339042305807364,0.004488659635779981,0.02535343804733209,0.0027335415892994056,0.08661708545827741,0.010119021563194823,0.10124999915411687,-0.0006854628784819346,-0.0014998880442744448,0.038023652315535464,-0.023990003033423274
782,0.004805798018450119,-0.11199587952896242,0.04399880582611673,-0.018211962842452998,-0.05329738610767776,-0.11098706496054053,-0.006626948641664132,-0.11648067297523194,0.002411612811242652,-0.013078434067550524,0.029485119562700387,0.01926190128358466
783,-0.018215638483646476,-0.09254988766647018,0.08209773165228637,-0.01802444615701283,-0.02828894127122089,-0.020766528029041623,-0.002387349588912731,-0.1342225895888636,0.008897970311394955,0.001161237125178274,0.020865537279722665,0.022861072684574022
784,-0.01803537785468679,-0.07781613967345233,-0.01434076370296185,0.009647955667058047,-0.0024199271512324746,-0.12263458419814109,-0.0020659790225632034,-0.09214276988320608,0.02923905553802058,0.013624466414931674,0.05694045249359299,0.009179244641474951
785,-0.012652764114388685,-0.07398609434190993,-0.005582497800407027,-0.01762068572294982,-0.009174132497839858,-0.11095813899214318,0.0012866203762286646,-0.08754773656140175,0.0004698945363975174,-0.005281041625115469,-0.0035918474803620397,-0.006426486888268003
786,-0.025282713523509026,-0.08305857363503333,-0.04462237854521101,-0.003614830126914629,-0.007348419176649777,-0.05043299452522093,-0.0007608853058815256,-0.10024273812531215,0.0034805153176581467,0.003319567655463453,0.03833879005510364,-0.00668986591739517
787,0.0032985053804585685,-0.14083403315531273,0.10821862645026603,0.03415962126219783,0.0190343539279616,0.11564537028778735,-0.002057446414715875,-0.13123406304879776,-0.002217198072373456,0.0025550646194809237,0.04324517031128079,0.0002810741046155185
788,-0.021402152521803303,-0.06107567923523563,-0.042187670329052185,-0.003948313940154213,-0.04810778113072271,-0.08142006738041983,0.00454341656836325,-0.09333299456334616,-0.0015478735669717477,0.0009624874122355869,0.03036612140940979,-0.004446496898544799
789,-0.016491371962246433,-0.07689492546940015,-0.039802477458001397,-0.015929190900482344,-0.008741688314316945,-0.14922569211096945,0.013918792730859369,-0.12138120204950519,0.016686069798160213,0.009916883451779612,0.02594249504947526,0.0002935388486204097
790,0.009789509327428798,-0.07665587128926304,-0.04405816579228101,-0.016487704041889793,-0.012727232247513745,-0.11099977004068869,-0.0018819316031923508,0.0638312944979456,0.001229966413239567,-0.008043716147651574,-0.017203644834879604,-0.009448248427838679
791,-0.035290946034440905,-0.09561903113663396,0.012693869981945693,-0.017477968769587383,-0.06370081422243358,-0.037819526631974014,-0.0043128888987686125,-0.1315773858749703,0.025997497734034387,0.0077414131437432915,0.0327507188050681,0.04475744666975587
792,0.0064500930380784124,-0.10624130762380807,-0.03554953368705915,-0.013889097453245392,-0.08803229510848751,0.07883828830295371,0.0008950954770461755,-0.17459050446881652,-0.0004236071735545987,-0.007322871241014166,0.016862657162330985,-0.002373553327546464
793,-0.019231718350334326,-0.10324586752831436,-0.005616575289515432,-0.026867384873740904,-0.01842666356443024,0.04519314342040483,0.006196481130888298,-0.14579733246000473,-0.003267182849938012,-0.005152809315493239,0.02192135382890162,-0.00782175172482562
794,-0.040532053253047255,0.0009824307462434239,-0.032280596088115406,0.00020058555972753733,-0.0513838788681698,-0.0683704248419141,0.0031373416707275847,-0.10002671840206386,-0.0015430238151725119,-0.0037663558303602674,-0.004734318796084225,-0.0010798067917733162
795,-0.02474038432589049,-0.10705955036021346,-0.03365684163682643,-0.01863366409953569,0.011270481772177328,0.10804488109319568,0.011888333231915002,-0.17833413172991444,-0.003930332202791937,-0.005590140779218511,0.05337605681018534,-0.01570239157992794
796,-0.01792522008373905,-0.07162687649929549,-0.009099978743808551,-0.02206748730081374,-0.033359941184827005,-0.13563276288927684,0.004042162581512531,-0.10706730214689444,-0.0026052846368794656,0.0003164909141680919,0.04500395819451979,-0.002119412274404721
797,-0.034278372358328736,-0.10836697148801326,0.05592608711874229,-0.018366142239044144,-0.035832246321825745,-0.1601120335083737,0.00434251185131536,-0.003848488046360305,-0.0035202830257114455,0.0015029351427002801,0.0014218159430083302,-0.008340346468070442
798,-0.03701384678696348,-0.07784567929381508,-0.005859490381408687,-0.020631257738078293,-0.027037214939141165,-0.1033110243228695,-0.0013899075867075516,-0.09526793990640216,0.004354917218793475,-0.010262730353328703,0.016185841907828628,0.023458745409504683
799,-0.05706353142934772,-0.07488341328044708,0.1197017369966556,-0.02119189677798813,-0.032548386362719534,-0.00010836538556579237,0.006115253809922468,-0.12011060758478413,-0.010334095803933045,-0.007592550681308433,-0.01702326076799753,0.02442746589603413
800,0.0030235523653450056,-0.07238571477910923,-0.03196108680101275,0.03830121114864884,-0.05799104284075011,-0.048985998005985285,0.0028015366603294676,-0.0658695892180766,0.017145688247555975,0.014124870928678855,0.023839606763696845,-0.012061340527194844
801,-0.04351062214654637,-0.09165070607973569,-0.014020084400635065,-0.014914296036305386,-0.05377952060487104,-0.06985129670528974,-0.009430068973865682,-0.11408883657447864,0.000567496221954674,-0.012256570723608877,0.028080780055952693,0.021423656886850145
802,0.0011358151818862882,-0.07469291494983131,-0.05913454510103753,-0.0003365972256989524,0.02650302108282853,0.09981509108340728,0.0039047871244999193,-0.18765693322435922,-0.00667870766176828,-0.002350743284443267,-0.06320362776096645,0.005513137267998453
803,-0.05485284500124221,-0.08507742244492812,-0.0596538740024482,-0.00303703863455818,-0.015043628403991075,0.07293736520598498,-0.002604111435853507,0.058064777907786844,-0.0018824800756989087,-0.006085883904903308,-0.003875611275724248,0.014355861314620529
804,0.010768613184924659,-0.04647129990658232,0.001380784516380146,-0.03843647530657042,-0.017678519973402897,-0.17829115436604104,-0.0023624009529993307,-0.015393432218207827,-0.003140993716149211,0.0011537206536591956,0.02331184371803189,0.011505839972196594
805,-0.012940008175082139,-0.10705828647719785,0.0032230136485566097,-0.03501662694632277,-0.007174944857773721,-0.1361182412631087,0.002116042831877605,0.06170222849849386,-0.0002214376930204381,-0.0031911086315652734,0.010322935049193935,-0.013695758677427653
806,0.012880308188962646,-0.06202399782081927,-0.023733337847361615,-0.03169215879970837,-0.01971525211153079,-0.1761168416166455,-0.0032485328274355113,0.05804456101045735,-0.0006575908396106252,-0.0029547542096637447,0.005741417009108356,-0.012290630299759754
807,-0.015791250847169525,-0.06374999847552852,-0.03378297389243299,-0.012691307319089318,-0.02109642728218398,-0.15745941035388164,0.005542080487231984,0.07096490464892825,0.007379026715478819,0.005823090051985852,-0.025866431768633638,-0.004063500974928416
808,0.01051194798117994,-0.08491897657266549,-0.04046283791475026,-0.016488984648431244,0.025228269112192673,-0.0712365462229644,-0.0025879205935323336,0.08110347194333428,-0.004518065118198642,-0.0005458722530294561,0.008509602409049199,-0.007019510059268042
809,-0.01542067056775072,-0.07857253125345551,0.003079284647426104,-0.03545949810292269,-0.0009087104053134361,-0.2188769945669755,0.003528395884890686,0.05495803806436467,-0.0021852204278383787,-0.0005170832827886808,0.013048981101456447,-0.011314229775505509
810,-0.014670713869869081,-0.07611481650774063,-0.03364954953469914,-0.010799187418820574,-0.03173675886082326,-0.13030355591033452,-0.0015474203428740385,0.08087182825955677,0.0019729026494673648,-0.011531996069922733,-0.03279763029386108,-0.008770750915265708
811,0.037585608980473334,-0.12854594703416386,0.014810013629829222,-0.03623075170567148,-0.018820035897228478,-0.18215455337863723,-0.004482848503880135,0.07700810650347834,0.0018700494270086348,-0.004713279627423125,0.020944854711348642,-0.015480806419354974
812,0.008168675626651328,-0.14870814304711039,0.009375760663043043,-0.041072650022557826,-0.04964951899721257,-0.07291187767997415,-0.0037836865129659454,0.07105415050659758,-0.0008721362114766885,0.0037718781680582945,0.030290269482205808,-0.004935372924053997
813,0.010627467244418152,0.004701404710491232,-0.029631096687173782,-0.028635197509319997,-0.0025757732069834356,-0.19516037794575633,-0.00866062853887806,0.07779844287101711,0.006174193255517638,0.0032999765837635167,0.016174958232478262,-0.004795229933426568
814,-0.020173540824669187,-0.02191112165394422,0.008194372639788916,-0.019457110670224355,-0.021323829025147602,-0.16710897179975256,0.00043763483580964795,0.09550786401459174,0.0006449231973534836,-0.010309856987260889,-0.022276376025656148,-0.005456200677751129
815,-0.04860981333909111,-0.07762065059126565,-0.03531358358966972,-0.025930740351589987,-0.025990109103719385,-0.0744196649085565,-0.001408010372338691,0.07741921799035427,-0.0020703285298962356,-0.004581761242681328,-0.0062736386910179085,-0.013168818316475763
816,-0.020080878793627667,-0.020762906219685535,-0.04568504932609433,-0.023097212849626007,0.016526616042755654,-0.14179495679357124,0.001402813266933232,0.07548463596223519,0.0021126731224144855,-0.005290917861311761,0.007511800969123676,0.018661053299146736
817,-0.008667155466070523,0.015200440389303509,0.052435225555545174,-0.049610409231703526,-0.023425733160393734,-0.23675076196707454,0.0022926331216911486,0.07035936236907042,-0.0028376156722462764,-0.0013222377736993463,0.02513725340505954,-0.009963547837154687
818,0.01929823883077884,0.06293640411674653,-0.03785117608997652,-0.05306780957208345,-0.02772205007327251,-0.1545949087291307,-0.0006248716760106121,0.12591799854870508,0.004668697382863801,0.00010578073232221886,0.03989014251318888,0.0073027959228559374
819,-0.0149259644359835,0.012354156638461953,-0.05110792629284593,-0.005630589123466115,0.006845625897818023,-0.05573207279237021,0.004576659368404538,0.04417816490040044,-0.004598538062287681,-0.002232967431847411,-0.05715943168645808,-0.0076995508853631165
820,0.006410239013752876,0.024399233182167936,-0.057438651439822255,-0.021347696039097166,0.028265627928012765,-0.06662283955501601,0.0016341010943850042,0.029887245314516538,0.0007986426436545754,-0.007553173966228903,0.004535930368588654,-0.011588971516977596
821,0.014879072402329009,-0.004833638678510294,-0.050261090862459154,-0.016465392338703217,0.014942440534368278,-0.1344518022723182,0.00191770839903659,0.052000810840131334,-0.002302057218338108,-0.0005366596337213924,-0.037080888840664884,-0.0034972919613053617
822,0.010234890544229196,-0.07048669787829943,-0.015459968481497197,-0.029321690354929927,0.0017467076392462067,-0.15279500187629816,0.004563251602393901,-0.042219887111935,0.0017663607418498645,-0.007973593156271814,0.06904889337739321,0.0023075699821454177
823,-0.01635653824256823,-0.005444818443448069,-0.06698423964442027,-0.02197040725754441,-0.02969846367273306,-0.15700175828861046,-0.007775706017950669,0.055495497782449034,0.0013800008108325677,0.0122402213822143,0.027369921850637732,-0.008400389502246038
824,-0.037589862134646025,0.020626079098871892,-0.0705931468004385,-0.00531783872530654,0.020933523327745843,-0.04807754943799178,0.0020806550956353684,0.055923105794422896,0.0016053721040695578,0.0011059451522341115,-0.05457664056534162,0.00506112083672497
825,-0.01285830935486676,0.03477207994950058,-0.0906206021895493,-0.016151621077168773,0.01738635763051028,0.01925772761197575,-0.0008962481925785195,0.03752454805511668,0.002398635673476856,-0.006150412230260811,-0.0398878287733812,5.470045998301077e-05
826,0.038167314246420815,0.014362787042182882,-0.1430124410126285,0.00567083745753854,0.014445038002166542,0.09524890476069617,0.000575307162488189,0.017646382929276665,0.0008148538195993843,-0.0043029503020374366,-0.034866618108717815,0.003720868472335546
827,0.013692199268581744,0.03362691428794985,-0.06059189905909864,-0.016420926390468417,0.01676622366328458,-0.10428146953073039,-0.0013890547067741752,0.04702624517032469,4.31491139513902e-05,-0.001420411172876246,-0.011180079394638377,-0.003871483250101269
828,-0.015136828266888074,0.03161790258690851,-0.07170472278574631,-0.01018229086981988,0.028297036522941924,-0.05211646107147654,-0.0016913708771363245,0.04436996337311787,-0.0001128148210870713,0.001076123809914193,-0.010938283427340578,-0.002318283897372076
829,-0.02046597910634144,0.03667518722902428,-0.0700835875761237,-0.015401373125036508,0.016795113226473986,-0.07838990117037176,-0.0025948145271718474,0.08872781285879093,-0.00039484074277410886,0.0011955273488279813,-0.014312929190010983,-0.008255604426994965
830,-0.01222966701278275,0.03593614234998959,-0.06162352644869738,-0.00912904426671493,0.025694523407777812,-0.053794785571887986,-0.00310793731861615,0.057604545581536604,-0.007459488629291281,-0.006637462314060702,-0.04165442632600988,-0.0011632620990709103
831,-0.02170742683043427,0.03161153842100147,-0.100224356873959,-0.014429201163386689,0.0162946827106896,0.016218545879425627,0.0010678098758692268,0.06232959154538649,0.006768577205470224,0.0018193382498086223,-0.010671218703843185,-0.006620967112376048
832,0.04582035773763616,0.010365237262781657,-0.04100073584112394,-0.04393561477880204,0.021005477000662454,-0.18690297684017837,0.005046998677704833,0.09893370855306038,0.005187746813908283,0.003220595141260658,0.029098608825548416,-0.007004404138291669
833,-0.015510585250393373,0.032099123172472856,-0.061620014650214334,-0.014532449239065196,0.01856924408389599,-0.11190166970391963,-0.007040583331354767,0.0667573154576444,-0.004490925248910484,0.009746337168130184,0.00801051795366362,-0.0003130932397746493
834,-0.015167009789814256,0.029954044763236536,-0.07720228964096397,-0.01622288538178871,0.018529132053693925,-0.06159980172493833,-0.007724663169755028,0.0505815008932492,0.004832698381722637,0.002150837136454914,0.013656013460894905,0.00027535447146617844
835,0.012747318551818135,0.04121327106935076,-0.10019726913293328,-0.020263982376055145,0.01579265801713,0.05244819061605955,0.015256585008042134,0.008047053020590009,0.0060345803834085535,0.00450123079123689,-0.012085186001596688,-0.009685939595628388
836,-0.01535503683250541,0.03704888118255341,-0.10972138917649343,-0.015253346484397336,0.016154043635169254,0.05740103699733591,0.0015877895855670053,0.03229320959241973,0.00016315830030844548,0.00014658753280324545,-0.07184461326075423,-0.005835636904980529
837,0.027486617679556315,0.0304490538897409,-0.10786347099228852,-0.01649436777841118,0.013698371379172925,0.0891072161843033,-0.002931147682051179,0.022528797394409186,-0.0059989866742109705,-0.0007131463262391443,-0.07094673302041954,-0.0014904807066848272
838,-0.014243137574054477,0.03969453913933924,-0.04887045263624893,-0.013047222813356034,0.017648873389509965,-0.16109849686681216,0.0004566695662027421,0.07342737246766433,0.0018687032958120446,0.00446417540958825,-0.008341719698697387,0.0030968577787934782
839,-0.014228924986732188,0.032562833764240524,-0.0862334625142088,-0.009755066173136085,0.01735509010136581,0.022765412731977176,-0.003144401085256193,0.038185101408606405,0.0013083845774417926,0.0019956319329832734,-0.04202651997869279,-0.002048763491126685
840,-0.036951074670647996,0.05491046927860225,-0.08651064520988302,-0.007439320906261384,0.01999952512314799,0.017123011357969925,0.0006401888848469026,0.03152943832702739,0.002312655933818932,-0.0030983071458465477,-0.012317743144490596,-0.008595161917813673
841,-0.008294434272374732,0.03371376625253064,-0.05455413784415805,-0.007211656498929977,0.024896878911469165,-0.13179637417802498,-0.0020204917019772633,0.07191051040592704,0.00047928568343252263,-0.0022880274094007175,-0.03461527584443515,-0.006160027001233767
842,0.011806726524631557,0.034294794431514244,-0.06767050889171078,-0.018570130313465442,0.023948268703359563,0.02027541127304828,5.620437848424992e-05,0.024418223365669626,-0.001813028078753033,0.002261633201248397,-0.013490370521643763,-0.0033894930485663783
843,-0.02837067556810277,0.046419887169508255,-0.074136050459753,-0.011770328983085398,0.017379838183006792,-0.03004881845323659,-0.010078448925712372,0.09299648630112367,-0.0004119184101377798,0.0025043270410423516,0.03571333483881314,-0.011897281727533921
844,-0.0164676331147565,0.03208092385140056,-0.1085510663029672,-0.0072154044805657624,0.022383523251869715,0.0327106072741847,0.00017392245684715873,0.026310864274323845,-0.002178176466075807,0.0011724785178441174,-0.005404911143863121,-0.0004476325606830136
845,-0.020370336303906774,-0.010125268940257082,0.024403026117102017,-0.02727313788848639,-0.05827007476707537,-0.09346673630200392,-0.001249520450832051,0.10469742580406849,0.0021270165780469747,-0.008743190053116212,-0.0625379164829128,-0.003330280568960573
846,-0.02802973726074397,-0.17504459833886085,0.058664368140856245,-0.021959751338986432,-0.044837543665725885,-0.16247979187627268,-0.014923832121228695,0.08807390584482126,0.0024125513275446153,-0.01279103073900079,-0.01282701080459223,0.07406242195045877
847,-0.02296832581780716,-0.028052809050098573,0.02121624941940253,-0.044717159652965625,-0.013492430468027469,-0.08769436001224752,-0.003549773200503903,0.09783602401272348,-0.0022461933040005136,0.002842524192913036,-0.0057993854938616215,-0.021567886068845573
848,-0.020891276010697388,-0.0862939190783857,-0.055338288424428624,-0.007063841089298072,-0.05731398405995903,0.05053670119090208,-0.002781003833162782,-0.07544459639840553,-0.00060023065080497,-0.012132960514894984,0.0428981181771916,-0.005353016099584963
849,0.0577065436333364,-0.11020015803365577,0.01584955422894367,-0.029758060591056866,-0.003815738680886145,-0.17641242221015738,0.017633368650912536,0.0438198763088728,0.006654728823891075,0.010869398999099899,0.019833211765802352,0.10796134707004158
850,-0.03939663028441487,-0.09637668099529319,-0.009966162004844068,-0.026474118042996226,-0.01981279830343722,-0.17906436011127583,-0.0003252605912843062,0.054189359064373284,-0.0017697299081454352,-0.0034213333558976485,0.01328108089035761,-0.014279802326629487
851,-0.025385146421849355,-0.06550398321445174,0.005672837335102237,-0.014172549597524398,0.0018880830416219921,-0.15632242182881312,-0.001793192740518346,0.07575650816908835,-0.01781587556997983,-0.0038193587173668366,0.033401521869483954,-0.01765828829810788
852,0.022688828273948813,-0.08962836918406843,-0.005861607528423271,-0.0197451611816301,-0.01292096999897866,-0.11784921644236997,0.0015986426598154514,-0.07388114239195202,-0.0011693627414064165,-0.008036869431216887,0.018183706496803922,0.015195440927899383
853,-0.03660913690832206,-0.08346342446733554,-0.027207349655848808,-0.019540887739449744,-0.023613254691716868,-0.11565291748897456,0.00784654515113624,-0.06861092332283693,-0.0024652060780719497,-0.008178494727579685,0.03128899039716426,-0.010126870292272501
854,0.06018395272070491,-0.08915258330820314,0.0007187424474702532,-0.0032453144808951505,-0.036584189436849136,-0.12287051258432713,0.009711818185884423,-0.10098257909834042,-0.002406072530138933,0.002102720355771018,0.017451670095386656,0.06114074306427643
855,-0.0348824225725703,-0.056886265238921326,-0.009783051499335638,-0.005102127715541735,-0.051343100126001885,-0.1536652094100815,0.0037694523995746385,-0.07110391181612305,0.0075180051458383895,0.0035026716464460483,0.033169154910370174,-0.005532756801308089
856,-0.013012210351262665,-0.09325732791378873,0.008254858444909691,-0.0187640078089187,-0.03906408832828873,-0.18971293488910063,-0.0004364646934013714,0.05528274168217875,0.0012237116248507733,-0.0038702341069994546,-0.02116897423992493,-0.006274256680003055
857,-0.015230873429410345,-0.02536240191603053,-0.032767212337004734,-0.029354344817494823,-0.017723542137374083,-0.2446073347833136,-0.000719316519741797,0.0817669534674594,-0.0009881422794471083,-0.0026697698094012845,0.010159330577788511,-0.005742456847053235
858,-0.009891831190529308,-0.052908516160300706,-0.04738033331539129,-0.014892711078873086,-0.0016812120851719015,-0.18242805351970504,-0.0017461394921517415,-0.06164760151229061,0.0026205964555910746,-0.011157398115058892,0.024829088733326378,-0.00888594566806493
859,-0.03705965880122784,-0.09870950650841775,0.014051803708244435,-0.031503542698771037,-0.04764121391732108,-0.1747079759315489,-0.0020486260762479372,0.047907831953368014,-0.001446933066203428,0.0015454346556469177,0.015691103322841987,-0.010425626837299423
860,-0.014263371958575266,0.04745584426195173,0.014021393718785679,-0.04414048402715835,-0.015559141309276762,-0.23728970111028352,0.001314047831058401,0.08423186261104043,-0.0009342163483673776,-0.00115576809249043,0.03156381623945237,0.026127403811264122
861,-0.019467840650658243,-0.05959421363669242,-0.0346666082532938,-0.030255395577661392,-0.006629425887271745,-0.15933842841314524,0.0005264772187860659,0.056721952159221524,0.0014097556018011275,-0.00645963938006605,0.03090966762670341,-0.0016003907569108592
862,-0.03965847319266757,-0.07735581242634124,-0.03012443269373102,-0.019409559823898366,-0.03444836170342954,-0.13786176490209165,-0.0019221462539051684,0.08545071356672898,0.005434055203897888,0.016240888801922745,0.006744238859609741,-0.007940665811791729
863,-0.012052405864466197,0.034966085623451715,-0.06317828651566042,-0.005958330324937697,0.026257442326275502,-0.047835893398132795,-0.0011012963022958816,0.06353138999754541,-0.0006021096241279714,0.0005892200166262286,-0.054716119191694404,-0.003937481825122449
864,-0.013425800474503093,0.04052957317805228,-0.09610837726868489,-0.013000556669079691,0.017563831583744836,0.03032640483832825,-0.0011483498678347074,0.03553507710777902,-0.0012440796464864442,7.552347023274574e-05,-0.06181004641005551,-0.0018670606136623274
865,-0.011429761584421997,0.03224834007887876,-0.05941935028327583,-0.010219507852951434,0.02025739631621741,-0.10515981541111159,0.0015805572208146353,0.06987804186127522,0.003238633501435192,0.0017307404928163924,-0.034484978039027926,0.0036950861261342274
866,-0.003430596389217544,0.033106293616672146,-0.05453318352403263,-0.0091398308629395,0.015615258152461427,-0.10586473986204202,-2.0507771583569144e-05,0.0680911049859761,0.0007316515584324193,-0.0028635594080393865,-0.043388187175226654,-0.004475410129003876
867,-0.018038329612481373,0.03780578807502414,-0.06763678420208716,-0.012676141136585753,0.012069486406738635,-0.064704995507965,-0.0009605848978852754,0.06864451208820868,0.0006267285301804877,-0.001695177585493724,0.0061768035374854795,-0.006649794245596958
868,-0.012018938649230778,0.034457828814982105,-0.059791974928706436,-0.01158566192739115,0.012755400713544045,-0.13626635217486657,0.0011098812217419027,0.06751679716499956,-0.002865051084711734,-0.00021797202466388197,-0.01129203982194854,-0.001848958961808483
869,-0.015683476726744267,0.03405335419803614,-0.11745460836953595,-0.006347879927521213,0.016486982138015072,0.08472716522911934,0.00019040359961059868,0.03243915720163214,-0.0010800794372555099,0.0032239472154739226,-0.07594735419702658,-0.0080299933980343
870,-0.011404835766977773,0.032273406212921796,-0.06632537097722147,-0.0061077235526824135,0.027879045149107926,-0.04817013591057893,0.0010609969529558054,0.06086531075524374,-0.0015994834776742086,0.0020419741792610255,-0.05258389693234694,-0.001466227608902486
871,-0.00972236446870173,0.04467064403775728,-0.05265286877714304,-0.005622852202568725,0.02105533759121728,-0.12178137117491583,-0.00024737396306610094,0.07713821692280134,0.004198011738086272,-0.008745993646223091,-0.044474231077004454,-0.004056327060518713
872,-0.019405112357058468,0.0346000569035689,-0.11784226793000828,-0.009936277799941466,0.016649878232555572,0.09001762945507995,0.0016306299444873618,0.022962946153703288,-0.00021126093041911275,-0.002179551357257596,-0.0019485118994509605,-0.008043034450510316
873,-0.00854284298686704,0.039825016769200854,-0.05604943633976459,-0.008556006274875917,0.01743946444541677,-0.12534545038765868,0.004466208739872621,0.07388643694892108,-0.0005778711830605396,-0.0028076461068279068,-0.008242977967003998,-0.006387214172144248
874,0.012902647448031596,0.03970217280067174,-0.05702841091136314,-0.010506977116704286,0.025076271431797133,-0.15039386337325247,0.0011596736429987397,0.06975522740764444,0.0019297393451362045,-0.006051892312554706,-0.007939927454254085,0.0005442431324518605
875,-0.013171069332691207,0.03803586943861607,-0.06736333118528753,-0.008763456835894676,0.016208800671773126,-0.056676904575701285,5.821517978361045e-05,0.0602118404324804,-0.0008804778261888985,0.00035080532708023967,-0.040580107558325834,-0.00549243166160435
876,-0.014628106876835589,0.041648859705746825,-0.05252597632505305,-0.008190855436629391,0.027017712350083507,-0.10519338851420783,0.0020690599432184697,0.05231851915941055,-0.000679726042438973,0.0003476198849497614,-0.010078692440496117,-0.002840327929420064
877,-0.013797907424770427,0.03320780167107974,-0.095322173055767,-0.0133784424555659,0.01939689050566726,0.0372460333869763,-4.101791748452899e-06,0.03510952666300698,-0.0017400886211797826,0.001381391481050995,-0.07408826033944463,-0.0034908155675126827
878,-0.0055947089257882025,0.0290653914757086,-0.060069125229418596,-0.01044323369469932,0.014326895744699275,-0.07893100806301652,-0.000746463770624854,0.06940314587733998,-0.0011830806982527971,-0.0002597657368260556,-0.04466071682948364,-0.001273179496315831
879,-0.012084868871091899,0.035209154698324696,-0.08956073469983303,-0.0078081854014192395,0.022436701964011686,0.02797201326442386,0.0023538763893530515,0.04176334223972887,0.0018135867572228522,-0.0023674809655825995,-0.05963831106461368,-0.006580210569488717
880,0.007261712120971124,0.0359360902943169,-0.08949662832111416,-0.004932963479400513,0.01928646778566716,0.01814726204955732,-0.0006518689716829353,0.03909139075025018,-0.004671376451863766,-0.006381754590270829,-0.06715342648980158,-0.00021836022507987687
881,-0.013557709800449947,0.031139653193715516,-0.09407146972051364,-0.008043232186437353,0.019344122677988344,0.026029803500188367,-0.002971015511946747,0.043185260045944446,0.002252526045329331,0.0027383444470636294,-0.07379834239177317,-0.0035000857506814046
882,0.015325295366320149,0.036361226564590704,-0.08752356546635041,-0.012876873143377227,0.018624596666238443,0.019722721145404846,-0.001964812020512073,0.03834691638945309,-0.001838184317559845,-0.0023959791864001695,-0.06457268108481341,-0.008816770489708586
883,0.054588252364059196,0.02852251407618496,-0.07612631560233797,-0.015474010131414074,0.023787259546339787,-0.038605887153253714,0.008493559880933095,0.05439845904403741,0.003590102970731931,-0.011495601814717142,-0.07704276978229076,-0.0010633389274860626
884,0.009933073177205494,0.05066325052592946,-0.006045160875056351,-0.011042614251512928,0.017528843546448396,-0.1499220453571537,-0.001253099391123782,0.0540809903580174,-0.011421864199412816,-0.002197289447942121,0.006333441799354347,-0.009322128310811799
885,0.012033870683786797,0.040976545419442977,-0.09013044373910217,-0.012677164712895983,0.0161607716379548,0.010716685222112858,0.0005743576622094811,0.033335665185200945,0.003935680654819028,0.0023890035405065868,-0.021617492294436172,-0.0020993320736762927
886,-0.012305169310882689,0.035461703125652104,-0.04683391649581257,-0.008921465523781731,0.023829215723421778,-0.12593807359534862,-0.004911284270864181,0.06316266887524603,0.00027240160326958107,-0.002819114930838579,-0.03593482936809966,-0.005051407392087557
887,-0.014576142195634183,0.03867645549654154,-0.0615335296771866,-0.01418190515075938,0.01997916820624577,-0.13217389318515738,-0.0009329072274347978,0.06696524497880973,-0.0026989178966047044,-7.824806092098648e-05,0.005865270407404465,-0.0008701431619037689
888,-0.02231196966671797,0.025846590567724353,-0.08735235695857546,-0.018355732745984014,-0.021954088759269057,-0.0894466626649693,0.005704393147505191,0.10566257112239923,0.009299742826588513,0.004776633623668272,0.013776221345701343,-0.006086554117735122
889,-0.012746231670222263,0.04428290872878491,-0.054347035873352316,-0.012323979833093694,0.01792897998575497,-0.11569160428081983,-9.52051725130728e-05,0.05770750683542838,0.0013009542740717902,-0.0064737869798597875,-0.011995963013862892,-0.00738194440250169
890,0.0452136237852026,-0.002083236520427373,-0.03834009661953516,-0.012347410568924286,0.030023780408445267,-0.17002803947189066,-0.0011178705930211513,0.05510602703240853,-0.000977867579456827,-0.0015542336538332622,-0.0035967117346898093,-0.006982390183778807
891,0.016470039163621643,0.02536552991634231,-0.028400494180080404,-0.015584529110628393,0.0299997251135452,-0.1432875258141438,0.019311876583756042,0.05896662150283904,0.011661284313741077,0.004856939446640296,-0.045875522657429654,0.007957744949465453
892,0.03160395898495585,0.03631186981602371,-0.04606772366852136,-0.013882884042403208,0.021368423239475128,-0.1127168695174536,-0.0012319207830890203,0.04950156723879306,0.0011688324022392045,-0.007212967904555928,0.00880009926508256,0.004091108765719004
893,-0.011371116281918047,0.011591816659426622,-0.05569851508121295,-0.014506738748182929,0.017562733876479487,-0.1385326359910488,-0.0011141849431893986,0.05432585318731976,-0.001757974766295975,-0.0007723237229313208,-0.007505747512536288,-0.001577041764614641
894,-0.019735870280456463,-0.023909102928657378,-0.09296656976448087,-0.025720733535978414,0.014251907858499715,0.052914075315275505,-0.000769425520693009,0.02038940528731073,-0.001077897824815201,-0.0012333838778111153,-0.013110421106453827,-0.009174325949337779
895,-0.010402361947557996,0.03183334360788623,-0.05546331974498992,-0.010316034995311347,0.009856154463875708,-0.13876106168973437,0.003375663919448019,0.0685446201655127,0.004858808271750751,0.001694734870481501,-0.038903506002083296,-0.005137079125655103
896,0.030153436009541346,0.019859788200725436,-0.05635151030188303,-0.023876913436435783,0.009771211852188929,-0.048959104214464005,0.006578194052462888,0.048211021726974154,0.002758373044087064,-0.010107471462198423,-0.0617614919415901,-0.005606338325155286
897,-0.010056513671282033,0.03427941607161983,-0.05657347512949296,-0.010354987296217259,0.011753479995758855,-0.12130498084579712,-0.0011055948876250148,0.07246013380207668,0.0027445971555490555,-0.005574101651019008,-0.031020754157481265,0.005251648835076878
898,0.007771538036905599,0.03238295014691634,-0.05624362407389085,-0.012848609904470438,0.012988848001477706,-0.10132610941224199,-0.001436521476163144,0.06808264598355233,0.0024935960423136737,0.003568121394838477,-0.04664604994024496,-0.0016486940879546833
899,-0.008205320149285092,0.029183999801121702,-0.05472734594453139,-0.007537159321170936,0.019123377382258236,-0.13539884182230796,-0.001549839512183947,0.07318528566550164,0.004316944562937401,0.0015760266850095273,-0.04906126244979951,-0.006218899955821883
900,-0.010909549189378661,0.040898285761114456,-0.05590638894122725,-0.007623726313820917,0.0189901961431095,-0.12922727228324773,0.0022465595096084557,0.07253283827104551,-0.0023582756424863093,-0.0005034015059159041,-0.0286147525161755,-0.0015713818183802934
901,-0.009700921827949363,0.03547944593232468,-0.054914343542794945,-0.006726432339499114,0.018881025374954365,-0.13228240916669953,0.0017023404703909333,0.07079474737712857,0.0015224213989114535,-0.0018332959845385169,-0.040332575112850176,-0.005733272889293137
902,-0.01142417591390482,0.038086303832021426,-0.053089977762056054,-0.009948184347581874,0.011482722366461038,-0.12653324748032793,-0.00024174839319670034,0.08316404067356911,-0.0007993317669898005,0.0004162944367203905,-0.039741397765789,-0.0048768163891846515
903,-0.008977634151675901,0.03922692998134534,-0.053231016386511384,-0.010594056256859158,0.015673561491306203,-0.10493478795192203,0.003742511320904628,0.0758700859273616,0.002760460628629667,-0.003327192748343712,-0.042837930386394725,-0.00527474838236698
904,-0.010942179976551279,0.0377315912246385,-0.05653147435479582,-0.005985399264651645,0.023243532732047857,-0.10138136962142948,0.0017299777266942672,0.07377443640716945,-5.610218432900849e-05,0.0009544833765729863,-0.04043321946129573,-0.0024452673979935852
905,0.013313997260754985,0.03121779923939393,-0.056857319098888484,-0.006909332342390523,0.03405210116276154,-0.1595852464782604,-0.00042728416945916425,0.06463002959810417,0.0007759390275061454,0.0005044199611329919,-0.05647423201977315,-0.000912418401026514
906,-0.010756883917047447,-0.04736880897287589,-0.0419031892725853,-0.013187877083868132,0.013043292373937546,-0.13206091793732297,-0.0018639763382331009,0.06362519026671783,0.005866079118536919,-0.0001069491456152974,-0.03872490527162753,-0.006321664455782954
907,-0.008416384771707803,0.03307703736724101,-0.05405393827251032,-0.01274287733138443,0.013337150782583192,-0.14840414792443823,-0.00021720965206781213,0.0687628053099671,0.00231594485882162,-0.007955143563737601,-0.024836150032494373,-0.0006093738929036594
908,-0.009588958935811152,0.03301696047282261,-0.05473009535890101,-0.00966735576893316,0.009503794675847473,-0.12138226172422135,0.002173005320476085,0.07464173593404562,0.002509092420384791,0.0018422122114717383,-0.04751150554479719,-0.004814954650045609
909,-0.010017300700404647,0.019162133513391476,-0.06196692528815877,-0.005900145984975514,0.021422057859079583,-0.11531722792335583,0.0007180317853731339,0.06363851558156604,-0.0005656713342047545,-8.306379910390573e-06,-0.05074013105631935,0.002667977229944026
910,-0.012142879019605275,0.03171046576064404,-0.06702791860544051,-0.01308233479157446,-0.028197357215111192,-0.13779475155344578,0.012950102141942326,0.03927825776218004,0.001483397292450989,0.0021758595002161316,-0.011095046780618987,0.015034582559850535
911,-0.010408841117472431,0.03480915478876825,-0.046978975630477295,-0.01326747574804079,-0.01102213340880476,-0.1443992820561306,0.0011743017619959852,0.06585951192407713,-1.722164290626905e-05,-0.003326625869123691,-0.04297081596271578,-0.004180870643361247
912,-0.012373502588037558,0.03633652049102284,-0.06046671637038579,-0.013133048683621305,0.020890675227128116,-0.10417869637923236,0.0006148173344762263,0.048838370626304244,0.002533769795571135,-0.0061311161291927735,0.0047505078968644735,0.0005369297252831282
913,-0.00871283612798015,-0.006803299891177645,-0.050049042338222084,-0.010606687945027995,0.009695582629382148,-0.14293391291784313,-0.0038667880762290486,0.06249688278251358,5.8573786997971535e-05,-0.004109661159480083,-0.0400567566135776,-0.006381964284327648
914,-0.012737849662773026,-0.009321858420806867,-0.03746072545065587,-0.009249795816505703,0.020586068796699816,-0.15844724701899895,-0.0005134463206851599,0.05549396190974802,0.005309295661222665,0.008411282313764992,-0.03528256476271888,-0.0029679425623944516
915,-0.009796233631977612,0.008297413023476965,-0.045936047205640686,-0.01363508416749574,0.015091319896143427,-0.21577131598599603,-0.0004579575483466747,0.055374658187381146,0.0037027489462299825,0.0023558813897002354,-0.020137643446672612,-0.006592524109270266
916,-0.010580128608670697,-0.05392170086254877,-0.03842305387866108,-0.0148893224300218,-0.02814008563534685,-0.195273674630927,-0.0035447873521233094,0.06811689932766983,0.004249501266071056,-0.011270515172448274,-0.041316036462932255,-0.0025784212115182704
917,-0.009284427393501738,-0.030147565311016627,-0.053566166861902895,0.011560925957201994,-0.025299435598330616,-0.2309368879844233,-0.0008052470736495112,0.05194210127023816,0.008490021115641873,0.004861096281444153,0.013218257185494018,-0.004045097807988478
918,0.030343892325204253,0.03852122401733482,-0.056678143907476095,-0.015519260877309229,0.01203924731089511,-0.13495636810733752,-0.0015501945278579019,0.06089967117234562,0.002449950904916833,0.000982519130131647,-0.014128176082033678,-0.0027537595469094307
919,-0.006674960860118788,0.03237375284074951,-0.054514150633783565,-0.010469693813000279,0.01022681656617647,-0.16816576908128955,0.0019054713352995593,0.07154683444199184,-0.0010432084514372978,0.00011542272141836364,-0.04460755071628458,-0.002196710740119447
920,-0.011150773714249333,0.04051158610415706,-0.05346327627979981,-0.006605854921858221,0.018713863164625692,-0.12096381832306231,0.00043829608457902295,0.06996963812565933,-0.0008665569195819703,0.0019093378348655412,-0.032928342098314654,-0.004637188245077223
921,-0.008269111414496847,0.018505200629546144,-0.052407695787529456,-0.008804266703328309,0.01639615688450426,-0.1977215935783448,0.0013714365839191547,0.06262627866857126,-0.00430645560931503,-0.005813028228781122,-0.04517355645337159,-0.0005518852961568733
922,-0.009996687335924499,0.03549165883592144,-0.0541145528326469,-0.008388316964086434,0.013873978182182714,-0.15772293899750053,0.0023857266776997755,0.07041297415488434,-0.0006196004396243197,0.0016620091853000688,-0.04748528808114889,-0.003770063794470309
923,0.008257106628202294,0.03414880597275206,-0.05338062809445078,-0.005530139059861023,0.02131692931700739,-0.1445117366730364,0.0009549922837446682,0.06256339472997037,0.004057805191844476,0.0012626463757345815,-0.045629360977795165,-0.0047933845843951065
924,-0.006339141138403674,0.03533006437614774,-0.05608529287388932,-0.005008775855000997,0.020684024238378434,-0.11451868873696701,0.0019020867908362004,0.07063383934641822,0.003459512704966305,0.0010285273748063383,-0.04805863893937768,-0.004803428894088347
925,-0.00729501703092624,0.044295294349621185,-0.055370017336510216,-0.00603938256324151,0.022093544124634133,-0.12036852775852702,0.0003893874971350502,0.06407538011437339,0.0007398392671180031,0.0004361904836206552,-0.049918109338918236,-0.0015868089634605033
926,-0.011245157552277884,0.03738054124284405,-0.05452819005120087,-0.009372364385673342,0.01469011534239956,-0.14341484931541104,-0.0006276400041816489,0.07220136491466828,-0.0006314134810751494,0.0005359282693171352,-0.04045413078077799,-0.005650825062063748
927,-0.008526094684060844,0.02757113365726936,-0.0594707695774085,-0.009482557533001618,0.019355465779432302,-0.1491622640957497,-0.0027835732733862864,0.0723196504448458,0.00169961706766946,0.0014752792540284824,-0.02977877342594218,-0.0019279791899166035
928,-0.0044537235169643755,0.03216190502734995,-0.056076372733138556,-0.00670232144045887,0.01844475509151252,-0.18005213717374702,0.006509872356542536,0.06920601585392001,-0.00016578978289679384,0.0028925291294227846,-0.04482252803741888,0.0013628762746258497
929,0.009279500286208456,0.03423114792282165,-0.05849453967196866,-0.008231911566800086,0.015028760877798043,-0.09552737968456396,-0.0035663997534439947,0.06383689477303685,0.0033753915847928454,-0.005809446679323328,-0.02074909625892524,-0.0004687151566498471
930,-0.009231137674387784,0.0419603531258612,-0.053007831500932426,-0.008276172791387652,0.019304283729747202,-0.11919446651845048,-0.002390756602756225,0.0779335412668444,0.0009455727150240442,-0.0008160671183872221,-0.03991086243452586,-0.005226285242208402
931,-0.009321119660277004,0.03424428726493393,-0.05451015218294936,-0.005075898625072821,0.018652377144621684,-0.1653241825817609,-0.0009616117448215473,0.06531490759427495,-0.005257855023899253,-0.009243934376448652,-0.04065938081816534,0.0007765613975363791
932,-0.012614409647957299,0.02650786052058231,-0.05651137257774909,-0.006618834150906153,0.020313969598605715,-0.1844807374075118,0.0027071526333872944,0.0639868058366863,0.0049857775473116225,0.0014755480300442621,-0.007097032765782106,-0.0012708464538823561
933,-0.010259893248475545,0.03366832256682301,-0.05445096803375307,-0.006833614592695223,0.02052188847485542,-0.14217878425852162,-0.0006336396323412811,0.06715202662581927,-0.005944118218921199,-0.005384907505793038,-0.026656597157848634,0.01799637910310023
934,-0.008685240597559174,0.03522109179119671,-0.05886623598016045,-0.004011944670332446,0.019384956732197187,-0.15033596429025042,-0.0043074303582798885,0.07047562734768789,0.0019270813222232311,-0.0021806016719319414,-0.018064999518129825,-0.0016180659485119135
935,-0.007666208959503704,0.037362780609647206,-0.05608561603809699,-0.01030255591055125,0.011866597971055983,-0.14357350710470335,0.00021558317432990583,0.06726932935435087,-0.001252955533720318,0.0019332175496438047,-0.0335466300120794,-0.001853533333052532
936,-0.012053469039670563,0.03846515843667899,-0.05793482455650594,-0.010763614820707354,0.02177472486266001,-0.1302126929515872,0.001904526593608691,0.06805391133900125,0.0006589813526680917,-0.0017533366793639614,0.004053718607165824,-0.005358676250761774
937,-0.009902304372957863,0.030432781055832584,-0.0556089612096997,-0.006970663946716869,0.017799379294909497,-0.155514286678425,0.0008283428578846981,0.06831683092476626,-0.0009701930045661603,-0.0003282338766159937,-0.048995701618812795,-0.002477718886850586
938,-0.010949250051500414,0.0363984448069331,-0.05739170253415709,-0.006256131933166703,0.023174206283299786,-0.1008857371987449,-1.720208377661107e-06,0.06927525471808661,-0.00166569210165807,0.0004097050830026404,-0.051835206297602264,-0.0044566824135476345
939,-0.008439057254471496,0.03260327382614798,-0.05764002838681124,-0.011220278483329996,0.009724467193950037,-0.15094221315802175,0.003800865401357255,0.06631553696034354,0.0045608301008726575,0.00221421383377919,-0.026497466016683558,-0.0054399179402082306
940,-0.010635004202464018,0.03428545490908549,-0.05223094198539529,-0.006187817819479403,0.020779794045443167,-0.16628922832722462,-3.134681307869218e-05,0.06562241698068089,0.003302285540362748,-0.008990101762081275,-0.04999180358034051,-0.004023598456447951
941,-0.01112058865508513,0.03914058872390127,-0.055338934695416814,-0.009109527824477845,0.02402060979285729,-0.1419896703635047,-0.0017812533863459869,0.06856350504705405,-0.00030599242679261735,-0.002137592365427962,-0.013113950760012764,-0.006466695762461156
942,-0.008678110843221816,0.036591347671634765,-0.05749869217255572,-0.008150724468230857,0.014343189908724832,-0.12083859154720322,-0.0008782134246127518,0.07546308017043654,0.0008658612078665143,-0.003938853987678863,-0.04150217636340541,-0.003826110067088846
943,-0.009735813603709589,0.03993867505590061,-0.054907108974981626,-0.009438390198815629,0.011368619177721796,-0.12813137918932205,-0.0018262401442737718,0.07529728121600236,-0.0009692560780303766,0.0011976657115854092,-0.03875798659182153,-0.0035699985109143807
944,0.03165836829059764,0.030904926511836777,-0.06402096597929287,-0.011846202192371225,0.017741032756681922,-0.17537552952075575,0.005282022802196437,0.06509280833230911,0.010736844364420278,0.003099418059121631,-0.06083171107463086,-0.001370397958730888
945,-0.009324812872765155,0.0384872191595928,-0.05373312748588197,-0.007983801115343992,0.018941921735923996,-0.15274484989878628,0.0008356513262316326,0.07069932153151495,-0.0006346643839777057,0.0005628359384058651,-0.045032972080878815,-0.004795093276265801
946,-0.008758861433315697,0.036506332203029616,-0.052244240523839976,-0.005740897767618764,0.021481421510340964,-0.16553456314300136,0.0004292422727423261,0.07048403916839384,0.00013445656316167964,0.0005295951117172262,-0.039549691126544564,-0.003994963628455198
947,-0.00771434462808237,0.0262822360654646,-0.054314554553135996,-0.008758324104545424,0.018035074467782942,-0.20110291728856325,0.0031509691057948507,0.061418922189386535,0.005977412781138336,0.0022049848613853915,-0.005626189237155313,-0.005524861920977745
948,0.008725143051968564,0.032807294246586655,-0.05258858298229681,-0.008679052658251918,0.012775473923570431,-0.14936642152276436,-0.0003945599007386928,0.06901571936518278,-0.0007620008192565817,0.0004566723211023657,-0.04759243562110931,-0.004484978455516826
949,0.016089491417131115,0.032111253771932004,-0.05099934430050096,-0.008268329000204234,0.011852594750299173,-0.15872265861797175,0.0002497778278443717,0.06614121922501377,0.002039236880503185,-0.005541835899248377,-0.041202627709914376,-0.0021090088638036934
950,-0.009115223942988788,0.03394322756067659,-0.06229562837555885,-0.01083759661586054,0.02192656897804986,-0.12091168480582631,0.0009696581126542356,0.063132123388222,0.002848003486625967,-0.005624606824846781,0.008629645118002219,0.00564090394170108
951,-0.010603214366080934,0.03721579246486163,-0.05259682306552781,-0.010940319156436664,0.012487719861648218,-0.1275325777943264,0.0007630785209823498,0.07435928916956779,0.0019757646164460063,-0.005856427989400716,-0.03729274337178371,-0.004625196998782377
952,-0.004499815933310576,0.03845710794893978,-0.05630862915208196,-0.009896776644676628,0.013845709899426661,-0.12811119703464946,-0.0001790009076229761,0.07252606001672723,-0.0017685807553430495,-0.0003840065818788204,-0.03113040535388599,-0.0038757827392020537
953,-0.011731156170220306,0.03378465412268682,-0.06035088391048772,-0.00539680849479639,0.020319996997131204,-0.1267819977383922,0.0005571931208072789,0.07237343303536349,-0.0005753284427645561,-0.0001557495571619062,-0.04972304462286182,0.003052600678534506
954,-0.005451023862490187,0.03771061300492944,-0.057570948890400264,-0.009595909414182742,0.015444060710475117,-0.10522897388394528,-0.0002875642973612921,0.07256066594651041,-0.0017361066384937774,-0.0002687314567345628,-0.03271921342945677,-0.00494648626132263
955,-0.009166653411610031,0.03850835883961769,-0.05114197817156528,-0.008215741113018359,0.0209082001963231,-0.12686295910447856,0.0016057971616208657,0.0733794443916785,0.0009549450820260534,-0.0020005652422743813,-0.039494018014758395,-0.004876438957101781
956,-0.011290965002626734,0.037266148860984935,-0.05624150861036306,-0.012569038123679429,0.013049533172483554,-0.13967710768780664,-0.0001295880270876576,0.07458452248566196,0.0005592180131232764,-0.0016608315218956309,-0.019492160488377937,-0.004163402690119559
957,-0.011468388207560505,0.031373411278467905,-0.054197932616975475,-0.011358784145719806,0.00984969803985558,-0.13933022331812397,-0.004716199722398273,0.07004504335549193,0.006971271182815162,0.0065326252269204705,-0.028083502816545758,-0.006700446856945863
958,-0.005630587159445714,0.02793785977315412,-0.05729322418519175,-0.004657490120900689,0.01974495688292628,-0.15754845874612328,6.115736010467367e-05,0.07002242923596494,0.00469547769930523,0.0010522438272378186,-0.03795699348212334,-0.0024601960740603195
959,-0.007277772952007189,0.03305028946754483,-0.0600541932903215,-0.006446966929901842,0.021725059576007465,-0.12233672141875306,-0.0011411655978742152,0.06857982097084996,0.004382261854063395,0.00010022109757557146,-0.03052059404255922,-0.00022225835446448012
960,-0.004455082246771709,0.031124901492518047,-0.053483411299693216,-0.006171126542462835,0.022132902390729275,-0.1028530892177326,0.004253499658461044,0.07450793142114825,0.01134649497570703,0.0014154623170946257,-0.040100620971089435,-0.004476011524715925
961,-0.008452885075190689,0.04006667365050977,-0.05172460806530918,-0.0077010834231296,0.020837338801669165,-0.12553903316713133,-0.0005493461507220768,0.07902802083234822,0.0014551429195171638,-0.0016388244373548536,-0.0390389042010474,-0.004418274824522735
962,0.021776686372165854,0.03512107526187273,-0.07057825160014189,-0.0115093394078908,0.01304234178571323,-0.12584636479772235,-0.0012544906867921414,0.0664429666838686,0.002129806731668171,-0.005597336004143923,-0.04548166346419828,-0.00046060011069463605
963,-0.00992885549926344,0.034959737179682836,-0.053356963439660114,-0.010013550655903166,0.01156772081987119,-0.1290857175650408,0.0023995955481939577,0.07409769921764991,0.003632468831692035,-0.0004306550400975291,-0.0375074834939181,-0.0007421711672046304
964,-0.005673946630587176,0.030860095056720997,-0.05226391194400608,-0.006022039976230251,0.018645129001790526,-0.17436812403827362,-4.968619883509543e-06,0.07128949715501576,0.0023285208054101736,-0.004390609116095576,-0.04369886781169195,-0.004894644954064836
965,0.008937921213803556,0.03433998863325813,-0.05436048836152136,-0.010262961987427459,0.011475759960580024,-0.12791819406967259,0.0019270601483676862,0.07343802171126185,-0.0026542135076550516,-0.000643652357000791,-0.051229668705341944,-0.004700649810858253
966,-0.010478430778072857,0.0315112782585788,-0.053743142345827784,-0.007173284403155286,0.01760170866298206,-0.1703059706481896,0.0037547752233200987,0.06145728315906681,0.004504373775441869,0.0022299967380170556,-0.030801441085062067,-0.00479641686828523
967,-0.009527532657557106,0.02267529202316697,-0.05079002819741351,-0.007491886232930482,0.016865557345626753,-0.1827568049429335,0.0010992031433345473,0.06630947159926451,0.003732825071809587,0.0010788387858040012,-0.04694264425849715,-0.0007244357913635056
968,-0.0035879425314008723,0.02832907560787839,-0.05915474291514718,-0.006377157586510469,0.02177044861845542,-0.14312609179270333,0.00040335172485879097,0.06668594673044645,0.002951508255709592,-0.005434456564480338,-0.04034829191139652,0.001842421448937437
969,-0.009784210289200177,0.039762073186577124,-0.05331498962313633,-0.007190814884235781,0.017803988790990023,-0.12812241423341092,-0.000258196571654957,0.07574313528575707,-0.0005378135494299222,0.0006496185660293636,-0.03921276678209598,-0.0048779694114204535
970,-0.011537306092265656,0.02563467442554496,-0.06940289733402118,-0.009265638215567782,0.014430186316127684,-0.09323822268613084,0.01214066155826591,0.04739973493521983,0.0039019087346233456,0.002047896564347138,-0.012349763270087964,0.0032603461196990995
971,-0.0061325310519812146,0.03200701545171116,-0.05166519752857358,-0.00807238072321978,0.01690852968019012,-0.16707676161917956,0.0022669247947369586,0.06913818914332955,0.0007259448323111478,-0.0021778982632718945,-0.04327217334809818,-0.0020899670675101688
972,-0.009656467005038848,0.035052631772106435,-0.05281830517842821,-0.008411020491144183,0.013717483741769766,-0.12750071786194245,0.0028243706548145395,0.07217724144814555,0.004065549163709441,0.0013990535327556976,-0.03759350927398552,-0.0055977703961935105
973,-0.01122310360737513,0.03767141713857353,-0.05849978692943638,-0.006679649875926731,0.01848150492828618,-0.1399335105351759,-0.0002948730679873917,0.0690788739255189,-0.001651713353570249,0.00012389640808157073,-0.02538129425237062,-0.004483328036497746
974,-0.008209330795747502,0.0271598139441528,-0.052243911367208885,-0.005861058805842838,0.020970970853776996,-0.18153423635121266,0.0005903240082681712,0.07094616547733752,0.003239827866601461,-0.00588687368279732,-0.037568343199844006,0.0039651175499108415
975,-0.007979224072745985,0.03512168085151397,-0.05325486377209601,-0.009385892160058654,0.013636371480544291,-0.15157372573109212,0.003765491042584773,0.0699452539491935,0.002778396930859985,-0.005536105061452748,-0.04269251410588953,0.000375569377829755
976,-0.010819132395618691,0.0273620609368363,-0.06242472125483661,-0.00930782542493296,0.009323818631358475,-0.16276472077876034,0.005028401538356061,0.07063825194518014,0.0035555642726591424,0.0021977223410516934,-0.04448200377154353,0.0034922277694905447
977,0.005960304669392264,0.03335638659093805,-0.06290870990165266,-0.00590776536283493,0.025776928406795355,-0.13178001493417835,0.004759833018680172,0.07741559516339622,-0.0014133597809360752,0.000670871994703536,-0.04932761354249504,-0.00419309955464847
978,-0.007987517606411301,0.03375733938889049,-0.052746878270369765,-0.011255376060233599,0.01310670101351784,-0.19087195722466438,0.0008548686014029552,0.07029359610366678,0.0005216250258653909,-0.0018495603645448948,-0.03944627339334751,-0.0028026057964248554
979,-0.012967706530030805,0.03795058740365579,-0.05936243401519403,-0.011669230351880142,0.020593379766159284,-0.14764085652290174,0.0012519898273470288,0.06291302175564348,0.0008061462243452018,-0.0015999420838156168,0.007342623797445741,-0.002129216517293974
980,-0.008307857809717769,0.03909708864702045,-0.05890456381033469,-0.008996588048098995,0.024006097465424515,-0.11493701174449654,0.00010883296925653418,0.06555452612614991,0.0008475024075153643,-0.0019319849315190783,0.004004777410473679,-0.005389303288986399
981,-0.011732587425114278,0.03975577796639647,-0.05700288097220554,-0.01153693606845386,0.01589083773860134,-0.13116487397152124,0.0015786159289062846,0.06824016542737853,0.0006048235258338365,-0.002389131791265684,0.004472573963364833,-0.005983518863416502
982,-0.009838301817103219,0.03780090690646018,-0.054725509914089664,-0.009288824358216884,0.02125979218683228,-0.10248719752312857,-0.0007160857856860692,0.07252315828999434,0.0025882978900558773,-0.005106566158842351,-0.0383030860289472,-0.0062174932384346775
983,-0.01612803096582404,0.033866098731017695,-0.06020050800863072,-0.011218292758824652,0.013770439461662225,-0.14916744716395713,0.0061048508527462445,0.06655358080144425,0.0076510083128747035,0.0027927258326805884,0.011159321523707794,-0.003460279641344707
984,-0.004409214343476669,0.02823034068367244,-0.059496271060802366,-0.0090683373296306,0.0158978575681093,-0.13502528435768782,0.002124244408270623,0.0637567261017196,0.002683437386214289,-0.00639567788914413,-0.041330501455063215,0.003952925611859006
985,-0.008350082768952601,0.025121380250308595,-0.056235570788281085,-0.005639623117928567,0.01845874692096403,-0.17389183621515805,-0.0007380077817021439,0.07045878704574446,0.0032724885696317676,0.0015501842246102777,-0.04376620050548098,-0.0033884666905685365
986,-0.010690690027367028,0.03543252284140209,-0.054519925132194114,-0.008306975114123026,0.015196062943089998,-0.134875298929264,0.0024305548451808473,0.07622498713897632,-0.0005858367553107586,0.002300674624039686,-0.04221766533533645,-0.0042403907989934115
987,-0.0038720526820045266,0.040836193296003874,-0.057350548248661454,-0.00701195172121603,0.016745400211877065,-0.1516638025207931,-0.003276684555296755,0.06765959070479266,0.003370255215240896,-0.0062924521986343586,-0.044820928425891755,-0.0049592674577272
988,-0.01306249867928398,0.03264321723866679,-0.053184695286086145,-0.0098092971493805,0.013723354228419762,-0.18054192417278433,0.005759587358702835,0.07222273293542598,0.004458821166355673,0.001557305596050909,-0.0208015764853232,0.0030201209795685715
989,-0.010709370001390049,0.03002589801133267,-0.05942902628480896,-0.013631923239590074,0.02551449189960046,-0.16218215138419098,-0.005181141442529836,0.06797574779301285,0.006175609294304803,0.002326082444027914,0.023571591456903292,-0.0023710808087416824
990,-0.009146925865679362,0.03359128092431356,-0.05367701479453005,-0.005892606191674968,0.020730751777567634,-0.18065634723439378,0.0007711969114279784,0.07150914116788236,-0.0022256399772219936,-0.0003276149107153362,-0.04082815715409172,-0.0010633021880430407
991,-0.0033421425204427095,0.02830523574337978,-0.0614093798704113,-0.008948278870733207,0.010540093044864581,-0.16551388879353274,0.005631079562559964,0.07379016715828109,-0.0006672930976157287,-0.002520464653988574,-0.015177168433578584,-0.0022249321739708015
992,-0.014226516348731245,0.043967290373926736,-0.05733985393057835,-0.011279454523296753,0.009805329448640859,-0.13270949195044515,0.001907522250504051,0.0733736350390147,-0.003238969519103543,-0.0007910473983736249,-0.007543291208245555,-0.0024615193699676504
993,-0.010689055835516036,0.031363327313929254,-0.05808244440114467,-0.009390297007992158,0.013584096534716714,-0.10736944464565082,0.0013051898197933075,0.07610375349219242,0.0015881486143223453,0.0010585904947070244,-0.04533831034028929,-0.004484301235707652
994,-0.011596024458236303,0.0408708961197375,-0.053567388105768596,-0.009194499179664447,0.015019854457140403,-0.12854366923272187,5.856770687417524e-05,0.07089652071644653,0.00034651415560016163,-0.0021511642277095835,-0.01340913854586289,-0.005289447019981662
995,-0.008851767467366612,0.041752445028627384,-0.05644224089983722,-0.0063008356445507525,0.018814667468690354,-0.11917906289014425,-0.0007561744906059641,0.07767907446481433,0.0019973832623188434,0.0015047479881143896,-0.049036451007586655,-0.005129797051059208
996,-0.010009580881241613,0.038155006406118616,-0.05593991162761324,-0.005679608707849945,0.02964471985644992,-0.1250276254411263,0.010299080649269092,0.07714816806415245,0.0019203352145590767,-0.005651544141720508,-0.04788861703904356,-0.006189934757959722
997,-0.0062555821284868635,0.03656577903250962,-0.059309334150497786,-0.009740129296408747,0.007969025644490382,-0.10892127683932032,-0.0017040049417310795,0.07046087765599396,0.0027558446561717115,-0.008779734333423174,-0.042310638031547936,-0.005117744923567661
998,-0.006147936331255517,0.023050141928754115,-0.05638899492753739,-0.013906391555466371,0.015454935448028057,-0.15429888352057397,-0.002481868082737047,0.06325428662816247,0.007195742327647648,0.0001622968510927389,-0.04999527894857089,-0.00527148796375974
999,0.024799611732381543,0.032273191534462044,-0.06832935993060484,-0.0083602808099197,0.022319294030682495,-0.16111622651076188,0.005154523495112688,0.06749275444533417,0.002457173178612902,-0.004343885185478521,-0.05707808012397189,-0.005163047991735731
1000,-0.009159853524912822,0.03692123843961851,-0.054902652071821274,-0.009559974778901841,0.013511961500243641,-0.12326701087508482,0.0016751150854486228,0.07348404848510284,0.003927991241034053,-0.000820390233793101,-0.043963968507308784,-0.002021473568647007
1001,-0.01256973874975914,0.03892548289923725,-0.05347679759503315,-0.00889131594500781,0.017904772329735426,-0.14321022487892796,0.0008903254305637207,0.06456407204074409,-0.0038880573259228615,-0.006059361981722836,-0.01286014434810818,-0.005441319865862714
1002,-0.016270450210526373,0.033325405524385524,-0.06261509648942162,-0.008489259337590278,0.031296731466030084,-0.12037003693899954,0.0011283377372845402,0.05850318623792033,0.006613157650749258,0.0023557335854358812,-0.00903495719525269,-0.0011105420739168817
1003,-0.011772358918765413,0.03683372547905296,-0.05340679315824159,-0.0055189172570700015,0.01615624445326551,-0.12138893317411349,0.004458012827006973,0.07456579851254037,0.003511162239289998,0.001142819547746926,-0.04443696368221991,-0.003989622803784723
1004,-0.009847303766734079,0.03173173112380423,-0.0587955684349561,-0.007442397063923992,0.017773998469396986,-0.13197921374477525,-3.219626286338908e-05,0.07133073293168553,0.002281663795656156,-0.004843155620569945,-0.03922041875283037,-0.0002886732694085747
1005,-0.011033491762804128,0.03720404690114709,-0.05547990618650659,-0.010031451432629384,0.010571049718830314,-0.11441381550396404,0.0015369425393584751,0.0715947531184606,0.002744973151909555,-0.009153395625951955,-0.039549397970835044,0.00204012693028832
1006,-0.01115549313853131,0.03657245254759795,-0.0548974450769571,-0.012737123251502235,0.010041456955197805,-0.1748734835027718,0.002771909223504113,0.056785193708157426,0.005567092294742611,0.0023392612408308353,-0.025011282663394918,-0.001760925598425336
1007,-0.0068252916784127815,0.033808171789673554,-0.06266560250862456,-0.010021240127689296,0.023695564349501107,-0.15135404630783064,-0.0018412142010692722,0.07160097291410984,0.005440194057995901,0.0013462368198444833,-0.009114400147031193,-0.003961096082333655
1008,-0.009790859573575894,0.04405681626424622,-0.05439189749467793,-0.007679393692302374,0.02286594454586734,-0.13394192816602082,-0.0013271520920592496,0.07113656678758745,0.00572833632855494,-0.010246605282656087,-0.049560676523225496,0.0005212998901514261
1009,0.039716662647290506,0.028264702699164618,-0.07628586487219731,-0.005988272718594939,0.014302275526163867,-0.08170390945096055,-0.0005570408522293027,0.06675960080905302,-0.0024141846107543596,-0.0009570694175771288,-0.043586841412954005,-0.001668512020264617
1010,0.034327341491840135,0.030802675538868705,-0.06122370372191384,-0.008013308568769131,0.02153539949384506,-0.19914344888123792,-0.001873539141040091,0.07186809818391457,0.003705721311646969,-0.007189607359572928,-0.05701549045236604,-0.001279736521092428
1011,-0.004773109191189967,0.02870194829350652,-0.05846684246891461,-0.00726969001569238,0.01819376763590654,-0.14698998741560604,-0.0010474237255644395,0.06513684217023814,0.0035279987287264816,-0.0003951740053208277,-0.04101893110024353,-0.0012766937034263777
1012,-0.006614186806910442,0.04405410634595303,-0.0551781182307955,-0.0059723840950323985,0.022182610152221442,-0.1142639865563027,-0.00025709512183097694,0.07556157801183196,0.003162471945912733,-0.004926024977787151,-0.04845512037242063,-0.004389359460758275
1013,-0.009291814147278876,0.03624794498946241,-0.05375751579586322,-0.009429104700747731,0.011577580272003618,-0.12770678132107,0.0002776742412895047,0.07533876939503086,-0.002127319308945413,-0.00045725383157678375,-0.03795676484679784,-0.0013960864483182143
1014,-0.008052545983756959,0.03112180331598919,-0.057230311506199644,-0.006680727870456442,0.02172567978496459,-0.0776354904032205,0.0005839550963409648,0.06939932268356877,0.0040448211232870365,0.0019706153540576597,-0.04734659099075323,-0.005157354216509202
1015,-0.011668057504594112,0.028028343688910676,-0.059344042073205656,-0.009416480995085786,0.011926514448158912,-0.12874153925969692,0.005181167634698382,0.06932752144548346,0.0038394621856960463,0.002004168519468211,-0.047938512776407434,-0.00023373358267306975
1016,-0.009196573163951583,0.027741302188761013,-0.05675474956393404,-0.008243092733546174,0.02201145320125631,-0.1780489261224396,0.00061793140730364,0.06183313412004586,0.005168403902782711,0.002737067834162438,0.004953269787743069,0.0014268482170069412
1017,-0.007307328053394641,0.038444766185824375,-0.05308562754599346,-0.00978494549856914,0.009487181784427177,-0.11177396828943877,0.0020147092418870407,0.07006276470015663,0.002229814115240106,0.0014995432298825536,-0.04669317708244756,-0.0041182214765626305
1018,-0.012838944807559859,0.03295661946044962,-0.06504440472937688,-0.010833865469991549,0.01559081921991272,-0.05454868877967146,0.0031983969409023895,0.06063045123233168,8.751662548522603e-06,0.0009606811815717111,-0.04664411833028321,-0.005251105024068627
1019,-0.0035842739560479025,0.034398716293774764,-0.0570657471954767,-0.0069987174930425345,0.014308564222342416,-0.11666529864389766,0.0014792953191195314,0.07569758518839177,0.0008859171566126852,-0.0019895420167291115,-0.042960169051255596,-0.004043213141179981
1020,-0.012193806730512818,0.041525813047810216,-0.044119965153911485,-0.005923284475587545,0.023143940075197843,-0.10921298177738198,0.0041820520551943885,0.07423812570639586,0.002132342589220269,-0.008606945292993367,-0.04521431851708855,-0.0028931860065572585
1021,-0.009284303532518245,0.03497258478089355,-0.053753217921466714,-0.009655807347186433,0.00853760126049523,-0.1724837944700136,0.00063584790993694,0.0705528709549928,-0.001502169185101026,-0.00011098604257061667,-0.03178501004109107,-0.005368699130302833
1022,-0.009649301217608533,0.03149149212299288,-0.061271033558656464,-0.012011306688294174,0.010520332417135047,-0.14884498376364355,0.0033201173872710456,0.06248950706797584,0.0042598605859047855,0.0020803200614479787,-0.007685789217734129,0.0012277301153402142
1023,-0.005808676774117197,0.03318422252591494,-0.055064881549331986,-0.011149317349509524,0.01421189264774412,-0.10652654753847632,0.0029052821806791265,0.0756375762303816,0.00025901786406151825,-0.002673107370304506,-0.04078613885454312,-0.0060453583158444225
1024,-0.009620397930192202,0.03549397606951386,-0.05320069321729486,-0.006503119051065337,0.017298552777684436,-0.11911956458301547,0.002342876776614053,0.0763191189057788,0.002069838095784339,0.0013889593409261722,-0.03820162789716215,-0.004756527196221783
1025,-0.012170176597381448,0.036762752999616864,-0.05780844560098203,-0.01003384320453228,0.018934800945322402,-0.1473955205072095,-0.004055193270923733,0.0652068449458194,0.003510822775474977,0.0012096966100830614,-0.0068131040511726524,-0.0010071473830078044
1026,-0.01241237412396887,0.04051078938906601,-0.05644586316394064,-0.006804405921204053,0.02401124403949431,-0.14282600828418998,9.048131334016001e-05,0.06423262184287172,0.0019682567502069784,-0.005802862781946059,-0.009209572820525804,-0.005439451404108875
1027,-0.010319008906446697,0.046036533675538324,-0.05218725310062169,-0.009338659223384786,0.01494821725786259,-0.11286330585531507,0.002654620457067447,0.06633751043740134,0.0010598011427748156,-0.0024391588503276523,-0.03334718930730473,-0.005292552995058311
1028,-0.009446785663150058,0.037261580005124265,-0.05489907770599866,-0.006057872991841828,0.018312735251721324,-0.13261373713370736,-0.0018791832369736041,0.07648651803112035,-0.0002518654021224262,0.0012100773985767319,-0.04414973122458578,-0.004481710154699645
1029,-0.0055803233832311915,0.03807356067875683,-0.05769382307629347,-0.008941452939174177,0.02385242290634979,-0.1203696405745769,-0.0007786826184857713,0.05875044276589843,0.0023268112980959718,0.002138171906143852,-0.01260915353004308,-0.009616772182820348
1030,0.02466568683180112,0.0339213747367686,-0.05854361309335301,-0.012801019389594546,0.01745194831223758,-0.11758559670448676,0.002098920713082302,0.07266653685943682,-0.0009777229931530898,8.584596446731302e-06,-0.05569492994703322,0.0034247691511779155
1031,-0.010352819346805885,0.03747313336402525,-0.0514277421407643,-0.0058427499612775805,0.020862855189983646,-0.13404477344839683,-0.001492711731623236,0.07463807115368781,0.003455608019013083,-0.009044286585195032,-0.0448752049415162,-0.004856582988759601
1032,-0.013466405861698392,0.028791851681281715,-0.10563081177305339,-0.01606752782237099,0.014252738005528287,0.05710663836651047,0.0010685278632062685,0.02800934738008858,0.0036717312119627127,0.0014438262583703798,-0.07234889245584701,-0.00497800509966144
1033,-0.008946444609289176,0.03676202007822581,-0.06313065514598522,-0.011306016832051097,0.020179425888431187,-0.13379089258241356,-2.4986071438179104e-05,0.06535322407542951,0.006577740279040062,0.0019841044408461365,0.005952326695490013,-0.00535184794824645
1034,-0.009338495165323686,0.03957553023010802,-0.05593933691760929,-0.006035401484710762,0.019925912854409596,-0.1194832541407103,0.0014699536605939302,0.07938076704125363,0.0021439369107961455,-0.0051807995247246785,-0.0480229508431939,-0.00555976930390362
1035,-0.01071066202400875,0.03737703551542539,-0.05623390252131209,-0.007738812907182826,0.022643719629369376,-0.12720313604429836,-0.0007026371091989804,0.0750595930370896,-0.0017942534929047255,0.0001935965011231526,-0.011149744526449725,-0.0009387841465904467
1036,-0.01116327135471154,0.03854427238020315,-0.054087474053895336,-0.008691691469488273,0.020047146109859335,-0.157537495234403,0.0010166433716696575,0.0708740743512488,0.0003903108897726161,-0.002023821860623498,-0.009788583761129399,-0.005310850779247956
1037,-0.01066500777009718,0.0370451779083528,-0.057867913377702536,-0.010033025246571856,0.0094316414108483,-0.12765294114131404,0.0010584655914748634,0.07763078566948683,0.0035840761705797503,0.0017033116264745791,-0.04384920200111407,-0.0014197434812764107
1038,-0.004946267377444431,0.03643291748466695,-0.05529138315446405,-0.007644994546372441,0.018978934036080725,-0.09501881993302888,-0.0006150842465498452,0.07254468491558036,0.0025707368113866325,-0.004815417019753122,-0.045913923227837876,-0.006032360534470957
1039,-0.009576008649361744,0.03286997093520544,-0.05849258576101613,-0.00952193519557035,0.008789551384601737,-0.14202627795602113,0.0021128307180993105,0.06965042153453957,0.0017852152707861241,-0.006060153538759545,-0.037212348613725806,-0.0004783984228842339
1040,-0.013223286907263954,0.03529092824308603,-0.06567546581973847,-0.016210883318012098,0.014482051011278056,-0.11020257620368666,-0.0033679277102444767,0.06051585282347121,0.006665878422491709,0.0024530737303236597,0.005647768024760961,-0.00251731285456297
1041,-0.013621083555069515,0.03962889108121382,-0.0592386274097562,-0.007803178550143284,0.02303257627400735,-0.115146979228963,0.0019011558654524936,0.06237021206279761,-0.0012568593556567642,0.0016110739555114453,0.004023979577515579,-0.005780401171016588
1042,-0.007548158947600535,0.03230042850631064,-0.0519353315023577,-0.009792555614444209,0.009367169197805647,-0.1572623154118922,-0.004386993061252332,0.07478743474026729,0.004169223331588112,0.0005317133459427047,-0.03842577297494277,-0.0009912698702378398
1043,-0.010541297207861717,0.03314944081409303,-0.06982148482393088,-0.012941842881378613,0.013135014144151113,-0.13877453392005398,-0.00041900899645628376,0.06967524314055172,-0.0005286433854970813,0.0006193320786009537,0.008391054827479654,0.0024090327754640144
1044,-0.009237130607251409,0.0416930560705057,-0.05533208357424296,-0.013076167734279158,0.008974162115423439,-0.16487442895295895,0.0037980719139355744,0.068265937235926,0.0018722617283709647,-0.0001724606750566028,-0.0401638327081684,-0.005001690337502311
1045,-0.010070373758293184,0.03802411902438708,-0.05469587294369849,-0.011089313257173179,0.010719126919260842,-0.12976714228042902,0.00019727876166501316,0.07694727232966576,0.0035040264654416565,-7.021724707013227e-05,-0.04043839605594592,-0.0015164975116126066
1046,-0.00877492491883063,0.03794999934477973,-0.05350272620644277,-0.005839229131271361,0.0208824431669409,-0.10161258833920196,-0.00044645983970860903,0.07729619142877654,0.002662682873535738,-0.004650143569697621,-0.0416117077664859,-0.005303325709854012
1047,-0.01162030069756829,0.030905290066671247,-0.05703006956068262,-0.005424908280033501,0.01933940381782874,-0.12325884745222034,0.005170896207888255,0.07655575486323486,0.0050691058087921756,0.0017814273917898839,-0.044967531515674196,-0.0043740335192622055
1048,-0.013896850407604846,0.03921908513068711,-0.06535697823285347,-0.013810459213734534,0.014402321015144237,-0.12708465852970122,-0.001976804933486509,0.06249107668971942,0.0009977679714295638,0.001368570049916789,0.013846639215273356,-0.0001712183952866137
1049,-0.007804228328490032,0.035375946522810335,-0.057531394442242145,-0.010093051081948827,0.023011190141297228,-0.15252121921161502,0.0021188801839868423,0.057017483474716184,0.0006669376887738526,-0.0029164792061681932,0.002599904937053029,-0.008025334093548287
1050,-0.004989035066545369,0.023110397305193025,-0.057554145842802905,-0.011045022683199339,0.009971207241539957,-0.19144556782857933,-0.006523349728595176,0.06543312080794306,0.0019005838760508124,-0.006106598171966908,-0.04442478616101364,-0.005961347469457966
1051,-0.00682701591046317,0.03524053498143437,-0.06075591244470036,-0.01224977560711783,0.013941512063990436,-0.11749420796054777,-0.0006414371582937978,0.07977962554211172,-0.0011558844463892051,0.0041123188879761,-0.05034779917628056,-0.0013449473234142361
1052,-0.004908991315256559,0.0329337799609153,-0.058644984381534086,-0.013877191695478994,0.01873827278503782,-0.15363451858299662,-0.00035690179490647877,0.07429665300852344,-0.0019976925210292234,0.0008118159558959021,-0.05070165022822582,-0.003962517335382978
1053,-0.014652435490023577,0.044602358593363534,-0.058321208768223574,-0.011983504342098371,0.010506584509422278,-0.16662433378291394,0.0017195135143487639,0.07530049882241377,0.0024697303219763196,-0.006387298371375717,0.014804363698180625,-0.0017560925238688655
1054,-0.010317445996904645,0.038834717734947836,-0.05382112538855064,-0.011033671660052483,0.011544175305992131,-0.11752696781600655,0.00247036738951672,0.07522348899218857,0.0032926335374603953,0.001321849625398381,-0.04672340096478579,-0.004365809231226158
1055,-0.011327637454971251,0.03848599733160297,-0.05559088801012195,-0.011628193457117764,0.0028178089975316374,-0.1329398019742977,0.001970011483298974,0.0661975223435758,0.00513043242697366,0.0015885368660872171,-0.009036612057620628,-0.001263681688864091
1056,-0.010112783429727587,0.04225414407512015,-0.05186565472814909,-0.01034255934655997,0.005316110087384452,-0.10666313531859836,-0.0018675657141623133,0.06901785654978879,0.0032827554073811688,7.5082116075867e-05,-0.04024267640663934,-0.004606453473281387
1057,-0.009350015576018722,0.03919511206639366,-0.05470829248030255,-0.009593696435939051,0.014804417005962247,-0.09706867055328185,0.002141581014273365,0.06981736972125872,0.0031253373263499104,-0.007887981363487631,-0.04909794178070226,9.08286241703108e-06
1058,-0.012840358772776438,0.040043446279218055,-0.05998539705707474,-0.010283643152839878,0.01727186423421476,-0.10635655658704356,0.001642823528333019,0.06511790617801598,-0.0016678761555899196,0.0001241565559893078,0.003134253574612911,-0.0053448260434152284
1059,-0.004480334452541804,0.035089040816830105,-0.06043617524543858,-0.0054080569697375425,0.023011369220488027,-0.10279191017133771,0.0020683344748636174,0.07135960401482268,0.0009882444994375574,-0.0016417615776737485,-0.039666279955539986,-0.006139375021269235
1060,0.011228222132744391,0.03661654331299269,-0.060595073948020654,-0.005965289009810686,0.0333252865118048,-0.12105684033442184,-0.001961477524200575,0.059737967535750856,0.005442770731272574,-0.0010731598803275207,0.038454612592812486,-0.0050627710211545085
1061,-0.012431452607719575,0.039716491209647986,-0.0571969801619785,-0.010830143341002737,0.012817849701090837,-0.12530017776758073,0.0025651159581494797,0.06604827967451288,-0.0007055595026619084,0.00011232164646436076,-0.009879908208462164,-0.006296382310404465
1062,-0.004490447943121657,0.03512853040349127,-0.05518086652200186,-0.009259157559753373,0.009556536198712346,-0.12545942155890863,-0.0006601754012754726,0.07810788441321259,0.0043403888971872825,-9.674854309834741e-05,-0.047521796767836265,-0.0015142642976552663
1063,-0.0123301832280793,0.036320769925298195,-0.057538701985578346,-0.008413380561686591,0.021044963207694802,-0.1310703280617808,0.0020592864174801377,0.06738252707580106,0.0052940794747077325,0.0014994650561783935,-0.008357659714349507,-0.001518104569666596
1064,-0.009327415694655769,0.036035618177249526,-0.053177520081623394,-0.00784415673672067,0.019209400504600453,-0.1199926789070297,-0.0007550077393927502,0.08000002752587007,-0.004011504060304399,-0.0042746966378653575,-0.04485880297059318,-0.0017592454662072397
1065,-0.009319511881378034,0.0327391061076817,-0.05344169893781317,-0.006437929254706784,0.01679763588312391,-0.15563973535561162,0.0017314749937033848,0.07147838358952133,-0.0009195617097967968,0.0002771003584296555,-0.038148419577538346,-0.0023093464163537426
1066,-0.010191067324972818,0.03587548014510828,-0.05184947730703134,-0.00884351101617804,0.011600908148090108,-0.12608971850436287,0.001611199980412073,0.07917527678616491,0.0003519564330425293,-0.002256639279131035,-0.030067666895516477,-0.004151182019345254
1067,-0.010177148041998499,0.03537429963154986,-0.05819319720189726,-0.007365593072414738,0.007923399037019987,-0.092034236063959,0.003262477264585428,0.061833565440524964,0.003431813977579753,0.0014088589466542268,-0.040325613938468036,-0.0038282103582066157
1068,-0.010295992519455024,0.036213223536990295,-0.05286412982230864,-0.005346269591624637,0.020141594613141512,-0.1342841040033435,0.0014103624268883667,0.07532801779851217,0.0036144143898294225,0.0012755410603370442,-0.044774364037236676,-0.005415510261201334
1069,-0.008257206350490919,0.03587917288146091,-0.055065930280484565,-0.008305114371628518,0.020579299789226742,-0.09511679526252673,0.002057859807724715,0.08301970091633751,0.0018538103441313326,-0.0050447161942511025,-0.04435549618981188,-0.0015941101965928441
1070,-0.013295860275569388,0.03612761290433046,-0.05961532887449496,-0.008138229024057366,0.023685799197013167,-0.1308082950098339,0.0001998569031795101,0.06840602741546777,0.006823802803123032,0.00345623508258236,0.00403407189569168,-0.005535019698037047
1071,-0.01169628976672457,0.037142503996175136,-0.06154142769787814,-0.009524637158436515,0.021860435837802242,-0.10721168606227302,-0.00034803588531993077,0.06243053870164289,-0.0008016848244358867,0.0005087347979988021,0.0051450990704172165,0.0002419731144755525
1072,-0.006352512819369738,0.03561332486203531,-0.054817831421596394,-0.005324967457800134,0.021143793516398966,-0.10972245135829405,-0.00012652475627566138,0.07426962582742672,-0.0004215160211962485,0.00040175059203836645,-0.04782265788107518,-0.004519200942447976
1073,-0.00656136226069351,0.03563100093418024,-0.058473990021629965,-0.006224923530297045,0.01987966817693052,-0.12171640736160677,0.003395743495193243,0.07940574507490797,0.0026658377238371303,0.001441467474643959,-0.05103666050295507,-0.004980209041926075
1074,0.009065747427979203,0.03526597744303937,-0.055547111334917285,-0.007896057607533641,0.01923709361813937,-0.1027918204531876,0.002764921988219802,0.06718476093330256,0.004622181247571337,0.0013971162056155644,-0.04946544554183647,-0.005161481325204412
1075,-0.010749244864824708,0.04004506018638569,-0.05494903548178552,-0.006437317878844433,0.030486814453553925,-0.1052964477968868,0.00017657245951688348,0.07072340275424946,-0.00046176600860135635,-0.00017950588645797814,-0.04734120750081844,-0.001914280498634886
1076,0.01156135048568078,0.03706040835013468,-0.053919142505174815,-0.013550142831329859,0.012051338549465506,-0.10442227573044281,-0.0007663744655319452,0.06903716758565485,-0.001114208536098911,-0.00275992954368638,-0.05137922524432419,-0.00420413030013556
1077,0.023919187135489597,0.029991442385304795,-0.05405593639270718,-0.009363360278187984,0.014631777543290592,-0.09805523819086102,0.0036085026007730172,0.06743386277859977,0.00338525838153043,0.0022050695646254966,-0.055935582127428274,-0.007327277556790688
1078,-0.011701623639796583,0.03503971974632682,-0.057743555944265,-0.012633405301173775,0.018876949607513006,-0.11439902672430191,-0.002536789415757999,0.06255740158637796,0.006138573487472361,0.0007914309663129105,-0.004870630258744078,0.001315639006622111
1079,0.012767398192308323,0.03571911572599132,-0.049544393450160984,-0.010473630962425677,0.012541677805458866,-0.1463650763902147,-0.00489919279807985,0.07033512769865216,0.0007090238552687013,-0.0024731054773028983,-0.04263722444362622,-0.006948522408168143
1080,-0.009899073676152313,0.037365511706488386,-0.05465945051803907,-0.006476650643906179,0.022380904997267345,-0.125829759118952,-5.505041364926702e-05,0.07661606482959259,0.0038603059236793818,-0.010006652908076926,-0.03068234093146298,0.00023970617112696946
1081,-0.010327082777223013,0.03699817240625028,-0.053081421910079585,-0.006025427162248454,0.02091757004821839,-0.12765289580831,0.0014214061088433964,0.07730323151095457,-0.0009466630284617022,0.0001522088426540008,-0.01834135542957883,-0.005558079405842284
1082,-0.00891925490718665,0.03701731626444962,-0.060136391782773656,-0.012596827268697139,0.015416916940317436,-0.12873320790854498,-0.0006681082552150052,0.05996357273357294,0.0016679180724875238,-0.006065092765556153,0.004144781579007713,-0.002093080817392566
1083,-0.009871152990561497,0.03474706523743288,-0.06101490956631492,-0.011112816040119902,0.013163002450736776,-0.10191495572068335,-0.0006709235257026923,0.07280575508960983,0.0028063306248093055,-0.0074458553285607024,-0.031352317893793,0.0005042770663108029
1084,-0.008023484002257756,0.03793368474140404,-0.06744161301281545,-0.013132768457333407,0.016658545409405753,-0.10795756241413036,-0.005440924916307776,0.06321698298216129,0.0027155039695633907,-0.008869513292120594,0.004401469976719693,-0.0028492678787541787
1085,-0.007057159548354364,0.030767446848253936,-0.0631508679054552,-0.01590211055287289,0.020672381761368864,-0.10688863812201368,5.77817774958242e-05,0.05766488094755134,0.006053544795078307,0.002306046051869071,0.006692213543645277,-0.0010885251386024157
1086,-0.012286231315933835,0.035742222496276954,-0.052815405071987724,-0.007026312907710603,0.0335467528195871,-0.09784840542702994,0.0010475819222296309,0.0590375681519978,0.0058809243956590785,0.000998847601581092,-0.04446707931457156,-0.0029061532473882187
1087,-0.012291235683498065,0.040523230072322856,-0.058643489124795535,-0.007979051979824512,0.023275152272619934,-0.10344125428371485,-0.0006341305225730869,0.06547494621070253,-0.0008302693024416075,0.0022276283032720613,-0.010013896426325558,-0.005896827469220584
1088,-0.010203464048975906,0.040630282667568685,-0.05517148975492741,-0.009145870186849854,0.020390153204400914,-0.12827179735442729,0.002298173022165187,0.0711348570671854,6.041016243816627e-06,-0.002580974830283675,-0.019689112270299132,-0.002431380139928856
1089,-0.008966447900035854,0.03833084515393925,-0.05647481250366949,-0.009316405471001944,-0.0013279096996696626,-0.11330317107472529,0.002753513333855858,0.06505088941136128,0.004301339295124416,0.0014799987731889351,-0.038226772116995614,-0.003409076857950981
1090,-0.005338536184412802,0.030603724362552806,-0.057532055112708605,-0.008781736044289775,0.014403297755652245,-0.1263761051136318,-0.0007445633388182805,0.07075069227886921,-0.0024168274987419955,0.00010759099491559417,-0.047950977299601856,-0.0005880021973288899
1091,-0.005779009335016498,0.032956418820410574,-0.0586155611238088,-0.006442147829405612,0.01955581378420451,-0.08021748179185476,0.0004850493132554437,0.06386412869335935,0.0015782599499362803,0.0007913730956092015,-0.05050070770147099,-0.004972146902506641
1092,-0.00972314476827319,0.038256115113541045,-0.05473255549290008,-0.006016865455635869,0.023414213321802796,-0.10695749699122188,0.0007450836640220026,0.07768413557170348,-0.0012885273080431704,3.0128136807259647e-05,-0.038885943605744766,-0.004329942901015419
1093,-0.009861607456652958,0.028945684751860847,-0.06741216795998652,-0.014087676746748337,0.01972432716348992,-0.08988242926316355,-0.0015517669447689057,0.05161410866567516,0.005059371086592942,0.0003096477394579646,0.012150913925535516,0.0004120332981534853
1094,-0.008534231597191747,0.036663126472094736,-0.06013395613177762,-0.01076036295702101,0.013248735113015575,-0.13381446886550682,-0.0012914861086099937,0.07054561373714692,-0.0009890553141074765,0.0004796919208872783,-0.007898261916570974,-0.00022636913699417444
1095,-0.009819477745420378,0.033921048874566824,-0.053877340511744316,-0.006804081893022177,0.013131153812087971,-0.11881450243174217,0.004753836852036873,0.07827910021041702,0.0043339578450540825,0.0011897425338715333,-0.04424882237280548,-0.0046376250948790415
1096,-0.013042543560206444,0.0388111668817431,-0.05659219431958448,-0.0057028163439570845,0.02686992829760955,-0.11336319603281281,0.0006216548325913858,0.06861114202726441,-0.0005514256645917507,0.0003461834119873122,-0.033187615940062365,-0.005847201876431397
1097,-0.009887754451789372,0.03950614024855969,-0.05509594902599537,-0.0062695124345335095,0.021611394924359147,-0.1049042486555508,0.0025629198778312208,0.07065705097217356,0.004184061268372342,0.0016460651551006122,-0.04962612669236771,-0.005603908741466453
1098,-0.011158401313363096,0.037517894345032235,-0.05454097385458294,-0.005274546345858946,0.021810126492925717,-0.1278194943056511,0.002609019541038534,0.07153647107191917,-0.0005792886941685579,0.002498019597427872,-0.0304580227231494,-0.0032165592319563932
1099,-0.004861013653823196,0.03830097811448119,-0.055700602281028834,-0.005661832665726881,0.022436709938181712,-0.12867962446627562,-0.0033182546770345856,0.06600229924807897,0.0007831719229153371,-0.003341302617144486,-0.032473888496219565,-0.00603351418656168
1100,-0.015914315524337915,0.02887057683134939,-0.07638258597594189,-0.012049929574688934,0.023914323220688295,-0.05096461017268301,0.0005896391642424884,0.04266381489371239,0.0031441983963967383,-0.010054058115579235,0.006447448630423248,0.0038676255263615468
1101,-0.007997052388168576,0.033363003007959274,-0.05684538208835875,-0.006759458248451987,0.025044764353587278,-0.10937320127121133,-0.002316412508514676,0.07414337190447298,0.004186183328773277,-0.011178394630018764,-0.049295140098449736,-0.0005304012286595972
1102,-0.011894186234983839,0.03256995734823306,-0.06133823831096381,-0.006220905939963342,0.021867775722585598,-0.08943222533253699,0.0007560355388823067,0.06152178877125412,0.002114052369753195,0.0017549390471571589,-0.043263726481664135,0.007139592831474627
1103,-0.008242645692468279,0.03241561383677894,-0.056745094935583974,-0.005720838291437736,0.023193342442738334,-0.1228766335709854,0.0016200581527745863,0.07198645636775818,0.003406007094404473,-0.005638045598757851,-0.027353215057325124,0.0028648112712621352
1104,-0.010539056153389825,0.03721943279636203,-0.05780695217539468,-0.005941698109951843,0.023511322581762202,-0.13550096459332,0.0015691386547151064,0.07182026985352746,-0.0011028000208468222,0.0009195879200673769,-0.04408313325175326,-0.0009980380733220359
1105,-0.011771654491294534,0.0328507683309727,-0.055964014601371674,-0.00599289885964443,0.017934467952938783,-0.1277045153237341,0.010761999819255815,0.06477088064945227,0.00026240823615610834,0.002110368733834237,-0.04132669724866211,-0.0010196962985058414
1106,-0.008016843845301548,0.03968902331488628,-0.06130777208087131,-0.01535944607633395,0.012817151286590027,-0.1358108268665602,0.0014365794419613632,0.06516812331425186,0.0017720228597566908,-0.006009960978944544,0.010218400205234178,0.000179315771099112
1107,-0.009954452436929478,0.037308326914937115,-0.05172362642832558,-0.0057934635830040266,0.020424603547823064,-0.11995571595202548,0.0012266931495055868,0.0712938324587416,0.0007683363902742809,-0.0022989077418003874,-0.03858808881256882,-0.004602335113412752
1108,-0.008952690605951344,0.03536840467446921,-0.052348649678009354,-0.006789518574873162,0.021485900581174236,-0.11697017983902729,-0.000543092682383329,0.08145989048861113,0.002357491994919421,-0.004899365770269295,-0.04222734688309558,-0.00539923888542395
1109,-0.012270029300425995,0.042252080434932525,-0.05608024869444391,-0.008412427801254377,0.021535299825112087,-0.10990922788821918,0.00044278355128922866,0.062433217422372345,0.0007932048386036405,-0.0020587056986562063,-0.0096212521908994,-0.004876002817421261
1110,-0.005794873795170738,0.0354152476685465,-0.06063693875667817,-0.005452592504415125,0.02408890419471939,-0.09460477728303215,-0.0003818672635277407,0.0644986153730509,0.0010254114580981746,-0.0019518453393634087,-0.040016620892829986,-0.004381893621625272
1111,-0.009821818465217397,0.03628601967959312,-0.05500668121251364,-0.005461580413058747,0.023308725994603628,-0.0893531778071006,0.0024200502551841234,0.06729354618777676,0.0023866221539523016,0.0013970650525520047,-0.04404284929703737,-0.004976447740559306
1112,-0.012968047407017692,0.036379524272291894,-0.05667307193373473,-0.010737255514119283,0.012536907523138767,-0.11445148571990826,0.002433272171171707,0.06402843841752351,0.011616737665523985,0.001972447774375036,-0.008522612233940272,-0.004762722345014593
1113,0.011261073362923759,0.03498653364020195,-0.049323046179161084,-0.013824997514026756,0.014620411725332972,-0.09840337696167331,0.0002976407703503696,0.05359435717041964,-0.00019068923474535457,-0.006552810454709862,-0.05105977611411175,-0.004973791483362858
1114,0.009007152113588329,0.040339598584415194,-0.051706110252527505,-0.008503864242098862,0.01700074355836796,-0.11026218788821959,-0.0014959709608545317,0.06569652035775111,0.003983086615902092,-0.0006056168976947972,-0.0498826365632966,-0.004450910486352238
1115,-0.012041277120426401,0.03308188014081703,-0.06296025137518148,-0.012405799362893589,0.010167076206326751,-0.13259807426369835,0.0005725838697163725,0.0726129458168569,0.0019386450800062145,0.006681691351148668,-0.008203525075156972,-0.007382349457554202
1116,-0.011344278111993783,0.03716614283084954,-0.056010672615941684,-0.012197355781000693,0.022139923532650728,-0.09687293131932587,0.0020400881047595684,0.07241484486396978,-0.0013776178316005842,0.002438440499813763,-0.04792906925359096,-0.004979526391767463
1117,-0.006763616953288734,0.030882183038459382,-0.05718435607082459,-0.008973680148524283,0.014515751771337826,-0.14361573174996858,0.003433113019534902,0.0654041141405431,0.004514996052869868,0.0018369560402255348,-0.026009401296274062,0.0001732415943811322
1118,0.011054501541564414,0.03812666331508487,-0.055275311152770124,-0.009516439093903086,0.02306457314528212,-0.09752272149965903,0.0012286885970560026,0.07098963716422033,0.002764803730708443,-0.006413439633795721,-0.05430813545695056,-0.0017036304786496705
1119,-0.011972989609985411,0.04106659676697169,-0.056088029787218135,-0.009786093517415361,0.018177007123384378,-0.11402148052803085,-0.0002917231554583739,0.06291807619072243,-0.0011395499065596673,0.002058327426560939,-0.009130221487796344,-0.00579603120000147
1120,0.02558476104309689,0.035245801471844,-0.053969651205357336,-0.009958809075790677,0.013555228662890856,-0.09766528852349826,-0.001150436747473141,0.06538211161104769,-0.001149765372225734,-2.1367905354425778e-05,-0.055340769355931636,-0.0012897323091245875
1121,-0.013648143068196021,0.034113754168372236,-0.06121505771370426,-0.009385470240054206,0.016137925519261093,-0.10821497355018173,0.002837349283452858,0.060492783387246236,0.004944252601684408,0.0019948196265754787,-0.005359889365596421,-0.001403508634470102
1122,-0.012144074486993929,0.04070992582224398,-0.06056737327227282,-0.01172412346174669,0.018318191950977385,-0.1162056665404361,0.0011644458537371925,0.05983002717029902,0.002555118927441343,-0.005451749015044204,0.0038761249769154044,0.0009371988156134404
1123,-0.01110908926081988,0.033496932676671955,-0.06007972349620289,-0.008903414677044703,0.01847944472648219,-0.09066652709511762,0.0036807723074317416,0.06160105354143715,0.002343184993152507,0.001994439847043272,-0.04044541053884737,-0.0031358756557343073
1124,-0.017389229195746828,0.02756747371623725,-0.06649369372200578,-0.006778782867606506,0.03304401718258289,-0.05191953869940167,0.0016212629562603613,0.04494241803143066,0.004817684308907359,0.001614128597244984,-0.011096407736045526,-0.0022221411130642107
1125,0.013549012332745684,0.020053378738428787,-0.05465122672063601,-0.016678208992902854,0.013023530001669514,-0.1110764294755315,0.0016489950547365546,0.06414900825967862,0.0015640558715680488,-0.00458181692808391,-0.053144164267167025,-0.00805047479675387
1126,-0.004995337754881153,0.03611875752190516,-0.0578221288720652,-0.008721881306616101,0.013560674285185571,-0.12302939999263662,0.00027523730337892805,0.07884072762497933,-0.002444059067369327,-0.00037254582588503766,-0.05236382544665437,-0.0011505678473210938
1127,-0.006001150127489473,0.03754148255490417,-0.05621720194505401,-0.010903734977119184,0.013139314209540225,-0.10975140043212171,4.981370674914813e-06,0.07442641210778349,0.0015364729555585278,0.0007669707630209951,-0.04009395511790141,-0.0038577642333926625
1128,-0.009824544035422753,0.04128415912445612,-0.05404036828809301,-0.007266156622818154,0.01901410904373152,-0.10393405856770505,-0.0001249035477915273,0.07752321350088028,-0.001379835724089219,0.0001266848470976218,-0.04540749816429467,-0.005978280766041803
1129,-0.010636879722592705,0.0388546001035788,-0.05555357074810418,-0.004774463975591902,0.024179022284919662,-0.10273350267294873,0.0013742688252219282,0.07185868804138672,-0.0018519048453538758,-0.0005702898462838405,-0.03284287928315797,-0.005070650038746226
1130,0.012701387854643717,0.021039069211393518,-0.06554440892502027,-0.009256793848112893,0.018707509781215836,-0.05688580070806879,-0.0004975961330385394,0.050157067199686635,0.003743015545142202,0.0013760582721988452,-0.06781786032235354,-0.003901179498424391
1131,-0.009967901886459567,0.03651270742505313,-0.05482192943368054,-0.007839333578018245,0.01565739988397332,-0.0947580507124531,0.0011273647902340566,0.072867258644974,-0.001833417097917999,-0.0004197091331818759,-0.045278888735717636,-0.0049807226185267645
1132,-0.01443429157726274,0.03837985973725852,-0.05598113225769223,-0.012923358194999741,0.01351927679621437,-0.09133840004333989,-0.0012919462168072425,0.057035637552942865,0.0013397406440515318,-0.005527586129055877,-0.009294821567728394,0.00031145946051523943
1133,-0.010099509928141884,0.030130128651471768,-0.05430932047222903,-0.00813270591889744,0.015360760311097942,-0.11796539286470599,0.0016741201205745617,0.06944822819285659,0.0018562673532486647,-0.005367266053837612,-0.04723942517024067,-0.005009018076963512
1134,-0.005653687500148379,0.03583199225777301,-0.05509661333257174,-0.00906286375069259,0.014797442978618434,-0.12234458318681443,-0.0007064215657826729,0.07172824120837624,-0.0016320633819438596,0.00013726659955883372,-0.03941254560450909,-0.0008908762379391682
1135,-0.01065646305351603,0.037007461826443655,-0.05568901643510348,-0.011472526027622082,0.011200114249299991,-0.16109460429563865,0.0013893313050278423,0.06659419913003553,-0.0016800853590432637,-0.00014838867339649075,-0.009189228169957209,-0.006296052897636195
1136,0.013766609535601439,0.031761971768881285,-0.057457806021653575,-0.00878639249396811,0.030976116394983273,-0.11856481777113397,0.014266413558804895,0.05667555509311941,0.0052556980787055755,0.0018833996819237712,-0.009100288227231823,-0.0023410092863476056
1137,-0.012348340667462142,0.034838518911857415,-0.05452015633653498,-0.01123307236412859,0.011343544046177918,-0.14414241823553028,0.0029570139434646103,0.06744454539428588,0.005230813566490049,0.0014564094691612841,-0.01051654359978069,-0.004301431476521485
1138,-0.01248629652933462,0.041178316869024637,-0.05684980817368812,-0.010337934662787688,0.021526774615422815,-0.11170516758184505,0.0013109265563720513,0.06207842968169274,0.0010096719592115409,-0.0021497299117152237,0.004193361833292843,-0.006935193253762346
1139,0.008100441826827749,0.03759605541050314,-0.053750461577732216,-0.01055838420611152,0.011548067533946254,-0.13768412126456303,-0.0016318911978846255,0.06864966753458836,-0.0004561755965386661,0.0005655270366289235,-0.04533099075919084,-0.005015661575033188
1140,-0.009416007768852314,0.04035041822537329,-0.05976416891867907,-0.011890724149811214,0.013724890145991661,-0.11995610643484579,0.00022843999016965144,0.08420569571200665,0.003309414331557186,-0.00754148213645813,-0.04773000129238823,0.0004746303271646448
1141,0.029871274164918814,0.035847915751385434,-0.05375159677131629,-0.011442947759887509,0.018668818162367515,-0.10491546802331539,-0.0016317696047229448,0.06501360517384208,0.0021043259627871623,0.0008803847576372797,-0.05087835218264161,-0.007105568502815541
1142,-0.010206697066264567,0.038508872306286884,-0.05509748141009437,-0.006137049870332498,0.024046958910148266,-0.11173637056396848,0.001473759995104119,0.07161721367068914,-0.0008794815869927916,0.0001993344015156756,-0.019717938145274734,-0.004621851677573742
1143,-0.013819826294320188,0.03750398090744144,-0.06112116513131591,-0.004039118184740906,0.0222746920477572,-0.09248684490392478,-0.0020515506909240477,0.08452476103152351,0.004071430737023924,-0.008306235978747783,-0.04932187470493276,0.029237857687532245
1144,-0.01234180896044371,0.035710405841062186,-0.056759848490060064,-0.008754088992759718,0.012691883081223845,-0.10420361056837481,0.004955651426798945,0.06918496752895287,0.004801857263930022,0.001465243449616558,-0.0281689537367216,-0.0037655620477966664
1145,0.007941879519964322,0.03534652681992454,-0.05244158487549136,-0.011811134725855852,0.012179473131713742,-0.09982349116911325,-0.001059901022803784,0.0729683540694243,0.004542085861768579,-3.1335250648118116e-05,-0.05007756788363318,-0.0018009562963483023
1146,0.022447217546486323,0.03748693552726831,-0.0508577936621328,-0.009074195359420644,0.020535498017520023,-0.10482099305590406,-0.001970723666674843,0.0725094217614997,0.0020979153608117283,-0.007458961117631864,-0.04998814297425279,-0.005266730801364524
1147,-0.013280990432834785,0.03930061731826228,-0.05968203018728181,-0.010195346060132617,0.02345473671477525,-0.05165347065650802,-0.0013235374213426705,0.04911904514611786,-0.00821313271369453,-0.0015664959837274647,-0.021115115300013917,-0.006498534229204005
1148,-0.008605458787782148,0.01792680907773285,-0.052789147688239224,-0.012185735287384933,0.016699747854684747,-0.16132368917127382,-0.0026288816569203007,0.07525769060533281,0.0022543275091848553,-0.0007007746667698375,-0.04694712695092485,-0.004045384459662521
1149,-0.013447604437065674,0.04275806960538618,-0.060197389733399866,-0.013019904236970463,0.01423833796718479,-0.13398620408553988,3.472865611040318e-05,0.06450480276200693,-0.0006254546132997555,0.0004441470263280413,0.010278120043399924,-0.005781010732424861
1150,-0.00896819911416104,0.0361889933102317,-0.05409369580619006,-0.004273416208609903,0.020455205104286677,-0.10546792632252762,-0.0009520155140987277,0.07615143429874743,-0.0005567792532826165,0.0006392144564519555,-0.04120448034773466,-0.004615718253491529
1151,-0.010007439231073844,0.0362052949214567,-0.05973657942265179,-0.007025920760619701,0.021210162931154197,-0.12084736649956661,0.0012110701785968613,0.08597020859998436,0.0036828232686173636,-0.006393764770398294,-0.050742075127172055,-0.0008302982498665345
1152,-0.01215054068758783,-0.05995027329113499,-0.03420916306873525,-0.009730318653398904,0.001408871050071377,-0.19995120405190425,0.002011778158158994,0.07806149222309443,-0.0032678401887342137,-0.001923212197385997,-0.018764873705377844,-0.006428128968577263
1153,-0.01995601651110648,-0.008884682833031184,-0.043982975778907564,-0.018238819328840798,-0.0028421605412415805,-0.1660529649672144,-0.004590919076706521,0.05648168824137545,0.003652755897910136,-0.009878511193963086,0.006400683173073098,0.011291630272770463
1154,-0.012114962088138963,0.03224748129708389,-0.055610445639749935,-0.01297514430862715,0.01172265403948558,-0.18875590037577974,-0.002441006855665173,0.06560671312141703,0.005448498976890364,0.00432046450465734,0.002606458050838808,-0.004130958720552574
1155,-0.01332115082684578,0.03572859214688053,-0.05160046329732232,-0.016403450712721434,0.011861314474652598,-0.15693300290051843,0.0005733015933143113,0.05656509077451845,-0.00047287981969219633,-0.001839205180030929,0.005026586334202248,-0.005614235002121942
1156,-0.011169215320743386,-0.03118026280021589,-0.03500886248789196,-0.014968372832292985,0.0056746094721696755,-0.17456292517605118,0.0058778747731806835,0.0641863832909136,0.0009810519053405863,-0.0017506313223001136,-0.02607655896433059,-0.0019804889294209494
1157,-0.009612966918103885,-0.049151021544096694,-0.04209125317264815,-0.014673924254970126,0.0021111733521605256,-0.14272268880222658,-0.00881450837801529,0.05735222105042392,0.003842301167280062,-0.010494871674599176,-0.03321366542758547,0.010271431100245084
1158,-0.013646458089436521,-0.07350640901991926,-0.04030804916415441,-0.02054342322966633,-0.01831522473759171,-0.19703306557433678,-0.0018030758492807767,0.044979347392980845,-0.0008292851536212258,-0.005792074545176673,0.020792927256828134,-0.0051337068972228716
1159,-0.014565195627613166,-0.012445261279200528,-0.04992227279918996,-0.013302543630590717,0.008984747230295022,-0.20897504432468156,-0.0010534274248514045,0.06246351252454578,-0.001080662119924069,-0.0024952972890538083,-0.009002006493260951,-0.0043020937610310514
1160,-0.015112508993124295,-0.07656378509181533,-0.042244997914832355,-0.01721525824518083,-0.02289559732038981,-0.15739454233922962,-0.0006997357430023714,0.0646068996318541,0.00227179270266332,-0.008686319039833771,0.007118300649283219,-0.010313895426947259
1161,-0.02732502997739114,-0.002078323120218285,-0.07925381726299757,-0.030549154327269817,0.020074066127411392,-0.026435006990140623,0.007387693706299414,0.10244590652004164,0.00709732270786519,0.003960575095514186,0.03821568516198109,0.008925706564218963
1162,-0.016872248689062924,-0.07261746711210314,-0.04117588216843522,-0.013018866314537409,-0.057491591018004336,-0.12802826086361097,-0.001703397799514579,0.05272386490075935,0.006748527217289097,-0.012893746944660328,-0.00574587557283148,0.030841395637692937
1163,0.018990788413721073,-0.04736286881790789,-0.062070700087074306,-0.011561021837262837,-0.051599603618598,-0.15364981346338655,0.002412606193986861,-0.11290005224285872,0.00756669640814283,0.014909050963536884,0.011064695972985561,-0.003884101765317923
1164,-0.01266469987512407,-0.07303558265424404,-0.03446971549307032,-0.008417596709911762,-0.07409826090216715,-0.15845990389456746,-0.0006953901018771962,0.043257177969067445,0.0037515694454790735,-0.015531341900078755,-0.028957608731518834,-0.007498370619554556
1165,-0.014271151976156238,-0.055528632264747815,-0.0405962793972681,-0.016609003832306103,-0.02871102989501346,-0.12844821171041823,0.0010773164858903126,-0.10128240960642745,-0.0010806128483521484,-0.008297269098562278,0.01745302357688304,-0.004921181014465929
1166,5.043224368935961e-05,-0.05915765943708414,-0.03379627074355565,-0.008707209807019067,-0.05659611750429763,-0.13463427542478623,-0.0008574441857662703,-0.09433075077321247,0.0013680946939072347,-0.01598142508569678,0.003321105162259593,-0.00516985380841169
1167,-0.014435849453131014,-0.06117089521913029,-0.03983548141338739,-0.006533730222650431,-0.03124675963634906,-0.14219120212998046,-0.0029839210368298444,-0.10363880195895273,-0.0061224245456867055,-0.014854098385634217,0.002580560210725996,-0.005803911137555953
1168,-0.023852753022025275,-0.06661686132595598,-0.05501888082059363,-0.008825416237865806,-0.09258580541113713,0.030361232678655436,-0.004760729837218458,-0.13731989586147683,0.003952042237950229,0.0017495988359039298,0.024288533841219755,0.0023803403106718193
1169,-0.013176297481419864,-0.0651757660671716,-0.027434788128530608,0.057614914082366506,-0.026016382850910916,-0.15730604294377806,7.296739170246878e-05,-0.07391103856083603,0.0014718721762254515,-0.00590323147109073,-0.04155260479882253,-0.0009748910831421718
1170,-0.013449831757857281,-0.053591982407343544,-0.03343022789006284,-0.012066581192542161,-0.05504473344508209,-0.11065151802739927,0.0007064564632194633,-0.09655066450201634,0.0003954578800930568,-0.00762346840676931,0.0050833347590603616,-0.008165963700675722
1171,-0.012931548171103263,-0.08382711302603683,-0.040926910690898745,0.0019058279333099939,-0.06341221296861546,0.07509624683837673,-0.0026247882731806876,-0.18303937743919677,-0.0021872428073936726,-0.016377749946217986,-0.009869087231940948,0.005395496784760099
1172,-0.012009554078351248,-0.04421383756889172,-0.038597506516463424,-0.011210880012724718,-0.02391923368946021,-0.11847759177012432,0.005453313166795044,-0.1014012411356194,-0.0007487657699164967,0.00022456159137673794,-0.04557567745511968,-0.0027379717194515366
1173,-0.009313127142999738,-0.07372246268831321,-0.02264653706491722,-0.018585761905225717,-0.037407577724795325,-0.16984094148614579,-0.006679797791668618,-0.08819441083457706,-0.0009032176659838792,-0.012010834021719145,0.02540447079001554,-0.008191537275323754
1174,0.023814931537767692,-0.05313481220926863,-0.04277084727555518,-0.0035738823421796657,-0.05509737127706887,-0.13507054737246582,0.0027652147280828746,-0.10996083099182873,0.014272731970913485,0.002609886305644695,-0.07847502531943806,0.03750605791642584
1175,-0.01080986670652928,-0.04828028417441659,-0.03484412045968129,-0.011690072154760863,-0.05485725347388251,-0.12741352383894416,0.0009470344978850084,-0.11428520564660437,0.0012215940007821418,-0.007386322457916529,0.00753883370273003,-0.003369212868261678
1176,0.02577636365780163,-0.025018566535595345,-0.04062530619424263,-0.014133430076397016,0.018179959958326754,-0.18863737867548497,-0.004240123878337312,-0.1100399745298125,0.002441922713284144,-0.01081700668444141,-0.06909347287442114,-0.005557622773278804
1177,0.021667732935530606,-0.026526833351199305,-0.03760529919965007,-0.010207906533361956,-0.024621324530864692,-0.16568552353400043,-0.0015861151601144817,-0.10114444015960686,0.0036618597078077893,-0.01307781039950394,-0.061990820459532255,-0.0027671636175582107
1178,0.021840634876241393,-0.016165669307476697,-0.046338487103684274,-0.011037304458009175,0.017633603635513598,-0.19373294224357152,0.0009423053383388732,-0.109243744203228,0.002610460278537966,-0.01499838085080012,-0.07690879904349993,0.006634615254166526
1179,0.028696490233917803,-0.03156242559924212,-0.04489135448821451,-0.010970237688939588,-0.00456551945773062,-0.1886214295460727,0.0012281835854259524,-0.08725942889633537,0.009321533758835597,0.003935792637548116,-0.07484150770440613,-0.0039450453252487545
1180,0.03585996600595803,-0.029883590225030073,-0.04849367929943122,-0.009809228445223054,0.014991345937337055,-0.28668693870705664,0.004877386222609412,-0.026809990751393155,0.012400516050603615,0.005537798960188902,-0.06958057856203446,-0.005382071138475421
1181,0.041871422488368046,-0.03770694630573654,-0.047746577216302544,-0.011763278007078768,0.01630201546664163,-0.20745653360280938,0.015891161377322632,-0.08420858266645552,-0.00026718218352752296,-0.010268254822880084,-0.07091573799242386,0.011549606127158184
1182,0.027010865764192156,-0.04881161080168418,-0.05248019907312648,-0.01037308753299736,0.012122695337285676,-0.17866078609705768,-0.006297893420958381,-0.10051481991070381,0.00815797123268781,0.002603979755727779,-0.09420228062559863,0.009253073448445033
1183,0.027560714222535986,-0.03303265508555751,-0.029015984291976736,-0.008483272409630661,-0.04223421282936631,-0.1628715005388663,0.00931545051033323,-0.10130995621140167,0.020734256728585834,0.006231738110769823,-0.09359550095649491,0.014176359536672243
1184,0.021473473354439374,-0.028351406747079307,-0.05723901523177006,-0.012172028654046544,0.015487464019520648,-0.16627538533198696,-0.004895770922266205,-0.10142477200690957,0.0016707349451332515,-0.012935896608138738,-0.10394119692606955,0.03317069562888115
1185,0.029207016456315297,-0.06709171118025901,-0.04269684489744207,-0.010819031159593961,0.005492118040105233,-0.264288179685803,-0.0021099560854457235,-0.03319802457015477,0.003172370145772602,-0.011557584060695663,-0.10517127990717953,0.041149690966992086
1186,0.024592469331150845,-0.04728285847893727,-0.051134094226396705,-0.008289752534000638,-0.01249634150280845,-0.1865023984436692,-0.004227362136644717,-0.09524667049490965,0.00511872172605248,0.0030394233986724864,-0.08390755398272126,0.03766150354345946
1187,0.04132581657163431,-0.03919276480530136,-0.05137510669847938,-0.0055748741597128485,0.014842855949561777,-0.19027865962760362,0.013627410465895074,-0.08402741476766575,-0.0070183913742914265,-0.002450611825409127,-0.07536948948634302,-0.00526626307843118
1188,0.02722877311357551,-0.03177750765417253,-0.03165789276307747,-0.007798039380191639,-0.026828145316429367,-0.16715419980795804,-0.002689187408543369,-0.08310891898654536,-0.0008511777513505663,-0.0015770800958190714,-0.08131910892457474,-0.005814721126225256
1189,0.040372762635961235,-0.05880428184669056,-0.056520591445022354,-0.01959128048791083,0.009143496659379628,-0.25441105070659814,-0.004298817086559154,-0.02710897417030632,0.0024935129956194977,-0.011682566416024255,-0.09289245814091032,0.01975711535631297
1190,0.034306946976920445,-0.04324371686777259,-0.03133043783245503,-0.013020225730106229,-0.007070891651933731,-0.17077888825114573,0.008514674687682943,-0.0880680610635381,0.0035090909324578673,-0.016926515215693955,-0.08808555650876364,-0.0013577819077205387
1191,0.03521471014050363,-0.05333977324757425,-0.039946053800602954,-0.008819883090462464,0.011617003315620097,-0.17417748816510917,-0.0019455343621252617,-0.09748650819042491,0.0034442878713508433,-0.014587954567253415,-0.11367954063607154,0.009405603059464461
1192,0.048134224547810946,-0.04983036732234375,-0.04463168586092814,-0.006255342509767133,0.03108463240429109,-0.18686809941068463,0.023759397038227895,-0.0790478162905057,0.006311059973441843,0.0034672090280355988,-0.06451494665702136,0.06644826070412439
1193,0.027905534300615185,-0.03320396857293335,-0.031141459485981068,0.0158029743353638,0.012407692487221974,-0.18823290322309147,-0.0036646078938959155,-0.09677401330330558,0.0018687775693936861,-0.013011526653217786,-0.09175448497728718,0.018977062253653337
1194,0.04118684389642927,-0.054143474249541086,-0.04877518010615684,-0.009199556220795435,0.014114002119657793,-0.15509395752877153,-0.0031684735001088287,-0.1115894921075604,-0.0026959444924777574,-0.001446639434058278,-0.07281793336026351,0.023453256559221043
1195,0.04289823165530126,-0.04240509757905578,-0.028855752266670837,-0.013314721853148763,0.006990452263684932,-0.1707915757584687,-0.009057483583176196,-0.09370457442416132,-0.0015661120230311611,-0.000681532983701832,-0.06648262081561378,0.0168542657665858
1196,0.0304211068581728,-0.03282411461400948,-0.05071276812431452,-0.0106945830939392,0.015603348452487616,-0.19221398285291957,-0.0056840773769986615,-0.10049192627982549,0.010278724109579862,0.00310619861526944,-0.08886571677351528,0.0006141257018754948
1197,0.040197205263549994,-0.051140295291359675,-0.011797709707619342,-0.009482818105165738,0.011299149372018012,-0.2542002221773835,-0.00420765972251278,-0.03007523980839786,0.0016922945320176877,-0.0120880723424407,-0.10547670757122357,0.03978740171676809
1198,0.02548802585051646,-0.04775852299229304,-0.01890944913249414,-0.006506244884582377,-0.053687056428332054,-0.14583653711545103,-0.004623686010946021,-0.09778938467232678,-0.0006938407721940115,0.0027758372166582757,-0.06492885857461783,0.014809252079976647
1199,0.03230064253322606,-0.038170866514072456,-0.04062116457786504,-0.012219639574960299,-0.006592274185539139,-0.15961497023431556,-0.0014971797709948864,-0.10317184133861315,0.0012533061926815292,-0.010268664514637534,-0.09659344088244977,-0.004227991752631621
1200,0.04400753302002875,-0.0254239033318687,-0.023708938640209908,0.0014451577665882294,0.030844895813497836,-0.23824665150775265,0.02643856689747487,-0.038793364159233366,0.022224675240459606,0.0034717343748443797,-0.060858908708193785,0.042335002488326196
1201,0.01720097076829135,-0.05272208171939492,-0.04165346445650396,-0.012948499485756578,0.02251589276485074,-0.18739178865931264,-0.0028032320449659673,-0.10740982780049667,0.0039395927256557954,-0.01564818504594903,-0.07819842281844444,0.04583948842442978
1202,0.04071862097572638,-0.05568822799948608,-0.04508776456463668,-0.007959557239840804,-0.027218268173707785,-0.17079357420113056,0.0022692217335530647,-0.0719622501515331,-0.000934523007054455,-0.000525209048090074,-0.07939327406497172,0.01648026465204168
1203,0.03565228378062217,-0.02967827078002038,-0.051972112616474005,-0.011877276560388218,0.012984564130766096,-0.2678935514389368,-0.0070839479487643815,-0.032043627346378896,-0.008641484533402568,-0.01062442994752353,-0.08048013332957911,-0.004458330008218404
1204,0.027074887138105998,-0.054890417635219846,-0.0603717459521065,-0.014989165381960153,0.01080877754980027,-0.24185757996984283,0.0009234450823139619,-0.05418738288094545,-0.0034807062892680094,-0.002919631978183337,-0.08511704635612394,0.013922101098390134
1205,0.02669691498609796,-0.046896885447518084,-0.04664625409759134,-0.005386148398884008,0.02022318675697416,-0.18079929284421192,0.009382113880029101,-0.1009131982713179,-0.0007397100593112993,0.0011358078682490338,-0.09548732637554111,0.02117373117676386
1206,0.03657051558156578,-0.057511758737086006,-0.04388869765933699,-0.011165511206782053,-0.00813262994110143,-0.2637519399012047,-0.0009023640374289407,-0.019297925848395004,0.00420747355645927,-0.012612562691968502,-0.08580544121105575,0.013958074490941691
1207,0.040421187539496174,-0.0077976077010113495,-0.054959118200505266,-0.015852124376940387,0.0009510619507218983,-0.2711719215829027,0.00874764768875633,-0.02095598054405994,0.008891529972937498,0.005395999326592549,-0.06328593615669845,-0.001381896343530079
1208,0.04745895289047797,-0.05153400964610551,-0.041939029796546776,-0.015550009446092248,0.01601234093208341,-0.2468084898198727,0.014081269457958727,-0.02492141979753216,0.0034072876177524626,-0.015466708563283535,-0.11369905640030463,0.026280184579425644
1209,0.034187054371870244,-0.016085823345418537,-0.04644995808722889,-0.004079880299841836,0.014971227939475773,-0.19593342935523636,0.021477726169437533,-0.10899140937882563,0.005220872233210667,0.005323147653560201,-0.08306616061822117,0.01025038189395035
1210,0.029670891172340584,-0.03803260505643782,-0.051532091990774576,-0.005835777609216458,0.015025887918073239,-0.18992834670634726,-0.00547353899407521,-0.10370150143527562,0.000599447082119742,-0.0022157852017458553,-0.08375444156447517,-0.00462875569192942
1211,0.028946386930734796,-0.05291519403296706,-0.054361761789529166,-0.006572070724892272,-0.004316609613264581,-0.18549294212040557,-0.0024109400498006557,-0.09532251427087642,-0.0013031623457588144,-0.0016428372607551556,-0.08301672574106102,-0.00383644320827301
1212,0.0304540882311514,-0.06709603420222558,-0.05726185856612188,-0.010271002293573145,0.007786837687861031,-0.2691858363977724,-0.005160812312948347,-0.030723594733538404,0.004739259616986328,-0.016472013721437362,-0.07840352236397992,0.03959365087793279
1213,0.03065535674936408,-0.02153418115659878,-0.025575090424642007,-0.011267204935818521,0.02037223375845109,-0.18981578793679516,0.01585294738818709,-0.09392806317531055,0.008346600901313242,-0.012674206332205788,-0.08728081336265299,-0.0030975846801733304
1214,0.03599502093442661,-0.029574452204019948,-0.05275853639812701,-0.011621272093087323,0.018605989859249845,-0.2626912721944512,0.0005047242318672434,-0.032241090380727144,0.00168551604077559,-0.012765216576064923,-0.0650659611449737,-0.005051923340219596
1215,0.03335999915564429,-0.051155963198718284,-0.05494543760557904,-0.011681787648568745,-0.008305940916306417,-0.15331046063435405,-0.003522002259451982,-0.0879827436843753,0.008970971637063993,-0.0003991304341487767,-0.08679955675294003,-0.0034913450844365314
1216,0.041118523700711986,-0.05079777904031407,-0.04115364331200879,-0.008378661572886855,0.0025954775293938314,-0.21793196778764176,0.05203350276880586,-0.031083735021317487,0.008999522870045198,0.0053685990095432975,-0.10149657998894333,-0.0018058329637799728
1217,0.02002483308774273,-0.0012967995535945213,-0.04605343935304702,-0.014163647236619281,-0.0021209216590837676,-0.2050582512014691,-0.0007572581931313805,-0.09850478005696284,0.004594395475935361,-0.013433506264243273,-0.07554790545498082,0.006381794892366009
1218,0.03659947514637724,-0.056819399063282955,-0.05252878589174781,-0.011633402174108654,-0.0006323203234875932,-0.24743408968816766,-0.0034255660768870255,-0.02726309279070031,0.002480226988394666,-0.013026048733362475,-0.07169832561524325,-0.006298149211810538
1219,0.035512254408337954,-0.027819286263394184,-0.031163373607830017,-0.01408587823808361,-0.003952661118908991,-0.25900348591755873,-0.0059046343243227255,-0.01895375079059431,-0.002227549619784779,-0.012932804730159297,-0.0699890123561433,0.0073289919657485575
1220,0.03907276830511,-0.05771100437434545,-0.050201661908441234,-0.006364340406160996,0.015103080167995593,-0.23045542025309465,0.005936856687290066,-0.04946737000863938,-0.0003854528867366559,-0.0030679359533440087,-0.0995409827111854,0.011488799568641015
1221,0.044162602769914364,-0.04493561544283455,-0.035729836373543156,-0.005889638190117427,0.012004468914612397,-0.23883450875858192,-0.0034373787743104682,-0.04475439259136675,0.002332024425997467,-0.010795792531399817,-0.08167724349996451,0.020187512167747192
1222,0.029863035059919312,-0.022559562884791804,-0.04821260931868018,-0.015330699072518677,0.020731291814519225,-0.187490769022391,0.0009362322626252528,-0.10511826631421954,-0.0039040196499866777,-0.0032727916370643125,-0.08334994622611419,-0.005807885824401744
1223,0.03460342850709906,-0.042814725708900735,-0.031575013198684505,-0.01138985846537038,0.012755832237662188,-0.24757811905300647,-0.009763996764442092,-0.02197968503350333,0.0023187314320883483,-0.014459420927211952,-0.06366119473589199,-0.006329141182819139
1224,0.034754983856592626,-0.05350088691747148,-0.055282869251159814,-0.009762493437738664,0.006931811416005099,-0.23199582794074797,-0.0046736661751671325,-0.04906215055607999,-0.0009828723631082493,-0.0018550032859530167,-0.0891608180734999,0.0015037271718725052
1225,0.026977138127417262,-0.045608572444827904,-0.0446768774296953,-0.004457850514184822,-0.005857960279604115,-0.188552777291616,0.007159941269651534,-0.09846067679440836,0.005906957241916737,-0.018173787447924077,-0.07255392471355886,0.01954830567993864
1226,0.029239747686446698,-0.05546965484030871,-0.05078845985684752,-0.016273569682693553,-0.03487044268448961,-0.15902096145347086,-0.004337997241357545,-0.08838351652356677,-0.00020851296971046378,-0.0014725384626615037,-0.08376813243258406,0.019898933961538065
1227,0.021582111890342315,-0.04370245433638774,-0.049721790208746446,-0.011380714697847495,0.014539925658066404,-0.1903916033860322,0.004492525094610259,-0.10199279237029035,0.0035031138903058,-0.0005884853845314754,-0.11804054079240232,0.03585089806923543
1228,-0.0029158823723525666,-0.05796399916498947,-0.03285875224525374,-0.01732388764250148,-0.052002150293507375,-0.11866272850554938,0.0030562094365448544,-0.09906925675370037,0.0004602951021270956,-0.0007637488947683233,-0.058307851299317835,0.017958915777155186
1229,-0.013741841116161878,-0.08956324206014904,-0.0360953638413549,-0.011365391484360372,-0.03695853369994566,-0.1953839443377705,-0.0011657436709636702,0.07348150796792838,0.0008411111517962411,-0.013146498656450328,-0.014042675406174357,-0.007865468800864885
1230,-0.011329036093187526,-0.06156984410103336,-0.03812929085407475,-0.007330723346136314,-0.04299184265809172,-0.1285642084188954,0.008581190243471417,-0.11837400684112886,-0.003032467291654302,0.0023732161389502632,0.0073226985450688805,-0.003857718533956987
1231,-0.010620581841555229,-0.015812714171477938,-0.031055905939650304,-0.012514430178237886,-0.04708119755493919,-0.11065321792116475,0.0012711613516051576,-0.09880251622612132,0.004418541612657452,-0.0160066377936286,-0.04350175643602142,-0.004221656147683501
1232,-0.011616281381256184,-0.07015553449309954,-0.037152708386068635,-0.013143181487162134,-0.029495957596616575,-0.1805523885839092,-0.0035286552987723123,-0.0813227399026079,-0.0014478862068079681,-0.009909229081826162,0.02190461136125582,-0.004018689592638214
1233,-0.033742495265816255,-0.09597924165353593,-0.00617250867022241,-0.012388022901019308,-0.07021866999029185,-0.06077154332096491,-0.0008989193261349571,-0.1228471887805905,-0.0006644767105832915,-0.012050449685775198,0.015465601208702268,-0.013086421339248231
1234,0.0344924846304165,-0.03202790831985341,-0.04248941918262104,-0.012232310687949758,-0.038276033413733555,-0.09023811057089343,0.028764167677528398,-0.1193748969807922,0.013397325004065319,0.005558148715328393,-0.0002726609372173232,0.010639719409794092
1235,-0.015389247974669696,-0.03574581311215552,-0.054166169495637545,0.012143909479000098,0.005850180002830857,-0.23783073818957592,-0.005573435511497024,-0.01005362902205759,0.0027227238417551216,-0.0019537883885393,0.03536155143804231,-0.003457856369260303
1236,-0.018161517729538067,-0.05319335936663239,-0.042360022584772825,-0.007075390108759556,0.01290150467380599,-0.2197639997707828,-0.0015693301907197888,0.07998044257248192,-0.00030416013105483565,-0.00932741111739951,-0.01475149028675523,-0.01309599553309863
1237,-0.009725234333137659,0.03158206822793804,-0.049355380528897846,-0.005100333125743078,0.01885573508786849,-0.20344586760495928,-0.0007561444183025626,0.07335959166092315,0.002604996044888979,-0.0046324219568004915,-0.04300611629375933,-0.0031823354910431624
1238,-0.010563205313260998,0.04260563694239333,-0.05651663361240713,-0.009181903946206042,0.020821233088280024,-0.10490200091827982,-0.00018283446267046194,0.066940790960821,-0.0015446995170469216,5.528928766932365e-05,-0.020249490399608355,-0.005746190041669504
1239,-0.013134890191854487,0.02855876235994458,-0.06227902879027306,-0.01854502688685499,-0.02183854893574806,-0.21570837368727272,0.001424404146817943,0.08224049341729836,0.0045338806367181805,0.0017499948848315832,-0.009821266448430406,-0.0061383679047653135
1240,-0.008465430885509906,0.021575413973331386,-0.06066058104138728,-0.012487105587237615,0.008046735561434886,-0.17117367667401595,0.0001913179288154173,0.062199201612051364,0.0026821855103278947,-0.005973375712142487,-0.0420026814938222,-0.00042693230238735516
1241,0.016328348987317613,0.02461744493073924,-0.0681913483422243,-0.006170383625025192,0.02072033088175447,-0.17941846896217434,0.0007113551561865784,0.06321239886794924,0.005217886075994271,0.0006946931729839723,-0.056821947578036845,-0.0024591025033609097
1242,-0.01117901044391871,0.02857960795712127,-0.05319626574517763,-0.012400544499262011,0.023340448192254403,-0.1842446883096377,0.028135204333771733,0.06702859830173606,0.00635655554464536,0.00295693065953936,-0.04909902978974311,-0.004872910028310578
1243,-0.010991819656859681,0.03533726482110232,-0.057800066058244254,-0.008124637668936,0.018364200396301454,-0.1597381735810392,-0.0013069745191581052,0.06448348306594663,0.003096731711954009,0.0014615841610855513,-0.008085296826121746,-0.005970625762144558
1244,-0.0094145309683896,0.027775687514790155,-0.05665514500696806,-0.006339840046594095,0.01668495189418441,-0.1703471628272859,0.0034917331863915874,0.06717333884152747,-0.0007361028912263885,0.0001389431683590995,-0.045586276552438645,-0.0009276762257870888
1245,-0.007230706300969197,0.025724193513205616,-0.062040984424878,-0.02055364683861223,-0.017686441241639112,-0.22162802104313903,0.002563503610050484,0.08632271571714813,-0.003180746025575186,-0.0005077166512467529,-0.034395782723085855,0.003986245612012003
1246,-0.009420814246556941,0.02918989287675936,-0.052894583184432,-0.011464470758253457,0.007591670409231316,-0.19646253684018183,0.008332247260077062,0.0750827504887575,0.0026670272677871715,0.002204848068126059,-0.04148029207100959,0.004893875706965632
1247,-0.015026908628867144,0.04306431935438463,-0.05619912316277019,-0.011878049551192135,0.015964044776009923,-0.21034639343623165,0.0013704963557901121,0.08635623934677462,-0.006068408581990958,-0.0005414067000227365,0.030653469167657807,-0.005611388621658117
1248,-0.00531059471390736,0.029341199159259895,-0.05821718373899266,-0.009935487346468005,0.010913180075598203,-0.1848669168143696,-0.0007815450705718996,0.07701781062312486,-0.0009164961532273976,0.00011765733465353283,-0.0476808438739519,-0.0017576212335900815
1249,-0.011678229877173062,0.043771142526237594,-0.05783339624063118,-0.00815567068691889,0.020564903788615085,-0.16910139758532214,-0.0026055499504765503,0.062273617462463876,-0.0010937818498425876,0.0015961828443900774,-0.012515511830807659,-0.004088486006480203
1250,0.02223443450517094,0.024223091598921043,-0.06758841365023721,-0.006887285589796999,0.020407337082865587,-0.15644825017678252,-0.0011223412626091827,0.06651491006608592,0.0067203156546269275,0.0029367245200851186,-0.056594265822189314,-0.0019446256450492139
1251,-0.00924165731724248,0.033003409815712835,-0.05539087344059873,-0.008200093706673251,0.017296456992698654,-0.191624250841462,0.0007856780570295463,0.0674219154388372,0.002971429568011128,-0.00682049307406508,-0.04864438866478684,-0.0022459990380466494
1252,0.026567068227624474,0.022349784075710064,-0.06396061260721114,-0.011384013107707812,0.010218739163588796,-0.20250070756328736,-0.0008642119826006485,0.06773681401081841,0.00039917766973746803,-0.0051171637378001405,-0.05923866003127278,-0.002119858429080823
1253,-0.009735659668172544,0.039473737772381716,-0.05473751265240165,-0.009526712490647328,0.017567507261235498,-0.09117297215898691,-0.00028404439357265337,0.06996353090531923,0.0013040627113051731,-0.001112762611903728,-0.03945889810045996,-0.005471814478962056
1254,-0.009717807307923187,0.03860730039016975,-0.05301935962849832,-0.008045341234886266,0.01214593324668322,-0.17904476070750383,-0.001656846579552366,0.07088586958801057,0.00204210876419532,0.00015022358924886956,-0.04699918470796821,-0.0037885174930047966
1255,-0.008476367058352224,0.03281013307609903,-0.055833802904322494,-0.009101436454665579,0.013066858116590647,-0.16562119395056213,-0.0014463713716873791,0.07382436552669919,-0.0009436725273795263,0.0005990861225250829,-0.042997586633453794,-0.004338634982429405
1256,0.022188576583941362,0.02875673262732419,-0.06350440240309992,-0.009138456788485934,0.01655229504813292,-0.21066193208053602,-0.0010489778178280067,0.07108070728726894,0.002101971241771066,-0.004772584992257724,-0.04501696643115995,-0.0020814753523223503
1257,-0.013974560356945496,0.029444190404808796,-0.05915256288677296,-0.006347889800474115,0.02189918356371871,-0.14419638970369378,0.0012926267002603927,0.06461065838276303,0.004783980014224783,0.0014581644993930088,-0.006581491797196993,0.00048428964428437146
1258,-0.015545090021585386,0.03865983182291112,-0.048936006087510114,-0.0068844895815980455,0.021657584707958092,-0.12745394206504104,-0.0008333758516815811,0.06892611444972829,-0.00267168504795897,-0.0003877502355751558,-0.013247089217483557,0.0027944655205858543
1259,-0.012646043694061354,0.03354587502177529,-0.059998638708895935,-0.007460822378932651,0.021102482246795375,-0.12327704043570527,0.0005336352508912833,0.06118485327946197,0.007536770459410508,0.002225046393268726,-0.011314208204633748,-0.00514978387699104
1260,-0.008578289529152563,0.030762673263318243,-0.05722307085308063,-0.005567625597634051,0.02005589673874479,-0.12286978040268334,0.0005155729281839379,0.07539453332882688,0.00487811664220017,0.0020826844705327144,-0.048744998485547454,0.003517174082093681
1261,0.026680725035655963,0.043200781394773485,-0.06705316611302298,-0.013872849995206219,0.01508968875395866,-0.1602021826992405,-0.0019569949053880524,0.06573398191085025,0.0015331817705058685,-0.0017243956961076163,-0.0483431884219648,-0.0034223970110334044
1262,-0.004642188168418588,0.029054887413011647,-0.05567799865412561,-0.00826323764755376,0.012809356346474178,-0.17671410358017092,-0.000660502492310786,0.07145322360550696,0.0022143470352525333,-0.004701183885051836,-0.04082703655047891,-0.004145056243055014
1263,-0.005339891888441991,0.03635093886671444,-0.05338397452927349,-0.006439944427525599,0.021190491775014395,-0.1370252475286077,-0.0006733628383167055,0.06702939327166094,0.0038921982034794606,-0.0007312318547718724,-0.04899359688457331,-0.00556048561311487
1264,-0.007414327528035464,0.0353941927384407,-0.0582789023199075,-0.00821120147032243,0.019911931070165794,-0.16152852328842907,-0.0011301439139399262,0.06597360311046804,-0.0006061948572160669,0.0006160085011497115,-0.007387310073574494,-0.0015521435796627195
1265,0.025509730612773195,0.03635171975423212,-0.06891284631873884,-0.013761184683319059,0.011862730554588105,-0.12666236325626018,-0.0017439547727122716,0.07044581089244648,0.0032888217716876837,-0.006533920826705614,-0.06275023370656649,-0.0004104088410410705
1266,0.012243798772598988,0.024165088290412598,-0.05292945526641843,-0.0016841208064453503,0.022126088077422758,-0.18587112244119386,0.0018923519097143414,0.06463605897821399,0.004086178140248207,0.00031565092912523877,-0.04972158420533637,-0.0070538362366439795
1267,-0.006497038142922279,0.03382846788858543,-0.056267485925063476,-0.009490958332140063,0.012498410634157346,-0.1275807667926421,0.002658584197638823,0.07320353081796852,0.0036603982352162805,0.0014218083501327627,-0.046604300219066794,-0.006068879801758367
1268,0.02590923909766844,0.030586639504059338,-0.0694511728092785,-0.012459199789580372,0.010568427695143113,-0.18223180548288564,0.003242159837590044,0.06654766739809359,0.0033917382107988892,0.0022407565834263164,-0.05117782970938387,0.00042789508855686325
1269,-0.007273820973080387,0.04234955011389926,-0.05063235482430392,-0.0061784069797252705,0.019309909973585032,-0.15611450226916673,0.001814043666214236,0.07303693665288712,0.0017713691086599975,-0.0023586805364682285,-0.04000398700338341,-0.005689868385168686
1270,-0.010320753431682305,0.03501800289963934,-0.053847697676495665,-0.00884455734467202,0.012895914276604442,-0.1300559592695031,0.0009574287092383577,0.07658537897783152,0.004002218145506747,0.0019001863809574343,-0.0453812113559109,0.000876675533629893
1271,-0.00950147949605349,0.03656817151294648,-0.054738963030896336,-0.0058955620573002175,0.021200426724408566,-0.1176360985141644,-0.0012501164976310205,0.08141156369507377,0.001974769562322313,0.0012467666318531545,-0.04459113981393661,-0.004436878484023057
1272,-0.005828634468956306,0.026588744167303377,-0.0562625580329861,-0.00534713033336193,0.01802205315617056,-0.1763453738351538,0.001936049787672999,0.07033121362238307,0.004504545754935577,0.0014492956330852496,-0.04430326401886435,-0.004116910892528462
1273,-0.0030695995318576583,0.0358088029143535,-0.05566171684970163,-0.005561433320356363,0.019784415060804587,-0.12178064128660634,-0.004860390752628495,0.08341639141692588,0.0020698469385873794,-0.005472364986629305,-0.05395740413708801,-0.0059506268808061456
1274,-0.005306597596824508,0.0327182855387862,-0.0522160990234038,-0.00849777629028952,0.017241442133742017,-0.18139152469794984,-0.0003421749271872271,0.07307433416347119,0.0009856502249351155,-0.0023130854944846744,-0.03241104407742453,-0.0027044108873954874
1275,0.023727434729194523,0.02388331380653386,-0.06579354233939849,-0.008286159378258898,0.017652247042482114,-0.18151937882757443,0.0018976022102110302,0.06872725358679642,-0.0005500761949208721,-0.0028717724978820944,-0.06319529592381512,-0.005272677699739747
1276,-0.010250870118147576,0.03848868212884282,-0.05379908721537725,-0.007348777075118712,0.023911871659085614,-0.10152511627674501,-0.0007819747489439918,0.0713639598470971,0.0012256731874261562,-0.0013194641270067975,-0.030596559689842436,-0.005174088079652925
1277,-0.00993674768465623,0.03716471009883419,-0.05734286779107106,-0.010193496927911933,0.010593148031222712,-0.12019407735010182,7.398017085098353e-05,0.07538868615495183,0.002076686194645179,-0.00491256149780407,-0.044924713675923114,-0.004833489900790351
1278,-0.01043531389973058,0.031475335414174146,-0.0566489763731034,-0.005923901440568064,0.023593127924887273,-0.10789488759424015,-0.00019402114318404172,0.06726860433616048,-0.0013164823565039979,0.00013797528473901113,-0.03410692561537086,-0.006387011427433888
1279,-0.010985075436453492,0.035323869798668785,-0.056753350472835765,-0.013280395650346912,0.009922185599123914,-0.14104004122505476,0.0009803382835169403,0.06743652843828253,0.00027713540122171104,-0.0020456243714741047,-0.024921012317977703,-0.00547732971996724
1280,-0.013065319833065726,0.029812593629441206,-0.058096693963002134,-0.01389848042445742,0.01057731645709086,-0.19145181873113837,0.0011309179270785395,0.06080674175762989,0.00229494357222777,0.00563884029732467,0.007592471935837297,-0.005564792310405038
1281,-0.004047834505113132,0.0367562410605414,-0.05663117003240181,-0.00798549117594525,0.01865687875390774,-0.12529689501252123,0.0008156523620665547,0.07756474964942375,-0.0004471260580202394,0.001981146144387863,-0.04998025623725683,-0.007052395422450282
1282,-0.009862458608475918,0.03654176306184298,-0.05482109302164026,-0.009386597519179498,0.015660257518835246,-0.14793131040474994,0.0020413458440286985,0.07131123031516236,-0.0009091012316388355,-2.6135248871212375e-05,-0.020890634578532238,-0.00664678909865595
1283,0.02609947791833585,0.035071724244461484,-0.056299792418634476,-0.011038286243707344,0.01892214849227953,-0.12033980167133236,0.0017922755686313296,0.05988100149455707,-0.0015201786991898211,-6.548844492593252e-05,-0.05100192657878779,-0.0030665828290723585
1284,-0.010951570969358114,0.03179043923243522,-0.06326860854625574,-0.013357982238196151,0.01276059749191596,-0.1374028681071588,0.0017456016520252286,0.05813868084464704,0.006652537340932557,0.0046242235797411,-0.008844467449758872,0.005214189156866608
1285,-0.008470938699542416,0.020727886661424694,-0.05562608425033919,-0.009359357685111947,0.013649704766399082,-0.14389804324791386,-0.0021211793996689142,0.06199576772453891,0.003025301680719939,0.002019299137868669,-0.048294732067761525,-0.0020315142766030533
1286,0.020962779696048345,0.011500634449868938,-0.07031527095593708,-0.013324054491616557,0.013979864187921699,-0.1584079268607362,-0.00014219804271935947,0.06393337568221852,0.0025494582130046422,0.002330270810312314,-0.05388261830504392,0.0034236572829486143
1287,-0.005738224269010693,0.034037130380027245,-0.055038933717328355,-0.01076330019438208,0.012377904941667739,-0.12449677291999799,-0.00013941281961347241,0.0809260701457568,-0.0015828688299652275,0.00010878823085325299,-0.050451659352688916,-0.002236632375948412
1288,-0.01942965815343073,-0.03871222546306572,-0.041869716676597335,-0.01975872237340997,-0.03945089697229038,-0.18354802575503673,0.0008581983606673704,0.02602261294441164,0.003068333468343141,-0.013812065639318492,0.012289394130006967,-0.006786089363602576
1289,-0.010595801081168314,-0.012257380835202024,-0.04541112986037841,-0.010014181628340224,-0.019425043240426005,-0.1813470523564516,-0.00040233492938917354,0.047641486851011695,-0.007781847549750173,-0.009908200619165742,-0.04452230047298836,-0.00520819237905623
1290,-0.020473269424912763,-0.014726297802089429,-0.054348336926788865,-0.030058663001056737,-0.0213133785664148,-0.18904127769818133,-4.970890768603537e-05,0.08721252609550172,0.004965059424435272,-0.010762495459757408,0.010056569981533215,0.013270505194408545
1291,-0.015672808462722378,0.03591010469260993,-0.055383149426548296,-0.01738295781832452,0.013508647881593132,-0.1644323257442385,-0.0025615982059902804,0.07026124487062319,0.007556101032979473,0.0014193582823605075,0.00656209331820865,-0.0005531476089710379
1292,-0.010279495980097938,0.02914335903606909,-0.052122900371277245,-0.012384989355173135,0.020497474384638434,-0.1636365923656361,0.0022247593520271928,0.0719901478296982,0.004598901617740485,0.003201541433596886,-0.04726702777083944,-0.005415226078598671
1293,-0.012610594750414764,0.04586971616402353,-0.052909965375888594,-0.00994076359039286,0.009205380151650028,-0.12881141481226602,0.0030130244908326744,0.07410467692779184,0.002035964772582074,-0.0018893737692554176,-0.030658649698056137,-0.005128745743093015
1294,-0.002329031923114559,-0.02261958915270642,-0.045627941783642205,-0.013249492920715242,0.026527341913094166,-0.12161574404920343,0.00711968551574591,0.06206224944912171,0.0013827951890005995,0.003064877415011807,-0.005079814107240169,-0.010984064491259686
1295,0.03298790385828312,-0.022761816959655796,-0.05311607945633136,-0.02059288528883833,-0.01976187891112671,-0.2548396354329286,-0.0031925872035885325,0.08796668047865734,0.004599258154923087,-0.00010665924399893714,-0.04167626386696299,0.005088386869633238
1296,-0.010868866126592517,-0.010270740193002146,-0.047816291069280044,-0.00598422240437468,0.011303253912389606,-0.18694599644575993,0.0013545495931211436,0.057496131600964485,0.0036042749750143125,0.007381096951737788,-0.03779764226379238,-0.0041510809987591775
1297,-0.019535707114865172,-0.010507032918286086,-0.05115982662161481,-0.020648570796045394,0.008823738241921685,-0.22938546635388193,0.046105988613695054,0.11035366453059574,0.015565965709481829,0.011602179681183922,0.008985719962342608,-0.010854888300625068
1298,-0.015518745590932076,-0.019952464898039618,-0.04247843317025093,-0.019641968087340037,-0.0017240466074288498,-0.15246701085921135,-0.004082438526778459,0.06758337914978882,0.0002246908968963572,-0.003224468595054995,0.004785256500913274,-0.007859590778324379
1299,-0.012178933546717027,-0.06174005869260821,-0.0394949863702885,-0.009704208424946792,-0.018075103274866517,-0.1408678105842667,-0.0008665090945300964,0.06149997244573026,0.002165378805718667,-0.008702801991968458,-0.03821974363892827,0.0073340763582351075
1300,-0.013968040748195899,-0.06940677662492391,-0.04184278610043694,-0.011456449892029527,-0.021022844562176672,-0.1442075261154854,-0.0008712861913830954,0.053618988005556686,0.011203450848708494,0.0028416145178802956,-0.011868057848508261,0.00644559951128417
1301,-0.01859076042741725,-0.01268681400271238,0.0066795369108058325,-0.015787672291357767,-0.01734271449514124,-0.2148150507195426,-0.0019093066938274989,0.08545104896440103,-0.0015532225450075893,-0.003658273735698174,0.01977671908562926,-0.014443986008720426
1302,0.028933461963619542,0.02453007067414174,-0.05861301178940526,-0.01517992618929419,-0.017451817503217813,-0.17564704902398692,-0.00027714617740827306,-0.0994492625571399,0.0009087187165941245,0.009112743944928106,-0.060675060073806804,-0.002963219544745785
1303,-0.014713440245094378,-0.05281801573937546,-0.04510072604484048,-0.010085035079022612,-0.05314770163094999,-0.10283482698760142,-0.0023679705567569397,-0.054423149548519165,0.0019918439213002168,-0.011727568546112946,0.008019943045984336,0.007492877329283594
1304,-0.016337914270770044,0.010687365987762579,-0.05262204071743299,-0.004681385402532036,-0.05460639426874649,-0.11516989868967056,0.01009140413996593,-0.113875039554231,-0.004912992114589253,-0.00021505470203417619,0.021086340041401187,-0.0070035670811507324
1305,-0.012643274509908452,-0.011095333799292686,-0.05077541925861513,-0.01135685843757259,-0.061106450715137185,-0.21121754346027397,0.004699096390752013,0.04880472175919286,0.007930304193334676,0.004418837868119623,-0.038884400508128636,-0.0026559098164098327
1306,-0.014616857616408454,0.03967393348882866,-0.06560137986184744,-0.0034472899560930624,-0.022771280540262895,-0.181545376803069,0.00660160750078799,-0.10104426794802386,0.012542787987691472,0.004478451062206868,0.004718339388171823,-0.0005976648352774179
1307,0.038645760876661224,-0.0034487890715195237,-0.07096095142255,0.0024130603930655747,-0.017321867334453893,-0.17908938590797782,-0.0032920282116556746,-0.10317078478074365,-9.175751411281671e-05,-0.007307061419047826,0.033790782316555794,-0.006063973270864033
1308,0.009093668527751527,-0.03729607907142656,-0.03910758341895921,-0.010686142815512799,-0.05201458723128906,-0.12504220677741756,0.00491380107791287,-0.10476409500692628,0.012455163385788323,0.005048532749929168,0.00520723651112923,-0.006551456560497952
1309,-0.015454272635656947,-0.10261556748270524,-0.05459049870715112,-0.02203268716142735,-0.016471883598949785,-0.17255028275644863,0.003996928829245303,0.04254124315297096,-0.0038512488555727136,0.0002312868240580508,0.01958010720985869,-0.009576293368788144
1310,-0.010721580259384701,-0.05588350047212496,-0.034776207042147685,-0.009314201641233765,-0.038480536429756775,-0.12700049806163213,-0.0054651634049461256,-0.10148286565037437,0.004554904199246012,-0.015112180128265543,-0.034386239514340944,0.0064592822189651535
1311,-0.011618990350649385,-0.06892872688265297,-0.04377982884109844,-0.012281094205443528,0.011248328544813039,-0.08329843413030158,0.003708181833446996,-0.1105225489603037,0.0021819042039908625,-0.014029767463313901,-0.05394016122116168,-0.005894270331254204
1312,-0.011452870011541494,-0.036365677217561884,-0.02877541969249183,-0.0021636668775280713,-0.03056575524689262,-0.13291138415530201,-0.0025825536032920166,-0.11017305832054157,0.0020924633193911313,-0.003536579454790639,-0.04484119143590015,0.006024405200709602
1313,-0.014409769311035254,-0.057981150498540523,-0.03637431815228237,-0.010160345510384083,-0.044172911081449266,-0.07114619215051787,0.001969385272885922,-0.10118301610713779,0.011420035300039271,0.0028824294890723292,-0.025895332225142495,-0.0014521824726740182
1314,-0.011832261784377993,-0.06860469181776739,-0.037925259844994334,-0.010814132229633724,-0.010701683141332937,-0.11943081942591093,0.0036133529240454975,-0.10232980144231212,0.00711188188180931,-0.01381383475951913,-0.04515295939739809,-0.017867166428107685
1315,-0.013036891316782479,-0.039758185888757486,-0.03555072802788951,-0.014381665214301051,-0.014008088809690672,-0.14215731501154408,-0.00012044875419930595,-0.10469957434938333,0.0015010522157175258,-0.007137058105209386,-0.021827202033324947,-0.004327970778642913
1316,-0.011192836697966247,-0.047176003838541355,-0.041798480223119064,-0.004088337003032821,-0.049316403848772804,-0.12917210793453784,-0.0006486154306137212,-0.11832003935328225,-0.0033437594535170095,0.0002213447225928851,0.0006850376411639521,-0.0032823208217042017
1317,-0.01107263464010635,-0.0590086925138594,-0.03375040828472636,-0.012826646087181811,-0.05499646227538895,-0.0701392266645038,-0.007333107510355944,-0.12048239507017633,-0.0019733432986834333,-0.004956769965428418,0.0037572491124935343,-0.0024459308894050624
1318,-0.021175461843664062,-0.10879109209961059,-0.02843071277229729,-0.018055564854842884,-0.0899882486354701,0.05570114031668048,0.00108476881602592,-0.15815653789263165,-0.00045535950803071045,-0.010137120724270083,0.0007413427468568901,0.021995799899703836
1319,-0.01290711737954256,-0.04212869257587511,-0.02995955478286739,-0.006565485996792927,-0.04809383089519332,-0.13032218067937815,-0.00026033844543310564,-0.10238092840660147,0.0010422041763467741,-0.016188793574614026,-0.02758391350391754,-0.003506489616495155
1320,-0.016759157145965986,-0.08039335659694014,-0.06110998021091878,-0.017430799487371015,-0.09696663466475414,0.026504402656421358,-0.008112632015964311,-0.15866062134528672,-0.00048523637379968554,-0.009120375145152073,0.010691377260195315,-0.006932506131889681
1321,-0.01106388855320966,-0.06812783506440291,-0.03954954131749032,-0.015164792439692678,-0.017113667099440764,-0.15129380468197468,0.0007536347130569581,-0.07306248505456595,0.0003527918955967425,-0.01469290990389447,0.01896957311232909,-0.007001706697097181
1322,-0.020829090909897895,-0.11556871876499969,-0.04564208821274196,-0.008338243330696445,-0.08384726993991123,-0.09017609408485609,-0.0036928837372212997,0.05331570941888111,0.000735313125450278,-0.013674552791046816,0.019456856785282008,-0.011303901183458922
1323,-0.011260974132192052,-0.03199869136289528,-0.0333282207811647,-0.00937868398474331,-0.04414058308420447,-0.12654136804130592,-0.0033975728954245654,-0.10922491863770555,0.005997994580658799,-0.014505206175651417,-0.03127555020801994,0.013502616865966169
1324,-0.0017558076836812517,-0.05822282954252429,-0.04232275177826383,-0.006159951427288738,-0.058568690185957714,-0.13634090532070403,0.0003224959377057154,-0.09758621569697114,-0.0003660206436013192,0.0034739454601530385,0.007102081675474183,0.017957399196886135
1325,-0.011851916859568226,-0.03981523169792969,-0.02884458119497891,0.002018270343522248,-0.023116662902691255,-0.13523039266291162,-0.004419046693495239,-0.11115348493599377,0.010561890668721378,0.005668059213898741,-0.034171114159180754,0.011939474453449603
