,AE_500-1000kHz__mobility,AE__shape_factor,AE_500-1000kHz__crest_factor,US_10-20kHz__mobility,AE_500-1000kHz__rms,AE_500-1000kHz__mobility^2,AE_500-1000kHz__mobility AE__shape_factor,AE_500-1000kHz__mobility AE_500-1000kHz__crest_factor,AE_500-1000kHz__mobility US_10-20kHz__mobility,AE_500-1000kHz__mobility AE_500-1000kHz__rms,AE__shape_factor^2,AE__shape_factor AE_500-1000kHz__crest_factor,AE__shape_factor US_10-20kHz__mobility,AE__shape_factor AE_500-1000kHz__rms,AE_500-1000kHz__crest_factor^2,AE_500-1000kHz__crest_factor US_10-20kHz__mobility,AE_500-1000kHz__crest_factor AE_500-1000kHz__rms,US_10-20kHz__mobility^2,US_10-20kHz__mobility AE_500-1000kHz__rms,AE_500-1000kHz__rms^2
0,0.2109278240190965,-0.003820492884681167,-0.005314979516960779,0.25273655862161193,0.1104801351596076,-0.03697311627933306,-0.12288831369523688,-0.012621989321208399,0.018649293461317298,0.0015281413765946981,0.003407327235081718,0.007668513202605104,-0.03444657173576828,0.021575830408477638,0.029113778464926302,-0.02830769180449841,-0.006099544744729149,0.008339572236130337,0.009227137373962377,-0.004380203664470169
1,0.1691449974290866,-0.0029791510730354143,0.0036095129864044204,0.23515922493941796,0.16081856288768528,-0.04554573448687006,-0.09794015916734737,-0.001844091417856485,0.007661471710175712,-0.00025613990877581475,-0.00010506819393782102,-0.00962904494626667,-0.025777805716892407,0.023960463366565928,-0.027489123214952515,0.015575932497751683,0.002426631574899963,0.0028874039191086154,0.012954995589942326,0.0317259326762215
2,0.0797096432991628,-0.003854122324629606,-0.004216278061533753,0.27968650696350933,0.09063456334272312,-0.05783791945364805,-0.08199202234879367,-0.007720101229408535,-0.004110806189479924,0.008537727184637321,0.0035650852456976015,0.0054339228576380984,-0.03891497885880469,0.01866121358070125,-0.0025228460764859487,-0.025807980268413612,-0.004558841056124054,0.017680917833333767,0.008481816021392174,-0.015003203745264775
3,0.08929798210989182,-0.0011991068161484875,0.003589278849931232,0.3059240927698719,0.1332274506957429,-0.05691524509305938,-0.06441460940199147,-0.0034432069775136476,0.00044463228876154113,0.006397337727967438,-0.00478283471706547,-0.006434247551239664,-0.01689387778820998,0.011288147022021926,-0.027877696122182903,0.02153853351670883,0.0017367708194851157,0.02791728951036464,0.01538238178566687,0.010308307745942765
4,-0.006192355657579622,-0.003747591637837728,-0.0029208649118091915,0.25925213662491586,0.07405124842304162,-0.06187025592345992,-0.054815036864285516,-0.0054273239901238175,-0.022791179310362994,0.01193932147601747,0.003069925273654235,0.002501816645601971,-0.034871191923745985,0.015786976675910062,-0.030925896484409635,-0.01665967196811989,-0.003303953800437633,0.010489041374493484,0.00570104724929748,-0.022313531670288416
5,0.03961677830818667,-0.0037045958774001415,-0.003932013591772619,0.1730823260427902,0.012842787927295677,-0.060667901286599546,-0.06874536938615848,-0.006577662817204662,-0.01776677002474901,0.011704597034496689,0.0028738725324747227,0.004496956983764085,-0.021577444400621315,0.0065703041723227575,-0.009580234727118,-0.012723168005102184,-0.0020122932228999663,-0.012321493715664374,-0.0015735374297117723,-0.03694926200702971
6,0.11240604989994922,-0.0037633217483714716,-0.004490053418246653,0.26506560420636777,0.08450218182374221,-0.05430160318238363,-0.09145717841861037,-0.008781803073936533,0.0012755506175515057,0.007563334698379826,0.003142196784524018,0.005786367858549562,-0.035884194358866646,0.017409254004818436,0.004712448715708221,-0.025611264334248294,-0.004533221607411828,0.012465537493728968,0.007089225935016941,-0.017872687314816716
7,0.035686668148942266,-0.002726978784042982,0.003788366668262336,0.3166296389413039,0.13391615439409996,-0.06085600837400409,-0.06411190271752756,-0.00445023479493848,-0.01207945282411402,0.009460506359717987,-0.0009951051469654696,-0.00945117517732957,-0.03312302336136552,0.019388740764253537,-0.02395228968757158,0.023793760333543728,0.0019500779395928913,0.03241760119967888,0.01623987858130343,0.010794872670488257
8,-0.024451769864302773,-0.0037960882043541586,-0.0028561785432892626,0.17851722390407931,0.07663800488441291,-0.061745687300081106,-0.0491363951758622,-0.005090188980344621,-0.02516877293881155,0.012547950597126668,0.003293678955766376,0.0024482992255940674,-0.02283826668833072,0.016324031765629268,-0.032091787212291736,-0.009882041151417591,-0.003326228864723645,-0.011241846183284701,0.002621871606150982,-0.02126710671907099
9,0.05272966704729434,-0.003781940035734648,-0.002917224138948298,0.2968774646812785,0.10873670395173642,-0.059924926824187506,-0.07311175189122433,-0.006533368987729075,-0.008945376592725271,0.009130914397618617,0.003228115304603063,0.0025522382209994714,-0.04091439459519258,0.02114314237142353,-0.03099215449527779,-0.01969968807770952,-0.004097234310314781,0.02426056250638224,0.011624182659169367,-0.005395266583225158
10,0.028398179349462233,-0.0037174464685812672,-0.0027720276069441363,0.2589868338266587,0.08647992212219098,-0.06116265359210525,-0.06536951529193534,-0.006044700617501911,-0.015979053944399708,0.01062414525481156,0.002932240267149929,0.0021455144921515503,-0.03458968012411446,0.017549378388777608,-0.03357256882704146,-0.01585710981307736,-0.0034932871714870918,0.010400161884422112,0.007023544047915532,-0.016968562635818366
11,-0.05395279772490681,-0.0039442807813231074,-0.004165235036755454,0.19939391574225024,0.008516948893171053,-0.06081717546547695,-0.03941504880543731,-0.004196337391760341,-0.029602850826953044,0.01223449964412427,0.003994610498912365,0.0055374758870189895,-0.026890550021428792,0.006031483498048568,-0.0038242365410466293,-0.016414562270176947,-0.001900209823679132,-0.00664518206730431,-0.001688480292606104,-0.03724854371969753
12,0.14879869519281813,0.0009013987426956681,0.00370763661559578,0.15655471630297194,0.16484926536790678,-0.04906773399464843,-0.044510829974940984,-0.0021570480603057274,-0.007799462524106024,0.0008802411867807128,-0.00549282432974437,-0.0026557800647117403,-0.0006937485411831725,-0.0006772010292607311,-0.02557145416695541,0.009064836281071055,0.00264340052840043,-0.015307686948072807,0.006432814642590154,0.035185263569574084
13,0.13019203480100147,-0.002443322555707719,0.004963900126399533,0.2460720202682698,0.12924127137253827,-0.05191449671042597,-0.0824308752441995,-0.001504335134695254,0.002342550525343261,0.0042847363751853,-0.0019065751721490333,-0.010532144794897884,-0.023091504688038618,0.01742512198554428,0.0038616992194570785,0.02317353811691286,0.002952106200925681,0.0062128402651956535,0.010717133066095374,0.007540416302374771
14,0.11769821308578819,-0.0035651648386325107,-0.002997216498196083,0.02729564655079485,0.10054195626525401,-0.05362545498515209,-0.09110829701334688,-0.007812859945152458,-0.026589476744244715,0.006512424969888668,0.0022531022757485883,0.0023441558906428014,0.00018292749068164914,0.01903710776922077,-0.02951886015721207,0.00227443606042372,-0.003969053115299202,-0.023241898362005693,-0.004005978641092085,-0.009955250473323716
15,0.14427189835000204,-0.0028693592125099594,0.0034431959980055736,0.19699925141492822,0.15587872068157757,-0.049793218123529076,-0.09047050935216543,-0.0024892563084370368,-0.002287449116551338,0.0017798839940701475,-0.0005018007830268444,-0.00916670406576849,-0.02051374262309343,0.022692678573776763,-0.030613341087760065,0.011681963156125248,0.002115949997261557,-0.007208659575303564,0.009314576648309644,0.027601239305798872
16,0.10035821548885569,-0.003348854886374766,-0.002945539916206809,0.16613901173776507,0.11170298167887094,-0.05573305395002452,-0.08415502131631514,-0.007445754636651053,-0.011556368129090047,0.006754024965861332,0.001335462091519905,0.001874111556572727,-0.018979561959199056,0.01967822127746296,-0.030474834346099974,-0.00915108001059921,-0.004188672161734639,-0.013630460359514304,0.00416130493417602,-0.0036588308086883347
17,0.1012334578342467,-0.0037024781699161297,-0.004777714799879401,0.04087322865658829,0.08521982247983194,-0.05563411027580659,-0.08747580589321316,-0.008655303661113993,-0.02472225778321577,0.007941211911934112,0.002864272552524964,0.0062207159288698395,-0.0017106658646194315,0.017310792977916902,0.012778074167688865,0.0017612780120370391,-0.004740702981875702,-0.02369375482772037,-0.003162401958380016,-0.017546962450077516
18,0.09281336312387027,-0.0038060858815483164,-0.004750234049608449,0.19888651013132172,0.0728072656047467,-0.056553187797653386,-0.08574818994191052,-0.008387942741291409,-0.009166892322863255,0.008785763069722523,0.003340151375021428,0.006440430065710576,-0.026028672105316127,0.015770798470339145,0.011987038933193875,-0.018524812129889472,-0.0042740482482115155,-0.006765360966427549,0.0031786531413527334,-0.0228044056846946
19,0.2581622875322989,0.0006067493499320796,-0.0048901661820627725,0.17740039379468078,0.1284532538823101,-0.025111718501590868,-0.04412256590181382,-0.013508001815709231,0.008310935246784603,-0.002753681800128447,-0.005707215289049838,-0.005344744565900861,-0.0014882588269424775,0.0018904108357135037,0.016060139935892642,-0.016209083875136882,-0.006420478925708405,-0.011467651804465651,0.005916765956240006,0.007002994123157471
20,0.2626503778923282,0.0019343598025050965,-0.005688199057560873,0.17226794874850293,0.11939930545479441,-0.023864863157517,-0.015424218667393673,-0.014927180110326638,0.007501417437914371,-0.0019647438549546645,-0.003931992136256473,-0.009741897315064432,0.00453700930325901,-0.004208444001562459,0.04143655096928626,-0.017944349416058603,-0.006788270945854592,-0.012479105991569163,0.005004427781748569,0.0010593230438536057
21,0.26006328502536424,-0.0011341960333343512,-0.005418424561252055,0.24688422300265425,0.14096530158204518,-0.02458613282940004,-0.08110975429338288,-0.01440674911523305,0.026516640511672816,-0.004278892655079639,-0.004882745310720295,-0.00022183059461485527,-0.013318630324056738,0.011327567292006525,0.03244920969133645,-0.027982611155527578,-0.007434747458234861,0.006468134038808155,0.01195649100717489,0.015916485749237944
22,0.25130138374059324,0.0021381266539166662,-0.004498079282387629,0.11298806073415785,0.13971812152629037,-0.02697758520496448,-0.0128431894706645,-0.012695288623293569,-0.008626302065538978,-0.003610604050114827,-0.003475389060814808,-0.009118963782128873,0.0008377253584602595,-0.006740784616954816,0.004931043866663945,-0.007123364831830801,-0.006435724784372087,-0.021036880990351194,0.0018343688084141833,0.014991574360878937
23,0.23713052291356096,-0.0009911302040681966,0.003693303107890321,0.18837579722546302,0.11189498491800033,-0.03067760803418577,-0.07601456176603308,-0.0003705363836263265,0.00841850022967289,0.0001295010748819619,-0.005085394226337311,-0.006127386839363591,-0.009658767461431043,0.00926528283863499,-0.025855025277978953,0.011835595550356737,0.0013080934825954,-0.009160055243114047,0.005508264380434571,-0.003544861239692403
24,0.24926652762751447,0.0034653835094233237,-0.00558883389740514,0.2138553462585851,0.11601482988007908,-0.027521634149420125,0.01395156645571149,-0.014304493739759111,0.0163122885461914,-0.0009062896906855266,0.0006978481411864171,-0.014406945497238203,0.01700710326824212,-0.010995788230784443,0.038077692936843786,-0.023875097485132547,-0.006557531614595646,-0.003042858226170707,0.0073831835099475536,-0.0010533356989766583
25,0.2637836106004014,-0.0008869753006057737,-0.005347364416900125,0.24698045573051514,0.14201519775049118,-0.023546746955190018,-0.0761492653597566,-0.014417020538708449,0.027231273429720516,-0.004625310541229749,-0.005217732409988674,-0.001006785849498424,-0.011461454679127875,0.00999680859467393,0.03015137893764254,-0.027645632064492144,-0.007403450199266794,0.006498453708237542,0.012069746349949858,0.01670134441999049
26,0.259904109548285,-0.0005847280042070998,-0.005009285455875524,0.20392461624888544,0.12945104877396715,-0.024630284594569223,-0.06940465265196401,-0.013750545941245392,0.01537689299127691,-0.002963282625678437,-0.005529281378747972,-0.0020376190722587537,-0.007968721463091381,0.007956024684161702,0.019615958140482198,-0.02016471685294351,-0.006571431179081889,-0.00555340814741254,0.007818527721675567,0.007684025705866533
27,0.25838276440895713,-0.0010152262049895912,-0.005524358549933363,0.21321211228980444,0.12952924515603187,-0.025050952543111682,-0.07842393473118155,-0.014517874258020957,0.017546244929120897,-0.0028872364595153373,-0.005052954503645897,-0.0005159300131139969,-0.010904837288270554,0.010157641366340293,0.035928528497886275,-0.023516112203969996,-0.007066918692635797,-0.0032103602833425137,0.008468413433978821,0.007737615771103695
28,0.25468292211614174,0.004117965207302604,0.003976115822811055,0.20045725427342018,0.19078266296803087,-0.02606402705846398,0.028991874152455722,0.0004282706967026298,0.013746044400897264,-0.009493105258346495,0.0035121366427240176,0.0038280309650578085,0.018990707296357236,-0.02549126791980068,-0.02004207712447197,0.013961194820980353,0.0036672018709511946,-0.006391963840490513,0.012274826880252082,0.05945739491404992
29,0.28227311253496984,0.004273264620114316,0.0018442597286675061,0.2607524645401549,0.2046476601991317,-0.018169185608807172,0.041268082076122,-0.0026370951990673528,0.03451746833076058,-0.013450195122865358,0.004255907567269351,-0.0005568688828945369,0.029631039621907596,-0.028868563110194742,-0.05255109883675499,0.008437174734182613,0.0008437842527974906,0.01099383617913909,0.019890799175241208,0.07386502554910601
30,0.28451704773277353,-2.5823202019376e-05,0.003216108238576582,0.1839061332516463,0.21716705462881525,-0.017492536661154152,-0.05783328308987168,-0.00023364796802518062,0.013268144735456025,-0.015196684857469632,-0.0058213736329636515,-0.0043181305431091105,-0.004572580034569253,0.0056561022233868686,-0.03462281245729847,0.009856219805957592,0.003169332016468566,-0.010123604250241109,0.012387419785708903,0.08773089031029908
31,0.27882218205088455,0.006128932610217069,0.0030352061488485363,0.19522284976164808,0.21043288631280962,-0.019199655009503342,0.08239444333966597,-0.0006416408806766835,0.01569103871780534,-0.013850499494494392,0.015345245950362598,0.0048129541852518255,0.029250597744011397,-0.04507638515944575,-0.03760507813787362,0.010063096020156207,0.002746130506461746,-0.00762059335806084,0.013194678483359491,0.08017143855861177
32,0.2753603364351804,0.003904036936980761,0.0028144300674841044,0.20783794820724152,0.21058234694419017,-0.02022103168471271,0.030697225688978324,-0.0010701072175944488,0.01867199162996146,-0.013556941705977862,0.002534186640459507,0.0010752364765723992,0.01885606618062576,-0.026774119396531425,-0.04099026250561217,0.010094685230356743,0.0024085931344027204,-0.004583362967810859,0.014616265465296438,0.08033666395770252
33,0.2518012538162072,0.006389580691448612,0.00342986641524776,0.19383176724608506,0.18163464756364692,-0.026843283546700104,0.0749508046837025,-0.00047803305391468857,0.011679070325154658,-0.00825145437427657,0.017228363409138817,0.006512258463715309,0.030345873658251938,-0.040264369617860445,-0.03085686342317119,0.011375077515266735,0.0026926039933628603,-0.007939569010370373,0.010934054391018239,0.05049723426300891
34,0.2640268767958715,0.0027168902741518705,-0.005487509981195977,0.21044915897780034,0.13840114678371357,-0.023478285480178874,0.0016742664170732195,-0.014651453115562584,0.01768361211401107,-0.004223970956119115,-0.0019112358421073251,-0.01194071820463288,0.011995890284392366,-0.00979433667617365,0.034710962555465796,-0.022959230627070618,-0.007400055158780968,-0.0039221491073640835,0.00900275345920404,0.014023659340723962
35,0.2650020185990904,0.0037488404316015004,-0.004793982424296771,0.19058439086172282,0.12677937164833722,-0.023203241799304112,0.024243215325215374,-0.013560402324870926,0.012595157072790535,-0.0029388838564322847,0.0018585271357285339,-0.013760456967488862,0.015487777903306575,-0.013798370398166372,0.013248380635349616,-0.0176122655950838,-0.0062681527849387285,-0.008671867557444464,0.006703653352847036,0.005872104083104079
36,0.2606600772408552,0.007023603944773957,0.002898542932712096,0.16314231670034732,0.18890436595594018,-0.024420362971329605,0.09286293392534692,-0.0011589497320432605,0.0049088707065135274,-0.009767678736264707,0.022143749145245598,0.00563710539119538,0.02553743236278632,-0.04671520270667683,-0.039733529985170324,0.007392293412299745,0.00212343403040199,-0.014171028168512583,0.008382795705821079,0.05758226263776885
37,0.2575301853622614,0.003108601516421101,0.003798129056507051,0.09036836436023629,0.1659436939512427,-0.025285654952792985,0.00860656280577407,0.0002104178115304383,-0.01407329124882949,-0.00693330789492812,-0.0006282847056416438,0.0015461970190520605,0.0004323387399518148,-0.01509259646625636,-0.023753955552133905,0.0032827931871705204,0.0027811170239149187,-0.022786378733782104,0.0006400089396249091,0.03613909578251661
38,0.23663897681522572,0.0017715020727262847,0.003679885371094476,0.22506869607129204,0.12945983041652903,-0.030802231057196615,-0.022290122588841884,-0.0004000485114051231,0.017022759168575742,-0.0016663958842302782,-0.004261692535285176,-0.0010798601959491505,0.0071607360761796884,-0.004075489487340886,-0.026119410674405378,0.015015127122590826,0.0017324284883288648,-1.4039126091322266e-05,0.009284032123872764,0.007690042419012425
39,0.2517074520531384,0.004935455558016332,0.004000401093244773,0.21622815898945788,0.16382080520026635,-0.02686850522031839,0.0449140643536143,0.0004001119901999932,0.017281910922713552,-0.006285345876380688,0.007746756915484012,0.005510167023747272,0.02661970571147644,-0.026603507411897247,-0.019521519509704793,0.015568222561257212,0.0029702573176083767,-0.002419107132027044,0.011586933564015882,0.034294586342800026
40,0.25080894262472575,0.005542444570382215,0.002828864989070082,0.11503708372477622,0.18465927997203627,-0.02710963868042601,0.05704817722371043,-0.0014204041758533056,-0.00814209298064111,-0.008505676737590414,0.011401194828963275,0.0033507619905632337,0.009069449485968231,-0.0348621557280533,-0.040777475584816016,0.004019164339647621,0.0019477736291323715,-0.02083703907748518,0.003415804745159891,0.05341173148386572
41,0.2539788284958032,0.0025580940789743465,0.002653071670707317,0.11634235762862147,0.19504139510342375,-0.026255218391129133,-0.0036819066812070543,-0.0016455239684365663,-0.0076269670377357,-0.009907969582871955,-0.0023797476119672327,-0.0009678642495470778,0.0021173447603140606,-0.014227402665325758,-0.04328748503606064,0.0038262017722508154,0.0018898497090062884,-0.020706152536145883,0.0038811141540558945,0.06377672118801427
42,0.25147794960626724,0.002588976195025618,0.004159646478489031,0.18396314782757403,0.18963000234697105,-0.026930176165382985,-0.0035249584370465243,0.0006403987464816544,0.009163503792393541,-0.00910468984136242,-0.0022909641371793125,0.0010373118953098312,0.008675738882850033,-0.013950668092733633,-0.016024225678579147,0.012995720209462392,0.0038914353611766176,-0.010111519189357036,0.01052349046376065,0.05830450761762741
43,0.2449684523926847,0.003981050492219313,0.0034707294800032885,0.18930893438198435,0.18308579628193414,-0.02865673887567606,0.023178855894509725,-0.0005452103478713539,0.009657280049646666,-0.007875186203174284,0.0028800236886269864,0.0025228286063658377,0.016532739203543697,-0.023324278237740016,-0.030107095343723026,0.011147866520064916,0.002780858799396677,-0.00895476846093938,0.010599626201381421,0.051889621992421024
44,0.24215211869681333,0.0034990329402343028,0.003774652891529905,0.0843402449603794,0.16210749638018526,-0.029390179566281496,0.012745087438525688,-0.00014735580146499715,-0.016061516721715532,-0.005432169409468218,0.0008306731584221855,0.0022409736352918858,0.0001887569469501956,-0.017138422718988796,-0.024229977157540643,0.0027165674111868285,0.002654751857810473,-0.023111303833057234,4.688666868137574e-05,0.03282299017499166
45,0.2323185279798704,0.0019666940457367423,-0.005552750707293283,0.11614373382702223,0.11471337247654137,-0.03188687541349425,-0.019123226225818593,-0.013666688909230623,-0.008964420671811349,7.542117934078312e-05,-0.003862808165801711,-0.009712270822370068,0.0006707752565897527,-0.0040297099606576015,0.036871988437349706,-0.00917767669696911,-0.006471904248736375,-0.02072624943587759,0.0012606713540994688,-0.0018499186658636276
46,0.23342111085677292,0.0024462640229242377,0.0035923360841874003,0.038935902671605516,0.1454415329814146,-0.031611904379876925,-0.009767231240482723,-0.0005909034587949452,-0.02689785381465052,-0.003120831075885511,-0.0026918319840430033,4.3428542619255265e-05,-0.005143299197104202,-0.008947113209278674,-0.02781913617848461,-0.0013128427719938615,0.002034842570689112,-0.023647734795360326,-0.0037405938266901325,0.019302498505596375
47,0.2429592479731575,0.002048626394938253,0.0037167550602810314,0.1924469215229462,0.17932075712428452,-0.029180820827612898,-0.015948769728273134,-0.00021681422700438088,0.010156699993199562,-0.007317509041998652,-0.003681977071675964,-0.0005368403570838814,0.0065720294791987,-0.009173392056232917,-0.02539044324855385,0.012277913857560038,0.0030170742403164623,-0.008253968839632943,0.010632760440051167,0.04829962921798706
48,0.2370765701871421,0.0019731708107399576,0.0032023364388946156,0.1244766251033919,0.16595927425976537,-0.030691299002124462,-0.018307897760822284,-0.0010862910783563744,-0.006709742486281669,-0.005478800717367101,-0.0038488018226811387,-0.001178551348972675,0.0012846795338990469,-0.007694745469941932,-0.0348564513038457,0.005314046951106957,0.00205482058010492,-0.019827655682727246,0.003656032053359656,0.036152719401609135
49,0.24746715114361717,0.0004977610611371668,0.0033342760488017102,0.1960371131186868,0.16140836616648957,-0.027999163063456046,-0.04673119004374744,-0.000704608932777502,0.011641269403034558,-0.0057263208573453605,-0.005760557437878194,-0.003469620313585645,-0.0017499360241602115,0.0019839067060649345,-0.03257336277639698,0.011207575208905451,0.002114303699835022,-0.007432413074960494,0.009645212324159028,0.03222686618134406
50,0.25935577637228435,-0.002116083258630844,-0.0053374794382226014,0.1394802149448211,0.1234014591744899,-0.02478217987672555,-0.10188396650730072,-0.014254483182839162,-0.0013346817373710467,-0.0022479457805045676,-0.0028401254103456665,0.0026447862412282037,-0.01124291940827477,0.015248230810087878,0.029834029702346065,-0.012182943256994304,-0.006640443342444573,-0.017923202789847076,0.0030844324713535866,0.003634203455399569
51,0.23915811733784553,0.004565091175632167,0.0038383999020199376,0.1838135231587922,0.1734141370170295,-0.030160910082805022,0.03287521903120431,-0.00011622856978088259,0.007591229230169501,-0.006407237237740153,0.005730541147361301,0.004389621676328693,0.018662420689717463,-0.02586206008556092,-0.02293002637138401,0.011914527982489147,0.003023998266125611,-0.010143222954885721,0.009408186003762375,0.0428157510043735
52,0.25305333936229796,0.0034856283343695856,-0.005190198351764698,0.18735737479312758,0.1269856886466773,-0.026505749569293774,0.015369277971312396,-0.013817519515931844,0.01021542152039608,-0.002308634922854731,0.0007776007753279094,-0.013759519727640657,0.013663383282048044,-0.012508280286001032,0.02517209995679631,-0.01854558000627442,-0.006647254758730619,-0.009382478100349671,0.006499009896893255,0.006010708613341683
53,0.2411178852465432,0.0011979599830855715,-0.005272481346953609,0.09336306931867842,0.08779458853838305,-0.029657463184071794,-0.033058436080567535,-0.013554542975515211,-0.013921016294891576,0.0024789496169246783,-0.0051735812214068425,-0.0071787948837485314,-0.0021299498551822244,0.0005608314947960506,0.027761282743058308,-0.005505533776197361,-0.005158120874999856,-0.02260284847422952,-0.0006910669994162083,-0.016356338980924097
54,0.24632279635183463,-0.001289504405463176,0.0036296631228649404,0.09838200024925953,0.15842613748407175,-0.02830111978869772,-0.08286274627303411,-0.00027935089397133347,-0.012493486450460075,-0.005325898654847073,-0.00463541025438172,-0.006625460825302219,-0.006198992563294215,0.013152732564620599,-0.02709982879084721,0.003821599586763959,0.002392017716388104,-0.022262351864280255,0.0011751852285209002,0.029712490882810645
55,0.21659418795880178,0.004444337735653467,0.004320532093270748,0.04611051529760916,0.17712681983287648,-0.035671768244705034,0.022808663182045604,4.792466673337275e-05,-0.025090678304133585,-0.005082904269778349,0.005108170008057681,0.005264337596940272,-0.00514474764245584,-0.02565830415187043,-0.012343143720825648,-0.000853429864586089,0.00374730683801523,-0.02378741554352063,-0.003321469607488071,0.046241593183257344
56,0.13957216666002106,-0.00285020045720585,-0.003957515270159863,0.1790448291733535,0.0783067229429129,-0.05052403598421204,-0.08912634513841577,-0.00907715279289504,-0.005495901236687233,0.006951430830416234,-0.0005695730492741138,0.0026345621790383775,-0.018308769731326977,0.013617730794451574,-0.008966040779385658,-0.013444670029222013,-0.004008783819482858,-0.011134462665442914,0.002752856755577966,-0.02057364425424939
57,0.16812102510561744,-0.0028784309545008815,0.0034645492602881052,0.12727149335107532,0.12000987989075917,-0.04573319921566822,-0.09627686913141616,-0.0020162603317666066,-0.010884980338422735,0.002861582392794407,-0.00046955923991128266,-0.00921638663803722,-0.012339045916778863,0.018567208214600395,-0.030221106877466018,0.006015489911738582,0.0013070769214586385,-0.019500816005098565,0.0021478630333524873,0.0014467810286578782
58,0.15790226758681017,-0.0034345639785403046,-0.0047857662245242545,0.19733099410030264,0.06328334019818299,-0.047544708990556586,-0.10117442135814725,-0.010351434063003933,-0.0003631370627936702,0.007381686506368364,0.001692455895609971,0.00551871935603912,-0.023712059696561344,0.013372283071976878,0.013010655739282593,-0.018455454403865017,-0.0039463455313513245,-0.007131158730826459,0.002403411918550232,-0.026296618563334512
59,0.14390379122395275,0.0011264734454595193,0.004032428556420985,0.14827144956268584,0.10401873961517309,-0.04985128254002074,-0.042086537680827374,-0.0019636491492999097,-0.00949792391125226,0.00514643443310117,-0.005260029739337759,-0.0020709303350405646,-0.00011501402102483623,0.00019064570989970467,-0.018829832703932407,0.009112635902489443,0.0013737593449170916,-0.016636127477364503,0.002711686550477955,-0.008063120661366947
60,0.16477396346781498,-0.0020055202439196646,-0.004972256591004245,0.1142196609788995,0.08267682342843334,-0.0463384143910808,-0.0834840510931548,-0.010748076278020999,-0.013299808143738923,0.005769714298205273,-0.003126976954756863,0.0018992409044697922,-0.008757714112980786,0.011336409883118988,0.018501892069526703,-0.008000767228939755,-0.004768260158270993,-0.02091758640832101,0.00013769753572562748,-0.018689150136612247
61,0.15731621667826012,-0.0016338961949108452,-0.00517988549844144,0.05522110881716794,0.056744820380893894,-0.04764533162080997,-0.07733186333129673,-0.010721467077587457,-0.02316015537177288,0.007856382690335603,-0.003985401352713432,0.0010615496040897675,-0.0038007359580370225,0.008335274153278394,0.024850327114330915,-9.825383165995872e-05,-0.003877406503909135,-0.023843378388514504,-0.00251321939642319,-0.028421823971175923
62,0.15581100795741606,-0.00270610852292648,0.004666321298559738,0.1688418607873384,0.12583205979681134,-0.047902145284287725,-0.09109127290714246,-0.0010794818756977651,-0.005163605677846815,0.0030947385354538007,-0.0010654036824472644,-0.010740704962350123,-0.016471598782947183,0.018390092483940294,-0.003928790456504742,0.012967394018898605,0.0025593377415221203,-0.01313029296453656,0.0051711006112992435,0.0052385301554281095
63,0.1998848656799585,-0.0022109653410145296,-0.005034542500712472,0.1475515783244326,0.09316958546144688,-0.03941402248427093,-0.0928371445413131,-0.011911440364044217,-0.004584070592270747,0.003580378204867632,-0.002582454736237086,0.002548421700254495,-0.012299996157211245,0.01296642480612882,0.02038036563981776,-0.012616587327770762,-0.005207999545709045,-0.01674627437143735,0.002141608612104134,-0.013760035287703247
64,0.1790487669950668,-0.0023144251418309855,-0.005063309263846458,0.14287936718536362,0.08566318027892532,-0.043676731092566805,-0.0905002259017996,-0.011291021133118563,-0.007296988588999554,0.005018590514912549,-0.0022893806591642043,0.002877106030759595,-0.012228784826524982,0.012638258401898618,0.021255453858549943,-0.012048240513923957,-0.004939299349275744,-0.017440550158511165,0.0015586552468769682,-0.017344395202828728
65,0.19067827917244218,-0.0028060622330921413,0.0034990856816053332,0.14804572841423158,0.11302733484024548,-0.04135279584553243,-0.10052197283956789,-0.0015464023995822934,-0.005314730738591498,0.0022810640338804897,-0.0007240591887876499,-0.009146778296463738,-0.014524621459905749,0.01742970760066944,-0.02958117579004555,0.007809927666960549,0.0011737486597148082,-0.016670756153845556,0.0031413221366539306,-0.0028688307917676503
66,0.11333586576552644,-0.0027151863935645153,-0.004618514331261974,0.02915405315886192,0.06059256219018009,-0.054184899754061704,-0.08161334887777263,-0.00890076965342792,-0.026257182016351896,0.00876127263903356,-0.0010348893229214931,0.0033356518438377703,-0.0009261457713098585,0.01124213619344029,0.008255640350783307,0.003170195025245675,-0.0037717549875398776,-0.023321567075050256,-0.0033761706361265997,-0.027198044214535224
67,-0.13751478668250489,-0.0037175364973518056,0.00037519526478002477,0.3096635285382243,-0.012856436630429237,-0.05331065501353289,-0.014715335817467801,-0.00547345248116172,-0.05494071320613119,0.01146649999792347,0.0029326498677491415,-0.004311975923823439,-0.04223155872661901,0.0027489794783950943,-0.05977617620121821,0.0008160848676824878,-0.001552044472036392,0.029467927457369234,-0.0039027425852250193,-0.037302991349164795
68,-0.12796056790874533,-0.004050698400544571,-0.0044988910491332275,0.2966316093607668,-0.047931678034131724,-0.05453389246544098,-0.014485962196672105,-0.0020244302849870585,-0.05109662076309976,0.009741562122339476,0.0045139405160132115,0.0065314816642415745,-0.043422804502999415,-0.0030600125933244703,0.004953174002799608,-0.02950611698601497,1.294679681386721e-05,0.024163055100717822,-0.0082877928632796,-0.03225840301345771
69,-0.1794312072905371,-0.0038856309753952365,-0.004920739970629375,0.24699940148975846,-0.00801297170303897,-0.046830464987664924,0.0003547195699048732,-0.0001495931147703218,-0.05494172514409322,0.011635188041293772,0.003714105603036972,0.007017345554136802,-0.03404904688911673,0.0034358654012624106,0.016965028360398333,-0.02554098118762486,-0.001342724414004543,0.0065044246601927026,-0.0030786464832181313,-0.03749825113392416
70,-0.23343672431667611,-0.0037992667481831534,-0.005189299270846465,0.21693847981452977,0.00838481995246672,-0.035807488801489,0.016024902933657333,0.0018624076060276627,-0.058451084542095154,0.013069082730764202,0.003308441059620945,0.007342268898694637,-0.02876976800285268,0.005948730894656931,0.025144023319361886,-0.02267155390348381,-0.001977809782541118,-0.002230590077239585,-0.001596908395251988,-0.03725615768999912
71,-0.178287952633971,-0.003760484360665268,-0.00423524818240902,0.2522532519949212,0.00448759719840425,-0.04703126978061458,-0.0016902158833621114,-0.0008730234402904237,-0.05558751405381602,0.012532825470322598,0.0031291389070768802,0.0052505583958763246,-0.03390741668810719,0.005345035115898125,-0.002035374326891439,-0.022759680655949518,-0.0017750664961039596,0.008182898844996091,-0.0017966468897985988,-0.037440018261705725
72,-0.12721297914939078,-0.0034177180168595486,0.005481663738337718,0.3473479932766935,-0.014858277749656701,-0.05462563193649592,-0.02067425683980315,-0.009049559850849846,-0.05670849591515853,0.011410686054673625,0.0016216048850666832,-0.013955255693374856,-0.04447863118149801,0.0025920526171273354,0.018627693351701387,0.03930234533537779,-0.002004358918791713,0.046371998741609216,-0.004411682978136379,-0.03718675701668273
73,-0.14562460087048773,-0.0038767818466903903,-0.004880924858545037,0.2319932077147064,-0.017234200375074286,-0.05219840627469373,-0.010512681897730906,-0.0012176223897341252,-0.046695470237066175,0.011178512379128928,0.0036721352708194515,0.006907910215802036,-0.03162625503006826,0.0020070167730779436,0.01578768132108031,-0.023368383991326857,-0.0010018506641996355,0.0019591038131714727,-0.003895135331684731,-0.037021832093085724
74,-0.06552649778622195,-0.004070358310532356,-0.004275763936674982,0.25018981037764887,-0.06983292905183146,-0.060207533734989556,-0.035106412403629834,-0.0038563444028797667,-0.033996776444825384,0.01040961114998823,0.004611345747181361,0.006081476498363677,-0.0359655569779254,-0.0066562588595874776,-0.0009873337479678385,-0.02272560164305636,0.000657276186158681,0.007518293685997443,-0.009433591649211369,-0.025872873956263972
75,-0.10634853375534607,-0.004007856232486297,-0.00459851268702426,0.2824540417049058,-0.051458355979790184,-0.05695324212922894,-0.021985778898162864,-0.0025749721698120434,-0.04472401143033569,0.01000928913555931,0.0043032586489273935,0.006642937927329344,-0.04071821884550431,-0.0035500847163317225,0.007697733799464493,-0.02836091940264395,0.00016932241323860944,0.0187074962255869,-0.00837293571912088,-0.031398192046224294
76,-0.1232737760670071,-0.003720131295936155,-0.005048828127237263,0.2270303390507298,0.0033831208565010874,-0.05509949724412679,-0.01903967880874904,-0.0017832103837017459,-0.042326857032145844,0.012313344765047446,0.002944459438743024,0.0068246386359364485,-0.029789438778192623,0.00516921292507591,0.020814342515074958,-0.023458285186193063,-0.0017747816380591734,0.0005369655575054237,-0.001991156722942588,-0.037477800295438984
77,-0.2481126333932379,-0.0037406003170431285,-0.004906998577644316,0.24283982315281846,0.013658430049519117,-0.03229175006965028,0.019488274602887566,0.001935145673801134,-0.06671744126855893,0.013670607127432783,0.003037897602381432,0.006589641066504784,-0.032325685731301824,0.006714132682657432,0.016557662548469188,-0.024922613653764587,-0.0021520755183679517,0.005207584297121167,-0.0009258644008789675,-0.03688195819825235
78,-0.2328516565570869,-0.003873486319717355,-0.004256384797037372,0.2471688352115025,-0.011512556493689992,-0.03594303817196458,0.017159950997333306,0.0006052168192886063,-0.06488315588405427,0.011183266368336489,0.0036565286078470162,0.0055656030492447165,-0.033984150578227165,0.0028958606228108178,-0.0014897984767159032,-0.022278899991260728,-0.0012543024714052053,0.006557849568094232,-0.0034328206191394876,-0.03736936340407405
79,-0.18653756437550686,-0.003995954116921628,-0.004998171243638832,0.22466541907479207,-0.06282325734381447,-0.04555202305287618,0.004172621569426872,0.00014967041245718524,-0.052435618033263375,0.007503733574779615,0.004245112954498878,0.007491471024240287,-0.031269253480491095,-0.00534325445222679,0.019280744926059655,-0.02291549437794572,0.0007420475611220591,-0.00012653492765310803,-0.007908830914689613,-0.028187280895007372
80,-0.12734639332836767,-0.0036352934047196007,-0.0022570350310587173,0.3011355780977067,-0.058269506709645334,-0.05460930246661493,-0.018592515763031964,-0.0036167600120331554,-0.05146783064911918,0.009235464584378567,0.002562458457022098,0.0009791150860774176,-0.04015206970697717,-0.003840622415060285,-0.04174951554014557,-0.015868071733574764,-0.0005335157862445676,0.02596504445974206,-0.009732074080036209,-0.029554270440076136
81,-0.12387761071699586,-0.004048200222500317,-0.005204623907355085,0.3036613627778197,-0.051273149893688745,-0.05502789866664252,-0.01586303286102065,-0.001657996367897461,-0.05092392856574684,0.009657122875448584,0.004501595931069797,0.008097428139952614,-0.044550018253504894,-0.003596210774536813,0.025623217667161836,-0.034874623942001706,0.0003759538372527626,0.026990113087143785,-0.008891363109542742,-0.031444971343093805
82,-0.23176067389053762,-0.0038342621187659512,-0.0049061684397598785,0.1171891477996811,0.0229629267616516,-0.03619485485361968,0.01612051781039206,0.0014343981895301827,-0.0367680071136069,0.01443422216697386,0.003471758290416139,0.006845098004890999,-0.013496365306981218,0.008201515703220388,0.01653308768138459,-0.008292323289005005,-0.0024991836783971916,-0.02061974930035733,-0.001694826677168373,-0.035870024190965515
83,-0.18368081582960236,-0.003958716589148278,-0.004957088511365269,0.2477777973814323,-0.06037899972940112,-0.04607222158764162,0.0027214553801702145,1.8267710924696804e-05,-0.055860784979298236,0.0077568804223420995,0.004064275329774479,0.007297833854461159,-0.0347242623164252,-0.0048697006265736465,0.0180478102780578,-0.025824545100639376,0.0006320589445334363,0.006750252049409296,-0.008390120765658492,-0.02893439183427256
84,-0.08693913231013829,-0.003807508378540718,-0.0033550492581275945,0.22065790547728487,0.013265564305633387,-0.058715056801338567,-0.029599063119654954,-0.0037086410797492514,-0.03580855669602527,0.012547033784317022,0.003346773184728371,0.0035146937938147047,-0.02939606946537791,0.006696432181205364,-0.0224788386254211,-0.015369503489192493,-0.0019586215707376353,-0.001229983104456746,-0.0011499227452779317,-0.03691480672148662
85,-0.18145117462141747,-0.003842624943467246,-0.0050395719658120775,0.16678383107455133,0.01680230567091882,-0.046472373644656916,0.0004099925607039089,3.385637050573266e-05,-0.04197565782091865,0.013440567404954624,0.0035110000862245963,0.007150666093464828,-0.021237550572268844,0.00726210662082371,0.020533020025037114,-0.015239249606356076,-0.002288075773478632,-0.013512221233172783,-0.0013914509809621813,-0.03659025922602884
86,-0.10860236024855084,-0.003842490503670982,-0.004769867148096333,0.27018410983659996,-0.009293370484464646,-0.05672345831406456,-0.02255402474052471,-0.002408855473481275,-0.044038817227173704,0.01174124555188151,0.003510368586910014,0.006578956014747558,-0.037333257266628214,0.0032478313591526053,0.012551736949878725,-0.02778250138131888,-0.0013020483451956968,0.014251544575026143,-0.003288570843919628,-0.037458462535396655
87,-0.21132712863434236,-0.0037926983708277255,-0.005155110896835426,0.25843718326915616,0.024644772134261556,-0.04068423611977657,0.00902617496953714,0.0011088396350525766,-0.06308686388905578,0.014357027496588926,0.00327794869848438,0.00725172688285479,-0.035107290570464356,0.008415827074688895,0.02407982510332738,-0.028285187404001058,-0.0026111134148227065,0.010216389170908951,0.0003828934903949372,-0.03563919977303982
88,-0.17319495210779243,-0.0037954716162027224,-0.0038793300569105117,0.19634818407843088,0.0323728893554564,-0.04790942650309817,-0.002806715334997695,-0.0013550793703604107,-0.045764295522956244,0.014454102598458068,0.0032908167176579762,0.0045890753665071655,-0.025578223645926428,0.009593489579005582,-0.010837271199590716,-0.015028607398426172,-0.0025901069942846425,-0.007360236587759985,6.90469758853908e-05,-0.03438999256004466
89,-0.11726252876525711,-0.0038988530536402995,-0.00494846082454329,0.20318023140009053,-0.04891761917381163,-0.055791744990443586,-0.01933978266815261,-0.0020364599911801605,-0.0388353012050486,0.009900866624088274,0.003776988503780099,0.007113306703886014,-0.027230720924841724,-0.0029481428658795447,0.01779011507777454,-0.019832161975635903,0.00019725824748847314,-0.005735090725851178,-0.006146369632667839,-0.03202441223588321
90,-0.14743730155247778,-0.003942263147904599,-0.0051658120658100255,0.28291321646191003,-0.046585011814078495,-0.05194051329884749,-0.009216987862710982,-0.0009284655061721536,-0.05380632078898048,0.009448143410603146,0.0039848933216742105,0.007705446351773421,-0.04020646277400249,-0.0026579418626657193,0.02441220452244088,-0.031742896326611245,0.00017855893552110703,0.018879033102478352,-0.007800802486862809,-0.032569858573684725
91,-0.16406679700967755,-0.003823469764928332,-0.00497191701709748,0.2687441989260842,-0.010775307111775828,-0.049416338270781075,-0.005305476843997095,-0.0005732344760309357,-0.055345368075692895,0.011488709918628912,0.0034212381392327374,0.0069540784808592515,-0.03694965932224895,0.0030258372170646856,0.018491711911161265,-0.0287077516363995,-0.0012363502422083512,0.013744780120150306,-0.0034501060025328486,-0.03740179653509829
92,-0.23270323059157275,-0.003805845528574105,-0.004695299639870999,0.24390375083728402,-0.012528100851870958,-0.03597736952746904,0.015912915849261584,0.0011834759277227715,-0.0641514829427401,0.011087773640393718,0.003339032753203344,0.006324490761639428,-0.03297061511544388,0.0027642229273958903,0.01041873743304484,-0.02403450918003848,-0.0011898527010341625,0.005536592135886097,-0.0035185673469086804,-0.03732007191678826
93,-0.15566835395671402,-0.0037795298203588757,-0.004563026769589616,0.2750782366538151,-0.026271964595501157,-0.050726810492988515,-0.008451425414232817,-0.0011889400205402636,-0.05450853568220358,0.01055591445267483,0.003216969739933783,0.00597941955090351,-0.03755173913229749,0.0006935492272147073,0.006713573006906422,-0.027242301696343115,-0.000720541971975126,0.015999357948416202,-0.00527006723813342,-0.0361269993732411
94,-0.1803852736935749,-0.0036917300223098036,-0.0018478768826141396,0.20566632678250882,0.053144180471422546,-0.04666185699143144,-0.001977519738231016,-0.003244447594551477,-0.04828696399715174,0.016066107421019608,0.002815630709211248,0.00022058803510623367,-0.02639793886857326,0.01252714009613489,-0.04716121046828065,-0.008135237039075899,-0.002390897439099272,-0.005124764252739156,0.0018875269409681385,-0.0294974720195025
95,-0.14853442573414122,-0.003845704086973033,-0.004482681302533562,0.3053218123153052,-0.02304119346128702,-0.05178277762251271,-0.009931725752101678,-0.0014589218142996518,-0.05706426845858495,0.010817774173571226,0.003525469477460147,0.005978692848008215,-0.04283467168233124,0.001130537663682545,0.004511984953782714,-0.030460914859642505,-0.0008449266805225238,0.027669680679660615,-0.005219452440546195,-0.036495526143338126
96,-0.09886776867003429,-0.0030392029832359293,-0.004989361601042924,0.26792950555208683,-0.050753037339227855,-0.05767833928846137,-0.03135776238705843,-0.0025812102747597636,-0.04182090101466714,0.010190273331252496,0.00011794783776258943,0.004802740628745283,-0.030274068982851225,-0.0016366268752695237,0.019015542881165776,-0.02869411148344496,0.0002805384171982681,0.013459558741708458,-0.00792233244813443,-0.03157538999705557
97,-0.1574095793585704,-0.0038873092370030828,-0.004674322949019171,0.25290675907295856,-0.033464074029195524,-0.05046109710595622,-0.006642042243623195,-0.0010412742983384423,-0.05170433174678238,0.010086995998378308,0.0037220758176174282,0.0064940889548408725,-0.03499164055191136,-0.0005235907249143079,0.009824450370552781,-0.025070309490373945,-0.000445214835661007,0.008394837091781834,-0.005744110072189441,-0.03511223648718584
98,-0.1414668606024412,-0.0038582176109201068,-0.004953750086858495,0.28819791659868443,0.020103385664905774,-0.052777115337034705,-0.0120296820448403,-0.0012867701080182343,-0.05316833286746414,0.013297007765193465,0.0035843876802573223,0.007012066688804651,-0.040281266382200254,0.007783632051974139,0.017948046219718336,-0.03120576730953928,-0.002400312246902712,0.020878111763864202,0.0002523082288637955,-0.036228808159132445
99,-0.08227520769712024,-0.003990359706334977,-0.004858699459101944,0.3018515981068222,-0.06347835502982396,-0.059080455089493444,-0.02999097070556805,-0.0031532286618211574,-0.040812562610365886,0.01013195082678539,0.0042178402044030045,0.00716940831124179,-0.043693966467188976,-0.005434760669190577,0.015134424329554157,-0.032425858580704306,0.0007055724110969326,0.02625457483096523,-0.010428757339230951,-0.0279817792549635
100,-0.18879273577214872,-0.0037478400269119693,-0.005095090669508284,0.21854437447553896,0.030863232385452462,-0.045135418129074074,0.0013723733439647756,0.00032315777821124807,-0.05174401212842177,0.014570046369626192,0.003071064220448895,0.006998493432008094,-0.028686915235429773,0.009302294188787072,0.0222277686667108,-0.022499113373011935,-0.0028398041800518563,-0.0018013466274901348,0.000346872515383772,-0.03465836231621663
101,-0.10323553591003905,-0.003868309398143511,-0.004813890993799384,0.25431171594737123,-0.012585933922143673,-0.05726199749646165,-0.02405239046107675,-0.0025438423588428215,-0.04147947951218056,0.011624865757028266,0.003632038086155142,0.006741838042731174,-0.03506426583824883,0.0027314480208610677,0.0138260152347315,-0.025963453942318658,-0.0011792688891840587,0.008852843852334343,-0.0035784783544749524,-0.03731710390964631
102,-0.09261169830536947,-0.0039248643225262584,-0.0029561419229752776,0.20413441818962388,0.037585928250890153,-0.05824037146353975,-0.02704700701747995,-0.003785646852108738,-0.03538176213187782,0.0134467335330337,0.0039012977295791703,0.002877517862894602,-0.027533678148657998,0.010587184855098871,-0.030279955324828137,-0.012308623121720616,-0.0024771523320815843,-0.005502037812421831,0.0006213228038398732,-0.03337240517592708
103,-0.16880552060411155,-0.003982092890308944,-0.004793160337130836,0.24886214097487744,-0.01626396292614756,-0.04864478728061264,-0.0018078267392266326,-0.0005960938052898229,-0.05325869236720423,0.011101456396796444,0.004177607096189995,0.007003213621758556,-0.035075772048443324,0.0021021829739914016,0.013224577188781589,-0.02515186439284193,-0.0010465146127839227,0.007094354477533651,-0.003925117256326295,-0.037092717641915254
104,-0.13710816055184336,-0.0037409087682213392,-0.003933371383121521,0.20804723861539656,0.0021338066753881016,-0.05336463572831525,-0.014601824337880456,-0.0021970317268585294,-0.042279333767763744,0.012280921362988159,0.003039309419850216,0.004580637568289598,-0.027050040670177723,0.004986795316045225,-0.009547627118972033,-0.016481462711278237,-0.0016881857532623297,-0.004530777561767306,-0.002151957367018977,-0.03751291201863306
105,-0.17110977155692883,-0.003793609287144326,-0.005152206176836866,0.24220397790446913,0.0022999292871075374,-0.04826123648056813,-0.003480157954934736,-0.00018193049649577767,-0.052649041660349435,0.012361150114452735,0.0032821744019073504,0.007248271046614433,-0.03261857587425459,0.00502180147490765,0.023989717584980925,-0.026019541094342846,-0.0017369532179287834,0.005011840614338053,-0.002049724864517793,-0.03750870976117568
106,-0.13282408033793908,-0.0038157929351000895,-0.005059286937512134,0.256872278995025,0.006619948456512668,-0.05392298663046878,-0.015181673679351769,-0.001475682089016478,-0.04747986767000147,0.01250734168947944,0.0033853857520357664,0.0071165705832612345,-0.0350496036354351,0.005686125347943432,0.021132808680832074,-0.02757052232395451,-0.0018996092495512696,0.009695879634445867,-0.0015529695698891196,-0.037349177794269245
107,-0.08179979974061771,-0.0038470813807122573,-0.004412536338726185,0.2028256389432344,0.0035023054792830983,-0.0591164401358497,-0.030975704436835633,-0.003360731865923274,-0.03373120145919512,0.012211179053281698,0.0035319452244416713,0.00583340053758286,-0.026874227700589132,0.005217223093923408,0.0026201917160124303,-0.0177448096103518,-0.001750984969180315,-0.005821317496080523,-0.002058592378698858,-0.03747402771250169
108,-0.07273316331473385,-0.003838154356912221,-0.004634536729044191,0.19225525635545287,-0.01266620590820115,-0.05975806625613098,-0.0338820945061613,-0.0035270543259445153,-0.031784198705055645,0.011750522528864264,0.003490011996653747,0.006280998708637337,-0.025178713879912377,0.002730680841184942,0.008704209601996214,-0.017264833919340392,-0.00118930741588341,-0.008297235089476577,-0.003261327114076149,-0.037312955586389286
109,-0.1636076218319491,-0.0028459776709044674,0.006720344776364861,0.31985730465134854,0.057635253907759684,-0.049489868471955405,-0.017440414619353032,-0.011312858257076864,-0.0628731054415447,0.015964500554171746,-0.0005844524893620155,-0.014331007712767959,-0.034720092813557514,0.011220871465852994,0.06019537823935333,0.044048654587035475,0.0012779145780481118,0.033811221697312446,0.005854013695096922,-0.028145448343027478
110,-0.14922204042860557,-0.0038919376773527874,-0.004927034106447249,0.2914908393481474,-0.025821348641017615,-0.05168328449102488,-0.009200337958532638,-0.0010698862099522094,-0.05535932400983724,0.010646915199897465,0.0037440739200075173,0.007048209879469375,-0.041108569665932355,0.0006611492130167378,0.017151980830310106,-0.03148305491792602,-0.000675256354931742,0.022146860721194535,-0.005417247454261811,-0.03618164853964661
111,-0.16448497942292484,-0.003927836285748423,-0.004739054029990271,0.34559540464744537,-0.055095150815172245,-0.049349183087956876,-0.003886778471365283,-0.0007751129394295962,-0.06695738193475706,0.008572232850888784,0.003915551727436034,0.006740428504568567,-0.05004449085926242,-0.003970595816756645,0.011666461380190313,-0.03726725613290194,0.0003502442916994078,0.045534311059124775,-0.01054379687721064,-0.03044356972015593
112,-0.14742893858482983,-0.0036927219811236176,-0.004032297475722435,0.21396147824579997,-0.05062345851610403,-0.05194171088704456,-0.011961077775740297,-0.0018599117394824756,-0.044595754565782894,0.009211762007109508,0.0028201142097022706,0.004674954097645226,-0.027646519627706676,-0.002832152583617748,-0.007143436475747931,-0.0175212991486317,-5.641516766928001e-05,-0.003015155727412417,-0.006550570744116804,-0.03160766370225598
113,-0.08847045683461881,-0.0037439484538466772,-0.004792442510632347,0.25960491358951954,-0.008103706598984415,-0.058590187442686174,-0.02952209954614629,-0.002996993945994832,-0.03904434572485092,0.011837687976637033,0.0030532284254663213,0.0063621731642886795,-0.034895561373015596,0.003451560763824809,0.013203795770123148,-0.026538446283608307,-0.0013443800633613269,0.010607404141840221,-0.0031237839120527404,-0.03749571142759008
114,-0.21351111477135493,-0.003821679151450895,-0.0050341012443509275,0.27064632902558117,-0.004455378195467638,-0.0402249725448271,0.010176005988569863,0.0010320166112825573,-0.0659232067409679,0.01186581146265452,0.0034128693834425106,0.00708013893526658,-0.037229204785316515,0.0039934800933068655,0.0203669795471443,-0.029307537026826726,-0.0014743829713448542,0.014414938153258736,-0.002741650509008171,-0.03756417480832754
115,-0.1898525783063875,-0.003808294818043762,-0.00506827685134649,0.05400048044850996,0.018153459237545595,-0.04493781662533329,0.002565748521871945,0.000327958782340804,-0.023215350228173202,0.013612953240720434,0.003350435133381675,0.007114251908887335,-0.0036805614506095416,0.007442337959855859,0.021407049218456896,7.063283664750704e-05,-0.0023441210178532434,-0.023843761328987412,-0.002542770437199862,-0.03644914650513374
116,-0.2272491763991056,-0.00379251453644318,-0.004677617814955175,0.21689175484529355,-0.016932103179029344,-0.037223136344255184,0.01397888744520849,0.0010007756269713166,-0.05747308039502529,0.01070412011746775,0.0032770960170739973,0.006252397475132833,-0.028719664842957657,0.00210036645549208,0.009917629511919593,-0.020532656759794383,-0.0010340559602199902,-0.0022430161189798095,-0.003754000941072078,-0.037044426687262856
117,-0.21031172359423692,-0.0036773884495230934,-0.004885897479666955,0.19013912108950656,0.02399004600671383,-0.040896085635005394,0.006869107540727886,0.0007549074404488675,-0.04963104449729136,0.014289588237214806,0.0027509387827973917,0.006373204698436772,-0.02399625033054515,0.008197599830056678,0.015934226420624066,-0.017874601794450738,-0.0025336037780176747,-0.00877093250779127,-0.0006415798116454902,-0.03573080120751746
118,-0.7234650285531897,-0.004456982769852599,-0.005271105576455102,-0.20594521050725223,-0.20542595890100243,0.2018137664529463,0.20603626402542494,0.018001246860667678,0.15588188334549988,-0.04917274071731597,0.006619572169571427,0.009447347800859226,0.04304338447712537,-0.031737906373890235,0.02771767229711371,0.03690243553740141,0.0065586179226509375,0.031628115361915114,0.02514380212988288,0.06903374665763073
119,-0.7319822197498149,-0.0044781954154724714,-0.0049564932811033404,-0.2368703875320207,-0.20262038950127625,0.20813556097094735,0.21035046178602135,0.01693227991353931,0.1795517467425047,-0.049045143083672554,0.006734861153715701,0.008736801433490862,0.04884244543069554,-0.031403644719794614,0.018030017985440468,0.038933347040226274,0.005991462659688317,0.04558825878311414,0.028003257417376273,0.06610402894842433
120,-0.7351151543664379,-0.0045716003545106946,-0.00516533344754186,-0.17117742279795764,-0.19501062269768984,0.21047978747778956,0.21686911040908427,0.017927331616337652,0.13448677640186288,-0.04697562620264534,0.007248826758574489,0.009519210388421889,0.03780681584273607,-0.030740489305575314,0.024397324552232886,0.03136441535232269,0.005995298585241267,0.017802343103915094,0.02021523028924498,0.0583630389238761
121,-0.7334442479795132,-0.004586324965565262,-0.005118639107553603,-0.2330665406361274,-0.20057107507468588,0.20922826649323642,0.21709108344196595,0.0176733080858445,0.17730759940257987,-0.048541472701092485,0.007330789233155313,0.009444269623489186,0.04937156512507833,-0.031865147550350914,0.0229519435933258,0.039620760632106754,0.0061463694300270665,0.043786718567668706,0.027295505958823876,0.06398982889047349
122,-0.7280346838060361,-0.004470343636759556,-0.005167214611085084,-0.2233158468245225,-0.2021032402030067,0.20519623359873407,0.2084601509803023,0.017708161776550536,0.1690574440074743,-0.048554778114985,0.006692125477631185,0.00923183263473413,0.04631009857129954,-0.03125086430310948,0.024455816428306222,0.03862343933402245,0.006275976549687024,0.039276842949020736,0.026506762241407546,0.06556845105144644
123,-0.7391076357527175,-0.004435902680705752,-0.00519398188229392,-0.20229210826678756,-0.20109234382676427,0.21348185568247102,0.21050875326667925,0.018179353317546353,0.15723418395166486,-0.049175496123298724,0.006505529707104836,0.009197638529038158,0.04217524902800151,-0.03080669758200776,0.0252903034604637,0.0358770291045022,0.006274765584532042,0.030082409418677108,0.024172068015643065,0.06452553675875065
124,-0.7544508047932995,-0.004475847247486089,-0.00523069112076757,-0.22469145855523032,-0.1998999404261648,0.22517197857405782,0.21842513709016237,0.018836378220288805,0.1771087569610953,-0.05008556824842862,0.006722072914535006,0.009403572757441163,0.046618102113844304,-0.03090043056471327,0.02644142302018115,0.03926910928954141,0.006280161495499061,0.03990366124204201,0.026328163109221692,0.06330217890380625
125,-0.75918051065097,-0.004611521299947764,-0.005096770665184224,-0.16627764375653273,-0.19613119664490794,0.22882459452463474,0.2282168438671882,0.01839477123887388,0.13617351563795424,-0.04928524055797139,0.007471634633098207,0.009461025202545834,0.03724893813129387,-0.031242946572144062,0.022279327443255007,0.03029537634659577,0.0059432633442921936,0.016012941163815495,0.019850719629073765,0.05948408104375744
126,-0.7607704829804999,-0.0046475069104019995,-0.005217617964907785,-0.19870265827322167,-0.1973461395038027,0.23005767084469825,0.23095814365671719,0.018983371764080572,0.15998931279401254,-0.049800929410928604,0.007674090372456454,0.00987125963923546,0.04362810513466871,-0.03173671740827537,0.026030591597854716,0.035529027010532,0.006160458791019819,0.028584909198706872,0.023301378394389893,0.060706889093533105
127,-0.749207523675776,-0.00452358360803594,-0.005280313778199546,-0.22126437554081996,-0.19443908728917997,0.22114973348074246,0.21930889779606083,0.018883724832496656,0.1732564716896472,-0.04794147506436183,0.00698332603356724,0.0096659966387182,0.046514439338394144,-0.03028056382248569,0.02800976931346398,0.039137998670660444,0.006132403388054399,0.03834781211701485,0.025184330048608754,0.05779377238783792
128,-0.7503559920737705,-0.004449280766556683,-0.005168267291338713,-0.2905466174483034,-0.19607924617043274,0.22202832343391746,0.21536866067642368,0.018429233886226963,0.2230317528934721,-0.04854809067673157,0.0065778438292592644,0.009173643023481877,0.05814269074676255,-0.030020588993876666,0.024488556756169174,0.04797898841335398,0.006041283311553517,0.0735345657774559,0.03244798006095798,0.05943196491473124
129,-0.7561681219363459,-0.00458907248891397,-0.00509649302371426,-0.1601579021360905,-0.18990765197153942,0.22649554308612901,0.2257549956548194,0.018298110102812137,0.13112943343116867,-0.04707497556293054,0.007346111262555503,0.009396410888075515,0.035923799410666445,-0.029938168991078463,0.022270805557545043,0.02945415638585271,0.0057020692753665374,0.013833191431428301,0.018529657587191748,0.053340285069499505
130,-0.7628095356142255,-0.004395329896115252,-0.005289127690292616,-0.2239060323806762,-0.17693965585981042,0.23164284326681153,0.21667049575595118,0.019368781967615056,0.17878469899039676,-0.043470937361891615,0.006287508595448004,0.009309570387759114,0.04559986437465369,-0.026264177571968608,0.028289814637621896,0.039575820147404635,0.005443146581689672,0.03954539060564207,0.022896099210465093,0.04118378779706439
131,-0.7620308649755536,-0.004509276871407034,-0.00507808346100293,-0.2013648076477598,-0.18058090481830633,0.23103699321960697,0.22318900887393195,0.01840170149060123,0.16222728098810676,-0.04457184663648823,0.0069047454333197944,0.009123698561551992,0.0427434369523575,-0.02768564715664683,0.02170673219620709,0.034987095201430396,0.005317499805351733,0.029693524273593626,0.02132457257355674,0.04450911843017065
132,-0.7397407409777016,-0.004597344956840016,-0.005192671261943354,-0.20287280929161092,-0.19283936801046456,0.21395941830698822,0.22008467248671423,0.018194100478966996,0.15779937097251948,-0.046681107251322365,0.007392297875696602,0.009662344166095778,0.04390377640016696,-0.030534539602781578,0.02524934830032382,0.035949505825569085,0.005947813136026427,0.030326656520357057,0.023119066757124215,0.05620941005254987
133,-0.7694948435869042,-0.004483372033240848,-0.0050331291335746,-0.18546139031028414,-0.1913909695451956,0.2368701486699303,0.22437503932869599,0.01843479298752822,0.15241663853075585,-0.04860511406975944,0.006763076256377657,0.008939636862916121,0.03960994997278787,-0.02943813496702885,0.020337493228740875,0.03253600601117859,0.005672959868920759,0.023243085530630675,0.021200609746606404,0.05478636354179921
134,-0.7768815751003757,-0.004577033691762247,-0.005065625048285314,-0.22372548569921039,-0.18881150131396562,0.2426995560523674,0.2327762615366797,0.01881385080437622,0.182422015701675,-0.04835710436736662,0.007279040876075761,0.009284678536017369,0.047544603601396444,-0.02965131023858917,0.02132610679703397,0.03795561093845212,0.005618091994359673,0.03946317729836138,0.024611058151773623,0.05227898515407278
135,-0.7765360557483175,-0.004458563847092297,-0.00517254851005105,-0.182175422857562,-0.18495269972097894,0.24242562585050564,0.2254432823145022,0.01928916787965442,0.15161368478905943,-0.04707890388413298,0.0066281468784157496,0.009210899872995082,0.03878648553033691,-0.02811350921287455,0.024621776193220576,0.03293658135903283,0.00561063616981101,0.021961892812165457,0.020076702742578233,0.04859244731008323
136,-0.7642210904483683,-0.004426592970600675,-0.005012836430994887,-0.16203876600554443,-0.18777902621965264,0.23274270896855268,0.21904779309276812,0.01817891428946757,0.13416123246601655,-0.047032624341792395,0.006455331486679209,0.008730603896739686,0.034895926150126884,-0.028386825735071033,0.019723207694105623,0.02924774747475356,0.00550768672682145,0.014496599640386573,0.018472727480673287,0.05128503501556852
137,-0.7809980644454828,-0.0045204597960236065,-0.005082365367589137,-0.18680270454284661,-0.18940842899546492,0.24597261871914328,0.2308530960870892,0.019020064916723693,0.1560706717049116,-0.048875312341650365,0.006966147696725322,0.009166042874182462,0.04020229040300062,-0.029351749492524924,0.021837757273230105,0.033022497329868956,0.005663668860443298,0.02377114037947465,0.021082585526703744,0.052856161561045556
138,-0.768712736601351,-0.004657574268512622,-0.005246633831152359,-0.22028468252367528,-0.18809069895584876,0.2362562287887315,0.2345738614857198,0.019371261373481576,0.17771676425512978,-0.04748372627833458,0.007731003109343083,0.009974624569184319,0.04777547949890225,-0.030097180100023945,0.026943759011350966,0.03876165041798512,0.005833151040810826,0.03790657762273428,0.024171381239027172,0.05158449572147164
139,-0.7927132699107957,-0.004538868951861451,-0.005199591053847475,-0.24189702940540808,-0.17939437268256953,0.25538322988449214,0.23631780217113277,0.019934477952354437,0.2003779425955256,-0.046484071942740485,0.007067548605730756,0.009510090959047302,0.05045311250817764,-0.02767468241389447,0.025465694043338143,0.04145261896206084,0.0054270829728763825,0.04800524935501988,0.024921577137220475,0.043417978711023805
140,-0.7830483762976571,-0.004549305180548143,-0.0052971215815832105,-0.2494537892770329,-0.1838713558526502,0.24760936876231432,0.23337836801086037,0.020069659585611428,0.2032543583187505,-0.047226611594840325,0.00712521085179832,0.009783671395878683,0.051959333767730646,-0.028556942575343927,0.028544190834680162,0.04326959374426209,0.0057314895568944535,0.051716623518846504,0.02633521268983179,0.047573228163798394
141,-0.7788876755036356,-0.0046267164689324436,-0.005260258782550884,-0.23220630057377398,-0.1870083048711592,0.24429244173077505,0.23655567816607084,0.019764777465977282,0.1892478635112281,-0.04792838831948397,0.0075569365285168034,0.009918855054987808,0.049665440324474515,-0.029676724727261503,0.027374220948433347,0.04054341493077907,0.00580826333520602,0.043382583407078915,0.02516785008736709,0.05054667535689191
142,-0.7930349276528604,-0.0045288523955485565,-0.005162613075660893,-0.2138738999787597,-0.1876082778018653,0.25564361010755815,0.23581474967143334,0.01977310559248809,0.17930852038959663,-0.049228286034570044,0.007012326023503275,0.00938918270155629,0.04522237713226927,-0.029087662305136885,0.024312774702267663,0.03727917997043368,0.005701556745489149,0.03505805695284376,0.023480190707481398,0.05112119048963419
143,-0.7576060239836667,-0.004408299553392345,-0.00528178426249293,-0.24465379593144426,-0.17870149425219575,0.22760609953237107,0.2155717299250436,0.01916543902848111,0.19234993280552298,-0.043645139219811245,0.006356990833855883,0.009330057729678534,0.04943000561895858,-0.026661080878682318,0.028056460179757287,0.04246866309988247,0.005504420754543659,0.04934836028982938,0.025068391335919784,0.04278418149073452
144,-0.7709344714155765,-0.004477676175647686,-0.005168479665373728,-0.2171334417182894,-0.18625070889036519,0.23800184464520424,0.22455805366929502,0.019090829730800462,0.1759918165274973,-0.047065496691045004,0.006732032787524088,0.009256092149005482,0.045273743653639655,-0.028479695646863135,0.024495162757293205,0.03777279001544279,0.005656170292643564,0.03649797289160926,0.023602989896228905,0.04982389220497878
145,-0.7780636409730378,-0.0045165511198848075,-0.005282093154239975,-0.2543212056182037,-0.18324765774032536,0.24363763831240876,0.22953244658401054,0.01983735647797086,0.2054013897962777,-0.046642600426584274,0.006944669488090758,0.009649694597821322,0.052456078586463915,-0.028215356136454768,0.028066269697702078,0.043843455130274545,0.005686820659504505,0.05415665772977422,0.026696735524305758,0.046988119824393305
146,-0.7911429738420488,-0.004614950003315704,-0.005134384607081078,-0.23676158089883603,-0.18730599572069917,0.254113617064324,0.24045062140040735,0.019581629385378427,0.19606136310089778,-0.04898067379199956,0.007490858713596004,0.009565931668314643,0.050380278089979275,-0.029647570064361427,0.023437933181202485,0.040247429744525304,0.005652013332923852,0.045536397873147234,0.02565362864359368,0.05083150138184251
147,-0.7665209069970481,-0.004391325756619785,-0.005202338457017528,-0.3011221534238144,-0.18947747252792294,0.23453910259625768,0.21776251585731843,0.019101087711943774,0.23611654080666572,-0.04775584986654989,0.006266097357737802,0.00908855680291824,0.05923404182053745,-0.028431792223727638,0.025551667187234246,0.04976016942046996,0.005828457184463853,0.07959670520843677,0.032289782522663464,0.052923039793080405
148,-0.7769408419373912,-0.004382265674997188,-0.005283262768446505,-0.31135075388066635,-0.18408620087279498,0.242746555605368,0.22094860054351836,0.019805875285544356,0.24724884546835985,-0.0468289892535181,0.006217720448793165,0.00925692769017099,0.060916281263751114,-0.027424589933408947,0.028103418259166214,0.051950561263959465,0.005721926830790399,0.08563410460909572,0.032257748137546276,0.04777524732196193
149,-0.7881222540716456,-0.004653586902999344,-0.0051947254042496345,-0.26405774261736764,-0.1894399011502209,0.2516784685109252,0.2416985896890838,0.01976378071552198,0.21569764491329674,-0.04944742729265441,0.007708447449503136,0.009830584135409147,0.05593544095957105,-0.030318440269442783,0.02531354192432774,0.0445119961662907,0.0058166889620596745,0.059153935786495,0.028652765923738183,0.05288664363955445
150,-0.776287410260925,-0.004366382543514948,-0.0051135159465670495,-0.25090316790014255,-0.19074936553361657,0.2422285741928104,0.21974918764817866,0.01901283494719123,0.20234744483422365,-0.048938464706265124,0.006133145191716681,0.008803212348861693,0.050040573250535854,-0.02847309719163567,0.022794122419662256,0.04203801358326732,0.005757797710603312,0.052439142676320466,0.027574074451900816,0.054159466854942884
151,-0.7914197721489695,-0.004416331113410085,-0.005185999813585316,-0.2688377116915531,-0.19056199666375873,0.25433722870756,0.22824297249218492,0.019829712760828077,0.22031082432181948,-0.05007832818543795,0.006400117776821808,0.009121555285892908,0.0538314532517277,-0.02880321879628715,0.0250410271035299,0.04510751919049833,0.005849043493454152,0.061664035505949275,0.029311101931123497,0.05397679574287042
152,-0.7825955608445816,-0.0044657444969443336,-0.005275178135667468,-0.23483568191378806,-0.1876443854295928,0.24724751588728355,0.22808899440080044,0.01995420910207404,0.1922301912498708,-0.04842485324666663,0.006667127061501211,0.009483085127209552,0.0483342485740405,-0.028642987205676332,0.027846799556090155,0.04102591087117316,0.0058535917134391454,0.04462165609220795,0.025518489013183408,0.05115582556733483
153,-0.781335433818175,-0.004562606754379543,-0.005030049615537385,-0.1980548807581052,-0.19241017736447424,0.24624164011858388,0.23355646213237652,0.018791348287892744,0.1645191670353051,-0.04988117936125114,0.007198891023453135,0.009154844769368375,0.04266848753576875,-0.030201239967889554,0.02024412027853892,0.034223463026157155,0.005707701797956659,0.028316905771474776,0.022581802168569046,0.05578659746631543
154,-0.7793078400495435,-0.00458436257504045,-0.005276145429280166,-0.2591895586334594,-0.19300106853381777,0.24462658735078222,0.23412943778734757,0.019850995129334185,0.2093831409402757,-0.04991099078248639,0.007319851083998478,0.009834506940122296,0.05417406365470879,-0.030468626019887347,0.027877483194243872,0.04448674169489516,0.006069111447401117,0.05663594646066819,0.02876158930550796,0.05636895534926579
155,-0.7910679252234442,-0.004327749465399191,-0.005212996910029564,-0.19712879324700514,-0.18932206956276817,0.25405300263162645,0.22262761872702183,0.019943464173982444,0.16618735759756825,-0.0496408143020257,0.005928672743821331,0.008929302575280466,0.04018755025314967,-0.02794593259638173,0.025885606883254284,0.03527838219513102,0.005836716413654871,0.027934950519853567,0.02208234024097841,0.05277254527822009
156,-0.7720289329685661,-0.004605625572258707,-0.005119278632971213,-0.273084977945478,-0.1927833894720817,0.2388636358558491,0.23269282403364502,0.018903554658583035,0.21739722863762295,-0.04925583328794746,0.007438610861544019,0.009501061109255152,0.05701272687480598,-0.03058514212848176,0.022971655021716903,0.045139523692765374,0.005844675102130032,0.06392577199197523,0.030111043633230902,0.05615420922074691
157,-0.7728709340160327,-0.00485187503366712,-0.005192689353267169,-0.2371784292219352,-0.1929424915377723,0.23952747844419026,0.24791169074466024,0.019262559144770368,0.19124558304671302,-0.04937476221337083,0.008852855116968426,0.010400077494962696,0.05315992675733512,-0.032425282479454365,0.025249913563283242,0.04074111307300887,0.005951899904349233,0.045735186913463025,0.02655580660944155,0.0563111434339091
158,-0.7771210454894057,-0.00459949538237156,-0.005169706131445706,-0.19862941495498443,-0.18990019373362327,0.2428894821882153,0.23423257581886067,0.019295028184083015,0.16391978823726205,-0.04872915516100595,0.007404317297929043,0.00961067527415667,0.04313920839267167,-0.030012233269177138,0.024533317663911182,0.03520777182757471,0.005800940039350347,0.02855457198290896,0.022305924629519584,0.05333304290277466
159,-0.7826964999162618,-0.004623759373098105,-0.0052244733463550665,-0.19217977999916508,-0.19542713471754547,0.24732815976035788,0.23781152930068722,0.019725100225180234,0.16047200935013523,-0.05097618762564587,0.0075403147737948826,0.009819491436894394,0.042178260852557256,-0.03120489439947178,0.02624590360100359,0.0346571633263696,0.006094084991357908,0.0259175737700294,0.02238736323899019,0.05877896457338354
160,-0.7822422818613965,-0.004594980616421222,-0.005162313614180045,-0.24496871577968163,-0.19205714896487724,0.24696535136235392,0.23587725661034728,0.019425615569501186,0.19967830165917833,-0.04983853151119546,0.007379089113041756,0.009579024881288947,0.05167200398628726,-0.03037408671601215,0.02430346995777555,0.0415959250331636,0.005875412959931427,0.0495025824390876,0.027194093629659924,0.05543953134056311
161,-0.7700806443070927,-0.004462213966198854,-0.00524057008700175,-0.2744776335560101,-0.19036281974164193,0.2373303902972709,0.2233136451606894,0.01938846950646353,0.21780376443514762,-0.04832126727199513,0.0066479539584369226,0.009387970283273591,0.055426240875858075,-0.029101021089307167,0.02675252572586275,0.04635464482144387,0.005915300078514338,0.06467381043094028,0.029832433066129337,0.05378281226793014
162,-0.7712473239941408,-0.004636689332940576,-0.005138620004346438,-0.28036305490020297,-0.19508087517022854,0.2382480620341248,0.23427514907703054,0.018966031941334522,0.22249401974036365,-0.04993281365524018,0.007613069815773975,0.00963902513708735,0.05876969630138291,-0.03123733393514586,0.023568902788494387,0.04630843903236956,0.005960870243911426,0.06787010381425217,0.031239912480144783,0.058433129418763635
163,-0.7725881886448118,-0.004582383612759149,-0.0052436379022101935,-0.2839389015458361,-0.19705424938874147,0.23930447736610136,0.23149686168205383,0.01948392182669288,0.2255560576068068,-0.05067824345126631,0.0073088251682908644,0.009747019336640917,0.058718739196470485,-0.03119345521316526,0.026849249544256017,0.047714350817148206,0.006185496773133348,0.06983978282682876,0.031950814005806544,0.0604124107430366
164,-0.7853886964762764,-0.00441016064140937,-0.005240095315244097,-0.19155315957890479,-0.1987175476493828,0.2494829342131829,0.22568832766130326,0.019884279547182304,0.16064262645272026,-0.05227438239359179,0.006366977512745248,0.009234631837870327,0.04000661504776691,-0.030191869865058386,0.026737561677946144,0.034667693100721125,0.006246600576488495,0.02566500213287458,0.022748410711777658,0.06209637244303008
165,-0.7788402313033137,-0.004605026814818756,-0.005177560157194323,-0.3384948676907765,-0.19357732633215716,0.24425472207887106,0.23521490421373417,0.019386055157840473,0.2680441805610316,-0.05006079578190954,0.007435259332888128,0.009646464242483225,0.06913823581398201,-0.030726268388167857,0.024777858116810294,0.054739570352885805,0.005956011797926191,0.10248595377396283,0.036795399229667035,0.0569386351609493
166,-0.7729775580007752,-0.004707149665614125,-0.005067858941661813,-0.2557448480135154,-0.19395499277404904,0.2396115941356607,0.23919407982213114,0.018701002887067157,0.2049370964250907,-0.04971006545404588,0.008013007282438573,0.009658745665202072,0.05502744267202779,-0.03155052405028859,0.021394290456360224,0.042341191182009984,0.005819050013978269,0.05487765804245736,0.02857293070964845,0.05731292469316103
167,-0.789613624451428,-0.004684921001614004,-0.00526882080935045,-0.2911269498683087,-0.19367103517900985,0.25287955717066396,0.2442023046159012,0.02015455536244611,0.23650661999151915,-0.050960163253406895,0.007886203275008462,0.010111615133118614,0.061431531475689645,-0.03133325431243146,0.027645271630613755,0.04895090424520759,0.006085784667318908,0.07386247904561354,0.03207049844159024,0.057031437111752584
168,-0.7784474418798258,-0.00463529407182167,-0.004937040554748877,-0.28256025511321853,-0.18882086221549,0.2439425312168338,0.23691246267055008,0.018277017156223364,0.22644310421779087,-0.04848322403915839,0.007605209383328282,0.009122944329857214,0.05916159626711852,-0.030072195102461376,0.01744966675718218,0.044869934977130675,0.005445302027277735,0.06907790602900775,0.030355482345986715,0.05228802205831327
169,-0.784841035530894,-0.00461731463535471,-0.005130241080572316,-0.1687182673996685,-0.19463336540185266,0.24904399232045932,0.2382240498670717,0.019361535760144353,0.14344969493940565,-0.050890611363034924,0.007504124834500777,0.009562225295557185,0.037752841756449905,-0.03101100723131422,0.02330990406552141,0.03082182055615553,0.005931783301114138,0.016899346914614182,0.01992306234882302,0.05798708921242658
170,-0.5163465624238291,-0.004482160698400869,-0.004644138625466497,0.2810518412463166,-0.12238108890041774,0.07113480476421609,0.13168459305678434,0.00934107674184765,-0.13405319052092782,-0.013640154789823984,0.006756471053729756,0.007979771472623515,-0.04469519884990739,-0.017107724022530742,0.008973733903682224,-0.028451670637070704,0.002697550298608917,0.018185802925344486,-0.01676518716587185,-0.0004077836652121611
171,-0.03246246890953773,-0.003695791487042018,-0.002420641614435737,0.2625585598215641,0.047390670300320896,-0.061582416667348386,-0.04682947676283321,-0.00500396257486816,-0.02804751455389643,0.01252288796148097,0.002833995258440858,0.001393728069078315,-0.03495193070450901,0.011683485998109108,-0.03931673939217113,-0.014258253156219229,-0.0025108479726215233,0.011606394983665766,0.002924353168547482,-0.031076712930702275
172,0.00826197162828421,-0.0039466122632623585,-0.004412343014750328,0.24759311950822874,-0.0240470448012855,-0.06172479978474669,-0.05953001353177655,-0.0058489157789726074,-0.020131189986956382,0.012174269210113475,0.004005845193717246,0.006080115588675969,-0.03460321928960124,0.0008922813040955846,0.002615016826467039,-0.02310072330888818,-0.0008213546470366007,0.006691838688934077,-0.004704423495326068,-0.036386593849918145
173,-0.09143290437833487,-0.0038781881935169046,-0.0045589453419414925,0.4528151469859693,-0.023072857585849735,-0.05834174816630018,-0.027732034444734936,-0.0030228683264533493,-0.055017048365081915,0.011308045909164191,0.003678799224768105,0.00622356725476858,-0.06631964123510424,0.0011000361869444417,0.006600842658611424,-0.049154645582638413,-0.0008325817731723734,0.1060357450818872,-0.006802242276841896,-0.03649217694759266
174,0.02062441389136618,-0.003875107359901325,-0.00482250002531275,0.2077769076937355,0.05310177348111778,-0.06142927898783704,-0.06336249848435523,-0.006261710066217961,-0.018956610098168965,0.011330215068773441,0.003664203783744371,0.006778556030964295,-0.027813985756170785,0.012916075837970985,0.014076505222699362,-0.019949908582808217,-0.003590095009601047,-0.004598686241352884,0.0019458757188807866,-0.029509740010954664
175,-0.09849431560520555,-0.0038894059167847257,-0.004817856883006703,0.25409870137344365,-0.05995224399027141,-0.05771302345282232,-0.025406530498017936,-0.0026839922665586892,-0.04054860171669198,0.009849123763844064,0.0037320378080457173,0.006807227547944778,-0.035195654435436256,-0.004648665910427043,0.013941354657253206,-0.02595608397549785,0.000558277153327155,0.008783194726603018,-0.008536737887047329,-0.029061656888934695
176,-0.14333272690982063,-0.003811173643887356,-0.0034639694461828328,0.1932441435578195,0.04802135265800802,-0.05251961570298517,-0.011940781385889162,-0.002416949355750544,-0.04128139372876313,0.01490184377812876,0.0033638462210920776,0.003750648141565859,-0.025185985842596417,0.012002939060088704,-0.020190080616185463,-0.013220601769561238,-0.0029055379614930663,-0.00807335984184994,0.0011511274725771114,-0.030911978879641075
177,-0.05471875776867203,-0.0038298573143931416,-0.004498136247940106,0.28821735796599957,0.026824142354648854,-0.0607811015858785,-0.03958433599259074,-0.004085598095665108,-0.03364404248837585,0.012593736959741765,0.0034511223318997395,0.005971388855987349,-0.04002496512591861,0.008789220639111552,0.0049325967207302646,-0.028476104787633707,-0.0025562433945169236,0.020885550361768666,0.0010764555271038322,-0.035318272835318874
178,-0.06369917877269032,-0.0038071325102307734,-0.0047286672014154275,0.21499599925192903,0.027877106362690703,-0.06031297986741467,-0.03686162222538519,-0.0037578679485270458,-0.03178921243428217,0.012729988007603643,0.0033450232628276116,0.006397936525813631,-0.028520068018041276,0.00892385754040867,0.011369270592040261,-0.02050318136829242,-0.002643351498616685,-0.002744160146685868,3.30690704624847e-05,-0.03515439155466477
179,-0.057203098584882574,-0.003931555648286072,-0.003587490426899484,0.2195520567913196,-0.010463425707327858,-0.0606599304746331,-0.0384132086276301,-0.004277206573138615,-0.030997612036121197,0.011861231218783472,0.003933405054570912,0.004256296606990566,-0.03002662961477197,0.003040988951006031,-0.017512141040186634,-0.016251706550019094,-0.001326272396948932,-0.0015298456827633575,-0.003213799518176238,-0.037414668415823346
180,-0.04777148956343513,-0.003862034873419524,-0.001862540932550131,0.29142257645802694,0.0037038259993128052,-0.061086126885145586,-0.04166765329687079,-0.0048906924907053465,-0.03220076098316522,0.012125948029165395,0.003602397520346704,0.00044220046279734246,-0.040820617378506806,0.005251936266242929,-0.046983854459373586,-0.01284466483576738,-0.00164038437393641,0.022120379196196843,-0.0017472277779942648,-0.03746748134932375
181,-0.054423249655651366,-0.00394159767029457,-0.004830814991833968,0.20641565812656762,0.01762162106689102,-0.060795090679806756,-0.03927268132538682,-0.004003855592934909,-0.029977534360111763,0.012412444738346427,0.003981689351138555,0.006976212506710745,-0.027995627540578046,0.007465727530092755,0.014318842772517373,-0.019805124804569803,-0.0022888123703407757,-0.0049388225195574715,-0.0009216848026775741,-0.0365058208591053
182,-0.2036786100775415,-0.0037923558032477984,-0.004778548543278641,0.33893758580872274,-0.0039937197120024515,-0.04225380216755842,0.006640208864085284,0.0004291079435970627,-0.0766951940438371,0.01191126591043127,0.003276359794922288,0.006463095142993162,-0.04747818289433095,0.004065633937345011,0.012802141255571378,-0.03670304685452356,-0.0014945010606202892,0.042397882916926914,-0.002737032130114079,-0.03756791822569932
183,-0.0920493248217292,-0.0038067411092287083,-0.004783656578431682,0.22460040051269975,0.042076932129302184,-0.058288914714930466,-0.028007535556134257,-0.002894402041955033,-0.036942778665553726,0.013595204778724545,0.0033432012029213465,0.006512339706646053,-0.02999929534315526,0.011088067768643168,0.012949678411854702,-0.02197035685009542,-0.0031727947785656495,-0.00014464721151914213,0.0014539820976080123,-0.03238275556034275
184,-0.15816060769891732,-0.0038937305103313898,-0.004411886657546042,0.24951054717565385,-0.022499781777060458,-0.050345523037988865,-0.006326650229096831,-0.0012516301955925746,-0.051359188287246824,0.010769102086539252,0.003752601709688191,0.005947836403616511,-0.034505997309146386,0.0011770632547192792,0.0026028019231159666,-0.023327869340326098,-0.0008736307789184171,0.007301037184979014,-0.004567645425887987,-0.03655198812776652
185,-0.16450215273425906,-0.003786135830630148,-0.004685022758543277,0.2827294735464628,0.012845626884461841,-0.049346421396884305,-0.005629527386665182,-0.0008244548757992686,-0.05753286930237549,0.01304100672756741,0.003247534284749196,0.006251123394671552,-0.038782954264376286,0.00661959403357099,0.010127269378852036,-0.028901803998610934,-0.0020968417937283716,0.01881034966299983,-0.0006818289731142193,-0.03694903372995713
186,-0.1631122403779687,-0.0037925071331649973,-0.004463075007177702,0.26423003466805906,0.023727400769391463,-0.04956895250634044,-0.005983522106178263,-0.0010680414591975533,-0.054477352857180424,0.013741324679614825,0.003277061679188216,0.005803607117355072,-0.03599621148448681,0.008276282558561951,0.00398036494595832,-0.025364431684568436,-0.0024431330672908353,0.012178052150919447,0.0003649100700360278,-0.035766922624416386
187,-0.18441099419078985,-0.0038402551517384875,-0.004168449289188622,0.20925038755790118,-0.039790601376354984,-0.04594006150861004,0.0013099940510133687,-0.0007797913068770416,-0.049479459633444,0.009266465357126046,0.003499871673006483,0.005299677618142396,-0.027834181805212268,-0.0014402052701299572,-0.003742727179131678,-0.01754422979368044,-0.00035561033254770196,-0.0042270889495355625,-0.005552612708680411,-0.0339978359023463
188,-0.0888264931784142,-0.003798510417877078,-0.0030504664645681053,0.2107087419179446,0.0012009116028135988,-0.05856080820099501,-0.02906647857028841,-0.0038128244967684287,-0.03534323740704167,0.012151616136287539,0.00330492735545952,0.0028593305783878994,-0.027805894731323166,0.004855552615476331,-0.028517749629957997,-0.013227841960512304,-0.0016352745756670337,-0.0038558074076508616,-0.002221717460977217,-0.03753385215856837
189,-0.03945906243088939,-0.003971328860208498,-0.004616370506570346,0.25103743246934235,-0.04436460157334035,-0.06138561901338131,-0.044034499591392696,-0.004493396526668454,-0.02910854454950313,0.011479583118520558,0.0041253413754595335,0.006587678589025499,-0.035343498568042156,-0.0023546729310597115,0.008195732738240065,-0.024541807242724253,-7.421412623453399e-05,0.007790457389877038,-0.006837731769685397,-0.033062855483433795
190,-0.05137512929118685,-0.003859185610324721,-0.004791443791461599,0.2262979348451186,0.0033588349591525176,-0.06093412548998672,-0.04053582336902694,-0.004105565941548741,-0.03034811826185023,0.01212941820794841,0.0035889530728108075,0.0066694839735829,-0.030613741573010354,0.005197944422429243,0.01317488729340898,-0.022223973832720276,-0.0017626427342088574,0.000330504280351222,-0.001995666648462158,-0.037478559988785264
191,-0.0606628594116632,-0.003787645153679145,-0.004734164984596625,0.2827029652928978,0.016317637149226565,-0.06048056949230934,-0.037890352065553363,-0.0038457477179297873,-0.03470623584209535,0.012437278405417742,0.0032545248156897718,0.0063577562568412705,-0.03879236257224786,0.007147221757048464,0.011526497556988117,-0.029186195665077692,-0.002227595464872106,0.018800445389790713,-0.0002664409029368145,-0.036638570245224905
192,0.0024223779760706244,-0.0038190474729927035,-0.004620789047085384,0.37891629381753933,0.04053529051711609,-0.06180953042343274,-0.05752870094902348,-0.00570133427265176,-0.019809302771642424,0.011817873314978557,0.00340057662594836,0.006202347671472301,-0.05396203385075401,0.010873599883775639,0.008319234456269016,-0.04054914315544003,-0.0030657435905892616,0.06232150511898273,0.0048116769020454,-0.03273426567739461
193,-0.18731785072651516,-0.0038881400239461146,-0.004858626037789964,0.268343685595288,-0.005645803798282534,-0.04540847230099045,0.0029030496905567468,2.6333740205278588e-05,-0.060074327705196835,0.011795882787242806,0.0037260225292049414,0.006891165472549182,-0.03742871525401877,0.003803653051185667,0.01513227100089546,-0.028032438654197314,-0.0014326481340184323,0.013604426022758073,-0.0028730161573092155,-0.037549422546335795
194,-0.2246966243733274,-0.003879785352615003,-0.005083712809903488,0.24134683375097704,-0.05915963569088777,-0.037795618926122175,0.014677185365102244,0.0014456785100840082,-0.06215911497474029,0.006868493134905581,0.003686370170606186,0.007349719543566307,-0.033116836478148774,-0.0045042978188526775,0.021879010372077037,-0.025572311184007625,0.0006378572368160915,0.004749017688806147,-0.008075973224268488,-0.02929551869903004
195,-0.053718373286125845,-0.003920630018532469,-0.004736706068857978,0.25880608906370434,-0.0975452546323601,-0.06082809494229351,-0.039575126266437194,-0.004050158343686484,-0.032144465316935336,0.01021790716577401,0.003881007354855519,0.006716211502362987,-0.03618669928206876,-0.010614090736256269,0.011599226720170842,-0.02614287762213895,0.001881384265730019,0.010339676280871445,-0.012707023363748996,-0.014227979457194994
196,-0.11255806742005443,-0.0039045881580819005,-0.0010786780230785415,0.2402693003590104,0.007444261608901492,-0.056307484749142114,-0.02079647714418242,-0.004561223664443677,-0.04186967251915468,0.012464067794513374,0.003804328250883516,-0.0011963039877509894,-0.03312781907625846,0.005846754726657649,-0.054734524028325356,-0.006332755263299149,-0.0016403153537112333,0.004420323517881288,-0.0015534373332787644,-0.037307741541918515
197,-0.11530966389705863,-0.0038416658113009827,-0.005048890736484661,0.28678528435910977,-0.030782776174510112,-0.05600860682342207,-0.020446823332759736,-0.002033211855766797,-0.047135927242206305,0.010755242401374177,0.003506495255276332,0.007167700872804564,-0.03991006309965059,-5.688568088089644e-05,0.020816247071656295,-0.03158417345824814,-0.00046457918914008035,0.020339270044706762,-0.0059646111253288826,-0.0355219127820718
198,0.11215957242242333,-0.0024809912323436796,-0.004846778475697746,-0.00956414190690806,0.019160761572992506,-0.0543323895158099,-0.07910572493003201,-0.009030234687279278,-0.03073438660621842,0.010907257896737679,-0.001791002564787612,0.0030466031535556462,0.0028078656451908757,0.00647651817744427,0.014785206314738591,0.008382386375908938,-0.002347927719452616,-0.020493914252914417,-0.0032703152029713804,-0.03633778510718762
199,0.10822949908977306,-0.0032637594422983596,-0.004127975220964053,0.18697620778084212,0.01017218387972105,-0.05481480412504502,-0.08554025154301213,-0.008413737970502199,-0.008363637211257088,0.011387306679956737,0.0009896010567300732,0.003869861648015433,-0.021379781219686003,0.005955080052146906,-0.004764771573788729,-0.01488074342864238,-0.0019496464307758488,-0.009465288207517315,-0.0016462127526016936,-0.037145488992836824
200,0.10332669304229922,-0.0029254981924138265,0.004522342324614471,0.20330993101372405,0.0481801563868811,-0.05539426871524204,-0.0812181476477403,-0.0025468889310815276,-0.007227425610209779,0.009615801865825427,-0.0003007201020829661,-0.011021362824550513,-0.021582855306053937,0.010286851312162186,-0.007515703659558083,0.016319694333929123,2.72293909551651e-05,-0.005703500080401179,0.001431027659843966,-0.030870174302397742
201,0.14704473763825562,-0.0031774746341419313,-0.003666642862898105,0.17295389256299623,0.01862381892971334,-0.04935134113557933,-0.09493155305521986,-0.008995158562730043,-0.005512690674675051,0.010621139444204555,0.0006476319872949097,0.002854706967674872,-0.019114301236928723,0.006995131937072888,-0.015750088555032595,-0.011902551778482698,-0.0021464242734586447,-0.012346422458199384,-0.001215267445367855,-0.03639780118465485
202,0.15721667700535746,-0.0036410970610281637,-0.0050843117521552714,0.2516999255721925,0.032092328287823324,-0.04766238696606592,-0.10369452055685507,-0.01062434767741742,0.008228237955537227,0.009586087780571845,0.002588320008459113,0.006672994045224081,-0.03290184263961112,0.009343488263903374,0.021897350845948876,-0.026992425691939447,-0.002884639019486156,0.008003996526062368,0.0010568403362715714,-0.03444076168532426
203,0.1459156119717077,-0.0008403876416852129,0.004031365333115475,0.13783220346648428,0.08965740804211988,-0.0495322354700225,-0.06601515227982684,-0.0019195887229326576,-0.010870273971988918,0.0059934712263732546,-0.005272782155659478,-0.006027294905320559,-0.006935691646169186,0.007757369630776948,-0.01885288924787801,0.008098259392150831,0.0009803917098601415,-0.01815040091650922,0.0014996050599158709,-0.015473499331258155
204,0.09826703898469587,-0.0028061169805035043,0.0046093434349261855,0.257474085059076,0.07543928615010069,-0.05596625368722439,-0.07897932327759274,-0.002619707680827301,-0.002373863748393765,0.008493086140519916,-0.0007238689940898015,-0.010886372577388323,-0.02712379975849845,0.013153549774292521,-0.0053624881232092435,0.022704762057703227,0.0009182804704358145,0.009895574652220733,0.00577731412076368,-0.021756340778973888
205,0.11937410212674215,-0.001558555719337508,-0.00433315771281536,0.20633563386739065,0.05027472789353613,-0.05340530913812569,-0.07124465703986314,-0.008858499367609926,-0.004553900162780677,0.009158028178507863,-0.004139561254685062,7.933013469212516e-05,-0.013823174439594445,0.007738159217011237,0.0005134207831742124,-0.017855506406968737,-0.003298938072171816,-0.004958723851260811,0.0016785377181542864,-0.030306546581499623
206,0.0963014845856558,-0.003919510004888833,-0.004134812205743149,0.10034463141728171,-0.04023527845297739,-0.05618132887719968,-0.08778092137999484,-0.008108547195672238,-0.018644975558883278,0.013687079268618603,0.0038756438966606075,0.0054135368910216515,-0.01103273248400803,-0.0016236646022483867,-0.004592784978902565,-0.005154790586806017,-0.00035053204666877466,-0.02211798964433241,-0.0034430342960898247,-0.03391169982609444
207,0.12407544180707393,0.0015758222054827165,-0.0046702287241469995,0.0022096184052621897,0.017683595823355925,-0.05277226310945377,-0.038913964540265744,-0.009251248465986031,-0.029963188050843102,0.010880287894736768,-0.004616440251134811,-0.00782894243039373,-0.006682193005383767,0.0031371475442195,0.009708752072242274,0.00660597220838107,-0.002267459005657707,-0.02161336554851906,-0.0030951575208190392,-0.03649929213977352
208,0.17615494119735614,-0.0035928536849783557,-0.00495725818349219,0.22928340282816603,0.03680576904153993,-0.044233313840565766,-0.10865554168032339,-0.011083811578515047,0.007835470583496663,0.008940258655232089,0.0023745518867614155,0.006283692696689196,-0.029258887446120388,0.009958258174949674,0.018052882395447535,-0.023353945873806042,-0.0030303277364257105,0.0011775978017380601,0.0010805224353942718,-0.03353365997009344
209,0.1992263771794703,-0.0008438492695960219,0.004095978262291494,0.21817671783687242,0.10059475583323756,-0.03955559593331789,-0.070201006397494,-0.0006470095791273332,0.009496128991846296,0.002955090214298432,-0.005268779857512541,-0.006068007259183228,-0.01003101433918343,0.008184577066695611,-0.01743994419901391,0.016156995008439094,0.001327608374956264,-0.0018999909823682463,0.00632802310433154,-0.009926984740734602
210,0.21089582408938873,-8.223547772950755e-05,-0.0053346345506852565,0.0871356177292091,0.0834591239904549,-0.03698037132552396,-0.05786187155214948,-0.012646496803968357,-0.016370892635643324,0.004035265472993782,-0.005808618920150295,-0.0034068496306524183,-0.004026410884467989,0.004999609240889474,0.029742800792510675,-0.004675153432725046,-0.005023569386179462,-0.02296802358483603,-0.001060813369562428,-0.018341351482292583
211,0.19684722592197643,0.003503494682195821,-0.0029408156538251315,0.19778488095833907,0.06261978683602072,-0.04006337750622612,0.0007568336870507303,-0.009267500302731047,0.00508526174162118,0.006354885670938416,0.0008483854152296485,-0.009781486847616505,0.015129071489091376,-0.004224377681568343,-0.03056146485775113,-0.011729673486523949,-0.003050962333843861,-0.007024831095271159,0.002369224369931939,-0.02652240062766179
212,0.18275593865221676,0.002059792057748589,-0.004325591406027537,0.06460563864855308,0.050514218625943554,-0.0429510830068129,-0.02489120810030243,-0.010571221461865694,-0.021410531935093298,0.007721984968202223,-0.0036567201796937642,-0.008744419101752011,-0.002979304060408032,0.00031751278771960427,0.0003144924447242055,-0.0011827030310510415,-0.003303971918214622,-0.023758993677659147,-0.002254175186383528,-0.03024065264810131
213,0.18227396362662082,0.0023636864794108225,-0.0051697441171742325,0.2669667426168771,-0.00022800957859829294,-0.04304622796036088,-0.020368045962173648,-0.011512939947006053,0.015794852589646323,0.011824781246036429,-0.0029128081342063975,-0.010485121903288222,0.01476136722955702,0.004058734820493916,0.024534499523700085,-0.029548072338722888,-0.0016384304156444047,0.01312389904035022,-0.0022670488904727357,-0.037557175432065035
214,0.17524009176919983,-0.001975823147219074,0.0041501460753722305,0.17822476871889137,0.10405053570604267,-0.044407472547278504,-0.08482775000874997,-0.0011339527720757342,-0.0013614254370970615,0.003732440709632428,-0.0032015670205982174,-0.008444522406423445,-0.013978885560174539,0.012984268842902661,-0.016236951887958387,0.012390480776739552,0.0014654944585892663,-0.011301173343780592,0.004389271620063572,-0.008045527371589775
215,0.1825473415672881,0.0005778038221353755,-0.005057996474611667,0.2976407484870609,0.03955537374443606,-0.04299229083999455,-0.04737076494831658,-0.011395144621164473,0.021499198411348272,0.008611680981616405,-0.005722749275705562,-0.005304840953109799,0.00044298997811327014,0.003549731202547757,0.021093480709727885,-0.03311713063540004,-0.0031647105966175104,0.02456391484566297,0.002845809011516712,-0.032951289758899514
216,0.10553863373183606,-0.0003933823028023943,0.005152094475195525,0.2959699025568829,0.05473849698955824,-0.055135910732155125,-0.05884336878080293,-0.0020648551154148313,0.003282265927699448,0.00925193227218432,-0.005670783317916243,-0.005444967735483269,-0.00876124090177921,0.005445903213909205,0.009050831467971815,0.03036938082758378,0.0004912565434306886,0.023901110411686462,0.004731882148911021,-0.02902948321234473
217,0.1565580198488693,0.0009871508114122427,-0.002903834016486332,0.179199192030987,0.03187334004120763,-0.04777498496095503,-0.04291904410704803,-0.008469355735654528,-0.003433244248565323,0.009611034953484608,-0.005411180990597731,-0.00548777334653255,0.0004012922759849076,0.0031340800374277094,-0.031235185548118823,-0.010088946297114458,-0.0023314938711502518,-0.011102959045345428,-0.0002786662426668145,-0.034480105198866594
218,0.14604525194274648,-0.0035334816761091975,-0.00449458651109044,0.2258114076843188,0.00936700929042065,-0.04951153306163264,-0.0990324683261426,-0.009730775574632007,0.0022489774949985097,0.011235010201415216,0.0021152427001160804,0.0052150490931965115,-0.028354296846346626,0.00597461973870232,0.004835868141058856,-0.020855990981968817,-0.001956029689976576,0.00019383986335289144,-0.0014572481484416595,-0.03719739381162045
219,0.19157180031673085,-0.00037552023538755044,-0.005286927781362245,0.2523812482491889,0.07130325131996551,-0.041168467210832706,-0.062177536352739565,-0.011950506662608445,0.014884996247106583,0.005765952187557069,-0.00568178737627236,-0.0025477118963325024,-0.00771777097972893,0.005734751525386429,0.028219874963303145,-0.02811451297623686,-0.004506762601982462,0.008224354144635721,0.005139423848091061,-0.02338717098242042
220,0.1708200763764082,0.0003483271499191979,0.00391508214158693,0.2599917733117844,0.09539230882208861,-0.04523673418558477,-0.05104242809646623,-0.0014859012734673726,0.012245317582910665,0.004587943374169318,-0.005810907254745993,-0.0036495644302114087,-0.002050410826631588,0.0034692817144975287,-0.021335401435856875,0.01932534594771694,0.0010546714189546517,0.010737436407305682,0.008031204431997322,-0.012642596345625584
221,0.1758693779493322,0.001180566512187411,0.00406782273362239,0.24854926575154643,0.08104731006787252,-0.04428776890141256,-0.03879228588509289,-0.0012094177519331036,0.011211198463348289,0.005496914703245748,-0.005195170307125159,-0.0019424574963669643,0.004174398850791569,0.0008936343281890644,-0.018058589686540123,0.01901097324101858,0.0007671216316565298,0.006994870053070937,0.005982679782523625,-0.019403415844187262
222,0.1989696645148961,0.0012223266545289017,-0.0049269898890009645,0.013076727340533023,0.06658160179850385,-0.03961066727375676,-0.03619728080166789,-0.011750501628324559,-0.03155493535212509,0.005948963172695039,-0.005142736422772521,-0.007050974340440982,-0.005499262581507476,0.0013650153571157313,0.01715066666242198,0.005506061689372984,-0.0041372848175249685,-0.022445277770194505,-0.00403923953365992,-0.025140462575681387
223,0.18696183373778036,0.0010849009535751836,-0.005026883614461874,0.14173181016398056,0.02138159006392931,-0.042110635569601144,-0.039358518022431246,-0.01149792732495913,-0.006839238775812752,0.010034541521341443,-0.005307529743349022,-0.0067224856567808244,-0.0005099347121908866,0.0033877595075952694,0.020148181836990305,-0.01181019161195574,-0.0024611683661195285,-0.017605608488847593,-0.0014374705370657,-0.03607367412726528
224,0.19691911030443665,-0.00020300441720827429,-0.0052183911119478696,0.1525945857166122,0.065293410913744,-0.04004812085042147,-0.05958534693210819,-0.01204246744019665,-0.0038515855891081635,0.006120763757634175,-0.005768686484753668,-0.0030687789867150325,-0.005052859911161599,0.0051624859004783695,0.026054860903802376,-0.013763454600616117,-0.004232258244243714,-0.015956807847607467,0.0009599899788865063,-0.025598732620420086
225,0.16359163964271128,0.0048104688517281525,-0.005456352068899964,0.15379752685186227,0.05046566658951959,-0.04654943789930438,0.009726710776461998,-0.01120547236424748,-0.006802201434372177,0.008155806771119486,0.007048247936438731,-0.018259422791853528,0.01441823867231601,-0.005326846671266879,0.03368750890542699,-0.014538833948056518,-0.003736905242157561,-0.015762343014094144,0.0002301898957994231,-0.03025403538529035
226,0.17556123282665737,0.004549294960553447,-0.005115639499902095,0.22301433973981366,0.04643973767795409,-0.044346435749981115,0.010344853071180996,-0.011238335772282672,0.00662327839945721,0.008200552501746223,0.005648148089446244,-0.016665790320519493,0.025346770790841095,-0.004104115611271479,0.02285952111684465,-0.023201108230221954,-0.003449640968054278,-0.0005843348135654831,0.001802461961318478,-0.03132119641436371
227,0.23001452669101188,0.0022050465370159577,-0.005044568442387601,0.13701763170674233,0.04362259601938625,-0.03245741471290185,-0.014950623408125575,-0.012869015693448484,-0.004303608833492619,0.007355581948358491,-0.003314745094211361,-0.00988953827605817,0.002934181333479038,0.0005696784861329214,0.020684816862593346,-0.011209275814532871,-0.003316454087969145,-0.018261057928836772,-0.0005336270886509005,-0.032017954853772644
228,0.239827026342443,0.0002774216386571804,0.004760072286480487,0.19662074137544855,0.11595758305953836,-0.029989519006423618,-0.051286172789631025,0.001254583257723278,0.010739213057452582,-0.00042727241049058594,-0.005825578761960082,-0.0037248765546742417,-0.0029672144518209753,0.0036268158273832494,-0.0015292524269907245,0.016454215036997247,0.002324520391640595,-0.007296866095540842,0.006306441446313439,-0.0010885594469573958
229,0.22484189985267455,0.0048226772451831846,0.004147305353941906,0.155095338013343,0.09945689486009729,-0.033718349461937476,0.032619807205206165,7.020601905480068e-06,-0.0006499431957589039,0.001950500018937782,0.00711566410757233,0.00565152892817194,0.014703512902458629,-0.014223066783391603,-0.016300458703531785,0.010070871911215133,0.0013338884193154817,-0.015549885912517878,0.002852580539899636,-0.010532926086992916
230,0.24099330184850895,0.0047603464038002115,-0.005179314141335535,0.14038191166558053,0.07026307014923884,-0.029689585558010264,0.03738003724773707,-0.013412690493602466,-0.0026217064195970404,0.004332161281047962,0.006773309491662884,-0.017425480796938505,0.01179774183528404,-0.008761079062152946,0.02483251795944592,-0.011963489599553118,-0.004408316665567588,-0.017797011776641454,0.000748833980948242,-0.02378335126993641
231,0.23256781222958753,0.00019365203684380765,-0.005457114891994504,0.05463418349903145,0.07763724498741865,-0.03182481668456177,-0.052967297458182176,-0.013538604680261265,-0.023238392931089685,0.0038403245110736972,-0.0058352661842794,-0.004230936761644931,-0.0037446962206738508,0.004093949496686401,0.03371249907253017,-1.7999774569221078e-05,-0.004859417685996699,-0.023843866875590924,-0.0025291456372230894,-0.02085359113508662
232,0.2154467533565361,-0.00025765071048851633,0.004423649083537612,0.1661101817019645,0.09073207837353107,-0.03593796662810319,-0.061055159344421885,0.00015717108489194425,0.0008165911604224966,0.0031813990106922723,-0.0057449610970311885,-0.004937792689379434,-0.005471610861643345,0.005694561892238132,-0.00990571171770579,0.0119629184870691,0.0012747766785458187,-0.013635730968363662,0.0029314054137735716,-0.014955998951279798
233,0.2182479636802077,-0.0011724669179291889,0.004855856070139719,0.09329633647223615,0.07921706444304978,-0.03528571044607684,-0.07758613292816915,0.0008072959786272651,-0.01479309845848599,0.004174442640696221,-0.0048244404329959995,-0.0072700581339582735,-0.005737166086269373,0.008413632709484005,0.0009743993269123639,0.004603825963159616,0.00118333552605304,-0.022607098080170984,-0.0008690881241151669,-0.020189249461454197
234,0.23663423665903524,0.0010655194084369082,0.004120775189421956,0.09051206137210699,0.11167702432217606,-0.030803431627686437,-0.03600836736391294,0.0002404633720695845,-0.014762585771638075,0.00017608618234693686,-0.005328977632883408,-0.002149922152227474,-0.002435161726686013,0.00016729768023199696,-0.01689132820687221,0.0035945594703686704,0.0016562151069148602,-0.022777907514713206,-0.0003743067331906743,-0.003674223945009058
235,0.24143907685820656,0.0008175772776631222,-0.005336905548726081,0.12503838902149106,0.07240382435961715,-0.029574573776357475,-0.04056725223440067,-0.013660493374462271,-0.0062801930579159185,0.004092319722061887,-0.0055642420471716724,-0.006083520145243642,-0.001866858979147544,0.0022951700932257687,0.02981562266517983,-0.01011117013489591,-0.004577999706196328,-0.01976298798081237,0.00024140101433599618,-0.022961879693504626
236,0.23823314064747494,0.0014969773501138715,-0.005419778855230157,0.210866453168634,0.06537480393187374,-0.030397151082076416,-0.02745276227706739,-0.013675569183315616,0.01390800414154385,0.0049268527702132185,-0.00474660548530385,-0.008164693188136106,0.004573261899282215,0.0006934099691080234,0.032493284075120164,-0.02274887580076516,-0.004334589514477083,-0.003815447236262315,0.0030430117132647367,-0.025570031992136966
237,0.23173658462899216,0.004275026517546024,0.0037458305183622246,0.06166361157197929,0.10892197080022059,-0.03203149916735249,0.0247492991121037,-0.00040564706261729007,-0.021611241030180965,0.0006922486274086985,0.004264509064951264,0.003632174762346825,-0.0025728067086166185,-0.013575175784329069,-0.024810078153041225,0.000662610909715022,0.0012764970338225345,-0.02380095809716282,-0.0021143342737815233,-0.005288148791103573
238,0.2357094253950902,0.0035244012668475032,-0.0054008308616526465,0.2527630867909007,0.05446994529393167,-0.031037220933925594,0.011521001683468708,-0.013563363076461674,0.023387262220556357,0.006124787879279886,0.0009316934968759988,-0.014251535257374924,0.02252919208654137,-0.0032103194895698856,0.03187759362906328,-0.02874824719320516,-0.0038793202674754744,0.008348182933746087,0.003403533552689912,-0.02910923591116982
239,0.23180442881352106,0.003536165971843575,0.004398774435201183,0.22088265007295801,0.10942114729145151,-0.03201465662751036,0.010697678228190146,0.0005258007452359785,0.015259098586177156,0.0006383577479180746,0.0009788000378295558,0.0034395554688025063,0.018382631563314523,-0.010454342808675915,-0.010499270996917436,0.017716615272237533,0.0018184813395972722,-0.0011687965214891623,0.007244944910566399,-0.004998648465667166
240,0.23922175490855938,0.002297175885104695,0.0032382646045682594,0.22237595585643805,0.09923698990169304,-0.030144624440137168,-0.011634051713699137,-0.0009960635193837746,0.016804327385478865,0.0013534881978602656,-0.0030849380671052733,-0.0006285720040952778,0.010441921308313193,-0.004237135386227162,-0.034244645456000124,0.012875883959528395,0.0006576592784167995,-0.0007601455044948181,0.00643580331177106,-0.010649257141905977
241,0.23459933760140744,0.0027385877018169884,0.003748824263000857,0.20747952506356293,0.10131644955441899,-0.03131668160177383,-0.0039189029712074505,-0.00034211020975121327,0.01256724754908714,0.0013387333959726962,-0.0018449088738685415,0.0007796911056088122,0.011826193098366097,-0.006184579194810234,-0.02475004561525629,0.013739533251397651,0.0010865708069044827,-0.004673252313826235,0.00580677317043995,-0.009539183731509858
242,0.25129276952434665,0.005644745714720571,0.003860287809566046,0.19453057281826477,0.11046054965948594,-0.026979897352561278,0.059361805998944465,0.0001751617482786335,0.011785751337732867,-0.00039804803037319573,0.012059926913675308,0.0065143239957762954,0.026434965081928736,-0.01980969576473974,-0.022478303141914274,0.0129788880540678,0.0014090303859235463,-0.007779728541086578,0.0057725826375665855,-0.004391694306022618
243,0.23952695420730807,-0.000512974349004776,0.004299074367505488,0.15754592613466264,0.09694872659527333,-0.030066462056111933,-0.0668283985755953,0.0005688507772609085,0.0013591683267883624,0.00158020547098434,-0.0055874075635707135,-0.005461483408773663,-0.00636909381371493,0.006772469203563023,-0.012842682500400564,0.010717137612405937,0.0013725811197609751,-0.015141197712843835,0.0028481704182616928,-0.011844880353352611
244,0.23655603330947733,0.002833582878424041,0.004393685148819222,0.2031636393200819,0.11044058360081059,-0.030823235355627986,-0.0016706194771179729,0.0006350806938198643,0.011836433898726807,0.0003079104770908941,-0.001547976356661428,0.0018818067947132843,0.011939785076091045,-0.00751706083585925,-0.010620274127453151,0.01581281160499732,0.0018448918875360557,-0.005739130035512029,0.0062831001875339985,-0.004403406170312759
245,0.2293181946811805,0.003401082092105963,0.003695599593953974,0.19877814974289634,0.11085350884839847,-0.032628768882847305,0.00748200503870435,-0.0005264860175968074,0.009794873453545445,0.0006120585920326557,0.0004477466014117332,0.001920039992908831,0.01468158812140484,-0.010049843311844291,-0.025809671386359263,0.012762138957317442,0.0012840586242896862,-0.006790971498247331,0.006054274893727275,-0.004160768146630056
246,0.23704642606661488,0.003779581807706152,0.004274008601708249,0.21937732000090618,0.1109436071470488,-0.030698947023270962,0.016846247113817235,0.00047292630537329965,0.015743044145405637,0.00023229282177689915,0.0019901043492543246,0.0037348674765777913,0.019753036091732172,-0.011723095200199348,-0.01342287127650807,0.017028624007399903,0.00176161456163505,-0.0015770443067418616,0.007288162903997193,-0.004107708182147677
247,0.2400730973821225,0.0017604548809891291,0.0038493466072343644,0.2003380326713312,0.11550272568448318,-0.029926353291306662,-0.02206340038201139,-8.066998749917593e-05,0.011663297501694186,-0.0003918153696381683,-0.004282923567449044,-0.0009536340265801754,0.005517195176370657,-0.0031436335144575454,-0.022704451591913977,0.013475337931440696,0.0015312598386731512,-0.00642044679537883,0.00650284668661679,-0.0013678274453889914
248,0.23516087101572417,0.0021345310380039995,0.004313340373109299,0.1671164460351834,0.12100158587891471,-0.031175476546437177,-0.01546990068655551,0.00048482649276200464,0.0031728080099832014,-0.0007129637961239493,-0.003483870870521082,0.000255650029341542,0.005057304578005745,-0.005276424370689794,-0.012510862296489945,0.011751709802196935,0.0020893716137087557,-0.013450964311640112,0.004769402075588572,0.0020802174608156323
249,0.23592316364666194,0.003319762583647992,0.004631488678203677,0.16074350288237182,0.0924595380525157,-0.03098326703977502,0.007613613553249042,0.0009640846241309977,0.0017544846742355896,0.002195489405364894,0.00013844065844124354,0.00335615343421616,0.009488466219632638,-0.0074308018236883275,-0.0048074745558349865,0.011955576847016274,0.0014699009394658318,-0.014593154308685187,0.0027649029512818125,-0.014111600760705995
250,0.2379244905424407,0.0021701208354360214,0.004060464910343241,0.1854691184142065,0.10607247874559221,-0.03047578444030507,-0.014337660079171899,0.00018192940591666337,0.00783068164744071,0.0006974540022628526,-0.0033992450765484425,5.900299161328263e-05,0.006673203174497661,-0.004273735038243416,-0.01821950930030224,0.01281325129675348,0.0014519624861381033,-0.00979038090827274,0.004933565514940055,-0.006915986281095056
251,0.22443963489924237,0.008033136558697904,0.004577566699511179,0.03918080393799632,0.08193785911567854,-0.033815252344692806,0.09175099473058372,0.000591834579398654,-0.026708992528035734,0.0036925309402054173,0.030949438222025415,0.014114731816397807,-0.008451014878351596,-0.02154794246217756,-0.0061539743528200245,-0.0016769499505337468,0.0011036336156025406,-0.023653891445360845,-0.0032141660526542283,-0.019014767259289286
252,0.24001287488856357,0.0021409786877915338,0.004205858802256127,0.17723580928383814,0.11795118120278741,-0.02994181800593131,-0.014575535314306368,0.0004431889716546526,0.006122549495380265,-0.0006459524468406055,-0.003468650458634288,0.0001549760286910479,0.005878672057817022,-0.005071045039680974,-0.014982085935068357,0.012467120910140362,0.0019059992453906997,-0.011500755644693933,0.005229125575215639,0.00014810344763885094
253,0.23490612190482027,0.0025512065894719516,0.0037551182735258066,0.09458418317869158,0.11220564112816975,-0.031239576941997596,-0.00747098103284841,-0.0003266774718582166,-0.013867508103280695,0.00020513954184888715,-0.0023993950570278914,0.00043908932614638874,4.6594680394011885e-05,-0.006447369413527474,-0.024623666260534485,0.00362187686593555,0.00136718656507969,-0.02252380001688365,-0.00011903626618307453,-0.003360056560493867
254,0.24415715757211034,0.0023921198972282993,0.0031789686215766585,0.22694055193354223,0.12638008820047972,-0.028868859077079027,-0.00888855055229521,-0.0009975960757650452,0.01871370961716112,-0.0017569796913455094,-0.002837629224478299,-0.0005488504729910644,0.011468146528401987,-0.006976227165849926,-0.035250396856406914,0.012963054610002356,0.0011885136235705747,0.0005116077796557179,0.009135110591405189,0.005604490966516693
255,0.24523374647175702,0.00446794189724927,0.00417740552623988,0.170242799116238,0.1385714351287715,-0.028587227973931876,0.03305177225550744,0.0005226276693297661,0.0050301306165602844,-0.0031228743131120314,0.005228474245190363,0.004985561105998019,0.015872238428449557,-0.019369456190545257,-0.015625188939944603,0.011673498792847039,0.0024665842924001926,-0.012866342126842133,0.006039182644377949,0.014148307011614797
256,0.23390426157984429,0.004859564327204747,0.003439867704585166,0.1700005933735224,0.10488458356655739,-0.03149101689548578,0.036691097528346435,-0.0008004173769486923,0.0037101657698016205,0.0010037201536415691,0.007320427523885952,0.003950010775208414,0.0176016207587554,-0.015359215714606349,-0.030674242226776664,0.009462581837059248,0.0009364619093559836,-0.012912205775470677,0.003979640544761181,-0.007582162717645927
257,0.2333278399170849,0.0044652971233841605,0.0050459198812238355,0.06018006571714511,0.1281670537196489,-0.03163521363145334,0.028917947808739373,0.0014908305202750273,-0.02194585830000595,-0.001349557861509142,0.005214961814116352,0.006980593375614899,-0.0027700123396352575,-0.01761474225396303,0.006098267102715435,0.0007217954736514368,0.002993116676550871,-0.023816746501709483,-0.0021429996484788588,0.006808604884960056
258,0.23008793490716317,0.0029481038866208138,0.0029739893230152463,0.16442561561615393,0.13596183457153585,-0.03243932117050825,-0.0008858221045557041,-0.0015313072985512063,0.0020037172132365572,-0.0019565412513736116,-0.00117585200596083,1.048898960768759e-05,0.008347644676383475,-0.010789926360107999,-0.038571746072267175,0.007692270722710337,0.0011858000264364156,-0.013941335721692203,0.005457860702396385,0.012254637334673617
259,0.22763803531041468,0.0038703430036094518,0.0038478502287289007,0.13850259496256784,0.10627676144754729,-0.033040163463068484,0.015831419678171595,-0.00034763736370859116,-0.0041546866917904005,0.0011493342622722936,0.0023850818201776006,0.003082454758713559,0.008530966240096652,-0.011448319419292492,-0.022735327491610356,0.007767445370988143,0.0012900488801873208,-0.01805851571927024,0.0022647936630057295,-0.006800686278971952
260,0.21736176647884517,0.001348303281264541,0.004391994535317393,0.20421562883405991,0.08789308830985339,-0.03549293563304837,-0.03236169809311487,0.0001620941445445005,0.009316620112845075,0.003376885829147791,-0.004972091424862046,-0.0013929436159046357,0.003348560680607531,3.061712975530411e-05,-0.010660437354677896,0.015918055820531754,0.0011683865138436224,-0.005482133919392028,0.004574469790280542,-0.016310107941332103
261,0.21587723420864394,0.007154720217626739,0.0036785136725855164,0.1975546333557638,0.10830090575111234,-0.03583825679110136,0.07077282622889798,-0.0008232721700637004,0.0076621945526993245,0.0014983535757192793,0.023219452394793068,0.008734834502392689,0.03553979966198734,-0.025825672695858413,-0.026146380655799554,0.012591358586863145,0.0012067725240016724,-0.007078811085564932,0.005789867663947421,-0.0056465350610107636
262,0.21773215003912366,0.005187055493776432,0.003945234117003488,0.16923997820921372,0.09066787789000062,-0.0354064250753475,0.036516388380470735,-0.00042795330816556724,0.0017447032450891708,0.0030974146498137962,0.00920877577359425,0.005863779706345861,0.018931887292350815,-0.013945926317735877,-0.020699142343398758,0.010888769527226502,0.0009498648947373162,-0.013055610345049456,0.0030808089132287136,-0.014987082481465122
263,0.22673100672238472,0.003131065020694158,0.004197878921246138,0.21030270439617607,0.11098339265158906,-0.03326104225964735,0.0017785168997556907,0.00012110971642397087,0.012047701619148149,0.0007231509864446322,-0.00054922106207034,0.0022255032243131043,0.014506345200498176,-0.00888024047359329,-0.015162916505906576,0.015788199379959997,0.0017001898135614267,-0.003959529893362477,0.0067508508520620425,-0.004084264624073166
264,0.22969957070012972,0.0023176961503967816,-0.005191480772294821,0.14557834951257348,0.05142631691065299,-0.032534981438635396,-0.012875216494439222,-0.013066563873411641,-0.0023636248289323806,0.006576157139943899,-0.003032388352171312,-0.010377615458722908,0.00402809537011874,-0.0002893800291413964,0.025212155608991572,-0.012715944840632766,-0.0036729477520042867,-0.01704384794072494,4.714637616839546e-05,-0.029986972645942335
265,0.2156127382917802,-0.00018718866898781273,0.002956884724007934,0.15194892539191673,0.09553808414682277,-0.035899543139785,-0.05980854467011469,-0.0017873198721077108,-0.00222407714609936,0.002719631849078513,-0.00577489548904119,-0.004527849734719139,-0.00498392826134392,0.005500544074338044,-0.03883799938497852,0.006778572680658046,0.0003779046857424456,-0.016060207189992695,0.002483695702125424,-0.012568414841611754
266,0.22306031214075736,0.0022893165509150926,0.003931157330484788,0.15117440596420167,0.08986882363610993,-0.034146253398792986,-0.014542466719515758,-0.00033075702873409674,-0.0016975808042236922,0.0029656457977080544,-0.003104933176697428,0.0001524869040860461,0.004397879701692728,-0.003427088639266663,-0.020996836223433676,0.00914275209936833,0.0009190999013521185,-0.01618334259574986,0.002156191559182469,-0.015372166782857912
267,0.21333420394758362,0.006662426732209965,0.004175309144622919,0.22940583640052853,0.07340413420485559,-0.03642451154008093,0.060702464270102466,-0.00022157989809674822,0.014121023296954362,0.004889326127632266,0.019285503031292252,0.00956246440377466,0.040912328786771646,-0.014914122201694992,-0.015672387768031787,0.017620046455604,0.0006153311210983984,0.0012126483452909926,0.004441127382209116,-0.02256988361824526
268,0.22060704732553496,0.0016282210474608417,0.0043382242739597714,0.1353855367524278,0.0736258009793678,-0.03473011914170961,-0.026966858718656835,0.00016862544063525305,-0.005412079205628992,0.004634275678821065,-0.004525876749910938,-0.0008188985076596825,0.0009755053112906337,-0.00012706551223751327,-0.011929280143913331,0.008498393677416293,0.0007115206522388691,-0.01847950527843067,0.000700547697031883,-0.02248231566665375
269,0.22176069226314485,-0.0011113681097327124,0.004371631117759891,0.16284965675554877,0.09386546435314974,-0.034456330821397076,-0.07683535794209354,0.00024213587361040882,0.0007720566741989446,0.00262748751820698,-0.004916700129035741,-0.006798483323487327,-0.00904182986659651,0.008927357165867306,-0.011142914450709349,0.011469413484249588,0.0013329945520843605,-0.014223032765133906,0.0029498859067408068,-0.01341294822696962
270,0.23127356911292882,0.002291716585633209,0.003971043101124611,0.1829003363397169,0.10052771704987509,-0.03214631740907263,-0.013097219436759356,-9.514401565954142e-05,0.0063979829767965325,0.0015646696168207742,-0.0030988349258688555,0.00020291677964575223,0.007080034570565187,-0.004323096989456906,-0.020150384243159576,0.012267665505371722,0.0012324912212037559,-0.010335922660906055,0.004413560010127412,-0.009962870822891894
271,0.23870708785984848,0.0012049896597768723,0.0040346166683744005,0.2037654544799408,0.1007195949952625,-0.03027621429870537,-0.033123151047576474,0.00016170305307607,0.012287844288464526,0.001220743155920455,-0.005164754550393767,-0.0019117287854218863,0.002490100632795852,3.025361083897324e-06,-0.01878236196055831,0.014501251018835887,0.0012851926815321665,-0.0055923311022995,0.005557539386305468,-0.009860095813371139
272,0.23087769832987778,0.0019194471620765498,0.003946837940470977,0.24914520259193268,0.09411866234703348,-0.0322443096537352,-0.0202284394889354,-0.00013820621489531274,0.021630028714938077,0.0022302885939637063,-0.003963484205451392,-0.0005568058692562571,0.009826208104102256,-0.002397043307940041,-0.020665152760623404,0.01846501076313252,0.0010431601498896539,0.007184497154210249,0.007343488207989139,-0.013286036272350409
273,0.22307192473141618,0.00228233381308075,0.004740143062670139,0.20089385350953276,0.12110404723861165,-0.034143474881445764,-0.01466866621407848,0.0007799670804500596,0.0093988641556613,-9.176481992711623e-05,-0.00312263696149453,0.0010623146980178466,0.008542326636185925,-0.0059913346697062385,-0.0020435578684358073,0.01687337808789417,0.002474477691399943,-0.006287458358329702,0.006967490914567569,0.0021459537223007556
274,0.21903660040851355,0.0004005137240437514,0.004142982570931955,0.18258707514816824,0.08242074348440692,-0.035100616697551656,-0.049296277283522545,-0.0001327093590293158,0.00481558235104913,0.0038390959133154127,-0.005796318389999843,-0.0035159379190789846,-0.002426930765759846,0.0034033461219196964,-0.016397009461739852,0.01280303519977563,0.0008512809384191348,-0.010401712313938015,0.003179728288192366,-0.018802309802689657
275,0.21194430534035036,0.003297829430346427,0.004461571983779991,0.1850013895125023,0.06468535495504242,-0.03674210883465057,0.0011872102178540872,0.00012021156891352766,0.004453317204263258,0.005746298415375688,5.635232736065179e-05,0.003019227630936476,0.012395695008112764,-0.003957767597777449,-0.008993962424766399,0.014111038716845832,0.0005073898510676175,-0.009890518385268665,0.002073075834247132,-0.02581205695214524
276,0.22850167947741967,0.007720511747720311,0.004022816933225655,0.1620713969540628,0.09143855853885714,-0.03282906028406494,0.08841786558764578,-8.345106980662856e-05,0.001298039565605407,0.0025958259994152567,0.028093991746166943,0.01115611933180873,0.028183374062492227,-0.023310180930542972,-0.019038029966009916,0.010424022848860183,0.0010232583777735468,-0.014360644658724855,0.002773501890269275,-0.014612535254937976
277,0.21717547366705472,0.00550291509312264,-0.005254068160787787,0.20422183401113125,0.011777238274756371,-0.03553639455246356,0.04194434150804793,-0.012746503581791573,0.009291102138400125,0.010643876510233102,0.011149967072053792,-0.01978580683085235,0.027691460488353168,0.0012740555039766942,0.02717850457510482,-0.021145386082432247,-0.0021181132322466876,-0.005480612650493797,-0.0014040893192182298,-0.03703198966390923
278,0.2186769051695995,0.003490930863155253,-0.005275508468805845,0.15298036085240452,0.051883360327423945,-0.03518511712962951,0.0063497036616217434,-0.012824339848964621,-0.001710541067970842,0.006784008191942734,0.000798569539209641,-0.013927144064201848,0.009182080909045928,-0.002801179244229484,0.02785727749002496,-0.013961987323108563,-0.0037240987948200877,-0.015894702244625306,0.00028069361265418394,-0.02985823354231339
279,0.2136637294131199,0.00119364345567315,0.0042045023165538185,0.21473155105335023,0.09327547176131498,-0.03634892122653147,-0.03544006392327807,-0.00017547866446448288,0.011034755603369514,0.0030128957222763145,-0.0051789722810330245,-0.0018390752522358974,0.0028767960480818654,0.0003522080421935031,-0.015012850777004594,0.016263613443184253,0.0011994358318675351,-0.0028135997104781706,0.005526233250990998,-0.013707383826471888
280,0.21039459319293424,0.0037612046138930056,0.0038010781894692205,0.1325992324458189,0.08425989971270731,-0.03709387278769129,0.008840052345966886,-0.0007754693682282636,-0.006795955018693599,0.003979407289447529,0.0019113134142495225,0.0027834047105476053,0.007335352623516681,-0.007905318051827809,-0.023693932974372202,0.007129261593349018,0.0006880672231467399,-0.01884236343524631,0.0010250257939087327,-0.01798205198481513
281,0.20899712445726337,0.004886152801739686,0.0042226305482589025,0.14755835328842015,0.09176108484873799,-0.037408953693768364,0.02783514146104571,-0.00026132180051449834,-0.00376558575821586,0.003341142699690506,0.007469018380271441,0.005973488310185732,0.013553614735225714,-0.013061181172141723,-0.014600833579091222,0.00949789288776141,0.0011685271620545108,-0.01674524169324172,0.002073161016061102,-0.014454874713200248
282,0.21111378042883486,0.0035839438327388857,0.00446192925560816,0.11012611365038312,0.07902733213534895,-0.036930935193631664,0.005960434434953349,9.997486562176668e-05,-0.011498173804276,0.004438697446662297,0.0011717839875828439,0.0036608373169473405,0.0037639987508718453,-0.0066128449701217795,-0.008985333592661168,0.0060280859722148805,0.0009442498573850176,-0.021304506552649236,-0.00015207864869423222,-0.020269719090976072
283,0.213343996279655,0.004502478492882732,0.00464213620772577,0.18778549095740812,0.10586003307306613,-0.036422266879191395,0.02272255317357223,0.00039255339635427635,0.005224512913900103,0.0018459016375711316,0.0054056831356139486,0.006137375352873666,0.019023650232521214,-0.014039530878658047,-0.0045396198694914285,0.015029285105821324,0.0019027145118241558,-0.009289184582918015,0.005050776088477389,-0.007035664016680399
284,0.19212004718957088,0.0032695711650117935,0.004678634603868511,0.10291623625623549,0.04799959807372172,-0.041054958821365825,-0.004223888858054851,-0.00011576408638295008,-0.013910978959237291,0.007724975153490256,-4.857180440115393e-05,0.0033177677621630325,0.0021958074195382263,-0.0018644026221483186,-0.003616510769070129,0.005519217063924874,7.892656599249706e-05,-0.02191929253070688,-0.0012499247153565595,-0.030917695519764008
285,0.20336128448717325,0.005083913527053481,0.004608288304830666,0.16053042372332166,0.07558854013798148,-0.038659181237752846,0.02903715248530602,9.053666438106083e-05,-0.0016223014303029203,0.005014027735780884,0.008600393788029622,0.007406675658398439,0.016783686180756263,-0.010691123742802507,-0.0053888620141090944,0.011868499154830695,0.0009223869015358254,-0.01463019504368068,0.0018155779297916914,-0.021695831780395716
286,0.20634823022544949,0.0036977576391616883,0.0044925428476753895,0.1413521939025721,0.06008144066981525,-0.03800065546854662,0.006598201099001548,2.0168191609111147e-05,-0.005288155806648615,0.006323499843401097,0.0016423524055726693,0.00397383483129308,0.008360184356634348,-0.004365238114985334,-0.008243233691317556,0.009467772553173893,0.00038127732753494943,-0.01765973601774153,0.0003218206170655188,-0.027365029233070284
287,0.1881919660014888,0.002430371438672067,0.005093262552547016,0.17042634264648437,0.08236028925829135,-0.0418613715522996,-0.018284802327775285,0.00026477449651862456,-0.0012959912909472208,0.0049522109968766674,-0.0027349856566513966,0.0018468256579901924,0.006658161811882699,-0.0032661551777528807,0.007406808529024555,0.014417163939497117,0.0014340023721831762,-0.0128315227057959,0.0026335268322986985,-0.01882897442006417
288,0.1860504554054287,0.001177035162946932,-0.005105800914330964,0.20885223681498075,0.010810348720909595,-0.042294302486984375,-0.03800576981446705,-0.01156045724123594,0.0056702821906392305,0.010913140490164563,-0.005199509877031124,-0.007025043297492138,0.0025336226856420437,0.0037268486618034728,0.022556741704746874,-0.021212094628557113,-0.002065151772537708,-0.004327849043089204,-0.0014473300645828245,-0.0371019619485996
289,0.19444600953801044,0.0045165098268456095,0.004321740106467608,0.252823690186375,0.09215639370078,-0.04056994366244456,0.01641556038963275,-0.00048419202106946295,0.015519347181441797,0.003887366524355526,0.005478080699831006,0.005423415420862322,0.03023610440494399,-0.01177913361074139,-0.012314942454515244,0.02072146029797669,0.0012478546358436237,0.008367858326166266,0.007326016563277945,-0.014260900083001505
290,0.1737792915593665,0.004870412141849424,0.004620277418091068,0.1373849805328413,0.054667573581078384,-0.04468377196752753,0.014363263179820835,-0.0006595754923709103,-0.00871115080606037,0.007603495267690671,0.007380950252542876,0.006941918206837177,0.011613032331564885,-0.0062185463938721885,-0.0050888076481257994,0.009308150843794992,0.000268206168648827,-0.018211289181301396,-4.421851547806954e-05,-0.02905058191934899
291,0.19318037084407508,0.0029736528029069655,-0.005325409056446588,0.19394217921087267,0.037271067622055044,-0.0408345503014002,-0.008692373731192643,-0.01204928754328953,0.0038321787739860297,0.008616874362656096,-0.0010907216783988829,-0.012480474610611633,0.011731769295448906,-0.00010901048777724575,0.029447280180925916,-0.019948746577564493,-0.0031542024023606375,-0.007914367220928364,0.0003831954373743555,-0.0334378650877952
292,0.15789170851534176,0.004075665020531132,-0.0053218151397536086,0.22645794168873792,0.011034833744146823,-0.04754652507798363,-0.002078037650395576,-0.010880018574546402,0.004307515017546685,0.011057518922692598,0.00331448188897982,-0.01574467649002302,0.02275397780219573,0.0021834940157857644,0.029332288289274654,-0.024585075985909657,-0.0020952530058434343,0.0003755345060397398,-0.0013027178431277184,-0.03708614845890504
293,0.1864514506606615,0.0012492516144508162,0.005305661395890223,0.17558689315633105,0.0637865542751964,-0.04221359693925228,-0.03685656133730831,0.00046036910108405044,-0.0005207128456617129,0.006545286940166684,-0.0051078382557089245,-0.0010705559282981865,0.0015234004368275388,0.001413052721401767,0.013435746529164277,0.01571802717295547,0.0008857349199897323,-0.011829964776210835,0.0016835149775677786,-0.026123871463907378
294,0.1891058779667072,-0.000668149585021092,-0.00550351150958969,0.18567943810024512,-0.0009472412133352371,-0.04167517246341032,-0.06666181451994524,-0.012123341345141035,0.0017111488418063779,0.011877838214808072,-0.005454064513766656,-0.0015920483576207492,-0.00788157343928092,0.0043214272571768944,0.035238734750885126,-0.019366191094031964,-0.0016143577895020476,-0.009745236243885246,-0.0024202515682342648,-0.037564908760459134
295,0.19046874506823855,0.0024893457603656043,-0.005310695390392992,0.23076211064107596,0.013896691749490559,-0.041395902313538104,-0.016941093281169384,-0.011942355818511186,0.010528866679260732,0.010628439404280847,-0.0025733514240247938,-0.011024210674693094,0.012475729632335796,0.0027630540691259086,0.02897696730397252,-0.02515020122838288,-0.0022093185493689297,0.001602566542441011,-0.0010071836670801791,-0.03686164660654658
296,0.1613233044474085,0.003097175069391452,0.005127293975424345,0.1549621096885057,0.03981691334632393,-0.046950254813619134,-0.014184348120585165,-0.0004712046206902502,-0.006828583416383982,0.008971230424394652,-0.0006682732764999202,0.003618398061373415,0.007893561415858326,-0.0005908593045018156,0.008355374895666243,0.012584861264170046,-4.519070213995293e-05,-0.015571822908367443,-0.00029876995219897245,-0.03289385324946708
297,0.06567803566212779,0.00025841488643701385,-0.0038025849600624414,0.12920439710872336,-0.07423781127544983,-0.05901709763604466,-0.05332725868195722,-0.007166492210739474,-0.017932012557052988,0.014269280916785997,-0.005828503135881336,-0.004321313030010126,-0.00339163004024238,0.0046024238101573245,-0.0126399221479834,-0.007765275404220519,0.0005565735453179088,-0.01926729898728562,-0.005345004067970883,-0.02428812542602235
298,0.08917068990482051,-0.001731664651916129,-0.005390949619555858,0.09916323234692345,-0.02255905525485602,-0.05692811588225812,-0.06852953792768211,-0.00865143259145453,-0.01907161030455484,0.012843379141627394,-0.0037753627643434314,0.0015542228057600143,-0.007016404655733943,0.0028305534856661874,0.031557332784674624,-0.0064634804666339925,-0.0007307117345769793,-0.022205643230157286,-0.0030050442154327434,-0.036545880800022884
299,0.10745261523656567,-0.002859995585109159,-0.005446516177602995,0.05949044750910155,-0.015353535723159081,-0.05490827879477399,-0.08161640190891596,-0.009300679555907384,-0.022721162876953666,0.012643549620277587,-0.0005349778423398063,0.005032107489123557,-0.0043397420339127525,0.002797594965341361,0.033365583128623644,-0.0007278360042084784,-0.0010197582134965225,-0.023822859311560616,-0.002571953286660999,-0.037154793756536526
300,0.08089606591537697,-0.0028668317338676644,0.005428522659730276,0.2927960040194848,0.0061618139876905825,-0.05772889656012111,-0.07536056323865527,-0.00263317788848834,-0.002722472749986294,0.011687156274086915,-0.0005107663018868573,-0.01233708462691042,-0.031756647526194524,0.00529253607177832,0.0170413368571796,0.031660683528832126,-0.0012126792409076798,0.022654645864881244,-0.0014354117046994853,-0.03737068366502304
301,0.08928955663711205,-0.0009249205285903107,-0.003933456282894234,0.20954011485802276,-0.026742912860384424,-0.0569160975277031,-0.062285636521693485,-0.007809491277150887,-0.008651793076699011,0.013017508841219685,-0.005171002095436722,-0.0016932454006265405,-0.010191372444921184,0.0032791716408476492,-0.009545587883960892,-0.016642089752812943,-0.0008138060385475459,-0.004153604515590958,-0.004496979944613921,-0.0360687590028522
302,0.059993124231590124,-0.0039202171682849165,-0.005398589085385383,0.1759282144260067,-0.058311384054787155,-0.059436988216436455,-0.07611879074306346,-0.007679366503169826,-0.015250575917721826,0.013635433031575918,0.0038790301485857126,0.008144602320316784,-0.023029862814097357,-0.004459555089796429,0.0318048863053203,-0.017599479788823674,0.0007318669772380983,-0.01176218457238622,-0.006083888333343706,-0.029542189216377225
303,0.09575653298375641,-0.0029690664445453227,0.006150899817389968,0.13859078187578897,-0.02034564585536438,-0.056240252501711954,-0.07974223645098566,-0.0017307393300240914,-0.014822193813865991,0.012801075370727982,-0.00014210231596243928,-0.013813164469332033,-0.01397268962645496,0.0021446960907702158,0.039992578728157036,0.01274782751886147,-0.0022975249977403886,-0.018046373903459548,-0.0033187255792518056,-0.03676157938844231
304,0.09020412429893422,-0.0006234493181781029,0.005942962886008649,0.19695918030474266,0.02636098628532478,-0.05682313975731667,-0.060000904385505316,-0.0020464993286039325,-0.009713365846194918,0.01080882433281904,-0.005495389764311996,-0.006365252257433834,-0.007987822651531383,0.005121655206711414,0.0330791432132588,0.020818135846163446,-0.0003484268736156822,-0.007218008689763962,-0.0003690658462579489,-0.03538853676851146
305,0.07077005762175771,-0.0035009097613804135,-0.005491115020250163,0.2107524677426727,-0.016160781115581002,-0.058612673547721476,-0.07694260885921306,-0.00808359472011814,-0.011324870482733226,0.012474048703856025,0.0019747510031578193,0.007062581157746924,-0.025992915194379268,0.0023696721867958784,0.03482973794346892,-0.02301834350817471,-0.000982124771085633,-0.00384462153124613,-0.003644831874487206,-0.03709996891507122
306,0.10567331465535285,-0.003340328064157924,-0.005316423660060461,0.1993671176345454,-0.02651543229026811,-0.05512001667087899,-0.08554532498074895,-0.009152499251793763,-0.007325259067220405,0.013173117573893623,0.0013004205003674407,0.0062483032450670085,-0.023462284751697284,0.001061614650740169,0.029159920092292672,-0.020691512269616925,-0.0005820616211481131,-0.00665153973193965,-0.004351231833538298,-0.036097034264034815
307,-0.030466503931635885,-0.0039048082622313305,-0.005239772462964011,0.15301729389397753,-0.09087608401314079,-0.06162929409552432,-0.04707533693093217,-0.004672385878299361,-0.025353353096248154,0.011210723769932079,0.0038053782801890394,0.007756556884209192,-0.01933425034410897,-0.009514119404262519,0.02672738662825928,-0.013876847096685322,0.0019617012276420005,-0.015888743651269376,-0.007098938898971339,-0.017394304980791732
308,0.047585425737065666,-0.003860002553497629,-0.00536373458097504,0.25365956564133113,-0.040484369418579434,-0.060237557324995944,-0.07186299194439474,-0.007252493362095153,-0.012488792589593062,0.012920103024199167,0.0035928068966831843,0.007889328209566938,-0.034897353467520556,-0.001575731989437131,0.030678162894131774,-0.028688665490163738,-6.399483458716375e-06,0.008639845376640315,-0.006489694690949344,-0.033863001620930526
309,0.05667791786982138,-0.0032476175594586226,-0.005105705054883707,0.15949395244326153,-0.03081308714647754,-0.05966645051916923,-0.07157020747941269,-0.007454993730494387,-0.016673077143762562,0.012798283158113695,0.0009249584632475602,0.005593840787617624,-0.017657365450105017,0.0005848106236530563,0.02255379439223218,-0.014427936456282276,-0.00045184725324631987,-0.014809310813698545,-0.004089277226861548,-0.03551748991482201
310,-0.04840246154677032,-0.00322408264552235,0.0029669418693106893,0.16043509897443567,-0.06319028041898146,-0.06106048064317052,-0.043473012468178335,-0.006017934964509734,-0.027339442266160262,0.011006613534806153,0.0008312603894435212,-0.008916966974297239,-0.017684386813999444,-0.003596166352607139,-0.03868165137037435,0.007394557135077351,-0.0027314436207346556,-0.01464674181807986,-0.0059030092305059415,-0.028072421313601995
311,0.05355533442202602,-0.003713951141811674,-0.005454383630989066,0.19445266926833388,-0.05151327289286559,-0.059872204414418366,-0.07303276270245754,-0.007484486125558204,-0.014893147390876042,0.01330542105498918,0.0029163451020302635,0.007638566243132266,-0.024840141094405074,-0.003003960690409935,0.03362303809112654,-0.02048503965679862,0.00047369092567071843,-0.0077975872992232615,-0.006125275387270253,-0.031384286956072455
312,0.08695226295858147,-0.0031996130038269713,-0.005373063919484175,0.14414732761041293,-0.03222171882915851,-0.057149739848745516,-0.07932280729651613,-0.008567155075255916,-0.015023896783811403,0.013215052307219076,0.0007345340977729718,0.005931814823730554,-0.015456958139394203,0.0004553589789515325,0.03097906435963865,-0.012934032760607096,-0.00034008101594125005,-0.017255667395855163,-0.003929011073490831,-0.03530669169463269
313,0.03823623650811782,-0.003944819006994338,-0.005421252760207732,0.00509637151290701,-0.03343045466522305,-0.06073579498766184,-0.06921849805654935,-0.006957523528249211,-0.02551786324304947,0.012630954777594895,0.003997203473436307,0.008267844434839234,0.004130295922601321,-0.0005867524849508131,0.03254126305990298,0.007191596356587389,-0.0002801682128501381,-0.021853207177273803,-0.0017424262564181346,-0.03511760400814726
314,0.028303503781535917,-0.003489592006024407,-0.00508661052414851,0.23505811932548346,-0.051315336489320885,-0.06116627603942349,-0.06467263468927957,-0.00655040819666773,-0.016850504009025952,0.012781448512600768,0.001926227505390726,0.006247074122789353,-0.029371881082372875,-0.0025525999683138193,0.021967761664141508,-0.024724966917912056,0.0003360854030062674,0.0028575054175298317,-0.007146668807684433,-0.03143433151028002
315,-0.055559961936120596,-0.003250532279584673,0.006664289241190603,0.04442846013235886,-0.05015211569778313,-0.06074078617142289,-0.04146935746892437,-0.007158756016935884,-0.022837747491819285,0.011081584026130905,0.0009366081474990118,-0.01562257199951536,-0.0024212410317803264,-0.0019507400214652626,0.05812407209961763,-0.0016295438048113064,-0.003745588640610526,-0.023762228101715983,-0.0022894137401975496,-0.03172432483545067
316,0.04190391477658576,-0.0039083615056101475,-0.005135512337890251,0.2772237708239866,-0.09480741980840095,-0.06055109239863001,-0.07025813801879152,-0.006995108389325766,-0.012430284000948592,0.013990392652627385,0.0038223373020617895,0.007542428461234147,-0.039003150791433766,-0.010140981356090739,0.023472795524990354,-0.03077901046554489,0.0020483959562793944,0.016777940533068657,-0.013303498229205036,-0.015555731681909485
317,0.05842080765413199,-0.002402748989152178,0.0057399130612804305,0.15570379077262492,0.00036411639737965674,-0.05954723070201588,-0.06754549747229259,-0.003198301041290343,-0.016741738780722385,0.011935229589739211,-0.002029187086640304,-0.01147962171825322,-0.01380858297383373,0.004565066535748349,0.0265676127093315,0.014269138639421586,-0.001422930903733626,-0.015449330537722537,-0.0023775428684678305,-0.037548795360962284
318,0.1786824143035753,0.006308234897134795,0.004434783366142506,0.17816562306799322,0.08942646564640556,-0.043747671311525224,0.037539794678980054,-0.0007386102307538644,-0.0009617778602378871,0.0047344799123363425,0.016632053517997878,0.009675164497748278,0.02612126168879353,-0.017694046770050785,-0.009638875002319731,0.013288026925626814,0.001242801471825158,-0.01131315455314884,0.003437053627436315,-0.015583926277737387
319,0.17375314920257695,0.0023231519727520936,0.004462946210717863,0.10616481450861948,0.07431483886478579,-0.04468869653452743,-0.02245602409260166,-0.0008302633154444445,-0.014197874449463674,0.006090413002757438,-0.003018333076362052,0.00083735090837644,0.0006782958445449086,-0.00223421855989773,-0.008960768075069857,0.005601741370794133,0.0008013296334485302,-0.02165281671508788,-0.0004496186926434846,-0.02220848882449916
320,0.17664004720266646,0.0008610919925777718,-0.0052199230722322675,0.2245118386242025,0.03303473185594115,-0.044140614301762665,-0.04341827300187091,-0.011387104457889537,0.00706562950410502,0.009227309333670145,-0.0055282015458742026,-0.006167925861165772,0.0010683974717672214,0.003269856036400573,0.026102959705131174,-0.023862278014059445,-0.002956035541993794,-0.0001693068526759005,0.0006454442919455277,-0.03426861109320622
321,0.1675847272667217,0.0006263536459939632,-0.005418264624343303,0.21708352038097595,-0.00919884301158864,-0.04583095056244226,-0.04721459973841837,-0.01130071039403276,0.004321843843200146,0.012507660359263432,-0.005696132752003792,-0.005535797981494992,-0.0006352810026745819,0.004391575373265282,0.03244400537098544,-0.02364711286230243,-0.001274818731502899,-0.0021919952184377934,-0.0030958395369978776,-0.03746169065663339
322,0.17610576200281303,0.004008965173669457,0.004966336797162846,0.22549150316274533,0.0600074900878858,-0.0442426979946431,0.002626334256416498,-0.00022062665142172857,0.007152456101591641,0.007130463814562549,0.0030071057531960922,0.0056524059869696355,0.02215882261635629,-0.005108833466277724,0.003927587589901101,0.020697205325801642,0.0005937856547003615,0.00010419048709394702,0.0030832962673560593,-0.02738907693390236
323,0.1804047204954237,-0.0019022593783869024,-0.005038814137520846,0.17779062493996448,0.01565238033414947,-0.04341296001912833,-0.08459036326242551,-0.011306274625962466,-0.0008248597801703699,0.010558602758153346,-0.003381854314606881,0.001684341883621062,-0.013588026066634989,0.0057118304661661415,0.020510009124214194,-0.01673094904288558,-0.0022439551783014727,-0.011388985177285193,-0.0013535087562506788,-0.03670289842247457
324,0.1661334747813779,0.0025300855138960404,0.00480327608077534,0.19323706134442947,0.041410453229149255,-0.04609398245954142,-0.020909476615845253,-0.0006678527038304674,8.025042760400094e-05,0.008767309352292564,-0.0024592965457592587,0.0017344571291560687,0.009245188796497548,0.0001927976064870753,-0.00040648410762555797,0.016216842737034037,-9.229461594396229e-05,-0.008074968881739149,0.0006697351804806982,-0.03253623201154585
325,0.1845544985168496,0.0005292891024681136,0.005238148363948003,0.11100755182418764,0.08090871433136362,-0.04259391868706825,-0.04804335101037124,0.0003263297582838849,-0.012758636909949083,0.005201249859665941,-0.005746567772368528,-0.0030209470307378766,-0.0028781213769767757,0.0030027819030777614,0.011491326555122224,0.007249920814458793,0.0014707592560270154,-0.0212235102611118,-5.8498724102873603e-05,-0.019463531195845225
326,0.16393379995871737,0.0009333748173411956,-0.004997897485641295,0.22418069608804408,-0.007194955951800456,-0.04648851682444507,-0.04315804179676531,-0.010748295929643562,0.004929776675026684,0.012351501530816345,-0.005463395049808266,-0.0062844217442408045,0.0015389712223397188,0.004407518993379619,0.019272497117902597,-0.022849019222285,-0.0013708051702712699,-0.00026139820522725113,-0.0029417939806612417,-0.0375192201856153
327,0.16396616198056993,-0.0007664846051229145,-0.005376226218266305,0.2855572069949522,0.025854587087823566,-0.04648274856437345,-0.06640248025483475,-0.01113619509207472,0.015139112675619704,0.00994185133586853,-0.005354854231171729,-0.001352028123396289,-0.011918009774504535,0.005264400588326971,0.031081172097235234,-0.033357831524921305,-0.0027040461500154878,0.019873479622358654,0.0009178201053750859,-0.03546408787945423
328,0.1850529811243267,0.001779578633660575,-0.005284732913176111,0.18389712498507377,0.01745032080720076,-0.042494337250024244,-0.028841541359699383,-0.011734131428056708,0.0008664620342610152,0.010375559597948425,-0.0042460794640774195,-0.008899869997043819,0.00457043759939825,0.002991738091808579,0.0281501232188922,-0.018376462905649846,-0.002348547138434219,-0.010125513195456813,-0.0011728042809597194,-0.03652376283838538
329,0.18682803933583117,0.002467466579707907,-0.005521972719687714,0.09814823844780003,0.027021877021734933,-0.04213765239057284,-0.01795800829338321,-0.012067071451685639,-0.015055719066931032,0.009570207767127702,-0.00263379584810675,-0.01122142798402828,0.00023983174607168113,0.00159514048156933,0.03584945899410363,-0.0064635151510300005,-0.002782866974286411,-0.022279126178312694,-0.0018575897140614293,-0.03528793628690532
330,0.19118153093612694,0.0006617308829669094,-0.005530270351700693,0.13164359621214802,0.02066985825226775,-0.04124907907190389,-0.045741082762877666,-0.012225775009824255,-0.008426052473734775,0.010051777028245194,-0.005674985801261563,-0.0056738257896698525,-0.0021619023685284745,0.003795398850630301,0.03612459399916164,-0.011441172382292189,-0.0025189411545265498,-0.018963888992430324,-0.0015934703442689413,-0.03616110152932781
331,0.17197379499640583,0.00020435482905221904,0.005199244113618294,0.25809906665063587,0.033531164067563804,-0.045022224215692325,-0.053083370368990045,-8.674787456469999e-05,0.01214440341963342,0.009259765264523274,-0.00583448993805023,-0.0038845539192489597,-0.0032129636949075296,0.004174615017892464,0.010382736286119744,0.025856448822308812,-0.00024799635251028225,0.010103587321753765,0.0013271193866722765,-0.03417607479341614
332,0.17716249900957592,0.0023496429136263177,0.004503860857123736,0.1700286934230593,0.04475900485898534,-0.044040506601620386,-0.021475933142239837,-0.0007002151418530227,-0.00259903540704118,0.008299265502035308,-0.002949587785790365,0.0009448873290441865,0.006257463571916959,0.00021386339931376576,-0.007967513798081253,0.012620002514012192,-8.477257296160418e-05,-0.012906889723259464,0.0003364039383783046,-0.03174184151980481
333,0.18027474358714618,0.0010203089110964198,0.004498889771461629,0.07508852367427342,0.0708242191383215,-0.0434383264299793,-0.040826982568573846,-0.0006274230513186532,-0.01952745337759706,0.006156992045110434,-0.005377284991385584,-0.0020653470148985107,-0.003031514115603658,0.0017608994858549264,-0.008088705754947877,0.002264735367559235,0.0007141271756412517,-0.023494307690849776,-0.0017417649347521867,-0.023570319967046942
334,0.17179565789575352,0.0013754328726333677,0.0040446134643096964,0.13110895855340754,0.06305545687804226,-0.04505543480365384,-0.036343056078288624,-0.00132627157182854,-0.00996031877083559,0.007012203821167519,-0.004932891239871193,-0.0015620473002254762,-3.208515355396709e-05,0.0011239793580882316,-0.018565133578913626,0.007472673434424391,0.00025956170418803417,-0.019031225367815673,0.00010441980680382975,-0.0263744160563962
335,0.18427916329848426,-0.0020040363735997872,0.004333853503546768,0.16792865990987302,0.06323434427329973,-0.04264881219291014,-0.08677184261582979,-0.0007153486733296938,-0.0021971075782473075,0.006651233364434743,-0.00313072868934505,-0.008712448046351509,-0.013253071137929505,0.009722251641528215,-0.012031690249679344,0.011896031392828472,0.00040233566509311104,-0.013300619886409798,0.0013838205716257077,-0.0263133680962144
336,0.17287503422015016,0.003478352937432621,0.0052407964521055585,0.24326018605494765,0.037455367658754776,-0.04485370161491016,-0.005994984179053579,-1.566100615148058e-05,0.009726845825564916,0.0089451091811068,0.0007488843354524536,0.0048091975632050185,0.020930239496594717,-0.0009117312339146427,0.01156710044415463,0.024174957496357913,-9.55249091066457e-05,0.005337355488728383,0.0014340873137630812,-0.03339961127634099
337,0.18352904599294742,0.0019913921552994645,0.0039743042877807225,0.1497007920763649,0.05883857432751131,-0.042797965840995114,-0.025814891936452766,-0.0011428225678713957,-0.005652846437301384,0.007028919245567491,-0.003809131650819289,-0.00038824384996634376,0.003163578796386183,-0.00013834927357924112,-0.020080771957495448,0.009109159895574573,0.0001126174470296581,-0.016414911200386906,0.0005343870959742463,-0.027765425006842107
338,0.18266294994454,-2.8406374225145208e-05,0.004603331387085755,0.17890772257324042,0.06402405956413712,-0.042969458242578334,-0.056554601566515,-0.00044899619124317885,-0.0003507967319927132,0.006632387994653214,-0.005820871634742071,-0.004444737155517443,-0.004553218248552414,0.004695783275842239,-0.005512678968304881,0.013905825029023877,0.0005556362250026701,-0.011162411787869631,0.001814722364000779,-0.026041882701544977
339,0.19217703212892664,0.002497688023818591,0.004913062664376914,0.1168238500964852,0.05717049032873036,-0.04104314292469352,-0.01649019687305193,0.00016463010428690862,-0.011218386999131658,0.006945845736627423,-0.002550155934485224,0.0017938989997835651,0.002015489615949789,-0.0011896089770869753,0.0024948078566403116,0.007473343433795408,0.0004739967165051498,-0.020657166811924886,-0.0005803926062841351,-0.02829021614243862
340,0.1846749620240594,0.0015776941973826607,0.004999481580384346,0.17410484178065358,0.04112220468370919,-0.04256987730132702,-0.03198267775508201,5.654671702502464e-05,-0.0010039006124484158,0.008445813849970289,-0.004613260609697873,-0.00042191095661768004,0.002996471322581113,0.0018310727588042967,0.004827216831643504,0.01458599347707201,-3.964365960970399e-05,-0.012122061946261859,0.0002095199976121451,-0.03260189617145791
341,0.18923219431754876,0.003535818064209333,0.005024438032879726,0.1787281850794867,0.04501262039720036,-0.04164936913312877,-0.0007663831981435184,0.00021391421776108873,0.000402348998066809,0.008036401766933286,0.0009774046522376487,0.00457043377537881,0.012777397576934859,-0.0019934006290074466,0.00550875509835847,0.015228488352005442,0.00010254566830539783,-0.011198963910236875,0.0005692458693240989,-0.0316793064321522
342,0.19690380080665051,0.0021072063169796326,0.003593666630374574,0.184367417834452,0.05440296239840809,-0.04005137056707388,-0.021965326859551215,-0.0013115382553870716,0.002436880728339325,0.00706670834828477,-0.0035478294377427576,-0.000557870677798579,0.006265848346226933,-7.596498077064847e-05,-0.027793633416606373,0.011149740671968616,-0.00016390943459206912,-0.010025675737375722,0.0013500595602634255,-0.029129069769465055
343,0.18481596333376948,0.0019653535976150863,0.0059510629496598655,0.20099905876815385,0.07596127103463089,-0.042541718074918626,-0.026025037155407726,0.00115113005924674,0.004023470272512697,0.0055963076175287564,-0.0038657007716561527,0.0014832486997109252,0.006733864651949288,-0.0012860590766333782,0.03334380810666665,0.021438236109952363,0.001697784214857849,-0.006262229521714695,0.0035046661279604695,-0.02154421861187598
344,0.21259000105988107,0.003252283072887089,0.004211756382860974,0.13987737173822076,0.057843216770515224,-0.03659481285146966,0.0005505548516317355,-0.00019110081956270954,-0.005079969682790839,0.0063672872730205395,-0.00011229857532291015,0.00250304947654222,0.006665819492747464,-0.0030155462798447507,-0.01484820717072015,0.008691900605750017,0.00018974400516337452,-0.01786778530371728,0.00017300493477295076,-0.028080307859435726
345,0.18616297424133066,0.005579902566505655,0.00387160696543752,0.16033195850623247,0.07814599644159274,-0.0422716733512248,0.029954831416113978,-0.001203291404486765,-0.0034165585759931227,0.005371821343948248,0.011640959091222645,0.006422601823747202,0.01879993907506629,-0.012729074723625177,-0.022243619710819437,0.009845027047373552,0.0005723617626298998,-0.014664628519626698,0.0019494648131645929,-0.020641065189245546
346,0.1986810316514259,0.0034674487315482284,0.004418243528427632,0.14660780752304783,0.05153926028756858,-0.03967250505687046,0.0006536223334808487,-0.0002636083083074263,-0.004880462831852445,0.007274661300226023,0.0007059617396583311,0.0033224172301742454,0.008261589269904187,-0.0027073917727286527,-0.010035001101536151,0.009863648954309521,9.016299540639183e-05,-0.016889395143959006,8.180222421566837e-05,-0.02995525974704093
347,0.19358102364843546,0.006527527879512915,0.004457534459253186,0.2185174651840243,0.06158671281392003,-0.04075096483743325,0.04833392195425368,-0.0003423520488246156,0.008672429584615572,0.0065331573664886965,0.018257443788889632,0.01024067589802061,0.037267738019181554,-0.01159902124678818,-0.009091425842350646,0.017712407930556284,0.00041117371273723753,-0.0018085740457359858,0.0029900117384253342,-0.026869371770523013
348,0.18904541169612743,0.001768244808047512,0.004218558760163166,0.236806094974539,0.04648824132102092,-0.04168751840899647,-0.028499864143885934,-0.0007351779444388105,0.01143798242479269,0.007916944983658605,-0.004267967478422019,-0.0006182709379117415,0.007887615696213735,0.0011704314442719885,-0.014693541104049189,0.01856696407801659,-0.00013302681616239736,0.003376764609620494,0.002162183999549972,-0.03130883969066133
349,-0.12343283616768519,-0.0038392617497281694,-0.005346044742788214,0.19345257244174568,-0.09622115677155486,-0.05508067350243816,-0.017908745787914942,-0.0015762913466394824,-0.03864462208941907,0.007489013099408852,0.003495208682635125,0.00778988529045412,-0.025370918697522015,-0.010112182585761168,0.030108979439588002,-0.01995228668335476,0.0022459775708926783,-0.00802596919010476,-0.009358973868997441,-0.014874973526522634
350,-0.1229975904300371,-0.003835877584036117,-0.005230919530247868,0.17689668580786957,-0.05469314801158549,-0.05513211999493756,-0.0180764549075058,-0.0016686402716677607,-0.036764698241107334,0.009510153178305631,0.0034793322824738545,0.007536329735692516,-0.02277954683366216,-0.0037225025676069804,0.026448609635710812,-0.017213123788462133,0.0005208546693867597,-0.011568825741578413,-0.005879780583554501,-0.030552463322636236
351,-0.09538239592359726,-0.003809255049740621,-0.005091071664315899,-0.1202191946893208,-0.05395831291730223,-0.05799644228005037,-0.02694912228081299,-0.00263720495569321,-0.008715910333464224,0.010143751336827695,0.0033549073114726696,0.00716485565113794,0.023213718292871003,-0.003556872339057472,0.02210449180521947,0.023950152333002846,0.00043981561304138743,0.0011129609623136104,0.0021591976690914735,-0.030749347643267106
352,-0.07068532682015459,-0.003880475164840143,-0.004938515015289893,0.147092353699039,-0.07690078676369583,-0.059891239209738434,-0.03431916840034483,-0.0034747613364767295,-0.02881776450048366,0.010078348577114536,0.003689640989291074,0.007041162351797169,-0.01830927473898798,-0.007260886618043726,0.017493579654147624,-0.012326047947313507,0.0012446964175537275,-0.016816096862729404,-0.006145768569272989,-0.02328126069475903
353,-0.03887438297540518,-0.003915956142305191,-0.00537519307728356,0.19523638092154588,-0.08419921256487246,-0.061403999681310356,-0.04435702301199119,-0.004374716140214625,-0.02737748358742687,0.010982578920559304,0.00385863516149856,0.008081309958014642,-0.026070790675098147,-0.008506097756194111,0.031047806608126376,-0.020313730832118404,0.0017763072237267626,-0.007617475106299589,-0.008558810308735966,-0.02033322794142926
354,-0.018945050735602566,-0.003835968682142305,-0.005298925839044277,0.17823446211823565,-0.08289102420061426,-0.06181950215912873,-0.05081957871515055,-0.005043557227643688,-0.024508045793128368,0.01167437073986501,0.0034797594810933464,0.007680421266861016,-0.022987893314015812,-0.008053123718067084,0.028601655413336827,-0.01761726061720839,0.0016787914678478909,-0.011299209193568673,-0.0077469660555885425,-0.020881960225611503
355,-0.008540406474092118,-0.0038511361623674964,-0.00511472034566766,0.19758146677250396,-0.09986844713096865,-0.06187352100080219,-0.05409398949344258,-0.0053854428815503395,-0.02326451098707906,0.012028081674014271,0.0035510229566884976,0.007334176953510598,-0.02607963154544501,-0.010717384866859064,0.022831210910090948,-0.019695770690015133,0.00223102915907524,-0.007072524639339909,-0.009835324167008797,-0.013070826548565421
356,-0.04639119072713733,-0.0027510296967478798,0.002200684357796624,0.17174516218464758,-0.0745751143980927,-0.061140797052964706,-0.04542002506524108,-0.005814626198121617,-0.027544429950771443,0.010876895501080841,-0.0009134555010940665,-0.007055481142260713,-0.017000652463672047,-0.003760518906935378,-0.048931441545246486,0.005876021675550382,-0.0025563750761008115,-0.012579712591317816,-0.006962372700946784,-0.02416262598251042
357,-0.031143840930357807,-0.0031477450700171643,-0.004824408625921844,-0.011421082573924575,-0.11656946733958748,-0.061613847098095115,-0.048203342455266016,-0.004705529853186304,-0.02186649337055261,0.010942152068492418,0.0005318412789265961,0.004817140574264533,0.004715062177653553,-0.010195346165336194,0.014132095814343049,0.008587492793573199,0.002640233971322254,-0.02029664374235997,0.001394312293261846,-0.003928411964551345
358,0.016028027777467865,-0.0037982684687603804,-0.005399502753953511,0.1498499561375102,-0.05422864838696246,-0.061557578849497745,-0.06175127004827281,-0.0062081069514406065,-0.021015128746051763,0.01255969851193763,0.0033038034684302075,0.007779716157968636,-0.018435806341004127,-0.003576212722158182,0.03183451575267944,-0.013821622591889245,0.0005653142400912457,-0.016391632725026438,-0.0051186162890725145,-0.03067724227847317
359,-0.10086793995108012,-0.004014780404803525,-0.005303826110699734,0.2704521738041381,-0.09152633574451506,-0.05749012440963354,-0.02373452054982504,-0.002347497017994706,-0.042455889128961116,0.008563116208756175,0.004337162398636708,0.008219600088965554,-0.038830770736225685,-0.00999341809038187,0.028757820549205153,-0.030775808682228404,0.00202870925136712,0.014346262073542164,-0.012604640930232587,-0.017095733017959816
360,-0.14654770417780708,-0.00383233292835599,-0.005204091717168698,0.07537480452885376,-0.04407820254466205,-0.052067500202073666,-0.010704410879487581,-0.0009257647746676205,-0.026069278834513612,0.009610536257153357,0.0034627174559759264,0.0074692984913292595,-0.006999012173052492,-0.0020866947667244587,0.02560655373852901,-0.002919525655662204,9.177509426637203e-05,-0.02348455647139583,-0.002993301152390861,-0.03312458294568768
361,-0.027876735876055447,-0.002711251348663563,0.005542571624898676,0.16184634526170225,-0.017083101061160816,-0.06168398780886055,-0.049715833230278624,-0.00598029324279491,-0.025270406803772117,0.011904283903426377,-0.0010481285269450386,-0.012081410764975455,-0.01571514621422517,0.002680130832967004,0.02046583239618401,0.014589920793279369,-0.0020948654498393698,-0.01440025352865037,-0.0033505962163294933,-0.03703319234361119
362,-0.10506309838026588,-0.003078063239349596,0.00709445199878772,0.19847321423769834,-0.09814237359019043,-0.05708194756749499,-0.029502580436118957,-0.009283891885463424,-0.03665139628619829,0.008136545707351308,0.00026453215199170323,-0.015770227488940657,-0.021863000602385548,-0.007598440541410672,0.07448069963174861,0.02529382080630975,-0.0062684196097898374,-0.0068629386210163745,-0.009750398266303247,-0.013933234524033061
363,-0.13887839503520155,-0.003990252015889209,-0.005341243818479177,0.006364250804179664,-0.10718524720007032,-0.05312838638308295,-0.01148771603754523,-0.00106787719429356,-0.017266080619479474,0.006276244427477357,0.004217315575862468,0.008229267009255472,0.004013244624498525,-0.01240733550615497,0.02995481597964135,0.006908459044391218,0.002686369180978667,-0.02195423662037263,9.556638452847589e-05,-0.009243528642884581
364,-0.0906530406414007,-0.003926836612100001,-0.003736909972704025,0.2568509377508514,-0.13229608728281914,-0.05840802831149603,-0.02766436103596519,-0.0034439912344435704,-0.039258252913297736,0.007535846803889929,0.003910755973680242,0.004569883469602979,-0.03592550748203014,-0.016095691877057696,-0.014155714462254172,-0.02070139417079412,0.0021980236430846215,0.009688808932865977,-0.01629839636763764,0.006002953210273949
365,-0.0497862695258176,-0.0037503184943670984,-0.004867443877479524,0.22146265630414755,-0.07290143205166336,-0.0610027958504262,-0.04139286137252857,-0.004134541596222582,-0.02989398217476014,0.010802829950453468,0.00308243280891146,0.006534478354634431,-0.02914659302729845,-0.006286472466177179,0.015391105235717318,-0.021924023688910197,0.0010584108315890254,-0.001010508220002647,-0.008690539673197658,-0.024779548741677787
366,-0.062483224328002,-0.003969090985858158,-0.004844052755738618,-0.010375987269280233,-0.09284151177044855,-0.06038123696007542,-0.036551813538757603,-0.003756995861990938,-0.01993399517433243,0.009973545717934486,0.004114492344060258,0.00707953351179124,0.006662312627693689,-0.01004523688221898,0.014705472531692682,0.008484044115994785,0.0017816499015713362,-0.020408362841133728,0.0005257227603483599,-0.016485149469901865
367,-0.05306785159452511,-0.0039274878340027995,-0.005441527765397877,0.26637052077167267,-0.10935394786937375,-0.060858099067558125,-0.039760109014477636,-0.003884241113130263,-0.032339485075376255,0.0100228141155966,0.003913879959224248,0.008259373222316332,-0.037444222464576495,-0.012494507469950063,0.033202526052176405,-0.030942702358968795,0.002851516873531847,0.012916791605985975,-0.014395759919690334,-0.008055776502919222
368,-0.09604296850878441,-0.00383364149673037,-0.005379228600689041,0.20630903685214075,-0.08272247324007628,-0.05793711627798024,-0.026573986056475672,-0.0024672713808961346,-0.03605919895880346,0.009068794444202652,0.0034688493678077677,0.007843276746354265,-0.02733726909565783,-0.008020037772228044,0.031178169383149344,-0.021927811032038908,0.0017185282466779664,-0.004965335975250138,-0.008914605872814159,-0.020952015154739947
369,-0.10316569456396284,-0.0039497703931769745,-0.005231942321500635,0.19507086947636107,-0.08160103299934554,-0.057268809808332516,-0.02346519951234226,-0.0023120959172920875,-0.03607883960000335,0.008872734515792194,0.0040210734814010544,0.00787096026499906,-0.026230570906331817,-0.008202221094698954,0.026480794140909064,-0.019773035069255103,0.0015887409327326072,-0.007655596585621789,-0.008360115400328466,-0.021414368874411747
370,-0.2869794848151307,-0.003948944212777841,-0.004805853372529563,0.26191448836143083,-0.09468131290084064,-0.021906730099314223,0.03601699236344003,0.002956081315085011,-0.0788785241617945,0.0012090596967510294,0.004017088558820497,0.006941797555629263,-0.036909872259592975,-0.01026559470863287,0.013592534975632677,-0.02690869084857587,0.0018240505925703715,0.011387338013593247,-0.012550076128085305,-0.015615952550643096
371,-0.32118854602663893,-0.003725543709147354,-0.005299139551039923,0.20698520966562176,-0.011474032132682633,-0.011475936592059973,0.04155976127213236,0.00489372360841614,-0.06918731285376951,0.010858191030608649,0.0029691182453648506,0.007354579408347907,-0.026797247144946044,0.0029522246672714354,0.028608463256699416,-0.021712076347737978,-0.001189084160588302,-0.00479687730204106,-0.003243232447459169,-0.03737112796798777
372,-0.3472981644965866,-0.003858988429958474,-0.004919474491587335,0.32212908081086794,-0.05586733927368103,-0.002701880841415063,0.05312603700613658,0.004990877699336147,-0.11055760472886174,0.004414394565749476,0.003588023017906011,0.006941293715829103,-0.045592266029119866,-0.003950347477085388,0.01692746773436029,-0.035501639115394244,0.00044756383308539884,0.03480233782182736,-0.010007009677800584,-0.03023205003762348
373,-0.3001891665853662,-0.0037631960410072856,-0.004843768007141923,0.2513774253314627,-0.06595628209099505,-0.018022102552236508,0.03600433590559757,0.0034172511479676243,-0.07856046779803437,0.00423106524988343,0.0031416180683718304,0.006520416507649372,-0.033794775725811424,-0.005274376683078751,0.01469714541826996,-0.025733066354748917,0.0007903514747100019,0.00789995640191217,-0.009075058775652642,-0.027184332758611807
374,-0.18216286635982604,-0.0037897290673050126,-0.0043617239611138765,0.25768881527105125,-0.04746599844941073,-0.046345204462165,-9.227664011116668e-05,-0.0006401212747096815,-0.05723328486233023,0.008739586062257347,0.003264181020040058,0.005584782779488947,-0.03496864256183939,-0.0025327172081636633,0.0012674270001990786,-0.024044804232404824,-4.7513985427153327e-05,0.009966971238063924,-0.0073137423089966215,-0.032367168686275045
375,-0.2859256710340946,-0.0025466883448094627,0.0026671674224191598,0.3255808426038821,-0.03329891108868454,-0.022208871280279194,0.0048906776243828765,-0.009343920373129795,-0.09566028148207396,0.00843481138859711,-0.0015854276938653262,-0.0075100605369957125,-0.03221377639096441,0.0010895728050805634,-0.04309276243898513,0.016807349349083508,-0.002078117017402467,0.036324417126943585,-0.0068944348139497276,-0.03513854934651908
376,-0.23175000506203644,-0.0038154145036938215,-0.004785405582789545,0.2548896013881332,-0.09966823544697793,-0.03619731132758619,0.015784245105027267,0.0012745614942015232,-0.06633664372470903,0.0028853372344414415,0.003383620197712919,0.006539268797737245,-0.03474006375244291,-0.010552590883922745,0.01300022992096395,-0.025892080105590472,0.0019921754654130914,0.009042168380434083,-0.012735328882437707,-0.01317165159410484
377,-0.1924206490750715,-0.0038412529758629827,-0.005172611405295681,0.22501138028167797,-0.07531578497712411,-0.0444542058328177,0.0038477620265316196,0.0005223918315471533,-0.05346110823991471,0.006385260448101141,0.0035045565930611846,0.0074285391713351965,-0.030292971708064262,-0.006904608579375031,0.02462373409950831,-0.02372537875772597,0.0013082085970785309,-3.004383090382886e-05,-0.009037206733689592,-0.023884976436201813
378,-0.4010907952874011,-0.0037934903032497747,-0.0052971956974946005,0.23840947180052074,0.02521891072948324,0.017593471288686005,0.06811659359416392,0.007516260869945983,-0.09279532349913115,0.016640040481286682,0.003281622384898969,0.007551287152692388,-0.03203428434649874,0.00850389254025314,0.028546551016603455,-0.02617775103083044,-0.0026622258864407214,0.0038574659209906926,0.00015153068989029206,-0.035557043742755895
379,-0.21333729167770152,-0.0029652216209670105,0.006088131063558145,0.22362175165812245,-0.06630805386058854,-0.040261705607063006,-0.003757726211156142,-0.012451527441386803,-0.05662276536718245,0.006521855752651983,-0.00015619018835084055,-0.013697435697089833,-0.024279176601710046,-0.003364466708858857,0.03787951643617656,0.025339740128088883,-0.004229624672309459,-0.00041643457595107197,-0.008185084498346247,-0.027068544506962767
380,-0.2969692559139909,-0.0037463774090570026,-0.00467189641987236,0.20113758548599114,-0.017896567680823896,-0.01898559812144744,0.03462568259652701,0.0030266674734399732,-0.0640068997292803,0.010166610526507788,0.0030643586774744013,0.006119502239612303,-0.026033251530778515,0.001981037890643445,0.00975586771186772,-0.01851886631656739,-0.0010002910553516477,-0.006228982375714102,-0.0037103092282556875,-0.03697063554532877
381,-0.2830100744637169,-0.0029348129660057526,-0.005034322650900322,0.17945498846923802,-0.053357048537617115,-0.02303883459980188,0.012702184841054035,0.0032083019031290587,-0.056308920298829016,0.006149418614417598,-0.0002669963286185615,0.004585013638585474,-0.018770496269672195,-0.0017518065766612763,0.020373696066666346,-0.01694243790133153,0.00039576426006662443,-0.011050668186443909,-0.005861980758209417,-0.030908361314129766
382,-0.09533194389655869,-0.0038446347142784424,-0.005481128851592603,0.34777799631556233,-0.08875312826740607,-0.05800095485914622,-0.026722193267561957,-0.0024387142482375636,-0.047753026848659945,0.008872267008503014,0.0035204430547198812,0.00809220664147305,-0.049436882420292164,-0.008982221050931194,0.03450090600501395,-0.04313051394222639,0.002027662103171545,0.046578295993641106,-0.015781188904698724,-0.018353823285399067
383,-0.29747239964197814,-0.003541071364332541,0.004417771425184711,0.2145870497526431,-0.018960638689554287,-0.018835747701044677,0.030085392887983294,-0.012502701702537547,-0.0678170961514196,0.010033636463784383,0.0021481589978078527,-0.012215539808742197,-0.02679020911163728,0.0019506460116811835,-0.010046284846166535,0.01712513368862512,-0.002034091356019233,-0.0028514949187734076,-0.003907119968302269,-0.03688362658142508
384,-0.19350628960622257,-0.003799459902638583,-0.005342393461381127,0.2572517593498922,-0.054371802003900224,-0.04424771413100606,0.003578217406479042,0.0007430774435658891,-0.05937549049949433,0.007986148111930514,0.0033093385107206726,0.007663630390049413,-0.0349787058860489,-0.003600369871347926,0.029991720354326196,-0.029095119824149793,0.0005498052779510065,0.009821732119274939,-0.00803794620064573,-0.030638906073609744
385,-0.3347718864059793,-0.002729872336003073,0.004270861562112767,0.3594745722708633,-0.013162177654258651,-0.006999120332208438,0.020004720475638615,-0.013139081574251414,-0.11905264529506093,0.01057522940783913,-0.0009853180488183493,-0.010192990798727092,-0.037957859282199795,0.0031042818106906582,-0.013495460005512584,0.03145476294262338,-0.0018482320149203978,0.05230588474064322,-0.004217938531730796,-0.03728658351697429
386,-0.21695088925280698,-0.0037624741123965873,-0.005210899999253923,-0.12966108047366284,-0.0503403480480218,-0.03949164847296837,0.010278180254847826,0.001357742808661125,0.01361749249824536,0.007828720372084748,0.0031382949030355355,0.007280539755003913,0.024334444630768056,-0.0029187788625587353,0.02581985712341571,0.02581007996067553,0.0003412961967599536,0.0038845163481063564,0.0020639480696183596,-0.03167787399752494
387,0.09564948449604313,0.000370291958104924,-0.004774445920508753,0.21808058677711692,-0.02575032450836453,-0.056251791238087705,-0.05211569180314505,-0.008486934581509805,-0.006843811236939667,0.013038439266330717,-0.005805158659799739,-0.004683174265571299,-0.002255328191813341,0.00447575863876332,0.01268375218798728,-0.021089468336032743,-0.0007034021777856654,-0.0019257470059313025,-0.00451964386121748,-0.036190166037386874
388,0.1315554915040193,-0.0006008816163179684,0.005318835416904274,0.06227516269440098,0.029792361612889375,-0.05171802691894703,-0.06224237112810552,-0.0011714501082817196,-0.022227405407109404,0.010098865663327329,-0.005515357720790506,-0.006051603611964099,-0.003972066633066676,0.005194272154444644,0.013818216709405544,0.0010343764683818362,-0.00035370200442019463,-0.02379340130947511,-0.0024045151780720253,-0.03484156418839337
389,0.12512419664561739,-0.0030131651853058613,-0.0054068934997039105,0.1337030490840473,-0.05604467387399897,-0.0526279332639933,-0.0874350270470432,-0.009865710312926084,-0.013072078897445908,0.015037774603195856,2.0728107193044255e-05,0.005430276387061155,-0.013515541950599272,-0.0022326058279927095,0.03207436705624964,-0.011495748911304973,0.000642415441526353,-0.018700133994122327,-0.004757507049556738,-0.030183037513812114
390,0.13267146908937222,-0.002379438666281898,0.005260741429744436,0.2956853805494481,0.01933104315756231,-0.05155578989098799,-0.08222234315802533,-0.0011866097432273164,0.009553587830673642,0.010708095902120292,-0.0020987513368458596,-0.010769616856443384,-0.02749686401503414,0.0064074344788596325,0.012139110110879163,0.031005978476807822,-0.0007463144928079794,0.023788699217746737,0.00024397473473075344,-0.03631843983699715
391,0.1529199191748856,0.000686450758807838,-0.005419582175545192,0.13389142030797355,-0.021030616646354756,-0.04838885279935676,-0.0470130085293112,-0.010809471160358903,-0.010921023242136188,0.013274671834398098,-0.0056593327127821115,-0.005717573748205753,-0.002038978679686073,0.004657767213405299,0.032486882643306875,-0.011548959006426567,-0.0007893019922853399,-0.018675662724184923,-0.003303692148614394,-0.036697543083503585
392,0.15090401721238245,0.00046063423545830067,-0.00543847406206512,0.12600843432197245,-0.02691059865770106,-0.04872311902020208,-0.04995520169284798,-0.010759611856914727,-0.012286705085040128,0.013655327479241402,-0.005775527294108225,-0.0050390830612626804,-0.0028405150346855097,0.004570867013496807,0.03310277959042035,-0.010436750540331247,-0.0005447341252987607,-0.01965010485923304,-0.0034484848240450726,-0.036047744261392636
393,0.12498505326956058,-0.0026350196112874783,-0.005034430177639315,0.19956441302762254,-0.006117381666933713,-0.05264714753025135,-0.08339635756107038,-0.009566136114727064,-0.004604836858879914,0.012216104892599298,-0.001300999069772911,0.0037415705752052125,-0.019485077317798218,0.0038976817758106424,0.020376958065511975,-0.019669848480636607,-0.0014108174858773962,-0.006604705246241746,-0.0028012598263668937,-0.037541546278728334
394,0.12553200128625855,-0.0033120723074398554,-0.004816347826686616,0.2446469679710066,-0.026230598990052017,-0.05257150451886214,-0.09071467442168996,-0.00940988086964747,0.001298491401176547,0.013356994714657887,0.0011849147243446366,0.005246388648525541,-0.029411420578794815,0.001125640608570886,0.013897456338431525,-0.024719463656613254,-0.0006787940038654666,0.005767522848917083,-0.004889187501869741,-0.036132059948847634
395,0.15063719559986974,0.006379552907873418,0.005508497363107492,0.19945939389086922,0.03549769179624316,-0.04876704759255399,0.024734304906231932,-0.0004199568861776892,-0.0010362232567130859,0.009453509646453482,0.017154432169559402,0.013401091190555655,0.03166512920937949,-0.004937649417491137,0.019434882062262553,0.0195667369297746,-9.227093492603138e-05,-0.006629642887818978,0.00036384823579254825,-0.03379694975845295
396,0.17603307827336068,0.0050951640943556606,-0.004992264289029603,0.10756332040362886,0.05507896373041279,-0.04425656260720399,0.018496422545358753,-0.011118351806995646,-0.013835534577201637,0.007516847865339374,0.008666145104680488,-0.017899914805353585,0.006559777399828698,-0.006795355040667711,0.019102875076370276,-0.0071359804277789625,-0.003733583082091423,-0.021532781361392254,-0.0009292040288862054,-0.028927836008224697
397,0.15469154979314453,-0.0004460655822431208,-0.005392832976951706,0.22794575003968737,0.03835296948976672,-0.04809162691676952,-0.06159190828666595,-0.010843097630633049,0.004011519958333691,0.00919118276220121,-0.0056361342797130645,-0.002306819617589922,-0.007706208953502334,0.005193182297747412,0.03161833104818683,-0.025113901564462908,-0.00321785846838438,0.0007962499227668242,0.0011936187648133897,-0.03321078455191111
398,0.15706482047306403,0.0050735112668899235,0.0035065562635136684,0.2480871214494969,0.09678933766134794,-0.047688386691672184,0.010764764648933467,-0.002185326584206778,0.007622759224229015,0.00505964850049755,0.008539733116124437,0.004488151952301973,0.03364406961124987,-0.014704159093880682,-0.029441851798951212,0.01617763317851105,0.0007977997377384872,0.006848215873319982,0.007561001926402447,-0.011927149873395649
399,0.15988166855919317,0.0033694609492571238,-0.004730906495374772,0.1607980363649407,0.03723804886488374,-0.047202232590526964,-0.010886678044182356,-0.010355720994514416,-0.0060208433593714125,0.009180670238203624,0.00032654544565875667,-0.012632933188477611,0.009702036615324707,-0.0007157527493783197,0.011433289541030667,-0.013584495141113748,-0.0029812912461605182,-0.014583662508083114,-0.00031263333220306154,-0.03344469994378979
400,0.15730633967489124,-0.0013390460925629968,0.004772959035101283,0.21490306789940353,0.060918641535920144,-0.047647024425273764,-0.07345375947484564,-0.000935549958829687,0.0023636104713128134,0.007564045252395099,-0.0045505244266006335,-0.007613037216865619,-0.01301367979937047,0.007896499395835534,-0.0011954760308253655,0.018620982308928058,0.0005359180134203311,-0.0027685753699142205,0.002812030154545758,-0.02709080519626134
401,0.15093586271241383,0.005778528479523943,0.005194175633691911,0.1878990339754703,0.0343387275395558,-0.048717871179778785,0.01728284668057025,-0.0007078420228887536,-0.0027714353715700426,0.009526823521009082,0.012940011239523026,0.010776055775742793,0.02570497213606816,-0.0037985816551216883,0.010238947597976202,0.016932103442779716,-0.0002204570642188864,-0.009264391374783026,5.142540544685482e-05,-0.034022812242877454
402,0.16424139770844035,0.007742211300563552,0.004085380184228958,0.17482938200423054,0.068216084418183,-0.046433646396419566,0.050124206915813756,-0.001454160759318873,-0.0032378442299811766,0.00684494788272509,0.02828846547878981,0.011452891042863848,0.03206945404883576,-0.016563690605779037,-0.017673343615276366,0.011851011164065665,0.0004220155106667733,-0.011979711597869317,0.001936790842216759,-0.0245466135334667
403,0.1634443866332953,0.008106579808788093,-0.005182058409919151,0.18832333480952088,0.02881390896420945,-0.046575618854639754,0.054612075775133224,-0.010920838616886757,-0.001093605878503723,0.009733015271994718,0.03163698431074474,-0.02711146667796399,0.037991395267536775,-0.005426088447669405,0.02491807369770105,-0.01865247698050727,-0.0027803314140781607,-0.009171554472262741,-0.00032825675960677366,-0.035003756074082376
404,0.16591645010758,0.000338490942253718,-0.005127265967538508,0.2091253248468917,0.020849562227105392,-0.04613313016560114,-0.05126031781334292,-0.01094373630792949,0.0027225542175652664,0.010287417644537616,-0.005813296989650297,-0.004635820875115899,-0.002529276400014259,0.004085474242945999,0.023218038037331985,-0.02133480559454612,-0.002457922023211905,-0.0042587665439341475,-0.000631014545315342,-0.036139275037822424
405,0.173520788606396,0.004036556299080153,0.0037071206720189582,0.1808403413063003,0.07719900334869577,-0.04473243646340174,0.0022319809291488483,-0.0016517597687600828,-0.0011074550058819477,0.0058760389996699025,0.00313361853139715,0.003108466547139295,0.015534118359119352,-0.007766309397985178,-0.025581681939785408,0.01121537397885392,0.00045255316419477097,-0.010765608752409664,0.002755656369081754,-0.02103558618345933
406,0.20918215928599462,0.005302257596135423,0.004118648751735195,0.22334621744057298,0.10958558602137189,-0.03736735052951456,0.03508522142188099,-0.000391150922217852,0.012150282634017283,0.0016938385529030701,0.009903137377877628,0.0065668943614707286,0.03037899886400909,-0.018137666360479348,-0.016938512573487056,0.016764842735931443,0.0015959693708275438,-0.0004926723162353749,0.007404295543318126,-0.0049029983076356795
407,0.17906393276577268,0.0032888895357898436,0.0043776799098253875,0.16164206234371914,0.058469867940990315,-0.043673791419342266,-0.007175086683584072,-0.0007926627577936955,-0.0039036044517992943,0.007174100821373188,2.3056210082885357e-05,0.0028584893934659812,0.009470830668054476,-0.0031774722372992126,-0.010999846861954186,0.011358464284141842,0.00028105995853955015,-0.01443613534596806,0.000898732619840186,-0.02788266492945914
408,0.1462537763007939,0.0040032548726181725,0.004928862878808199,0.16256353918143504,0.013156262655696605,-0.04947819708609703,-0.006596384503960572,-0.0010883507089444297,-0.007153199393006336,0.01098600800855017,0.0029810346899829167,0.005560976878475729,0.012606040399452095,0.001904868042043209,0.0029180475803396158,0.01298487920772423,-0.0010079754354783662,-0.014273739297803794,-0.001641273323139205,-0.036923803393772756
409,0.1459810466220635,0.004712246017983037,0.004393783761142521,0.14729030268333443,0.026594141813763097,-0.049521788277536394,0.002006098403389358,-0.0015861034545138406,-0.009456353445946555,0.010110092837174088,0.006512250662583954,0.006022752912220303,0.0128721243869497,-0.0009044826596622929,-0.010617930927816299,0.009878305732573605,-0.0006666619039732896,-0.01678604216771792,-0.0011135591419318119,-0.0353533045354778
410,0.1878111730260069,0.00439849246796087,0.005477860339334539,0.14768340179992515,0.012950111543398635,-0.04193869928570811,0.012277807445704923,0.0007014727151249445,-0.005641734436437185,0.010725566899314651,0.004876387483877254,0.007789743911717573,0.011797947345646672,0.0016971996107940954,0.018513616701804163,0.012513398393869323,-0.0009529544122234239,-0.016726167605246384,-0.001774767672165336,-0.03694060316969028
411,0.1831649098082368,0.00316535256010258,0.0052576997188307105,0.1457440908464085,0.015913885237636944,-0.04287016141263363,-0.008028858490523778,0.0003075187626853078,-0.006417202046034893,0.010516072515316636,-0.00042739273442214795,0.004005440019496481,0.007070022613467052,0.0020943941120350937,0.012051728207629725,0.011737760354343344,-0.000870514172644669,-0.0170190983935239,-0.00164871766916677,-0.036677885519496106
412,0.1917193380459159,0.00339410013232792,0.004744689013071243,0.16824584359470282,0.015079264138665125,-0.04113795168729415,-0.0023465753610712576,-4.786104287977167e-05,-0.001322797839923037,0.010519614326788728,0.00042088382884862763,0.003725615917512614,0.010753198146204485,0.0020352235274283407,-0.0019264429930518254,0.013128723228319308,-0.0009665625313660241,-0.013241614630296872,-0.001479370506531016,-0.036756476590635745
413,0.17885742503241298,0.004707145611909147,0.004486072744052232,0.1549225610146592,0.051993883802135814,-0.04371379966943646,0.013841367188347246,-0.0006773021063567958,-0.0051384000190941,0.007692327782362902,0.006484728965529431,0.006235971370829835,0.014217702463374646,-0.005384593181918811,-0.008400522756824472,0.010926917437633117,0.00013067772403586923,-0.015578329288657745,0.0003420658876372273,-0.029826938848850994
414,0.19237912823854655,0.0012030154885158222,0.005358431553980427,0.19170383252954917,0.03496020860691101,-0.041001211024469825,-0.03707101823554541,0.0007005991283622209,0.0032911835313013636,0.008826597184769469,-0.005167239267893897,-0.0011649809948645583,0.0019759227444642426,0.002718845196766644,0.014973772522894776,0.01799276048022075,-0.00015354298372572696,-0.008421377495885883,0.00016997946876261857,-0.0339025622624869
415,0.1923935679815505,-4.29581079002337e-05,0.005199419949200274,0.15903638281718097,0.0023665266272066255,-0.04099821338131566,-0.05691425471958603,0.0005116547459671201,-0.003032069776127359,0.01159406968488367,-0.005817896602675161,-0.004535702650394273,-0.0044837778665235,0.004303136625918267,0.01038772724538671,0.013287830230509282,-0.0013631062174573412,-0.01488782540873125,-0.0022624118613368705,-0.0375069849197354
416,0.17095212018320735,0.004941614308961727,0.00597440196058857,0.16163832796346334,0.00023517071728585285,-0.0452122530195079,0.0143166927994669,0.0007080971332104603,-0.004741654318899889,0.011801274347497304,0.007781652731984369,0.010569857882689956,0.016401277657894696,0.0037303274617680863,0.03410850192885974,0.015749293697721507,-0.0014231367134708455,-0.014436790645469978,-0.002375378859513837,-0.037550775131633345
417,0.16859278789451743,0.001952453791569237,0.005266971387236439,0.23598841679896027,0.011925566281068575,-0.045646965248511535,-0.02855455769643438,-0.00011467770191692817,0.007706929057326458,0.01092895030072994,-0.003893429373760848,0.0007833086644459685,0.00914365149729402,0.0032448964074662866,0.012318249295268077,0.023366466095052222,-0.0010139301969172194,0.0031332400709977227,-0.0011494721456110051,-0.03702082647487121
418,0.16650970402222298,0.0021379369872348074,0.004743747195035875,0.16382280343597064,0.020770756618864114,-0.04602600164498952,-0.0262800215577726,-0.0007194865252094073,-0.004831714980082331,0.010287358890171242,-0.003475836852620276,0.0007212643537444872,0.004814621692760637,0.002456477619655364,-0.0019507162832042972,0.012616453497590314,-0.0007817859898615029,-0.014049566289098866,-0.0011940156325896559,-0.036148867229673955
419,0.1840992458315457,0.0040756650097863376,-0.005582794888101819,0.19162907614088123,-0.0239483937730839,-0.04268464001115203,0.006095647181249115,-0.012043203056760522,0.002182906990468247,0.013754056114859891,0.0033144818390411575,-0.016291701594617083,0.017389286892439775,0.007508113990982688,0.03787538145964233,-0.020523644825233566,-0.0006444545087233149,-0.008438169145249941,-0.004069754261210724,-0.036397509679012736
420,0.17701961123794785,0.0033083622552094244,0.005705367292767387,0.2060568012147033,0.01458200217286249,-0.04406791351518336,-0.007398864929954545,0.0006177741893718492,0.0038276406212475063,0.010668721630311514,9.570225056002401e-05,0.005141915642122764,0.015060757414169923,0.00215494841800198,0.02548332557326319,0.02122186999331211,-0.0008628978915827551,-0.005027985207866063,-0.0011671861682598377,-0.036801583345374686
421,0.1739992215034007,0.0024713424584257007,-0.005307181803194021,0.19857330925126315,-0.029873615888564832,-0.04464231472623737,-0.020269098888180532,-0.011395936039885004,0.00207023711133346,0.014120394977103117,-0.0026231293443406373,-0.01096653773160763,0.009413338183291,0.006722621443187208,0.028864841486834755,-0.02054394920448207,-0.00044860132205437186,-0.0068393322065143265,-0.0045951397229961515,-0.03565235942838321
422,0.17968886497461675,0.0014044261297500248,0.004442184380268142,0.1411038965980586,0.02525965508171456,-0.04355245055223744,-0.03513664232275622,-0.0007054252480219188,-0.007564526740183936,0.009799871211411484,-0.0048900380107361,-0.0012354529136031378,0.0005501392331234008,0.002900964092189921,-0.009461113715691041,0.00932880003604083,-0.0006968615195905651,-0.017695011872347066,-0.0012691154010862542,-0.03555114849164074
423,0.16412839298033338,0.002722378114090946,0.0057511983562926056,0.14763572431784303,0.02929958838550034,-0.046453815949337174,-0.018657224324726523,0.0002484016465925154,-0.007776227202442167,0.009688479689886143,-0.0018945125305695801,0.0035043208362334523,0.0056789789409980515,0.001075154696798534,0.026923307861777178,0.01316055568919471,-0.0002718039995925242,-0.016733443037370087,-0.000976022640466813,-0.034923868652891495
424,0.172553017715793,0.002985302967411627,0.005136339015517017,0.1605446912323908,0.048642326470894684,-0.04491401171017542,-0.01315819822528555,-0.00013730762690258245,-0.0047672573004534724,0.008094338216880907,-0.0010516469882175968,0.0033418520863646014,0.008075429619354344,-0.001378549406929422,0.00860860740263724,0.013307498977159394,0.00026935891286281966,-0.014627717164386494,0.0003166823595445858,-0.030747765326108564
425,0.19313199322874977,0.0030111882993854645,-0.0055563847287926045,0.17089434222020045,-0.0297883500817972,-0.04084463178115852,-0.008103221809618475,-0.0123237889018716,-0.0006532914537933375,0.014332968393733766,-0.0009642541541444101,-0.01294518576112439,0.009346130443421304,0.007280932467779839,0.03699307941062649,-0.017341234977359173,-0.00040313041420036517,-0.012742490576102465,-0.004194980676246085,-0.035664373538160286
426,0.19113616032078423,0.0033315746416693608,-0.005266752854798561,0.12962732048037606,0.0038438154966553557,-0.04125844037061335,-0.0034865890076312593,-0.01191233717026493,-0.008817381754543057,0.01147207884070302,0.00018288438433450318,-0.013443383404863942,0.005650346243737127,0.003465070169454862,0.027579767236464967,-0.010633754343864786,-0.001802702157715963,-0.019215389679358798,-0.0022816816002268208,-0.037462809847943625
427,0.17406600898410726,0.003994257850472646,0.00502956975108837,0.05780834369948708,0.0006171244923977413,-0.044629715266535766,0.0017880503605556418,-0.00020912085332080708,-0.022691927319828213,0.011767988566168711,0.002940035790379452,0.005745306629423619,-0.0032339146341959384,0.0037794347346448145,0.005649340690103025,0.00042877695259942254,-0.0014297321026060102,-0.02383450498027694,-0.0025323758880441668,-0.037544660217479084
428,-0.30864858733440836,-0.0037645955767673864,-0.004563684773500347,0.15983040987047198,-0.05299399489985588,-0.015439789451095164,0.038650892850782714,0.0031750675578709267,-0.05372830316115147,0.00564658234882315,0.0031480621315273564,0.0059425082139068185,-0.019833368306585546,-0.0033228971415613516,0.0067317562343291865,-0.013008677075701686,0.00021052852303642548,-0.014751359306611964,-0.005320241464014164,-0.03100346867236167
429,0.008920856754489701,-0.0038656403050598277,-0.004288251470919799,0.21799997821808345,-0.05815407814290203,-0.06171302953100868,-0.05963004694294195,-0.005854159276936493,-0.02051107975655349,0.012434175924087739,0.0036194237347588506,0.0056146711451594096,-0.029357879731394216,-0.004317830467222753,-0.0006624137400018646,-0.01903909317390356,0.00027973720895927003,-0.0019473324877707563,-0.007298067249676487,-0.029587523423546605
430,0.16564915086952484,0.0012234330561965905,0.00406472230523131,0.13239126946272042,0.027666552079955713,-0.046181279760882765,-0.03904456897409687,-0.0014435385355883418,-0.010198885058583816,0.009788185663322986,-0.0051413192421284675,-0.0018572032467880503,-0.000433552840147062,0.002995261457204663,-0.018126435618804657,0.0076376133733817445,-0.000706725148030836,-0.018868936735354086,-0.0012982646603614974,-0.03518762173786567
431,0.16325930280790968,0.0012136034077341038,0.004243872176894885,0.16365075020378153,0.050035901985490586,-0.04660849421857378,-0.0393839656755388,-0.0013150363842721242,-0.005202574322207303,0.008194468581204052,-0.005153859358283865,-0.001774543808378183,0.0008520968191040998,0.0020764729157793146,-0.014115656029749167,0.011196099786655636,-2.1603627406122054e-05,-0.014080348108818941,0.0004800566647188624,-0.030371961387947944
432,0.17522275216102925,0.001888168468183912,0.0051792990425524234,0.20674224291377977,0.05989001142630058,-0.04441076512314212,-0.028538056643185362,-1.3296487924170584e-05,0.003686694628378112,0.007162953209500437,-0.00402868504935264,0.0005300497741700847,0.006684595899243893,3.586356770207325e-05,0.00981776197646553,0.019262359666063135,0.0006861373306570921,-0.004857495082477908,0.0024578060052511115,-0.027427221048080788
433,0.1561865705604777,0.0011768482519397428,0.004575779184565659,0.22328539421053117,0.02364740483816412,-0.047838287032201145,-0.04046669905064246,-0.001158085380691196,0.0035213982765844327,0.01018920071973012,-0.0051997391562960986,-0.0016690255791885018,0.003119197324852866,0.0032113064019479525,-0.006198325156103823,0.01873881845037115,-0.0007202979329769755,-0.0005094847939591665,-0.00020871594888245828,-0.035777853336291465
434,0.13860095519516297,0.00177758905652428,0.004553274092273326,0.2556535255331758,0.03510690766261771,-0.05067221853612421,-0.034905474527243456,-0.0016279556920072592,0.0052531335503998395,0.009671746146738318,-0.004249932728795844,-0.0003063722384811169,0.009163266190546011,0.0018741007400405432,-0.006755140195587215,0.022211907141714973,-0.0003680888143678573,0.009293280956369356,0.0014469781768876007,-0.03387388534987903
435,0.15762464279388952,0.0037349928249255093,-0.005500233658995109,0.08659799386475209,0.0010470204071616395,-0.04759242026939664,-0.006649110277730392,-0.01104695877448985,-0.01813497913820021,0.011760552193317968,0.0017996218747729762,-0.015075537553771178,0.000782576991951635,0.0037525104868682576,0.03513050302285198,-0.004734788193810223,-0.0016973046002270015,-0.02299657341844696,-0.002475636427146702,-0.03753687279721407
436,0.16975964710279456,0.0039000380683061513,-0.0055763082394771684,0.18397715512549392,0.006735588938021254,-0.045432687041437866,-0.0008590024337243294,-0.011540796221157753,-0.0010262454652348691,0.011312871757651676,0.0025164204872887316,-0.01573323790142082,0.015320697357679958,0.0029016425985040326,0.03765830682368459,-0.01935677406497838,-0.001939194454511645,-0.010108549326671294,-0.0018998554637358687,-0.03734357732039606
437,0.16789957397089453,0.0025118246715939794,-0.005200761263797806,0.18470773175493305,-0.011129733412161018,-0.04577359924211304,-0.020830252537470707,-0.011083790619184712,-0.001134037068666861,0.012652521718642881,-0.002510661762596605,-0.010951848207490213,0.008353972161965347,0.0050451886735137655,0.025502307555922584,-0.018210971894685117,-0.0012089372132184763,-0.009953205490618362,-0.0031167633791935297,-0.037386556406537076
438,0.18062682540877756,0.004606304313903207,0.005203256171546146,0.08070917439278356,0.045047322309397946,-0.04336957346082603,0.012969588064483076,0.00017123967289009757,-0.01849583641614539,0.008206850661865097,0.005946895320035992,0.007714554064438531,0.0008499346419896067,-0.003971813141492984,0.010496659656213233,0.0033518941306394357,0.00016545316573146396,-0.023278323935050638,-0.0018805305144949521,-0.031670723887492355
439,0.17395345565592193,0.0016174173239312832,0.004368235942753696,0.13327744961480406,0.05425673494395473,-0.04465094579561124,-0.03263085141328659,-0.0009277247860450852,-0.009419625825929541,0.007630967020630969,-0.004544814534952858,-0.0008187529775332354,0.0008192726969441251,0.001012615452922779,-0.011223126013765449,0.008338180840135073,0.00015145740573392445,-0.018755209714725732,-0.00018468030920297835,-0.02917228736396581
440,0.15969015008523718,0.0036838368922406037,0.005079741679536319,0.2535787839588694,0.040941358716644644,-0.04723554589727364,-0.00674290169942798,-0.0005657762155847783,0.009002678305568829,0.008920566904733586,0.001583975862313941,0.0050507552963901785,0.023879195146998454,-0.0017081203523988465,0.007031782466520614,0.02467244808545823,-2.0539475787770908e-05,0.00861350976223726,0.002015181340460669,-0.03264287362749735
441,0.2260729880555217,0.0037764124860904017,-0.0054187686762896805,0.10447811724370089,-0.019831286096460825,-0.03342075083069661,0.0136221994798345,-0.013265671045070282,-0.011972576413082517,0.013723178625823299,0.0019764876625044496,-0.015044582553033283,0.003379504769155168,0.00668288030078945,0.03246040763493254,-0.007268561537496063,-0.0008386112338076786,-0.021793329604197574,-0.0029888976331725187,-0.03680806610217325
442,0.21332942769557828,0.00563536380394563,0.004527592983411168,0.20596445681014694,0.013610841789870485,-0.03642560634715028,0.042639194742438324,0.0002415532963382592,0.009108932369792383,0.010495413540856549,0.011999000993802345,0.008448968855955063,0.028842223942971628,0.0008105307437238079,-0.007386985089859993,0.016630821996308283,-0.0010398292598553724,-0.0050508952865773935,-0.0012451925435348846,-0.03688597978142315
443,0.19496799408928822,0.0031906162156648027,0.004034078914084814,0.21429008877887953,0.018238191507867183,-0.04046033090599487,-0.004791076492532326,-0.0008186001226229888,0.008062564669277664,0.010223604808577688,-0.0003367397197545897,0.0020843800850379934,0.015345577077690915,0.0018019925406697374,-0.01879403100116465,0.015520016802715213,-0.0009713437984897367,-0.0029292651279491677,-0.0007862522023080963,-0.03643998170160125
444,0.21669040117386984,0.002338916308833508,0.004886997294510514,0.19446150092606806,0.017772193028961887,-0.035649385558633805,-0.014742562693599985,0.0008064047017004811,0.007102998725569024,0.010076267668881929,-0.002977523634608956,0.0013695247219030083,0.008312654895261553,0.0025295882377839186,0.0017997265824051824,0.01666049518530499,-0.0008580264032854933,-0.007795563212363388,-0.0010377631592576933,-0.03648992429260268
445,0.1851549620567477,0.003794696210673909,0.004935776505115215,0.19408350391671345,0.05900775450902446,-0.04247393300073896,0.0021110251834747184,-3.1007239851042773e-06,0.002780498642660106,0.006972849326158261,0.002055205004593159,0.0050553491710796,0.016232510946229357,-0.0044485476224661764,0.0031036931490996964,0.016790307015319503,0.0005460656027319134,-0.007882080413731393,0.0019780046602101086,-0.027711393745665898
446,0.2148055603598724,0.00420788766424426,0.005382009069644445,0.17556025791449012,0.012970640559954342,-0.03608612784866294,0.018013004034018617,0.001409929113088016,0.0027813037366052696,0.010545692866238465,0.003939330558484274,0.0070519954487456744,0.015540696978769605,0.0018089725107870856,0.015666121411543436,0.015951805841949124,-0.0009630164886902543,-0.011835246031580784,-0.0015452719809972316,-0.03693894008902852
447,0.2185376110066431,0.0023894563394282367,0.004759613840535022,0.17056079617236156,0.016678548427848872,-0.03521780455854897,-0.013510933528301614,0.0006856675979039872,0.0021227320408073874,0.010165270461738858,-0.0028447122642584846,0.001341510803383398,0.006484358210134977,0.002584860178751641,-0.0015411089661015842,0.01343991542171914,-0.0009125084150154033,-0.012805980996127059,-0.00136044146010792,-0.03660271097512575
448,0.17978325331176223,0.0027854776841045874,0.004327133651047946,0.18458230466094816,0.04116005677881441,-0.04353408845961211,-0.014510586041844796,-0.0008315154187932168,0.0003338880708941975,0.008533234094054137,-0.0016996728921736572,0.0016819853342111856,0.009735498427478501,-0.0002165924037198453,-0.012188927118461916,0.013616951157762515,-0.00025146412094448345,-0.009979937392008111,0.00045264297626791753,-0.03259329789053438
449,0.19469856627313237,0.0028957055670135157,0.005051826387176384,0.17917641317038036,0.0719258291998961,-0.04051694380518381,-0.009607059047380523,0.00040138463062268663,0.0011443621757210075,0.0056148290804005066,-0.00134803583357312,0.0029848916452310833,0.009713490542131019,-0.0036829254623031026,0.006260819512755352,0.01537099254189731,0.001046285616059049,-0.011107610392107763,0.0023410257691905793,-0.02314736163331314
450,0.20961406300482194,0.003448569417984601,0.0046354825742926774,0.20570006056832704,0.007499179372600148,-0.03727010391964695,0.0032103875578783814,0.00028698889540533696,0.00851126320274582,0.011084352836167967,0.0006319782614629974,0.0036633941862407333,0.015846119851080316,0.0029678867879973235,-0.004707078308023796,0.01702047679811738,-0.001220891510851902,-0.00511641318521417,-0.00173225300035303,-0.03730485575478822
451,0.20676331671833195,0.0029644370331198128,-0.00542852161066024,0.1728909161581849,-0.017204720867187124,-0.03790841332532085,-0.00579880104423515,-0.012629566296898532,0.0012895381124457862,0.013344211640395337,-0.0011215179283922817,-0.012608257130741485,0.009353903124286125,0.005857067851995963,0.03277806312408708,-0.017250175808173573,-0.0009453370002218157,-0.012358636218313302,-0.0034416734667453938,-0.03702405777688968
452,-0.011975850011786538,-0.0016829086514717798,0.006665970202267237,0.09870526175941359,-0.0017805462052127188,-0.06186804276287961,-0.05356898407195786,-0.005503854445581572,-0.023427460963217555,0.012022193563272878,-0.0038815166987970066,-0.010274545143323394,-0.0068984699052739235,0.004330008234786108,0.058185923003814415,0.0072986339229034435,-0.0015021600674805498,-0.022239007870842098,-0.002517756837339606,-0.03757051401470393
453,0.020372451151955403,-0.0022255825741131947,-0.005425193195838242,0.05885174523486545,-0.043173483730306945,-0.061436877073714605,-0.05948277486097776,-0.006357951824677658,-0.023164227687249215,0.01251852293067985,-0.00254181431932924,0.0030809027265099294,-0.004154869771500941,0.0005679289052322082,0.03266959447957046,-0.0006320453679888718,0.00012085806874880984,-0.023827826555631967,-0.002632363456639657,-0.033316782362097154
454,0.05389585237622687,-0.00330590997968297,-0.005487174840034875,0.050719103851474046,-0.053971331791380556,-0.05985025591162504,-0.07111339629098698,-0.007508153261611021,-0.023511390001963815,0.013377426527100143,0.0011598491039740255,0.006459231793613898,-0.003246842518060423,-0.002560672935887697,0.034699924432724745,0.0005582285736704286,0.0005873337487156621,-0.023832702256191617,-0.0024386542364262668,-0.03074588386386181
455,0.042172245612273694,-0.0030345053340409514,-0.005114601979246087,-0.036483811409550836,-0.06825926018177143,-0.06053703424435566,-0.06682252868303475,-0.006997369241122443,-0.02774186710979664,0.013430420978026238,0.0001003486352267717,0.005001078916662801,0.007532915713740956,-0.0037741108570019176,0.022827565543630687,0.012527895950531942,0.0010037617799780769,-0.01708203701484406,0.0005885503937023653,-0.026414638956995556
456,0.027428850631666328,-0.002487061280662306,-0.005254349470937502,0.11628664400744845,-0.08770372803621841,-0.06119930413929164,-0.06155182025600831,-0.0065586548220839,-0.021135538207612076,0.013318791645692938,-0.001772222166139131,0.0036324290478021363,-0.010096204549156986,-0.004358593004592832,0.027187393420143962,-0.0087254272948134,0.0018446335971960422,-0.020711796195901824,-0.005297021215705983,-0.018819491504125756
457,0.04851179676658796,-0.0026185048878652442,-0.00546161305668147,0.25211965852884627,-0.04512659220859944,-0.06018327583761085,-0.06652979575061442,-0.007316476020362632,-0.012395932861064753,0.013047066466733726,-0.0013548767109842722,0.004321731544110484,-0.02505659390588662,-0.00025534279791151484,0.03385992732841668,-0.028963169077133723,0.00021226010658214272,0.008139659322727063,-0.006940388778658863,-0.032896552537369346
458,0.043710311018375594,-0.0022587751829360896,-0.005594831540699738,0.10291592227886923,-0.04767136522886839,-0.06045501920975567,-0.06398827571933333,-0.007195350382235221,-0.020840588134306334,0.013017302127381046,-0.0024485921901243844,0.0033975725432975105,-0.008290606314338853,9.938110131016866e-05,0.038278825737819065,-0.007260320152721606,0.000360818716873944,-0.021919317451053837,-0.003682789646439481,-0.032319341157069637
459,0.05099815486047949,-0.003408759313622654,-0.005227966997419495,0.10111465147322124,-0.057648469025776035,-0.06003320589932168,-0.07080953646032047,-0.00731799341939781,-0.02060385804416401,0.013407357263235786,0.0015840626456037723,0.006284177159975404,-0.010222093463319287,-0.003268629231816241,0.026355734998511796,-0.006550750762779882,0.0006369032102352986,-0.02205962861421664,-0.0038845658429518624,-0.02973236651100737
460,0.009110110979244003,-0.0018380386443192325,0.006510810316853521,0.06609765786596863,-0.0031183020491624604,-0.06170956586384018,-0.05682798342662969,-0.004719366391320301,-0.023087950344046756,0.012024422565082916,-0.0035340225454557066,-0.01064092862542177,-0.004647575029439375,0.004233142789353922,0.052545141968883255,0.0018881597363304009,-0.001563706625128241,-0.023732298253215225,-0.0025410021418587497,-0.03757198159600214
461,0.017384699494017136,0.001536885077252419,0.0063433816743916184,0.2014965848826629,-0.018840763285757196,-0.06152197840860664,-0.05114710027691215,-0.004438569980011439,-0.019592760643853433,0.012199276447711899,-0.004681638626369816,0.0004759083384613096,0.004304631159962768,0.0051431173965997366,0.04661329064551385,0.022990981008793,-0.0022558461867231566,-0.006142674461685576,-0.0037859939543664492,-0.03689372226638872
462,-0.01843461375147569,-0.0032372142011903534,-0.005301763389307289,0.16587202886540617,-0.09994156866573982,-0.06182475901241841,-0.05144117572972931,-0.005060175548846665,-0.02433149254350013,0.011621675508626948,0.0008834596128523311,0.005916331547668231,-0.018456489705890596,-0.008420424105891685,0.02869206757128098,-0.01586501657332347,0.0023654862128046563,-0.013679217228394379,-0.008223337074441108,-0.013033951288430667
463,-0.008141478323907013,-0.003206746515239532,-0.005172688458506262,0.2198070842885274,-0.059635959586779065,-0.061873367612372165,-0.054190818608088324,-0.0053983196302024705,-0.023197286416309786,0.012034739776493423,0.0007626592511729672,0.005596508681322045,-0.025378603989933315,-0.0030961989006722404,0.024626132769108924,-0.023001498469910144,0.0006929128088268522,-0.0014608698334563337,-0.007479161363301928,-0.02915536833232742
464,-0.03417069553907417,-0.0017749180364570617,0.005247708273963612,0.15331322043521117,-0.04010430567595833,-0.0615390310774984,-0.050183586022980654,-0.00613301643127188,-0.02571224087850013,0.011618499745264323,-0.0036788409902588394,-0.009144966006347155,-0.011142606319314916,0.001500427536366588,0.011765068788294156,0.012684137352131366,-0.0028959073690218544,-0.015840919730076123,-0.004479838948440048,-0.03393717641580528
465,-0.020063379292024938,-0.000420659892624336,0.005688675725506119,0.2263732110645768,-0.022863536973686708,-0.061807044622813036,-0.05353758114190317,-0.005745336654832478,-0.025167398980730574,0.011924161881626314,-0.005653252175672164,-0.005675520905169776,-0.007499445198376877,0.003832205812078187,0.024961881439331066,0.02398974658908629,-0.0023374042926631398,0.0003516838121546472,-0.004359756494176735,-0.036514220901075166
466,-0.04692297856825829,-0.0036337949793820547,-0.005445265835106747,-0.019579797493076912,-0.06367153243078567,-0.06111996717596231,-0.0426270841155695,-0.004090610187792072,-0.02056611535034545,0.01103666163392608,0.002555787811803024,0.007376788347050663,0.007170197838486722,-0.004624797710948209,0.03332469956193298,0.010828377334796436,0.0009715777946191921,-0.0193630425528641,-0.0001709010169245689,-0.027920755339652083
467,-0.013878239932420837,-0.00044605365676519677,-0.005373800271493167,0.15868408470009562,-0.08738411991628613,-0.0618597678139629,-0.053800626371242014,-0.005207849019680281,-0.02380682704185576,0.01183621697507885,-0.005636142493584679,-0.0023127673890546594,-0.006125145055687402,0.002357066698141444,0.031002835368017144,-0.01503361548713665,0.0019051068906589482,-0.01494804294188372,-0.007170149616508857,-0.01896018211055994
468,-0.03782519149993421,-0.0033014688628628247,-0.004960082219217157,0.05163837491746688,-0.08799367760599376,-0.06143609848011539,-0.04611055864289589,-0.004481251468153097,-0.02321041764308464,0.010972059078085315,0.0011418123956074841,0.005480873012107686,-0.0033711354501711876,-0.007073953225548112,0.018137327356684375,0.00038529479961645714,0.0016745461322386335,-0.02383757729629212,-0.002413779647264609,-0.018691398225715073
469,-0.048478786032495245,-0.001493909672181605,0.006677049153084787,0.17280561543357698,-0.013695902803125957,-0.06105735052373733,-0.048901454375196676,-0.0068928813269496245,-0.027820844203027034,0.011835698581197686,-0.0042664983806176395,-0.009639020416507164,-0.01129948567130637,0.003572259716472593,0.05859397819207377,0.019521886185061166,-0.0020558098445653612,-0.012375169248244406,-0.0032232087662853338,-0.03725677897429881
470,-0.03184184561288568,-0.0033064132163760037,-0.00550731334910192,-0.04928879843686205,-0.056516642047449064,-0.06159743325935501,-0.04773110494609379,-0.004591005275336331,-0.02097901964722935,0.0114950404351331,0.001161894367483391,0.006497683728234038,0.010224533101659503,-0.0029004677683535612,0.03536434535097983,0.015335374823204701,0.0007008568612871239,-0.015042849422257252,0.0003904412336095357,-0.030051798240507403
471,0.0029324145997844677,-0.0034594028581209435,-0.005371659827250995,0.146687871313259,-0.06847915096969712,-0.06180353299928298,-0.057356818004929394,-0.005767840887945561,-0.022253800289390217,0.01234463022607382,0.0017975346308250714,0.006706999293788646,-0.016726111601347394,-0.004881931123367124,0.030933745899584305,-0.013297303092877489,0.0011346827661492729,-0.016877310232346027,-0.0057225729951876185,-0.026339709314981755
472,-0.052895188822033284,-0.0038881630552769163,-0.00505113365057611,0.16710324773100518,-0.07143265606817605,-0.06086598946006722,-0.03995329331567498,-0.003992210881967619,-0.02808166435251203,0.010738025154987214,0.0037261319527596803,0.007303707866345876,-0.0214879791645891,-0.006432156545300344,0.02088449075500089,-0.015316025259571483,0.0010953916877768264,-0.01345339846228102,-0.006601657949167723,-0.025308974584966715
473,-0.09357634386823892,-0.0035684307966484473,-0.004550933424957828,0.10243341925688956,-0.10003287515627794,-0.05815634436756436,-0.029132174518788374,-0.0029658180143858084,-0.02721135481836193,0.008531904478512008,0.0022673804461175433,0.005414497842571427,-0.010704871246591613,-0.009678815412038761,0.006379828906112124,-0.005902331968076862,0.0018403159683292205,-0.021957423028603786,-0.004989676950495105,-0.012987866408563045
474,-0.05944275473156645,-0.0038111185968022696,-0.0049562718833136765,0.18405821897480687,-0.047762001251735596,-0.06054523262975948,-0.038175327398720406,-0.0038150534107956983,-0.029620119006070623,0.01105491988273832,0.003363589691039462,0.006886852468712346,-0.023766987659638483,-0.002614930781986309,0.018023400604307682,-0.0173071398220242,0.00015632999954593186,-0.010091355658102225,-0.005604014555233639,-0.03229816351835786
475,-0.11077019320077672,-0.0038061448434869374,-0.005074700158992725,0.12850249623867563,-0.057825686196646506,-0.05649749422899309,-0.022164480256252308,-0.00216013546867087,-0.030567697209331876,0.009643800970556886,0.0033404257989774716,0.0071216457547841755,-0.015172398141957748,-0.004140173123198614,0.02160327855747765,-0.010109569667303787,0.0005827701459726678,-0.019352803733031422,-0.004681118713899939,-0.02968174957419182
476,-0.04513842439876509,-0.0031313247217957707,-0.005507359241920853,0.23313766015348417,-0.06646637269867393,-0.061188713386613365,-0.04460956994552359,-0.004137433237292306,-0.029555919130771557,0.011039648793086032,0.00046833447647854715,0.005960996307744257,-0.026595089040560606,-0.0037930668684333147,0.03536586213004978,-0.02639071127557366,0.0011154268902987916,0.0022927726916183444,-0.008517499864693067,-0.027016223303068305
477,-0.1268288692845929,-0.003018661704958923,0.00641532462579033,0.09356228674736602,-0.032884990311189924,-0.0546725431543898,-0.024515288712806997,-0.009690759995803778,-0.027739711377952992,0.010513618072244959,4.1184345448210826e-05,-0.014413062536608637,-0.008577303149644833,0.0005811864685678803,0.04914245829271477,0.0062009557678083145,-0.0028903292451947617,-0.02259011877942194,-0.0031585440635875763,-0.03520387142799988
478,-0.04478393990742951,-0.0031210050649852538,-0.0052285127464506455,0.22650673419476194,-0.059106773257252394,-0.06120197778243263,-0.04473081905268773,-0.0042090911841722025,-0.029264643992845736,0.011161288645716973,0.0004285853435993046,0.005445741538282435,-0.025677837690753325,-0.0028407471309782684,0.026372898268093165,-0.02418021477299881,0.0006949385849159804,0.0003892743651290445,-0.007631562274396503,-0.029311000053155577
479,-0.07180867418196739,-0.0038605250923895687,-0.004912680604104034,0.12344073838068519,-0.062433969672903405,-0.05981872279044854,-0.034061394801643455,-0.003449879934543315,-0.0274812258635912,0.010428549929031288,0.0035952723194204723,0.006931066765557949,-0.014538436965419085,-0.004968198147541998,0.016725975758231076,-0.00913107182900715,0.0006902984761543518,-0.019945547971331124,-0.004701484982455438,-0.02830834473669729
480,-0.0666456068977108,-0.0036324362201411243,-0.0051656078015321575,0.1961508412919799,-0.07771747850217846,-0.06014125317029398,-0.03674265549685187,-0.0035210412294435006,-0.03119362107307478,0.010185004275778948,0.002549741218820107,0.006811517702569605,-0.024644079648351833,-0.0066681840678960835,0.024405853901238457,-0.0196838110524676,0.001398656491813405,-0.007406043570368401,-0.008116202546540798,-0.022965102750244833
481,-0.06077770977493046,-0.002959846794746347,-0.004822776316692799,0.10485755550206144,-0.04178510785520477,-0.06047440351326906,-0.04126789724388189,-0.0038150340742496036,-0.025816671257833063,0.011160891376864709,-0.00017585492356793857,0.004306707432201226,-0.00985564886616074,-0.00041555899536339447,0.014084551291468309,-0.00655270190274661,-0.00010664942805127775,-0.02176212581628382,-0.003572937841223665,-0.03360347522642811
482,-0.020909144518544625,-0.0038318541020153515,-0.004800368405443609,0.26848149267975663,-0.053096712020001845,-0.061796765870293896,-0.05020547864278604,-0.005014991928821353,-0.02580184940627592,0.011761260914474003,0.00346047419525508,0.0066149628183901415,-0.036979157543467485,-0.0034694954381377526,0.01343341810256165,-0.02773063297376533,0.0003004555093399017,0.01365268889544451,-0.008199315629146766,-0.0309766297171286
483,0.019813154532460468,-0.003616676510092342,-0.004332265398604584,0.1890049013132988,0.02788617279432314,-0.0614535087983283,-0.06252084708974522,-0.006154507417757682,-0.019591965159223023,0.011653039255505556,0.0024797683791568754,0.005100910025101033,-0.02350742308037952,0.008700383286486124,0.0004899435618546174,-0.01581391872085032,-0.0025560882593454624,-0.009021811145226337,-0.0003824789157135796,-0.035152955505571445
484,0.0088487754208716,-0.000762484336223425,-0.0043054513548864,-0.13220773714111814,0.006395794544597311,-0.06171433901633399,-0.05529115545631779,-0.005854009780614505,-0.026443956867960704,0.011953820824589489,-0.005359112785746333,-0.0018769552790405034,0.0028245940549407244,0.004583107001250574,-0.00021341555253748124,0.02183263665878549,-0.0018416111831841833,0.0046570408814597284,-0.0034244798943169792,-0.037359836082132905
485,0.07379377926553798,-0.003345188203054416,-0.004687116366548557,-0.028269980766436414,0.015652834284028968,-0.05835985397031039,-0.07679637653809444,-0.007793596667708451,-0.029856902820896834,0.011382968477449245,0.0013203830760438189,0.0050961803088897025,0.00751865380263339,0.006733190546752398,0.010186598147027395,0.010490438137422654,-0.0021973821925182356,-0.018248810387522164,-0.003332255067408487,-0.03670285530951679
486,0.017502548814805494,0.00015911037995410283,-0.004637179430808967,0.09736431502655067,0.025832290458895176,-0.061518796230307655,-0.05399457425423021,-0.006139108505269238,-0.02220440555330095,0.011705577190099082,-0.005836849194808012,-0.004116556119249905,-0.0037089518016703736,0.004244318429045429,0.008778337220465641,-0.005372771972323404,-0.002550816541286033,-0.022334726244378236,-0.0018965785119936312,-0.035467383809580595
487,-0.0326713262574404,-0.0038714908272317393,-0.004679045699424331,0.22490537252401044,0.015890534100126783,-0.0615772737380249,-0.04643270395099956,-0.004680227565301121,-0.02722084775654359,0.012208647292069372,0.003647084762664751,0.006462685145217609,-0.030478105597853678,0.007142545231776107,0.009958029576059324,-0.02155229622312448,-0.0022047925295221927,-5.963098046993232e-05,-0.0008797928900052045,-0.03668013347203585
488,0.043592967125421926,-0.003852310501272761,-0.004762025136112832,0.11706211453730546,0.0006284617644216351,-0.06046136244663471,-0.07056715522264681,-0.0069333109119791925,-0.020133667872756947,0.011948331047332103,0.003556551840383778,0.006588553545388197,-0.013520851875375328,0.004775308222592153,0.012325915388394724,-0.0080439075548361,-0.001662322096249371,-0.020632786108828634,-0.002430153696467853,-0.037544467151035224
489,-8.912521364443005e-05,-0.003879726840731863,-0.004417901600237528,0.12121889121654329,-0.015090210525297125,-0.06183514582779204,-0.05678317453478081,-0.0056184872960335095,-0.022733696103613137,0.012066242007291837,0.0036860927560714548,0.005925931130669073,-0.014241163972359593,0.0023382433484124346,0.002763894414588102,-0.00798894836849677,-0.0011230931465933218,-0.020192489163646694,-0.002973555915563394,-0.03717194676035784
490,0.05669280139340401,-0.0037642244867707483,-0.004334208310665653,0.2666955000033416,0.015320925584635681,-0.0596654457084488,-0.07425017487303104,-0.007156629590018186,-0.00992086343238447,0.011524373409388522,0.0031463532487481707,0.005465002849711123,-0.0361403680468282,0.006979738079476961,0.0005410683803548436,-0.02496098604885147,-0.002139619208135924,0.013029606339450899,-0.0005366803269869346,-0.03673409239756665
491,0.07064781787005507,-0.0037972744877888638,-0.004186023324174572,-0.03650782249837081,0.010063589365059562,-0.058622695771637555,-0.07877006460519353,-0.007466056348814698,-0.030235882474756417,0.011594588041406957,0.0032991870145994574,0.005235345543754931,0.01024859930069037,0.0062031837631748,-0.003296023817453209,0.010365518703328419,-0.0019515483271003782,-0.017078464384570533,-0.0031448795658948745,-0.03715268557989294
492,0.025586637862838116,-0.0036318209324728416,-0.0040298261919538446,0.2691277134362127,0.04269787179887978,-0.06126628524262074,-0.06427855566582877,-0.006249836504025502,-0.016197912289847648,0.011364056340664333,0.002547003853640865,0.004531103940348447,-0.03539964402094017,0.01087607665177737,-0.007204179704496162,-0.023570835921326874,-0.002948081630859556,0.013879423277539242,0.0025684295255353775,-0.03223769302104343
493,0.07961219671754421,-0.0018585969944765743,-0.004683761701260217,0.1841616069484421,0.010366023195402484,-0.05784680945167496,-0.06800244970783717,-0.00796205302292331,-0.012255240880682972,0.011535145013065448,-0.0034858401135923448,0.0011841521664575781,-0.013874749573713622,0.00527308709780968,0.010091545611665954,-0.01641407555424379,-0.002008160702057439,-0.01006941143055872,-0.0016519654199435875,-0.03713249120148247
494,0.09968178482526241,-0.002880918738613428,-0.004723398485779783,-0.18259072792616868,-0.014564984668923083,-0.055808980770981044,-0.07995127116432527,-0.008574211221960082,-0.04802300085615808,0.01256581241682773,-0.0004607005286357312,0.00393383813084671,0.024236255064202385,0.002879324350677192,0.01121875730287871,0.030263877411996685,-0.0011145318122418365,0.022122843926726275,-0.0010588104389916962,-0.037205086051562
495,0.09709382039610912,-0.0006109211252259651,-0.004616293279950396,0.14567938112652531,-0.0018922032586725765,-0.05609510959623969,-0.060311152683739884,-0.008430834268803322,-0.013991708275413477,0.011986635480305714,-0.005506548959387336,-0.002120818407214987,-0.006416779280823171,0.004290301146129275,0.008193575188947986,-0.011383650447375443,-0.0015700788831575403,-0.01702876660912956,-0.0025014142788573027,-0.037570991491475185
496,0.14194539028270242,-0.0006024222672219114,-0.004293855942986484,0.06421646673884164,0.03125575846773666,-0.050157844722778615,-0.06286836265645113,-0.009436416406107302,-0.021867229286551177,0.009863399470809307,-0.00551401366545244,-0.0022698335721046264,-0.004028725678083295,0.005238056690642284,-0.0005162970001911946,-0.001129027533978065,-0.0026584160849203843,-0.02376535771705995,-0.0023639621924037707,-0.0345897204884131
497,0.11708090270087627,-0.0028809081416004702,0.0045650638700458135,0.19286075089358673,0.06987613385298579,-0.05370581459358376,-0.08411043436749735,-0.0021672724445682997,-0.0065212919601960705,0.008168149877801237,-0.0004607382788627179,-0.01098866454462291,-0.020089556934821923,0.012730305376391263,-0.006463803076299154,0.015327027333998907,0.0007197276225424453,-0.008160346484736633,0.0027274249436948735,-0.023929294264494336
498,0.12006301427608931,-0.0015544658771549488,-0.004990735187513732,0.1191610728391949,0.04963649204861472,-0.05331397231483506,-0.07129548439308182,-0.009378700297399513,-0.015261388450812695,0.00917733367559158,-0.004147738097131364,0.0006615406565220442,-0.008029735979152373,0.0076880542966671316,0.019056863488495272,-0.008693684259239736,-0.003526524192645487,-0.020413993261270472,-0.000762828609358702,-0.030480699429285024
499,0.11979978323542326,-0.002610941818914953,-0.005105707333922411,0.13633849476839607,0.038365815836650594,-0.05334892964747795,-0.08201273773809913,-0.009458029035801846,-0.01315242423429555,0.00979473080415538,-0.0013794430134915834,0.003778084985772432,-0.012551558388419365,0.008626211111852106,0.022553864463371043,-0.011245466470713091,-0.003133173685071439,-0.01835248643902968,-0.0007759119502174537,-0.03320805176413317
500,0.06865250369633548,-0.0016223012001704991,0.004274850977314506,0.1823709799880484,0.029495018056194238,-0.05878410725418111,-0.06482206630479273,-0.0035370572089436073,-0.013757639311899026,0.010970543240807094,-0.004009562911545077,-0.007827967176037873,-0.012552397190709141,0.0064552087256413235,-0.013403431636516744,0.013214255527906981,-0.0006074294311247322,-0.010447002004536597,-0.0003807970816792511,-0.034891378078920766
501,0.10908387385257443,-0.0025053842592564343,0.005027934568697171,0.24540266470901262,0.06210116529089331,-0.05471128638221628,-0.07869545733997059,-0.002048603736494558,-0.0016282526033153419,0.008799799511639245,-0.0017152681253777614,-0.01077784511126244,-0.023487529502739555,0.010883333159002164,0.005604527773199902,0.023406335402897986,0.000694028993770904,0.006003258100952557,0.003947250055168834,-0.026697278135775774
502,0.12088991333566802,-0.0026771505743111833,-0.005169791217820622,0.09681685347102831,0.008801711403145812,-0.05320369405795957,-0.08292959664881226,-0.009541808374909382,-0.017997960152195597,0.01139370140308644,-0.0011620929960045065,0.004062913054807881,-0.008412748333765516,0.005515039509451738,0.024535964989781993,-0.005883319893070472,-0.001992602774038708,-0.022372958720723927,-0.0022833707022644665,-0.037231826369562245
503,0.1507162447412493,-0.0017567225518093411,-0.004926403678278408,0.2402103546441659,0.04900049182114854,-0.048754040881188676,-0.0779567730826946,-0.010269802478323613,0.005229943821921634,0.008543261528037397,-0.0037197140382928076,0.0011611272742267388,-0.01751042819688241,0.008050303486623746,0.017133245203488873,-0.02466709770550948,-0.0034783619729989515,0.004402397350048234,0.0024946604362169763,-0.030652140876159494
504,0.13650793380753673,-0.0008300390183126013,0.0034906636488388656,0.12227298672424539,0.08747968646359387,-0.05098825084051602,-0.0651675211059788,-0.0025951345917945524,-0.01380123576603433,0.006493720699823701,-0.00528466279190605,-0.005728023109887385,-0.006313092113403155,0.00763900630333668,-0.029737860029605295,0.005649135246107616,0.0005683120961591075,-0.02007634182993369,0.0006689428372730869,-0.01650380126398769
505,0.12472462942956807,-5.101672888533799e-05,-0.005367108870093391,0.16186859134164533,0.05340466715022247,-0.05268305566939186,-0.05603205823696397,-0.009820878737770855,-0.009484091987975216,0.008862086147747042,-0.00581614153652405,-0.0034964282072836375,-0.004537640983703598,0.004676664183502472,0.03078693702706079,-0.015474749171809828,-0.003822080725858772,-0.014396341932965113,0.0006206134170539036,-0.029421910793992527
506,0.1596355360770799,0.0018004721134747168,-0.005567872424837553,0.038020722421223986,0.032373966461217644,-0.04724503868593158,-0.03186831697207816,-0.011182903610155925,-0.025946268899886934,0.009530573091262875,-0.004205332402212836,-0.009212049794096256,-0.0048117395728562015,0.0020163461861273176,0.037376364823423,0.0024616792940705917,-0.003018057842303143,-0.023623859018255207,-0.002839450359192124,-0.034389796865027404
507,0.1500965964836582,0.0014244222660191204,0.004200296480442203,0.15883497988322332,0.09466252489568003,-0.04885582463438449,-0.0378541875533312,-0.0016671452782076725,-0.0073231818602347105,0.0054948722351836,-0.004859904843017885,-0.0013565407098783651,0.0015103937044852898,-0.0005724757895676163,-0.01510817123529556,0.010586378492637273,0.001236125278816025,-0.014922275632684156,0.002790327286962814,-0.013012308744918195
508,0.15685894185612417,0.0039174292794395835,0.004180934254600528,0.19650028737123268,0.0736204758072841,-0.04772359765483946,-0.004475032488580349,-0.0015280348527974385,-0.0006391152376433425,0.00668805593234228,0.0025938235085772757,0.0038426632931550272,0.017260257258969087,-0.006875836782724224,-0.0155456846995384,0.014329706291494482,0.0006245736083156696,-0.007324887050790726,0.003144810326080718,-0.022484422326908515
509,0.15996578839995676,0.00312817258437283,0.003996585137089164,0.22129195041191954,0.09135729735868167,-0.04718758856131364,-0.014088449987100224,-0.0016399113443314286,0.003812091926792512,0.0053247177474446015,-0.0005594348258158855,0.0018990209922307984,0.015774134280929497,-0.006599051262569116,-0.01960353907365948,0.016038672146374694,0.001003202512727312,-0.0010571523865536496,0.005688410207337952,-0.014652173078034528
510,0.156305082861094,-0.00020821166686393842,0.001984991052056274,0.09103516674587554,0.07610567544612988,-0.047818105739198244,-0.058558019735228325,-0.003686941967162978,-0.017470894776638064,0.006532733173361234,-0.005766577604999787,-0.0043792517353058915,-0.004240349601519202,0.005320650427462537,-0.05120899473788891,0.0016405450495468464,-0.0005559639472444697,-0.02274678400429698,-0.0010259045359785406,-0.021485286594379423
511,0.15257014431196622,0.007959953682204405,0.003793328167456798,0.15040522081044508,0.08860932427463954,-0.04844715141904181,0.045876318237487224,-0.0019980313803192053,-0.008383500574884501,0.005805449320077838,0.030270661649398404,0.010681139498833515,0.025622237809182574,-0.023325638960083623,-0.02385155946831033,0.008730837830291938,0.0007945909704212156,-0.016304658301016357,0.0020554808070258955,-0.01597242823446337
512,0.16499527569770422,0.0024033289827973914,-0.005333290969784914,0.1823832314605882,0.05218090575074732,-0.04629875380516557,-0.02286893534899383,-0.011126331627861287,-0.001887110994107721,0.00799851314100461,-0.002807729815135624,-0.010796760526900713,0.007595087230080187,-0.0005344691295366186,0.029699731431282808,-0.018320822053536398,-0.003758919127806818,-0.010444436358052053,0.001141593372453539,-0.029773839340029303
513,0.15008373583532134,0.003540691902403303,0.004057154376319966,0.2149931139341755,0.09742407486788877,-0.048857932932699764,-0.011241085454725002,-0.0018020600434631713,0.0012614017365992192,0.005310237670644929,0.0009969656262319576,0.0028307642698581644,0.017628167563460206,-0.008895989655549849,-0.018291811160548965,0.01568324661641464,0.0012113531760884711,-0.002744918399230399,0.0058886923674693736,-0.011598744240484236
514,0.16567904282654186,0.0006440721934938242,-0.00488415974074899,0.19157067659287244,0.009117352089289021,-0.0461758988755964,-0.047043657263546555,-0.010685096960697771,-0.0002602752733776985,0.011153679953368467,-0.0056857260183555795,-0.0054452860008793146,-0.0010279977274437254,0.004037481926495362,0.01588299844378641,-0.01805716974430045,-0.001980647770331011,-0.008451280386372651,-0.0016911551524237882,-0.037212804878989515
515,0.1981027166310925,0.003901963376858691,0.0035641257757421134,0.18043763908586802,0.1434176063023298,-0.03979614664425151,0.007618031020536054,-0.0013239977494414483,0.0018043844519670831,-0.0007354643207688352,0.0025249718824251624,0.0025744938182827625,0.014809309062901007,-0.016985130069245374,-0.028357456148699386,0.010717482286837186,0.0019561400901359927,-0.010848795258518512,0.0071143925940090015,0.017758644229088294
516,0.19205028155459522,0.002514671091642062,0.002914076427053016,0.18827798171895266,0.11751549635446168,-0.04106942024660146,-0.0162438629370025,-0.002215574044746519,0.0025855275815118684,0.001833581274198921,-0.0025026810686297613,-0.000693116598379774,0.008700422954636078,-0.006773006689263924,-0.03949700285175912,0.009151526488248686,0.0007706000100171542,-0.009181491779280786,0.005896888021725742,-0.00012391928633809985
517,0.19811592246952708,0.0019970182019747934,0.003455870719830572,0.20158904020779517,0.13705083221115194,-0.0397933271373285,-0.02358113653315353,-0.0014563379254514156,0.006017910893118447,-0.00018025898429531388,-0.003796803864882093,-0.0008901900509717797,0.006958310396941863,-0.00577259819510259,-0.030380837000166364,0.012105427454013344,0.0016942283579324676,-0.006120412897923426,0.008243201617504603,0.013040580132681273
518,0.1944049439250164,0.0038656480541537637,-0.005273843129204842,0.25908888151504245,0.04453344076644774,-0.04057855519203598,0.00593145287631639,-0.012027711329185896,0.01673671913162071,0.00797337267777801,0.002364411746463011,-0.01502637528610983,0.026098900415632665,-0.0025320831929102265,0.02780446047206412,-0.028998895102277298,-0.0034296248571157916,0.01043433540154934,0.0025266573944414156,-0.03179717957776375
519,0.1948198637421411,0.002938226127870689,-0.0056370824890568,0.1596549302953172,0.0558078522063427,-0.040491465728103845,-0.00889517370551956,-0.012479124335649768,-0.0026664739090496944,0.006996184158656302,-0.0012085587208093436,-0.012839892571211575,0.007782554716975084,-0.0020608282034338134,0.039701572785780695,-0.015884395477163027,-0.004033951524231244,-0.014781607065794436,0.0006881451879702752,-0.02870820345239676
520,0.18490951775937947,0.0012039451186650636,0.0032598630905397645,0.2329298558847922,0.1264762925209669,-0.0425230230905569,-0.03768705381076586,-0.0019316222719130845,0.009989123981218748,0.0014633348170012329,-0.00516606979635808,-0.002353569476014017,0.0037004328199072255,-0.0010543717985756246,-0.03387328909624499,0.013783011550794453,0.001266114653129804,0.0022320273996065407,0.009549369596031866,0.005668894714190028
521,0.19483898225017307,0.0026439581221706534,-0.0050478744675281515,0.16692459877894394,0.09415569602847321,-0.040487448571773006,-0.013634690369689789,-0.011769518165315374,-0.0012398477651335519,0.0036997979043340936,-0.0021301099307116816,-0.011131414763694971,0.007283994971656727,-0.00511063001940956,0.02078533522202559,-0.015282316738758933,-0.005255049571650565,-0.013486318472222045,0.003173255890045931,-0.0132674457871772
522,0.18575544921361486,0.001786882814748659,0.0027128798252436296,0.1791238470235937,0.12579162561370721,-0.042353570368265245,-0.02863769808127321,-0.002546504479407062,6.032247991658777e-05,0.0014734285014708617,-0.004231893213070101,-0.001900689556865123,0.004299504611886917,-0.003920197953145064,-0.04245343496140518,0.007883051822440314,0.0007429857615664557,-0.011118340935476253,0.005861211654330635,0.0052115908314531246
523,0.1824832843156376,0.00475219432110124,0.003944083845224645,0.14787678924085804,0.10548779994393837,-0.04300493617520942,0.015835670958452022,-0.0012000902394066067,-0.006084544992375669,0.003290046934613952,0.006728872911508989,0.0050062851028885936,0.01312308949089267,-0.015020512223621565,-0.02072351078651304,0.008862595730800617,0.001344813916871214,-0.016696619148704947,0.002761601069868664,-0.007244791033031532
524,0.18183325025954677,0.0029955919979642864,0.003930537259940695,0.15057968173159292,0.12627317970395113,-0.04313301770928601,-0.010909954097899,-0.0012295876083162946,-0.005647174474597545,0.0016474156618892617,-0.0010170043423575463,0.0015343548248375025,0.0070041939021445385,-0.009974132834648965,-0.021009923241763116,0.00908510807156235,0.0018871966016160606,-0.016277227268078388,0.003962917474794356,0.005532977639224727
525,0.17527758682288894,0.001810164238662823,0.0039732998241292375,0.20311352885496295,0.089548061389418,-0.04440035164184523,-0.02966708112561965,-0.0013257833988358505,0.003051932339143553,0.004857423059238273,-0.004186255615667849,-0.0007481246405212474,0.005982473912848362,-0.0016928082644387132,-0.020102219432569464,0.014204148009261196,0.0009386735703572817,-0.005751326595789748,0.004651174993365873,-0.015525818780737331
526,0.1878479140890528,0.0017679195040670242,0.003560919249847226,0.18497628843024116,0.07893004291713465,-0.04193124479262361,-0.028659578406360176,-0.0015288410130008248,0.001419104607300084,0.005249258724667491,-0.004268593471128533,-0.0011896290673125436,0.004580209301171485,-0.0008731887505751714,-0.028418355291590112,0.01109225611505412,0.00040952242175477385,-0.009895882228110973,0.0030473515416034494,-0.020310909174195067
527,0.19607008831842906,0.0007393693373707,0.0031068967893934304,0.11299054028035611,0.10303264070963228,-0.040227975704873915,-0.04427900069794916,-0.0019183700860955543,-0.011740267834168028,0.0028819018960815385,-0.005623399271422435,-0.0031461664931118484,-0.0023664689882292498,0.0018096445550358244,-0.036445682989246685,0.004301627348602672,0.0006391978019656424,-0.021036643311811078,0.0007078671369050244,-0.008606142409343837
528,0.1530736995850034,0.006101629797066513,0.0020255164719512183,0.25484719226237673,-0.27374811812296723,-0.04836318152657441,0.022377771991954436,-0.0036812656224733033,0.007931562701446645,0.0305397275871474,0.015152629159032408,0.0015674045303659696,0.04300885400456479,0.0667554969842793,-0.05080144415798291,0.009127918098367339,-0.005019514738840172,0.009028255888664658,-0.031028081285498117,0.15297998378435376
529,0.12681705210111355,0.002227505116338183,0.002767722243078361,0.13429828609185457,-0.34835964170966527,-0.05239256661993678,-0.03160686170597444,-0.003361227034308097,-0.012865187001621264,0.03180403668155051,-0.0032596478380484484,-0.0012627030714725586,0.002784447792989003,0.03219190008878412,-0.04167059478353263,0.005166679251855581,-0.007832323470271447,-0.01862260869094092,-0.01701773041581459,0.2723065366492652
530,0.1416939938172518,0.001889991305739501,-0.005544416154066372,0.15003767635556914,-0.3552689049729873,-0.050196910826533984,-0.033164838740782264,-0.010543568289874258,-0.009441833110388044,0.034414381123580716,-0.004024917004773772,-0.009467495054115921,0.0028087775185620463,0.028150355894911237,0.03659455498180681,-0.014204251343544668,0.013242803239634717,-0.016362285444292704,-0.020217191330935528,0.2848170375096815
531,0.13169794897164808,0.004365446272205443,0.0026880181516370284,0.1041138442916139,-0.3392111612691584,-0.051697388519405196,-0.00702505324428866,-0.003354803490639932,-0.016570326502135715,0.03197410161949914,0.004710852363685535,0.0014199148253907583,0.004472559398696647,0.059261961271576194,-0.04280263420277964,0.0031178198359412,-0.007471850274637659,-0.021823064557791542,-0.011307874287686589,0.2561224352859719
532,0.13427429754366005,0.001597646136435102,0.0024017844470956406,0.14356183105351103,-0.33071756352890747,-0.05132052685511423,-0.03750512384722672,-0.0035600268075066206,-0.011016397601325752,0.03182741166118229,-0.004579114623727968,-0.002390250766574367,0.0013456139724538716,0.022780803786172022,-0.04656751044332689,0.004927577006208986,-0.006642991543452556,-0.017341366295194706,-0.017872284081807657,0.2414853951117785
533,0.12954649431915663,0.006752772095113577,0.0028310440943359514,0.17214486258047365,-0.32652562943405017,-0.05200684765491538,0.018394904475439986,-0.003268724386988107,-0.007617345245542294,0.030927803856161437,0.019986030003714322,0.005018038017557738,0.026715040471236465,0.08707148781693154,-0.04074524926297575,0.007799453241255436,-0.007583438122247199,-0.012502833317731901,-0.02253028996312326,0.2343993095636259
534,0.13315232437854996,0.0007110685488394937,0.0031094769507313278,0.15413239559740388,-0.33050987530194387,-0.051485488457354504,-0.04759573607762843,-0.002979737631280156,-0.009668898137215788,0.03165955691984414,-0.005643027549512976,-0.0031883729735186156,-0.001508415055822356,0.011535178696695274,-0.036403406325343474,0.007320300785009068,-0.008318050067017795,-0.015707787470944628,-0.019679744013458365,0.24113217131359635
535,0.1580893885623499,0.004418059741996211,-0.005552970424662455,0.10859693966664033,-0.3481329066234556,-0.04751250638147575,0.0025066883079317716,-0.011114887469133541,-0.014587655204188,0.03635281537138751,0.0049750114437192945,-0.017287185188429012,0.005325392427254897,0.061422322698089275,0.036879307592919186,-0.008054218087743837,0.012964948330451337,-0.021442007532549975,-0.01235246120508313,0.2719001861502339
536,0.08280181359679169,0.011807717972434831,-0.0012643743473635758,0.13332500730620994,-0.3430501602661558,-0.057550731719474994,0.03054182869188439,-0.006202099032331259,-0.01633599885466853,0.02517407265283873,0.07452928938786985,-0.013483007377690913,0.0322714996536393,0.15779802923811767,-0.05321707837061853,-0.0030567466201140213,0.0021921095827785336,-0.01874907010954512,-0.016621629192213196,0.2628609562579664
537,0.16649147042701581,0.0011497346319166103,0.0027969577180439226,0.16669483750051148,-0.33670194512077617,-0.04602929964024778,-0.039994735730152456,-0.002739944864963239,-0.0043491676051595415,0.03673279842245208,-0.005232561989652681,-0.00268972026140049,0.0006997410195817558,0.017335790983897037,-0.04124622506786253,0.007340844826820492,-0.007690875359849312,-0.013528580269261691,-0.022203871702242386,0.25175935999416355
538,0.13140018778919732,0.003490702252119192,-0.005301691348176909,0.17688423276938228,-0.3378582623745009,-0.051740502538476986,-0.016831293680813233,-0.009988765300906723,-0.006767901606456168,0.031851748840759704,0.0007976648161037276,-0.013973200019212796,0.012316206635666611,0.047708495181816114,0.028689771571079586,-0.017433680951587305,0.011924205887365771,-0.01157132177806764,-0.024062849214273548,0.2537659312081078
539,0.12120296832257087,0.005100239902379491,-0.005327591818824708,0.170418572964221,-0.3447389509734019,-0.05316175971094464,-0.0029789277869149474,-0.0096732708958636,-0.008778965689607284,0.030785946432083107,0.008695858381577524,-0.01879980821439321,0.018770772992717653,0.06987995891668868,0.029517156588186072,-0.016589604174108322,0.012264739656886448,-0.012832997783438799,-0.023344950525702193,0.265849464110026
540,0.11111415166869647,0.006473344184795693,0.0029134138465085955,0.17349774817351313,-0.34359320045397884,-0.05446227096167737,0.0060864837210428705,-0.003491732259148407,-0.009550471559868857,0.029270759576867568,0.017850557438562,0.00491232895083711,0.02576365508442652,0.08775325179777459,-0.0395071201753313,0.00814051349578118,-0.008104901757665178,-0.012240676036105295,-0.023825720470122987,0.26382031451892357
541,0.1259957506621723,0.0027437151565841635,0.002914503915595946,0.1345965435298081,-0.322440223362343,-0.05250712596832792,-0.026235652024612383,-0.0032563622774945933,-0.012889667617975348,0.03020986937119309,-0.001829153570027253,-0.0003680700044188775,0.004427637130876574,0.03647820283958744,-0.03949047394629853,0.005487781955138551,-0.007700293396199131,-0.018583544753684143,-0.015982110986853208,0.22758098450727082
542,0.10843672951343214,0.0022497933207615193,0.0032715384579468307,0.25219779143821525,-0.29930591742971774,-0.054789764895727136,-0.03444231562781141,-0.003285461833956736,-0.000980822004786292,0.02669464290165943,-0.003204380045204597,-0.0006664602407962904,0.012594397063597577,0.028485117782788873,-0.03367143259882981,0.015328481822394971,-0.008020963765061437,0.008164944660863083,-0.03330197105661365,0.19060387486594985
543,0.14577487569533087,0.005164525526878338,0.002384974167967353,0.12308304744915213,-0.2858922314791006,-0.04955469022410738,0.007464976387390536,-0.0034290297194797116,-0.013075350916295157,0.03049645053450699,0.009074811243485945,0.0016448907923409571,0.009755413599063265,0.059296640336879855,-0.046774003270611784,0.0037690581589581956,-0.0059116941227699395,-0.019985848196111676,-0.012735685787969362,0.1704350668910818
544,0.13171829467514934,0.0038634891114658365,-0.005604956885947787,0.12737109368767524,-0.28624591650181697,-0.05169443924393859,-0.012600821638741093,-0.010251442644867343,-0.013424844413701259,0.028836376425013452,0.0023549154760458537,-0.015676661477821926,0.0068862179116134245,0.045105575331092114,0.03861885065079564,-0.010947187780552332,0.010472669942870829,-0.0194889325573727,-0.013386045473837016,0.17095489018376914
545,0.13717761916131008,0.0023145764177663407,0.003390018358619211,0.19224195391829982,-0.25226477475693504,-0.050887624798610746,-0.028886000246389643,-0.002669249089483242,-0.003929527319760653,0.027396809711887175,-0.003040409612504394,-0.0004250817257248364,0.00799034224254853,0.025269804935930933,-0.03157878062067051,0.011104646154165091,-0.007207622905934791,-0.008300235733487236,-0.020576498555002026,0.123974593862649
546,0.1502316940264004,0.0016380768040506002,0.004464481192667741,0.20110483220716738,-0.2146991931780062,-0.048833667228221266,-0.03515097527053985,-0.0014153100372402742,-0.0008410472132193283,0.026251477561558916,-0.004508480499053968,-0.0006966316850739755,0.004863753413290486,0.016565041147673803,-0.008923677888263433,0.015860496776435265,-0.008003078988696748,-0.006236846171043495,-0.01884711861468048,0.07900776472018115
547,0.15727162951357201,0.0026825698344185656,-0.005389051863833014,0.21106420103250886,-0.1478999885578139,-0.047652972547790474,-0.02058415302672186,-0.01092564120301918,0.0017447661320334701,0.022200118830435676,-0.0020150156675319687,-0.011702495098875132,0.011847664202409824,0.018554201925524007,0.03149588877433133,-0.022654188852155907,0.004384038878417351,-0.0037647837036274183,-0.014467728450500511,0.017124466415199255
548,0.16125215790093986,0.003549944041166528,-0.005563341358143663,0.17198768155691363,-0.09097777486721081,-0.04696274056206718,-0.008106486015711168,-0.011234067483726858,-0.004049401079820798,0.018359138704984332,0.0010341758742887755,-0.014623550612341264,0.011946439358245681,0.015915835558389473,0.037225095967375096,-0.01752512029184182,0.002172449693937668,-0.012533097062544645,-0.007982698146229797,-0.01734775688140557
549,0.12460623852157546,0.0030028617569475623,0.004000787755685942,0.17404867425174844,-0.019433475937424026,-0.052699356668401774,-0.023786275702497476,-0.0024206013290953747,-0.007932926757622083,0.012965152362361227,-0.000992452107013252,0.001655721327002057,0.009661703217207046,0.006125483285167233,-0.0195132039856552,0.011514690413544927,-0.001997747278886037,-0.01213306129261031,-0.003590308000614718,-0.03684307840641958
550,0.12656592053253748,0.0014174943742637559,0.004140668456901852,0.19211187449499167,0.0181496361313411,-0.05242766964942691,-0.04032654339915568,-0.0022650366645627115,-0.005354575715706481,0.010832273651173332,-0.004870398250368959,-0.001411718478873277,0.0031480085037005998,0.0032385863471368214,-0.016448651884364115,0.013745316208524764,-0.0009577207984061057,-0.00832956261660175,-0.001035686255554797,-0.036449559141707256
551,0.10604552432381903,0.0020349674269961814,0.005286936600275321,0.23519804878060852,0.07827815399923778,-0.055075993815340785,-0.03679475332082388,-0.0019585058176000286,-0.0033144217842734037,0.008099015555829878,-0.0037126737682225985,0.0010236898065583754,0.009670978977492594,-0.001667499059548194,0.012893839063055992,0.023357388546262927,0.0014044578556964404,0.0028988891778888334,0.0051341665075557204,-0.020585638034939683
552,0.12307769221233898,-0.00023359427345251795,-0.005391906237255781,0.1846805818713349,0.060293510630811176,-0.052908519669898124,-0.05791308494989915,-0.00978542128438681,-0.006759935590848399,0.008517728097389703,-0.005755839746325349,-0.002945427888824054,-0.005636094773616323,0.0051711060008207,0.03158831321803103,-0.018845823682995828,-0.004113405562425697,-0.00995899404749734,0.0017617714171173692,-0.027295909751070175
553,0.11051162013368741,0.0032441226950310252,0.00419219633852747,0.2270242180502763,0.09203391931669498,-0.05453661602977735,-0.02470662378564716,-0.0025983165533999615,-0.003475350433547593,0.007253897758019356,-0.00014225653561093823,0.0024535118581728824,0.01722742758671459,-0.0071016221305764725,-0.015291465692576016,0.017455180827155293,0.0011555155248014466,0.0005352364386589086,0.006032241716204725,-0.014321083847165607
554,0.12879073884794676,0.0024309901311407134,0.00420303100109236,0.17975938641506492,0.10755424625810114,-0.052114419316907294,-0.029064278217892193,-0.002163025368015974,-0.00669494268206371,0.005621922076483162,-0.002733311276307742,0.0007617375098604399,0.007498166204581661,-0.00550137064551666,-0.015046207999699026,0.012713920534940712,0.0016064359573444034,-0.010988302488980934,0.004705412704528238,-0.00607474774264007
555,0.125058294301751,0.002248800242061409,-0.0054858976080155745,0.14104770818587659,0.07203205524382852,-0.05263703618985597,-0.03167236004287692,-0.00992608997597901,-0.012131165988458502,0.007802043779458892,-0.00320685504965751,-0.010508820643859287,0.0034083238476305218,-0.0018267474805210605,0.034657863757077884,-0.012737483326059465,-0.004643467571095275,-0.01770298061822821,0.0008546468304711911,-0.02310624392437441
556,0.12844034770649182,0.002354820987102797,0.0040437562159174245,0.1431126804615342,-0.18171883236250302,-0.05216409274678028,-0.029955271579933676,-0.002300593272778575,-0.011576408090241982,0.022390529525778243,-0.002936053665147129,0.00041361917787471474,0.0039466321448564335,0.01961255738507444,-0.01858378389364796,0.008638255028223801,-0.006453352181865813,-0.01740672801675937,-0.010865587175328241,0.04556241973934272
557,0.0931290857098094,0.0054369011576066145,0.003785075997784477,0.19020205212029118,-0.2911038829490335,-0.05652004646988329,-0.011297324162548363,-0.0032494123912891683,-0.009974510248336576,0.024424578009727624,0.010734529945436073,0.005903087519537484,0.024398771536106742,0.06334566999099991,-0.02401902020698934,0.01231639512082114,-0.008913322545069307,-0.00875695111291454,-0.02307478585145008,0.17816046277476213
558,0.11001989367753584,0.0024339173005150584,-0.00548073821573595,0.1833887344442087,-0.3192798334799999,-0.054597011368262754,-0.03244612701528644,-0.009411391634982696,-0.008545240624245795,0.027894312282155075,-0.0027253832919500545,-0.011067916374953211,0.00783849336033167,0.03236885431370098,0.03448805448856959,-0.018952649339930412,0.011587844866661302,-0.010233031184029509,-0.023949714046599284,0.22236583991094663
559,0.10163416932583307,0.0030302831892861943,-0.005164129707761168,0.19388769494455718,-0.33720576038195965,-0.05558854707003765,-0.028759488546978466,-0.008919761802516095,-0.008471076254550191,0.027608457951718065,-0.0008992800633756611,-0.012400290181673872,0.01203464322055131,0.04167076942881915,0.024359906775967218,-0.019364000376564116,0.011565101233629046,-0.007926805875763512,-0.027003684280818688,0.2526327842532546
560,0.086284277387273,0.0019444762467308793,-0.005225922995518159,0.1944747761486762,-0.34261257479997126,-0.05721547735880058,-0.04044503937689169,-0.008462120077159586,-0.010478537166211539,0.02565703995930481,-0.003910479116481576,-0.00932930097991749,0.0061530773172384125,0.028009006455728173,0.026291468338513917,-0.01966755435823835,0.011928902544186262,-0.00779252048523747,-0.0275037379984031,0.26208901152622205
561,0.03233800610862091,0.0008921717079663474,0.0036101998686908702,0.15977610908175577,-0.34409816950197264,-0.06100370477357891,-0.05158598053811643,-0.004563668320857994,-0.019124259806890122,0.01793929104356015,-0.005501092116944298,-0.002711882811068858,-0.0006355283627979804,0.01422626317939928,-0.027475891216406187,0.00908700706594009,-0.009835531142611988,-0.014760724624743178,-0.021400619329279127,0.26471378688842157
562,0.0269949357411793,0.006536163469947238,0.0046323239119990655,0.16988375034931827,-0.34843368013731496,-0.06121539628366857,-0.03594432813015491,-0.004453761829955068,-0.01931874500800913,0.017234358549112802,0.0183226118967314,0.01085527164644263,0.0251517717116986,0.08977806216752657,-0.004786486501243092,0.01298465907178388,-0.012497307532571805,-0.012934296633219038,-0.02347271395352776,0.2724392847153736
563,0.050688087069438496,0.0034585258319489074,0.0037302742678785405,0.17576083745834556,-0.3483107354412057,-0.06005226906273999,-0.03841626839972923,-0.004156550838090095,-0.016348718037177492,0.020690447949790004,0.0006709426234807144,0.002086596739537139,0.012016163610076415,0.04863325289679817,-0.025121194425328643,0.010837354663165882,-0.010238058816991963,-0.01179544642177307,-0.02453044666156431,0.27221886517326194
564,0.07608297652887897,0.0017833607755500405,0.0033554413089230684,0.21015237023308353,-0.34415517831758413,-0.05816217186065516,-0.04298683601175462,-0.0038217678564235035,-0.010574186708375526,0.02424796740615677,-0.00423874161213416,-0.001342433246731801,0.006279693874700387,0.025990258329347714,-0.03219782124677544,0.012407848870872151,-0.00920761230361108,-0.003997864385914511,-0.030424305282517966,0.2648147391168458
565,0.045578970285928354,0.0028308085043552253,0.003518647746905558,0.1903425315143927,-0.34788427920059545,-0.060352089915065625,-0.04245902776203709,-0.004329818674956935,-0.016183383043248883,0.019935011708950307,-0.0015567993738494052,0.0006213475247633819,0.010573063436093478,0.04020313661992979,-0.02921567084045933,0.011400246458503963,-0.009698863661822649,-0.008725717405767308,-0.027142870918000276,0.27145490706135644
566,0.0617998467104743,0.0016946983615680133,0.003348475221717239,0.17286416001213026,-0.35843969217328564,-0.059307159324175664,-0.04534364664353907,-0.004087136464179791,-0.015247228517657795,0.022613749578209826,-0.004406317483270313,-0.001494629948165968,0.0034686311522829504,0.025679728355020102,-0.03232170639166993,0.009419027158632937,-0.009510291259560441,-0.012363823389985385,-0.024634524797191436,0.29064121060820475
567,0.0676008245419791,0.001497230908936228,0.0039052832480505526,0.1745495075411177,-0.36512749402689265,-0.05886752913219303,-0.045821720332507636,-0.0037291330707545736,-0.014461872192497803,0.023700694670207852,-0.004746198643283882,-0.00141705603540663,0.0026434524005090644,0.023315889155189687,-0.021541051985308028,0.01126856073118139,-0.011119951596578182,-0.01203480034442649,-0.025370200970720437,0.30309647534066353
568,0.08303462451005186,0.001236911125002695,-0.005354872763771521,0.14650201230081542,-0.36550467047014856,-0.05752870967357701,-0.04605129148767028,-0.008426750360585142,-0.015154339750482623,0.02607741308037947,-0.005123939301670151,-0.007341548349350054,0.00021429792953490988,0.019685086708228557,0.030392803009915436,-0.013230841376724365,0.013174535988099546,-0.01690534789446005,-0.020057702201249243,0.3038058328418823
569,0.08968425857340688,0.003313568383840921,0.0032521389832913094,0.18781148224253041,-0.3428569898057088,-0.056876085453040036,-0.029289571917632252,-0.0036320345889394832,-0.0106513242541038,0.026155231320080213,0.00011520034757205905,0.0010100340539589514,0.012825156911748648,0.04602730470094344,-0.034006401994299336,0.010276356436780218,-0.008924268458367255,-0.009283510998368341,-0.02633307223060728,0.26252006173194714
570,0.0951262481782587,0.005835871389204303,-0.005581190921100078,0.19738094718792193,-0.36160051794391895,-0.0563080205612657,-0.007178134827397907,-0.008967469591288472,-0.0089957097744798,0.027758754974740125,0.013323706415087596,-0.021753801996648024,0.02811763882575361,0.08331928188765818,0.03782168249712759,-0.021378684598114463,0.01360378643335107,-0.0071194732208816015,-0.029445156685372634,0.29649897968051936
571,-0.08950515500001333,-0.0004590834711454078,0.0036193645056602,0.23446272671220897,-0.3813934370141682,-0.05850444425167656,-0.05022185603731205,-0.00699080955043943,-0.037293063319990105,-0.0008988929989707952,-0.005627067899899932,-0.005129572571343059,-0.007946641706061304,-0.004465265923966461,-0.027299085979629312,0.015561456369955437,-0.010766432960649221,0.002681777906868747,-0.038292921609438625,0.33435805147170217
572,-0.13615857825407154,-0.0021695337457765286,0.004769934431950688,0.1570134078362075,-0.38793987271426666,-0.05349003061883845,-0.030753614409532955,-0.00878940266719089,-0.03587691264049144,-0.008711790154001108,-0.0026962770421920536,-0.009607424438197058,-0.013002873285277845,-0.030086046231325814,-0.0012739010866252704,0.011900945348186191,-0.014132397693909806,-0.015230842390551983,-0.023264492215964088,0.34732690344212364
573,-0.06962973150541477,0.005229978392348521,0.003210352943768314,-0.05725207655335585,-0.38225822471838483,-0.059958194776867355,-0.07860689051630194,-0.00644696995104245,-0.016738918871433524,0.002257257144395884,0.009465655717048204,0.0039563012569376246,-0.025987636575148826,0.07897971166831404,-0.034720583512157115,-0.008458495772672206,-0.009664424051541162,-0.013639368648059492,0.019689126320529618,0.3360585035175875
574,-0.06912661411636646,-0.0013658132254837215,-0.004774699758865958,-0.015006105751881276,-0.3940775710712635,-0.059989702335136626,-0.04684652712956368,-0.0035812896505758433,-0.019250245242305272,0.002036399513175238,-0.0045034557212912255,-3.7803204022311886e-05,0.00033706440712958697,-0.018474697946103923,0.012691074378887942,0.00896583136245198,0.012690851205209068,-0.019899827233869086,0.011710638813673607,0.35968789007538926
575,-0.09493340147755092,-0.004289316107541643,-0.004931247874283814,0.12796129156331623,-0.398570194218911,-0.05803650931418031,-0.023811474795223914,-0.002733021355071698,-0.029393190166707894,-0.002392283221858718,0.005727005159732324,0.008153647121065137,-0.016478725438120904,-0.06346990811679769,0.017277267905400694,-0.00976501723431607,0.013302548753090783,-0.01941818212614838,-0.017805256759050585,0.3688596207305298
576,-0.10631138969098568,-0.0015737720761054264,-0.005312755565953046,0.14675581213584524,-0.39058912646583316,-0.05695698514625694,-0.0408119069903239,-0.0021632131360547306,-0.03196485547235716,-0.003965426605940595,-0.004108965763011759,0.0010087293400830298,-0.009925656937454149,-0.021389955059600764,0.029042744701315536,-0.013167594501115681,0.01407381892446496,-0.01686704694561914,-0.02132050265512402,0.3526383910589885
577,-0.07399549326365101,-0.00015860453730297762,-0.004789348178756653,0.1557374330638518,-0.3886360558111074,-0.05967381885737658,-0.05250820158460954,-0.0034306675424593154,-0.029656477894043572,0.0013817060715351698,-0.00578536824636379,-0.0032656961269847276,-0.0049187734933764625,-0.00014984563499606545,0.01311424723297807,-0.013089496248217987,0.012533868258855182,-0.015443752999517914,-0.023043703207779934,0.3487191549676865
578,-0.17221689750017072,-0.005083039307605717,-0.005425602099167914,0.21720440717680753,-0.41542986684420885,-0.04807500199247663,0.013561123762822013,0.00011823437216912755,-0.04891380643039326,-0.01647559854370573,0.010245586312508641,0.011717225090795614,-0.03698444306412421,-0.079016916560446,0.03268291667420855,-0.023695333590319688,0.015410765216247247,-0.002159801299512922,-0.03777084753961034,0.40421224320840754
579,-0.06014270675586296,-0.003521901887114279,-0.004867609154232649,0.19363718576283487,-0.39015231777612996,-0.060508324477556164,-0.03913441728411125,-0.003820465658478842,-0.03018178912389226,0.003606422163744103,0.0020651524179915817,0.005912336777405627,-0.023671551346765816,-0.05053668840038705,0.015395960942313975,-0.018270345922608032,0.012808526633691182,-0.007983934126716287,-0.03082480221191629,0.35176012763803627
580,-0.178481588268953,-0.0047635208025902575,-0.004958789657824889,0.23762471524029455,-0.4022855923092594,-0.04699735392760803,0.011855344924593272,-0.00014043201216444926,-0.053233358335601506,-0.01662523595177944,0.008337192498386145,0.009533861972398555,-0.03886452561119862,-0.0714297618487752,0.018098671211479768,-0.02447580782166318,0.013521480904651178,0.003621665840610849,-0.04092784795909851,0.3765237146844733
581,-0.306668549093446,-0.0028177481196126567,-0.005009615053987261,-0.041439903367118336,-0.4068011530573496,-0.016050835612978508,0.015696373689190832,0.003905452692765377,0.004210400460399184,-0.03882324759738277,-0.0006833817458795443,0.004216736048429452,0.00733511784404775,-0.041892752090744875,0.019625909895213806,0.012952051898392637,0.01384028227691111,-0.016324613557074433,0.017775452168740914,0.3859347516604804
582,-0.19178432543813861,-0.005203454935792761,-0.005242702190797595,0.14704240399084068,-0.40071199769274873,-0.044574670709250905,0.023397114330831175,0.0005779381201940194,-0.039613947000672056,-0.01874826486419997,0.010996054993259842,0.011561211099586709,-0.023094236360876926,-0.07789978632313252,0.02681974218023341,-0.013042075054452373,0.014279630729178651,-0.016823670619803454,-0.021870438423992916,0.3732689769363038
583,-0.21057112091539892,-0.0010328729800993884,0.00353246711139881,0.01996293536546596,-0.38983734259748726,-0.04084206737208969,-0.03532859530197485,-0.009300802575963397,-0.0165919541274604,-0.020978943021440818,-0.005028762502736734,-0.006103637100382851,-0.002167824389094693,-0.01324619095974495,-0.02895614116665213,-0.0028852186333507782,-0.010728702852617584,-0.022872399877288802,0.0044569784289683195,0.35112744109752136
584,-0.21669603710909527,-0.0012163678895196917,-0.005215875284523083,0.010966988295831407,-0.3969809159957585,-0.03954639924779794,-0.03173844380077964,0.0013556249633111367,-0.01458739567730976,-0.022607588749800785,-0.004755429522542666,-0.00011976495557944686,-0.001444151115613727,-0.01636582499991679,0.025975900942362937,0.006108325646109049,0.014054800588385303,-0.022298889112205674,0.0064460673500925155,0.3656031303888166
585,-0.24290917269595297,0.0019194623699081517,-0.004997915174658581,0.13457009638539702,-0.40931493497752225,-0.033563724254839895,-0.08708913500016432,0.00190224497333314,-0.041360814895135746,-0.028191678170188587,-0.003963452223696317,-0.00904011635576745,0.0018409786647518047,0.032274109721720234,0.019273030041377977,-0.010780813463714487,0.013901551934436318,-0.018587014521517644,-0.019628790351950646,0.3912196301765762
586,-0.16055151661534672,-0.005284473715717986,-0.0053687880725776455,0.22701450687494001,-0.40896566082555397,-0.04997371403394009,0.011160318393610834,-0.00032512845146966894,-0.0485196368646844,-0.014028037584432992,0.011510620220668113,0.012162043722983006,-0.0403473907748677,-0.08087581777523573,0.03084109241730643,-0.02487260595424519,0.014978282624160611,0.0005324932586304735,-0.039309093334088184,0.390483369321093
587,-0.1771826387653583,-0.00260866213653003,0.0024924030129725764,0.08228550695582093,-0.38688882863461416,-0.04722412770130394,-0.017399148577549324,-0.0076145943843863835,-0.02780827758900291,-0.015310816092654693,-0.0013868346196079036,-0.007334259592452548,-0.006738340940055353,-0.03651342438723229,-0.04542644722004474,0.0016144328199476064,-0.007768090441731846,-0.023208467030924593,-0.008152466458226669,0.3452297501556625
588,-0.20276810481104254,-0.0037678836923242943,0.0050297818813568405,0.10572570126471793,-0.3888320648253896,-0.042436626163517795,0.005980733780842232,-0.010869987525984167,-0.032874119335186205,-0.019620927257662513,0.003163211121841889,-0.013990512787775945,-0.011582338613039448,-0.05402128519002205,0.005655155340835053,0.006300277101008644,-0.014887399847392471,-0.021689846002148704,-0.012927257722350224,0.3491115941635614
589,-0.19882191417167805,-0.004800394276542602,0.0036615346394444502,0.10781181404574776,-0.39028870044798747,-0.043219105259068635,0.020305503341360734,-0.009217898625980155,-0.033061017216511016,-0.019094400671864534,0.008551277338515802,-0.013019780489834865,-0.014057217429910127,-0.06970970242927862,-0.02647932410095848,0.004682065674634615,-0.011101303923475372,-0.021511117965474866,-0.01339045482273225,0.3520342373515708
590,-0.2688108586416611,-0.0043465118971945825,-0.005302057831247155,0.11787117161128283,-0.42461467685517595,-0.026955396082809252,0.03832637673089059,0.003176126733370762,-0.039177890921480156,-0.0343194049928774,0.006027756257010388,0.009196437977372877,-0.014873605790035055,-0.06885873937631447,0.02870145194729899,-0.009026892183760052,0.015410933782340902,-0.02054930496646117,-0.01657712153157156,0.42409191252829775
591,-0.08484308391462667,-0.002961436122255553,0.00027288946572637127,-0.055694305802278486,0.017096774245157487,-0.05888205125372298,-0.03535504640187509,-0.005389088440762995,-0.015217429492202058,0.012656092299045808,-0.0001700436430769914,-0.004093897013688702,0.00960161472347277,0.006634511054169401,-0.05981811123112068,-4.378768297528026e-05,-0.0015401048688607596,-0.013922081774932505,-0.003678978128555745,-0.03656031213980391
592,-0.021878405541374067,-0.0038081789243832277,-0.004745539414997385,0.019603801322103067,-0.02843236053427663,-0.06178407821388467,-0.049925465041809926,-0.004990261988687362,-0.0228470709428616,0.011877723263366358,0.0033498954444463316,0.006436144109764465,0.001627798873553273,0.0003379470807230708,0.011852336928081138,0.00447686782810195,-0.000611263598600622,-0.022852042490618847,-0.0020677324348163,-0.035850367468056636
593,0.12109942042771815,-0.0033599477307699552,-0.00508151808423954,0.037282688155518134,0.019444672824922755,-0.05317564135778987,-0.08999590097062822,-0.009480674141246788,-0.025430097274100106,0.010809324427506064,0.0013811773625260744,0.005869174668217755,-0.001400970966157871,0.007256200743123894,0.02181182230389569,0.0023580886493538523,-0.002395935257802511,-0.023603606304848545,-0.002736832150005007,-0.0363054470001774
594,0.07637148276043278,-0.0037611441296185196,-0.004732788427908981,0.14497169531075615,0.01870600595942778,-0.05813687424170264,-0.08031022579930887,-0.00789201796340085,-0.015870428687927655,0.011253346754886954,0.0031321743669738226,0.006284561155444828,-0.01755336114608863,0.007487665547497475,0.011487114171841376,-0.011565848189536026,-0.0023135353898569248,-0.01713405395866197,-0.0015236666749458734,-0.03638871174661896
595,0.06788738294069885,-0.0037857778405617237,-0.0038164653478587143,0.0459001677067129,0.06365609296831068,-0.05884491175531291,-0.07784010751525584,-0.0072258475445031905,-0.023916629020041692,0.009876030246888864,0.0032458766241997587,0.004436484378094801,-0.002437924270849662,0.014323941217268508,-0.012316391809723042,0.0009026275492315384,-0.003494953130292115,-0.0237845190755902,-0.0028344346788849962,-0.026168783294455034
596,0.07098031816988057,-0.003740172409138529,-0.004878985669456867,0.11794080877199523,0.07030345613622126,-0.05859539856714577,-0.07851328368243701,-0.0078018466126982405,-0.018414468490017745,0.00956574023162331,0.003035939203303514,0.006530650120302428,-0.01337936838028204,0.015203295237058165,0.015730571110212116,-0.008347494778801283,-0.004251393883398663,-0.020542069506130977,-0.00010792103364198494,-0.02376807390532544
597,0.03298570590819047,-0.003299326820911174,-0.004857747303179374,0.21029062062146953,0.04306867028636129,-0.06097604023153142,-0.06538928854969975,-0.0066419405674848974,-0.017030539410435436,0.011215818603327918,0.0011331212414636407,0.005287732721662479,-0.024698230801007415,0.010342441338243483,0.01510650153254723,-0.0204180531707578,-0.003233431660611361,-0.003962612565153207,0.0011993536517795921,-0.032150114381911954
598,-0.08340877839039773,-0.0036149248080999405,-0.004594929284079661,0.21700081643754235,0.029285844372163753,-0.05899371033446206,-0.03184130355660985,-0.0032355963964634245,-0.03498051409031769,0.013028561672277299,0.0024720089536133007,0.005621237503709557,-0.027607136802176125,0.008901309602047885,0.007598024289898685,-0.02020162210271147,-0.00266320605301529,-0.0022140067079316293,0.00018526664584351954,-0.034926146168140895
599,0.03534561225203525,-0.0036006458784144544,-0.004688516252060584,0.19292915131367383,0.05975452333623084,-0.060871580467737656,-0.06708301586399973,-0.006669205035159815,-0.017412848956981822,0.010859837003283286,0.00240889337480266,0.005770600872520454,-0.023996804707778582,0.01328573790791227,0.010226282203338115,-0.01754108532489236,-0.0037738311140243725,-0.008144844979396125,0.0019949137277598347,-0.027471123767353132
600,0.033292084987153484,-0.003474769123739683,-0.0047815950069697985,0.02762968186074933,0.08294754757285831,-0.060962803297141696,-0.06605631897590443,-0.00663226902472744,-0.024371781502119688,0.010502596064666032,0.0018629048516998912,0.005618515775972329,3.983452871907835e-05,0.016220135187829502,0.012890115307435885,0.0034727145167410558,-0.00466042501799175,-0.02325663491586096,-0.0037407521670165733,-0.018569149511122603
601,0.19423267615806827,0.002821865140193971,0.002824788499003799,0.1933651343864739,0.16960276141833341,-0.04061466106982042,-0.01089562718665568,-0.002288489257759041,0.0038607849306292437,-0.0027406136300071127,-0.0015851790689561992,-0.00038552620596019163,0.010842862603512173,-0.013603714354851899,-0.04083768876295497,0.009180590286487395,0.0016621106363909812,-0.008045858711668517,0.010012357935602558,0.03937319952940183
602,0.1830843462342217,0.0003537312199751359,0.0044390021562366105,0.11801323254113434,0.11293734217802438,-0.042886115882160916,-0.050755617702809674,-0.00062479326146525,-0.011545065592147036,0.0026593016853928473,-0.0058095457206402395,-0.0035787468341681866,-0.003207451417064051,0.0033022087308946044,-0.009537584492612489,0.00684224594605537,0.0019575740818566388,-0.020534536091686543,0.0013165075605660128,-0.002922801037317405
603,0.19253876516366636,0.003947975770195039,0.004863489500154389,0.17470810954373778,0.07730545996081563,-0.040968058960037,0.006692631910802032,0.00011553023250233114,1.914890178344752e-05,0.005225706033222335,0.002730640790759966,0.005290809215635984,0.014182195448601173,-0.007508581482726926,0.0011761911844151882,0.01423985698410932,0.001124099202642455,-0.012003597853009817,0.0025055853147312275,-0.020991467966407003
604,0.20917776347820236,0.00408275922384059,0.004139102982646949,0.13730690056533565,0.07527043015627495,-0.03736833929120948,0.014039628648783463,-0.00036485768512041825,-0.00589996097851321,0.004851117959622075,0.0033474833692655544,0.004100502742377869,0.009045040282071681,-0.00761484859917397,-0.016483570025685026,0.008276400800348093,0.0006478769676724282,-0.01822188600728291,0.0008488839598165401,-0.021824657338232866
605,0.19123952083652307,0.0020320449170005785,0.0038025957528455365,0.15410070287854563,0.08876196355675245,-0.041237110948015354,-0.024039108068057567,-0.0011762091631156901,-0.0040984859106105226,0.004302325261362656,-0.003719213121428625,-0.00048085658264698333,0.0036411077260685037,-0.0024259886757982668,-0.02366302713863891,0.00909015231170131,0.0008046290529782878,-0.0157129585908197,0.002240316557555793,-0.01590012036731263
606,0.16654732309158593,0.002874797602451086,0.0035778046479193228,0.23807538029239472,0.14649284743151791,-0.04601919622426128,-0.016046475287538775,-0.0019286443901866154,0.007701507720246555,0.0009833024271092027,-0.001415836155507794,0.0007840003354422617,0.01591724782799472,-0.011511277546172273,-0.028097000921925474,0.01567765505937381,0.0020445621187530592,0.0037569564192449505,0.01182539629458254,0.020112825905923244
607,0.17198323584750405,0.0014803727756200272,-0.005456283679974967,0.19506976376604954,0.0716201884694903,-0.045020463217889994,-0.03482292957359706,-0.01148911392817787,0.0011809206506347176,0.0063535335027332515,-0.004773082796214708,-0.00814065272311601,0.0036419940203010373,0.00041294275125939613,0.033685268639935324,-0.020582226553217783,-0.004610459299456342,-0.007655851107966327,0.0029400695942969454,-0.023265341864706843
608,0.16344524109697164,0.00038084277714320384,0.002905118763256826,0.18255850636062518,0.1085278534877736,-0.046575466999219085,-0.05072220753913759,-0.0026755698613650414,-0.0020490261315664663,0.003938424810964765,-0.005802194875019145,-0.0037169626488306714,-0.0025258127827512346,0.0032225431256671273,-0.03963356939511766,0.008731638498303029,0.000590367921141516,-0.010407704206109397,0.004932595138484304,-0.005515806545196896
609,0.17551054376635758,0.0004042047786366116,0.003454391365139627,0.2072525167651801,0.13735518864942603,-0.044356076903603686,-0.05014888785026998,-0.0018867817756689333,0.003819406814023302,0.0011295986970753273,-0.00579516484296276,-0.003606024259852974,-0.0021511768904727674,0.0028250531738383674,-0.0304080216808077,0.012564956553852974,0.0016997822367063912,-0.004730075232104579,0.008682488333165655,0.013261337479113774
610,0.1584665465794576,0.00356189498899521,0.004543678941321647,0.1867272425557478,0.11112449145580507,-0.047447489473533895,-0.008701061545731265,-0.0011314936006767288,-0.0019922582297618166,0.003988869475130131,0.0010823897193204264,0.003760435612318077,0.013975539779988076,-0.01079123230995995,-0.0069916572130068405,0.01457600447250128,0.0019888327846642705,-0.009519248555291248,0.005355785746343851,-0.004001056153574469
611,0.1670922202832564,0.0024087326482406615,0.004128605896650283,0.16442522236039925,0.11216287696171778,-0.04592045859057833,-0.022417422412344,-0.0013444474426461102,-0.004668390002389401,0.003497370051810314,-0.0027932629634807448,0.0006249719344451778,0.006026888008312351,-0.005811102553099774,-0.01671734584833505,0.010950147322624035,0.001676313448777428,-0.013941406521777387,0.004085061804705613,-0.0033855260215776128
612,0.14399580015281463,0.004591068132042458,0.003858919825560254,0.11202411925113599,0.10645987633543202,-0.04983678236404257,-0.00017867188723256342,-0.0021185054789167293,-0.014818914467793737,0.004984885834408043,0.005866677285306826,0.004487838996657859,0.0062889798659071594,-0.01451434566841669,-0.022506616168205703,0.005342029999765907,0.001303548502020718,-0.021128517934639494,0.0007578281715341357,-0.006697149745420365
613,0.15210572265002878,0.000416924805544595,0.003991153144230697,0.15738496030922758,0.09263951037558467,-0.04852436358593913,-0.05048114697956834,-0.0018193617351970933,-0.007345717012908141,0.005549680709497089,-0.0057910663343479175,-0.003504533049661913,-0.0026200486157020183,0.003239042381425657,-0.01972014935414935,0.009887194944321557,0.001034182881806036,-0.015168343805451762,0.002607106885752684,-0.014022738506520572
614,0.15114687036477473,0.0011604120168579532,0.0029944105299763058,0.1147965186266527,0.11114412467654768,-0.04868307264338417,-0.04108959586900588,-0.0027842260267030715,-0.013995604291975602,0.004339215911728647,-0.0052197398667175755,-0.0025677646353192843,-0.0013296582762749713,-0.0002309723131678485,-0.03825166726137294,0.0042596426831983895,0.0007140718299147881,-0.020860857475473674,0.0010647574024093343,-0.003989469912063489
615,0.16149747361358577,0.0005654219811792726,0.005536645620264093,0.13211285354814126,0.07404024097417948,-0.04691966722324987,-0.048271605611364586,-5.3543236839531316e-05,-0.010556179058455463,0.006508484911640186,-0.005729092192833264,-0.002857089483368933,-0.002444945668887217,0.002999659819901274,0.020286056725073356,0.010543679411247758,0.0013886738693930836,-0.018904401629717845,0.0005865204813301911,-0.0223179103869095
616,0.16632615934821038,0.00048239856591136593,0.003995798509304048,0.1427367150945037,0.036245913207473106,-0.046059184563622575,-0.049258888129626574,-0.0014997017172008963,-0.008404590801599502,0.009145427672147845,-0.005766949028546123,-0.0033733991152928,-0.0025539434706647684,0.003749505952396497,-0.019620436340824835,0.008493055436412501,-0.0004895474605794661,-0.017461185760008907,-0.0007364420439087404,-0.03364743393590797
617,0.1801665154024593,0.0036094179417383446,0.004772426802695142,0.1324097731953079,0.035262546958128534,-0.043459435033585576,-0.0021052765807266214,-0.0003241721913004094,-0.009105695393037664,0.008996484023533813,0.0012757799329196644,0.004291673557617152,0.006845487443166709,-0.0008206993518042724,-0.0012092801119024563,0.009055145604193187,-0.0003031292145641158,-0.018866575215784935,-0.0009873353871456645,-0.03384333877425453
618,0.16852897294425181,0.001957699059570546,0.004317348499528615,0.16449546731543213,0.037978129814984225,-0.04565864348084614,-0.028490102792085893,-0.0011133525004173408,-0.004504233278823571,0.008979602946296726,-0.003882178171771933,-0.00012265528795615835,0.004091259353614135,0.001409211941838368,-0.012417425127498117,0.011490033371621747,-0.00034812170578116144,-0.013928755905157308,-0.00019256230115016027,-0.03329014693082907
619,0.18476153957482663,0.002021387037652222,0.00426688396775036,0.21713206875839355,0.07854313606725266,-0.04255258941984199,-0.025174346216150233,-0.0007804227817837401,0.007020962313354622,0.005387194704588541,-0.003742975582159928,-3.5469106081249215e-05,0.008243821123981065,-0.0016443094944325327,-0.013587124772753357,0.016767295612003692,0.0008149395173345169,-0.0021790689504141776,0.0043900433465627045,-0.020474231134518073
620,0.18875603084470044,0.003378273648099569,0.004516889983673635,0.1748421348807114,0.07183373443358983,-0.04174655166096082,-0.0033583364465964312,-0.0003930922388524485,-0.0003934578180953037,0.005809659024395094,0.00036020516110113227,0.0032948548656070924,0.011518838805686292,-0.005062498314437935,-0.007649198991812072,0.013185122879679989,0.0007548344324921148,-0.011977198347319725,0.0021656979870593586,-0.023182962084250792
621,0.17101545119994885,0.0005295983449876015,0.0034805395044766787,0.14865910236831387,0.06512264722147894,-0.045200504945318645,-0.04845898787057754,-0.0019441838028970068,-0.006981044969409657,0.006876976854845942,-0.005746424745131661,-0.0033868803777722684,-0.0023000854128992845,0.0032409795459664766,-0.029925671809205683,0.007816173750649209,3.9691265877738456e-05,-0.016576461723409052,0.0008113224486984414,-0.025658835289558517
622,0.16772098672249044,0.0008032385013185521,-0.0054904046066007045,0.12149177115043848,0.0313942821341742,-0.0458061426001563,-0.04473773111762375,-0.011380663663760495,-0.011894831520199774,0.009483948061695169,-0.005575628443258479,-0.00609524866756013,-0.001998806955073256,0.003391877313760817,0.03480632601244874,-0.009866772072135295,-0.002957727504059245,-0.020162595859932478,-0.0013404886123206416,-0.034565305829195855
623,0.1293753667957555,0.0020423743194797803,0.0027727238474873567,0.1937820785670587,0.13469151490319603,-0.05203125700332595,-0.033208024090259546,-0.0033190308825797816,-0.004760078290565742,0.004012435406862386,-0.0036960550981251232,-0.0015054592951021946,0.006637749643441691,-0.0058438169494721,-0.041598341367517735,0.009021986704284777,0.0009608287636641396,-0.007950904057972122,0.007498869965538109,0.011345603575228925
624,0.13328482890024965,0.0018945160853452475,-0.005709116418909409,0.17538211171855894,0.06439044675815776,-0.051466074239394255,-0.03428103212152072,-0.010393376454418946,-0.006751048752998924,0.008000762394979008,-0.004015546742802558,-0.009635473415458408,0.004567358551434882,-0.0002850856050153687,0.04215084258923906,-0.018483786438814532,-0.004434533503131006,-0.011870539138192061,0.0017146832239480045,-0.025914829138976074
625,0.1317322866528905,0.002567305926732994,-0.005537312126552489,0.1296910072831466,0.09621812392373262,-0.051692410744793804,-0.027013796362434714,-0.010195664997720311,-0.01311016526763626,0.006157282050528313,-0.002353382124077782,-0.011548120918324073,0.003408233216282528,-0.00501748505224224,0.03635839687016043,-0.011165141418807534,-0.005684190981151417,-0.01920754744781393,0.0013644562096210779,-0.01222090302439579
626,0.10196860137226021,0.003079475454956884,0.0050952853925356235,0.14374158630825867,0.12549432326160356,-0.05555039331991072,-0.028251674203297113,-0.002205678703789641,-0.013769887594579764,0.006031732336996598,-0.0007299115360235879,0.0035223559689995195,0.006532852016477273,-0.010303582430074522,0.007463005892037558,0.011108571922648134,0.002946209050742732,-0.017315115271486593,0.0034641361554335463,0.005013773134893456
627,0.10876941509921584,0.005799021733203829,0.0048462155076278695,0.17849300023504489,0.1053293996696068,-0.0547494744624367,-0.0013640435826014897,-0.002183928226738813,-0.009254272450082588,0.006664023974005553,0.01307669089993117,0.009781449765184209,0.023729137087363003,-0.019361445398844088,0.0007200261366848353,0.014632515035466507,0.0020452820473616565,-0.01124676548899958,0.0044874812273531395,-0.0073335651043033466
628,0.10670263426247908,0.006558360275809197,0.004452699738416945,0.12868989948769438,0.13680118905490943,-0.05499792545239269,0.004650007120670895,-0.0025091262154691065,-0.015035324493060748,0.005224543595190209,0.018490522975445237,0.010293158060412668,0.014906808639645417,-0.03034073606168506,-0.009208010035184929,0.008014802167439227,0.002694043334557158,-0.019330053386712696,0.002893020473252859,0.01285986631275114
629,0.11718558873609543,0.0011125092307380851,0.00373933504283259,0.08270318055762169,0.12049419604687198,-0.053692214579697035,-0.044318309203842506,-0.0027802577832736625,-0.01985994026662872,0.005474111844670355,-0.005276212504718125,-0.002251114977541622,-0.0026666045883174555,-0.0003725970175173073,-0.02494015286717398,0.0025430530626862477,0.0015631199698793036,-0.023189275854065775,-0.0007117096305702288,0.0017554930850210732
630,0.10863521120390696,0.002495008639303289,0.0033377185455694914,0.1973070339373892,0.06991237756953753,-0.054765741193990296,-0.032130194911235026,-0.003235920887249347,-0.00714466656894265,0.008425028847788701,-0.002557614860742775,-0.00018940580369227158,0.009430015287579382,-0.002344375721714136,-0.03251245656726041,0.01132057192471216,7.655266534470303e-05,-0.007136762274955465,0.002899254776883312,-0.023915656970522517
631,0.1082196053171773,0.0013625012436486639,-0.005562565630567714,0.14972259900921295,0.04615277579694735,-0.05481599846061396,-0.042695516509432194,-0.009406930189736828,-0.012558961189511436,0.009610864438873889,-0.004951684797579971,-0.007851789623721787,0.0008209255588635394,0.0019570544468734195,0.037199210250731626,-0.014201768396713636,-0.0035963047430777125,-0.01641151029302199,-9.88520020839184e-05,-0.0313940528281473
632,0.09359885267661948,0.00018733358315389383,0.0046834743013547345,0.16443006509044464,0.10355382801099795,-0.05647054467948308,-0.0536359503249252,-0.002695236381147823,-0.01245175963906554,0.007432473209166909,-0.005835660982342796,-0.003943034520853496,-0.0035309549187153093,0.00406369176381252,-0.0034935322636780904,0.01251633261940728,0.0018612489655703067,-0.013940534639726889,0.003588744773498735,-0.008319764967378114
633,0.10162519415485147,0.0023971768816751673,0.0042398929744589635,0.20117495587133713,0.11914954073734747,-0.05558956941344391,-0.034293865068877556,-0.0027744778142343328,-0.007698138621441876,0.006345913868513204,-0.002824158449726638,0.0007349749520553119,0.009225107649839326,-0.006369984406699459,-0.014206741599154499,0.015022665070163707,0.0019702553432717853,-0.006220007906347493,0.006835330756939203,0.0009013846714948979
634,0.07544438215535844,-0.0004401939438536444,0.004623434245618525,-0.07230162265214891,0.07809732002757944,-0.05821786131352433,-0.05788997414329133,-0.0032015393864080486,-0.033556011609601956,0.009151256437358896,-0.0056401581656819405,-0.005404476244411749,-0.0008816542805288224,0.006071338190514507,-0.005009663805353414,-0.014193259048317527,0.0010102782148473624,-0.01070357199329516,-0.007904290145622793,-0.020661457354243275
635,0.058951893868376515,0.0006485324891802144,0.005218969449641934,0.15479946480507437,0.07821461039499553,-0.059510279182224,-0.05130107153750476,-0.003389797630655456,-0.016748863956640162,0.00971028813565802,-0.005683047953476009,-0.002709746921989163,-0.0017389767112268382,0.002670843844665208,0.010943731289807482,0.012800565001334554,0.0013623822137075004,-0.015598564172511762,0.0017186572860023114,-0.02061229965987936
636,0.06887604269099412,-0.0004331489823520273,0.00467801662040078,0.05634492636922986,0.0759254887341886,-0.05876622843464738,-0.05754615049119396,-0.0033464788201569835,-0.023144494023846458,0.009446384477577802,-0.005644932443763346,-0.005404666652794131,-0.003788155479843534,0.006001445053006705,-0.003632204281426703,0.0002321015969576265,0.0009726404398708755,-0.02384086982814138,-0.0024588441383760636,-0.021558804793568538
637,0.08548718491493434,-0.00035141021361610617,-0.005513691113494995,0.1376290840281093,0.028831135086474204,-0.05729331771641866,-0.05768712785035937,-0.008596796214964552,-0.015741634908787768,0.01076837604027338,-0.005696043389777609,-0.00255978334752444,-0.005336515903869051,0.0048631964165915965,0.03557524929779589,-0.012293611538513764,-0.002856553815745928,-0.01817809568430613,-0.0011641590410444644,-0.03500094354398476
638,0.08724958801180394,-0.0019994264128853725,-0.005392179406857179,0.15927864657897237,0.0024159169853901178,-0.05712033148113812,-0.07028010758213386,-0.008587924296247043,-0.013600202490990008,0.011815268675886614,-0.0031423676786821696,0.0023599128740456714,-0.012509612957377316,0.004687374302988515,0.031597160884795174,-0.015168853304504114,-0.0017503005140262415,-0.014846297934876976,-0.0022590575645841876,-0.03750569087720512
639,0.08858994430877065,-0.0015780735424910204,-0.004855341413279219,0.1590222177281493,-0.010856079514770639,-0.056986624084019666,-0.06725998914660312,-0.008323380542565444,-0.013488906708314513,0.012357679484186024,-0.004100267273582074,0.0006037911801345591,-0.010764298229345538,0.0037246658828759428,0.015035969906543713,-0.013691364059089916,-0.001240208245573608,-0.014890250535261995,-0.002987694260118445,-0.03739838068198101
640,0.0887275834225736,0.004524023601858418,0.0044130819092898215,0.13779354327314458,0.06148244181737739,-0.05697278887722806,-0.02018919703065272,-0.002979093145805981,-0.015466607143486326,0.009381901183495614,0.005516945100388089,0.00565294258200656,0.010559092797093824,-0.0066064023233320945,-0.010158299570060788,0.00891082696672059,0.00038737704461580904,-0.018155677328588724,0.00026599251347249624,-0.02690408501504356
641,0.09244727894602547,-0.0005836163586535977,-0.005335573176456693,0.08802041219921526,0.0233414490277244,-0.056591486738988485,-0.05981697230136044,-0.0087277674802797,-0.020015724153634437,0.010910312838376932,-0.005530228239650638,-0.0019154910376772275,-0.004692949301707047,0.004992813674012918,0.0297728951989939,-0.0048027636271056875,-0.0025940745822563183,-0.022920007830215236,-0.0020800670514731835,-0.03581935320941978
642,0.09682117312607243,-0.0007311582167007175,-0.005610713315626126,0.09000451532392521,0.021330859470573352,-0.05612485127706943,-0.061299922780682435,-0.009044478349428712,-0.019672626052280817,0.010951884381559024,-0.005391808521783111,-0.001349444420115415,-0.004954268711772003,0.005073583915487453,0.038812422843041136,-0.00533829257224176,-0.0025605515393045835,-0.022807677228942527,-0.0020905311217647962,-0.0360799926996636
643,0.0554264320222318,0.0013934121143097328,0.005378533800361456,0.10885844152574238,0.04977129457250843,-0.05975012232790585,-0.04766003512256431,-0.003432877179373878,-0.019926571296564197,0.01060099096049797,-0.0049064340318853445,-0.000634131291228719,-0.0010711030258981314,0.0017231017401820332,0.015563870415335985,0.007171124966430762,0.00040109813960486815,-0.021418764950740292,-0.0010415023380892108,-0.030444092376064935
644,0.06659924655842842,-0.0002244642600812943,-0.005466188003445537,0.006361921517963518,-0.013174154559235549,-0.05894591538899326,-0.056198554352182614,-0.007930605693080663,-0.026772977713548883,0.012355299806160111,-0.005759789669204358,-0.0029585442694526043,-0.0030647125221712874,0.004120967049987219,0.0340099912214061,0.007062806466049331,-0.0011081062431336293,-0.02195405342618929,-0.002273280936959764,-0.037285930900006786
645,-0.10296305111973011,-0.0036223543842306164,-0.005261672908058526,0.16686394100540522,-0.012733648769101035,-0.057288547111506744,-0.025974691548414135,-0.0023020833775962537,-0.03349184133781112,0.011620129215443222,0.002504944263076934,0.006974688195007145,-0.02028126912241046,0.0028043288435774727,0.027418959349153314,-0.015890704290625432,-0.0011412296833602491,-0.013497484126697297,-0.0031320939222173505,-0.037309444419132316
646,-0.08447258896654163,-0.003749883176567461,-0.005255565319454454,0.13961427568735754,-0.005139802893386254,-0.058911097305946694,-0.03071543303378173,-0.002908656781994771,-0.02950247534426834,0.011941686493728825,0.0030804355062222216,0.007336341836607146,-0.01669889459011382,0.0038956272094148327,0.027225817054007402,-0.012023163680699285,-0.0014442386528369948,-0.01790452541429119,-0.002648936810968885,-0.03755659112013475
647,-0.15520244655079585,-0.00259257456990599,-0.004036437252286276,0.05466549548212253,-9.34142772650976e-06,-0.050797377832046874,-0.022366234313267928,-0.001659060553890886,-0.023323107698109954,0.012184992926121668,-0.0014388223280578966,0.0021719506147599597,-0.0037714787032288406,0.004547854207895512,-0.007041603799986711,-1.3606894567304015e-05,-0.0016252697280355565,-0.023843855051414446,-0.0025378589874132506,-0.0375542924782548
648,-0.21734695907975304,-0.0035036150100090225,-0.005191210592224326,0.18888102571469073,-0.01752906058277962,-0.03940642634092008,0.006123399289276447,0.00134623047149618,-0.05029762034377512,0.010711201304130086,0.0019863718127871885,0.0064896385517918855,-0.02289462521248447,0.0021757054730341,0.025203715908512062,-0.01876178308755408,-0.0009575308363314681,-0.009049083721179256,-0.003586482533252744,-0.03699932235989141
649,-0.14678693161432046,-0.003510378236302018,-0.004291213493390756,0.155487479846232,-0.03621972950068777,-0.052033431631510016,-0.014149730538171775,-0.0016644891514610933,-0.036723892133228554,0.010064502250847243,0.0020154620747384524,0.004761806674577976,-0.018165603323491375,-0.0004633670027107167,-0.0005852119608122026,-0.011765815792104124,-0.00044000498269776856,-0.015485148371869557,-0.004316662493276224,-0.03465235029531985
650,-0.12275250935560243,-0.001787608585807137,-0.005053663976360887,0.11860744044101457,-0.007343485289264772,-0.05516100276826678,-0.03665239418540703,-0.0017963101249566637,-0.030335923506559483,0.011795509078211789,-0.003650102545789983,0.001376662866265939,-0.00857841907790129,0.003919656189440609,0.020961513977643422,-0.008722832943845557,-0.001363275239963468,-0.020472403313709805,-0.0026958024753173638,-0.03751567061836527
651,-0.1511319591008894,-0.0029542785003588905,0.004396027009137065,-0.06290191488516123,0.006641904320029909,-0.05140437167719588,-0.019166683478281352,-0.00887461267109852,-0.007201483450836152,0.012580406330281138,-0.00019619153865528275,-0.01087890153495407,0.010442400475657478,0.005379723987199911,-0.010564612397389364,-0.012455123400908975,-0.0012641836288175574,-0.012580681184479992,-0.0031104912645499505,-0.03734811980432334
652,-0.1335169119985296,-0.0028106850101224977,-0.0051206047426672445,0.13068971733469817,-0.013634852304945076,-0.05383397304960372,-0.024899179135622604,-0.0014085666469223655,-0.032452952332012966,0.011442690428815704,-0.0007079870154200376,0.004371117016655594,-0.012540173582242103,0.0030176231484615045,0.02301253580339213,-0.010498245100082985,-0.0011164808565693439,-0.01908370058730508,-0.0029770764874368656,-0.037260263011567346
653,-0.13453393088281207,-0.0028369403032588413,0.004157223245978131,0.15317912488702543,0.03158663664813931,-0.05370241099839683,-0.02440009673761536,-0.008289390154080417,-0.03525195832196823,0.013840431951269817,-0.0006162259079114296,-0.010242069391706217,-0.015234916110227899,0.008205220839915754,-0.016078534164284706,0.009904569453487177,-0.0005757139447550209,-0.015862608321717188,-0.0007646882019666302,-0.034531238504660715
654,-0.201189968090881,-0.0037212812995245756,-0.00494438755426126,0.08164032629684488,0.012990767274431417,-0.04275147940026145,0.0047822469885336364,0.0005439942521190822,-0.02833281804009126,0.013293015736985539,0.002949695931143466,0.006613378802097119,-0.007853639344343645,0.006602371932266828,0.017668601437759453,-0.003615137313829291,-0.002131390092903197,-0.02323755051972269,-0.0023147963979954626,-0.036937307477612105
655,-0.24802571798578824,-0.0034501447280697664,-0.005080619351677829,0.13990037053062068,-0.033093380704847755,-0.03231322588110023,0.01395669854103675,0.002178553372847217,-0.04298377794822065,0.008945874148527138,0.0017582837910262454,0.006123533524135877,-0.015740250252836995,4.826092967393802e-05,0.02178431699891571,-0.011680001838771702,-0.00036898685540044397,-0.01786456824762326,-0.003902252080112198,-0.0351710957720626
656,-0.4630475371169844,-0.0036888809624457033,-0.005079077037118669,0.1977106586158307,0.029411812767477227,0.04467062179960215,0.08364113043642869,0.008965704083318982,-0.08596781533143821,0.01817375111502055,0.0028027598566209085,0.006798065611923548,-0.02519042594966224,0.009011253856915036,0.021737125958338085,-0.01958255331955925,-0.0027799444789254556,-0.007042241496890785,-0.00012840546713746573,-0.0349052353369724
657,-0.5402287076971876,-0.0036421264367835866,-0.004986332896888452,0.29612901940232145,0.00015883860148073147,0.08394423619616302,0.10506187264976848,0.011110774988734402,-0.14697975908640434,0.01265382041830021,0.0025929111387931157,0.006478812479474477,-0.0394778719798803,0.004679983554411613,0.01892447081981404,-0.03246690895230064,-0.0016498625319789691,0.023964033311201765,-0.002180816224052669,-0.037551906468720565
658,-0.37977502823257026,-0.0036069284465244703,-0.004786625559393163,0.13389478446195544,-0.024567811077370463,0.009193955851481963,0.05599809713062407,0.005693707280633816,-0.05168124537134798,0.008588685868803184,0.0024366338731463544,0.005982653351889031,-0.015384884301075062,0.0010976826218430569,0.013035501321698584,-0.010259144990472603,-0.0007444720557982946,-0.018675225159755764,-0.0034511309372041495,-0.03632813415419974
659,-0.41501863963350105,-0.0038381176933953215,-0.005027615968990489,0.11002264096199046,-0.021769500507183577,0.02333512583279372,0.07388865457848874,0.007325360646237314,-0.045039602080189686,0.008742757609869789,0.0034898399697343907,0.007112671094095262,-0.012391448367674737,0.0013319168807556024,0.020170369057236064,-0.007517251504309255,-0.0008131639114548867,-0.021313931374274692,-0.003095326878860883,-0.036625738608689284
660,-0.43750642132393924,-0.0037175501871379085,-0.005018595300437683,0.00927861514120943,-0.022324704674634224,0.033028235104329576,0.07687477298937843,0.008005654391841081,-0.004652764437574788,0.008460796197654991,0.002932712152505325,0.006755322108154188,0.003061250955612391,0.0013382360600699861,0.019897295757994593,0.006116726543255834,-0.0007932412752733499,-0.02217649037036013,-0.0020727704735027685,-0.03656992106007239
661,-0.412296013685088,-0.003735845691955864,-0.005073114277889326,0.23472782340857304,-0.008869262728089331,0.022196996078670584,0.06976258669580902,0.007348967907417217,-0.09334969797634424,0.01096303458057751,0.003016149327187276,0.006919047643843955,-0.031061689216582672,0.003338658789233386,0.021554808549031565,-0.024617314470265512,-0.0013038380709346395,0.002759948380238234,-0.003125166589382858,-0.037472583412910855
662,-0.28848582074640206,-0.0038307315212997963,-0.005136414262161805,-0.00420959184268869,-0.06778955191881993,-0.021472854816229337,0.033885272478204054,0.003548899182871045,-0.007496093748760809,0.004327280366457424,0.0034552160608013766,0.007321706002726973,0.005354582195343658,-0.005720759558928543,0.023500682602803153,0.008117579488946104,0.000995801908932659,-0.02103115235522372,-0.0005360131335986392,-0.02657385612371143
663,-0.39518615326859424,-0.0013324128224286417,0.004041914940752112,0.1321293665759219,0.05861725700551925,0.015219768216767758,-0.0090480786499431,-0.014052743106171644,-0.05220357909388987,0.022020607362555445,-0.004562057973129814,-0.007025123246905789,-0.008213046891375498,0.007749451316248795,-0.01862382846110204,0.0075665437180212165,0.0001366281858839434,-0.018902301722898626,-4.126417472226935e-05,-0.02783588326995609
664,-0.3650838616037786,-0.003791034410276349,-0.005094462251892852,0.20291096088310925,-0.0006220023550221617,0.0036779127462368837,0.056837509763708306,0.005904960982493175,-0.07423711544630325,0.012327791199895605,0.0032702321819981614,0.0071201230666327504,-0.026562009570202532,0.004577651841504036,0.02220848680074828,-0.020352327451495778,-0.0016218667046092134,-0.005800588434357312,-0.002379443633635662,-0.037561743991701736
665,-0.4073137866623184,-0.003831269454116639,-0.004798490018048309,0.08393154575883788,0.02171194647188421,0.02013410698598042,0.07124654651342582,0.006543557806898175,-0.0346142422043695,0.016123058582647294,0.0034577355364210343,0.006609422574040627,-0.008326411026254331,0.008006662104564913,0.013378966458415744,-0.0038101182401308557,-0.002433518316629873,-0.023131180648657403,-0.0021610328038909436,-0.036032201295031534
666,-0.356980357310144,-0.003563989879204113,-0.004965426392630447,0.1678773266698345,-0.0009387802530348662,0.0007306593318762512,0.04805408842328508,0.005382217943984138,-0.061331598749971974,0.012274231809528307,0.0022479686473352942,0.006219747886882106,-0.02017129614381335,0.004514441052509813,0.018297255288861832,-0.015171907352518433,-0.0016080069230501935,-0.01331015386044249,-0.0024357451127528336,-0.03756483338003565
667,-0.4395969498126901,-0.002936027694740439,0.0016226515483777338,-0.2887730632210553,0.03160214180069474,0.033955855084521286,0.05084416106917535,-0.008875974589695584,0.11908428399922918,0.018254673801695244,-0.00026259090317049926,-0.006301695003425616,0.03751189618941919,0.008338218919933924,-0.054434123833159466,-0.012046739304542886,-0.0012034490769622685,0.07253584604138211,-0.008703970182045181,-0.034528484077261584
668,-0.38635753365586395,-0.00367896137776255,-0.005105939998268175,0.31018099910670294,0.013279126193661955,0.011737746184213978,0.06010447712633534,0.006604287381001308,-0.11628084116786862,0.014562727830048838,0.0027580220915816274,0.006824483451331201,-0.0419236973517101,0.006619305863714897,0.02256101809927296,-0.03513983171214098,-0.0021608576042831686,0.029684310388999248,-0.0004004866133604418,-0.03691368611528801
669,-0.4759925652926017,-0.0031806396034231047,0.004607366901156921,-0.38691823983568846,0.03673021946782153,0.05082849367585266,0.06875566219012766,-0.017430889825396565,0.17526459840697947,0.019793006207616266,0.0006600203445368124,-0.01175134499077203,0.05353293721997853,0.009319795714035805,-0.005411888072268662,-0.04928328649551423,-0.0003021764851395246,0.13554292032396079,-0.011653960457129402,-0.033549108037364606
670,-0.3697941687367412,-0.0038225799125256323,-0.0048510744112448545,0.26038024947734173,0.024306220962509634,0.005422210099038723,0.059205098373611834,0.005533663008627516,-0.09488932979197798,0.016132466159402406,0.003417078780177459,0.006696896732310247,-0.03564669924277569,0.008395545194129305,0.014910959175330531,-0.02694852217362145,-0.0025385629582375664,0.010868258466488267,0.0003741517375791205,-0.0356868433509871
671,-0.3662370748344271,-0.003760359951489319,-0.005187861928267614,-0.05578551354177824,0.00015374097633599632,0.004102847588451405,0.05632777662233455,0.0061392353176894995,0.01464609799898773,0.012445890695239107,0.0031285665838712887,0.007226596122379264,0.013056344015171053,0.004692101055283402,0.025099147398629434,0.015392202846101164,-0.0016537725178034385,-0.013905638330787793,-0.002700852378792976,-0.03755198094554255
672,-0.32022029556246845,-0.0037486826346645754,-0.005149592986625848,0.09106419085325684,-0.019998203787317353,-0.011787781540770566,0.04183437282650127,0.004586006380108931,-0.03427873693497385,0.00974060574609333,0.003074928400640913,0.007113625927224752,-0.009315247354303658,0.0016640154417845992,0.02390869500117994,-0.005064235458374205,-0.0008655206157023499,-0.0227450440265141,-0.002871335415459519,-0.03679313082219945
673,-0.3988648206080864,-0.0036342932981219267,-0.004949473584901327,0.08313115787937576,0.012239374667116132,0.016694388940966278,0.062504660357103,0.006639674000142985,-0.03407352092276345,0.014475622713785946,0.002558005918218502,0.006382973773030744,-0.007980961158573089,0.006440213603320904,0.017820342483213864,-0.0038176134238218865,-0.002103691614024438,-0.023169315086447918,-0.0023138734999046473,-0.03699683316866733
674,-0.29839066082683524,-0.003866792483626058,-0.005144519732001008,0.1550907996638311,-0.05162328035605248,-0.018561589876850013,0.03782537008832499,0.0038789139076323945,-0.05136537991934424,0.0060322462299796,0.00362486799320612,0.007442414137143359,-0.019512398087015572,-0.003309565897579825,0.023751509412533248,-0.013922996821666297,0.00036848817326308626,-0.015550633662118363,-0.00512279607066328,-0.03135638576651491
675,-0.43262494804045143,-0.003728787203490659,-0.004803718070994313,-0.14059206373145622,-0.0016574720736447096,0.030879769427182742,0.07576166830976469,0.0073138261667015265,0.05630264789689873,0.012200598479591249,0.0029839120840035277,0.006344665406915738,0.025744914683056102,0.004418015508349398,0.0135305701446951,0.025305201843024882,-0.0015797063881363505,0.007275410018256799,-0.0026408134810841826,-0.037569912806250945
676,-0.3951497264091636,-0.00381092704419365,-0.005206365967549121,-0.07257051718143918,0.006444773769506288,0.015205236094241653,0.06680064242741969,0.007113129298563252,0.023958772309602056,0.01350675204595348,0.0033626970467459045,0.007411908790173198,0.01586650401647419,0.005657647358487188,0.025677776388249262,0.017794769059263464,-0.0019025659700992155,-0.010647746674819174,-0.0031445281350707213,-0.0373575294178275
677,-0.45153426944342223,-0.003693652855456853,-0.00482415224051508,0.02842184077195754,0.0632165062498743,0.039339175976708975,0.08031952226755662,0.007933641899344946,-0.012204652582720413,0.02433851412566372,0.002824322674000698,0.006291779776105373,0.00015047815175173702,0.014022724846529694,0.014124627024939716,0.0033988042649166347,-0.003962201629245321,-0.02329085237306325,-0.003436224890090426,-0.026319463033694635
678,-0.4510066847404891,-0.0019972702033695575,-0.004984780989838178,0.021694131382078496,0.04345708401484532,0.03909814636891646,0.02073880101660461,0.008338520111951894,-0.00935297528974568,0.0206336947375883,-0.003147802955429313,0.0018905291093118711,-0.0010126864176613615,0.008073217358750965,0.01887782591915736,0.004409701288672016,-0.003290167386880082,-0.022967570883047968,-0.003329560114833525,-0.03205761057546993
679,-0.3318838777495612,-0.0036520120009239767,-0.0051135441298770104,-0.37821364520423645,-0.028339652159862592,-0.007966897311332356,0.04294995051529874,0.004890163232681059,0.11132257426049699,0.008516988066110988,0.002637065525328645,0.006762959512186819,0.06037950889774423,0.0005070744616848578,0.02279499020665703,0.059561322403042634,-0.0005462597772995326,0.12931767901115018,0.0032870577423942974,-0.035862735534511136
680,-0.2426071053109584,-0.002809774365903962,0.005381385061838895,0.2236755577209485,-0.028501348008205456,-0.0336367055588742,0.0005552390817002322,-0.012484106969264035,-0.06140310309078834,0.009469007198163924,-0.000711155079341646,-0.012105954941913626,-0.023256635740368636,0.0013245426323995162,0.01564775645786402,0.022279533127392573,-0.002501655352983807,-0.00040153244110135587,-0.0048315352458209735,-0.03584113504206281
681,-0.28324117606175286,-0.0037816072415108267,-0.00506110190997605,0.2914098202359624,-0.04530983742136605,-0.022973368675048293,0.031168992486672594,0.0032590753889571627,-0.08592765565848878,0.007077275711767187,0.003226575955522962,0.007023705670856881,-0.04007311182003545,-0.0021920544334330687,0.02118813770419987,-0.03228725697886095,9.627653847757081e-05,0.022115431464239027,-0.007838031864399872,-0.03285611050535602
682,-0.373994759191834,-0.0028727358916063473,-0.005115672626983533,0.0584354156163038,-0.005027574766452717,0.006997071883796409,0.033044649214249974,0.0062330188913058745,-0.024700843887148563,0.01165596423996917,-0.0004898112002992959,0.004540672018198238,-0.004218049529739398,0.00399271946098996,0.02286054153069748,-0.0005395274315277387,-0.0014511049931357348,-0.02383070495818817,-0.0025431855588947103,-0.03755800116215235
683,-0.364082605727333,-0.0038412644944013133,-0.004971679747556734,0.17902639332883624,-0.04780058753142032,0.003310084429331215,0.05793965717273342,0.005614852488951492,-0.06592200636416139,0.005247741358831097,0.0035046106810266713,0.007003058333665418,-0.023136781344836974,-0.0026734123507777844,0.018484599149812517,-0.016684100632921403,0.0001628147982340655,-0.011138222594815056,-0.0054875389385703735,-0.03228913467856861
684,-0.2817123485997155,-0.002412124067300614,0.004044381948455884,0.06730561847566953,-0.037351561078366666,-0.02340542732494719,0.0010856696016092013,-0.011510276388718644,-0.026675439484626112,0.008022164600647058,-0.0020010285200230656,-0.009206078520161391,-0.005030268284269778,0.0008495552161319312,-0.01857017085850508,0.0012668192667280997,-0.002494489511159607,-0.023708016395405197,-0.0027726084651273977,-0.034452052038931834
685,-0.20901809068960817,-0.0033787989462162847,-0.005085309330244546,-0.38262660979963975,-0.061275885740537044,-0.041164441578386536,0.001741642037721838,0.0009520905766741268,0.06099604964586461,0.007063534582164136,0.0014591991378338361,0.0059297900146216475,0.05636329255075088,-0.0036979371092885475,0.02192790269227605,0.05985220973891813,0.0007202218592354007,0.1324581893447209,0.010894337800023555,-0.02866384852488262
686,-0.3341736724049141,-0.0030348103663171955,0.0004639765955346251,-0.13367901797528056,-0.009866555949470716,-0.007200289957855374,0.027728695878745428,-0.005787344934755318,0.03565185550274607,0.011030773297191715,0.00010149061291528685,-0.004417334790153254,0.019593911971703376,0.003384591865051978,-0.05969111246176857,-0.0010062932139887314,-0.0015540206294255192,0.005108189122132899,-0.0018275167712834823,-0.03743789581443758
687,-0.2961094039304169,-0.0028012685424649492,-0.004901410479409019,0.020350555352244486,-0.024626666215401372,-0.019241081421650298,0.012849944871741676,0.0033922253715698417,-0.013861572333534982,0.009355445173757576,-0.0007406989469662475,0.004001329539421601,0.00017083583382712108,0.0017731350203957408,0.016392312369278596,0.004517341002684149,-0.000724088687183004,-0.02289413511793957,-0.0021458081436310644,-0.03632143879326086
688,-0.3543142992446599,-0.003330857626037286,-0.005126230854559382,0.2312923985537073,-0.003602739979691509,-0.00022416897086395782,0.040891663882537795,0.005628950629172023,-0.08214105745757558,0.011883551311203193,0.0012616016281317356,0.0058691277442067796,-0.027739528738183316,0.0041418168641937075,0.023186087558294204,-0.024389000415489165,-0.001506361395250354,0.001755838796263906,-0.002625545265913319,-0.03757022413314464
689,-0.32090998053392517,-0.0007960620630596708,-0.004567982847126968,0.038663582506951163,-0.02358746243396031,-0.01156575349507309,-0.03095606684399418,0.0035327442709507106,-0.01855259225279147,0.009262414795621269,-0.0053227809961968135,-0.0016650409068518614,-0.0031698399898376045,0.0035129654036883486,0.006850589971136258,0.001961623162925984,-0.000813303281111914,-0.023640773596029094,-0.0023653185640469193,-0.03643701695613707
690,-0.3428151355063608,-0.0031386368693933054,0.0037279105337680706,-0.05674123956174637,-0.06810373756904133,-0.004258431177283371,0.03264696024281549,-0.012256199111385589,0.012468378579144871,0.0027889096967535017,0.0004965753992131337,-0.010120451938629498,0.010498941394504392,-0.004018425059762263,-0.02516834625489597,-0.009895420885536509,-0.0031881421629749948,-0.013732515896466608,0.0012762722595967377,-0.026467483208979764
691,-0.2123355705452862,-0.003981548543090562,-0.005203390961231927,0.11954170397353296,-0.09608394797088976,-0.040472785925970166,0.012385471394015395,0.0011993555328121345,-0.036055274711545675,0.003988725442412039,0.004174960686367759,0.007901129518436835,-0.014236985579218224,-0.010604851491748111,0.025584614161234052,-0.00910009160154096,0.002144019155772335,-0.020373544420899087,-0.0057283328935824485,-0.014941497976050004
692,-0.2310255722754071,-0.0036536198532483976,-0.0047917791839984,-0.10732032991174714,-0.09303019768593244,-0.03636383549278814,0.012708860868969869,0.0012613386517632463,0.011330155924305628,0.003538115854080141,0.002644257986132541,0.0061182839192986255,0.020237966124753013,-0.008973339888350454,0.013184594776916986,0.020940541103318912,0.0017544356653391479,-0.0024375412946504044,0.005125870661425751,-0.016396814383669796
693,-0.28170267053106046,-0.0037320774004152048,-0.005091325524275713,0.2743804739839238,-0.045696842701386194,-0.02340815473776783,0.029620650806965507,0.0032595228237015236,-0.08110079113534649,0.007060372302779675,0.0029989316221744,0.006945873803498624,-0.0370365911126832,-0.002168291919657221,0.022112275830502348,-0.030136755020487196,0.00012056032959944538,0.015747773664037998,-0.0075018402186441645,-0.03277012659230302
694,-0.4185122634240546,-0.0037831656356109456,-0.005047698260630341,0.08001958247837261,0.013696575609479582,0.02480676253411456,0.07320520854879635,0.007483345101187939,-0.0333889793684205,0.014851378986716401,0.003233785478498858,0.007000142612486914,-0.007670987064052273,0.006746760248485806,0.020779976140212902,-0.003466927959074654,-0.0021701470731370826,-0.02330760531495727,-0.002318623339906763,-0.036878726117716594
695,-0.4215723514810918,-0.002391922924109055,-0.00500116827438009,-0.1723699676699268,0.028793098143673312,0.026106130226511755,0.02866623411210811,0.007465632369361272,0.06685901831952615,0.01750422032050715,-0.002061574720145323,0.003012715672459493,0.018692043776824863,0.007343075323162478,0.01937106788983382,0.030575178521699654,-0.002738356694443343,0.018243806363996577,-0.006278635548917301,-0.03500715182972091
696,-0.42209053212233155,-0.002019363627529526,0.002773121618758323,0.03876267300075885,-0.00762278041553366,0.0263271159687952,0.016573262482904968,-0.011550385051934772,-0.017057204025358323,0.011154925494753873,-0.0030918509126533333,-0.006954011021665453,-0.0024243526620852268,0.0038544313571519393,-0.04159258898296908,-0.0009986988214350386,-0.001633468083488781,-0.023643320648689757,-0.0024974676495409217,-0.03750868616707747
697,-0.3609002559049754,-0.0005654368198359324,-0.005320906639710407,0.0001526036427390915,-0.026110932516803603,0.0021478661951183026,-0.03443180519475083,0.006244778964905618,-0.004887663117608615,0.00853380303323546,-0.0055455059882271816,-0.0019750497845328254,-0.0022530770884262347,0.003630930963935386,0.02930323142146385,0.007771404764555911,-0.0005975958738483408,-0.021434139913160698,-0.0018709384928464726,-0.03614664971058841
698,-0.45149021098397274,-0.003034213092534401,-0.0051194737391630045,0.01264972921811507,-0.0060302654967183105,0.03931903666187058,0.05718214241059823,0.00870670840528925,-0.005482122799605435,0.01139106411458227,9.925464653142315e-05,0.005008468369833847,0.0014365698813066203,0.0038550337072378884,0.022977669044620994,0.005769013169321789,-0.0014120764694890058,-0.022416237580844413,-0.0024644076603846407,-0.03754308813397587
699,-0.48561013023020266,-0.0034882567875186414,-0.0051493346982389365,0.041639201463430406,0.0017620045529217875,0.05551551522493824,0.0829012161515731,0.0098765462879866,-0.017420479087548672,0.012911610573946375,0.0019205128879692267,0.006364326026798933,-0.001932789718954209,0.004887873078105864,0.023900688836178047,0.001784264727541903,-0.001715830824521977,-0.023710255648610214,-0.0025678406487884943,-0.03752179857238231
700,-0.40820819374997763,-0.0033088961359226928,-0.005094664963117587,-0.4494824922710155,-0.001956814615035657,0.020502548732703053,0.05500062348355182,0.007271025114643268,0.17052607740974302,0.012139758903749224,0.0011719898683972422,0.0057483519834652715,0.06418051310529772,0.004361857238316388,0.02221470638305177,0.06912679536896782,-0.001570239903423145,0.18393551771731798,-0.002724254071925751,-0.037571238256559815
701,-0.430783179185951,-0.0037809658386287965,-0.005259913963300087,0.1373629963387868,-0.021317963168156463,0.03007554952829,0.07694185698290291,0.008398967517159074,-0.0569936373721972,0.008696033878082517,0.00322360949710063,0.007436536444966952,-0.016457429752469104,0.0014425093358080947,0.02736331371210887,-0.011714347002297268,-0.0007990603016288469,-0.01821427383254888,-0.0033496281670401767,-0.0366699552804698
702,-0.49202081101881706,-0.0037071924300774817,-0.004154409927273639,0.06466212728965766,0.05314699058770379,0.05869273049544953,0.09312202106684525,0.0072339321478941425,-0.02805465267839844,0.023409789986713322,0.0028856504340506227,0.0049578400734024055,-0.005285492978957331,0.012560907345798985,-0.0040983115546918735,-0.0011443617355213556,-0.003322056094439599,-0.023758049331371173,-0.002238459645609741,-0.02949665874663503
703,-0.38985031019555294,-0.0022544685060168043,-0.005069611867817329,-0.3688986924202642,-0.020358516535467743,0.013105683464978611,0.018162551593316267,0.006633129588243179,0.13204931594249344,0.009172896219522525,-0.002460760990376534,0.0027154905000706183,0.03585962852061519,0.0026319326691072813,0.02144781391955426,0.057802190013779155,-0.0008616795488213628,0.12279328171141618,0.001390081287449368,-0.036760398569047024
704,-0.30592009455602387,-0.003797334160616941,-0.003542124912477775,0.15634056628813814,-0.05143649964162307,-0.01628075702315069,0.03857828218303419,0.0012991886360654808,-0.052452787584094995,0.005900023647558641,0.0032994641266995417,0.0038869546947490814,-0.019431247169576997,-0.0031497206111660444,-0.01850583931824315,-0.00990692658819892,-0.00020415651237966294,-0.015343445576048404,-0.005144899875894045,-0.03140372177094533
705,-0.550060566439358,-0.0028203573806296757,-0.004763392475414969,0.10478530709309518,0.04797359076711501,0.08938874369815195,0.07277357986426083,0.010701081717461652,-0.04953926719254393,0.02359493137396305,-0.000674277149832212,0.0038364078661766447,-0.009572108419896757,0.010056638307383075,0.012365264411896986,-0.00646657950525854,-0.003380186635363944,-0.02176808545546462,-0.0012009616008971,-0.03092452646361078
706,-0.5478110655520623,-0.002801977156198186,0.001459143883628651,0.250662087828938,0.08744535309086818,0.08813425232078442,0.07146189237130501,-0.009231965552294488,-0.1251453521948558,0.03253172599934876,-0.0007382409300311839,-0.00594812944684796,-0.02630772840542943,0.014505066221783068,-0.05564280470447504,0.0060867143774119515,-0.0007566026873698427,0.007669792600662747,0.0067337785269389805,-0.016519847798391517
707,-0.35317614191306074,-0.0029922799296587393,0.003420063767214688,0.011704569909719598,-0.037597724478969495,-0.0006295564736784763,0.031342608076384594,-0.011841445726645817,-0.009122359374174657,0.00693957846360525,-5.667480953220803e-05,-0.009336910658101655,0.001483765716138171,4.192651424535876e-05,-0.031035300515466564,-0.0034568248286341624,-0.002343466825762175,-0.0223508959364653,-0.0017557069969294837,-0.03440760936714665
708,0.13643584627594585,0.00406642742186452,-0.0044379590437493115,0.07254621120681778,0.10810775201856572,-0.05099905501829552,-0.008875944440061333,-0.009411943203711179,-0.02075513838938268,0.005232217037121392,0.0032715985864647957,-0.013869012913589605,-0.000959598546434527,-0.012551936248755944,0.003302574181350004,-0.002167408666850774,-0.005301293677495068,-0.023575018723653286,-0.0014853460191912554,-0.0057575868407124175
709,0.13475307545565474,-0.0004460473236684063,-0.0048718726404094696,0.09477801392269744,0.07617156906743974,-0.0512497374577774,-0.06067014560064838,-0.009733865615675144,-0.017713686581259908,0.007245526351599908,-0.0056361468555423755,-0.002468693404787802,-0.00466640015301069,0.006046171679948991,0.015521273129131511,-0.0052913468564775405,-0.004465158185322066,-0.02251102801296903,-0.0008699250156219497,-0.021458359212652173
710,0.10688799102474536,-2.2578212305611947e-05,-0.004584123743862957,-0.0506244158439375,0.08854207892049998,-0.05497582342377428,-0.055505332524218035,-0.008691219932395286,-0.0349796252292222,0.007569226466844876,-0.005821993084810691,-0.0036482212735106352,-0.003087280574142145,0.004832499128941378,0.0072978022169014126,0.01304531024948418,-0.0047338740079250164,-0.014814698318631499,-0.007561647021734014,-0.016004245181262467
711,0.13251299693119942,0.0013398433352675924,-0.005226862889685551,0.058789428767327276,0.11862253602983096,-0.05157890635475229,-0.04059220201464331,-0.009962785470024124,-0.022694120645878692,0.004788681509980064,-0.0049841377314948365,-0.007566839715980596,-0.0035396540956391925,-0.0013677005849148864,0.026321017123807113,-0.0006007375340008717,-0.006350159340001662,-0.02382827544898786,-0.0022602694163476145,0.000569195435752143
712,0.07915572643495118,-0.00043203952016230207,-0.004034994541645432,0.11704769402650105,0.0785014344265192,-0.05788832247674527,-0.05800304078420974,-0.007611106063840968,-0.017990035672574914,0.009009708709105922,-0.005645678973165111,-0.002760608223241714,-0.00514041448898069,0.006054782494490588,-0.00707710361429327,-0.006874143766419245,-0.004060200652598005,-0.020634264346819375,0.00012712625716973026,-0.02049178797589785
713,0.13489450997197883,0.0011073966404216138,0.003946413071472348,0.054392659980099844,0.10621596311008356,-0.051228780472487696,-0.043009097898747614,-0.0022384730265436865,-0.023292012798236797,0.0054190190017857805,-0.005282079799847707,-0.0021537098544043105,-0.0037461711921031792,0.00018694065631906224,-0.020674158380703182,1.0994459550166757e-05,0.0013660919326533717,-0.02384390415815494,-0.0025397111080639207,-0.006835024327428208
714,0.1324826330342318,-0.002364243415863344,-0.004797334628460385,0.036277508997300395,0.08867198439944164,-0.051583332601800876,-0.08201478572909213,-0.009602634558963095,-0.02575455073851543,0.006575844357035033,-0.002143752771787425,0.0026638972034927705,-0.001969983316909891,0.013099248797715997,0.013345483496872573,0.002363377897584202,-0.0048792780112687,-0.023574588899803003,-0.0034070139294935034,-0.015942759669332406
715,0.13386195643638954,-0.0019529473014600993,-0.00440927378167644,0.10541328301609686,0.08780861751910521,-0.05138130362377694,-0.07764396588142213,-0.009316224384670325,-0.016288415622280516,0.006574627113659979,-0.003258314505354489,0.001126633363587865,-0.007914696659422573,0.01157764021600535,0.002532888429764137,-0.006084190873281106,-0.004593789071658027,-0.021715999297333803,-0.00011914338314752982,-0.016349757527111753
716,0.19458179050742572,0.0032135243585091396,-0.005023711237265981,0.09496908411703846,0.11072240624936484,-0.04054145776581436,-0.004515632040557883,-0.011732353571805652,-0.015351526999401916,0.002288238017573471,-0.0002538877561109733,-0.01269869111935089,0.0011333776028252431,-0.009211396323610038,0.02005210787057668,-0.005474388503289741,-0.00587041584426682,-0.022498377728627388,-0.00012739070860837715,-0.004237900837444712
717,0.17607238484091195,0.001848243400550418,0.0030166884231135078,0.16368636560415015,0.11870236767935367,-0.04424906545322545,-0.029004537023906863,-0.0023551206966022594,-0.0038487299700251322,0.0025517472045639067,-0.004110231847051675,-0.0015437191934449782,0.0035658749399211155,-0.003756107985434899,-0.03789975792334697,0.00776034091666863,0.0008835304077355487,-0.014073980180259845,0.004415253665195346,0.000619423511503447
718,0.1684243946272516,0.0031097465681151682,0.002259911421341126,0.11551522275053487,0.10291563066817397,-0.045677772381283066,-0.012343559429002336,-0.003274202046672178,-0.012868681925274529,0.004124425747127272,-0.0006242689305331565,-0.0008850081052645386,0.003357281632028908,-0.007859836366519105,-0.04825933489501779,0.0031591516615057462,-1.0050093602929925e-05,-0.020789417237836175,0.0008440382245488314,-0.008670242432967561
719,0.18225198271189552,0.0010777589660886603,0.0036033697594876697,0.1360933791993381,0.15479865835414272,-0.04305056141590743,-0.03981989471910968,-0.0015904700975701953,-0.008271838683188678,-0.0006754786632651124,-0.00531548474963974,-0.0023836444432676343,-0.0007416728402119363,-0.001453758182951899,-0.027607345047829808,0.007033105392709388,0.0022734582910844286,-0.018385299630037405,0.004205178053381562,0.026716262765063066
720,0.16818713290851858,0.0022810856962098055,0.003150573892098419,0.14011558544665959,0.13570048075695376,-0.04572112914941099,-0.02400879200397823,-0.0023439341508043254,-0.008692774001270755,0.0016861585826868108,-0.0031257953304905297,-0.0007541862243212992,0.0034395671927978577,-0.007194619425950609,-0.035724871638327424,0.00638351053798264,0.0013573875009822065,-0.01783442217364952,0.003679089420255962,0.012066930226628875
721,0.18237986215079055,0.0021521353416492956,0.003270844149830313,0.0989823439638296,0.16711421514618469,-0.04302534347049465,-0.02355095297713809,-0.0019642469857449538,-0.015089534958263758,-0.0016776874543865583,-0.003442198008909285,-0.0008241228253033218,-0.00023377454969651532,-0.008950989452934804,-0.03368345842939014,0.0034634583174498468,0.0021635954560755987,-0.022218862548605434,0.0014289069571237828,0.037166119725637
722,0.1808782267810211,-0.00020253534801109813,0.0020773059359489227,0.09733410187175758,0.13452294585542815,-0.043320402612156465,-0.059145673616672716,-0.0033311841193444766,-0.015454825813302887,0.0010389891676461972,-0.005768874881528923,-0.004390727636498274,-0.004316006145774227,0.006071206007100155,-0.050266898380664206,0.002022056605187094,0.0002676797254584084,-0.02233684899566891,0.0005487896912748121,0.011225605422219424
723,0.1708895635564598,-0.0003665150611857342,0.0035036933234624873,0.0889799846949919,0.13594781270072792,-0.04522385337750331,-0.06120906611119654,-0.0019219630259374103,-0.01731212240910854,0.0015095215876520147,-0.005687192310726241,-0.0049326624171193685,-0.004426545362142393,0.006968392668524593,-0.02949528257194989,0.002895520217474947,0.001716618687035079,-0.022866485819128937,-2.632285419864635e-05,0.012244557684369701
724,0.18623568028511187,0.001869219428778422,0.003446909286468696,0.1361392462390699,0.14881720033523674,-0.04225704418231145,-0.027303759680116325,-0.001692055344502392,-0.007949972602784358,-0.0004479725871186593,-0.004067622937226391,-0.001116336636839444,0.0017897500702581798,-0.0058700124161141735,-0.030545320289673227,0.006709090109693033,0.001957045156076725,-0.018379166968302725,0.003952658734722741,0.02192472517023086
725,0.20041552524519343,0.0012465998455130722,-0.005325192575563861,0.16574918804630265,0.11343118580881784,-0.03929960624004488,-0.03567105007277094,-0.012288024972202567,-0.0008724689283167635,0.0017697564613236825,-0.005111313267421014,-0.007352945037007938,0.001084094453965163,-0.0007080995170655772,0.029440351504729147,-0.015914419846113685,-0.0062269690861214,-0.013701611443729623,0.004238814329341773,-0.0026261168401419113
726,0.21234649285627538,0.0022751028228158946,0.004501865805732228,0.1547306045679494,0.09714586287627465,-0.03665041244597123,-0.016617063687647086,0.00018298735076148706,-0.0019387448754450392,0.002704991455082044,-0.0031409095073206016,0.0007739548671587896,0.004641407053088236,-0.003977447846265955,-0.008016168936422808,0.010946708412909368,0.001524756966670219,-0.015609872785901438,0.0027114936752089054,-0.011742945077655075
727,0.20524502650629875,0.0013367274189251847,-0.005238145727390068,0.1504068337638532,0.0759544143919945,-0.038244949163340244,-0.03371968332720046,-0.01233725935522201,-0.003515272432790933,0.004918735159554976,-0.004988553270276659,-0.007564953739219475,0.0007569445054117914,0.000624455536519652,0.026676127341240703,-0.013505084756825067,-0.004665394922298436,-0.016304404919475952,0.0014186189414826438,-0.021547014145864525
728,0.20159602868700086,0.0033451368305538274,0.003337762975704921,0.12937617073977103,0.07411328714805307,-0.03904403360942581,-0.0006148360783259334,-0.0015374210794193326,-0.008110843099592955,0.0052033556657825825,0.00023411617349030297,0.001206612031125145,0.005658732116475277,-0.005249689724494104,-0.03251167004474028,0.005945121670874842,0.0001703253925848498,-0.019246250918463926,0.0004793263486810556,-0.022288841177239015
729,0.21538613523145525,0.0013236432948004354,0.004512551796692225,0.13522899411245753,0.08758006345475085,-0.03595199189480407,-0.03298879534292608,0.0002736613415253844,-0.00585284192035325,0.0034820446117884325,-0.005006969594236749,-0.0013711667896228723,3.703466475976868e-06,0.00013127267890380057,-0.007755293479121085,0.008843327179049313,0.0012377085333247734,-0.018500228568128847,0.0012855676123288522,-0.016456852581185254
730,0.2020185879236494,0.0014412741899950154,0.004146494445495023,0.07409914290798204,0.06815021228778714,-0.03895220217615409,-0.03228130397274903,-0.0005204121791767504,-0.019295481412720316,0.0057202480403167584,-0.004834143420031649,-0.0013584657809615427,-0.0027416415640850907,0.0007000359104269161,-0.016318578776600662,0.0019790905433365188,0.00045149271037705233,-0.023526974920194437,-0.001807481678756589,-0.024570814476452246
731,0.19815689649023402,0.001042773732646723,0.0037894521290494972,0.15393258612700594,0.0681081571912698,-0.039784577850606115,-0.03920877490203468,-0.0010468833970140837,-0.0034680960237041354,0.005839383253349006,-0.005353582882498527,-0.0023563833118700056,-0.0002218233298831424,0.0017921208489521622,-0.023930264325851238,0.009041295110290518,0.00026753540826431375,-0.01574036175303194,0.0011545394289701866,-0.02458625344473143
732,0.21113348847517902,0.0027962517644649965,0.003845535539258396,0.13108005959320917,0.07605450830212782,-0.036926462662505696,-0.007748687439967222,-0.0007020596428480205,-0.0070618940317012475,0.004713979026962521,-0.0016659348855773749,0.0010238494887419365,0.004226714277586211,-0.00382047747413943,-0.02278306290637909,0.007078408362629052,0.0005027660171823316,-0.019034851798469712,0.0006259513048418919,-0.021506180480577054
733,0.18592452059011222,0.0014735522589934178,0.005418640800047064,0.14088134099321342,0.08610813171781814,-0.042319614266828766,-0.03344546142301325,0.0005748295594695354,-0.007085812015456199,0.0047255988140516725,-0.0047838643710524905,-0.00038696945077734685,0.0007728796991200487,-0.0003155672353827011,0.016748132386711793,0.011470407799977432,0.001774161281196199,-0.01772654482693768,0.0014862933527225169,-0.017140074950728564
734,0.19538624516287,0.001390686203569717,0.004347560214303949,0.13995543243365008,0.05795768999587487,-0.04037229840534141,-0.03378378986117524,-0.0004303250823587122,-0.006480119910980314,0.00679693074022925,-0.004910469859432201,-0.001329203453631837,0.00044726422196646236,0.0013321363357777572,-0.011710165619064858,0.008997779764440559,0.00025257022253754875,-0.017856862707327028,0.00018061570680888555,-0.028044355551936254
735,0.18479241688204062,0.0020583047476314354,0.0036045426326768663,0.10441222914434703,0.04363742234267337,-0.04254642194005108,-0.02460397987288168,-0.001538714220731202,-0.013974412749149531,0.008238134638284229,-0.003660092991067419,-0.0006337119067940585,1.0604479990434698e-05,0.0008310727324697478,-0.027584790700713516,0.004311730301412667,-0.0004204435883126618,-0.021798724020365617,-0.001324535294687586,-0.0320143956192701
736,0.19841462930784556,0.0002361265124735234,0.004635607774593014,0.1137001705471179,0.026231031488070402,-0.03972950377049311,-0.05242230526439797,-3.551298220096604e-06,-0.011466540897608441,0.009494155419453726,-0.005831389297144864,-0.0038304771234583825,-0.0035166030003013016,0.004157985932325365,-0.004703929615778379,0.0066780567402348915,-0.0006270001306834583,-0.020968207719482043,-0.0016401180972266379,-0.03540805193760345
737,0.184382090032685,0.0021662506131370067,0.0033642287545837027,0.13339247713254665,0.06908348046172515,-0.04262830087793681,-0.02301564700065882,-0.0018216688250410275,-0.00860646137416896,0.006171474724225156,-0.0034085201726195675,-0.0007006138073753534,0.0025211973582628484,-0.0013572504451950208,-0.03204114783358567,0.006316556813471546,7.1812701150587e-05,-0.018740353535879453,0.0004327261803436344,-0.024225839477750245
738,0.19345078104251762,0.0009088976537171249,0.003228286954185348,0.14394018699446517,0.05184689995139938,-0.040778154643026594,-0.041689592517279384,-0.0018173114265947919,-0.005863916211754902,0.007368097408083204,-0.005486030996373626,-0.002838785583541584,-0.0010443654792459418,0.0026430748275348883,-0.03441529358493797,0.006846246141953174,-0.00036974584612978396,-0.01728605061815252,2.0429210224352687e-05,-0.02986854339248684
739,0.21546013939250452,0.0012752381948140318,0.004279259422297751,0.0837985879588218,0.07218635741545368,-0.03593486897836353,-0.033841210867563636,-3.418890465333374e-05,-0.016947355586547287,0.004936314552753004,-0.005073344976031087,-0.0016221829488237485,-0.0024378398986257114,0.0009769698872895641,-0.013301630817468945,0.003047894335734328,0.0006370563604026768,-0.023137588031664758,-0.0013851636920354574,-0.023046412791878745
740,0.15675213500046198,0.0010562772190452793,0.004542451983390901,0.12303916543327974,0.0669333221496992,-0.04774184735648465,-0.04200013625416102,-0.0011762632905565785,-0.012356650296508894,0.00715870122766429,-0.005339049062545692,-0.0019627548577058015,-0.0012793844510735287,0.001796902680316831,-0.007021863189120386,0.00756401225276297,0.0006165461473758113,-0.019990777863269724,-3.412378760956466e-05,-0.025013843518150294
741,0.17657560146664825,0.0033220959222221395,0.003956294367928122,0.0922063891060082,0.07085846995027559,-0.04415294331425117,-0.007308832901309474,-0.001315842510344927,-0.016547351762258994,0.006269090627333876,0.00014720696311463027,0.002217163826300117,0.0009614637075159945,-0.004780718051152986,-0.02046444408634141,0.003603246066990215,0.00042662577348254025,-0.022675475236228787,-0.0010814986687306214,-0.023557264312014544
742,0.19561816513536814,0.0012725970947029851,0.0039026881178800847,0.09092536412704283,0.09343859285912033,-0.040323406606303736,-0.035671719805206316,-0.0009630339197396936,-0.016106576335452056,0.00372981445215399,-0.005076887023268022,-0.0018553390858097115,-0.0021244837484178563,5.2302746679937994e-05,-0.02159542401368908,0.0034313545579388433,0.0009942971012291686,-0.02275335413151777,-0.0006986504289252181,-0.01362615885160601
743,0.17059198516235816,0.0007436991790121708,0.003875804189192884,0.14482327259671177,0.1021792646617779,-0.0452789803199359,-0.04543184664592704,-0.001532556838260307,-0.007681656242945388,0.00408354772342077,-0.005620312897492441,-0.0028915232936433544,-0.0016018557832233073,0.0018119494886252353,-0.022156410574980114,0.008415141628602487,0.0012046878925332405,-0.017156031862235004,0.002431605546179174,-0.009072006420250786
744,0.17952580088900325,0.0040674287573167125,0.002878712856489908,0.2051420976134757,0.0767014675915768,-0.04358415100014636,0.004546483191290849,-0.002452403417544938,0.004027755222955964,0.005713094976797375,0.003276242175832942,0.0014324821287385354,0.01942214373656909,-0.00778602890310975,-0.04003346887142098,0.010166058323490199,-3.544134225756261e-05,-0.005254302009136685,0.003733965149624365,-0.021240997932031373
745,0.16998593821351493,0.0015873401971244943,-0.00555759251733178,0.14294423485223223,0.007876218696013347,-0.045390968960987335,-0.033521502646656404,-0.011528801139042881,-0.008057693063023093,0.011225908958062839,-0.004596810992695483,-0.00854385097457246,0.0012746603595171475,0.0036776299679928868,0.037033341489335285,-0.013179429739898947,-0.001985860761862228,-0.017431155591070713,-0.0020490828122481284,-0.037284621005909735
746,0.1716129155957131,0.0002819238119557596,0.003925478502089073,0.1271202760657907,0.09691164636591011,-0.04508946991230103,-0.05197750758169354,-0.0014576022588752148,-0.01066630866646845,0.004439434586360697,-0.005824823602592493,-0.0037782079765042984,-0.003334634050846302,0.0037124511678136196,-0.021116609410308507,0.006862558418259975,0.0011024105064671877,-0.01951882690281113,0.001257608086785908,-0.011864031287894455
747,0.1807659999458584,0.0027138846181717713,0.004156467319259067,0.1978402147737453,0.07493695828732866,-0.043342360787812624,-0.015378825074300767,-0.0009993112273652155,0.0028756579799788687,0.005812706723238532,-0.0019203800321659786,0.0012927001208344676,0.01070697923397972,-0.003458614780850799,-0.01609546878675224,0.014374711373378507,0.0006482487633182341,-0.007011845526198676,0.0032974088644623254,-0.0219591406159566
748,0.18820041564508952,0.002601703683563978,-0.005192758788843574,0.18454488052090803,0.05851054967259207,-0.041859653983259484,-0.015611378417495832,-0.011730089171892279,0.0013816247672182517,0.006934888855519997,-0.002254046157284526,-0.011202229235371664,0.00879629373342695,-0.001557762558483918,0.02525208309356495,-0.01816148279967601,-0.003952488614356085,-0.009987908499872121,0.0016356373468987323,-0.027869763701772687
749,0.1640795117874072,0.001004950208930713,-0.005359204485897332,0.051433036446722355,0.028407211032189548,-0.04646253638312581,-0.04216938421464357,-0.01112255511701867,-0.023785125899021806,0.009754247173714975,-0.005393146802725291,-0.006651247962327565,-0.003846474394453812,0.0032265224571970974,0.0305322327440532,0.0004433189766547248,-0.002804153752323049,-0.023836608314443793,-0.0025868465616365544,-0.035069711093217916
750,0.17375677829460293,0.0020733663242524063,0.004171951975592484,0.14097481494477404,0.06501942223736967,-0.044688012946413266,-0.026065025183780673,-0.0011446265640988646,-0.00808228865590653,0.006806470656311738,-0.0036258168223255666,-2.222241698815172e-05,0.002808386988689044,-0.0007956313008808954,-0.015747919973695568,0.008714976262537383,0.00037577273680862303,-0.017713310774736504,0.0005335188260582009,-0.025695093430527127
751,0.14491704515802778,0.002697785247750274,0.004227530368218924,0.1462436916524759,0.08048573769623357,-0.04969111666255954,-0.022889161970138024,-0.001763459267379446,-0.009706298592360038,0.006627351335075932,-0.0019691780905936956,0.0013560844260768039,0.005449919955204476,-0.003959388598371906,-0.01448914709158332,0.009375561016582422,0.0008476784443446452,-0.016944222825919862,0.0014651813644698793,-0.01964637972334296
752,0.1677508664778415,0.005899383370199177,0.004312552950964075,0.16438745397231694,0.0476995277630314,-0.04580070000554313,0.026483809872865017,-0.0011370947247291347,-0.004605048054423146,0.008268611810140639,0.013753209722889523,0.008390238282448578,0.021037345749157214,-0.006946723720105643,-0.012529207794027778,0.011465245296480157,-6.40374053373255e-05,-0.01394820500151994,0.0003656927016713727,-0.030996297185642695
753,0.14392286298131596,0.0017948183079485374,0.0049432252806286625,0.136647995128213,0.05099047612114108,-0.04984827763843255,-0.03400597044074507,-0.0011399192883178144,-0.01120433580545772,0.008563196388932302,-0.004216409459108926,7.703152170736825e-05,0.0015849197743475023,0.0008315755039008951,0.003304015543547428,0.009906732988427288,0.0002773656975616817,-0.01831091370524,-0.00022491759953963922,-0.0301087303680648
754,0.16596381259902668,0.0023336969032534153,0.003599626186521282,0.14551240547953592,0.07968497666659077,-0.04612459089342517,-0.02365841221436963,-0.0019175614287966103,-0.00796859530452442,0.00594750595687498,-0.002991067688481995,-0.00014814449966327916,0.004079481283061084,-0.002721403828963536,-0.02767928113818557,0.007833889338284987,0.00045064421401243195,-0.01705368261983178,0.0013950503049273881,-0.019989999726303512
755,0.17705651205468448,0.0033307516468485824,-0.005488056491765516,0.1938404405433334,0.05657814540419379,-0.04406083768889952,-0.0070602006097237,-0.01169559142372927,0.0016480526990284641,0.007374301596333166,0.0001797824698046223,-0.013817086224493793,0.013667791362852002,-0.0030429117520262244,0.03472896366883528,-0.020515838172716905,-0.00400290986045891,-0.00793759003204227,0.001792526206266716,-0.02847310022385275
756,0.17375744881989633,0.004909244685675667,-0.005330169276355494,0.10846774972186142,0.04549738493432304,-0.04468788664250091,0.014916243555467392,-0.011412816216332642,-0.013793080148461952,0.008310553876824826,0.00759874534885892,-0.018239091685448915,0.006342120359351462,-0.004613402189949237,0.029599703505843296,-0.007726102940402702,-0.003487780413518313,-0.021453448779072473,-0.0011733684704644694,-0.031558847801837896
757,0.17048746928297534,-0.0014129344723819597,-0.005400283624874741,0.14404325838175305,0.022703880767219894,-0.04529832038650564,-0.07604378958151348,-0.011379113125227375,-0.007825330617545274,0.010101732555921384,-0.0044185407600264666,0.0006045375136918608,-0.009180288351753036,0.005788048923840515,0.03185984248845751,-0.012981589607674012,-0.002580175608090818,-0.0172709409658108,-0.001346190092446873,-0.03590427319739147
758,0.17122023073482798,0.0016989305702806642,0.004106166130227571,0.15603803201948524,0.09314408092565958,-0.04516248945135501,-0.031789618721014844,-0.0012736035648376663,-0.0056841581953713,0.00474218547444573,-0.004398529277868829,-0.0008579861786652586,0.002460670862982711,-0.0015133991534178111,-0.017214971210031765,0.010057815800924635,0.001127532426375636,-0.01539383463644157,0.002566685104766856,-0.013772708608167846
759,0.1656024718293461,0.001754523162521077,0.003949528874927,0.19417386735716613,0.05774578811479816,-0.0461896806632941,-0.031716821178716305,-0.0015635096835569186,0.00016650384353230903,0.007574860453308223,-0.0042942640027851565,-0.0008787698284629837,0.005093494248450241,0.0004929595803616779,-0.020608091046052955,0.013265780451047945,7.237303237849278e-05,-0.007861419000465506,0.0018884488598622901,-0.02811085349077801
760,0.15431486130778993,0.0040231335271943575,-0.0045943325526106695,0.05632966873094894,0.02541529777650008,-0.048155095036655174,-0.003871839290165066,-0.010059567359113775,-0.022988472050816992,0.010088296101074057,0.0030719592661018224,-0.014084321976865875,-0.003454808996579953,5.171958815221481e-05,0.007581427172986918,-0.00022402764197797657,-0.002527365669835659,-0.023840917726583952,-0.0025100744825641724,-0.035528549480972976
761,0.12785574502754096,0.001336611800262114,0.005248735949758277,0.027992341364131663,0.07208590128207118,-0.052246687199329546,-0.041070602410397006,-0.0013391491503253303,-0.026763124954442892,0.0077107118132417815,-0.004988716892035573,-0.0008719332749863261,-0.004984543024057294,0.000804084504710857,0.011794526878622645,-0.0033730797921280825,0.001158307760286406,-0.023272427522814176,-0.0035739636707573584,-0.023085378986400562
762,0.1468509671751628,0.0018606918352224704,-0.005281283458455622,0.1463553381227778,-0.004815088419786492,-0.0493824781556006,-0.032810092689886876,-0.010478193615756377,-0.009518603857246314,0.012162475096530873,-0.004085007802889882,-0.009135765141724579,0.0024510234879696626,0.004411522806519128,0.028040557240033785,-0.013036210940826147,-0.0014567756173896203,-0.01692743443764124,-0.002642045229289505,-0.03756049194755463
763,0.12207924560734468,0.001329715449071692,0.004894326278528312,0.10074065311045627,0.05986712293141858,-0.05304384267353516,-0.041690578460459926,-0.0017845807257201166,-0.01745530647360407,0.00856781627194302,-0.0049984479673606955,-0.0011151536693419263,-0.0015852523920439371,0.0013870028498880677,0.001994773523983205,0.00552850178600991,0.0005564294962262503,-0.022088095737062587,-0.0010194688337072234,-0.027434644376498955
764,0.11514505283685698,0.0032559596532955944,0.004913744510157986,0.012008378499792655,0.017581811745139907,-0.05395526659696885,-0.023450558993548056,-0.001960951476354764,-0.02834579571259727,0.010962325494624286,-9.877562149716557e-05,0.0036759286641634284,-0.008917970012227673,0.0018283218551002735,0.002513042858098344,-0.0050570063702432425,-0.0008604920351940001,-0.022372058561795242,-0.002988363638289179,-0.03651000405820876
765,0.16233025082282856,0.003481295327966744,-0.005302425191979348,0.006040946832617741,0.020016892234616498,-0.04677298205628952,-0.008745047125175343,-0.011006905552468128,-0.03125518701255298,0.010383154669626549,0.0007604906088149709,-0.013946696818143603,-0.010072192183542189,0.0013373338653848974,0.028713161069386074,0.006906677422431294,-0.0024542515906907226,-0.02192872442619486,-0.0031134751735668637,-0.03623899968911753
766,0.1329953075444052,0.002305940400119986,0.0045049364536616085,0.08842039137008688,0.08604979672350949,-0.05150847069139382,-0.02970400021893031,-0.0018112934210943869,-0.018649390411723473,0.006712971993627596,-0.0030625540900284074,0.0008472425335299445,-0.0008614692235305886,-0.0031664794309355917,-0.00794127276841415,0.0037220657034287585,0.0011856677903303535,-0.022897881374607996,-0.0009566083132135834,-0.017166920670047003
767,0.1700603852719883,0.0019236327585028547,-0.004995599428589252,0.18979325768373212,0.027043649965929374,-0.04537723265720613,-0.02875166829557674,-0.01093636507945286,1.2339288004215543e-05,0.009778717696422065,-0.003954671682401317,-0.009049569354398703,0.0057118544423659275,0.002217533159582291,0.01920327798290423,-0.018209936464811602,-0.0026706756159785338,-0.008847657326723372,-0.00042965686746295004,-0.03528458347862772
768,0.1337336457446664,0.0007784063639020595,0.0040560934545029416,0.0520183993816215,0.05511648453756679,-0.05140018009445131,-0.04680967844493623,-0.002171341506046897,-0.023617603294627296,0.00854585436571429,-0.005594773616404259,-0.0027630974223235485,-0.003805343225681188,0.002836995722905745,-0.018314968322298484,-0.00022070948961625987,4.659791998729163e-05,-0.023839188580455972,-0.002610932599794168,-0.02891659730214971
769,0.14249700832740153,0.0001089849316232833,-0.005095134656494061,0.08767672527610945,-0.031733111036502726,-0.0500718966347501,-0.0543814036336207,-0.010168808103376161,-0.018446608633533475,0.013877149779848325,-0.005836642055343192,-0.003979138935640325,-0.003782324318349419,0.004235967354716802,0.022229118413230057,-0.004548394803832883,-0.00041841065443528507,-0.022938811106660413,-0.003045182204582267,-0.035380976251045124
770,0.14638817484738129,0.0016545377239674693,-0.005217780640010891,0.14279556106094235,0.0899961033858056,-0.049456687526167296,-0.03540552639054079,-0.010404697012458991,-0.01009114744278651,0.005952869353280319,-0.004479169945400119,-0.00847728849298412,0.0014985070950826805,-0.0011644548741696966,0.026035697730790654,-0.012386974773175755,-0.005209443618907851,-0.01745267732367852,0.0017555632873377156,-0.015311049183844308
771,0.10317835788321979,-0.0018332345300268785,0.002808761055845759,0.13484797620772296,0.09034130907145589,-0.05541141377233277,-0.07150320162105425,-0.003686129704732737,-0.014623938754416078,0.007627077822711116,-0.003545210008231368,-0.006741696374521408,-0.009944827625403874,0.01135196853916919,-0.04107350311272476,0.005286803326569294,0.0001766012192744785,-0.018550500540553762,0.0013839887450837966,-0.015144864284142067
772,0.08910031433518109,0.0012859831942002152,0.0023369157008409315,0.0027209303799087606,0.07382235337999171,-0.056935224527576954,-0.04514304727373436,-0.004172568045990176,-0.028156958649112218,0.008862157876843977,-0.005058849706012324,-0.002786409942600975,-0.006067360139520863,0.0008732715200764934,-0.047355396148098784,-0.002750391958798736,-0.0003898773935641008,-0.02165684104742567,-0.004611515213817054,-0.02240445583071332
773,0.11403729259510262,0.0036063733264939768,0.0040272301736361754,0.1678533018816868,0.11386842807039653,-0.05409627140206559,-0.020317638983544002,-0.0026359815704265557,-0.009882416770518172,0.005981241027182122,0.001263310245776697,0.0029085180624560023,0.01164499351787658,-0.01135470723339495,-0.018942500634652908,0.010996002989766527,0.0016386809476766273,-0.013314614433284485,0.004392905359056695,-0.0023623811681105877
774,0.06921570702482904,0.0016788988174813572,0.005106387581439998,0.13164334188375074,0.08613494251668519,-0.05873896308157055,-0.04452663257626658,-0.003139879823884066,-0.017494301064824764,0.009099174183069894,-0.004435205398704125,-7.851402834043029e-05,0.0009103893582073681,-0.0010216781873127092,0.007771858501005177,0.00962779581909905,0.0015746015326296512,-0.018963921135717005,0.0010573845748777363,-0.017127730722508828
775,0.12098452965471232,0.00045381991209745556,-0.00545881014975617,0.1802775153054756,0.04413682881990727,-0.053191030678946885,-0.05079074661021177,-0.009766840003710985,-0.007572263324956811,0.009458165970617941,-0.005778098197031229,-0.0050218653709542555,-0.0021882773118109405,0.0036960247831459994,0.033768047855527686,-0.01842432739977061,-0.0034763835405047347,-0.01088179840403513,0.000550178531141667,-0.03189384127696887
776,0.12946583611538728,0.004245200621421728,-0.005173757776172533,0.16041115303353373,0.06406765876977855,-0.05201835637482805,-0.009088314460381825,-0.009820447147364728,-0.00918750367815613,0.008127717731115688,0.004119394416463847,-0.01592398725277101,0.01328362092786282,-0.0063255972575592305,0.024659424188757908,-0.014739009142453921,-0.004162206163621772,-0.014650896093893213,0.0011703862905055678,-0.02602680012103408
777,0.10792696610449135,0.0010611507614726224,0.00432116061573279,0.16111174212338186,0.11513133749781577,-0.05485127896712773,-0.0455076158713275,-0.0025695350438124987,-0.011306816669597264,0.0062196907648297125,-0.005333750813064229,-0.002060410363985015,0.00010904759704606407,6.329634340951184e-05,-0.012328471805764437,0.011147679450325543,0.0019236063751389345,-0.014528966065734738,0.004051632441125451,-0.0015950523382084398
778,0.14269454080877902,-0.0012698167317013857,-0.00545243582531357,0.09933318231284263,0.08221218867556966,-0.05004104254555744,-0.07091492700529499,-0.01049544265219933,-0.01674108356072943,0.006595005900915765,-0.004668339276319397,0.00021300090855531966,-0.006217498071744774,0.008884613392711281,0.033559264914326335,-0.006558916080782331,-0.005045495819315744,-0.02219317450001587,-0.0005393711070089086,-0.018894217230964738
779,0.08720555039802302,0.004635049006017744,0.005118356457313275,0.06380829856736152,0.11012876724353274,-0.057124692990873756,-0.019874544833065163,-0.002615964858024024,-0.022421270866392312,0.007452910420048113,0.006098981256105592,0.007587064479866736,-0.0020935239774654145,-0.01533757570998318,0.008105613766908831,0.0011853223753741683,0.0024267845080725462,-0.023771766084112543,-0.0019829099439689466,-0.004586045864449466
780,0.11780991849408136,0.0006852856691162263,-0.0054556872035651065,0.12048998776577594,0.07443365958115535,-0.05361087147825177,-0.04855094291916882,-0.009657122125455853,-0.015239948311530672,0.00790234426352334,-0.00566008666357657,-0.005724582055381601,-0.0023297045771909857,0.002636002777019662,0.03366573056843538,-0.009660366685028687,-0.004726309535538584,-0.0202717411620754,0.00013269662726618175,-0.022161020022651225
781,0.10815641579012807,0.00038694939559843307,-0.005023629158039494,0.1044350935485294,0.05146319837040044,-0.05482362405699143,-0.0517309853966336,-0.009031744083273481,-0.017660532230487802,0.009350113187549537,-0.0058004194667329095,-0.004760820455341855,-0.003257277375226786,0.0037463535279870035,0.020049622905790827,-0.006755378722943254,-0.0036086851072310504,-0.021796852861916897,-0.0011187414572476752,-0.029976624128939994
782,-0.03737464878070566,-0.0035483999635968723,-0.005127097945518447,-0.02446078441108744,-0.005838537613818628,-0.061449533551102276,-0.04567276902063948,-0.00446681122589132,-0.02111169740652809,0.011982526103661774,0.0021800074738146024,0.006493622481102379,0.007626717663163868,0.003815389321306821,0.02321285134100085,0.010897995782888885,-0.0014193515611708014,-0.01875242970729226,-0.0024067745781052,-0.037546342869687395
783,-0.000521212355262094,-0.0026626309339838903,0.004385462491571757,0.054976831574393224,0.07272140875138533,-0.06183889629563439,-0.055856066353093446,-0.00517943598358641,-0.02328395791280835,0.011760227939807046,-0.001210200921671125,-0.010219981034597305,-0.0038062521122613135,0.012426294282710066,-0.010815462403590102,7.262288093245393e-05,0.000710550843370717,-0.023843650188340167,-0.0025161562180007232,-0.022837988634127483
784,-0.11712874804359416,-0.003516468269952762,-0.005259243167218146,0.03358115886330997,0.00543444417991028,-0.055806726688835566,-0.022665726642228896,-0.0018410417739826816,-0.02111327890766948,0.01239156622513354,0.002041702963887949,0.006659192275240138,-0.000767047224901494,0.0054113350999079905,0.027342097212727973,0.002959520670635186,-0.0018657670403904407,-0.023488583838179436,-0.0026266554413147134,-0.0374025921385373
785,-0.03699643960541863,-0.001805070964950438,-0.005178526568616389,0.007339914009364898,0.028553663734860235,-0.06146064986995351,-0.04968805995973303,-0.004470246651357692,-0.02200636834099247,0.012393752399583917,-0.003610247322688862,0.0015550825644675568,-0.00016804642155807475,0.006611677909765512,0.024807972451900643,0.006571977281645335,-0.002769303300620622,-0.022030189969545207,-0.0033087682988400154,-0.0350460593920716
786,-0.01956708605102744,-0.0028213634733528946,-0.003986625434864962,0.06638440386699249,0.017009444759901533,-0.06181273238656677,-0.051495954241016315,-0.005107457581222115,-0.023413391391651092,0.012111127290832241,-0.0006707644049327247,0.0026157884038020434,-0.005129922424893184,0.00651756175578233,-0.008260377407263158,-0.0012875518578354245,-0.002146185960907911,-0.023726750376523425,-0.002414788764528007,-0.036569240344452025
787,-0.04663554936859375,-0.0006842474014974164,-0.005076219457815683,0.11266924111672666,0.008139762688775585,-0.06113126189357372,-0.051571253362375225,-0.004183189978335708,-0.025415119782806042,0.012193924425645486,-0.005438604601584656,-0.0017296264754791963,-0.005617479969201366,0.004611112726655102,0.02164972711631388,-0.00794831651228942,-0.0019593287693994033,-0.021067357832075754,-0.0022083085225211,-0.03727003951558981
788,0.0019389277081475866,0.002475698836075462,-0.004909761924390463,0.0048554269166754755,0.04515479312663114,-0.06181496731432623,-0.05206682403659303,-0.005705611215287086,-0.023796677515470266,0.011805913273882534,-0.002611119334519783,-0.0104848520404241,-0.008277823426518153,-5.2931118464399306e-05,0.016639495374379833,0.006576404851095097,-0.003328537199239452,-0.02183371030945083,-0.003780876833454158,-0.03164410437618732
789,0.011678545480798119,-0.0031339399496808106,-0.005013497835737052,-0.11276502241065357,0.018387483730765965,-0.06165890335330083,-0.059322667431124576,-0.006015902256744068,-0.0265706940784148,0.011839747554750483,0.00047842774199025604,0.005109084934296331,0.017647127565266974,0.006929436279199604,0.01974319199274621,0.022595797525649716,-0.002344787971631065,-0.0009720629554048781,-0.0043833795465730435,-0.036423743377657254
790,-0.13583132611258905,-0.002895738218057031,0.005352924123483481,0.03757414751751737,0.016390562421716843,-0.053533029469153295,-0.023502540320450776,-0.009219530227876435,-0.021226749990633974,0.013043556188029973,-0.00040777872788711026,-0.012294667566474923,-0.0017466860654166258,0.006501550710830261,0.014812507526085645,-0.0021901914221242984,-0.0008401336224843851,-0.023611710873932316,-0.0027064777973594004,-0.036631379022923564
791,-0.07194059415241624,-0.00206883388369143,0.004950152686668357,0.053812781429497365,0.08130591364540098,-0.059810121373497394,-0.042991230833787517,-0.00713890132495411,-0.023251447680673498,0.014262645190483226,-0.0029644774001426717,-0.009576946031229725,-0.0036928443335669595,0.01142832899076842,0.0034906022974997603,-5.955645892220505e-05,0.0013101624060264938,-0.023843603904632884,-0.0025648967590417835,-0.01929098122480288
792,-0.12915335683204743,-0.003263145988074748,-0.005215466191927389,0.1274298981384706,-0.001299519675406623,-0.054386326165155124,-0.021602282248781055,-0.001479758139965363,-0.03175452554519793,0.012090216467990082,0.0009871387659713031,0.005836795055972049,-0.013456340737440033,0.00444700310089416,0.025963064887472444,-0.010226619397787795,-0.0015968533563510735,-0.01948190889830909,-0.00248608077403695,-0.03756771776523761
793,-0.19620683532675026,-0.003371390268073564,-0.005108472155825234,0.09994514777237687,-0.018404229489783357,-0.04372878563794689,-0.0019360543893104836,0.0005728202292729224,-0.03150652939586185,0.010774632183036254,0.0014284859327892085,0.005952000646809612,-0.009993336052881711,0.002132998717579376,0.022638893402341126,-0.006246809111156429,-0.0009324907580782355,-0.02214788483106892,-0.002914019731803734,-0.03692985652675454
794,-0.12832228646083782,-0.0036854481453819075,-0.0044760942124470226,-0.03235773880416246,0.004990930860710069,-0.054489297490578355,-0.01782583178978289,-0.0020303998222360024,-0.01329534246936849,0.012407428985015302,0.002787264559926677,0.005561390880060512,0.009230349858524793,0.0053986740684581975,0.004333131541010189,0.010538673971932875,-0.001804736956996816,-0.017681946707385526,-0.00288637537410429,-0.03742070177874444
795,-0.06515129949434166,-0.003224743700433224,-0.004831582549816936,0.1515341513264359,0.014212680735892812,-0.06022946591144244,-0.03901105217321293,-0.0036806326473736157,-0.028565350576060747,0.012423084841589854,0.0008338832830958344,0.005038045886922927,-0.016516581430754313,0.006460790577672994,0.01434123305230775,-0.01265111168795485,-0.002163556306452675,-0.01612627130707185,-0.001678953411907765,-0.03683425471030387
796,-0.174929573716371,-0.0026954298398958517,0.005354816432227946,-0.06892458529087696,0.04944688911948672,-0.04761334255936479,-0.016746985272111894,-0.01040235238366119,-0.0035496157476347817,0.015678067005777247,-0.0011011745194389958,-0.01175375951258145,0.009921956676390878,0.009973471944937562,0.014867897253082326,-0.016128558736973282,0.00038013012900161376,-0.011394605050848605,-0.005908304951569125,-0.030532028624277615
797,-0.1953117380626729,-0.0027201051095109056,0.004216812662688071,-0.047785535950858896,-0.0024900554067319104,-0.04390161888408308,-0.011809383940159797,-0.009760653213229267,-0.004926879519673074,0.012034446742685426,-0.0010183149232658333,-0.010089894700704864,0.007678278740794568,0.004286939036773552,-0.014733267558237577,-0.010378772285928962,-0.0015381027807780672,-0.015296145625862697,-0.0025473609351085794,-0.03757244818595831
798,-0.16115524596007816,-0.0037892342771440896,-0.004195398371221667,-0.001600604549500549,0.011797878294570564,-0.04987889521670892,-0.006632138724728329,-0.0013643491332821565,-0.01506641757940922,0.01295165249470711,0.0032618878531166626,0.005235944991593923,0.00485871801142656,0.006462437378556337,-0.003057000534688461,0.006404807198441658,-0.002008211292295832,-0.021275918321154965,-0.0029629165022771616,-0.03703044312649454
799,-0.1782104658397637,-0.0025628894087302424,0.0052418187544953886,0.05264467413227437,0.02456918372046434,-0.04704483097776739,-0.017790037198301578,-0.010388062362516442,-0.02299878953065089,0.01396979725505932,-0.00153394948529857,-0.011231417831182807,-0.0035577510054886157,0.007110065986085351,0.011596363946865357,-0.0002135777061965793,-0.0005602832159914381,-0.023841328246060972,-0.002563537179052394,-0.03564988870809288
800,-0.17631538995610785,-0.001764933277274891,-0.004914618735790757,0.058452438880623625,0.017027888966809648,-0.04737456445140221,-0.028786920243336823,-0.0002511294111138297,-0.02393919502512424,0.013414324817115865,-0.0037013184231799354,0.0011718268899421577,-0.004045293129939209,0.005715771925355703,0.016783429542549223,-0.0005210715793628815,-0.0022789155757964195,-0.02383059282581833,-0.0024965618180344054,-0.03656735797962925
801,-0.11178424593322762,-0.002553116460934857,-0.004968358712974464,0.03722874105218076,0.003521886161624502,-0.0563901290133375,-0.03207598268189461,-0.0021930540085044596,-0.021582470731070565,0.012290062031576073,-0.001565039692122345,0.003416474412095744,-0.0019360722699691495,0.00491102988034456,0.018385076547597048,0.002315574399698216,-0.0017765041102300704,-0.02360209095752107,-0.0025939325925456477,-0.03747340087449663
802,-0.31599001863754056,-0.003745506052059628,-0.00524457697547642,0.17581413989767689,-0.0029512779031790905,-0.01313887826787441,0.0404551013024761,0.004623514755952766,-0.059202020562281354,0.01198331458291247,0.003060365039283787,0.007300799388132958,-0.022182216103093736,0.004224493582254469,0.026878867974305772,-0.017103388322861707,-0.001531459810800912,-0.011784858914242793,-0.002556680945749268,-0.03757230539237673
803,0.1096129333439056,-0.00040895696104253703,-0.004501432212346385,0.12559615042593908,0.11144608395371655,-0.05464680670106477,-0.059160633161507756,-0.008711327006359185,-0.015179666919713205,0.006319959365966468,-0.005660881134840444,-0.0026776086700008124,-0.0052665978765767275,0.006678233014815973,0.005022474860010765,-0.00866583289945531,-0.005466950756092534,-0.01969827006232275,0.0017204837663183103,-0.003811021518400572
804,0.12015654626985794,-0.0024497373906871107,0.0037696899705761755,0.02394028334121834,0.1365636130435415,-0.05330153395367161,-0.08044514436559752,-0.002695743990675517,-0.027069987287440367,0.004445218397148269,-0.0018870118953166694,-0.008903717536086413,-0.0006608474423292257,0.01819003276954966,-0.024330204402684748,-0.002736068360656958,0.001998980129779244,-0.023083740702310892,-0.00476323802557367,0.01268818790062207
805,0.09423808249436663,-0.0017342687199733704,0.001034823703128013,0.016820804798529213,0.13570652730269522,-0.05640281980321256,-0.06930091739899588,-0.00490302921470547,-0.027015105469312007,0.006006121507839401,-0.0037696141387445112,-0.004839738648003444,-0.0009925330877613328,0.014278151122735947,-0.05806385821818232,-0.0007408614155054922,-0.0007600979225122755,-0.022687133682136904,-0.005266082054625659,0.012071268917691341
806,0.12284568025330983,-0.001407770660624513,0.00283447397317463,-0.019080559490279512,0.13031157324109727,-0.052940056855664074,-0.07013995338772173,-0.003368373094277295,-0.032598052317401156,0.00463443194094937,-0.0044279740696459196,-0.006184000615293564,0.0006972618010944497,0.01220989266034336,-0.04069447032413702,-0.004853966711747544,0.0009403804320039349,-0.01942329941164413,-0.007662924541007199,0.008275511680525073
807,0.11474620721972739,-0.0004999741026370454,-0.00471986978427026,-0.027633570840850642,0.080930116517701,-0.054006180878015154,-0.060272727577942865,-0.009015560438721908,-0.03304155243529099,0.007663418242471558,-0.005597288623234596,-0.002373186588653371,-0.0016991681040028044,0.0063277258902759035,0.011118040684762055,0.01047873714077753,-0.004549638078517691,-0.018334603357422315,-0.0061346660633299415,-0.01945425458597938
808,0.13069032667457575,0.001145937841022724,-0.004739645805913496,0.05406285635621803,0.14467737337731787,-0.051842916946205006,-0.04290650972491219,-0.009501406537475734,-0.02333617063245326,0.003348388391081049,-0.005237089003066799,-0.0067398348788581105,-0.0037592187438878046,-0.0014742125206537902,0.011683412074705123,5.911690331965774e-05,-0.006863599225173636,-0.02384380087972352,-0.0025657240599040805,0.018717100272156027
809,0.09980736347219481,0.005972890232349213,-0.004389986396023551,-0.12684969027507975,0.1220642011949423,-0.05579492074094155,-0.0038880249779363915,-0.008363635296404541,-0.04222771238983438,0.006305855878417371,0.014256247282446345,-0.018479563732490992,-0.04511713497773332,-0.023861345834348346,0.00201802199961803,0.021599256437499728,-0.005731543478891197,0.0030440117591458934,-0.014393165332820838,0.0027646064220900094
810,0.10927262007009837,4.382622696183937e-05,-0.00527374573281574,-0.007097727035498326,0.09014829371977048,-0.05468831589273498,-0.054915088623466876,-0.009241386441283542,-0.03027637146076804,0.007397376580885087,-0.005831940153136459,-0.0037847672327183724,-0.003519662921946639,0.004604246828527687,0.02780137199296414,0.008733492701708662,-0.005253037114054188,-0.020747206079275344,-0.005531902022995831,-0.015237859654768902
811,0.0793114719046716,0.0015089592510542983,-0.004551535314464968,-0.07195650618483791,0.08554853941671783,-0.05787418260666142,-0.044478941271021,-0.007884332311889064,-0.03399856683793566,0.00874244753222638,-0.004727297275221162,-0.007567113504992698,-0.010523884825290668,-0.00040738284884916633,0.006396419609720309,0.015586156480133216,-0.00460834724253422,-0.010775048382306598,-0.008383433411404092,-0.017396871569195258
812,0.12545650047702192,-0.0015604812356199902,0.0017726671874998378,0.07396338202356605,0.14924306153180578,-0.052581964666980376,-0.07208213340175763,-0.004172139481037655,-0.02076368996479341,0.0034153409034721667,-0.00413570472525795,-0.005434225492857106,-0.005043190114236143,0.014237140781014358,-0.05319024019704785,0.0007755160538365825,0.0001272337961382301,-0.023531332458123784,-0.0009814759475514337,0.022259733003689948
813,0.1317012032724997,0.0024067555339311666,-0.004979642887322171,-0.03763287382833307,0.1042418902504935,-0.051696916810694694,-0.02880514206632053,-0.009730864634284324,-0.0357327779099134,0.005682862085213708,-0.0027985601496055114,-0.01037982063843518,-0.011915204542909886,-0.005107634444557136,0.018723491138320243,0.012367431088021037,-0.005589001981412419,-0.016910009185674382,-0.0076981518601225525,-0.007939537094684992
814,0.133845105746814,-0.001627768494442749,0.0031228319888754914,0.0004334155129117708,0.14547984818693552,-0.051383783588083466,-0.07396988692187556,-0.002956741505016881,-0.030698064394270218,0.003103819090593127,-0.003998189976001469,-0.00675725496735197,-1.766202601572008e-05,0.01437542516991554,-0.036183969731381306,-0.003960962035621196,0.0015326591987570792,-0.021459014919413297,-0.006731699629892266,0.019331930285042553
815,0.1405708516895796,0.0009417094676839766,0.0031542755294533685,0.04578934272595048,0.12459813149514767,-0.05037064622216286,-0.044531981482939124,-0.0028146188335438074,-0.024528700343668493,0.003999369486579741,-0.005455525971499276,-0.0028184961576145974,-0.004016598383091771,0.00031283264069756843,-0.03566327966764759,-0.0006287889198280485,0.0011280628198280102,-0.023782963898872272,-0.0031140531823491517,0.0044202425393973874
816,0.11364196049791243,0.0020336323017593346,-0.004693752477109429,0.025460700935620112,0.0890480131280227,-0.05414628580326721,-0.0356661901012649,-0.008964117953417661,-0.026699711637274116,0.007282996146544741,-0.003715662469870652,-0.00905221638186587,-0.005892745604072741,-0.0024525598745536066,0.010374818784101552,0.0036875393161104604,-0.00482429992918484,-0.02315768972444118,-0.0039307474943411636,-0.015764288356570975
817,0.1277256451520981,0.0035033078359056713,0.0036723952123009326,-0.03355816166062164,0.1565227193865971,-0.05226502011385269,-0.017670882850796044,-0.002616704719602899,-0.03484517893894612,0.002850417595612099,0.0008476432000855762,0.002065801911156386,-0.01532681464130064,-0.01643915692687795,-0.026266548758943097,-0.007703587285556294,0.002394725216013123,-0.017510285284176155,-0.009881515548777194,0.02813179497772889
818,0.12820627798301704,-0.0019796961490069296,0.004112048349959001,0.03823073847143523,0.12355574032715119,-0.05219720518239975,-0.07699766863590561,-0.002250473141363884,-0.02542237505961655,0.004724028707002813,-0.0031918982383873193,-0.00840962463899096,-0.0024045935603299214,0.014596349092755746,-0.01708480624243329,-0.0015890485500778444,0.0019806184273899454,-0.02362945923065373,-0.0036095799344005603,0.003735126654241422
819,0.0850112867691642,0.0027195923950914824,-0.005040365646383496,0.046956774134624374,0.07167579866940886,-0.05733947903133303,-0.03487381329742392,-0.008317824039162907,-0.023961732878071462,0.009079158350554518,-0.0019030060040090783,-0.01133447169187087,-0.004498792119999051,-0.003150289287964717,0.020557123086964474,0.0010266118492263745,-0.004389110641533394,-0.02379833676299383,-0.002829072987191482,-0.023243911851413387
820,0.13347941056714682,-0.0009189129538922285,-0.004930099759910402,0.07224059687755957,0.09586543938692808,-0.051437531788961904,-0.06593626647425666,-0.009744244856729542,-0.02084857454483975,0.006105513468329296,-0.005178513764825558,-0.0011462205284895168,-0.004481570170070895,0.008291032799288608,0.017243121163542402,-0.0023556057111020793,-0.005236665965770766,-0.023584008871399432,-0.0016174978883705764,-0.012401430148345553
821,0.14004874627328692,0.0033230022936055815,-0.005075734231028327,-0.017699886460048282,0.08125639381932924,-0.05045096572842914,-0.016510349305022275,-0.010074179494719452,-0.033617668127362346,0.00674985925602499,0.0001506139143579726,-0.013094339613441131,-0.012730574600695727,-0.006063435359146242,0.021634891146102748,0.009870056957728131,-0.004777388972125825,-0.01958781949062416,-0.005711599491475602,-0.019312538101884037
822,0.11829071467687505,0.00124578247640182,0.0034488522462217245,0.004669765285947954,0.13260177740868226,-0.053547954923971415,-0.04289248790553552,-0.0029759215868106286,-0.029371589060570708,0.004767361331262597,-0.005112382715867046,-0.0021751289843547,-0.0059015982314199605,-0.0015255527379026853,-0.030509697214940665,-0.004065100441667132,0.0015842732382783905,-0.021818622041808133,-0.006066689021463691,0.00986840579790714
823,0.12223896204826955,-0.00047093650999349354,-0.004820354231854021,0.005295138001621576,0.07544313718070153,-0.05302226488219114,-0.06034988536717694,-0.009314133586556571,-0.02948185551121413,0.007702351022382602,-0.005618638829231173,-0.0024174935717563477,-0.002576044025281168,0.006104873492732549,0.014014031026256424,0.00640552573771001,-0.004409050648104813,-0.021869219538178494,-0.004550027251427492,-0.021754780986157293
824,0.1723134763331627,-0.001816578477285243,0.0029308897910999116,0.07542613874608063,0.1687998545740591,-0.04495880570505806,-0.08205489288450574,-0.002508633802170181,-0.019627041334744515,-0.0010849155299762533,-0.0035837864568618242,-0.006846058903778362,-0.005350758037448952,0.017217714025522884,-0.03923942692750921,0.0014566281384195462,0.0017787650922491622,-0.023482793757380046,-0.0006495458419551023,0.03865759593413805
825,0.17199145011262387,0.001395606964717136,0.0023837863692727263,0.08658598927713448,0.15288607278184346,-0.045018930939776096,-0.03603514804748518,-0.003099231856597216,-0.017691964581024306,0.000152631213312779,-0.004903178088696047,-0.0026334128580094685,-0.002162366422046645,-0.0032950855186731397,-0.04678853252821752,0.0017718800621421172,0.0008548895855175536,-0.02299720550767401,8.537587213148902e-05,0.025163978473701002
826,0.1611488367576772,0.0006875314243858072,0.003659888681989429,0.12922833287060767,0.08984896612938878,-0.04698086343520993,-0.046640753294390734,-0.0019523807750130252,-0.011053994764116662,0.005385934173901981,-0.0056586319622694255,-0.003063042907902206,-0.002135928392296045,0.0023016378871397827,-0.026511511882603367,0.006551530535855718,0.0007370467325923037,-0.01926436894402811,0.0010906286773033499,-0.015381694448141407
827,0.16218194353960147,0.0035399318441066228,0.0032532699121051983,0.02463317678857524,0.16651890704145852,-0.04679915725935376,-0.007990720659333855,-0.002343061053426861,-0.028189197944655277,-0.0001868274363578987,0.0009939133145914862,0.001373468538179369,-0.0077089626575599065,-0.01797897108743408,-0.033986933598810914,-0.0022790145863056293,0.0021290917841839617,-0.023117910376039212,-0.005180506141701888,0.036642904090239715
828,0.17458695879679248,0.0046518592860711,-0.005293830231898614,0.06200177407178305,0.10574600870774742,-0.04453128003619673,0.011493339810847393,-0.011400794268968747,-0.02195017572125329,0.00363064553786761,0.006188375032030324,-0.01738698228371045,-0.0024063223179144042,-0.014646176548780011,0.028439411327714968,-0.0010652483549479404,-0.005892302431933848,-0.023796855157234956,-0.00210717640260509,-0.007099801221536167
829,0.16049864825208673,0.0006894538568522623,0.0028657418419592816,0.05654232412151396,0.15403343998533833,-0.04709465579205129,-0.0466433108016509,-0.0027613164289419564,-0.022942452474989536,0.0008254793657069728,-0.0056573819667787295,-0.0032928362257389795,-0.003699335367669863,0.0009256670030333918,-0.04022844069085895,0.00015581153418226619,0.0014188485356369598,-0.02384021578535129,-0.0023637511027679555,0.02609292300878355
830,0.1733956288367819,0.0025774280905618892,-0.0054388485785658285,0.04903029244649204,0.1148540073130853,-0.044755973641457454,-0.01885065973389136,-0.011518062099209136,-0.02423318667383088,0.002984830225610887,-0.0023242957126683025,-0.01145144776919531,-0.004259422500680689,-0.006813518878288072,0.033115009954967245,0.0008001826171746213,-0.006380988158835817,-0.023820141983066707,-0.0028702558568543517,-0.0017642636157064004
831,0.16621852375190466,0.0017868785551124315,0.0033379468477922046,0.08241689311554251,0.15582895286036347,-0.04607862775400342,-0.03118968226415692,-0.002183606071962752,-0.01857291771022567,0.0003144155716540445,-0.004231901504525636,-0.0013519812195916042,-0.001939042116865509,-0.005834912969711814,-0.032508414936759024,0.0022291974832553195,0.0019941400439488317,-0.02320246090750592,-0.00021145803148395813,0.027560327819924568
832,0.19386663993736422,-0.000363205429290839,-0.005121427991649553,-0.025243480413029425,0.12811838449049046,-0.04069127748659324,-0.06207320972678048,-0.011827239101749966,-0.03882582772565368,0.0008344711967046211,-0.005689154711718175,-0.002628130499389919,-0.0021849109825301735,0.006799133770784988,0.02303791967177534,0.010994413047750078,-0.006626793375926148,-0.018650886751759847,-0.008001018538805443,0.006775590649223169
833,0.16912772910072046,0.002771893865057871,-0.005289973211472029,0.03345457152633972,0.1341987530612124,-0.045548904875739406,-0.01693642483241218,-0.011217413217539033,-0.02687796168610063,0.001743974434525469,-0.0017420140819379582,-0.01183179260430132,-0.00590527194092192,-0.009666344867820314,0.028316702899730456,0.002993941939363256,-0.007030011043444172,-0.02348425368456065,-0.0040426727347070614,0.010995238629638318
834,0.18618535897916955,0.0016990366453515985,0.0028038139024533144,0.05805286301700813,0.14834760390787186,-0.04226716990389301,-0.02993746629208494,-0.0024352824705682796,-0.02260649755923889,-0.00040610909504708585,-0.004398333804592913,-0.0019401466058832247,-0.0035232403235909617,-0.004845335954507627,-0.04114599367679064,0.0002512854403990288,0.0012437292588427195,-0.023833099751113227,-0.00225047423636703,0.021556402945770867
835,0.18136517511289615,0.002531473387862599,0.0031185404774528836,0.11220026568519367,0.1568828206885159,-0.04322497625545337,-0.018002492599778753,-0.002153828692715055,-0.012714126887719177,-0.0007837907664070939,-0.002455376556976687,-0.00040879624732206285,0.0016650349454842108,-0.01049343957829517,-0.036254595136418745,0.004261026634987069,0.0017644522312522035,-0.02111188615469219,0.002295605130943288,0.02842940050595494
836,0.1868681453166037,0.0011943024218381382,0.0028468686987056357,0.11143597571671349,0.14874334029276254,-0.04212955581402075,-0.03767099770512506,-0.0023750975652635058,-0.012551910143017696,-0.0004823255538668287,-0.00517815069776017,-0.0026012931510183204,-0.0013885247046214243,-0.0019156897394857306,-0.04051040519202171,0.003807531325684775,0.0012981850588329024,-0.02118368272491146,0.0019883213999064464,0.02186671815760492
837,0.17745136478369544,0.001405954810358824,0.0029665527593030665,0.1341459806094669,0.16769880395628892,-0.04398503567168158,-0.03533859613617278,-0.0023878221823421023,-0.00899837930293697,-0.0013703365771474665,-0.004887751025060268,-0.002228247738221988,0.00021013533648145744,-0.0040834564122996615,-0.038687711253329336,0.005563457516252388,0.001801381394331299,-0.0186425005784594,0.004583682577310065,0.03768170269480553
838,0.17408515023722484,0.0013028557156507345,0.003934845056571329,-0.09419198318214836,0.14809815900199397,-0.04462610341975397,-0.037169297910602174,-0.0013936879252611307,-0.04944326806497794,0.00038467493426182166,-0.005035813287331943,-0.0017766097952552377,-0.010518592405674104,-0.002521848064385763,-0.02091895863330398,-0.014022611377263374,0.0024725322017511743,-0.005771602597667332,-0.014286038445461101,0.021361218956805466
839,0.18096652410190217,0.0003015498019395779,0.0024818977101041225,0.08202500649978657,0.17005292525133023,-0.043303117319320315,-0.05157573994748898,-0.002875745653756973,-0.018246939523236715,-0.001811733519475258,-0.005821252260393907,-0.003865849875413936,-0.0035680902551325474,0.003173317250796169,-0.04556114391087718,0.001592028340848795,0.0012421044817331874,-0.02322029188568133,-3.813050063972175e-05,0.039775877920122334
840,0.17189901754176173,0.0005993343353887547,-0.004926800185326324,0.0867793275241045,0.10267678778514029,-0.045036169170868126,-0.04743406599095446,-0.010919922321168956,-0.01766120743314269,0.003987746488653654,-0.005711288858937984,-0.005333452076649521,-0.003160689845022518,0.002388034601992294,0.01714502868761929,-0.004285577091241394,-0.005489502866197964,-0.022986996792460176,-0.0007508141476692904,-0.008800864105586628
841,0.1883063139632928,0.0015842750462978113,0.001944444904188979,-0.08354989307282909,0.14705950117839778,-0.04183812165673653,-0.031465826465181757,-0.003405934957929888,-0.04945936670024616,-0.0004341883253420657,-0.004602049990644692,-0.00275770336920972,-0.011552176363446147,-0.00410352232676347,-0.051607322992159935,-0.005973704538517825,0.000289260351267683,-0.008267254453539069,-0.013369630846902375,0.020551966022941646
842,0.17243311034343425,0.00171324135156099,0.002709820725707991,0.08620619785616482,0.15726130359913196,-0.044936441671055524,-0.031434336328068094,-0.002743894612751133,-0.01774452402908296,-0.000211025323333678,-0.004372037667385238,-0.001999686332909937,-0.0017861470296723263,-0.005471076934166082,-0.0424965934615571,0.002016945288295527,0.0012994929357703375,-0.023017081271484257,0.00012732428528530862,0.028742922346427335
843,0.1716769525774813,0.0012925716436711127,0.0023725045909427484,0.07696318353502697,0.12091604568438723,-0.04507754717393326,-0.037538464951645575,-0.0031152535316660325,-0.019372965681709795,0.0026083771651945154,-0.005049894335746119,-0.002757222486206065,-0.0027267177910407464,-0.0012484979756529199,-0.0469261286212611,0.0012393324278049016,0.0003519590323943922,-0.023428016924731045,-0.0010773928828896298,0.0020253790315049036
844,0.15713705589635896,0.001982679462934899,0.0033153385640026455,0.10717777133454169,0.17056914815203378,-0.047676022058098906,-0.02980412148916622,-0.0023717473998274177,-0.014863940827800147,-0.00011008159384919678,-0.003828149170940134,-0.0010526478259233554,6.231297152683601e-05,-0.008085456544785872,-0.032907197380842496,0.004158136831594517,0.0022947790290663004,-0.02156619305861042,0.002254057906496371,0.04023894070633174
845,-0.08210903344295442,-0.002630467684506645,0.00401806694249209,0.056021969949634765,0.054818469528964534,-0.059093059837901925,-0.03794985684384861,-0.007016642393214906,-0.023401622331130842,0.013802298556285173,-0.00131588141055467,-0.009607960918096063,-0.003918701756576538,0.010417303111350753,-0.01914072374633608,0.00016830989458307245,2.2588235695015118e-05,-0.02384180237127411,-0.002489891963925009,-0.02900566122667647
846,-0.06572658368276765,-0.002353788405289446,0.005268868796030582,-0.09229245891660394,0.024646973627636338,-0.060195778322576075,-0.0427904156046078,-0.007073641529257576,-0.015235150636646407,0.012678370476477137,-0.0021745575204062725,-0.010712021529629405,0.010550807278580484,0.006897493542375315,0.012372852539912514,-0.018863294433541566,-0.0005521325809876938,-0.006230644854566126,-0.004638961279118549,-0.03563888801646254
847,-0.050828134495952325,0.00041999205308539307,-0.004723161932369542,0.044120755997680304,0.02843750085238923,-0.06095806070361307,-0.054981376313475064,-0.004138935802704533,-0.02287078556744053,0.012573989117041702,-0.005790049464886201,-0.004808443657263145,-0.0038589348377694355,0.003928585884342518,0.011212003333030636,0.0013278503382330605,-0.002662305219062948,-0.023757119468056975,-0.002706132054599669,-0.03506482849560989
848,-0.025169682231832986,-0.00032634486712904967,-0.004889166115352047,0.10181393058908299,0.05165630128436673,-0.06173375748220392,-0.05343476013099064,-0.004878843332589888,-0.024039273481470055,0.01239840354295847,-0.005710136930202193,-0.0027909097034439327,-0.004605105155600124,0.005241923482796199,0.016030631683356705,-0.006237183237210419,-0.0035632239983718235,-0.022005788391463634,-0.0011883314768440123,-0.029922326498154274
849,-0.04717422882541112,-0.001577012812966484,-0.004806182978584738,-0.024808004530040447,0.03556472310212244,-0.06111002427550882,-0.048816882289149044,-0.004227696790371613,-0.020354617151226117,0.012641753443444148,-0.0041024143251053155,0.000556046985727527,0.0015678813002874769,0.006801141771248943,0.013602102224258046,0.010293758197809713,-0.00294178520897653,-0.018707506885520343,-0.0041262078658078245,-0.03378367340324053
850,-0.021511390463371048,0.0008933920382789905,-0.004479795032943908,-0.11893315048342482,0.023268632710371506,-0.061788996539617294,-0.05480542321344821,-0.0050212668058392165,-0.021152362119361015,0.012161099419941186,-0.005500004418524942,-0.0059642581023621475,-0.0088699796931338,0.003510588768397592,0.0044335859911027635,0.021055872490351065,-0.0024306201372109684,0.0007467474066484148,-0.004895140845921327,-0.03582915850508036
851,-0.06556784794145716,0.001227279633825314,0.005896030998961649,0.028149926471169692,0.06163774138324919,-0.060205107725634595,-0.05894600747471889,-0.007280092288832738,-0.02185041920074042,0.013564547312910989,-0.005136380950550922,-0.0007872320110591957,-0.0048648185106165065,0.0015599818415362736,0.03155308085730851,-0.0037890317974106627,0.001081776516021588,-0.02327922274022987,-0.0034238712449220035,-0.026852363111571166
852,-0.04691481803906516,0.005027152750127459,-0.004862048546085371,-0.011224670333515995,0.025204861671359893,-0.06112028902557584,-0.06883233808786994,-0.004222829725939855,-0.020873996140966494,0.012470460446941436,0.008270946645961109,-0.017371174652650912,-0.016299224149280735,-0.000997998269232089,0.015232680534207775,0.008625291296072209,-0.002573950489677458,-0.02031777631556009,-0.003497356101185664,-0.03555907448795368
853,-0.0768737380503302,-0.002539580253216062,-0.004924791605224558,-0.0376012803296074,0.00937283164605082,-0.059475574639767576,-0.039588129090266724,-0.0032900525747771117,-0.017249635793532565,0.012367313183029834,-0.0016079155913454198,0.003316781185101711,0.005890243560542595,0.0055131858347190355,0.017085346549728195,0.012233725426552823,-0.0019936774176010307,-0.016914767984738482,-0.003118845467156196,-0.03719703054692465
854,-0.09957248404106826,0.005876136809708035,-0.004837213203861159,-0.11443279783656912,0.039592403036561606,-0.057612497219356365,-0.09533234744897363,-0.0026412016042707703,-0.008517573569632883,0.013642000863716062,0.01359545121715982,-0.01960646767327911,-0.041644176968079115,-0.005103383900298591,0.014505587089428486,0.02205758008376292,-0.0030986529846530005,-0.0005134625042871739,-0.006279224723792435,-0.03294317934124409
855,0.09623121973630605,0.003228832581971984,-0.004800137130050691,-0.21855063513745232,0.1345055564838079,-0.05618894357416882,-0.028347083629209163,-0.008520220508512102,-0.05086897505662023,0.005942891173098365,-0.00019817722972667042,-0.012373829826559728,-0.03674944400223192,-0.012119984844991582,0.013426712681558803,0.0353908581064801,-0.006556299611643397,0.037129447441477594,-0.02217115899451374,0.011213234948079439
856,0.11320926128812724,0.00014598489799957316,-0.004362536801238074,-0.14051801517196655,0.12976921832209265,-0.054200842674625334,-0.05395788592433605,-0.00871228984420766,-0.046171110412545055,0.005203401404057349,-0.00583708152886123,-0.004081163067013591,-0.0038094864969427955,0.004224885728207686,0.0012889504309136445,0.02308965029367671,-0.005963999688669954,0.007251781597473921,-0.01607464639525283,0.007902273757689846
857,0.12006114454829596,0.0008688915825736512,0.003470882748273504,-0.18612514209275607,0.1834493122190779,-0.053314220868695986,-0.046580796264263556,-0.0029256086711089975,-0.05311156092350589,0.0019014782518580787,-0.005521505462918024,-0.00280771559031164,-0.010625868104947114,-0.000992490251313738,-0.03010426509443457,-0.019842966556144627,0.002789527153805472,0.023504026415509898,-0.0260122729876653,0.05224012864758792
858,0.12722740650680694,-0.0015489537189252414,0.0034115221545251433,-0.17402532622793276,0.1421814557068562,-0.05233506740515368,-0.0721961750121078,-0.0028368147938421613,-0.05318756721564479,0.00370708835077748,-0.004158727351062657,-0.0068959903975239385,0.01132383543332954,0.01370917389707937,-0.03119033350576402,-0.018496323617886806,0.001766644211951993,0.01886045441037463,-0.019888200089262828,0.016826156232742227
859,0.0825119693506947,-0.0005110579038978821,0.0033055841015390544,-0.06897286418549552,0.12625026879662093,-0.05757807047003579,-0.058725320890122584,-0.003730567348509686,-0.0341259249255033,0.007055455494736492,-0.005588876724915349,-0.005114385031614375,-0.0006148719625993907,0.007499626058950737,-0.03307834846814183,-0.00964910419044842,0.0013038318173019604,-0.011384857392547406,-0.010878867889206684,0.005517659766771767
860,0.13438374533505457,-0.0005286653981991758,0.003707104354961898,-0.07135367650038492,0.13020827477576885,-0.051304365387123275,-0.061589363301902615,-0.0024524471165299536,-0.040616296627944116,0.003992854345674079,-0.005575215655457296,-0.005285370983364371,-0.00046785720980131815,0.007689265399161756,-0.025582005374952744,-0.011130863398549268,0.0017771437134605943,-0.010899431630037202,-0.011300826091856089,0.008204306119808288
861,0.08231985956729085,-0.0001976204417511558,0.003734955667581032,-0.011368656860320608,0.10174600251973616,-0.05759614290017284,-0.05645573479930911,-0.0035025605227178994,-0.029054355142127022,0.008007803175712999,-0.005770833287744703,-0.004681666627593639,-0.002882732752108938,0.005620553468498275,-0.02502771511970147,-0.005862761296752997,0.0010869602056691437,-0.020302290556761665,-0.006139819759971712,-0.00930708183018396
862,0.1215211839052332,0.0001830238487377538,0.003208218161210131,0.02885622308123526,0.15021124702065186,-0.05311903040672287,-0.05357031104677917,-0.0031003670368641486,-0.026493632589988502,0.0036145108837257237,-0.005835903239921032,-0.0039889048645383686,-0.0037906351922713374,0.003999380530293634,-0.03475680091365322,-0.0019244424459889848,0.0017253113425300531,-0.023309179622051198,-0.004587293303052733,0.02302486520752035
863,0.18518895297115703,0.0010531863427453163,0.0036502712592586957,0.053577985941879167,0.09150694311015953,-0.04246712974491022,-0.039978549748913066,-0.0014783315223786408,-0.02344538162138444,0.0043111511722144225,-0.0053423947683219255,-0.0024046108118684776,-0.0037752910226883252,0.0009355897710354782,-0.026699276132971357,-5.9803012317276685e-05,0.0007713591099792866,-0.023843325805249532,-0.0025797334557180448,-0.014579151887867537
864,0.18599186746912805,0.0008643293266967401,-0.005758891498219653,0.09937095100974647,0.07043772362535616,-0.042306080178638766,-0.04283247858749098,-0.012311661553181636,-0.01486171452395725,0.006011373841969505,-0.005525430953925238,-0.006385842050238838,-0.002467354549730853,0.0022147601017175494,0.04386067042629878,-0.0069177878355860915,-0.004721635698532099,-0.022190397101830354,-0.0008152214897153603,-0.02371722188357175
865,0.1898413971684124,0.001830054405892778,0.003017325723822771,0.0016189326841523862,0.11642498217767987,-0.04152469266413752,-0.027425126810592955,-0.002128981552256665,-0.033381931367519976,0.002037093374110963,-0.004146759049423854,-0.001569904202051212,-0.007240450151250976,-0.0035218180654428026,-0.03788964900158871,-0.0037307950035566357,0.0008385454204663332,-0.021562608453081483,-0.00583520140733099,-0.0008004734874197218
866,0.2067728916314162,0.0026715769550292815,0.00369735977718101,0.013555667315217427,0.10499178823814852,-0.03790628345197227,-0.01079450534568433,-0.000983937862566426,-0.031766169330931904,0.0022260005710053694,-0.002047962534965184,0.0005855829803411886,-0.007795243670731367,-0.006275242668974604,-0.025774888590869773,-0.0035970776999353455,0.0011394439480338586,-0.02247749547968819,-0.004844859015491789,-0.007522342311056561
867,0.20739718995685338,0.003725412612015014,0.003947933686048466,0.0574226187676752,0.10080429334011116,-0.037767208341762566,0.007367277172564068,-0.0006505067939998821,-0.022663420990506198,0.0025797335615547956,0.0017590017919568337,0.002996244655137876,-0.003323682395407078,-0.01007925517782988,-0.020641922307418143,0.000298186056912378,0.0012226349368932967,-0.02383652277581451,-0.0023752540360616114,-0.009814668350793527
868,0.1913884569961648,0.0014632860339039216,0.0032049387355546906,-0.06883966581681414,0.09406182008463067,-0.04120635716406429,-0.03303003527768727,-0.0018813231523567072,-0.047034781840125196,0.0038487863783354588,-0.004799989259442299,-0.001977224294831766,-0.010136509909719427,-0.0006878815017828555,-0.03481238668211931,-0.009320477269773217,0.000522576292726352,-0.011411741299713016,-0.008789492555287621,-0.013314556602581401
869,0.18398434296632413,0.0007667835505083303,0.0032703011079649557,0.1385882558808788,0.14766617315950073,-0.04270750367843401,-0.044436663138362385,-0.0019361874056482758,-0.007672749236808537,-0.0002103240980071382,-0.0056034845883819705,-0.0030497940037000977,-0.0016736807661785966,0.0006121979337833949,-0.033692862310517234,0.0065284622438045595,0.0017384075889633206,-0.01804672186642141,0.004096378695102346,0.021023964838557577
870,0.1846860319482313,0.00136424628378415,0.003951012874611793,0.056887600281990115,0.08025306984826151,-0.04256766728056603,-0.035250681700746724,-0.001143998674564747,-0.022828717327604657,0.005250149010743146,-0.004949160247104842,-0.0016457371541519624,-0.0036267312462664445,0.00033703882871948736,-0.02057660480975076,0.00024766964885030015,0.000675145076008122,-0.02383891844713871,-0.0024308807248461244,-0.019746564134003965
871,0.20184511292078844,0.00023626351809122081,0.0033038809884150585,-0.06265518410996981,0.08684938254446917,-0.03898992441975756,-0.05239323909229324,-0.0015751196667141464,-0.047021956758366214,0.0040629644760847,-0.005831373346893402,-0.0039001268013380704,-0.004197189312462346,0.003926560063214642,-0.03310817518263658,-0.009149263648592974,0.00043261222398017113,-0.012628005386181598,-0.008033077134613724,-0.016797415058490334
872,0.212259655995794,0.004362121861214267,0.003283385273614752,0.13116969044048218,0.0700808851784613,-0.03667022487392143,0.019891446672258596,-0.0014137488001736678,-0.006959704923229055,0.005233908990053452,0.004694271061055098,0.0027542943811183287,0.008936646069120655,-0.007608955009275297,-0.03346581243470625,0.005979999435287992,5.172415542094297e-05,-0.019023599878807248,0.00038924626497173026,-0.0238521637505435
873,0.16787286256172948,0.0017277132121795576,0.0023296432389114047,0.0007800994078869216,-0.310425223841951,-0.04577846886696705,-0.03180101494398804,-0.0032078347869942047,-0.03240777029789363,0.034968400752311675,-0.004345002076251191,-0.0023025255571278444,-0.007081271584659735,0.02318280211216755,-0.047442221139475486,-0.00284414715314428,-0.006166924109560198,-0.021489547017102047,0.006117892382947597,0.20803019031192557
874,0.16226464983815386,0.001735600081190375,-0.005294530269006232,-0.051432427802680356,-0.33119984692497295,-0.046784562973860626,-0.03240048873360976,-0.010996753339207835,-0.04071311654054909,0.03573940875080089,-0.004330164173054376,-0.008778588553304389,-0.010361307370682284,0.024559725509801705,0.028461691674847585,0.015074355439106167,0.011639672787801838,-0.014675255793554819,0.015696850223639505,0.24230649690069936
875,0.16743325065820291,0.0030663459049552594,0.0021828184848108148,0.057251496816987414,-0.30127168227271967,-0.045858506526042786,-0.013182304953669842,-0.003366405358428271,-0.022808007161294844,0.034230468758679806,-0.0007753958597465701,-0.0010515519297417952,-0.0034207090542745584,0.03806947706643523,-0.049130231291249306,0.00015373019226222497,-0.005712258037801515,-0.02383733997059418,-0.002981690068058544,0.19363798892534445
876,0.1638188419528959,0.0016121802485763496,0.0015706243572231068,0.016140058819749458,-0.3018940909469522,-0.046508998387346914,-0.03389018301813371,-0.0040332399215200505,-0.02964694412716217,0.033820087711056976,-0.004553945002470952,-0.0030259744168004447,-0.005952976348859097,0.021322339302018604,-0.05483535928344301,-0.001280595057493838,-0.004395853914851258,-0.022644866017916647,0.0034679159548728984,0.19460283980323143
877,-0.13177713935470553,0.0067023334283262985,0.021834787417920193,0.09954028366202833,-0.10728099694511468,-0.05405655530341162,-0.11802073742382546,-0.021109115582656483,-0.028634490593346905,0.00658467776748666,0.019593746944019972,0.07134935649068672,0.007840412645379737,0.030812623862165107,1.276530352814771,0.02499160276633078,-0.017875709203496397,-0.022177916182877035,-0.005013447770947792,-0.009191603167464776
878,0.18405336563212502,0.0015973934363495677,0.0029914763584731685,0.03565939013793438,-0.2840764247247491,-0.04269377100563039,-0.031752837541484204,-0.00225325924747177,-0.02677002692956299,0.034926433299847334,-0.004579550035143617,-0.0019323518496726397,-0.004816316387123381,0.02014602368140878,-0.038297804215497104,-0.0013043965913608763,-0.007118291990873757,-0.023555924038149302,0.00022999669028101914,0.16777652663932047
879,0.17611476070950616,0.002493633803674642,0.0029111792729541535,0.09353142386858167,-0.27162066212175295,-0.044240981088282005,-0.019551797060080738,-0.002469915532624716,-0.0163283279878287,0.03301106171445317,-0.002561438867607454,-0.0007265501589849032,-0.00014086449605707921,0.028759729578552932,-0.039541222591092974,0.002680639798715916,-0.006715304107555198,-0.02259209512286818,-0.008054197041225878,0.15000085812034664
880,0.19004558805579053,0.0036325188248855656,0.0026522707659552922,0.08463473866146823,-0.25155763429103994,-0.04148281823142234,0.0009746833913613198,-0.0025553384599566013,-0.017506227185664833,0.03290935427690649,0.0013707495377882324,0.0004033705546675838,0.00038523123648696465,0.03788845246683661,-0.04329851472554252,0.0018732982883424409,-0.005863339984555797,-0.02309681186870662,-0.006481629715499714,0.12306054782917877
881,0.18330049501507037,0.0018963694074686321,0.0026388684556762007,0.07972093760188177,-0.21233798264891113,-0.042843295564913134,-0.027293432493937887,-0.0026664346488862946,-0.018610854780130404,0.02902071966200152,-0.004011701765365553,-0.0018266040374712619,-0.002004602650306691,0.018521267732323973,-0.04348253900870522,0.0015621516608862445,-0.005162239927695978,-0.02332004483696414,-0.0053200019278243395,0.07642579698793896
882,0.2011897658185213,0.0019750334762496506,0.002493147683299264,0.08902530191334938,-0.2089787243877515,-0.039132149683759235,-0.023493937566343406,-0.002594769139456911,-0.016294734136435764,0.030306797475125543,-0.003844764544832551,-0.001869208450885176,-0.0012580613342521318,0.01892018377798984,-0.045416875185285456,0.0020022970139640618,-0.004886782406093345,-0.022863920899385173,-0.006282010022913838,0.07280229862761059
883,0.16318194978613984,0.0017114639390556213,0.002001771048389417,0.0570423988824057,-0.0972631313324873,-0.046622223508082136,-0.03261297148210618,-0.0035993070666146235,-0.022854205749818512,0.018887299661317258,-0.004375341095820369,-0.0025951505205464858,-0.0035836781813209824,0.010022760570271471,-0.0510413870774729,0.00013119571480783013,-0.002739963958773986,-0.023838273462866665,-0.002668329854665358,-0.014366595635248093
884,0.13569789652202507,0.0031447141077231085,0.003991609138792036,-0.04389293919907294,0.08959820580031462,-0.05110934730199053,-0.019647006126805137,-0.002182245760964234,-0.03695737073103023,0.006395372340097622,-0.000500890211639529,0.001924019213465063,-0.015308442898222342,-0.006454709217312376,-0.01971036688687437,-0.009415077341301224,0.0009522419666749064,-0.015934851613869483,-0.007294174344257277,-0.015501833718581269
885,0.1542481351494389,-0.0003421586767135523,-0.005609801514295377,0.08780160211879781,0.10587172471689958,-0.04816632243366672,-0.06023040144956681,-0.011037665944024003,-0.018050745486233043,0.004552978285254915,-0.0057013316009494235,-0.0025636379766017557,-0.004371511659659121,0.006280292619939471,0.038781748910520254,-0.0050062094177422784,-0.0061454058326028994,-0.022932001394096194,-0.0006384249721717278,-0.007029083809683097
886,0.12609157521004236,0.007305675170766482,0.004009156280054787,-0.03517617326533525,0.12751260561512623,-0.05249379574981479,0.022487676520217294,-0.002380949891286668,-0.03491676683954804,0.00461150429685048,0.024483042192273288,0.010271557917029092,-0.028864473159280552,-0.03179550693994293,-0.019333021126551275,-0.00861942445459094,0.001994199045159809,-0.017275176690078994,-0.008653688216607933,0.006365695202417882
887,0.14799724889034918,0.002243562875984857,0.00399534079317728,-0.0144729296381314,0.0616136944828228,-0.049197718324367444,-0.02790190691648071,-0.001906438113940974,-0.03368269407382134,0.007767964136340022,-0.003219888641298541,0.00013485043193089307,-0.00941992253464829,-0.0009636183848695634,-0.01963026674147285,-0.006600157148099101,0.00019710660128282833,-0.019960174564507032,-0.004860039382320591,-0.026860380020199928
888,0.16942050984951199,0.0019941669937624247,-0.005030120045948858,0.045421259155382976,0.07126418603668137,-0.04549510998714365,-0.02784711791982154,-0.01095289440281696,-0.02483152869828295,0.0064606887211305355,-0.003803056097100002,-0.009280707481579862,-0.004398566144377633,-0.0010365663429943734,0.020246255165487663,0.0012327142339286343,-0.004367872664821403,-0.023777654434455023,-0.002886983278526525,-0.023402151428398108
889,0.11811107038368865,0.0010085112519196688,0.0027079888062591663,-0.03497253053523434,0.13775596013331393,-0.05357149093796372,-0.04529140475246374,-0.003535766335879773,-0.03420349495301627,0.004501613416418122,-0.0053894939006463895,-0.0029222106522441933,-0.006790348418059473,-0.00045864763939359337,-0.04252241290860632,-0.005616387201365676,0.0009509396154542025,-0.01730500311797208,-0.009119921885344448,0.013552759832190623
890,0.11093122321929604,0.0007356611036782151,0.002625291971923849,-0.023968844665761987,0.07244143383815992,-0.054484881727549825,-0.048372004500527366,-0.003698765045378546,-0.032318024918723695,0.008226906829662211,-0.0056260249652572356,-0.0033051152051121143,-0.0055789541462695005,0.002531955276487534,-0.04366790398444725,-0.0047571017993582555,-0.00025403614027151984,-0.01881573833249523,-0.005625127427660646,-0.022947235374715606
891,0.1606085995055194,0.0005979639295690655,-0.005231916907882396,0.022248264058326982,0.04900896451213136,-0.04707544339784622,-0.04786535053140109,-0.010879564618079823,-0.028532868552113056,0.008326868869591539,-0.00571203461122975,-0.00540444423439793,-0.004324501487718519,0.00334861407059197,0.02647999436959327,0.0045391906646009604,-0.003592866170568334,-0.02299699757693405,-0.003409813857512376,-0.03064987074765406
892,0.1295817786722277,0.0046562655380664635,0.0036049859721484223,0.013519124096376988,0.07356071740699244,-0.05200181099363786,-0.004548439791868463,-0.002634321908096274,-0.02873412839173779,0.007570116406136483,0.0062118617819399554,0.004002253993400288,-0.010973782152231944,-0.009043648444328846,-0.027576263228583572,-0.003503399465371773,0.00030532709736893967,-0.022475050490894436,-0.004172851280894166,-0.022508052914151047
893,0.08799216128185418,0.007948114554865453,0.0034155339134348457,-0.023481632026586617,0.14844674963101867,-0.05704648511824537,0.00577938701705501,-0.0035685152363910313,-0.030541434393200752,0.005850814253835077,0.030161446850190073,0.009088285353827288,-0.0275431923773942,-0.0413471150747732,-0.03111757094134191,-0.006306462022142194,0.0019141911129598895,-0.01887804824464799,-0.008710562056243907,0.021634071447228106
894,0.14542673776373743,0.00207672621840011,-0.005193822266758333,0.11064782978876614,0.02022376372646755,-0.049610148479574616,-0.030367258996813445,-0.010351679546245633,-0.014943799488502404,0.010531549979886501,-0.0036181340676976776,-0.0096817999016813,0.0005195723057899235,0.0025529069263218575,0.02528531515807088,-0.007841636704540526,-0.002444586409134205,-0.021256719073770237,-0.0018634760106100408,-0.03621455942739922
895,0.15525041045002155,0.0013962692690993824,0.001631753515369356,-0.06257478728255961,-0.2873417763188641,-0.04799719480063912,-0.03769451009030636,-0.004040763301391133,-0.041757233538638555,0.031729997826447094,-0.0049021944789316785,-0.0031364845789474474,-0.009504992406359486,0.018117355966094283,-0.05436233286235783,-0.004125138345811024,-0.004382993384904345,-0.012643404380177354,0.01492582810793785,0.1725696327439404
896,0.17577350891390103,0.004462711350640147,0.0022383138162868467,0.07277250266909856,-0.27450149703933774,-0.04430603163073541,0.009153980166446357,-0.0032104355045194516,-0.02002840336281278,0.03319671757834315,0.005201758807055431,0.000510752423134907,-0.0006403523827474203,0.04971000214360774,-0.0485067554115525,0.0009482927270193937,-0.0054476116732936775,-0.023568263493450814,-0.005154298675349082,0.15404058531212617
897,0.18438188442959044,0.001902242016572508,0.002414959651539719,-0.04616818965147101,-0.28956882019878427,-0.042628341861573125,-0.02705299799813213,-0.002907201767703549,-0.04198846329567648,0.03541327784430572,-0.003999491438405805,-0.002029451671801634,-0.010687879744324308,0.023836304864339766,-0.04640453643153947,-0.005565462542706141,-0.006030633769820894,-0.015564534652483707,0.012594227276838035,0.17587035652053395
898,0.18684929628686087,0.0018896696170228827,0.0028112024817580194,0.004078340853365516,-0.2825124316615203,-0.0421333612540966,-0.026902879495728813,-0.002416694144323384,-0.032766758073846575,0.03512951329766796,-0.004025582262548393,-0.001674401778635183,-0.007195021386976945,0.023219048017593814,-0.0410376771828354,-0.0032902350365442124,-0.0067223778270941266,-0.021770182342157555,0.0048488384071851175,0.16550037562584516
899,0.18345611255953617,0.0022751723433944698,0.00195873181162627,-0.12420545856465876,-0.28145945334357936,-0.04281243697268232,-0.021506733311667903,-0.0034382714532792485,-0.056337100803218645,0.034643119795417725,-0.003140734124209231,-0.0021193139145412863,-0.018679617230082365,0.027301662329777925,-0.051468043733349386,-0.007803422545712389,-0.0049837237288675,0.0022652862451655407,0.023574672595611867,0.16397507307978204
900,0.192666118797431,0.003206348809801856,0.00246762239887056,-0.08425326743692473,-0.28811729188661206,-0.0409415923551013,-0.005096737949497068,-0.002738309689821428,-0.05017487290429668,0.03629343745762515,-0.0002799062048222082,-0.000442534577888114,-0.020389844451851578,0.03812506149767137,-0.045743163913693666,-0.007865125974587741,-0.006116670341543846,-0.008108028183110698,0.018218230237014854,0.1737161131854668
901,0.12176121892606348,0.001755467714263487,0.003920093401296415,-0.057737850358964296,-0.30188786156866076,-0.05308672985582308,-0.037321277991806866,-0.00254610511223772,-0.03737740147312171,0.02850584750027159,-0.004292460960456116,-0.0009022590269856377,-0.010842575595055803,0.022979085655438946,-0.021230016600039595,-0.010537131459977221,-0.0094811148297733,-0.013550395321284586,0.01505925553585965,0.19459317313867672
902,0.1744496799498787,0.0022741745998988696,0.0014255883651141817,-0.07741138084175424,-0.2921605441738617,-0.04455724652472196,-0.02304591601365683,-0.004107584430572026,-0.046536222004202266,0.034410493375378715,-0.0031432506361411105,-0.002726515600632922,-0.014762111588491,0.028174594718343514,-0.05587188232988157,-0.003952848639625949,-0.003999336722051789,-0.0096224916079858,0.017473631290372587,0.17974395960908127
903,0.18306417452677007,0.0033288794794010877,0.0022247442551543185,-0.03821625117191709,-0.2872983304901391,-0.042890109552981295,-0.0055693643626830575,-0.003140111037565738,-0.04039260068764697,0.03506979017557701,0.00017272914115104622,-0.0007106250240043964,-0.015308031702125453,0.03937588717296967,-0.048660838177172414,-0.004672450796334774,-0.005603481573650436,-0.016821843878038506,0.011287645835234773,0.17250549702991105
904,0.17349718914351484,0.0038617046234718723,0.002606366715414012,-0.00888893437706311,-0.29327419809559946,-0.04473687574606263,-0.0002984769316236279,-0.0028400453776351807,-0.03439446126788523,0.03437974331190047,0.002347070425010985,0.0006050996769087702,-0.012966709654103006,0.04609763630384365,-0.04392453309206675,-0.0038086240326099165,-0.006490956959945531,-0.02056424528626857,0.00710891029949629,0.18141913200001356
905,0.18847599969666332,0.002039049172090349,0.00232131450021062,-0.13289677639204553,-0.29416585471178724,-0.04180359528542307,-0.024344354294641376,-0.0029641309913165763,-0.05885046136148432,0.036292008826062094,-0.0037035236619324253,-0.0019667748963753356,-0.017676345084788447,0.025691168103954862,-0.047541284091818146,-0.00992583859179237,-0.0059050776750178766,0.004867884330300151,0.026093260461780746,0.18276500956940486
906,0.12906441625646192,0.002934423389058987,0.004833612062550195,-0.0668389835400092,0.0247615542270834,-0.052075533104021944,-0.02352138228060358,-0.0016421045076509613,-0.03937329184596113,0.010425669403810707,-0.001221119450792971,0.002758952013192314,-0.017009962640521094,0.0013037733166161936,0.0003882794798167014,-0.014234542475629832,-0.0006343127862649208,-0.01181205273110475,-0.004281778764287712,-0.03562262740002634
907,0.13768838167864175,-0.000999496228487503,-0.0054432494041170175,-0.05443022012199853,-0.010353792660024855,-0.0508105670897275,-0.06722273836357184,-0.01031833880300032,-0.03863104276708847,0.012496525104072592,-0.005074208953462813,-0.000613382193355545,0.0010956682503695282,0.0039299946270684475,0.033258785413408744,0.01591610788659665,-0.0012260521684340057,-0.014148576336904709,-0.002099130618272653,-0.03741907333389138
908,0.1215542627231283,0.0009612242170106578,0.0046156164579556755,-0.04536811460189626,0.027596625987137562,-0.05311458265626846,-0.04554174977170828,-0.002014027303848792,-0.03580364455619348,0.010356687793388017,-0.005436780612357474,-0.0021477096071344155,-0.006959921880007184,0.0033048313173364677,-0.005205556590998318,-0.011153712775137194,-0.0005880802332284584,-0.015695719678292138,-0.00412138915781653,-0.03519860678640669
909,0.1301447069398606,0.004958503942087806,-0.005187292307608747,-0.02652746584170783,0.009351440325584074,-0.0519212820420104,-0.0010232703258312014,-0.009853393212595297,-0.03411014393083481,0.011316676896465356,0.007877580018838518,-0.018018848487075467,-0.01900846593720607,0.0020298394787281295,0.025081366295059342,0.011308152750271144,-0.002015685415954613,-0.018482137658731006,-0.0030480623206433246,-0.03719836431697293
910,0.145474370582125,0.0028380641975003095,-0.005407355819892057,-0.03412041269976713,0.008304587219036595,-0.0496025679757917,-0.021063204592309228,-0.010548198832289728,-0.036432018422810394,0.011307077618738332,-0.0015337057551045913,-0.012195714301058144,-0.013097084601983559,0.0031235581929677583,0.0320893811140217,0.012867381813202032,-0.001991947583030269,-0.01742907195248848,-0.0030472871736667833,-0.037260736945729185
911,0.12578431800786793,0.00029063957452973,0.005462557028708677,-0.07437011515536344,0.01784931954921648,-0.052536504978235914,-0.05240866937805865,-0.0012301260635798022,-0.03996557946590069,0.01085619668695794,-0.005823293707406006,-0.003635926050615256,-0.004516327997823616,0.004146706883819295,0.018055458142803207,-0.017197130242163038,-0.0007700502989435293,-0.010271085226729754,-0.003923279863172904,-0.03648173615865152
912,0.1380878583100159,0.0011345106012005184,-0.005470012810875627,0.01646053539622111,-0.0006264221087601361,-0.050750111174202736,-0.042448594240860116,-0.010355081470051961,-0.028653346457089345,0.011894868922666797,-0.00525061134332234,-0.007097024867970487,-0.005225315840707889,0.004189667974794532,0.03413554179300764,0.00558520695912243,-0.001627222683641174,-0.022664858956351227,-0.002578696456041875,-0.037561790675224735
913,0.13815815089037778,0.001035327281042607,-0.005434589674972699,-0.08855904506728814,0.0061651811473594715,-0.05073945620550551,-0.04359670881655305,-0.010326652750212434,-0.04350628501798474,0.011473627544668668,-0.0053615054519655396,-0.006778001988427042,-0.008765767509737165,0.003961809434619125,0.03297597691380254,0.02087048382791753,-0.0019060962601892488,-0.00711565911649098,-0.003199905891547083,-0.037370529573454984
914,0.10931404349201161,0.007647116228679637,0.005414816469785343,-0.11356348834545914,0.0484640335922403,-0.05468326972464843,0.016154844953309738,-0.0017716725459071153,-0.04237706710799051,0.00947312340715075,0.027440331773080112,0.016572567319251982,-0.05308481711197117,-0.010570385531365458,0.016634811140327905,-0.02222900051090126,0.0003660448330395893,-0.0007530709077599345,-0.007041395927534971,-0.030795118679408463
915,0.1416636154690005,9.014068618461171e-05,0.004650319938299915,-0.22728785759428974,0.03611878338575199,-0.05020162709405597,-0.054603939326803796,-0.001463527095480262,-0.06407409633568423,0.009558656491414064,-0.00583579725010386,-0.0041714088680754125,-0.0032228075911006275,0.004339118605395301,-0.004333303626474656,-0.031763154648353394,-0.00030938791187418423,0.04109518877583628,-0.00826650055976145,-0.03367304281242129
916,0.13689645696687144,0.0007897345631532434,-0.0038839288110179737,-0.3956043329936598,-0.005244687899037323,-0.05092992824435225,-0.046518521675741546,-0.008946983752461992,-0.08637758439290107,0.012179833653397497,-0.005586130029071541,-0.0054963270149261155,-0.015224671243026604,0.004333188907977199,-0.010728178707278893,0.04776153435344174,-0.0014656946433817455,0.1418785396198347,-0.0019285189560278298,-0.03755521429081419
917,0.14280849842832208,0.003940899137819024,0.0036650595732951063,-0.44268498498240605,0.06513886393361917,-0.05002322432310444,-0.008399415092336276,-0.002317820999061104,-0.09580739579239268,0.007683248041891575,0.0026988466515062886,0.002847441591011604,-0.07769386175980254,-0.005698265002985445,-0.026410339405605342,-0.04349736289983186,0.00013056399566199677,0.17836754248550848,-0.020210744162125236,-0.02565313408958093
918,0.1497360462721696,0.00460818086640462,-0.0034929118191855913,-0.09701363749325394,0.0453107716109397,-0.0489148663901501,0.002060657977067924,-0.008894602105818526,-0.046389836981266,0.00881149866131109,0.005956794261576479,-0.012972802989613761,-0.03022441047424628,-0.004020793704241073,-0.019570462242742507,0.0145619031112656,-0.00284271028745853,-0.005078815855374186,-0.006347353797807309,-0.03160536342042371
919,0.1543981660060775,0.0030907436554443598,-0.0055565013851139,-0.14831471431098706,0.02136126921450703,-0.048141071670165604,-0.01589061442788421,-0.010991388221140647,-0.05512595185243377,0.01036651812309668,-0.000690713204500057,-0.013191339112201826,-0.027162376919343055,0.0015261996087346842,0.03699696782715728,0.030221312126089535,-0.002552421169259972,0.009788928969746334,-0.005091859496383938,-0.03607620672223059
920,0.17356989851747437,0.002917976902565277,0.0038216913551727453,-0.05391951848152778,0.046776119358273624,-0.04472319658057251,-0.013900786691464339,-0.0015270746740547367,-0.04230174338929957,0.00821594699186333,-0.0012752469048264215,0.0012213406516003826,-0.01552697220767906,-0.0010445083202653656,-0.023273007627707235,-0.0099044943841765,-0.0002666891306994234,-0.014239340421690259,-0.00534660347558775,-0.0312352491693764
921,0.18329009943099456,0.004372810332808752,0.0038754202058433225,-0.20690645765242674,0.05754935841785032,-0.042845356093950314,0.010361652666772695,-0.0012605278210391002,-0.07159649837850122,0.007139642693418887,0.004747628840820891,0.004106100492350594,-0.04703430910963149,-0.005587727117905072,-0.022164393110557245,-0.024270015925280854,3.484356430645734e-05,0.0320384692366684,-0.010788619632720356,-0.028172288052036785
922,0.1674092389338741,0.0012106265953608756,-0.004957543797678405,-0.13976030178322055,0.01102407466347401,-0.04586287245919289,-0.03907183271022573,-0.010814272436324166,-0.056215014340856004,0.011003280042601567,-0.0051576345133717855,-0.007036170000207819,-0.01189504618674448,0.003700495129683086,0.018061420816029815,0.025963481130979946,-0.0020587597230560953,0.007010515832348413,-0.0039315905782712525,-0.0370869123277072
923,0.18469341754755297,0.004305881788145437,-0.005420325846855286,-0.10654993295196,0.004129765280285045,-0.04256619273508611,0.009807200050155538,-0.011877646633913106,-0.05326226798414989,0.011466422521931793,0.004415736873497289,-0.016646274098283606,-0.02998865816057449,0.003174057712763661,0.03251108845144529,0.023436017733718614,-0.001821662097798439,-0.0026409811272154905,-0.0031113697130995144,-0.03745295178164382
924,0.18466382541710602,0.0030624255249435146,-0.0044812672683838635,-0.055749750061016304,0.002051080807895157,-0.04257210050711803,-0.009245730524182313,-0.010801231519184967,-0.04379966903886573,0.011636235047506946,-0.0007889376767437514,-0.011429909971102265,-0.01634843752042263,0.003735393484300807,0.004473569952776734,0.013390512136244329,-0.0017043556659423968,-0.013912087594785098,-0.002810403755659047,-0.037514951282742175
925,0.1704188429348793,0.002122837981191276,-0.005124296607904082,-0.05254587463881651,0.02423258806265234,-0.04531101316728485,-0.025874928132665356,-0.011084034693164444,-0.041736160277082004,0.009986841182185496,-0.003511348492618837,-0.009742005334468697,-0.012050981738455143,0.0022045259695743337,0.02312640030493708,0.014765721948266789,-0.002588995708343821,-0.014481352197344656,-0.0040465890091579484,-0.03569712685323545
926,0.17808549217101285,0.0018973733448134572,0.004048699293204376,-0.09983896663896466,0.052342298217997116,-0.04386296200970691,-0.028004986151256368,-0.0011805014957742249,-0.05103123298636878,0.0076826612216533505,-0.004009617263441089,-0.0005047989497646421,-0.01436295624863186,0.0005269738026621537,-0.018476184252489734,-0.015006446556491604,-3.266873810311925e-05,-0.0043720712552267945,-0.006987171317845686,-0.029727870779795135
927,0.17022806778248312,0.0012047285751807077,0.004170457871314949,-0.0616573771966934,0.05844886899202626,-0.045346272427416054,-0.038915862448549575,-0.001228114828765902,-0.043286262729366115,0.007403757410452112,-0.005165083418770842,-0.0018350963404518811,-0.008590221351228375,0.0017475502770704198,-0.015781514700999942,-0.011651261478538693,0.0001888334731633765,-0.012818373594607241,-0.00625764909226932,-0.02788932087998244
928,0.1817535668141036,0.00230011969055264,0.0032360394138438806,-0.19218471919042943,0.04729853220839774,-0.043148688378703254,-0.021418648003611814,-0.002014700634563618,-0.06851025258795257,0.008003104935448153,-0.0030774298988555174,-0.0006264552291120283,-0.024603855024393637,9.23690469434048e-05,-0.03428275246860123,-0.01885771053763404,-0.00046484586266509867,0.025919567160428474,-0.008998327294990708,-0.031100606684199256
929,0.21207768946394576,0.0009761616966624373,0.0043015047014088835,-0.026821893691892678,0.05437644397373673,-0.03671171654502272,-0.03937555379981688,-8.57614378163505e-05,-0.04055810771245842,0.0067035712091061215,-0.005422128379923936,-0.0022532249770872335,-0.006409899759720307,0.0024193839465554193,-0.012786236666565795,-0.00842365015223613,0.00012748923817765327,-0.018443061892266896,-0.004967932215023292,-0.029136915533989262
930,0.2032385044514114,0.0007628462951392545,0.004122487977262489,-0.0443384059901444,0.05775273730464358,-0.038686053225374904,-0.043543263322918906,-0.0005224138615811053,-0.04344121923905439,0.0066142897004714575,-0.0056063992992004,-0.0027725001860138196,-0.006160481316319037,0.002808031249069191,-0.016853303614389324,-0.009789329938551203,0.00014814233912860636,-0.015863014988086174,-0.005666647681701933,-0.028108676425450386
931,0.20517958797727187,0.0003169906441000794,0.003795491115491525,-0.13917739008814406,0.04808865525018897,-0.03825940041437603,-0.05099969633930016,-0.0008921379907597361,-0.0631562536294926,0.00743757689069345,-0.005818122977235986,-0.0037220715865190265,-0.005103910883419804,0.003916100408408846,-0.023807602274679325,-0.01757942982212792,-0.00024242149155324772,0.006825548663901944,-0.007689935077323297,-0.030894277654179347
932,0.20158754616950675,0.0032743007821994887,0.004057817284376629,-0.16612311733212545,0.05483139127813535,-0.03904587516016849,-0.0017967647326581385,-0.0006407939097461326,-0.06794255155646588,0.006915811848143545,-3.107620259068082e-05,0.0022924413733620267,-0.030802735844364767,-0.00270190105684529,-0.018277338324667367,-0.02151204395027832,3.947118427192401e-05,0.015957147140104513,-0.009186721205579566,-0.029001809021418405
933,0.22036958564474654,0.005450620679594937,0.0037565154418425645,-0.11938765013306056,0.021520544017795126,-0.03478630413615577,0.04235282006605826,-0.0006263053742252351,-0.061622765774196585,0.009681954838989582,0.010820445908223017,0.005848116949550558,-0.039863625033667416,-0.0006975102529176911,-0.02459558126244625,-0.015607295062706522,-0.0009301112939320776,0.0008758613236436657,-0.004742006606017365,-0.036056298857530304
934,0.22312100952161895,0.0031917612306677427,0.004550210555355681,-0.16137895248116907,0.026266095716193573,-0.03413172894096216,0.0020370828389295907,0.0005205015278325219,-0.07145592417085261,0.009189321468092192,-0.00033261324440983357,0.0029257033634717987,-0.029524021506558605,0.0008534315095612442,-0.006830712686048529,-0.023774481848184998,-0.0006437572665862776,0.014263214481598665,-0.005811419748015504,-0.03540279500848293
935,0.22291562095640502,-0.00026143313714502737,0.004174456629847449,-0.12426684505362476,0.05908901369807991,-0.03418086164610492,-0.0613583069687712,-1.6448041326184495e-07,-0.06313691961287245,0.0059816535315925685,-0.005743188496189868,-0.004893272103642026,-0.0009567307628161071,0.005220268070257004,-0.0156915744359914,-0.017961341423413435,0.00020876112798227906,0.0022832348068455625,-0.008323827035048146,-0.027685389140675573
936,0.2113300778546989,0.0004347111610560891,0.004403171390512714,-0.09538450126383988,0.05305747594644118,-0.03688182684974322,-0.048860827557602814,2.879743910929155e-05,-0.055024931656995985,0.006844122944766477,-0.005785015225685323,-0.003403975223213543,-0.005486303073234918,0.0036281324808606417,-0.010394609097593703,-0.015934753986182448,0.00012983536420794095,-0.005480399333989663,-0.006914876814200747,-0.029522544962197892
937,0.20652251114275447,0.0018083147262455768,0.0035089562683503707,-0.12654000751039277,0.05208410495478784,-0.037961947743590976,-0.02555976718418792,-0.0012291966109955193,-0.06078777053173133,0.0070456892760941085,-0.004189904527617772,-0.0011647082294605475,-0.015570486714072561,0.0007329698686624297,-0.02939702450252737,-0.015101048492682357,-0.00025349562608140917,0.0029522186658400944,-0.007732759249303327,-0.029801345790390107
938,0.17376455244834837,0.002505546310349328,0.005165023857980843,-0.0050446365013985615,0.045673045396409914,-0.04468654853462167,-0.01981817432994103,-7.126860484060075e-05,-0.0337353643312271,0.008296874898840179,-0.0025282310088184066,0.0021309522839925705,-0.009252614385424232,-0.0001555214781369422,0.009414797283081632,-0.007479075850139329,0.00017449368995717157,-0.02095045805924044,-0.004045253258454725,-0.03151489730681826
939,0.21625911304603282,0.002325947673244578,0.004301147374084557,-0.11436951983278988,0.06561435355574552,-0.03574964424028477,-0.015048814395592766,1.4025670652058134e-05,-0.0598479976085875,0.0055353537020130855,-0.003011117187070754,0.0006551582302591289,-0.018192460473368175,-0.0015066505859939858,-0.012794537914246147,-0.01751421774134966,0.00045644496198816813,-0.0005309456026964679,-0.008580887278969789,-0.025485363175368952
940,0.2387681886061401,0.0006113362653149184,0.004519237707639759,-0.14742711735989536,0.06897634025871327,-0.030260606389402072,-0.04475332536124794,0.0008733451028551888,-0.0713825679811007,0.004535134377829799,-0.005704662899954531,-0.0029845206940743363,-0.0074855913608372,0.002956277270815012,-0.007591738136401397,-0.02207617865520633,0.0006679127899019181,0.00949507516392968,-0.010120187321802655,-0.02426567249074263
941,0.24563635255630495,0.0011112573782671152,0.003569004735645911,-0.10170293845415077,0.0597214349513618,-0.02848160053845046,-0.034425466211559876,-0.0003844492116325755,-0.061520164150392916,0.005321329847052244,-0.005277652003751854,-0.002341712149104038,-0.009690963244064604,0.0019204242433681418,-0.02826468054203345,-0.0132670045791627,-4.650358427083457e-05,-0.003898653772412819,-0.007645008072268475,-0.02748183105872959
942,0.24730866315335667,0.0006370635981276491,0.0040793132396825605,-0.06758007691431421,0.06755340728279045,-0.02804106335939772,-0.043911223954743374,0.0004221275970964214,-0.05336044534860364,0.0044306240706404945,-0.005689886709269214,-0.003043056828892403,-0.006128704842424117,0.002912516303973559,-0.017806664685822503,-0.011961231071681334,0.0004005618559098606,-0.011664533099910213,-0.007029852820344271,-0.024789050817539782
943,0.21867018415118175,0.0011837664200533193,0.00433054282662901,-0.05947059841797433,0.02685143751062884,-0.035186694775594184,-0.03519919625271463,0.00011141781862591098,-0.048221260032754974,0.00918748564875794,-0.005191225325406816,-0.0017896654453139513,-0.008405568381332216,0.0030747155701834642,-0.012109188687392905,-0.011899155138973239,-0.0006724550979907036,-0.013229883117530256,-0.004300632624650595,-0.0353140972621917
944,0.23402720453424933,-0.00015207145332042735,0.0047545684239533635,-0.13221298136752355,0.0667239317776314,-0.03146021729961244,-0.059607030409760994,0.001091851004238946,-0.06690558115872557,0.004909399920265563,-0.005787626479967927,-0.004754415739410287,-0.0016310335080508736,0.005044729217834597,-0.0016715161717902355,-0.02153771671097919,0.0007165088399635045,0.004658642660846929,-0.009328273182841037,-0.025089301168946698
945,0.235278629607219,0.001616483903410804,0.004401366500929137,-0.1286920825411799,0.06087019499525369,-0.031145823291940104,-0.02546160067879354,0.0006148527087067782,-0.06630334454620374,0.0054758066889580735,-0.004546444257557992,-0.0007947187297626773,-0.01433723630300295,0.0006366460068038069,-0.010437584787732835,-0.01947223799591605,0.000363567780680182,0.0035933599205619274,-0.008638130320741457,-0.027106772880101555
946,0.24605991475849023,0.0023331038420250955,0.003988397578388418,-0.1442888451757466,0.062006015045991084,-0.028370294451895265,-0.009739576088582929,0.00025665356407149104,-0.07202980910079437,0.005064408624099125,-0.0029926046137341462,0.00030510716750993885,-0.020808992694753774,-0.001219343624573034,-0.019779239214925408,-0.019027137890394084,0.00020448009632492698,0.008466436295232799,-0.009276045104606273,-0.026729211060102037
947,0.2398732844845386,0.0007330905388628826,0.004009783779394491,-0.20813572644989434,0.057939489345023076,-0.02997764944763638,-0.04231487506499332,0.00015126489424122,-0.08612705262875099,0.005660169355027707,-0.005627835584284145,-0.002869513245919512,-0.009860905661328712,0.0028732106476159337,-0.01931949423074137,-0.02528911291642958,0.00010396583454442456,0.032565444304749835,-0.010881139183176873,-0.028050076326362715
948,0.23469013451906134,7.022001869601154e-05,0.004032180199454075,-0.12769666265335647,0.0593549598971814,-0.031293871568765404,-0.055337215484454666,6.822047978519398e-05,-0.06596632288166686,0.0056473209074217375,-0.0058344485046632364,-0.004195885014677544,-0.0032655810978847594,0.00442944135611691,-0.018835219033051635,-0.01764175670972666,0.00015248164712307097,0.00329586455915251,-0.008460276148373889,-0.02760004148022668
949,0.23863158013590827,-0.0006906811598206149,0.004135407779254551,-0.13124220004120304,0.0802928339933159,-0.0302954970811702,-0.07026332093198429,0.000307652456133186,-0.06750174364877089,0.003357385525800108,-0.00543234025080413,-0.005772065307953267,0.002269191485705947,0.006923448573139871,-0.01656593632815628,-0.01847706713154841,0.0007868542119786827,0.004362897393565615,-0.01061391266276512,-0.019729461987014783
950,0.2330214670065964,0.0016293641451378678,0.0036522448308319634,-0.02435648502653381,0.07046025545038266,-0.03171171579543073,-0.02547938750768793,-0.0005130428035843512,-0.04162248382214961,0.004557498542191658,-0.004523864962012292,-0.001361088550620952,-0.008341628267129343,5.208134913217437e-05,-0.02666078869737416,-0.006855729960049069,0.00025513896516692134,-0.018765885270062312,-0.005558557891937855,-0.02370867909430438
951,0.22853126488867684,0.0007354084113966302,0.004299890962753627,-0.07288411616852937,0.030630995434591607,-0.03282181499155133,-0.042806265523654366,0.00030649906075765445,-0.052366396804624626,0.008685990155261352,-0.0056262032987872595,-0.0027725637072621096,-0.006722006304403656,0.003498792866555893,-0.01282372040991718,-0.013202097103386556,-0.0005683482582839206,-0.01058249076519468,-0.004760497392032094,-0.03469859783891829
952,0.25039021264537265,0.0009507204702175259,0.004275913373059553,-0.060351387172451955,0.07999726302928219,-0.02722172877732362,-0.03735309028025443,0.000793636772070126,-0.0519191243820188,0.0029778599778268727,-0.005446926089389307,-0.0023191271203684884,-0.007395473253805974,0.001670246425455307,-0.013378908749951764,-0.011830463783493545,0.0008625621038235076,-0.013065076976995335,-0.007512586909493016,-0.019856387945970163
953,0.24060846658662627,-0.00019596264920299382,0.004011002137455471,-0.09354203267274945,0.055850074686600394,-0.029788709647157942,-0.060624627964143064,0.00016942208975524433,-0.05880544175522707,0.005861317618409759,-0.00577148742628416,-0.00472759501881951,-0.0018150862471815088,0.005022267338937083,-0.01929322384253713,-0.014250253566551246,4.769640334801446e-05,-0.005929335329689994,-0.007077707360473107,-0.028695396327526775
954,0.2285207590976694,0.0011413974992071192,0.00429240536167716,-0.013464465303634762,0.050248815305846746,-0.032824387901193026,-0.03517904199697233,0.0002957304323496373,-0.03879333540648673,0.006721028459245181,-0.005242480234718933,-0.0019020022416244096,-0.006410489917575422,0.0022152734210749863,-0.012997399706776573,-0.007020592657496149,3.1180868644574953e-06,-0.02007304500916722,-0.0044215198443851075,-0.03031365838735118
955,0.21006038424792917,0.0015411107093482104,0.004669677651076444,-0.06152582925188088,0.05159933057240127,-0.03716940877082278,-0.029721221882279377,0.0003428772928462037,-0.04771008201988843,0.007008690470856079,-0.00467464955939746,-0.0007607157426315355,-0.010110193131739572,0.0013246313339795254,-0.0038437557180305204,-0.013122702619380696,0.00019065876698022007,-0.012843349612608823,-0.005837009496098394,-0.02993836591410751
956,0.20239469874677235,0.0010773642618861468,0.004956671557729501,-0.1019660066345615,0.011217184783353831,-0.038870309960069876,-0.03832665004850933,0.0005011581587603007,-0.05507389617523351,0.010783907852973208,-0.005315922630197485,-0.0017074101009035678,-0.009493670321612581,0.0037639653028093576,0.0036664368147155705,-0.01885565221924745,-0.001070774382215759,-0.0038313809967184653,-0.0036762221655829027,-0.037073110666261
957,0.2164927931804272,0.00023133037767036847,0.004428575616488287,-0.09730711633251792,0.05434910560418468,-0.035695346008607555,-0.05236671139960039,0.0001895804999380844,-0.05618641437628925,0.006599839947816792,-0.00583193370357057,-0.0038519996375553037,-0.004301704352269271,0.004061425701426676,-0.0097877334896669,-0.016238304415239636,0.00017909030150061158,-0.005006011348028438,-0.00707380754624429,-0.02914500007035811
958,0.20076434332152585,6.836356052621536e-05,0.0025708962936341955,-0.12762151653223208,0.04330268016363347,-0.03922423874682915,-0.05518711472205948,-0.002503962061616134,-0.06000267640088495,0.007955507255443072,-0.00583429895514957,-0.004145809667964386,-0.003252560848981828,0.004390967778517748,-0.04439998139694174,-0.01081129596462565,-0.0007722241098385106,0.003273471905406769,-0.006925587885300643,-0.03209447676493057
959,0.21509479197277268,0.0008992160298099211,0.0037833787552776646,-0.04578418320439499,0.04451606584448186,-0.036019347302967714,-0.040539013492568395,-0.0007001557563982563,-0.044880076444772835,0.007562721026048096,-0.0054947891997246005,-0.0026290885179911416,-0.006730302704427751,0.0028792745655245055,-0.024053413790586103,-0.009061264224993745,-0.0003381111614349863,-0.015627629357119643,-0.005016968387126367,-0.03180143125462589
960,0.15269181438415796,0.00465894954587112,0.0036470678516275384,0.013846191449889217,0.05851280735200384,-0.04842688642157102,0.0037561238142976585,-0.0021352857071256105,-0.029593326843879626,0.007851887498213531,0.006226179642289006,0.004108312869162409,-0.010920235938292784,-0.006421956992386587,-0.026761699530940267,-0.0035190696953103996,-4.095459362081628e-05,-0.022496855756202805,-0.0038396426976741362,-0.02786904748195622
961,0.22036782956771053,0.0013150032674386187,0.00482519433707128,-0.09558769097604354,0.04521755968372401,-0.03478671941869644,-0.032677595469512,0.0008234886223471926,-0.05637324906672603,0.007389828628549679,-0.005019019950799279,-0.001194825238244977,-0.010653477849852475,0.0020892241227399395,0.0001672165970942191,-0.017580178695987277,4.061570743454933e-05,-0.0054305499870826,-0.006304153701820089,-0.03162852998354647
962,0.19561916138509755,0.002650277133795713,0.004452320122044428,-0.02422039051147279,0.020926805047009677,-0.04032319646390842,-0.013377570459722158,-0.0002979076046257992,-0.038758971741892176,0.009985892406973573,-0.0021113945568523515,0.0015562057268384845,-0.011473807788257979,0.001977339130989297,-0.009217158404530919,-0.008457682950207282,-0.0008264403560505373,-0.018783415920231413,-0.003510838409169625,-0.03612984181340913
963,0.19235016224919838,0.0007445606775701646,0.0036476256805536345,-0.062375841019044184,0.010334609203839749,-0.041007223619632376,-0.044373634930623726,-0.0013373872089932066,-0.04589763552442905,0.01091769583955149,-0.00561969616973263,-0.00296358167013477,-0.006518091454336647,0.003963179867601294,-0.026750833597589684,-0.010157179184122088,-0.001223860364099423,-0.012681464540863557,-0.0033340725545140523,-0.03713461088026003
964,0.21554715466057328,-8.356631236189374e-05,0.004092367460924196,-0.17114451293958208,0.061388716825028763,-0.03591472834932231,-0.05796646923806947,-0.0002803265891607488,-0.07199085417318879,0.005956010903637111,-0.005808272674279494,-0.004512334299432362,-0.0017944027370439019,0.004815426708626969,-0.017519536560463313,-0.022202041824711458,0.00023596850236923475,0.01779019334093598,-0.010113663641017586,-0.026935239232045154
965,0.22259354808899734,-0.0005438928725362088,0.004180731454770096,-0.07696105130562933,0.04275441670328407,-0.0342578196879491,-0.06652239246954239,9.505985812899154e-07,-0.052546565645069966,0.00758540061864711,-0.00556310612172163,-0.0054851507593508845,-0.0002434953991267369,0.005464175387165559,-0.01555025582923989,-0.013223779440508175,-0.00025256830523991234,-0.009719485622793601,-0.005666843369099239,-0.03222438379460248
966,0.20698749891027768,0.000690548399406108,0.0038170701135818276,-0.1422712867195022,0.04441001220999835,-0.03785852071085163,-0.044592648712239225,-0.0008266398621719082,-0.06413575395591162,0.007733877407539331,-0.005656668329577135,-0.003011308168536675,-0.007999433347624959,0.00326201610238185,-0.023367586416375166,-0.017969452708223775,-0.0003293482643391951,0.007813648488761413,-0.00739286877106838,-0.031827348841155255
967,0.19754018444500285,0.0016543574822788997,0.004676136710946021,-0.1913384283392601,0.060829703972090136,-0.03991608267233278,-0.029263098186740798,2.325564948424207e-05,-0.07209035834021696,0.006491680326728137,-0.004479492617976751,-0.0004892619077876879,-0.01832506393527581,0.0005460239143199862,-0.003679930568890372,-0.02787078437267245,0.0004885433946507499,0.02557859833695806,-0.010719831707454894,-0.027120109136255052
968,0.19537203613492038,-0.00017054763529827572,0.004620210925919005,-0.09850295077533315,0.018667265240625716,-0.04037529205133133,-0.059019030781463554,-0.00010113650288158628,-0.053336070233668896,0.010183064826662284,-0.0057811097693034955,-0.004776655061662132,-0.0019023852704225033,0.004522032457189537,-0.005090474037827957,-0.017118067072236957,-0.0008691802086814768,-0.004707898396025902,-0.004248406178322818,-0.036393000623530514
969,0.1758860786611117,0.0042245675957540575,0.0052768720452018485,-0.09063837351108221,0.0006194735491718243,-0.044284586501533246,0.0057109873028536205,0.00011272676801449987,-0.04906936418874068,0.01176528623842946,0.004019621035290569,0.0068688290879051,-0.02693318423366138,0.003749884459979383,0.012603395749579126,-0.01868024745852555,-0.0014237826873758897,-0.006625564010476896,-0.0027877158381144442,-0.03754462026930193
970,0.18619249529938903,0.0003514747546183792,0.004868605383546087,0.03692792602242756,0.02173201030834178,-0.04226573408290749,-0.050737234123438155,-5.185851628344642e-05,-0.026570619078304724,0.010013513108130905,-0.00581011841928535,-0.0035348596437466107,-0.0038915201713937125,0.0040663802146479935,0.0013116181199636168,-0.002057444342519039,-0.0007285273224042163,-0.023593553885941393,-0.002761922646518952,-0.03602966425719922
971,0.18201760008987594,0.002242326032606252,0.005277078833255221,-0.15290045995212698,0.06924166555533512,-0.043096738063494545,-0.022246408629119058,0.00029540086439412694,-0.06135905711773748,0.006230363700909188,-0.003222961896746784,0.0015682638558447966,-0.020812405487224666,-0.0015810652517668515,0.01260935739874491,-0.026705143868017287,0.0010702599515602987,0.01132765544346355,-0.01035462657858988,-0.024166919963175878
972,0.19224015827735427,0.0016192940759035578,0.003639955254978019,-0.05691705979059247,0.035987269679365455,-0.041030049727276675,-0.03045778874498626,-0.0013487273542330885,-0.044829127711079234,0.008741658084587205,-0.004541534673423592,-0.0013890019583791473,-0.010197646765465355,0.0020547467262061227,-0.026900089070623013,-0.009659915520289908,-0.0005960307214110687,-0.013700504612064174,-0.004794460926980995,-0.03369944657315188
973,0.21435863107879488,0.00011693492090837441,0.003942839497211588,-0.1165049090430369,0.040647819244513154,-0.036189149311223114,-0.05440351921260634,-0.000504890055188919,-0.05999777410875023,0.007941734734870474,-0.0058368727628830466,-0.0041009302305737,-0.0036073561292489674,0.004302567648579864,-0.02074986368051892,-0.01616508524379081,-0.0003869505889483877,6.266248674748488e-05,-0.006419724713005833,-0.03270902496317034
974,0.1902477808014486,0.00016598851984995185,0.003778684831068788,-0.18117119370544346,0.06520288655503229,-0.04144131115627437,-0.0535912226306744,-0.0012252329111702726,-0.06841728749475716,0.0063197891986775225,-0.005836646255392375,-0.004007068332953438,-0.004007224201987978,0.004193469434833701,-0.02414844723125935,-0.02129402614741135,0.0001879221240624079,0.02157387119979383,-0.01092157874596908,-0.02563061276849879
975,0.22758837931900447,0.0011610641224823076,0.0042962068877585675,-0.12924613714611757,0.034674409863204664,-0.03305227762057616,-0.03488512267947757,0.0002787437729056302,-0.0650736306619603,0.008295809058114239,-0.005218952414746029,-0.0018576448366733936,-0.011097719195792515,0.002791149266116618,-0.012909237701547718,-0.019035793496155147,-0.00045096820625817997,0.003759649505729195,-0.006133795179691578,-0.03395811004433374
976,0.24218411833881726,0.0009144624983921328,0.003548182976882904,-0.13220171812395937,0.07822110385157169,-0.029381892081828107,-0.038602010732886986,-0.00048319011990498377,-0.06836854812596929,0.0034524296805831653,-0.005480946853297525,-0.0026976922612838316,-0.009416036381482813,0.0018394116150500313,-0.02865966322337516,-0.015761710693332414,0.0003851055666685841,0.004655202507990414,-0.010452919599019417,-0.020609576095994217
977,0.2305554722641733,6.121830497254716e-05,0.004037018142949399,-0.06387704851789541,0.058707418568292036,-0.03232395275186199,-0.0554857433463079,-1.7471414340405792e-05,-0.050539586673176505,0.005821009672047598,-0.005833685404867303,-0.004214189962161688,-0.0033919950941693785,0.004449106917063114,-0.018730230727401615,-0.011469428558073008,0.00013692578190732993,-0.012392670671202043,-0.006344811722843811,-0.027807210227359228
978,0.2155613792694614,0.001790516256299092,0.004013201554603207,-0.2401394882335298,0.05871048673709887,-0.03591143516576173,-0.02467989327278808,-0.00038515066207816444,-0.08689191673972968,0.006209248304575472,-0.004224812856818867,-0.0007519290632569516,-0.022788931848603824,0.00034729697295831274,-0.019245778169612884,-0.02839916281638571,0.00012643687646866458,0.047155458626809,-0.012017172588603523,-0.027806233751293864
979,0.23275955459536415,0.0008899674849470844,0.0039723799623715885,-0.11844341735746024,0.06633061362930265,-0.031777039224849354,-0.03965032432228936,-6.0509073208820644e-05,-0.06347656340778737,0.0049866407889828475,-0.005503052319151821,-0.0025707791806739632,-0.00883234794917759,0.0022617632614545017,-0.020121855395482547,-0.01647955121492343,0.000313349324812537,0.0006080027890134274,-0.00879165650708118,-0.025230425879736652
980,0.1787965228562056,-0.00017145644974796094,0.004888409534738403,-0.03257975568068187,0.010818732241768733,-0.043725590286446195,-0.05862808367655642,-0.00023204822281337794,-0.0389944114118043,0.010953737972398217,-0.005780778826633973,-0.004822877503617584,-0.002693698417360188,0.004429048052013785,0.001837286691619527,-0.010331302494763502,-0.001090988361087907,-0.017650375870146107,-0.003153119057717007,-0.037101376082487814
981,0.24793871081945112,0.00013784125020716278,0.003656733661078598,-0.06132275547376166,0.06486693855566608,-0.027874341022593445,-0.054033402606382265,-0.00020588794980559849,-0.05188826103392393,0.004703073822624868,-0.005837123470537264,-0.00405991238093062,-0.0037464904783101635,0.004267300197416555,-0.026573166936445878,-0.010092514261075282,0.00011978490706142063,-0.012881850096474409,-0.006636436196319198,-0.025748552759979452
982,0.2313861060327206,0.0018397723547428234,0.003045460993081106,0.014609685802580617,0.050105306748462496,-0.0321184309458032,-0.02167170341975835,-0.0014087591569956048,-0.032490868251598096,0.006671563728212354,-0.004127292007863649,-0.001530113577655078,-0.006395615578042885,0.0007965943790597339,-0.037441042285688966,-0.00283829195634866,-0.0004770146864490476,-0.02254707584391027,-0.0036396529253106113,-0.030352981799702364
983,0.21608128595468631,0.0017503599444230315,0.003606259615490412,-0.04487710694056371,0.06189319263075341,-0.03579092661279707,-0.02532672947753132,-0.0009153219483337679,-0.04477893011735837,0.00589368227864849,-0.004302198566570972,-0.0011816278672326088,-0.010008897284305285,0.0002441558011257381,-0.02755175889205859,-0.008528006858289016,2.2991250764748543e-05,-0.015775709447154684,-0.005899290395268654,-0.02676701401676052
984,0.22315276943112622,0.0028836507057703018,0.0036427049579705654,-0.09665029756369214,0.061145668679573,-0.03412412750156109,-0.0036130290850759457,-0.0007248311142466805,-0.057012675370677106,0.005774117531930877,-0.0013871902993148903,0.0008945270537395154,-0.019971112321225663,-0.0025040270385628645,-0.02684662261576688,-0.01312278299852439,2.1678506255472007e-05,-0.005168755806436573,-0.007592553062458382,-0.027015816272543167
985,0.2020907726637944,0.0003646788040004475,0.003975406746576645,-0.18464772418253603,0.05037799171165179,-0.038936496408146316,-0.050247445148403826,-0.0007323363757689773,-0.07180914128449337,0.007299992089453028,-0.0058066818869221114,-0.003610396993931211,-0.005868950608630878,0.003802466714397554,-0.02005722540970428,-0.02281475554113108,-0.00011472582764430114,0.022924192481535044,-0.009186911669999673,-0.030278170855194204
986,0.20932252625905176,0.0009505846037335169,0.004182528309499425,-0.12468039171757626,0.03448506932424161,-0.037335766894186516,-0.04000019156932855,-0.00030545303575690576,-0.06088522859681387,0.008601191816957697,-0.005447056468617671,-0.0023598289968894443,-0.009440522128862452,0.0031008170156932384,-0.015509746315324091,-0.018040022171993495,-0.00048705121950028444,0.002404310859985341,-0.00602663089800784,-0.033994676959104374
987,0.17670760759954054,0.0016996140795591337,0.004876988685131969,-0.13580294918070598,0.04495359663046593,-0.04412768482514313,-0.031101039264837115,-0.00030193844137484804,-0.0572469034522837,0.008293138611545322,-0.004397269486087781,-0.0002157208570377949,-0.015367059803468487,0.0013934511347959658,0.0015338643613818743,-0.022549573156933678,4.972390980769662e-05,0.005765712218881097,-0.007287437673704576,-0.031693889960952536
988,0.23978574603844294,0.0034174317721704208,0.00485870113084046,-0.12901072653713608,0.07999726673457372,-0.03000010941695784,0.010509198935386188,0.0013986287422985044,-0.06717417019870564,0.00334797202199674,0.000510876351195891,0.003980430582549702,-0.027276425970236343,-0.006210089028360609,0.0010495702174331337,-0.021657876049012773,0.0012110154472642438,0.0036889338374835627,-0.010488422041337443,-0.01985638635766008
989,0.20819786576448765,0.0002694039511248832,0.003976713272912938,-0.10324563513671729,0.05868008015471462,-0.037588252669746074,-0.0517742716183491,-0.0005960147324895953,-0.056214887516389166,0.0064028472003972905,-0.005826864352503682,-0.0037990870611136975,-0.0045582745765263945,0.003955463688963055,-0.020029311314414187,-0.015047034085396658,0.00010941953670585275,-0.003502534243218746,-0.007609379491371613,-0.0278159088013044
990,0.22473889758356205,0.0016016460424540923,0.0043367502173086644,-0.1650325515004214,0.06931725171333372,-0.033743177916111644,-0.026970403786105993,0.0002665605066672796,-0.07261326693695648,0.004925889091977505,-0.004572212603042735,-0.0008778359018851936,-0.016311992828308412,0.00019509295837707164,-0.011963830538198328,-0.02297568352348142,0.0005834214095388229,0.015564493538553974,-0.010820732071217802,-0.02413872042008816
991,0.21450301450743453,0.0030633600467340647,0.003919896307895839,-0.16170767586525103,0.057272420373201134,-0.03615589010057701,-0.0023173057652706333,-0.0005320638362484423,-0.06973603400601606,0.00637221303913681,-0.0007857112885190202,0.0016504443719534709,-0.028477878546826006,-0.0025092159373423296,-0.021234164119545172,-0.020316505059448608,4.6867858054865953e-05,0.01437939942273652,-0.009330245635144067,-0.028258562158956054
992,0.18918444456471684,0.001039629285324622,0.004609179380355818,-0.022060330089857146,0.007618270309230338,-0.041659125172073624,-0.03990129341920162,-0.00027411150824505634,-0.03786021762925351,0.011162044914835897,-0.005356936364733955,-0.00196872857191904,-0.006443570175540485,0.003909680468379654,-0.005366589228735812,-0.008532705258956951,-0.001219071679744497,-0.019057599695765447,-0.002950421170993613,-0.03729854409892828
993,0.18550201604013178,-0.0013034993387601723,0.004490482446536301,-0.026179614481084808,0.03720763368003653,-0.04240441432829465,-0.07620422622869771,-0.000505641747297715,-0.03835932391424476,0.00875154009142101,-0.004611724580706607,-0.0073108567969090935,0.000797631650593166,0.0064885577570321555,-0.008293348379520771,-0.008747628433706675,-0.00032084609039196004,-0.018528120844804763,-0.004223132911794989,-0.0334509908596699
994,0.19331365436687456,0.00021338894798483325,0.004258516948300648,-0.08754951704887097,0.031268664032016044,-0.04080676266202497,-0.05282592319715016,-0.0005871221612005925,-0.05090247538176913,0.00912665482632904,-0.005833729499588668,-0.0038987414749796496,-0.0041662886648904775,0.004168609844492927,-0.013779648729280088,-0.014573879160253194,-0.0005598342853017124,-0.007351051918466437,-0.005063976139716417,-0.034587450099116714
995,0.18909307379655868,0.0022791016281131777,0.005062514311251064,-0.06821487251665635,0.05139344014375319,-0.041677787121681464,-0.02049089132940488,0.0002545869024265801,-0.04664339603688143,0.007506265374811564,-0.0031308122453284413,0.0014220436650912698,-0.014017201123139566,-0.00020597973439429244,0.006555469738131536,-0.01511623181568358,0.00033768034516268053,-0.011537458049129132,-0.006014083399417907,-0.0299961915450292
996,0.21384719064250615,0.0031970917032984256,0.004249051895291227,-0.06437202695307674,0.05144818214200354,-0.03630678821827042,-0.0001121265754037236,-0.00011246683168834043,-0.04874268084439012,0.006936135575064413,-0.0003133825915024373,0.0024474810752372483,-0.017960512601645866,-0.0021302795573399044,-0.013996954052734182,-0.012163535494328984,2.1197343144727934e-05,-0.012296640964943978,-0.005908573315675685,-0.02998083836273746
997,0.206580205705639,0.0007010064169974198,0.004062923330111907,-0.03741488324740541,0.03521931160486919,-0.037949126895223985,-0.044432172958943694,-0.0005217736754019315,-0.04232383787864866,0.008577457176547475,-0.005649778452351418,-0.0029177367484153234,-0.005769032016134417,0.0034431376589392567,-0.01816577687365358,-0.008961784085567158,-0.0004989514343684045,-0.016942810962606844,-0.004362263950086066,-0.03385183697035699
998,0.18987153292250827,0.0013837662091024069,0.0036416795407070096,-0.1319628767134991,0.018787514390320368,-0.04151851528373208,-0.03443992047792406,-0.001394215162938435,-0.05892358209893634,0.010222517329576767,-0.004920675819022152,-0.0018124917173815802,-0.012829949718435209,0.0032349907638476896,-0.02686656636038272,-0.016188496218674877,-0.001017197776664887,0.004582301625209082,-0.004634357368613409,-0.03637966276111513
999,0.18939513859803553,0.001663602710052878,0.0037567127306934118,-0.13146104843227452,0.0315288499861067,-0.04161605928772963,-0.030096470837444683,-0.0012688161572689406,-0.05874237848009272,0.009161028799788876,-0.0044628921564614284,-0.001214283348349479,-0.014839973098959174,0.0022515226984040288,-0.02459161458365034,-0.016693326317362454,-0.0006763970252510228,0.004429434161706855,-0.005870569016534578,-0.03454149308859098
1000,0.2135104841890213,0.0033493778564862094,0.0046137935703588545,-0.08243813930781574,0.046745016801351014,-0.036384088309096056,0.0024864090468556784,0.00035958110913293195,-0.052569485225636266,0.007385134223618249,0.0002501813973358138,0.003394926527848505,-0.02093758913006768,-0.0018649263940527232,-0.005251182844522548,-0.015295829573313928,1.5587605022482396e-05,-0.00851727624831879,-0.006083643889848738,-0.031243220652339494
1001,0.19942093857316762,0.0021832583269963428,0.004181509224606212,-0.12170231878551538,0.07014583898700602,-0.03951381228929363,-0.020319085032783565,-0.0005371551898151103,-0.058581083470871605,0.005622535153430065,-0.0033676288607280575,0.00021742435614095315,-0.01783717850967093,-0.0014884058722651505,-0.015532723531590305,-0.01773522385835441,0.0005261427833906748,0.0015386556906098621,-0.009261884897398228,-0.02382765000753678
1002,0.1874975400176909,-2.9353931193540843e-06,0.00419656376394909,-0.03362236074597231,0.06033842918338907,-0.04200227641064609,-0.056222345999212775,-0.0007970908830438662,-0.039920176352845,0.006801607300305237,-0.005825477503407942,-0.004355340244595046,-0.0032614051320705223,0.0046101248267268555,-0.015192683964281944,-0.00889291920325857,0.0002542797276180334,-0.017501038328347655,-0.00544655195020571,-0.02728123961694274
1003,0.17738448483559455,0.00289532877159268,0.004058533579397014,-0.05894349338818047,0.031602761935199696,-0.0439978862993187,-0.013394612477764654,-0.001185422512562179,-0.043599787497800226,0.009328610206880845,-0.0013492622702910094,0.0015259583437622955,-0.01597290878507389,0.0006160316837244142,-0.018261697091972662,-0.011053092645332649,-0.0005997183789163793,-0.01332790352611611,-0.004574903603565471,-0.03452837388695532
1004,0.19899666174629632,0.0025244656981402444,0.004908889796119204,-0.09374669621780662,0.06033300039174712,-0.03960487888781345,-0.014775028276114727,0.000347718784637327,-0.052918571276646585,0.0064961972812789285,-0.002475146228413165,0.0018550198856476252,-0.017577712791421868,-0.0015432796701351148,0.002383268514752629,-0.01768233392045949,0.0005787078278854886,-0.005879741291723116,-0.007432269775637728,-0.027283013184132406
1005,0.24335710331689434,-0.0006186668129739519,0.003505068014182175,-0.03074894138061697,0.08120416862333676,-0.02907737492535175,-0.06913565937420697,-0.0005246591808977397,-0.04395776248715193,0.0030948705585014573,-0.005499671528325036,-0.005369533153037771,-0.0012261030664308342,0.006719199343150364,-0.029469632721761528,-0.007091638153083145,0.0004300622671425288,-0.01790830775177382,-0.006283455026748018,-0.01933525889736251
1006,0.2437629982859823,0.001246100548572034,0.0034504600479332887,-0.14589600104603717,0.07539707835454938,-0.028971670260501587,-0.031873722385050596,-0.0005984911908471536,-0.07198104730584656,0.0036995650162636264,-0.005111966642902606,-0.0021736392464327364,-0.012430499839076127,0.0009236968544841321,-0.030480202695620587,-0.016417195456866172,0.0002626074538188318,0.008991203943091955,-0.010737080215319675,-0.021773431269993922
1007,0.23940536924897896,0.0020460571007496833,0.004285970324136687,-0.07376781543608468,0.07875804364573452,-0.030097611823013633,-0.01653713470844049,0.0005466820499310433,-0.05391029062336627,0.0034910756195998165,-0.0036877680286999644,3.662830600005243e-05,-0.013313903815559225,-0.0017375878603477493,-0.01314644705185462,-0.013248065067790398,0.000832420630079896,-0.010397738530220326,-0.008010787828957859,-0.020383609726691405
1008,0.2302082602226065,0.0020420045995978332,0.0039143272806856115,-0.12131633344459603,0.06866405872271354,-0.03240965154272336,-0.018003922536225903,-0.00019885249742468807,-0.06371281035493777,0.004825559515764761,-0.003696886165203738,-0.0003487828011060995,-0.016835390986793354,-0.000981861359052971,-0.021351263378360637,-0.01649198325858892,0.00034618415599253934,0.0014275214468053674,-0.00911060736980267,-0.02438143414799527
1009,0.2184867270274181,0.0008967583325357468,0.004038017636863909,0.03917062441273948,0.055795960612799594,-0.03522974023961628,-0.04037863088830952,-0.000286610193941882,-0.026623882928131202,0.006413041254960336,-0.0054969948797782935,-0.0025308111956286396,-0.004197966494055108,0.0025527720070553234,-0.018708523951482814,-0.0014670507325838494,5.764868175338847e-05,-0.023653637494275414,-0.0030055981692591145,-0.028711808798906148
1010,0.22067925081887219,0.0009362733085622372,0.0045897577821139976,-0.2100354174392553,0.034668001837681685,-0.0347130237799824,-0.03952893475613542,0.0005120809865510882,-0.08169466912934513,0.008405348456857444,-0.005460667765664382,-0.002216643389190076,-0.012006778209339522,0.0031157160909066114,-0.005851007233865702,-0.02940626746450671,-0.0003718913855123443,0.03338468657311386,-0.007714509202010571,-0.03395935065153794
1011,0.22570448590338998,0.00012602315335267695,0.004117307963788544,-0.12550341467375403,0.06335327705165168,-0.03350999522183419,-0.054253319407526465,-1.4728025799069571e-05,-0.06389579151135362,0.005486859904070192,-0.005837045127788198,-0.004084150248212303,-0.003664056921607516,0.004297469933090672,-0.016968250509962188,-0.017821994095552643,0.00030244334957530604,0.002646104065565597,-0.008766168001691369,-0.026272688688341768
1012,0.21123644085207555,0.0012805351986331312,0.0038322554042919993,-0.04792517089146593,0.05416548983344825,-0.036903092199459114,-0.03412949855369567,-0.0007171674578179548,-0.04496123003502086,0.006743422996343405,-0.005066216215752771,-0.0018827650996011648,-0.008320486885655095,0.001757727079247932,-0.023056342512326067,-0.009383466130711553,-7.157576688198327e-05,-0.015272773277840865,-0.0055877617892202275,-0.02919919871533566
1013,0.2103274941853687,0.000689522516591826,0.004239748843194404,-0.07130731732872728,0.05264921745092564,-0.03710904737030083,-0.044464168696122776,-0.0002078375094966784,-0.04980271045835834,0.0069054691390747,-0.00565733724247782,-0.002889077632699101,-0.006459491293456533,0.0030881128734423424,-0.01421003911763699,-0.012844456905378243,5.219515838050481e-05,-0.0109089723981509,-0.00618452127842353,-0.029640079905920633
1014,0.2348127011967027,0.0035966424196512688,0.004206331356040804,0.03449301006113799,0.07382877678781911,-0.031263066827612256,0.012673741677413043,0.0003221250072426921,-0.027960293344348897,0.004155822154254234,0.0012235291881150447,0.003218709231090738,-0.006441052612501262,-0.005957936136687494,-0.014971366023918069,-0.0020072486704895472,0.0006445444988800628,-0.023519000545444136,-0.003337388580009865,-0.022401907960717095
1015,0.20282424930343393,0.0015941140827103878,0.003740573408489032,-0.08582114877719428,0.03495442409220084,-0.03877660345608806,-0.02963760289380269,-0.0010103553868457717,-0.05185042477908701,0.008661191621511412,-0.004585193645484781,-0.0013563947632710923,-0.011734664625838576,0.0021505027295319894,-0.02491537273569349,-0.012533176976568226,-0.000593960620460557,-0.0077501852653821205,-0.005304260017860518,-0.03390369073945872
1016,0.2151164369126596,-0.0009305491144357529,0.003677490940989017,-0.15820857119587384,0.0489530597488037,-0.036014346240231705,-0.0729729050773028,-0.0008400635129240662,-0.06910962009599564,0.007142950550710099,-0.005163925652762101,-0.0060074559068644135,0.005137590826224164,0.006398747337780378,-0.02616648231423614,-0.01866531787532537,-0.00026432434848473453,0.013151743551332244,-0.008292741673969848,-0.03066484270181701
1017,0.21912507160517852,0.0011127733614326918,0.0038710607928897573,-0.032542691085981526,0.04557164931095413,-0.035079812375335036,-0.03644249724224866,-0.0004975742526215288,-0.042364248037350276,0.00738088820654985,-0.005275908545840635,-0.0021822514109123238,-0.007062201522370708,0.002450097411783706,-0.02225496054986619,-0.008057647108294054,-0.00028056035449550013,-0.017655652071331754,-0.004737541688847643,-0.03154028627554525
1018,0.19676607580487693,0.0017381164576060748,0.004206163536090456,0.05454279855865277,0.05466467652873963,-0.040080594300535136,-0.027993065605652578,-0.0005689260778653775,-0.02326388559088589,0.007047320063393959,-0.004325414558998507,-0.0006924271018928093,-0.0037374244467664824,0.000721863285250269,-0.014975173176350467,2.6043526401967756e-05,9.639629782315262e-05,-0.02384389220951547,-0.0025344833791950904,-0.029051443196749276
1019,0.20692760734241458,0.0002478416159820359,0.004377092769925316,-0.049998077453974415,0.05828632039002899,-0.03787185488983416,-0.05215577561701266,-0.00011272073494624035,-0.044967025278877984,0.006471600329473966,-0.0058299453805132455,-0.003818323265899262,-0.004195605803766129,0.004008261748433223,-0.01101374324633476,-0.011033020405116023,0.00027532429377589415,-0.014922053409804315,-0.005875149495037379,-0.02794076587992732
1020,0.19278728158352545,0.0024555410560886197,0.0038379087211850935,-0.04848382728857564,0.058524413481602845,-0.04091639678893486,-0.017048716276603083,-0.001101529949393255,-0.04325171288064222,0.006815235031937647,-0.0026665039552019117,0.00036289195255725243,-0.013074628702024266,-0.0012134427032890716,-0.022940131838290974,-0.009449681980563103,4.379348012523684e-05,-0.01517894514145997,-0.005839604202964028,-0.02786536516908195
1021,0.20246467738063495,0.0009799976878995887,0.0037436440664964338,-0.1514713938951635,0.05895674314770342,-0.0388550571005771,-0.039949844726535295,-0.0010139425563102779,-0.06514982210054378,0.006526670850706291,-0.005418323145604298,-0.0024950971966680485,-0.010529335614335859,0.002261793421082489,-0.0248538898299076,-0.018422831135351314,1.2990817954064675e-05,0.010844447285550516,-0.00919039618337976,-0.027727700930671555
1022,0.22039331252972733,-0.0015284074313055929,0.00426701154058443,-0.11545605563115878,0.058489172867289385,-0.03478069281676826,-0.08426701212237837,6.683199504774458e-05,-0.06075950313473294,0.006105445702411184,-0.004199373294292902,-0.00762000616024795,0.007323883968634362,0.008205388663217883,-0.013584186230475739,-0.01747830945143994,0.00023268416283919762,-0.00022983651716291492,-0.00798511432254294,-0.027876543908843882
1023,0.20188264731632888,0.0007596051639310056,0.004464786367438593,0.011159844985641284,0.043922181584947324,-0.038981765176541935,-0.043664463523554686,-0.00012657826330653312,-0.03205954776269126,0.007878716314395942,-0.005608784947102949,-0.0026658456550033506,-0.004797676218109398,0.0031481126651493664,-0.00891630225604255,-0.0046602949782457714,-0.00012367256356363282,-0.02231257338820442,-0.0035948511452131393,-0.03194581458528624
1024,0.21010381886480992,0.0013872938810981356,0.004100796771482167,-0.04488974838562186,0.0534414759252694,-0.037159598447433516,-0.032381954446258944,-0.0003931830882567021,-0.044210142162108286,0.00683749354578665,-0.004915480090689088,-0.0015007369738361442,-0.008599462965978986,0.0015582244666153696,-0.017333613983272593,-0.009788804146632434,1.865560605460934e-05,-0.015773654985226968,-0.005459613628099299,-0.029411205035509858
1025,0.19371790874272055,-0.00019419810898351652,0.004837440377486222,-0.10006974410783961,0.04963731363912795,-0.04072236945408184,-0.059357828475764624,0.00011649989810960529,-0.053397895934159,0.00755081259870212,-0.005772180122276595,-0.004869990265562991,-0.0017405975557314975,0.00493861847702331,0.0004889516327992523,-0.01815438645354172,0.0001914351625642402,-0.004313766080448135,-0.006774705679098621,-0.030480476603105804
1026,0.18603098031329746,0.0007577358793117334,0.0042108347049048265,-0.09923968253091292,0.0020002542989839864,-0.04229821787775306,-0.04447421539064335,-0.0008148861774897393,-0.052098911799447346,0.01163769433985286,-0.005610155204652955,-0.0027538637364149542,-0.00747248868285875,0.004156334422720938,-0.014869142993875551,-0.015587121470845008,-0.001409544475994948,-0.004523071374442577,-0.002913762332523629,-0.03751618659904601
1027,0.1955659414645187,-0.00014082869619557023,0.003668231248709698,-0.03603585702741318,0.04548698325767298,-0.04033442089094986,-0.058542965942657836,-0.0012478030748149633,-0.04107877372211146,0.007867989481531168,-0.005791394735081869,-0.004566518884148458,-0.002760286768070477,0.0047860899397054995,-0.0263482072163267,-0.00791126185842258,-0.0003534174314942366,-0.017148515523771946,-0.004821871191261234,-0.031561445297667995
1028,0.2008283935942861,0.0016399246824216793,0.004159677270862472,-0.12515329329998784,0.07905628790504869,-0.039210386054092106,-0.029107612057815983,-0.0005314992438384196,-0.059515953779902396,0.004790899275233477,-0.0045052060742720905,-0.0009362203511826998,-0.01429717240598462,-0.00047689711574872603,-0.01602353535583347,-0.01798243971250162,0.0007664700405517712,0.0025431075715940813,-0.010232631272806639,-0.020257450385819914
1029,0.19185604162878553,0.001118085931163821,0.0033111168169528108,-0.04174951573974839,0.05094569250811046,-0.041109656955823116,-0.038464202891444525,-0.0017470289270862236,-0.04185902092826248,0.007481122670048651,-0.005269777412971601,-0.0024642469748699623,-0.007433365429340033,0.00223653418926215,-0.03298133885996108,-0.00753094009672608,-0.00035702555836491454,-0.016275962410246998,-0.0052413830869422195,-0.030121185434278223
1030,0.20406887977426072,-0.0006415121130815664,0.0039769549491903665,-0.051515652147502616,0.05298887232831179,-0.038504011645749917,-0.06716769391207435,-0.000686774038332655,-0.04499052950709296,0.0070211173724668745,-0.005478974690970151,-0.00560474962374954,-0.0005172170061599149,0.005943683488576286,-0.020024146797656097,-0.010106312172790876,-4.379461292845282e-05,-0.014660832671336527,-0.00562938992292364,-0.02954235591412542
1031,0.19608400576677879,0.0006210157798951712,0.0038240970600497497,-0.11564825174305722,0.026529348909566857,-0.04022503346380193,-0.04619792960028542,-0.0010482828190722156,-0.05682153375143025,0.009496790925749916,-0.005699195246839567,-0.0031414151566703285,-0.0069610814813847195,0.0037226243357344224,-0.02322372373350053,-0.015566022382782782,-0.0007888909341895266,-0.00017637255439610557,-0.005141253553467512,-0.035363123705230495
1032,0.2082679670240035,-0.0008309295910324915,0.004305323994006662,0.11100555079579304,0.02030091787629513,-0.0375725531256232,-0.07068173179261719,-0.00017220409380387406,-0.011467085748211035,0.009917256852095721,-0.005283645348970832,-0.006149489658643845,-0.0058886481113159615,0.00512754670691021,-0.01269746302713611,0.0058957356501868514,-0.0008698691897321317,-0.02122369557776184,-0.001856894222097802,-0.036205387441585364
1033,0.20133166377338882,0.0051707720425098695,0.004627215765418497,-0.08712261369939443,0.03681815503039032,-0.039101392197683445,0.029686952398034795,6.172674156817458e-05,-0.05191208703934871,0.008519604910244682,0.0091118933776835,0.007658744031936398,-0.031609427194964894,-0.0034118080766959167,-0.004914783221389698,-0.015868580715949404,-0.000293738226596274,-0.007450091666370114,-0.0054682515796033076,-0.03353112450966686
1034,0.22379645593941344,0.001279232157492892,0.004468450175622422,-0.07339559528952788,0.05924312657675416,-0.03396984270237214,-0.03301656110168731,0.00042511148814735965,-0.05190057020322848,0.0059435572749413365,-0.005067972932462112,-0.0014986603909271934,-0.009452632569853833,0.0015365376697486098,-0.00882771159888288,-0.013807802464514157,0.0003447783347094767,-0.010475713218883347,-0.0066870087939220665,-0.027635975805791618
1035,0.20508286121338662,0.0031063677331783783,0.004162901713900782,-0.09683526969837933,0.0491509358731395,-0.038280753170334685,-0.0037718750848021562,-0.00042897544163690793,-0.054422529967588826,0.007343754120612629,-0.0006361142834565687,0.002118373643719858,-0.021308563437464074,-0.0016769593282640553,-0.015951217655048325,-0.015157044177387079,-7.749948180251478e-05,-0.005122995420948692,-0.006647432704239441,-0.030611776301266602
1036,0.21466693620005237,-0.000416698771630581,0.004180205515530301,-0.12786628515458423,0.05772377326072434,-0.03611810409949004,-0.06384444429510802,-0.00018414195569459735,-0.06249196938893845,0.006325493202220663,-0.005655852464801796,-0.005219067486185025,0.0002064303400012807,0.005561577728174766,-0.015562109455917957,-0.018350305031782813,0.00017254214302265882,0.003346444029071402,-0.008309880302751971,-0.02811774872416986
1037,0.2047561381490449,0.0005681237132225934,0.004812828314277194,-0.09692138235242392,0.05281324950709793,-0.038352806966974066,-0.046760075335328076,0.0003850968417737099,-0.0543926491078475,0.00702079828877537,-0.005727723593698905,-0.0030153693151064457,-0.006293877827729891,0.0033448965458682542,-0.00015679749738015355,-0.017688598812322893,0.00028688689480693865,-0.005101672849177145,-0.006940397703608136,-0.029592960029296546
1038,0.18899438335838192,0.0010153197823194353,0.0041851553709203815,0.003379048813865527,0.06390859540960513,-0.04169793438984177,-0.04029550164948337,-0.0007754870751677692,-0.033003835000539196,0.006463752489748728,-0.005382468078938861,-0.002223196174193106,-0.005497470511677088,0.002009682633205019,-0.015450486714512485,-0.005134860378593825,0.00035063801824186533,-0.02171216932864217,-0.004319800357223723,-0.026081778407643263
1039,0.20065531564438496,-0.0002616304103286704,0.005158561968518958,-0.11293785972954021,0.01261582551558743,-0.03924780934221848,-0.0606582013586304,0.0007030291453525646,-0.057023679346815556,0.010670455420466978,-0.0057430955825801214,-0.005102768408021387,-0.0011322310146387792,0.004503752304318387,0.009232773349084877,-0.021046145471450242,-0.001000873285351183,-0.0009247480416524959,-0.00387880107835774,-0.036967376537455444
1040,0.19477825847837196,0.000472295067346498,0.004094110196421682,-0.006711222012286119,0.03036781954006425,-0.04050020646861841,-0.04864466685377792,-0.0007505047921881864,-0.03526493086858086,0.009183074821542864,-0.005771000776959328,-0.0033760123881963803,-0.0045455345950490885,0.0038407475165760786,-0.01748113103931937,-0.0060098991436352955,-0.0006252167857025423,-0.020785996427739484,-0.0035969003317821322,-0.03474385552359802
1041,0.19123351883096193,0.0004594812812291406,0.004420773125942087,-0.03941579077238198,0.061053720295917484,-0.04123834982039278,-0.048941546034585774,-0.0004443400377055758,-0.04135212594163523,0.006641838388247668,-0.005775966131547098,-0.0033462390642759626,-0.004926700367730366,0.0034752981564097076,-0.009974519379904854,-0.01001862913982496,0.0003780194968909868,-0.016638808432045706,-0.005673125509168314,-0.02704621978158861
1042,0.20822107807144255,0.0015239746615507113,0.003644658333315002,-0.13073785819113964,0.062467846796610466,-0.03758305471384444,-0.03022007577814458,-0.0010221009738801917,-0.061960471189496574,0.006055293056452499,-0.004702861513002802,-0.0015573829523973647,-0.013785624749352137,0.0007781868086879016,-0.02680861395479325,-0.016096153591070573,5.5021538937522906e-05,0.00420986013013987,-0.008861392593551854,-0.026573778781140325
1043,0.19531441268286273,-0.0005256014126786704,0.0033276582149593965,-0.07187236288544757,0.06636575365367514,-0.04038743038053086,-0.06475464957107224,-0.0016644007018905675,-0.04809640917181929,0.006074426562761209,-0.005577619195142832,-0.005145808522887113,-0.00046947642518390824,0.0060372328409552,-0.03269025747396086,-0.00994766448355636,-7.617427639378994e-06,-0.010792445578284474,-0.007109234320234522,-0.025217850082160823
1044,0.20087657632562053,0.001964177874590893,0.005285054681906871,-0.14185021977118378,0.015525342995789651,-0.03919996237717795,-0.023719702066361762,0.000866463713915353,-0.06289355813269577,0.010411544188035273,-0.0038682361650443048,0.0008321796032934569,-0.017767478813021365,0.0029841509211780515,0.012839486411359012,-0.025321178841538998,-0.000880982512720917,0.007678251112824,-0.004409832027484518,-0.036714921536783705
1045,0.18430467817026155,0.0013137003700196784,0.005017693884594832,-0.08106532181119806,0.05975499066083834,-0.04264372859005833,-0.03606038794072888,6.695558940454153e-05,-0.04846609149030683,0.00693409021048757,-0.005020829474055152,-0.001077491208160107,-0.009977770396893366,0.001430803066258558,0.005324226087492131,-0.016545873853306945,0.000608363219608234,-0.008823217446475223,-0.006972328267063955,-0.02747097250200191
1046,0.20221317073941303,0.0013519309588199534,0.004329053581484035,-0.026459965392037734,0.0629663018929865,-0.03890985306020813,-0.033753650870580874,-0.0002878827899992192,-0.03971302940638638,0.00617611704697131,-0.004966900017951033,-0.00142563306027185,-0.00758673387391326,0.0011878560099096507,-0.012144029379672367,-0.008443213671002413,0.00039214401604895283,-0.01849107616716577,-0.005321396059510321,-0.02640477954414552
1047,0.1927262073630898,-0.0002832586045784544,0.0045763045347237035,-0.058272198850455405,0.05843883263751424,-0.04092909894872931,-0.0607525742445226,-0.00022195114581629905,-0.0451440484284482,0.0068240920190591765,-0.005732630378295063,-0.005028833396589132,-0.0018903941216062013,0.005261781961579804,-0.006185292369405713,-0.012484180694775122,0.0003679190116871416,-0.013452079100910879,-0.0061485845149514004,-0.027892501254350745
1048,0.209595973083644,0.0035203585876197904,0.004669559086813643,-0.05599621276448084,0.06604131367001925,-0.03727418087532696,0.0044468233373738016,0.0003305756491911362,-0.04649599745993726,0.005688085549966279,0.0009155440911134369,0.0038922157781943784,-0.018354277108636564,-0.0047142661184069136,-0.003846760699659292,-0.012495878373087951,0.0006520334327204433,-0.01386760023697806,-0.0065158240347032315,-0.025333716230768563
1049,0.19510619314144223,0.001528074975504191,0.004369658484773584,-0.10587946855711743,0.0381466686286737,-0.040431263071718015,-0.03159389548112217,-0.0004104428332640217,-0.05474445671408193,0.008509048503378722,-0.004696142496839933,-0.0010134068252140888,-0.012463343276241849,0.0020749508694734753,-0.011189526277453747,-0.016914267123027883,-0.0003277253318427359,-0.0028172411107685587,-0.005968201995261497,-0.03325455345499949
1050,0.1897767922373408,0.000874124291161169,0.004375074711810758,-0.23735233147097765,0.040746882344062076,-0.04153793255281849,-0.042460652403109436,-0.0005340168072668937,-0.07904686139054594,0.008382952327189204,-0.005516972851143963,-0.002444274091656209,-0.012150922720872575,0.0030323268776663837,-0.011061491415210891,-0.03083853083735561,-0.000248588606882636,0.045818202490238664,-0.009179211512045376,-0.0326867503005698
1051,0.20555796414356164,0.0016718079080239837,0.0040228868672016185,-0.04744593562151654,0.05397354202226423,-0.03817577982511693,-0.028003837454538244,-0.0005956451681556539,-0.044302833459662454,0.006897040709010098,-0.00444807465018314,-0.0009816218758009513,-0.009857974541869272,0.0009097585581978974,-0.01903651704138719,-0.009837548988641321,1.5491405587130542e-06,-0.015352855364439961,-0.005563229440327319,-0.029255669840693267
1052,0.2078679169720179,0.0024629554475579527,0.00468461779246728,-0.13773357695591223,0.05396521856887936,-0.037662078299229795,-0.014153104213245856,0.00030468804646971887,-0.0633562703614568,0.006842563239632536,-0.0026461882572271014,0.0014250013582540536,-0.02122197828473826,-0.0008212181686526044,-0.0034644561021904374,-0.021830439977524953,0.00027237044840366,0.006369798263658752,-0.008243611362298597,-0.029258114281777433
1053,0.19829527438084163,0.003033362246842898,0.003957946695110046,-0.11423313842693256,0.049660060956886895,-0.03975501685804778,-0.006564633270268055,-0.0008374208281525563,-0.056901564143372864,0.007447745127151658,-0.000888762680413959,0.0016505381423373405,-0.022847198159838798,-0.0015877484434739767,-0.020429321479351385,-0.01601540593767497,-0.00014066686868161255,-0.0005686041796269121,-0.007165116070771864,-0.030474305840458526
1054,0.20339248555444187,0.0005273756878347257,0.004287733410230079,-0.050499723844040355,0.06961370877011293,-0.03865235000368808,-0.04749105832956704,-0.0003113158308819974,-0.04471407733782854,0.00554809954521299,-0.005747450232963265,-0.0032232196750038755,-0.005344879783204811,0.0031791379555430065,-0.01310563435626044,-0.010845611687043765,0.0005665536271920846,-0.014836121850552742,-0.006514350695450045,-0.024027832782588823
1055,0.19126308344576168,0.000754375540173176,0.003690740184812101,-0.07787825500567357,0.05893711693657347,-0.04123224703652356,-0.044270452656306074,-0.0013081836318328353,-0.04876014244511444,0.0068197646696377045,-0.0056126080926534394,-0.002931691749615484,-0.0069369337802307205,0.002799574541682193,-0.02590560537118722,-0.011653457335220132,-1.1077131102557246e-05,-0.009521583726144717,-0.006811285885998325,-0.02773397139423766
1056,0.17591181775362635,-0.00019178952215517494,0.004965562207255224,0.011908770842342951,0.016180983242427567,-0.04427968123148856,-0.05885479075872821,-0.0002268876213140968,-0.03084475450032468,0.010552136861211918,-0.0057731197169338,-0.004886571044832117,-0.003197579953311128,0.004507895479695843,0.003906638733081774,-0.005125416193912258,-0.0009006603985544645,-0.022365136759816103,-0.0029581959013795876,-0.03665197153956145
1057,0.20277374910557305,0.0014956856169117696,0.004443274041446909,-0.004602829871035965,0.07176421520780296,-0.03878762996040743,-0.031292000279809815,-0.00013129289573777334,-0.035306204555301146,0.00537494528533823,-0.0047486769284373846,-0.001031167168713005,-0.0068804292267246655,0.00036142094330356877,-0.009434915140617606,-0.006330750398407857,0.0007130586362902618,-0.02099329408054992,-0.0048415329036571595,-0.02320980652848053
1058,0.19466398768809784,0.00080206347343817,0.003863515411684103,0.01359155166291662,0.05332411501805573,-0.04052420412484194,-0.0433362238673902,-0.0010308407398226414,-0.03128274591770575,0.0072133207200861015,-0.005576550773859137,-0.0027833181496640835,-0.0048063127142411125,0.0028302014953293327,-0.02241145923309311,-0.0037679081796987454,-8.070249779777739e-05,-0.022479894258773503,-0.003736731071461909,-0.029445314707214457
1059,0.19836801449745503,0.002530071403968534,0.0035725930216635275,-0.007007173484043964,0.07142767804280975,-0.03973946981595496,-0.014801930438607567,-0.0013084109185455717,-0.03553521251174148,0.005542822682386004,-0.0024593363869537897,0.0001672598655646028,-0.009493304326055843,-0.002582841617068564,-0.028196360508773256,-0.0052173732894467,0.00023624213809600155,-0.020756316128637327,-0.004924522905795531,-0.023339404058360633
1060,0.1890604398564589,0.0020399831064716145,0.003806585217356822,-0.017583273806739883,0.07610707281785649,-0.04168445032597714,-0.024241714646106437,-0.0012173486777947485,-0.03699859400678201,0.005443226406214716,-0.0037014272837067774,-0.0004618180651181064,-0.009102805274643177,-0.001523555073954922,-0.023581716933159955,-0.006550148860803788,0.00048193949440249813,-0.019601572100044408,-0.0055120576984118725,-0.021484715793103674
1061,0.16967309236764977,0.0010766485901685205,0.0036903303748990965,-0.0447461539351995,0.11032300743766427,-0.04544862993297448,-0.0407722163796193,-0.0017482145578324893,-0.04031977457838681,0.0035108235429942088,-0.00531671611970651,-0.0023421590704265707,-0.0073875711817050806,0.0001672616670796437,-0.02591368960357486,-0.008730581830637721,0.0012665401928788358,-0.01579697627575707,-0.008413087995043568,-0.004472333085710247
1062,0.20166347819534636,0.002458120344528076,0.004333112849366648,-0.07087893149457951,0.05689398670428719,-0.03902938770790148,-0.015376289048101142,-0.0002960957452565746,-0.04866718443433711,0.006730749425123868,-0.0026594439716904634,0.0009794472317543631,-0.015117670411788828,-0.0010733121238091627,-0.012049033416434169,-0.013100705674652683,0.00021483868251104146,-0.010996968249861964,-0.006450979834026212,-0.028375811956613525
1063,0.19109590247992614,0.0010004510237781674,0.0035672002148584483,-0.05902521007551083,0.05687616617657328,-0.041266744973563925,-0.04038469729580925,-0.001457772925434774,-0.04511202377465701,0.00699798988128618,-0.005397740647472484,-0.002538129436794033,-0.007573953485141099,0.00228247250994386,-0.028299010229465158,-0.009631377449996616,-0.0001155362689969167,-0.013312737280035377,-0.006079754487378939,-0.0283813149661844
1064,0.20950533939498134,-0.0006661917187147573,0.004193078814743314,-0.09654735245511252,0.05521422937115571,-0.037294602054579906,-0.06792962965169291,-0.00028756360203157917,-0.055006064479125386,0.006688328243115221,-0.005455923936034873,-0.0057461262876965635,0.0010006750866318338,0.006065893211715787,-0.015271514810201755,-0.015245020062708182,0.00010663463757457434,-0.005194199214630185,-0.007119578497803372,-0.028887285252058015
1065,0.20356199912193107,0.0022938653865636305,0.004439098636297406,-0.1268096419995474,0.06946744075152719,-0.03861521874836034,-0.017788728441184815,-0.00011697927300277809,-0.06032708291625859,0.005556036617733491,-0.0030933692673580848,0.0007443519775526226,-0.01902985036717986,-0.001743108032341166,-0.009535266872268302,-0.01944731546777425,0.0006412576723063031,0.0030321322102615242,-0.009392397538897436,-0.02408260024858985
1066,0.21137860280978993,0.000308248974584327,0.004919800420202064,-0.07756415199351752,0.055159740050457484,-0.03687080307155476,-0.05106397269228686,0.0007033753619100827,-0.051255775730140674,0.006647614728975439,-0.005819929144792756,-0.0036364073858484148,-0.004626356576308727,0.003886595763292542,0.0026751166749142967,-0.015786545997465352,0.00040902960647594237,-0.00958951167054661,-0.006539724598856503,-0.02890363180470117
1067,0.19750917240909413,0.0008629626519421573,0.004093884350916739,0.028548163878787246,0.05967122909693535,-0.03992268516721169,-0.04219188521650058,-0.0006886522750004474,-0.028424979565491247,0.006593386249602709,-0.00552660209716943,-0.0025773316241372315,-0.004479199652286842,0.0025204775120618913,-0.01748610909089744,-0.0025355104539838877,0.00018894942395188946,-0.023296213980721642,-0.003383767914497611,-0.027498066662949724
1068,0.19022980032425493,0.001767043113249681,0.004078347595187294,-0.11938385498365005,0.055411486665075636,-0.04144500398258072,-0.028365840106987724,-0.0008725533861519753,-0.0565784918709255,0.007142798266211264,-0.004270279316152271,-0.0007424114015585119,-0.01482228652633536,0.0006107406487994278,-0.01782786523462378,-0.017041684183143783,6.406238417533179e-05,0.0008747818007772397,-0.007830574368986034,-0.028827980181899717
1069,0.19912535098808912,-0.00027766362868579563,0.004079363026533075,-0.009797545913879359,0.05636575826982748,-0.03957727671736553,-0.06087374066042795,-0.0006697599953676541,-0.0361383663594246,0.006840930425594775,-0.005735390546053445,-0.004906136199205626,-0.002702286046160524,0.005215301730895576,-0.01780557147955617,-0.006289715454544021,9.090394486032925e-05,-0.020469428862493942,-0.004525757738032622,-0.028538230709949777
1070,0.21958104179212012,0.00011758578647853183,0.003867133897963722,-0.07223115067815014,0.05263519721966309,-0.03497246120035513,-0.05440027748379875,-0.0004931123813326615,-0.05112588638830633,0.006690711985826582,-0.005836888347568198,-0.004098847455716904,-0.003646277173042345,0.004310727273319098,-0.022336449008658894,-0.011728478011406404,-9.724933408740126e-05,-0.010718183142387764,-0.006210383234463692,-0.029644100887051186
1071,0.19855880842886417,0.0015148052380238967,0.0037252463121816726,-0.0020401789131182626,0.06145287669228467,-0.03969866469749835,-0.03143150388366346,-0.0011172776865229096,-0.03455528981647656,0.006409833649454728,-0.00471781527090538,-0.0015148633919870578,-0.006786521801097807,0.0008552945233778166,-0.0252214537846112,-0.005015466916009527,6.749188775614241e-05,-0.02123545935131348,-0.004436262916737889,-0.026913917390526905
1072,0.18956054645695466,0.0014104059456113763,0.004924216442516329,-0.04072663083676445,0.02822235092002981,-0.04158221779255672,-0.03405230288355132,0.0001055120190436689,-0.041451217944065706,0.009435457965281153,-0.004881076188800249,-0.0008955552575584515,-0.008481975707238267,0.0027487617888072,0.0027934349873333583,-0.011387411281697074,-0.0004993930325151739,-0.016436097086084355,-0.004078966406587741,-0.035099406673238714
1073,0.21065437620622468,0.0011718531492680448,0.003615036119393482,-0.0702010419489816,0.06005398139432575,-0.037035078478342795,-0.036070325576178945,-0.0010117033453807503,-0.04960862893051929,0.006211963499107926,-0.005205851254981488,-0.002209411802615999,-0.008786593401201985,0.00176103256802886,-0.027382649765374502,-0.010734437565278832,-1.7644034934393664e-05,-0.01113560164213071,-0.0066363002211184356,-0.02737396191781637
1074,0.20266519016837903,0.0010160976637625927,0.00379514654495995,-0.016284694694508762,0.07184191286310015,-0.03881132443199045,-0.039332141020890145,-0.0009453252835582196,-0.03767743679721616,0.0053714220764088565,-0.005381661889413653,-0.002403937488057719,-0.006174715482996157,0.0017383040556745277,-0.02381460671557907,-0.006411027522221532,0.00036612766536474816,-0.019753215054953307,-0.005300298309270329,-0.023179802383631393
1075,0.19272849853625268,0.0024718908033403166,0.004359662551124362,-0.020861381586315432,0.05989044995735249,-0.04092862250217382,-0.016798673494950355,-0.00048034031860789506,-0.03788864747146117,0.006700563118565169,-0.0026216188554690585,0.0010423408293264247,-0.010618442813824843,-0.001375350342788887,-0.011425379397971032,-0.007916929591482567,0.00031529602926341424,-0.019206490773712292,-0.005007324097737651,-0.02742707879464055
1076,0.19713117344747955,0.004445739645652078,0.003766755769062534,0.0020018459149717563,0.061034082117935526,-0.040003081741171155,0.016193064691703844,-0.0010960358626977908,-0.03367662134488162,0.006484881532942478,0.005115296809632768,0.00399755553624517,-0.012577717228583588,-0.006337673866791469,-0.02438939474729479,-0.004711242945676758,7.609702340437884e-05,-0.021595576947127635,-0.004288866564670593,-0.027052707628759602
1077,0.19641222299707797,0.004046614942181429,0.004346443284297398,-0.016783458747274688,0.0501624293581196,-0.040155588198887364,0.009463933198848718,-0.00040680093722890985,-0.03735028323320273,0.0074458343029348345,0.003179963604061479,0.004457124382877341,-0.014631597837257,-0.0037126111759027587,-0.011736406304436016,-0.007463197699149344,2.124148880066585e-05,-0.019695297787314624,-0.0045103746382407625,-0.030337342176876524
1078,0.1874774549206709,0.00204195508213434,0.0037397589291871605,-0.03274798586399495,0.025089844574220362,-0.04200634443801315,-0.024449575663507993,-0.001328309915878705,-0.03975331351452741,0.00972211709204442,-0.0036969974597449297,-0.0005258237885643763,-0.010237922057811908,0.0022254994992482466,-0.024931671742935223,-0.007783134149743088,-0.0008430092244956476,-0.01762639978743706,-0.0038065872090586807,-0.03557566133939371
1079,0.21331171058328252,0.0009997876231044895,0.004415480904948801,-0.1188376811157879,0.07385198356063237,-0.03642966723784684,-0.038878170132688884,9.369202422097846e-05,-0.06032414871074113,0.004848063692332793,-0.005398415984628601,-0.0021500046716755555,-0.009588149809787595,0.0017182831914874686,-0.01010101244014636,-0.01848630835543309,0.0007609632170328029,0.0007196695056920311,-0.009489217564691782,-0.022392701119965185
1080,0.204359912874472,0.00017172502420354017,0.003441356532909601,-0.07665450550207235,0.051833276651807175,-0.038440040565334906,-0.05346263716235297,-0.0013562026189119388,-0.050177292062270784,0.0071182453801278,-0.005836434298464525,-0.004002438394685502,-0.0039203752718687986,0.004196082765487358,-0.030647007491621518,-0.010707107933819383,-0.00028605054066658804,-0.009785320987325718,-0.006283521941632494,-0.02987239386490417
1081,0.2132187587251003,0.0009518295321157944,0.004323232928998671,-0.06454309928067074,0.061645341160672044,-0.03645096716860365,-0.03972743544970154,-2.9842786022642604e-05,-0.04870736042169726,0.005994932857889619,-0.005445861004561502,-0.0022962440334856945,-0.0075339521211718755,0.002244261561435725,-0.012280080700160942,-0.012407424386238437,0.0003504853894674775,-0.012263358349883485,-0.006549506339697761,-0.026849828825802752
1082,0.19670758450299414,0.0019814049775203086,0.004729563339881985,-0.05473301724728565,0.028566038832290336,-0.040092999588822835,-0.024042535933413094,6.643959889998519e-05,-0.04487605182003842,0.00931244909176207,-0.0038309235270108394,0.0003331720820640377,-0.011617003691627409,0.0020427164680025117,-0.002315658465097608,-0.012520761646864002,-0.0005317474092333881,-0.014094560366656288,-0.004325452812193501,-0.03504405575201044
1083,0.2110856085367901,0.00058902467508619,0.003978941434796309,-0.0012299133900053345,0.05965252303588653,-0.03693732780813273,-0.04618041455350272,-0.0005294258535018804,-0.03506475568361986,0.006237802624242421,-0.005716844823038474,-0.003165018907815685,-0.00472784014940711,0.003180744637470381,-0.019981683766936445,-0.005305415193774077,0.0001366198205798096,-0.021309791413088697,-0.004356489470720774,-0.02750411249950228
1084,0.19063466612260985,0.006137060788194215,0.004073506112086556,-0.012975032704554398,0.059136969848548354,-0.04136177188867138,0.04067836032735614,-0.000869096195731122,-0.036223267201472724,0.006819287120883656,0.015402758830282342,0.008140505154031096,-0.019559646841665834,-0.01006140755220124,-0.017934078451176002,-0.006591478635393343,0.0001649952010855269,-0.020127223908379257,-0.004722033276149872,-0.027670026122449523
1085,0.1816214351649763,0.0013777689895993846,0.004190142918604938,-0.002420475985624779,0.08164574122095165,-0.04317465914700427,-0.03534456775107702,-0.0009415752171242417,-0.033704295674481494,0.005245514595709189,-0.0049294751102543135,-0.0014612681675347176,-0.006502356274851941,0.00022694893575370988,-0.015337871788533599,-0.005727124215245394,0.0008582314792858099,-0.02120020119615669,-0.0050508751056576985,-0.019142705049104567
1086,0.2059699694418924,0.0058167211587816315,0.004189636136677268,0.020980738585321634,0.05935604866955458,-0.03808455916503956,0.04251829988675703,-0.0003744424264644765,-0.03019986313433031,0.006399276021279605,0.013195136032695037,0.007840072146627429,-0.011172740859841546,-0.009344382530551023,-0.015349321042934204,-0.003363238289894082,0.0002231460746761593,-0.022928946890486034,-0.0036255756152538915,-0.027599691316672694
1087,0.1946926199283367,0.0023658789691881474,0.003866130681725084,-0.007285556523207834,0.059987894922925195,-0.040518192421999596,-0.01814330388418362,-0.0010270780920403485,-0.03537236610183282,0.006640318226476879,-0.002907045067536899,0.00022526505511552946,-0.009123087739324326,-0.0011274525513729184,-0.022357252932430533,-0.00570566479637784,9.45371243287709e-05,-0.020728266894190994,-0.004565203807614829,-0.02739544425602129
1088,0.20059585919205256,0.0019200563857456772,0.004348704441122174,-0.061498441078727456,0.0635593845759504,-0.03926065800858164,-0.024491688945963035,-0.00030256844351263257,-0.0466480375513189,0.006168517597956616,-0.003962202807137592,-0.00017434461207355422,-0.011826768106300135,-0.0002940189334882819,-0.011683276210966032,-0.012165262974363739,0.000419045059675565,-0.01284854603684685,-0.006563181696793475,-0.0262020185827522
1089,0.19538622824365365,0.0005729387664511457,0.0037684553999002912,0.010383949134123513,0.057367081463992116,-0.04037230197011061,-0.04700175727791682,-0.0011302962001708855,-0.03194144274981792,0.006847829170783511,-0.005725263105304141,-0.0032456992963845565,-0.004495052799506222,0.0032579435331276415,-0.024355114868938325,-0.00395762367617554,-1.6378552429199168e-05,-0.022257148997381147,-0.003924244940829155,-0.0282291172672166
1090,0.20894031610646877,-0.0012811359551877836,0.004169207758336183,-0.09297189858041854,0.07079745220301117,-0.03742171937161702,-0.07849364397757731,-0.00033151839785908915,-0.05417468967767289,0.005270006846991295,-0.004649462973429952,-0.007017823261207025,0.004433335596380359,0.008295862030978214,-0.015809613475503043,-0.014793395236031601,0.0005381249081130678,-0.006067128659623212,-0.008215420425761557,-0.023580518698176726
1091,0.20262201269785593,0.0017611351188676538,0.004314050590766757,0.030585586535563952,0.06381883890875946,-0.038820745123356405,-0.02686551430630784,-0.00029678996630256053,-0.028137775428908454,0.006088712458210666,-0.004281620414430911,-0.0005507595863049297,-0.00525866065291475,9.643730835527123e-05,-0.012494312470876841,-0.0024693604014734793,0.0004100680739023063,-0.02337908210256813,-0.0033690100698646193,-0.02611274372477937
1092,0.20608281971924508,0.00017671329795190376,0.004123142574236847,-0.02599463511608644,0.055289400194393795,-0.03805954280581844,-0.05337311843144807,-0.0004563949452322316,-0.039918124166936665,0.006765147348232935,-0.005836218418896318,-0.003979760519723788,-0.0038683469140842774,0.004180345272104554,-0.016838766847076036,-0.007969847799093436,7.946114333719487e-05,-0.018552492993558115,-0.004981685728596578,-0.028864709068342688
1093,0.19617973661716195,0.0008324291592758911,0.004758227134423845,0.035408270454589136,0.02993677535865217,-0.04020478990791278,-0.04276371939519869,8.722558310275062e-05,-0.027038586075223026,0.009200821068637946,-0.005552192368546093,-0.0023940524220862195,-0.004261855492415771,0.0033925999444149022,-0.0015769652541211719,-0.0021835475483915298,-0.00048059864415953804,-0.023548162549160322,-0.0028631479601470325,-0.03481720516984512
1094,0.2021120741418378,0.000893299420783836,0.004468417096870772,-0.0711914143879937,0.0688006292355269,-0.0389318606600935,-0.04142093038405076,-0.00011632203771646437,-0.04878472848201169,0.0056595535191618475,-0.005500087031498173,-0.0023646542133371326,-0.00745813602940795,0.0021807317647964896,-0.00882851178563483,-0.013569345753931485,0.0006362198546681526,-0.010932809960391582,-0.0072449588679513515,-0.024330870166779178
1095,0.21761820488794859,0.0012707453158927486,0.004132220339106387,-0.07959822089224179,0.059259104991386174,-0.035433054347658845,-0.03372730114315348,-0.00017981381313983882,-0.052491892462640646,0.006103519547350778,-0.005079365581957765,-0.0017204968808469865,-0.009685119862862586,0.0015561429889789377,-0.016636921617838103,-0.013322731221311356,0.00019466882892574543,-0.009146760919088339,-0.00688946605411651,-0.027630845586862865
1096,0.1907659951737365,0.0021223650639568227,0.004644649877329332,-0.0244844331270832,0.09217906009005072,-0.04133473698622255,-0.022683279296354174,-0.00019140389719049427,-0.03844223528203453,0.004032789051208377,-0.0035124564100936003,0.0005793540639349789,-0.009870555740248754,-0.003007258391943818,-0.004476289799543918,-0.008875374257644385,0.0014700458153495523,-0.018749376333293512,-0.006462040939671873,-0.014249753316352828
1097,0.20376442147745458,0.0023924940051002473,0.0043545696958093095,-0.02532968941159601,0.05485923901464249,-0.03857084009704046,-0.016094497992426356,-0.0002183257828300198,-0.039602602909225265,0.006860468626691288,-0.0028366337112236298,0.0008626700706816968,-0.01077875598339735,-0.0007449248502773466,-0.011545324375499719,-0.00837722624724285,0.00016370803382832131,-0.0186396411429364,-0.004943492605764187,-0.028993504167654505
1098,0.2105146741255637,0.00038383150719829747,0.004241672607485986,-0.07484512886433166,0.06645155113990761,-0.037066704629115606,-0.04976338910210025,-0.00020092008839587463,-0.05057209220195006,0.005623460784860843,-0.005801331445103226,-0.003537544150862052,-0.004990337858434308,0.0036102074088977133,-0.014166016302582504,-0.013212644950841495,0.00045122945481682595,-0.01017077923436018,-0.007222646893828951,-0.025187118252012867
1099,0.19545224278465195,0.0004838754162281248,0.004429318933174848,-0.05875446440270626,0.03378478611624106,-0.0403583908854988,-0.048439555338034415,-0.00032986989921910515,-0.04553461419711652,0.00887910971188556,-0.00576634668365784,-0.0032905457159072837,-0.005278186356630876,0.00378022792450953,-0.009769920809862552,-0.012110983726622282,-0.00044189678845328454,-0.013362944567958227,-0.004700994901276851,-0.03412830570055552
1100,0.19486943729453157,0.0002701883618376818,0.003853708871616627,0.0562749012748863,0.032618956478838376,-0.0404810486177319,-0.051900805002444615,-0.0010382705895188686,-0.022924608089537685,0.008988293936287611,-0.005826741924816039,-0.003806215944705847,-0.0037355405399302163,0.004087203666925018,-0.022614368397364127,0.00018491523553058672,-0.0006240130541273727,-0.023841086520308117,-0.0025038709329605565,-0.03434512929892707
1101,0.2126490691981383,5.7727770740967954e-05,0.0041076152566366896,-0.03475016313126962,0.07191919794903798,-0.036581316752144405,-0.05543869002356805,-0.00032623915132322986,-0.04229250776451684,0.005050125027099447,-0.005833363771999832,-0.004224220010409965,-0.003466779655270563,0.0044981446452050725,-0.01718292258092898,-0.008803569003906594,0.0005366771395824778,-0.017337494527684554,-0.006025279210142232,-0.023149926500619165
1102,0.20156650113632466,0.005539957223383979,0.004356364652791477,0.028199428111272115,0.07126103198747141,-0.03905044370668935,0.035928722288614205,-0.00026948348328587616,-0.028596643175145115,0.005457560210506398,0.011385332241470593,0.007739535030309716,-0.00928544600339736,-0.011166749390893554,-0.011503067219473482,-0.002746396248874219,0.0006513338853843329,-0.02328134890884215,-0.003554506591834255,-0.023403360572968605
1103,0.1854934395975255,0.006209197780326957,0.005267331709474133,-0.04916523940609631,0.062238642859881836,-0.042406133781015015,0.039345068084977744,0.0003876166724964741,-0.04265649729869933,0.006699097121121147,0.0159165981723219,0.01214518286939543,-0.028344177610366176,-0.01096155407869628,0.01232861698641034,-0.013310202383606555,0.0008111629541989789,-0.015063808328255325,-0.0060632029038866974,-0.026651057012194414
1104,0.20919557051090243,0.00047430320300379257,0.00423196099491174,-0.10711053633092016,0.06052955199251421,-0.0373643337808427,-0.048227800778020274,-0.0002446152342196785,-0.05717719058485811,0.0062068365922693155,-0.005770205058663,-0.0033471987066383746,-0.005872728705635717,0.003445621064255179,-0.014388036791207984,-0.0164737615019799,0.0002759118421018413,-0.0024930380278489605,-0.007890338726221111,-0.027218703059459545
1105,0.18063970413261546,0.0007705143847977067,0.004966940076239125,-0.047533124203394395,0.015557648916033387,-0.04336705613498775,-0.04454738837474174,-9.338294633335863e-05,-0.041874892061407695,0.010564359718638765,-0.0056007058074328715,-0.0024722161102850785,-0.006269191980286117,0.00382236986477424,0.003943905714013307,-0.01231472914523974,-0.0009217289856229706,-0.015338313782680864,-0.003512148257836934,-0.0367118719635223
1106,0.21613164831694545,0.0015087627705286074,0.003783408297549579,-0.05684677004137272,0.07320825651310542,-0.035779238356695234,-0.029622375892247848,-0.0006784359450271219,-0.04737490669783815,0.0048180750219451625,-0.004727615259789819,-0.0014835837548325096,-0.009712551997787516,0.00024727606167202995,-0.02405281527582353,-0.010063215530770499,0.0003946981878723318,-0.013713308214797807,-0.006964602066298302,-0.022647051695521645
1107,0.22154870816204716,-0.001512299990797614,0.004716262112377105,-0.04707716780221433,0.056161310812438976,-0.0345067428959258,-0.08412571899858122,0.0007069209232215042,-0.04578935840634087,0.006301941491695326,-0.004230889644816776,-0.007980088264108365,0.0028043778318790477,0.008018883445674954,-0.0026568422993390566,-0.011606989919438664,0.00035623914056127557,-0.015414222013461869,-0.005668710952403995,-0.02860070544585177
1108,0.19000938407583043,0.0012785433328853621,0.004143137452846208,-0.06847863716162161,0.060780515019280903,-0.04149024589935651,-0.03608231793570501,-0.0008012981060012719,-0.04680205029836086,0.006697695372564501,-0.005068900773244272,-0.001697764857594404,-0.009229758607846866,0.0014703892087260483,-0.016393551976063563,-0.012250621594156593,0.0002423742933211823,-0.011484463006466768,-0.006626478481556737,-0.02713629873277863
1109,0.2147173300606931,0.006948478737016425,0.0037273587059986416,-0.019967097646281122,0.06515286888349317,-0.036106482109544126,0.06647882497176236,-0.0007821737835538522,-0.03928999951898859,0.005623338083537717,0.021536550276563145,0.008535836368576303,-0.02356115205010126,-0.013583036328683787,-0.025179349513717572,-0.006616291963015799,0.00016146933583986416,-0.019316015363053968,-0.005183250874280811,-0.025648209366447298
1110,0.17717357336978676,0.0032831469224575195,0.0038429109789862746,0.02058142081797552,0.06873166850309942,-0.04403838157874974,-0.007731410240425692,-0.001427545158865383,-0.029344258943120507,0.006417458010769533,1.7179349949676602e-06,0.001950554888206626,-0.0079083047365185,-0.004411480414325947,-0.02283715153785512,-0.003102630129028911,0.0003110942740358559,-0.022906963729139373,-0.003804911263883238,-0.024356414335691638
1111,0.17998003906630483,0.002741168127351901,0.003909877001936604,0.023456834518710508,0.06157119317241231,-0.043495776631050836,-0.015131470607962078,-0.0012930402714928192,-0.028913309255557924,0.006903360039308721,-0.00183698379131026,0.001007674039979451,-0.00689819060445489,-0.0021954740239449313,-0.021444710924483138,-0.0028910145345609,0.0001562475384374647,-0.023059434312758784,-0.0035810192145437655,-0.02687454204351062
1112,0.21322868169797918,0.0013880068573016873,0.0036891141765603257,-0.02495127646072861,0.06656598285643832,-0.0364486937432944,-0.03206013993405078,-0.0008630750213645548,-0.040248417407128416,0.005533536837153847,-0.004914428200233471,-0.0017732722119375836,-0.007627068108105683,0.0009223820974779358,-0.025937675614166614,-0.006982655583712385,0.00017783633219938807,-0.018688913071737572,-0.005419290991435193,-0.025146070505868864
1113,0.22156065500745448,0.0017763155700733701,0.003974781767600279,0.022574046315782775,0.0709351930773245,-0.03450390304249716,-0.024153512714196922,-0.00030393547979104643,-0.03034854557634039,0.004865168662833714,-0.0042523966703323325,-0.0008138633244642459,-0.005786322974788334,-0.0003932955247663663,-0.0200705746988206,-0.0030268427219075898,0.0004385231316528057,-0.0230140633632626,-0.003767112064432567,-0.023527997068852186
1114,0.2054398502261134,0.000393363512831039,0.0041155342307793615,-0.03336770467977461,0.0792171733710559,-0.038201898698083624,-0.04970070780962828,-0.00048078234855712887,-0.04138855022957105,0.0046172365535614955,-0.005798507267723852,-0.0035344806552064173,-0.004623525134489556,0.003458532177818199,-0.017007575079658752,-0.008684702580953906,0.0007448725781897642,-0.017537678187516066,-0.00630715101247513,-0.020189203209079725
1115,0.1899983538215181,-0.00037481594686281946,0.004129185614453386,-0.06949635500506786,0.08062689053177877,-0.04149250861551139,-0.06210251892871994,-0.0008179708224524005,-0.046995451560164644,0.005032801868565271,-0.005682213542316389,-0.005117600331868219,-0.001261909822876652,0.0059173694764816705,-0.016704451711729462,-0.012307836366541642,0.0007924879763570817,-0.011278918045671747,-0.007949858592459523,-0.019585463926890253
1116,0.1627497455338277,0.0025583031781122602,0.00440245346448627,-0.01583597962119112,0.07775255503592056,-0.04669882121748475,-0.0211674500694306,-0.0011660520844211577,-0.034886215941804966,0.006199162531160537,-0.0023791502542889523,0.0012863683356146283,-0.010397061615799395,-0.003255438768185092,-0.010411705659956817,-0.0074646385678574035,0.0008708400025904292,-0.019804972658685308,-0.005500507555808475,-0.02080553912675017
1117,0.1810048049125987,0.00046090514828550774,0.004254678839006944,-0.10277162104844233,0.06931848537690682,-0.043295620876048296,-0.04918094110645861,-0.0008834454107979166,-0.05200047385176566,0.00625495852040207,-0.005775423951643229,-0.0033716658508765496,-0.005733206286501755,0.0033685034241100766,-0.013867828694684751,-0.01612248651782867,0.0005407263465779502,-0.003624661766039168,-0.008470985627227697,-0.024138259921444444
1118,0.21046555453273685,0.003988508753442148,0.003825441391121649,0.010123585290122708,0.06418296674268292,-0.037077819673740624,0.012805983653129462,-0.0007423543685192337,-0.03263569414826253,0.005834842587851848,0.0029138875203015657,0.003262640699284751,-0.010417007993966413,-0.005680749289830044,-0.023196168954986912,-0.004045849273148621,0.0001845156928766223,-0.022238329706171244,-0.004090748938286609,-0.025986863309633977
1119,0.21189269583080184,0.003616894473144654,0.0040251292951460245,-0.033339908774856306,0.06510244259767765,-0.03675386341091115,0.006748716664939369,-0.0004512722249106573,-0.04192803978119255,0.005708914872596674,0.0013064476278729213,0.002925764779739235,-0.01568796742258866,-0.004844342971701099,-0.018987990344814725,-0.008478447021714861,0.00030615891943106883,-0.01754167103178493,-0.005656445309885719,-0.025665936584598717
1120,0.22114647797210388,0.002891557261391149,0.003966468492006926,-0.009293188880124596,0.06584305892192095,-0.034602269995809336,-0.0039054270244153226,-0.00032438191906756906,-0.03738824553614297,0.005372260952675081,-0.001361528979697986,0.001383368665535682,-0.010608030925341646,-0.003023516099992535,-0.020247929598994446,-0.006055717098874732,0.00029730144358281233,-0.020522226920179586,-0.00482676210987226,-0.02540424957456976
1121,0.2015105871691574,0.002313543398921403,0.004451904082848978,-0.004131603729577202,0.028294850944623764,-0.03906257953065575,-0.0178114341268274,-0.000151897586736496,-0.035139048439026384,0.009273192148594038,-0.003043063114168183,0.0008030301396522955,-0.008728350233487996,0.001664666248888198,-0.009227183577242839,-0.006293059144894893,-0.0006027026485098448,-0.02103863044626081,-0.00348858204858946,-0.03508778152850805
1122,0.19471633606444727,-0.0009845017187739675,0.003957008057998078,-0.035124288032527054,0.017928516002682544,-0.040513212276912576,-0.07211649960817806,-0.0009170865602428587,-0.04082624364544089,0.010252425454923508,-0.005094197780693249,-0.006272734439164753,0.00018456406455993418,0.005160953120461433,-0.020449275492335172,-0.008494652687373452,-0.000991292888579428,-0.017282782477309234,-0.0035049246005394745,-0.03647329616882213
1123,0.20750623152673714,0.0025771317273955673,0.003820110109797518,0.02954798076196142,0.08442807108858165,-0.03774287584717528,-0.012264589598930247,-0.0008117970794419418,-0.028465852907584816,0.004070060796128029,-0.0023251490415199944,0.0005718079613256258,-0.006118332218098927,-0.003943376445053693,-0.023305383343552036,-0.002262349352250136,0.0007043731256840051,-0.023337728462026926,-0.0036739494660351655,-0.017906172766432565
1124,0.20420717770125693,0.0021169342580841534,0.0037059405293043144,0.04894859793593514,0.05915376565776545,-0.038473623711322284,-0.020662043782780457,-0.0010254595371062202,-0.024409792229260055,0.006463622475449266,-0.0035251604033386744,-0.00042228916621456225,-0.004168688721881052,-0.00046086377905879913,-0.0256050706769537,-0.0004710625668110736,1.1074862107062973e-06,-0.023819416033792694,-0.002715515308835076,-0.027664642671996843
1125,0.19915537314788812,0.002760855509832071,0.003359990851414712,0.00719613800632915,0.04965596717025435,-0.039570834894734334,-0.010853488856471949,-0.0015546505691762533,-0.03273922682265658,0.007429103139408642,-0.0017762606008633153,0.00027822215623389486,-0.008590450981433712,-0.0010362798791211086,-0.03211676171085751,-0.0037503466802831153,-0.0003670634655529502,-0.022019095179832568,-0.003833645487227265,-0.030475416577559925
1126,0.20897618326419248,0.0008740472590171503,0.003090786317766757,-0.06306350641277711,0.06827058484351049,-0.037413659877708394,-0.04134200706487111,-0.0017209804312652481,-0.0479113317055605,0.005501156726525662,-0.005517039811327018,-0.0029478813255118244,-0.007129415491003848,0.0022489926624859745,-0.03670879366842275,-0.008539080659625465,-8.678246690336653e-05,-0.012549633125595476,-0.006907745727613275,-0.024526573461674778
1127,0.17934957019037515,0.0027333812685262173,0.0035027380609394354,-0.01982558642230693,0.11907519090386527,-0.04361838023842019,-0.015377447066415771,-0.0017601424443197708,-0.0367314118681191,0.002354204875762816,-0.001860875109108324,0.0004300051341761286,-0.011283215653968223,-0.007945333662371918,-0.02951310007961035,-0.006175920985492756,0.0013189889639218643,-0.01933322655815166,-0.007277434661165002,0.0008544321424397203
1128,0.18767796467419473,0.00026906444820754336,0.0036330710557058174,-0.025703848673571908,0.10399275093921438,-0.04196571460139183,-0.051993828466520155,-0.0014482537018252056,-0.03843821678612896,0.0031768092782585044,-0.005826917115598683,-0.0038238144154112983,-0.004157313209373559,0.003725946182209504,-0.027033758243911504,-0.00693381532716128,0.0010649529608806622,-0.018590692655580967,-0.007019006357858782,-0.008077496720846301
1129,0.19055477855996117,0.0015675383916572386,0.004139978782981192,0.0006063050073623797,0.04579608619369118,-0.041378208531232696,-0.03147233407230929,-0.0007924595612679353,-0.03361247131215644,0.007943858654096926,-0.004630460944762655,-0.00110174177705536,-0.006754951362929484,0.0015899425955355265,-0.016464036898964095,-0.005352187696103151,-0.00018042649863520802,-0.021474265708740597,-0.0039055073636098782,-0.03148401702821843
1130,0.22060213863546244,0.0004422163469316898,0.004140377704585033,0.054328513975044145,0.08049111305038832,-0.034731281159249325,-0.0485063177953814,-0.00010017774752740488,-0.02330835694740973,0.003969692694968698,-0.005782349870991726,-0.003430009399962978,-0.0037462476518121874,0.0032889354588029004,-0.016455138222336185,4.466238900433889e-06,0.0007954124291631662,-0.023843898015250938,-0.002542151271075546,-0.01964406183260301
1131,0.1877406875995465,0.0013070550745625327,0.003866676609963423,-0.003018721138793725,0.11026947192017385,-0.041952996362390804,-0.0358437258363683,-0.0011752134930562048,-0.03415232130966976,0.002653326515051483,-0.00503002759536989,-0.0018108120816605236,-0.006372514204217299,-0.0008364431770028986,-0.022345932610369913,-0.005310992738551036,0.0014092628877966256,-0.021144257570336875,-0.005939400834296789,-0.004503693568988344
1132,0.21867091435358707,0.0042078074189207575,0.0041799206720342,0.03763419083930512,0.0672268164961675,-0.03518652337512613,0.019257573194677025,-9.13934456123941e-05,-0.026962946394806692,0.005311011452860443,0.003938945083425784,0.004447600210639025,-0.006417300012422217,-0.006726133786761503,-0.01556852860043245,-0.001677324112289558,0.000442382019633982,-0.023613363219572695,-0.0031532982626319645,-0.024907694755983766
1133,0.18082929933215247,0.0011972406119901884,0.00465886030618388,-0.05005549817392776,0.049315372744361846,-0.04332997730004003,-0.03813228723930078,-0.00043391011628786543,-0.042353807510011755,0.007861189652230737,-0.005174481195700317,-0.0015752438969581608,-0.008075358949393022,0.0021393090104497594,-0.00411758658724882,-0.011794161774993282,0.00011361737921185985,-0.014912238166900287,-0.005385542695591569,-0.03056752315377045
1134,0.2106248965933726,0.0014042450159662118,0.003931636941215078,-0.05469155017323222,0.06530001950263246,-0.0370417538333349,-0.03203592757385322,-0.0006010393569885318,-0.04632986548573835,0.005726891383199635,-0.004890308783641392,-0.001580064364122309,-0.009150923473561624,0.0009409133090109277,-0.020986712193603978,-0.01028287176970401,0.000265590106581549,-0.014101966544327025,-0.006426413393385172,-0.025596403595734413
1135,0.21248386196042768,0.0010427240759670936,0.003424189465744993,-0.12627270649468084,0.0738802662681113,-0.03661905484150459,-0.038182542383698566,-0.0012252757901477318,-0.06176945921627615,0.004872167262880448,-0.005353635930912463,-0.002532451305408612,-0.01014233766873816,0.001590323669387355,-0.030960267835477156,-0.01468585312548702,0.0002129761129055472,0.002873114154801901,-0.009790188481247325,-0.02238147672372835
1136,0.21495530903322743,0.005320453213310534,0.0038728356103595483,-0.030017375016042323,0.066313092263967,-0.03605156323178327,0.03776889045898198,-0.0005845775079032423,-0.04147131872177827,0.005506950352897467,0.010014240753737707,0.005926240635832343,-0.020861872684174748,-0.009548474631806152,-0.022218101618928038,-0.00782710991262551,0.0002632128862743572,-0.018009839583353483,-0.005591990247153989,-0.02523669397641979
1137,0.212837152990821,-0.00013994451728731747,0.003778534936907868,-0.10372814074227714,0.07646090319188388,-0.036538318701484336,-0.05890822042029803,-0.0007537179433833576,-0.05702203957867049,0.004619337539306835,-0.0057916847597160774,-0.004581202766535394,-0.002028716461346737,0.005116636852594034,-0.024151479913400085,-0.014289225306422583,0.0004749817078559912,-0.003377841254974677,-0.0090993711064893,-0.021339856523648438
1138,0.219432296272068,0.0020565396704447436,0.004773122845957632,-0.01909624531968264,0.07020219014457754,-0.03500750463505847,-0.019366586897334812,0.0007278000945576346,-0.039436388264156665,0.005001919545662062,-0.003664092314408432,0.0005566965939357027,-0.009262990605486595,-0.0011360087294466077,-0.0011912270741278354,-0.008510623591919788,0.0008395571884096032,-0.019421412375454496,-0.005346925717263647,-0.023806365203599758
1139,0.20527456219705692,0.000610475204063931,0.0034291807570431517,-0.11220396453478396,0.06403385427742934,-0.03823842514094888,-0.046024666922841906,-0.0013543601233789143,-0.05761677248872022,0.0059948268213476635,-0.005705143930622343,-0.0032608573108647565,-0.006827257622426908,0.0030490010712361563,-0.030869362358279157,-0.0135626871943386,-1.0508536467638304e-05,-0.001125317873634041,-0.008365272807037966,-0.0260384952058838
1140,0.21140375666190125,0.001623609266648702,0.0037138245458084784,-0.05962504942942112,0.07876023072628582,-0.036865087725621,-0.02813374977066664,-0.0008680034033392249,-0.04745721903368363,0.004453520557379307,-0.0045339775646796214,-0.0013227952700782045,-0.010373836284794555,-0.0004083640175685116,-0.02544866913341867,-0.010111281537091421,0.0004955137351369956,-0.013201075280260648,-0.007407132293987844,-0.0203826862557589
1141,0.21717636731352014,0.0008665626290551639,0.003320051045469513,0.004709259509262106,0.06615942218902114,-0.03553618616557975,-0.04099760598920821,-0.0012764500047042504,-0.0340994158142371,0.005456922202930965,-0.005523512428096541,-0.0028702297171920932,-0.005162575980950186,0.0023289950076656693,-0.03282431693039445,-0.0038976350624833683,-1.5993870698620866e-05,-0.021821836364795764,-0.004332037006831242,-0.025291599726113955
1142,0.20098341249994686,0.0014625468581146307,0.004222817714535629,-0.03587657715602952,0.08020823877887899,-0.039176841279316504,-0.03203490728450005,-0.00044950083623677685,-0.041518416581702584,0.004683554133375418,-0.004801145462955443,-0.001260553078837188,-0.008424663023480095,2.4324610002143046e-05,-0.014596569841904883,-0.009181765274878923,0.0008368747117240788,-0.017172074249918283,-0.006461788105221976,-0.019765835678866122
1143,0.19460861655997802,0.0020875156831487354,0.004839788303130667,-0.002746305941524163,0.07749079432736995,-0.04053582759631207,-0.02264041452145549,0.00014351167443998558,-0.034478792886096926,0.005139906491404779,-0.003593372725296837,0.0007004151096931791,-0.008105076338851207,-0.001772543065730887,0.000550735996911893,-0.006712594176168766,0.0011165392091163633,-0.021169804532256944,-0.004940735146420608,-0.020914520658975908
1144,0.21697728717575265,-0.0001522029155286734,0.004137911936419405,-0.00796292638521746,0.0859275474881907,-0.035582588733237705,-0.059218309746583556,-0.00018693209334851057,-0.03684344737602252,0.0035788937827905764,-0.005787581535189351,-0.0046596304521214224,-0.003038195030524467,0.005260136888273526,-0.0165101270736014,-0.006203320765776032,0.0009467166341505895,-0.020659486901422434,-0.005435945467698638,-0.017223122430654998
1145,0.19937520567406383,0.0021285601004993773,0.004190041996827297,0.004869739234084001,0.04465921709754331,-0.03952363731500271,-0.02122790926962742,-0.0005277040513146332,-0.03321530301317356,0.007863277480312018,-0.003497922193014073,0.00011208489660991379,-0.007603757854567359,0.0006267301174267948,-0.015340151938234696,-0.004990706458860603,-0.00019525828847439974,-0.021834871094518232,-0.0037676422728689534,-0.031766355180897446
1146,0.2167334080871673,0.0010656282105982967,0.003941000582154555,-0.039177337805541494,0.07593614546762173,-0.03563937749914873,-0.03746896696043427,-0.0004554464777933428,-0.04360409995795072,0.004539123020764701,-0.005328858468261526,-0.0022385006720045896,-0.007142681593116777,0.0014488240403289735,-0.020788792092454923,-0.008841332087639504,0.000553964721985537,-0.016675381045130812,-0.006395551249621016,-0.021554461411362056
1147,0.2120562862293257,0.004229350121714664,0.0035652838030843137,0.06285762851812025,0.06440275309324245,-0.03671659462418636,0.017502014386992126,-0.0010488351959795587,-0.021494716484784297,0.005769457581344061,0.0040427027602855945,0.0031540484688720788,-0.0023946574740111885,-0.0063377121209193124,-0.028335448102711654,0.0007305166645750806,6.399216376905143e-05,-0.02378563481722482,-0.0022414606884034443,-0.025910549537530667
1148,0.2210417032326079,0.0024577976794170286,0.003653595939351836,-0.12759478634786284,0.06966478569432068,-0.03462712590818226,-0.011820831252499652,-0.0007523956145571751,-0.06355069449643028,0.0050045395191873334,-0.002660327594693777,0.00013958261981200117,-0.020263109274617306,-0.0022177997240852444,-0.026634427283731058,-0.01586441565625382,0.00023628422169333244,0.003265508855534794,-0.009440926718617815,-0.024008681797485543
1149,0.2032771374774934,0.0030288814975180413,0.003788511779945985,-0.04633764467713338,0.07788023297493771,-0.03867759956941409,-0.005497335211765269,-0.0009408165001538019,-0.043852939768551785,0.004811676789149732,-0.0009040642278112791,0.0013809582779817546,-0.015139504384342408,-0.0047322245841928045,-0.023949345580872642,-0.009124653383108213,0.0005169938422075811,-0.015536615367165465,-0.006793355960792411,-0.020752252725843887
1150,0.19607909382903743,0.004767449373126001,0.00430649706549242,-0.03529306272353834,0.028675762194521014,-0.0402260719029154,0.021051832258283387,-0.0004633248137204003,-0.0409770058845423,0.009311247972645327,0.0068120913494025565,0.005929332224721324,-0.019990921204775525,-0.001339389283739382,-0.012670179965137546,-0.00931489738301551,-0.0006240922310045374,-0.017258025876600736,-0.004012305456592062,-0.0350262558104052
1151,0.2101609457955904,-0.0006716496674192235,0.003945077539013115,-0.07165202266210804,0.07712258573015206,-0.03714669255584024,-0.0680659689285552,-0.0005937259992100541,-0.049855189577349086,0.004647594296938171,-0.005450729147314946,-0.005650760966337096,0.00024496829441917885,0.006763282679732238,-0.020702459885730332,-0.01192683207948936,0.000587971776935447,-0.010837947509479562,-0.007812346859164793,-0.0210672192725641
1152,0.09096574675299103,0.0022389306003491954,-0.005043102984639909,-0.25931910934907804,0.06871815222336518,-0.05674506858998455,-0.03745063615994757,-0.008506087543834214,-0.053397683763099064,0.009016743096506661,-0.0032313894400587398,-0.009983431872660683,-0.029531477642134117,-0.0015291114152196877,0.020640280272686818,0.042629747202400384,-0.004277285561467276,0.05670245212305793,-0.014280731965681994,-0.024361418093381954
1153,0.10314552919060845,0.0013856980218989292,0.003979597122864348,-0.035467925612912204,0.09044201160046732,-0.05541520514896641,-0.042982264054921435,-0.00291100979750479,-0.032968839053629496,0.007623610673653365,-0.004917832369585769,-0.0015845211283068339,-0.008133306259974625,-0.00022321834254422846,-0.019967662836683425,-0.008579385083275581,0.0009669739682549871,-0.017232327061620437,-0.006926374002457872,-0.015096268811002421
1154,0.09392714471079498,0.0010919520164035055,-0.005366783014426759,-0.17964752355893754,0.06225361669738846,-0.05643581560872256,-0.046281265630293354,-0.008795713363895837,-0.04641900273997682,0.009207655062526215,-0.005299616958081901,-0.00691495998167435,-0.012482686654089565,0.0018735657236216602,0.030776429840871002,0.03375095085159464,-0.004181638939188408,0.02098829589225794,-0.0105053858457352,-0.02664601676196965
1155,0.0955555959098132,0.0013010535869603717,0.004094164716602935,-0.11433759562225339,0.09522359157882161,-0.05626190173355836,-0.04443148397476469,-0.0030077883988545826,-0.040229609783371256,0.007711468051272003,-0.0050382897988378444,-0.001681479823236525,-0.011424897974050652,-0.00013365816802182482,-0.017479929270089213,-0.016614963215598355,0.0011770005771513153,-0.0005397634652683187,-0.0111998050064703,-0.012728314848313813
1156,0.08064053031838823,0.0027222581104495856,0.004236377084152883,-0.15774261745935278,0.08069213292828017,-0.05775250104865696,-0.03574871436744753,-0.003271856875564955,-0.04154033797723091,0.008876172212032556,-0.001894878602522817,0.0014200305042433648,-0.02519360048782765,-0.004058651647356466,-0.01428714616115161,-0.02166578832944674,0.0008589468244892984,0.012989776180677386,-0.011811022521738646,-0.019557273058150238
1157,0.07194001432899656,0.0012106175104004855,-0.005202014151392249,-0.11922592054610746,0.07040693155810916,-0.058515970510910634,-0.047185192953341656,-0.007985304145012369,-0.036772222802134595,0.00953264961626211,-0.005157646018794165,-0.007175770574854226,-0.011033138690011232,0.0012377022968884687,0.025541516595366916,0.024308143071407586,-0.004425967004597329,0.0008298785587735578,-0.009191117684544085,-0.023728892230355368
1158,0.07523877244404596,0.00031746614937912894,0.0035942439691788535,-0.14696678663758778,0.08869336923289672,-0.058235702183648104,-0.0528431298031414,-0.0037185529495047773,-0.03956595424119757,0.00878265970372579,-0.005818022144036571,-0.0037404463617748407,-0.005162325615113407,0.00363281702235816,-0.027782564324107785,-0.017247742229832542,0.0006651865247608454,0.00934318273171162,-0.012184957566552395,-0.01593262963302185
1159,0.052740721793786006,0.0003370332227281425,0.00350403754812978,-0.19358795408304483,0.08369294868387635,-0.05992422557925802,-0.05306846647892693,-0.004196613091508351,-0.03796221788735325,0.009780238678374277,-0.00581364143187521,-0.0037152225430003337,-0.005680204539011335,0.0036022829054738097,-0.029488860827738456,-0.0206699158884613,0.00048797126147350075,0.02648751062726167,-0.01376792768387269,-0.018236780586609023
1160,0.11282828313627935,-9.926172723315022e-05,-0.005140070093070675,-0.08862478933492336,0.05998935484195845,-0.05424871829326759,-0.05631878999127778,-0.009261537685165548,-0.040027139605494394,0.00880578563696444,-0.0058040314743543625,-0.0033807404474324823,-0.0024202536739252926,0.004841472474717778,0.02361376699365346,0.019799468875274943,-0.003986859780253531,-0.007100271602583086,-0.007237312675450808,-0.027394969933425044
1161,0.10945359764175436,-0.0009353646604000937,0.003926979115544796,0.06728138985315972,0.08787462870417162,-0.054666256313815983,-0.06408004613431878,-0.002808601360158366,-0.021825021920845886,0.007503728463591676,-0.005157841712241048,-0.0061587051705822545,-0.004284927271577285,0.008022323479211547,-0.021084977691382567,0.0012257298933882176,0.0008633005696572371,-0.023708526896738986,-0.0019275960859464532,-0.016318775820598035
1162,-0.06464493498710934,0.000480361712190357,-0.005067469723978682,-0.007281987447297176,-9.925926259936834e-05,-0.06025883498825915,-0.05555784584536392,-0.0036177447314026637,-0.01996575156884264,0.012081479310167483,-0.005767775551942648,-0.0050311449983219715,-0.00457247466850258,0.004234121380230703,0.021382408560947048,0.008433155153515863,-0.001641585174274035,-0.02072862730867905,-0.0026210807625892387,-0.03755550798715764
1163,-0.16966098174855676,-0.0030035498910381472,-0.005264250823856297,-0.27121799094770266,-0.040126226973990396,-0.048503032430236875,-0.014001627476140402,-0.0001215073850140181,0.027171680637775458,0.009474901484933792,-1.4971112286837197e-05,0.005162837651250607,0.036261499750501656,-0.00028025351808676663,0.027500545871517144,0.046093159016045826,-4.790984865666376e-05,0.06292793540150945,0.0038589362994716093,-0.033932918522838286
1164,-0.44635613153774867,-0.0037691976518606706,-0.0049106341051870376,-0.1705767236969179,-0.0627669742753785,0.03698594838165906,0.08136674176948616,0.008002102134050927,0.07151494045031813,0.0009139919920380034,0.003169268358208275,0.006675733921507247,0.030634890036858282,-0.004807496774741703,0.0166653329417625,0.029811043097682687,0.0007018507772162783,0.01758085425481335,0.0045529281702706885,-0.028204832859477
1165,-0.37180566906351625,-0.003533786160193552,-0.00503285931165446,-0.13440933631968974,-0.10284747047182445,0.006174077698249835,0.05153156326520108,0.005985350898013668,0.04272224047894434,-0.00333879774572177,0.0021165619314025665,0.006267631278935414,0.023369752238258715,-0.009947810162360531,0.0203293098810663,0.025613166109812496,0.0022873637387338603,0.005333447015447431,0.007381525248696474,-0.011546055564264199
1166,-0.4610887590413823,-0.003868806693802471,-0.004527635743144018,-0.3035138599163421,-0.09149592846883199,0.04375391107492661,0.0894936221019125,0.0074265215377533195,0.13260582160459566,-0.004947446561376835,0.003634389275138608,0.0061327784350778325,0.05234259197213426,-0.00948735233261216,0.005739240509527134,0.043900433131838605,0.0015287173356623239,0.08099306468396432,0.014134604706609665,-0.017109743805510044
1167,-0.6042376555364785,-0.0035661989874637783,-0.004771101140854439,-0.46369371060861514,-0.025962214471711428,0.12117987129856189,0.12064102443529512,0.0123376298555581,0.27377771425698866,0.006161793713262993,0.002257622023113322,0.005842809189849404,0.07131035570846758,0.0009325630913709442,0.012587303606883888,0.06677595908938261,-0.0006962609541976866,0.1958205235786121,0.0037921320035516834,-0.03616467795145887
1168,-0.5718947813009776,-0.003592338046740306,-0.004851399246721651,0.07876227228710857,-0.054856438838146226,0.10183656773037852,0.11231999444822093,0.011643204315733144,-0.03648777245803137,-0.0003909645083801911,0.0023722819114390292,0.006072110053943893,-0.007296487533897326,-0.0032562838451085383,0.014920472234755722,-0.003173426052025154,0.0003840416400713652,-0.02335899001219549,-0.0032044451966663865,-0.030508332548449795
1169,-0.5002146464749478,-0.003037044121826753,-0.004804397863563626,-0.7056876567304661,-0.07514926018780359,0.06281546654122822,0.06953147251391403,0.00933973676557089,0.3364017407138836,-0.0030226003440473694,0.00010985667750196783,0.00448419100269525,0.0906347438767215,-0.004625918930786258,0.01355029437072926,0.0986077434470782,0.001108603267842173,0.44893736068529855,0.026352997053260992,-0.02394764822954991
1170,-0.5440996402046865,-0.003440803503871819,-0.005090367530125031,-0.13183334908898978,-0.05221187256770694,0.08607590072980398,0.09768439733784247,0.011560730909657169,0.0727176630268928,0.0008194458670160417,0.0017187831877964808,0.006115583673168727,0.02232248997957252,-0.002584846849638581,0.022082903103110948,0.025538672852566027,0.00037205729165457833,0.0045428053218668505,0.0023010331034895725,-0.03120603493920419
1171,-0.5294599221328898,-0.003175237710067916,-0.005168560195070204,0.182719073199904,-0.06467592657656315,0.07809539996724255,0.08258342192363169,0.011338643388770555,-0.08761371370654089,-0.0016148492286235442,0.0006388833251738314,0.0054982451930123254,-0.02036922209607265,-0.003672115026755049,0.02449766774165832,-0.017826833540811604,0.0008888485027686871,-0.010374010278218436,-0.006710219036221022,-0.027600352614713896
1172,-0.5211781311796568,-0.0036306036259204986,-0.004945454422885669,-0.14190837351372682,-0.08365263824328502,0.07367875686414531,0.09889171041254659,0.01039565239280391,0.07357830353482347,-0.00550422303879724,0.0025415894714286022,0.006364697109062587,0.025190030333218493,-0.007527240899655527,0.017700419018798354,0.0261896685845474,0.0015022934435390517,0.007696933634357223,0.0057994651995220015,-0.02056357323268552
1173,-0.47813673249756805,0.002084961408132556,-0.004835382864534104,-0.3064828200820707,-0.0737613618541632,0.05186516059834474,-0.12643720389707272,0.008764676713253467,0.13982259805512123,-0.002071758559165136,-0.0035992470855808764,-0.009334149439593544,-0.03123448674369368,0.009619496411651206,0.014452141073652626,0.047113295791570656,0.0010737699429457105,0.08273946815393847,0.010916816924334162,-0.024464391325696822
1174,-0.4709739677463006,-0.0036577239921443128,-0.0046565884927189565,-0.43288387076369056,-0.07685735044266497,0.0484206447088726,0.08490250829405413,0.008059384512739937,0.19358947963504614,-0.00246101176565252,0.002662631004479523,0.005856215427560719,0.06859157975843144,-0.006615373484949051,0.009323988128102593,0.061374577624538906,0.001091755735101953,0.1704723769457471,0.01642033843797559,-0.02329797890077689
1175,-0.6202764986167917,-0.003586249154742285,-0.005103234981785991,-0.25020622881465004,-0.03696891508368087,0.13117275089520422,0.12631666666254096,0.014017719767979924,0.1560761679935246,0.0031617757371119495,0.002345500735444569,0.006554701159095533,0.04062274942312357,-0.0006695970856511396,0.02247786724605089,0.04186175591911641,-0.0002138646690387399,0.05209128754145256,0.0029418399501438207,-0.03452051156487532
1176,-0.7868732564765115,-0.004547897804171144,-0.004989712450858163,-0.25639461024391547,-0.2902605307925377,0.25067434361673363,0.2347113547268448,0.018778708316440455,0.20957344837461092,-0.08247553237464401,0.007117427318164979,0.009012894914669991,0.05321458223959114,-0.04781296005730125,0.019026096212671623,0.04180685589321097,0.009362848589093099,0.05520783100848354,0.04433358258139557,0.17690078266312964
1177,-1.0093439920655414,-0.004181902128908576,-0.005524172373622395,-0.21843536684340642,-0.1684480722672536,0.454931178604469,0.2882595942669908,0.028852661992955015,0.23957746084262438,-0.05802500701377805,0.005172626757758058,0.00922042147165676,0.042352242622671565,-0.023408973730677022,0.035922357198938944,0.0404431936018689,0.005384622428422144,0.03707796327008678,0.021181264630128392,0.03369608770896703
1178,-0.7834505301808244,-0.004495385185578288,-0.005188260142850223,-0.26284870784938125,-0.2796588526843317,0.24793091454526525,0.23021932034396303,0.019583407533159628,0.21336335365554923,-0.07859182170790294,0.0068286756775183255,0.009355964671620684,0.05374572253417371,-0.04533092980320593,0.025111579048485135,0.04429045304165635,0.009358652545690904,0.058524961954508604,0.043543186908423244,0.16138011758424342
1179,-0.9826245896956797,-0.004257336109710501,-0.0054812763233563246,-0.2540907098637122,-0.20365699192822997,0.42769965209787647,0.28493754740872534,0.02769115371837707,0.2659911074217144,-0.0706333403552161,0.005560528440047646,0.009352015014129684,0.0492862698590287,-0.029872860938126446,0.034505757901481415,0.04538691110101,0.0067935054469065,0.054040235695565306,0.029976482684904653,0.06718174695970355
1180,-0.9798079882545729,-0.004319689197055621,-0.005352026438554894,-0.2635140877777898,-0.1991451617635731,0.42487200496614874,0.2887525849617767,0.026852196676965635,0.2739649324760938,-0.06854429430218842,0.005886234425638194,0.00923568091688256,0.05168147887016386,-0.029579993714382705,0.030301243938007216,0.0457188119543895,0.006422674266376812,0.05887081526653159,0.030217475452132565,0.06253161726088373
1181,-0.968714772726888,-0.004265776464431166,-0.005331385436030527,-0.23863640636054326,-0.20353270070189247,0.41381493073209175,0.28073783966358906,0.02636664558925238,0.2475754704759207,-0.06940245441115388,0.005604348742836493,0.009026481762678683,0.04672648990725889,-0.029917275915875216,0.029638666067941778,0.04198730169377872,0.0065705582974121615,0.04643271226425916,0.028328612674254506,0.06705223184955673
1182,-0.9612000844928528,-0.004258606320632899,-0.0055394987295693116,-0.1871099621788145,-0.20779097074918268,0.406396900171,0.27757640813970214,0.027292061829729323,0.19820340579628543,-0.07047766886613244,0.00556711769699798,0.009492122246275821,0.03778458243672981,-0.030585123572741423,0.03643105493465167,0.0358965604499063,0.007051357072015937,0.02389251749723638,0.023440753448464965,0.07153511989770885
1183,-0.9579278569332362,-0.004187553126571476,-0.005436525953774063,-0.2174135503147776,-0.2078028166847092,0.40318498043398593,0.27109580504698705,0.026600966972822493,0.2251366064829703,-0.07019899605569317,0.0052014529982252235,0.00903603291747576,0.04223969367811875,-0.030023786512979298,0.033039174347975105,0.03968067778370162,0.0068990529280003295,0.036622523344143815,0.026701907019906965,0.07154772185169272
1184,-0.9612974987612606,-0.004138707387881872,-0.00538116152561568,-0.13940905407747045,-0.20456309902649544,0.40649268850255527,0.26856504744755066,0.026402166222112514,0.15447795380717205,-0.0691877965064276,0.004953531575700364,0.008762116840296397,0.028673673747464445,-0.02910106952154569,0.031240643318010856,0.02802261958570791,0.006684873748328213,0.00689899275281775,0.01798196398565897,0.06812835810788917
1185,-0.9614193437004769,-0.0041301155947301455,-0.00535495761550879,-0.2472477316932118,-0.20687623620300802,0.40661251352313627,0.26795805674101403,0.02625838688275162,0.2534158152634973,-0.0701286895370684,0.004910214277634035,0.008676833191814672,0.04660892068499584,-0.02941555759277171,0.030395533188919802,0.04340308017303484,0.006740430139063975,0.0506234966889499,0.02976450167618007,0.07056420388831988
1186,-0.9582082897623979,-0.004298467703378865,-0.00546826790269283,-0.2559818976854966,-0.20373925678295285,0.4034598117772772,0.27953221521260424,0.026788902341940545,0.2604676152895788,-0.06859414824692198,0.0057748672997497575,0.009446828244909585,0.050110718516967155,-0.030206488950294205,0.03407825419132479,0.0455614840784866,0.006777996740738991,0.05499803342250064,0.03018918947173256,0.0672675134161508
1187,-0.9614314060335423,-0.004160966226076511,-0.0052781470622261595,-0.1964148479538051,-0.2058303222433117,0.40662437672320284,0.27028985831275554,0.02582541060172423,0.20679222028321037,-0.06970898453992437,0.005066159317758973,0.008593177796832392,0.03842658766029515,-0.029485292022733253,0.027940994285562366,0.03559745849355737,0.006585122886597176,0.027641449279158774,0.024183715441945173,0.06945936896202651
1188,-0.9699542617961312,-0.004087181910274706,-0.0053529894997021155,-0.1700882518279162,-0.19502433195373112,0.415044077504961,0.26757431714055957,0.0265306185069568,0.1844860555256049,-0.06605425934146637,0.004695060638847295,0.008544267797774398,0.03335249213778265,-0.027141485528453278,0.030332217971999385,0.032293683834169945,0.0062569515088056575,0.01740118101634301,0.02010699149917623,0.05837671456118629
1189,-0.9657896036164693,-0.004211225539208115,-0.005448110354550744,-0.17330150622829762,-0.2063199154489757,0.41092045718441145,0.275582983424909,0.02693150470560516,0.18654673574175287,-0.07028070942085542,0.005322617691808534,0.009134526773584565,0.034988276702973685,-0.029962233800067288,0.03341772236776861,0.03331129230194687,0.006855093884632543,0.018590267911547383,0.021779858305213503,0.06997583687344314
1190,-0.9654972387816428,-0.0041949277388603845,-0.005470184469191665,-0.18894590923808383,-0.2040855153201664,0.41063164585247136,0.27424735091863944,0.027046711333019276,0.2008939006201995,-0.06935288877026576,0.005239128233447475,0.00913597791382249,0.03749413096460001,-0.029459806870056292,0.03414117850233192,0.0357366425989942,0.0067951180173131615,0.02462099828331217,0.02316537920931007,0.0676288951843264
1191,-0.9620660209344818,-0.004172411046228062,-0.005508978096907741,-0.15321644549412364,-0.20114421644400612,0.40724872680500335,0.27137000063194255,0.02714944823622065,0.16729481018338782,-0.06787706648499033,0.005124296707931506,0.009156384562312067,0.03125675023470256,-0.028794565800066958,0.03541937377428676,0.030698581708581644,0.0067290577759031855,0.011434950422211062,0.01907149455262301,0.06457892333444509
1192,-0.9646367249222161,-0.00423214966817805,-0.0055423263380072075,-0.16438946805779142,-0.20806986400971364,0.40978210303430807,0.2767699929673432,0.02742595224882142,0.17809179042709444,-0.07088789918943247,0.005430266232968116,0.009417137419207737,0.03365148302380187,-0.030422473392889043,0.036525053479245846,0.0325369320938842,0.007067243229310707,0.015333866377110227,0.021028926926358223,0.07183200549975362
1193,-0.9655895019898408,-0.004036401077041585,-0.005420718340551623,-0.24611533365457175,-0.2056466811763854,0.4107227781326273,0.26226573850306295,0.026769524710786058,0.2535837575275069,-0.06999149475043501,0.004443390764688167,0.008543224587846563,0.04531831636844124,-0.028477540631787805,0.03252386503489961,0.043747130115012786,0.006787112771648825,0.05006547401583089,0.029449483148031697,0.06926596806368661
1194,-0.9584644286421512,-0.004166815474203366,-0.00535210353345813,-0.1613082228972046,-0.20725966626205977,0.40371090536748044,0.26971978430240834,0.026144204341499482,0.1739739911053989,-0.07002765791822407,0.0050958530110253525,0.008779829033234423,0.03257359856906046,-0.02976900812804174,0.03030372327323612,0.031026368689875176,0.006751758995099454,0.014238238732876215,0.02060540924936589,0.07097065534506233
1195,-0.963681255220482,-0.004133594757188563,-0.0053541880691691,-0.17010620282761876,-0.20644022194391698,0.4088397105914501,0.2689856697265199,0.026329150359547273,0.18314663544446455,-0.07014791716717017,0.004927744696705915,0.00868546769475193,0.03376304542273534,-0.02937104218337947,0.030370773872751698,0.03230316746146776,0.0067216100746470085,0.017407776970649873,0.021452798719712663,0.07010293748017124
1196,-0.9670454262618644,-0.004080389672184495,-0.005550715520069783,-0.3021060436385576,-0.20862682034356062,0.4121620196598797,0.26608556976224185,0.027556227332133993,0.30566584328787927,-0.0713221799040882,0.004661221989703751,0.008967893539056167,0.05507243517883331,-0.029308463202348874,0.036804206089941664,0.05308366917541483,0.007103088140554486,0.0801700002764172,0.03596603200318322,0.07242610006634068
1197,-0.9609123674939959,-0.004107086058486269,-0.005380268374485476,-0.2349798188091356,-0.2080879362752666,0.40611404263704776,0.2660500427954007,0.026384280114809155,0.2420218029815209,-0.07057214529880139,0.0047945358386382855,0.008665280985294389,0.044300491556579044,-0.029432572578278575,0.031211773176820785,0.041826434345115564,0.006827190066414011,0.04468990645611076,0.028634716470503738,0.07185125758392547
1198,-0.9609935926011732,-0.004094712149573133,-0.005484317922342343,-0.16733397637820813,-0.2056654422760258,0.4061938872163005,0.2651441470031319,0.026973783328066957,0.18002395372742855,-0.06960512961188353,0.0047326396219760135,0.008862565330840242,0.03296268721257042,-0.02893807327438305,0.0346058558929574,0.032644653035043686,0.0068812742920784315,0.016395392152975318,0.021066491667970328,0.06928571822425124
1199,-0.9522189197089675,-0.00403297570448902,-0.005369775794030894,-0.14495472650127325,-0.2097109642432616,0.3976077247821089,0.25759000699983764,0.02603564875730409,0.15782140564329356,-0.07046467152459888,0.004426524180290291,0.00841980196523158,0.028776719362764505,-0.02910577883012145,0.030872954644598223,0.02876577103850612,0.0068776062305531465,0.008683346608190668,0.01910724093725256,0.07358714880539222
1200,-0.9492123719544319,-0.00416447496685055,-0.0053711602625425734,-0.241702170935793,-0.21168885011234476,0.3946840506916097,0.26639153556001177,0.02594325192401446,0.24484892373365455,-0.07098727464058499,0.005083966585410854,0.008816481928924706,0.04608121116811202,-0.03048693943860165,0.030917624684890007,0.04272851305363007,0.006960139083142672,0.04791078394195367,0.029917942425355653,0.07572104189748896
1201,-0.959911023506951,-0.004069206692191459,-0.005389909173452914,-0.21353840377667294,-0.20949864649232133,0.40513027733584195,0.262859940968895,0.026405184524268967,0.22210677946522378,-0.07105187727968143,0.0046056274644523795,0.008573301919846258,0.04034381825527814,-0.029361190254912573,0.03152364349743811,0.03879479753111871,0.006899094111607201,0.03491083709480551,0.026523341813327536,0.07335929011217784
1202,-0.9630054818424028,-0.004090486721024068,-0.0053369687493362,-0.1436884129715358,-0.205633009936028,0.40817375532549766,0.26549914683350306,0.026209397191979355,0.15872846958685294,-0.06976451340936807,0.004711544759976693,0.008518075532250506,0.029015782427623323,-0.028899620975900712,0.029817649680563,0.028416446149339112,0.006663590875772699,0.008271468161921655,0.018546150734729355,0.06925157724290364
1203,-0.9612479347506874,-0.00417047052287524,-0.005429830707868353,-0.26192377064406114,-0.20949748936527274,0.4064439505383545,0.2709443748977555,0.02667505863228189,0.26682521905423984,-0.07116817104981431,0.0051144283553661105,0.008968954847302618,0.04955794978508936,-0.030170511402794985,0.032820742291210826,0.046121505362566366,0.006958775493990353,0.058045398798049014,0.031770823147938075,0.07335804892784555
1204,-0.9425118840874943,-0.004135653013987392,-0.005487647504436467,-0.23536149907865533,-0.22055911013268975,0.3882018293006359,0.2619771862160312,0.026364280076946883,0.23723804483097746,-0.07389331462963847,0.004938122339004864,0.008995149073717335,0.044687637751284565,-0.031719068354005314,0.03471549217189423,0.04267970881286609,0.007504579561646375,0.04487080037955581,0.03057078820904143,0.08554046070211768
1205,-0.9509998411017629,-0.00424377016470095,-0.0054352846636913565,-0.20305316408398827,-0.22118568208728634,0.39642112460444096,0.2729179602617218,0.026360621562758174,0.2102954138574249,-0.07492354509413922,0.005490273462602386,0.009203364340483059,0.0403765324137099,-0.03273568619488972,0.0329986578993191,0.03757694089395556,0.007447826364923655,0.030402627385726872,0.02696397850066048,0.08624950805941692
1206,-0.9351251440635967,-0.00419459641055062,-0.005411857504789388,-0.2836915786132952,-0.22337149843164925,0.38110942048336194,0.2638019268298962,0.025697358455082125,0.27828447188072925,-0.07431381126079713,0.005237434174583345,0.009000480442518808,0.053544830527580134,-0.03268635415211756,0.032235639484194265,0.04913836242426546,0.00750035644442645,0.0697028766148951,0.03659136506567576,0.0887389823952221
1207,-0.9462174345148454,-0.004225104830731948,-0.005261650973839206,-0.1950140743405657,-0.22210262118136287,0.391780944266314,0.2698727100133604,0.025235504558291107,0.20185370034675393,-0.07484524504476321,0.005393964901179762,0.008743679831151357,0.03881681615966866,-0.032732650348728784,0.027418265333113884,0.03529320066624772,0.00720993843359204,0.027068018516760724,0.02616275535710286,0.08729081329975598
1208,-0.935146791856428,-0.004172594200726527,-0.005234475900939949,-0.15679364481642594,-0.22559211795478773,0.38113012340620517,0.26219505600384946,0.024724882123973915,0.1651041356313356,-0.07518448321430489,0.005125228352767027,0.00852722326395624,0.031861285463001154,-0.03286858769244102,0.02656054496025125,0.029740100028686812,0.0073053034282855485,0.012661008267782983,0.02215139388660289,0.091293467053741
1209,-0.9488756911090416,-0.00419875844129166,-0.005314483483549305,-0.24298234435548502,-0.22038874667962344,0.39435723123234984,0.26882947486536385,0.02561647409552998,0.24591171542120507,-0.074411188047387,0.005258723759706582,0.008788291180170008,0.046695408015411506,-0.03222196399331813,0.02909793252734585,0.04248082955305549,0.007224784161838898,0.04853253598872994,0.03141494370191374,0.08534802442294158
1210,-0.9435639991268134,-0.004280670650487969,-0.005378293597591697,-0.26701555836489016,-0.22311404247296993,0.3892166046280979,0.27306982987800754,0.02579462616088116,0.26602213490343074,-0.07499862499696071,0.005681880880329241,0.009181056273746624,0.05180135809484795,-0.03337662823527782,0.031147956905008687,0.04643874055629367,0.007436284952780289,0.060702759913882076,0.03461805546560557,0.08844447281403969
1211,-0.9464922907158558,-0.0041363532093650155,-0.0053954273618223745,-0.262450864685135,-0.22020435290857587,0.392046986911732,0.2633762396694279,0.025987431691385548,0.2628069927717303,-0.07411906043466449,0.004941653833736645,0.008787509152507275,0.049223927229961856,-0.03166636531290602,0.03170239143038235,0.045918712853443386,0.007344731856972656,0.0583185158958141,0.03360695027240009,0.08513990963247195
1212,-0.9402739341385367,-0.0043438076326383825,-0.005455402088327741,-0.2354947599066512,-0.2245608788535658,0.38604710495157263,0.2765766037703429,0.02611030831094863,0.2367331855030375,-0.07526147353897177,0.006013449538946388,0.009554196918082047,0.04707023603440046,-0.03416516930907908,0.03365639210733192,0.04245954540737924,0.007618983832026821,0.044934014300594745,0.031194350731064614,0.09010400311527013
1213,-0.929130924609468,-0.004301158708700737,-0.005312141756135534,-0.23643159199987815,-0.22935155238179508,0.37539544587370827,0.26951306444762824,0.024952740091588273,0.2344530833824991,-0.07607926129224421,0.005788959855297055,0.009086176866375676,0.04674927045357504,-0.034621253092669814,0.029023144401001278,0.04152794739665874,0.00758187194461915,0.04537923252531282,0.03203397161524304,0.09567641804054772
1214,-0.9382353153294487,-0.0042574294490691205,-0.005301718221248255,-0.2643228432698031,-0.22686619033130706,0.3840887989302661,0.26949440793044865,0.025195399217380447,0.26196326352519106,-0.07597525579018702,0.005561012575926683,0.008932276206744598,0.051046290853923475,-0.03381595402249522,0.028690628030799505,0.04542377377822374,0.007464925019543482,0.05929216837489195,0.034933898792225956,0.09277063849335693
1215,-0.9408303429951798,-0.004207375390732352,-0.005442311778715263,-0.12009349334043375,-0.2257924616755716,0.3865823389715048,0.2667026586496078,0.026056856556504106,0.133324151915369,-0.07579832823784458,0.005302866086564457,0.009109435135178711,0.025911741665832752,-0.033201909369740656,0.033228143771480714,0.025505147602207227,0.007648706426805337,0.0010770469304593484,0.0178796829377837,0.09152518965366574
1216,-0.937135604922709,-0.004202863044894017,-0.005361005261316223,-0.12880532031490327,-0.22936427609804,0.38303419374676745,0.265099516377326,0.02548520184124086,0.14049061748383182,-0.07685043873936508,0.005279739616596521,0.008907926334008538,0.027359904282265524,-0.03376217945532895,0.0305902278953067,0.026395600292152436,0.007662513238469919,0.003627305367023359,0.019242121203604783,0.09569137648538593
1217,-0.9279878888156481,-0.00420592434212087,-0.005398032087104422,-0.2998627541087003,-0.23129182707737986,0.3743100607318531,0.26217792194779127,0.02538266602495248,0.29027361514646915,-0.07672297771922919,0.005295426616872578,0.009002671337125156,0.056441869527400226,-0.03411258344056762,0.031786825703749494,0.051362273908088146,0.007802018333001412,0.07886518781193945,0.03993420337983166,0.09796717031897258
1218,-0.9404514454634186,-0.004229014682660551,-0.005239643161931496,-0.14862965366087302,-0.2287960504720631,0.38621782614464084,0.2681690413243081,0.02492577143868664,0.15885923291870496,-0.07694429182823463,0.005414104738067501,0.008704007005179142,0.030933070155605116,-0.03389542130938166,0.026723311729741458,0.028617991774644573,0.007440922276486069,0.009893504815803731,0.021538188407839817,0.09502416908083354
1219,-0.9453912981556609,-0.004175668228981251,-0.005381805971373406,-0.2486346613097793,-0.2283176822971113,0.3909817683234523,0.2659200128866147,0.025875045012064148,0.2500113852676945,-0.07722676875829053,0.005140870800661038,0.008874425126597602,0.04738037200366568,-0.033349431698619966,0.031261477170766314,0.04381126543832358,0.007653967944919724,0.05130980657280435,0.03332020897448607,0.09446376998797153
1220,-0.9435563410931285,-0.004232457383533119,-0.005357197981655488,-0.18329635202486702,-0.22634090533380707,0.38920921425066635,0.2694976419353894,0.025677579266920204,0.19066807025193974,-0.07627164368990284,0.005431853194017982,0.008987493460549967,0.03688572639096979,-0.03351084325566096,0.030467633878536002,0.03421843547580168,0.007533586085320517,0.022396955162371737,0.025342746790935868,0.0921605982672811
1221,-0.9338846004993563,-0.004146733336213058,-0.005392176318424338,-0.22349106876932315,-0.2244295682755906,0.37992383162186033,0.25986939031261413,0.025547909790784057,0.22425758658618478,-0.07461153001875977,0.004994074752868414,0.008811299949830105,0.042824100879795636,-0.03245326813472214,0.031597060851416,0.040251400577882006,0.0075121378428888936,0.03935651336238657,0.029778541830569796,0.0899529411527107
1222,-0.9344288397428314,-0.0042506877312880175,-0.005313510782863233,-0.2603864663817645,-0.22869032533941328,0.38044376607146496,0.26767525299018835,0.02513484008511242,0.2572867782187566,-0.0763279093729094,0.0055260708450776,0.008939888842194462,0.05028662124707912,-0.03406691117714675,0.029066863408047417,0.044958190486287526,0.007557494198857024,0.05725143186525618,0.034772236604041905,0.09490021196958749
1223,-0.9423778957624708,-0.00419778748051049,-0.005585762846031163,-0.17256171514840324,-0.22705608239303532,0.3880726782694464,0.2665262185951739,0.026902235763124463,0.18074880170982158,-0.07644228787185914,0.005253755280826967,0.009411381354794274,0.034743143602853584,-0.03333095342482821,0.037974784193067566,0.034004532394457165,0.007933604245053476,0.018315005775364424,0.024168831578841934,0.09299152195939146
1224,-0.7743957734775123,-0.004486718071944074,-0.0051708771372940545,-0.1657635232922478,-0.2976297332816449,0.24073154093140553,0.22637147628854998,0.019212824646911625,0.1390275047249373,-0.08334279084320939,0.0067813306341625865,0.009288081938074046,0.03607864572074203,-0.04844997182739167,0.024569755278015016,0.030643360077992503,0.01002883347132878,0.015827461739477654,0.03151689911548907,0.18803255109130917
1225,-0.9328751162274601,-0.004358693472349133,-0.005404723406619322,-0.2620287758623364,-0.23040503749055236,0.37896023875707774,0.2750402158231027,0.025582834091513747,0.2582771360508007,-0.07684873497746128,0.0060923090116925165,0.009478141619225855,0.05190529812111704,-0.03530840894804081,0.032003908688546814,0.04593301880676088,0.007776795011779862,0.05809977164518594,0.03525140389324805,0.09691777489480735
1226,-0.9361742089163291,-0.0042160560871009455,-0.005333139108323946,-0.14863643494966497,-0.22804734750908975,0.3821132527015652,0.2657380874677327,0.02530018354752866,0.1580291215274685,-0.07624268792833944,0.005347423577624361,0.008882773681749234,0.0308313107159503,-0.03365618482530559,0.02969486406474809,0.029105904823792002,0.007563606985900749,0.009895758333068685,0.021459276131658392,0.09414760281399004
1227,-0.7689528826792338,-0.004629261692453793,-0.005189834899598706,-0.22503212604352374,-0.2966856271309151,0.23644466581142837,0.2329604167952557,0.01912335857475129,0.18125515571502882,-0.08236183182114813,0.007571251424276886,0.009747649855461104,0.04835640330896902,-0.049901076076501294,0.02516074945803788,0.03902417081584775,0.0100321153461366,0.040059369978571284,0.04054548627281247,0.18659067454925965
1228,-0.4125010461222724,-0.004279064656426081,-0.004800302462503765,-0.148601682478398,-0.20487046112577148,0.022282438635173974,0.08719673443710384,0.006703060584406728,0.055638133230559696,-0.02245473589212895,0.005673508236478041,0.00781754615592644,0.03132572356024498,-0.030248792841322626,0.013431506172362943,0.026326211649279785,0.00584778802463603,0.009884210395457964,0.018987887621273507,0.06845042676345447
1229,-0.35982770160181266,-0.0038752843898915246,-0.005123926578355429,-0.4144882894318995,-0.10846550790878912,0.0017585167746622264,0.057544896908035506,0.005799785108863786,0.13522463313827848,-0.0036649956413540613,0.003665042159506735,0.007422824837204363,0.069850983460516,-0.012141450994342707,0.02311498432770705,0.06467905908764292,0.002571851699672093,0.15607849176966482,0.023476238188333068,-0.00854530587524032
1230,-0.4918821487526864,-0.0038425211262152256,-0.004979599541377957,-0.31530739452065515,-0.054076986929408204,0.05862355881070655,0.09825815623288894,0.009591514607040677,0.148703812856227,0.001531450849190078,0.0035105124272313292,0.007023329616287249,0.05381051297840684,-0.003641080870485195,0.018722189787094175,0.04963261891962822,0.00040294435852341313,0.0880154270298062,0.007429662846590999,-0.030717740926310383
1231,-0.5415819411261782,-0.003746491260551344,-0.004927344119276656,-0.13393786959158593,-0.06029122004322722,0.08468768301699005,0.10987124823790868,0.010966607267836874,0.0733458851130319,-0.0009457156560987747,0.003064880552379474,0.006647878221732169,0.024869078736727272,-0.004383100979720546,0.01716119490463472,0.025039471752126577,0.0006163515469067926,0.005187928919202948,0.0031536729387290313,-0.02896064622653972
1232,-0.5682461358430996,-0.0036454544199651857,-0.004950705270953975,-0.2546242777388651,-0.0631789764464209,0.09972220369120159,0.11359594584326038,0.011861982471626573,0.14319629773048895,-0.0022768078038588476,0.0026077628709127946,0.006416356487027877,0.0419818705789151,-0.004580274168322894,0.017857111997139952,0.04125960351404321,0.0007347797520983338,0.05430986998119825,0.007268595096098189,-0.028075969309300928
1233,-0.5763849120968245,-0.003894862661422248,-0.0048938571516354565,0.03697073484353831,-0.054651737741081556,0.10445742892893628,0.1272470355766053,0.01192166327066223,-0.013752029737222449,-0.0004408569546522462,0.003757988853884676,0.006985068118406532,-0.0009932435360281286,-0.0038346678506746704,0.016169096407988158,0.002316782782571868,0.0003924514680977042,-0.023594777829938213,-0.0020625333634599037,-0.030563632830590517
1234,-0.4783917468779548,-0.0031966686044918916,0.000785669526949751,0.02604455643116382,0.0021741947185625254,0.051988771337217625,0.06998236150823092,-0.00686266554775539,-0.01045740998596285,0.012979874052445523,0.0007229427832006617,-0.005006427448644355,-4.484421515819155e-05,0.004891144557665509,-0.05900404903764985,-0.00037446417620254086,-0.0015243597427820163,-0.023185081532351395,-0.0026101403401585475,-0.03751190352539155
1235,0.04022549341079864,-5.4694875105817395e-05,0.0019867446998909142,-0.42107552928111586,0.03966898786392746,-0.06063734026519851,-0.05478443232359265,-0.004877348428861218,-0.045692540782975966,0.011146277411921299,-0.0058153150085662264,-0.0042378804073047085,-0.00016984449695498372,0.00458257721495509,-0.05119155395738753,-0.021136628995075086,-0.0010120220336062118,0.16116912087117397,-0.013092187618058025,-0.032926382628584085
1236,0.07367898078317252,0.0011567949227986026,0.0037302309856568966,-0.41753621345642394,0.08460043187107677,-0.05836962487151897,-0.04738861116694013,-0.0036830671219385378,-0.06072675534803995,0.00898521664834971,-0.005224098586501068,-0.002173868635018587,-0.022559841378956537,0.0008305733425843275,-0.02512205810835801,-0.0420850600265267,0.000652088869646658,0.15842510471544824,-0.02413285034131797,-0.01782825108792038
1237,0.0569425121510776,0.0006688907308078531,0.002281941925096039,-0.3044394622850991,0.08382501182347037,-0.0596485532284891,-0.051276530397211764,-0.004590887005591654,-0.04597271510729232,0.009623371772594624,-0.005670526242149538,-0.003486537071323116,-0.011203024196909462,0.0024919938463168426,-0.048004197593929064,-0.018665810643457622,-0.0002734603282965501,0.08153597537030095,-0.018812119158020172,-0.01817759412019883
1238,0.16927921301892265,0.0002372194758903452,0.0036104740926491768,0.014469804508881561,0.07198153982795279,-0.045521082602797,-0.0526343567152351,-0.0018404100878224108,-0.030134412449766928,0.006411186095834049,-0.005831261437340753,-0.0038823098186110522,-0.0039009052054136506,0.003980526470223539,-0.027470607850575892,-0.00342727617285771,0.00026999615335138643,-0.022537946304954187,-0.004101775604571134,-0.02312580460127808
1239,0.16224990227755193,-0.00033193287178684774,-0.004945072417031854,-0.16005240573333782,0.021246820476988067,-0.04678716583359053,-0.060395942681210645,-0.010642452284760691,-0.05859055939665922,0.010295138669120544,-0.005707059177500384,-0.0027616472445403805,0.00019310155648336183,0.004701871587175144,0.017689025579424138,0.028606694913166877,-0.002441873466527346,0.013796152783817317,-0.005226838031133266,-0.03609043051619058
1240,0.14422613341961554,0.003601675107394522,0.004008393545893971,-0.13261860640791587,0.09414119002685466,-0.04980044459827367,-0.012081158000839396,-0.001978202911711445,-0.050829263711040615,0.005769778232648635,0.001244089437389459,0.0028643488933102514,-0.029087100544631934,-0.008692354099441149,-0.01934946021402325,-0.01800479982319742,0.0010868644544397858,0.004782671825017421,-0.012031940810465495,-0.013274728481683491
1241,0.15771759484581402,0.002522194888735767,0.003915121458420382,-0.14623590231351463,0.0537433250572493,-0.04757645483120105,-0.022608115252671077,-0.001770052510110396,-0.05544076490211367,0.008057240995325643,-0.002481540065816175,0.0005880845754611945,-0.022460207533993613,-0.0009304162469759196,-0.02133457517902827,-0.018836574869659953,-4.8697685274434506e-05,0.009102729872351287,-0.008472716678397461,-0.029323147757879312
1242,0.1648312638904702,0.001005905818099141,-0.00495592144170584,-0.22746682005459729,0.021768030329540958,-0.04632815063476155,-0.04210460890755636,-0.01073306068180596,-0.07038760242643172,0.010230887413819353,-0.005392168012284535,-0.00646771331499038,-0.013319057625988062,0.003448194340233836,0.01801292679425792,0.03767278054587836,-0.0024633866809030715,0.04117772384335414,-0.006148990659947058,-0.03602510434891579
1243,0.15382304130109262,0.0027400295103884014,0.004598724790733949,-0.1348655820335224,0.04178879148360189,-0.04823774115405921,-0.02053960024995227,-0.001196511036616199,-0.05290907079843349,0.008970425300544914,-0.0018404817156129321,0.001959620962393519,-0.02301242182924319,-0.00020285974087038558,-0.005627618984101508,-0.021087385948609413,-0.00014560951890961742,0.005474613505594586,-0.006949921881332293,-0.03244939112545723
1244,0.0894342680452118,0.0015225492952905526,0.003994993135627063,-0.15868174846906813,0.10091032028808686,-0.05690144638714702,-0.043273868463561134,-0.003204693841358716,-0.043425343775943884,0.007728798552554305,-0.004705192554543321,-0.0013017034868158927,-0.015289050228459604,-0.001276016914301568,-0.019637732603222283,-0.0204423491570404,0.001260725142283032,0.013316585483234859,-0.014111246752113046,-0.009757748981489126
1245,0.16250838785284671,0.004876040381406715,0.003362997144082578,-0.17551246235131057,0.07856721600049477,-0.046741512095304374,0.010214979922942001,-0.002225996188714335,-0.06119252073658694,0.006148460323459297,0.0074124063586014245,0.0037840901718890186,-0.046359487484246766,-0.010607968423423715,-0.03206313320216316,-0.01833063389244345,0.0002845479612307964,0.019418261020268626,-0.01233148726963407,-0.020464089115114423
1246,0.16622089251444241,0.0009309062470014086,0.004147768851752505,-0.17809620623757452,0.0769916012116721,-0.046078199991725535,-0.04304809484977116,-0.0013445955432490806,-0.06244953987244758,0.006137511261974537,-0.005465709989367787,-0.002415667439623431,-0.010960181535985386,0.0018257077838123037,-0.016290099965194,-0.023217119395316548,0.0007012571257695745,0.02039599875947185,-0.012249435727477173,-0.02112136989952995
1247,0.17074900072560853,0.0019985060754330033,0.0033863285574268075,-0.14555344217733082,0.06608651955030859,-0.045249904291110955,-0.02759011094013088,-0.0020494053131262075,-0.0578403530593715,0.006811564425647929,-0.003793537392650142,-0.0009565338739659654,-0.01830054898210661,-0.0006765628998666375,-0.031645166926480464,-0.016060150758875066,1.5347310125212905e-05,0.008878997324856306,-0.009746790960977561,-0.02531760473946244
1248,0.1669269750091167,0.002819085881975073,0.002594483953182704,-0.23798105001229028,0.14778555955493133,-0.04595043410164,-0.016739125513130646,-0.0029439900371183926,-0.07273436643495844,0.0008635219850418625,-0.0015939791759694403,-0.0007180299971146906,-0.03441265762494536,-0.011324093373943139,-0.04408461470548397,-0.017550581673200956,0.0010055531372694865,0.04611874628594209,-0.025604762623098784,0.021117073793484584
1249,0.14443578743662464,0.003642060089880751,0.004412192127247413,-0.1417930737608653,0.05249190349393804,-0.049767321613292816,-0.011533819020986064,-0.0016073046011465001,-0.052219790385887054,0.008454485987856808,0.0014101582351538423,0.003698267897365881,-0.030640087979202566,-0.0032021987869467372,-0.010179538840941731,-0.02092086039105297,0.000116453942649121,0.007659897727910771,-0.008212565236355345,-0.029685138860056217
1250,0.13768582567572898,0.0024308838718916335,0.0029320433848599465,-0.09792967309828976,0.16129691548002503,-0.05081095337919375,-0.027449883767190843,-0.003056870931102972,-0.044762065207330407,0.0018858383502366987,-0.00273359888006279,-0.0007898750652169148,-0.017410597880996727,-0.010264426368542178,-0.03922169473695157,-0.010456970269367287,0.0016347762513368666,-0.004851104458845456,-0.015635881055244057,0.03213207030906111
1251,0.163882763189425,0.00229166123051253,0.0030750982715877207,-0.22524304405366288,0.04698569901892015,-0.046497611505297076,-0.024594943467436573,-0.002494953647225853,-0.06976065208495938,0.008402885500215064,-0.0030989756543434188,-0.0008244082401909293,-0.027307532245025596,0.00013474625349391237,-0.03696357422456651,-0.020233004428918677,-0.0005293939798722595,0.04015586937928157,-0.0098184611956774,-0.031181403797560802
1252,0.17936924959219777,0.0023292263920143487,-0.004729087347651635,-0.2615760230965839,0.04033640532131911,-0.04361455950400781,-0.02139344691537344,-0.010928835250813165,-0.08050974828639257,0.00860630541707813,-0.003002642842942538,-0.009871638681090568,-0.03083297606540489,0.000625904659633148,0.011381279917587335,0.04039115104466559,-0.0030924156150854967,0.05786546016138302,-0.009662553925075885,-0.032778715950104446
1253,0.17856086374806684,0.002224003640747945,0.0030134453056784353,0.021990207749205282,0.14631778466082604,-0.04377117764573543,-0.02309435782952164,-0.00231798275967133,-0.02913544354653378,0.0002405492847948612,-0.003268277118498747,-0.0009945134229182642,-0.006391583061237866,-0.0077455466552576865,-0.03795116444151234,-0.002282949628213268,0.0014321771460934834,-0.022983356261163983,-0.005071460348385056,0.019977494056249514
1254,0.19419899115748485,0.0019246981317104382,0.0043047442665828765,-0.19092318369897596,0.05119428178929917,-0.04062171758233589,-0.025320126181812078,-0.0005105682603517987,-0.07121867050823003,0.007406791839906488,-0.003952425301681369,-0.00020604000855780464,-0.020894612178398435,0.000548181529239417,-0.012710943296297366,-0.025486506000329322,3.555312936097928e-05,0.02541172579678424,-0.009466451330815097,-0.03005191725870183
1255,0.18925194291442574,0.0022489690900964507,0.003846279609548641,-0.15081433341847753,0.06648631873582907,-0.0416453334905936,-0.020936366556539906,-0.0011667810209323281,-0.06240545027073502,0.006241044209247153,-0.0032064343195744942,-2.1894123577544754e-05,-0.02069399386080578,-0.0013746770651751246,-0.022767721434633223,-0.018904288341310173,0.0002544664681361409,0.010623397971422567,-0.009979459250094008,-0.02517465396617311
1256,0.20062663006339312,-0.0006041563600556314,0.0035859744781377113,-0.23191777045056106,0.0696981312501462,-0.03925400881314911,-0.06633599518017194,-0.00124741352466238,-0.08099939063102182,0.00562504351266051,-0.005512497501477793,-0.005376353388590946,0.004561477145392405,0.006342330732097982,-0.027940929564562123,-0.02446834891557821,0.00020171088175920213,0.0432473050689552,-0.013402295578592615,-0.023996171782667986
1257,0.19988863245726451,-0.0010507295485462683,0.004145884645472158,-0.10318741244880725,0.025285582084133205,-0.0394132113485998,-0.07367023309465048,-0.0005702828066769793,-0.05494187554703103,0.009559448736718481,-0.005003908795825938,-0.0065227687387662305,0.0035798610025578924,0.00555153558961758,-0.01633220251607924,-0.015725360041307708,-0.0007559731174280293,-0.0035175548574144662,-0.004847741333814401,-0.03554739266280359
1258,0.20241331208803698,0.001259524985211558,0.003041573049946815,-0.0636437892922044,0.06734534779399894,-0.03886625340551888,-0.035279466349171555,-0.0018928229588216277,-0.04728695606727955,0.005780196541110994,-0.005094297157379604,-0.0023949639214709746,-0.00892617060171162,0.001232347707239311,-0.0375033046023496,-0.008432292584794436,-0.0001306986471869642,-0.012437785791439119,-0.006872050034651121,-0.024864698639091656
1259,0.20925554071620991,0.0007387290913729969,0.0038368276291685308,-0.05645360058797953,0.07212160404640709,-0.03735084168737593,-0.043661611122467456,-0.0007532590475675038,-0.04655579352471645,0.005138361096952653,-0.005623853770335193,-0.0029135792999624645,-0.00635219795079337,0.0025304812746054475,-0.02296236915602324,-0.010179525541516176,0.00039584166041379805,-0.013784776739670646,-0.006885786920140408,-0.023071536141590562
1260,0.2068434075276677,0.00047099383744382583,0.0037221389959642857,-0.05675318914518891,0.060327015512869876,-0.0378905947623441,-0.04834702691323937,-0.0009508670789779771,-0.04636048166127123,0.006288030067811888,-0.005771513844687299,-0.0034446882882020156,-0.005195065442273346,0.0034563135616467087,-0.025283342333350854,-0.009880028281982936,3.7795266051027156e-05,-0.01373034185889372,-0.006209987429645807,-0.027284968245947516
1261,0.19412112910441146,-0.0002323895346505954,0.0030260522538009204,-0.11440779223739438,0.13727023584714806,-0.04063802405508813,-0.05998191723212421,-0.0020484264991255624,-0.0562578912850025,3.6610399874293146e-05,-0.005756366587297175,-0.004606528109014025,-0.0013023661758759962,0.006268774533745968,-0.037750993553997254,-0.011996554943427546,0.0012642536731354661,-0.0005203720918210919,-0.014925576702579803,0.013199670754046244
1262,0.21143177042622316,0.0016549325731567161,0.003560820887302981,-0.19242405325749365,0.07724350221256118,-0.03685872179443573,-0.02758434302156821,-0.0010669055482944538,-0.07560737015681501,0.004593543396998498,-0.0044784629438305015,-0.001388659805551741,-0.018395022412140086,-0.0004179846651183998,-0.028420222485021747,-0.020932370472247688,0.00036910554990893794,0.026016206973914213,-0.012880456814310532,-0.021017151917666774
1263,0.186866697149931,0.00509055736608154,0.0028524871829061177,-0.11742891348152419,0.17658746423553567,-0.04212984819812393,0.02267859857343665,-0.002368612162708992,-0.05564760889603098,-0.0027816459757451046,0.008639204095107187,0.002793406547518243,-0.037036444816976585,-0.03004540954456407,-0.04042667877220235,-0.011446421107033311,0.0018279809097786533,0.0003218359302233254,-0.018690077720324116,0.045739470024198606
1264,0.19977000697260916,0.000371395622746661,0.004822706537145426,-0.1306300871239835,0.02530236920031385,-0.039438749059952254,-0.050178288783510834,0.0002626358445357133,-0.060432297478962525,0.009559370764974035,-0.00580485478675237,-0.0034916299068230893,-0.005437692345354592,0.004015330638427901,0.00010196084528971567,-0.02167834862659733,-0.0006185978702052417,0.004177212107629377,-0.005251510615383778,-0.03554495899386138
1265,0.20740783024830484,0.0026047808340614394,0.003119310184467923,-0.05317969085840599,0.07180047659623164,-0.03776483451400184,-0.011810360901635971,-0.001710833718623824,-0.04567732731271983,0.005226009127945944,-0.002245091724915649,-0.00029596373945313354,-0.014128439707231218,-0.0028323182245665064,-0.036241935844936804,-0.0078982744067292,1.0494510136407533e-06,-0.014370068689297927,-0.006739291141673135,-0.023195807531540467
1266,0.21284805294377784,0.001793541433881742,0.003976563177849107,-0.16541536643996807,0.07823355380062563,-0.03653582573129739,-0.024982008265823655,-0.0004936528519115355,-0.07018257349202278,0.004453138421084244,-0.004218905916044173,-0.0007781668499609363,-0.017983889024019144,-0.0009094083839009035,-0.020032518611831453,-0.0209847974595271,0.0006360689475639849,0.015702102726151128,-0.011862968509745735,-0.020604353576646688
1267,0.19365762132814782,0.00226351787966546,0.003150469992804753,-0.09412317395542308,0.13268163521801815,-0.04073496591690446,-0.019966493590657018,-0.0019069280343772615,-0.052230300422050166,0.0004560879390468,-0.0031700557624683304,-0.0007814009201060546,-0.016096785423725866,-0.006852625234307988,-0.035726599296274024,-0.011027583249892385,0.0012940034667649576,-0.005788334233115275,-0.013079829588036471,0.009924439661348998
1268,0.189517209571495,0.00435280825363217,0.0033575978327714706,-0.14387168379404422,0.06688633562984325,-0.04159108700024102,0.01213630914782406,-0.0017348256072514225,-0.06113283718285412,0.006199817571875718,0.004647886651290167,0.0029057702113466314,-0.03643733368409289,-0.007062326433721467,-0.032159413107192884,-0.015778844447043062,1.9023782777241413e-05,0.008330916016065608,-0.00976932735442115,-0.025030795756452544
1269,0.20812549108130696,-0.0005334165767446063,0.0034305343005581225,-0.13095359521418276,0.06522761030754197,-0.037604456036607024,-0.06556168090976479,-0.0012989897307434967,-0.061988470498315226,0.005805243473035156,-0.005571466688394747,-0.005195338416618639,0.0011196094215146152,0.006028567693934547,-0.03084468587840754,-0.01509681356902058,1.7585945731881237e-05,0.004275272325640614,-0.009137010723377187,-0.025621909972475758
1270,0.19584415506708433,-0.0007587650454538344,0.004247048267812664,-0.07656757679634477,0.019812683826250316,-0.0402757115251981,-0.06855975429887051,-0.0005409828498842783,-0.04908551995761346,0.010079880709672917,-0.005363055277930697,-0.005966026827772362,0.0008468572934137291,0.0050465903968610944,-0.014042888810761855,-0.013406944572497057,-0.0008936553905972727,-0.009803962257190898,-0.004081762762788856,-0.03626290765914275
1271,0.2118950401553888,-0.0005394294594577542,0.004026190344004142,-0.05826191261535304,0.07047008765287029,-0.03675332952741158,-0.06586703934490268,-0.0004498336106008895,-0.04722163375865198,0.005208853928290941,-0.005566683967880847,-0.005420134912185075,-0.0007615545717658022,0.006181512193837089,-0.018965018928260618,-0.010893076095437873,0.000453195251845405,-0.013453976104190364,-0.006859116102614237,-0.02370495045603608
1272,0.20884046881999513,-0.0007425190976275291,0.004606201668348478,-0.1629016619706473,0.07757026059836249,-0.037444148462301916,-0.06920238316384572,0.00022918417579961568,-0.06880784057271129,0.004650954875007502,-0.0053800847755934205,-0.006099719448409079,0.0037353978274526365,0.006997040609387333,-0.005441000492512291,-0.024254441415052574,0.0009836135632391727,0.014802893057345298,-0.011680760156656622,-0.020881473210155783
1273,0.16135350415221705,0.0034671423648495385,0.0033245011171133287,-0.06860184822157543,0.008568835475604494,-0.04694495338536762,-0.009194321520644963,-0.002286041250818236,-0.043431543761097,0.011214580428341793,0.000704757804722765,0.0013834503752378211,-0.019766076463306578,0.0028229437328909173,-0.03274593461467991,-0.009679742487241705,-0.0012934715849506184,-0.011459668680973357,-0.003262594640756187,-0.0372455289821664
1274,0.2077624453616751,-0.0002827598571712433,0.003880679512659944,-0.1884684155098044,0.06201453522184587,-0.03768565373598873,-0.061245125698621256,-0.0007287336484928996,-0.07391089708997169,0.006109340211373055,-0.005732877925059016,-0.004872069057551897,0.00024775340191022447,0.005318690040680986,-0.022054985109099257,-0.022589437830272292,0.00015431662728690047,0.024431003964713826,-0.010775183206254507,-0.026726353557998572
1275,0.1851000055272592,-0.00037548552585463225,0.004415615101984975,-0.15558869279131876,0.0680447341540279,-0.04248492998549609,-0.06191403489969353,-0.000601663521679013,-0.062475943964268296,0.006234733159852534,-0.0056818083927770695,-0.0051971944174816825,0.00046887538501795827,0.005670041223900271,-0.010097806889202646,-0.02241118733078018,0.0005861632801323266,0.012245681073843892,-0.010324175398777738,-0.024609519513337272
1276,0.16792823191463624,0.005062449978424076,0.0039838278008437296,-0.005411570876655223,0.0393633909322243,-0.045768373935152665,0.01485662372763876,-0.0014767098624212283,-0.03346363413485994,0.00888659153620888,0.008475369424118005,0.005720045896469701,-0.015270097058023001,-0.0037309951826002136,-0.019877136666696337,-0.005712595495743221,-0.0004087764393267387,-0.020914638555495753,-0.00385660420647773,-0.032993225189945026
1277,0.20313176615265965,-0.00026759828721461876,0.0037764492174802156,-0.06971664150930235,0.0637493195889789,-0.038709401627902706,-0.0608366152242165,-0.0009589940798076513,-0.04860724921149358,0.006080621938500081,-0.005740263063678711,-0.004820315676510726,-0.0017780663930088937,0.0053079556684312015,-0.024193665137814954,-0.011206608274932112,0.00014977371151894204,-0.01123420437814316,-0.006860903550451951,-0.026136698655532073
1278,0.1692039562836764,0.010986589237514393,0.0035248705279951748,0.006561813119132226,0.09371600891199311,-0.04553490758166693,0.0988273461552337,-0.001932103331155899,-0.031486126403293103,0.004780783791120348,0.06361778359797791,0.014834765643481658,-0.024052659794802395,-0.036143427402393534,-0.029098941729788805,-0.004003299314092416,0.0007382291566783117,-0.02196974222670307,-0.0049566925650333105,-0.013487704635962211
1279,0.18154568166145257,-0.00023536208288394239,0.004180782183953232,-0.05974629853628704,0.06351081372372111,-0.043189540537511124,-0.05965827567033324,-0.0009538888599516937,-0.04420101302124381,0.006705078512175051,-0.00575506356962607,-0.004840107218986667,-0.002080004776393775,0.005221777391398939,-0.015549112410200629,-0.011489446166433456,0.00033722945790092977,-0.013178432829326724,-0.006499434833647054,-0.026218692387158522
1280,0.18839868059907613,0.0027830988147279066,-0.005563808701426378,-0.16323248379988659,0.03625935754127696,-0.04181933127759054,-0.012741020396967801,-0.012169620656060995,-0.06459352303591664,0.008781700959082515,-0.0017071036315775049,-0.012250430137917469,-0.026266529303716035,0.00028852481313497864,0.037240692691126356,0.0324848893195244,-0.0031804980031792246,0.01492064467420296,-0.006980025922142333,-0.03364472082516103
1281,0.14959352075028798,0.00462386568495061,0.0035016381843490647,-0.06808657083585372,0.06851018309187869,-0.04893816859122252,0.0022068408166835618,-0.002333912509894347,-0.041960123142801106,0.007263657548471547,0.00603969528095144,0.003697667201743713,-0.02524143239653146,-0.008072477059186614,-0.029533608436379373,-0.01019574983119248,0.00012964954309366576,-0.011563194992782397,-0.007109960002413591,-0.024438289304278563
1282,0.1803646628233502,0.003354567838686636,0.004245313946373991,-0.11339850304934314,0.11602335598338052,-0.04342077956976353,-0.005866977198478358,-0.000909103726139947,-0.053838127901608836,0.0025456742199434007,0.0002698701993497877,0.0027760467254080465,-0.02486098969468946,-0.010488567659152688,-0.014082630913908295,-0.0171730491557973,0.0018847438286865924,-0.000798406287154707,-0.012981891443010143,-0.0010480881663842308
1283,0.18622878635515078,0.0034531239892123837,0.004524520962264191,-0.03460996708022921,0.06626409986536819,-0.04225843154279767,-0.0028513722780121563,-0.00044810492662328467,-0.03999799172995057,0.006347601768041659,0.0006497880285729869,0.0034782050078580825,-0.015290529947884044,-0.00456428775584083,-0.007462314111373353,-0.009741742287747572,0.0005868399556289695,-0.0173579378035402,-0.005755802052699131,-0.025254212077118466
1284,0.15660859663965468,0.0028615713546034636,0.0033233610390358695,-0.04522002853418933,0.13254587676534915,-0.04776635469020618,-0.018374152626523824,-0.0023734780784431552,-0.039147870714652526,0.0025828044045099947,-0.001458459808118568,0.0003916875443893903,-0.0143610836305517,-0.0099666785189023,-0.03276602645724063,-0.007834495074590235,0.0014602482151198283,-0.01571988584704262,-0.009602217894070108,0.0098292016474227
1285,0.19572949860580607,0.0037453102306467933,-0.004641673522074198,-0.11446414547044531,0.040709195307571264,-0.04029991631242103,0.004374131528250915,-0.011305666194745316,-0.056530414336397,0.008277101416064796,0.0018434887947870666,-0.013458508993094651,-0.027576110769355046,-0.001779342685979848,0.008904488216453158,0.021214630251346928,-0.0030784258528788367,-0.0005047990299305674,-0.0063788160105576995,-0.03269523035198183
1286,0.18298087510053057,0.0013725035552494195,-0.005563889387674208,-0.06872753208490508,0.0394775174665097,-0.04290659703919921,-0.035290979729248814,-0.01198309179572116,-0.046016344523045594,0.008610254827624625,-0.00493716571133785,-0.007883617872781272,-0.009693433711516614,0.0022567938656260144,0.03724338557332402,0.018385972293832598,-0.003315920198641538,-0.01143435114390422,-0.005259176553607936,-0.03296831919901296
1287,0.16345774778658104,0.0013564180231744967,-0.005002496678232232,-0.07369982849046935,-0.014123458915125009,-0.04657324422209825,-0.0374197391735721,-0.010738182854295944,-0.044525836630872166,0.012854274622706727,-0.004960457294986639,-0.007469623748737502,-0.009853001385567047,0.00480804079454973,0.019411119123695055,0.017282937026838557,-0.001107282939150643,-0.010411997728717155,-0.001768157758062918,-0.037231837461951175
1288,0.10636835699556053,0.001283362906729644,0.004132337118214936,-0.10472274572520945,0.10064423994516684,-0.055037695176093,-0.04359637645789498,-0.0027357786510843244,-0.040921112642473945,0.007001168447915695,-0.005062397101172906,-0.0016943715104982718,-0.010877233403253639,-0.0003067836408463091,-0.0166343219393314,-0.015823380708537813,0.001356153503493194,-0.003119605222974201,-0.011158646848631066,-0.00990048078105286
1289,0.11532654924379337,0.001753310089403347,0.004636926208329601,-0.15238400713121283,0.05146075563147296,-0.05393204346878552,-0.03816696470815374,-0.0021592880240770304,-0.04798557020109785,0.009186379523273473,-0.004296578077532925,-0.0002900077920856793,-0.016814429678977474,0.0008882783522836306,-0.004670766550297239,-0.02324292481608946,0.00017340935049011487,0.011152642273876818,-0.008407034773901602,-0.02997730975175836
1290,0.1321598761796178,0.004923021894304895,0.002985553443815816,-0.07843658122141592,0.10290404688522423,-0.05163032312333524,-0.0006497371229249797,-0.003099914973906851,-0.04130766271220872,0.00574173616767063,0.007676443516145316,0.002900501099137158,-0.028612080537049084,-0.01525667073960836,-0.03839078570247467,-0.009299616342710593,0.0005438845754976202,-0.009400441458086573,-0.00989219499334173,-0.008676584357142709
1291,0.13166442962276773,0.0011551035442696658,-0.004908480900159133,-0.09178691747174,0.05776423957071138,-0.05170224649016088,-0.042726819090128605,-0.009670565305347406,-0.04304863630897672,0.008439394262794485,-0.005226131456186868,-0.0068556282867884176,-0.009564053056104124,0.001891681762031191,0.016601554103525828,0.019368362755134122,-0.003798838546313123,-0.0063518199227051535,-0.007170606214510243,-0.028105072406932906
1292,0.11275199208918936,0.001004066290540983,-0.005154304912520704,-0.15778973156596376,0.07859786906834954,-0.054258287401239384,-0.04570381494859662,-0.009269340877792893,-0.048105130825408016,0.00785342004692229,-0.005394051203818261,-0.006554108171963279,-0.010937297596318838,0.0015466899431799237,0.0240548177555689,0.029443912216545264,-0.004721105443217723,0.013006137083713473,-0.011580048428937988,-0.020451174263525544
1293,0.12673422756695113,0.0014860954286451994,-0.0054487637868417685,-0.06355254663672617,0.07378136781332217,-0.052404150981920535,-0.03957360537421891,-0.009953258860084295,-0.03867267872421732,0.007649142124340123,-0.004763994319232414,-0.008152643720475503,-0.009967603362042294,0.00028387244674345674,0.033439097773880704,0.01726554275033823,-0.004695547558623279,-0.012455408982305448,-0.007266824488392703,-0.022420707878695614
1294,0.10970991515252232,0.0014979110333951315,-0.005061659746491614,0.026260828786891795,0.052782212224482185,-0.05463495560321858,-0.04128097825386635,-0.009106957567556861,-0.02649885588817428,0.009248655875978814,-0.00474510699038856,-0.00790821719678658,-0.005243394231963287,0.0013530338480002247,0.021205147021199692,0.0038517469978385675,-0.0036742781487195983,-0.023195086431451815,-0.0033568119141445057,-0.029601886507665702
1295,0.06024254859263981,0.003083773254897103,-0.005094473712058983,-0.22405866082514522,-0.0031447978255196105,-0.059419265372047066,-0.03794990534645161,-0.007563522919778142,-0.04177642776359356,0.012035067935601764,-0.0007149785933682353,-0.012445275247395981,-0.03583542404641595,0.004323155923324099,0.02220883841507982,0.038207122777910635,-0.0015242900472561974,0.03961493274300318,-0.0024675523949561624,-0.03757191693542593
1296,0.07338616903890197,-0.0002540328052196805,-0.005209050915232125,-0.18195272152528424,0.049680841296118716,-0.05839448550088665,-0.05658538891901214,-0.008035440835733544,-0.04197218706396344,0.01020651657591698,-0.005746640797410216,-0.002922135387233968,-0.00012494566823462663,0.005060220243833004,0.02576189903764054,0.03312690146885595,-0.003610863649693959,0.0218757013741053,-0.009025554420253651,-0.030468666323141436
1297,0.11048434889507869,8.001043171936654e-05,-0.004899179231558511,-0.14017469340455765,0.0641548827784554,-0.054539972103963864,-0.054582504321032885,-0.009016634100881252,-0.04562029177983475,0.008658139770614312,-0.005835169897793283,-0.003902669578989979,-0.0033072367617736588,0.00441664924773997,0.016326340458267717,0.025727545733811495,-0.004032922773384311,0.007142347077422466,-0.009355802507148677,-0.025996596516785736
1298,-0.013791942675248962,0.0034295476665151497,0.005322909107933941,-0.028968094737105876,0.03481147897319371,-0.06186022408029847,-0.05536337943675165,-0.005532437676857783,-0.022880632364342228,0.012101335034291408,0.0005578620276884987,0.0048234962162411535,-0.014481993392889853,-0.0004996704716689868,0.013936686307222291,-0.0108311846992744,-0.0001686646004693826,-0.018153936869687904,-0.00417665652659298,-0.0339315221826627
1299,0.03459500470787393,4.029754759787618e-05,0.00452354043698002,-0.054614777911044056,0.08922073488446142,-0.060905429125223516,-0.05437289834821636,-0.004284536483322666,-0.027834708607274924,0.01034078429460297,-0.005831542496736544,-0.00428151254254789,-0.0033304289268850057,0.00461341779649213,-0.00748634616868495,-0.011931000637929012,0.001295567969505572,-0.014115670935234687,-0.0077912764053104855,-0.01568206513612426
1300,0.02893721370059657,-0.0002648288333011505,0.002852668773221198,-0.05170430606089517,0.03589462787186106,-0.06114185291274016,-0.05523914166748571,-0.004800199547381391,-0.027135272346076465,0.011408040236789282,-0.005741582749832558,-0.0046172810346409325,-0.0020749920025391402,0.004867662883979016,-0.04042396969908651,-0.007063979737499928,-0.0008178682179521528,-0.014628096198840208,-0.00468366782216887,-0.03371799224950929
1301,-0.03999564801368081,-0.00043940808897196035,-0.004306342962015434,-0.05777909038640606,0.02491937307201767,-0.0613684397345554,-0.052609969727654415,-0.004535359399140257,-0.01990916434269245,0.012385278240490563,-0.005640693631754788,-0.002660466277910623,-0.001213269213354838,0.004883074408917719,-0.0001900941181069197,0.013133512872022824,-0.0024525238636886985,-0.013542824098122934,-0.004160790722002019,-0.03560011919069766
1302,-0.21139555077239422,-0.0036877421379597356,-0.005356472683924315,-0.2022729657212675,0.008283309494559484,-0.04066992255754584,0.007362755218698731,0.001352728845477989,0.026802354834871336,0.012957596135175067,0.0027976178071134864,0.007359609775694397,0.03466036878171126,0.005886112109724298,0.030444288797287306,0.036944209718603294,-0.001987048265431942,0.030074367320035576,-0.004011268903059102,-0.03726194576397568
1303,-0.11883165537043316,-0.002244134851564573,0.0023701937190118826,-0.012823743014327591,0.05605780766721034,-0.05561464404569383,-0.03326885567775543,-0.006760903668252879,-0.016159258157621235,0.014751184195780025,-0.002489870139922878,-0.006744781259299135,0.002518764747310841,0.009673133232434608,-0.046954222619700475,-0.0036388392250573417,-0.0006435759280121504,-0.020143891957109444,-0.004608562928754393,-0.028632251128095684
1304,-0.1184053027772737,-0.0036039768874603665,-0.004398545238472092,-0.10491184939844277,0.009880063376052349,-0.055663016213405955,-0.021536111537220466,-0.00235849329299657,-0.006461463253852415,0.012601834101068523,0.0024235955476039433,0.005201909783414579,0.019571462963846147,0.006081582108260275,0.002246232272745166,0.019021844093895294,-0.0019649349145807425,-0.0030703237841282313,-0.0035859486572178086,-0.037164708882147235
1305,-0.06090450505735759,-0.0036162074530974603,-0.004414701785678552,-0.3312631764150469,0.025416666029965094,-0.06046758043186344,-0.038523841991722936,-0.0039373523627229245,-0.003908285967058272,0.012639731371979716,0.002477690266137707,0.005264466703385599,0.052880413383264886,0.008341554442202206,0.0026781709798753962,0.04618561887019717,-0.0024909307558263517,0.09787847594013996,-0.00821643536823289,-0.03552835025623402
1306,-0.14664582199901208,-0.003378506602043649,-0.0034197927181946596,-0.3591901477539376,0.022061846087724265,-0.052053534311018924,-0.01563102265068457,-0.002380113692768998,0.03163863871054763,0.013460849683671566,0.0014579859765201605,0.002812103647814214,0.05313526270161957,0.007627711432117583,-0.02112657930308481,0.03897393142635868,-0.002199747076819634,0.11614433572222742,-0.007900009107871503,-0.035987657833895015
1307,-0.044014047036172316,-0.0005384541638717821,-0.004750353037071691,-0.14617205337036773,0.023503689029863786,-0.06123033946647026,-0.05214945819558446,-0.004334044212572228,-0.01647088135401335,0.012410973307650279,-0.0055674626291349625,-0.0022603782404954542,0.001558513981783616,0.004951665773296761,0.011990454654682505,0.02575432139429967,-0.002489872832107454,0.009081765798953766,-0.005290210899022564,-0.03579740741997922
1308,-0.08626712900394184,-0.0015273074714037772,0.0030312607799711545,-0.17878504230512188,0.01387697777944369,-0.05876908997452837,-0.043813884209117776,-0.006656140455752246,-0.005875574913232489,0.01256253617963673,-0.004201535253227189,-0.006522641828263947,0.011440362881886441,0.005332202198063228,-0.03766802727814467,-0.016607397200810177,-0.001210601366733776,0.02065851206881358,-0.004560479743362767,-0.03686333837608436
1309,-0.04025029258435431,0.0006944047675061537,-0.004345780797582515,-0.08211867955241456,0.03638148489331492,-0.06136018305953801,-0.05543013921558221,-0.004521118618929748,-0.01914262829699809,0.01254087449110687,-0.005654142727217335,-0.005423329450254574,-0.006718972050444164,0.003427790441906533,0.0008460297565416685,0.016117806025651417,-0.0028416490658882522,-0.008588745268467842,-0.005333402405039149,-0.03362003219237895
1310,-0.46731330416994515,-0.0036588383527170016,-0.004849890515202547,-0.21460087354210322,-0.07061289286200408,0.04668071155696558,0.08384269388630873,0.00847794754977683,0.0954928547725051,-0.001137158032553547,0.0026676230993789947,0.006249715158692922,0.03620070747706921,-0.005702336944487893,0.014876292984057108,0.03522227549693292,0.0009650248657233465,0.035377693932272636,0.0070471796501284925,-0.02559959676453301
1311,-0.5244308442436032,-0.003563290188865042,-0.0050697045486576605,-0.019548881397778627,-0.061585089716040174,0.07540497128123677,0.097113127396158,0.01087526334976909,0.013438592912566716,-0.0008101130944283332,0.002244912336888708,0.006423207077872676,0.006961661393700565,-0.004160113766109186,0.02145064430677612,0.010111320621310264,0.0007255095896718146,-0.019366785901093943,-0.0002528133075605619,-0.02856961096875607
1312,-0.4626218956023107,-0.0026253969496082452,-0.002268134717983192,-0.27820636204962573,-0.10323049001241327,0.04447108418439729,0.045282306606301975,0.0013961123334773257,0.12207437202696723,-0.007253977009716581,-0.0013324311805571903,-0.00035352653195372093,0.03220035329239847,-0.006471313711180734,-0.04158932341194634,0.0215198828684553,0.0002907567012006067,0.06669225233884366,0.015002419850682154,-0.011346673391863515
1313,-0.45981090055669865,-0.0038109832091648833,-0.005033711633423549,0.0009223087612519665,-0.09628335482674302,0.043158006409775455,0.08702242331535806,0.008742314471208889,-5.4172645475305254e-05,-0.005811381075523235,0.0033629587737039274,0.007049223610249108,0.004516739339167429,-0.01001941858561536,0.020355161115447086,0.00726728466822998,0.0020369792503449544,-0.021502014357805313,8.801508301457804e-05,-0.01484478520059772
1314,-0.4690451011955068,-0.0034958072566692003,-0.004559423722276774,-0.1261290206102164,-0.09978109373278829,0.047502119866421465,0.0784198428862934,0.0077384197595192425,0.056730643729490215,-0.006856274923770417,0.001952855921795435,0.005245242827366009,0.021912539889487635,-0.009370151320745304,0.006614050732722509,0.022298105617486613,0.0018375320628078338,0.0028306403735548925,0.00665623896097224,-0.013114842602795553
1315,-0.5436138871882282,-0.003633914129973293,-0.004804417088523009,-0.3544183387572443,-0.05779245004142426,0.08580755507883077,0.1057272863477258,0.010639535918403048,0.18726051500204385,-0.0004307982267950492,0.002556318145874112,0.006090745605802566,0.05656317908115206,-0.0037681203783546846,0.013550852222743274,0.053044433874584976,0.0004737023665055804,0.11293288043800746,0.009280599631620394,-0.029691254924757438
1316,-0.4267633298032991,-0.0034450613918547836,-0.00507386799270917,-0.5150182881188501,-0.09285498319896555,0.028332419167653392,0.06457329116640355,0.007807130076252626,0.20590572386300046,-0.0038998092194528298,0.0017367754587139096,0.006096230358375157,0.0760474034357547,-0.008220647432213096,0.021577842879818968,0.07781168554253537,0.0019320820591900115,0.24149628199229387,0.024392446078449453,-0.01647884881433017
1317,-0.44548739070834564,-0.0038786665880282726,-0.004418444775993674,-0.006237148729900514,-0.09817228130355782,0.03659385672517105,0.08488456687983441,0.006702417966463159,0.002218772763384991,-0.005593519376329608,0.003681066622247699,0.005924456593703518,0.005783001322115325,-0.010557531691813794,0.002778451994404291,0.007280812065325489,0.0016841333075989181,-0.020833241439681138,0.00049955851710118,-0.013918423099610033
1318,-0.4254548072093109,-0.003758433509276724,-0.004948903794836734,0.11813781026767531,-0.09830584877296046,0.02776860228988597,0.0745446371277125,0.007457440684463743,-0.04885436273429594,-0.004809135700762191,0.003119706646244094,0.006725509621105082,-0.013454757585850734,-0.010133811376176294,0.01780333548986617,-0.008487697093569842,0.0020556424564217393,-0.020521557616292638,-0.005733797018610831,-0.013852218848259294
1319,-0.4363840830691904,-0.0032229516510006583,-0.005024553457665998,-0.4829800133018884,-0.0663887538295326,0.032532086650739055,0.05978015895533724,0.007985708884999885,0.1979883450603231,0.0005130550534277296,0.0008267740938544674,0.005378346498540487,0.06688948755938542,-0.0040089401134187136,0.020077608492864402,0.07275476371909086,0.0008896318257246712,0.21247853649679715,0.015419422477302006,-0.027041891026063986
1320,-0.5099013960593767,-0.003756302695209289,-0.004850382304038524,0.1083192424156262,-0.04484705116338157,0.0677787639876245,0.10051573526836971,0.009766326741018364,-0.04929712764579609,0.0030935064386072835,0.0031099118795726837,0.006515426185424889,-0.011954091661481418,-0.002080697208555428,0.014890692297126718,-0.00704151880572499,1.4186929076070571e-05,-0.0214665670521551,-0.0037304924116708864,-0.032957911515455275
1321,-0.40662068103142285,0.0021133535856388366,-0.00482707662209419,-0.12909877796630453,-0.06459973401903019,0.019849157222804576,-0.11630219357349149,0.006590188184246299,0.047017180180871185,0.001614517051912309,-0.0035335174379565754,-0.009402302187169106,-0.017927224926494168,0.00899790595143161,0.014209839867204057,0.023924549326096542,0.0007328646006950771,0.0037153732413599165,0.003422042304769056,-0.027624841495722252
1322,-0.4117181629987036,-0.0038154316540589786,-0.004768627989986607,0.04101509957342655,-0.09641077358474749,0.021956423586738442,0.07212542101366513,0.006604037259042389,-0.018087511799459038,-0.0039319063406383645,0.003383700208296582,0.006504015465454608,-0.0016727563311000275,-0.010054981932915546,0.012516030207328558,0.0017398487519333294,0.0018620881578989125,-0.023696883508074265,-0.0018792887590755173,-0.014782878834459424
1323,-0.5158764857062705,-0.003001004889466219,0.002173143746029294,-0.2538750313290264,-0.03776480034777169,0.07088858296009727,0.07202156881291652,-0.01114828374845047,0.1272482627767855,0.004503697523348211,-2.4401814143728764e-05,-0.007268663278470469,0.0341001144811563,9.878676393918242e-06,-0.049237115601591504,-0.015173489433057585,-0.0020306728204399667,0.05393137649584011,0.0031364982803766097,-0.034377266240484296
1324,-0.49380555188391556,-0.0033951901945364613,0.0003755035870025576,-0.24359829985145937,-0.05373139547936936,0.05958482048660573,0.08167915356779527,-0.005733002383140168,0.11589750907440442,0.0015604797914917476,0.0015273804312998266,-0.004291523398894197,0.037433291873739595,-0.0027049645351985073,-0.05977595905048836,-0.0009259368230320734,-0.0015884040738711291,0.048832647727493836,0.0054423740464718175,-0.03080957973337434
1325,-0.5081120577311878,-0.00384553013266246,-0.004735485008733826,-0.1777670763484038,-0.0714292806231245,0.06685464884827325,0.10349292187806917,0.009372440469856967,0.08834988727670393,-0.002479903278357635,0.0035246517399237925,0.006514192207721689,0.03242680466131594,-0.006318319924747427,0.011564273754157127,0.029720199793454416,0.0009382475100493943,0.020270842534517167,0.005834157171423572,-0.025310178391988767
