,AE_20-500kHz__rms,AE_20-500kHz__skewness,AE_20-500kHz__spectral_skewness,AE_500-1000kHz__crest_factor,AE_500-1000kHz__mobility,AE_500-1000kHz__rms,AE_500-1000kHz__skewness,AE_500-1000kHz__spectral_kurtosis,margin_factor,shape_factor,spectral_skewness
0,0.11435455497848902,-0.0037629981736550327,0.004807461742717373,-0.020610389900542144,0.24628279337112427,0.008759280134725659,-0.008861659102529403,-0.0003112521688119163,-0.05711562394875013,0.020605375606725505,0.005284526000837946
1,0.09547704070537932,-0.00611266021929624,0.0007467888349724494,-0.03346286016349293,0.04909115000799057,-0.0011005056011214132,0.006487929190404714,0.001777825786827565,0.030363783094693484,-0.013758506157777038,0.0015110213176605417
2,0.020772628028796324,0.0016986473539249722,0.0007672729174342277,-0.05172574361354902,-0.14775675361426938,0.0006771362671955285,0.016410518272559817,0.0007858376190543686,-0.015726377438545235,0.025965867155173218,0.00045924773474917104
3,0.03796746565995619,-0.026605310345455234,0.0007477721493238771,-0.036318094951408794,-0.18918784918275008,3.298802738450985e-05,0.0014308150527147043,0.0055014038924911714,0.015113817023738643,-0.028656485614818303,0.0014959689837296996
4,0.015699751528686266,-0.0007014772848381179,0.002506769587425379,-0.049678819616927994,-0.19883185270669854,-0.017589157545263592,-0.009113215182652167,-0.002072500358555643,-0.010787465566539301,0.0197403535775947,0.003870558972990738
5,0.0011488106604119132,-0.0014231900460103131,0.0006116862279689562,-0.0554990503782557,-0.19428177014046355,-0.01724005368913851,-0.015294389769195789,0.002752525749756005,-0.019066529446293345,0.0047557434415494955,0.0005193151888029127
6,0.026337122935483955,-0.001747351685309254,0.006644753640833879,-0.05513768078731485,-0.14202759088247027,0.0028140955118750835,0.016586350602546266,-0.0035379409563120402,-0.021304466313072905,0.032135063558356575,0.003615607649336408
7,0.03940620084555205,-0.001655840674249019,0.003441403450226086,-0.028937194000933173,-0.22746253482177087,0.004798104381292126,-0.0010605338415397242,0.0036211202349421185,0.013765428355720368,-0.02186932350818592,0.0026603217954455304
8,0.021794019160909433,0.00047041011127161545,-0.0009004275244600905,-0.04300147793727442,-0.20535705969191864,-0.010599249251588592,-0.005616462386042662,0.003710034191386819,-0.01125578644009625,0.03166542147180047,0.0012968385772054941
9,0.01349128937049685,0.0008492751563333465,-0.0009433606770755218,-0.05116351195831296,-0.18576518771710895,0.0031872787071504497,-0.017276324130644515,0.004700429322423697,-0.015329231203844794,0.027903074507594168,0.002936025567630299
10,0.01009266867663368,-0.00045510939409266235,0.0006700273167399965,-0.04481454517281606,-0.19490180717981062,-0.005049152427218139,0.014739604677290461,0.004261060594687896,-0.00953693327813411,0.021393887723764302,0.0015657092642749053
11,0.01483370299521785,0.0007209262649804819,0.0006672903598928698,-0.04054238322216683,-0.23093184510867676,-0.00875334046379028,0.0016611406787764161,0.005577231600123122,-0.014443842250604525,0.023604601594256005,0.0009637030448215298
12,0.07034244410736237,0.05118169370792146,-0.0006731439301377597,-0.04132528280781616,-0.08454588644088779,-0.026097851491441615,0.0032589305422487187,0.0008009386159839894,0.0071839275909941535,-0.02150499152885648,0.008142525950922444
13,0.06323112942626885,-0.008456346856527538,0.001438716287166964,0.09445403305738055,-0.03564013393858564,-0.013570325038828998,0.01615180129329222,0.002852858805154507,0.031925479976215955,-0.014379526900581106,0.004940631467234969
14,0.05625620848399931,-0.002835757693659936,-0.0027480249605376346,-0.06393352941402891,-0.12240112373795294,-0.013747887200837453,-0.007974662156186618,0.0002420209095398126,-0.014040857146349396,0.021694819675040843,0.001955554955838386
15,0.0725383048692884,-0.002239316601230073,0.0014042809108061037,-0.03599373292213996,-0.0582086113289082,-0.008621577455022341,0.011444354896409596,0.00048475683328854426,0.020089897968907436,-0.0036305746085546235,0.001096928561716704
16,0.054204112480029834,-0.00543532689674518,0.0002476676501314303,-0.05784188968911749,-0.14970799539918017,0.008860325730137687,0.01713980343812828,0.0012276339636959283,-0.009513788744685734,0.013883325656612624,0.001902074874186539
17,0.04843227962392516,-0.000734279894066353,-0.0019917911011494826,-0.03571569330880523,-0.14209801568456645,-0.016698512046710485,-0.012993592148773513,-0.0025393374039228865,-0.026342651177607142,0.014627250442973116,0.004385058010972506
18,0.04716771757174334,-5.807548807873753e-05,-0.003150138386304041,-0.03027529310515953,-0.13622111113523935,-0.015079106062936476,0.005473327626865135,0.002356705307278332,-0.023954968666806117,0.03507535414883654,0.0011433561593977707
19,0.07208438551023824,0.014899649806321219,-0.002663343368635625,-0.07311122663008676,0.698818025275451,0.0029736730027846037,-0.032934730825044695,-0.001055770335591079,-0.0011597862386735225,-0.03109320069700245,0.002782090485071376
20,0.051013234572684106,0.04505405953701781,0.0015514296704611408,-0.015714777714475277,0.774374245916578,0.0037316053603897374,-0.01713179878815637,0.0056074551024847714,0.004331584393238215,-0.007393866534399735,0.00307940635783071
21,0.0630731312112854,0.04157785051609424,-0.0006844221692692476,-0.028522910074748782,0.6972130709966006,-0.016657619214091396,-0.020221650965505582,-0.005466691042324857,-0.01421305497239216,-0.02762493153028463,0.004398655782404082
22,0.11147830993346643,0.027396546672007034,0.0028420653625815815,-0.07987617477443998,0.530748573290203,0.018710358702769925,-0.02319072437479969,0.0015325659678689526,0.009748534516420073,-0.00959538328676607,0.004732691253681745
23,0.16413477171533894,-0.0052254881070630255,0.0026371745823573194,-0.017933731071895907,0.48901640838103944,0.033394051670027895,0.004934697651496584,0.0029607444840457123,0.04026183659646096,-0.041592090159239765,0.012524773278017555
24,0.08351655535701201,0.04881538775772757,0.007989561441937616,-0.034650277430993706,0.5394755322484367,0.02784867307892605,-0.001257668406474091,-0.002059562926614879,0.01647632192622965,0.026762963354534035,-0.003257884351068199
25,0.05526103883655946,0.04571719389737533,0.0008416512957433777,-0.04212866933164553,0.7915932603701098,-0.0006130729044393574,-0.027082684080537545,0.00013219010248735524,-0.015526728629168407,-0.02200221900247222,0.0020992736322631104
26,0.059248128571271375,0.0591658324759368,0.0007264718673876773,-0.05956455275740351,0.7068041122364009,-0.0024173600586090108,-0.027872392071211206,-0.019393678085374615,-0.016180388395609254,-0.029304449172616646,0.003917693672834316
27,0.06293213070110021,0.04386584769424937,-0.0008674651296759212,-0.021943431576155165,0.6992244799435781,-0.023456670649344032,-0.01993922408921003,-0.0064044772666200156,-0.013493251372520054,-0.027518410129035463,0.004640735734328445
28,0.062348180513836324,0.015431459866150932,-0.0002165251243227722,0.010492160084433842,0.7352079138092331,0.0017104391256419498,-0.004002641330379591,-0.008637735652165829,0.0023156826691934306,0.03423682653835258,0.000983595765897022
29,0.043286377541639144,-0.00015938769840532282,0.0009160106848273543,-0.06463251259722722,0.8380448344506263,0.017324299584643925,0.0047590426199624085,-0.006551638199572588,-0.001180103420353686,0.014899534162875181,-0.0011360923125993897
30,0.07521615807076694,0.010430698599239336,0.0028837919846075913,-0.013288649592328476,0.8689029713963984,0.018896593536651653,0.005224625206843239,-0.007590132472021622,-0.0013894844302138457,-0.019530928992573953,0.0008556992049673478
31,0.027763058688038897,0.00314331577018128,-0.002619855371633074,-0.018954767595068665,0.8419497710689012,0.03561476540885857,0.0017199912003049722,-0.0042535776075484635,0.015310399461758705,0.040813005535798925,0.00491934271765546
32,0.041929342534536305,0.005528379200274431,0.0025549773445316054,-0.025113347890595772,0.8588653202444843,0.029850155583215854,0.008148873284603357,-0.0008854255722212711,0.007521209333964208,0.014196625046125474,-0.0003742538154474091
33,0.023948576645726232,0.07383933670878325,0.0019610509723441707,-0.005477223199852371,0.5369745969711139,0.06732816780814746,0.0015383021892023058,0.0020992067349721133,0.017676145551602428,0.1262513505478204,-0.015006612711049134
34,0.06590332669795722,0.020358663185810727,0.0015165908787443132,-0.03825723301532988,0.7924858257226534,-0.0033989651239152256,-0.03736631503356313,-0.004862981528459819,0.002998804826214481,0.009577836352030293,0.0023193435833089764
35,0.056616697426235166,0.018230733392113188,0.0016245478758208558,-0.0675858872324796,0.789109272537363,0.012259445560069176,-0.02564982509842292,-0.003001433609363295,0.0036207551151969408,0.013383147330868674,0.0010730824517852901
36,0.03327180945956604,0.011322175719595122,0.0012205416910268103,-0.03212104412997959,0.7488894613678952,0.01989135490237898,0.007922053048685424,0.0037942955703999613,0.009559851745499904,0.06906553697619543,-0.0002987978902251171
37,0.0719594382481036,0.006277913329267719,0.0020619374170147936,-0.003998237010075733,0.7504680117062674,0.026115703839378973,0.011604026014343242,0.0021726436644019906,0.0079426133318066,0.022041746997421837,0.00030132147145182854
38,0.16410681284335146,0.044002493947197456,0.006853894651431973,-0.003204678511467427,0.5158233001911666,0.041425317278730896,0.010385520980960265,0.0013269001105621155,0.023925056734994475,-0.0061991229287339245,0.004572120311716543
39,0.08022329999867604,-0.008777472487474378,0.00012659123342783062,0.01474040557621741,0.5618846170193526,0.06641281774519288,0.013014296460186021,0.0014230250635170888,0.04593139014793445,0.06842830547672069,0.007751412308651373
40,0.06382487864104813,0.043391891314630594,-0.00024095956900404883,-0.02861494566771824,0.5737818930493626,0.00814444879817723,0.005146184558547251,-0.000946034391883269,0.02163221326227249,0.0503794977867287,0.003674374181374015
41,0.06183782174383462,0.021326879782773814,0.005083181780437641,-0.040511225906700116,0.7476419393242493,-0.005848799434393261,0.004816123776787511,0.0041894707834187195,0.004499913274369419,0.004647233276268016,0.002258910414182578
42,0.11485312660342702,0.026183851853136618,0.004977189256398064,0.02600654797097962,0.5446691630310596,0.030748674194208216,0.0035582315188511407,0.005834985172881288,0.015562048045782576,0.019477280301273,0.009616606932367306
43,0.06810106879382878,0.04944491056827593,0.0005578918442176918,-0.016684295773550135,0.4532020561988727,0.04195582787969985,0.013894440734958779,-0.0016582265350784272,-0.005729868731887334,0.05988487414532301,-0.0055391095371575575
44,0.13436636640610078,0.028677366782422005,0.006081515665618123,-0.00887488575745922,0.5100578993134951,0.03506211277762235,0.006792355319014645,0.0012330489807352832,0.02687091647047218,0.02540407381736996,0.004718261829147409
45,0.14572173548415235,0.055714879056599644,0.002834161379046357,0.0006006804313456828,0.4406104383558423,-0.001448375146869698,-0.010301715951168876,-0.00016257837465318806,0.018429696064080698,-0.008212622013819743,0.008163846702952475
46,0.1302373911564796,0.060038710699284036,0.0032626013414137544,-0.005960539656327026,0.5017990620414107,0.036148751319322145,0.0025515315125817467,-0.007417960712274657,0.027868591988984365,0.016710739164219144,0.0039549216062120165
47,0.13943499469098675,0.04309732234786588,0.0023772894379222144,-0.00663148177585855,0.501795089096915,0.01726354593258546,0.005618638314870239,0.001110369338888071,0.023845255426817754,-0.002241859864002596,0.005806278278497026
48,0.1578224216381834,0.024477594090452148,0.00389981786661286,-0.02361362182099916,0.5048162473238205,0.020770077280733903,0.013363872158219962,0.0017688983436998833,0.019998118810424282,-0.004903429746927666,0.006541516395917037
49,0.16311176124417606,0.034794937814779145,0.0029669262540370357,-0.017556121351860215,0.4932747529730061,0.03215409366417918,0.0070261745561474775,0.0020611863153519624,0.024283081826759322,-0.02880780827713296,0.008108412930548271
50,0.05296026233005503,0.025029055478812578,-0.000754312684531403,-0.043214523596024776,0.6714823736370454,-0.005216711738995023,-0.022441254975490363,-0.005120515568020222,-0.015917338987070546,-0.023139175441983507,0.005910835325677167
51,0.11252213392183422,-0.0037816013780762876,0.007560402081089392,-0.0024183765988326222,0.494332807069622,0.0374139275171238,0.00843372619019185,-0.0011413334691779545,0.05138718836241892,0.05914947534681787,0.005097021892508011
52,0.06471895471335778,0.03842185072790756,0.0008767364979101118,-0.059881086227101726,0.71195726454295,0.0033042091563413186,-0.02379554038501077,-0.0005722153281082435,0.003945069159389562,0.01179385536904843,-0.00034258681923919377
53,0.17511128977719614,0.03024963910712521,0.002407823438858377,-0.03634692697866069,0.4699222675741065,0.006891365040248358,-0.022935702760066456,0.0024973129096774573,0.015482631205769946,-0.026034703310348087,0.005394492221688168
54,0.1489252113687654,0.05052566430886264,0.007056887924013327,-0.009271432843582717,0.47672484618154953,0.04160354740902163,0.005383426499505061,-0.0060404992033684796,0.024212044277527493,-0.03128623788384118,0.008853030176657513
55,0.10183700700017768,0.03508655416733402,0.0010470223686773808,0.03312873251368255,0.31610152123512625,0.006036114281834663,0.0012344879567568853,0.0030381006695570896,0.028163630019411436,0.01982832837639044,0.004109889396388323
56,0.05977520068498567,0.022067239762587173,-0.00035171338625316847,-0.06098936680423515,-0.04923045192292894,-0.02509435126428541,-0.020664516143777463,0.002287442040463271,-0.012682607941913825,0.0019042719118681738,0.0008588722894913444
57,0.1023991940223623,-0.002843901152389058,0.013909253084696812,-0.040044795420716026,0.04512372691314772,0.012913640342247071,0.005466154510818305,-0.0002183334205494425,0.025946672959165713,-0.008124661493799989,0.003955785156644625
58,0.10447304932382888,0.01598729475017026,0.004706245412454586,-0.04517490905675121,0.02506943155625074,-0.018279634213235012,0.01568961700899985,-0.005113749413492386,-0.014066676542567078,0.03125097387996169,0.003736954350880845
59,0.06120424951550967,-0.001970162988674055,0.001830289572356898,-0.003685258133728945,-0.07927758854155,-0.02706162274033605,0.013333862071516985,-0.0007389961326813982,0.01735378362748074,-0.033859056058256655,0.004686316072317111
60,0.09423444012148516,0.02146228978636055,0.004252169630357251,-0.05222083291818378,0.0005333301918492093,-0.015726057083230945,0.015318201642630142,-0.004506295310558934,-0.00529892622890124,-0.010058202991034623,0.003698234884884713
61,0.0759102373813881,0.03479926244519191,0.005924467649355635,-0.0331161320916769,0.019756861929499377,-0.023592126256076585,-0.004971954135880119,0.001799935565142663,-0.015429569544553507,-0.022644762912513553,0.0024141680942006204
62,0.09308569198891022,-0.005488353169596625,0.0026432583301592956,0.06403398408954056,0.023399475511198715,-0.004477239388250288,0.006818970586186464,0.003668563994350474,0.03326716120859251,-0.027880766812036314,0.004148963674753668
63,0.1330903004863564,0.0446907855485345,0.0045770409937615575,-0.03928994181702672,0.21383644135601207,0.0020089013535057026,-0.010056978895016009,-0.010793368192632784,-0.021614640649300312,-0.015513391931291188,0.01289893833706713
64,0.09605879283334012,0.0613692495169279,0.005050867356894327,-0.04792997373086939,0.09502340663590363,-0.0030035860278224504,0.0004890698110165328,-0.0030996228434016335,0.011198251824673414,-0.010786084048665307,0.006365322597172439
65,0.12432613393891805,-0.006094764416300695,0.005844954251645045,-0.03303977435157883,0.1696827446653985,0.004105258135312977,0.012022183021794652,0.001635241565779102,0.039326028807959566,-0.013905852222372792,0.005476316815502855
66,0.032324254996548736,0.04455319126199079,0.00017806916670514504,-0.05787292805042284,-0.16717149114415591,-0.021471097756280845,0.023614766954384137,0.00011685862499514837,-0.003923062168193883,-0.004132932301354198,0.0016882726425895553
67,0.014755669141012508,-0.005664019789363204,0.0006837460932423249,-0.03472891348352995,-0.27298139460482973,-0.002423377592966962,0.001724921019020695,0.0014893690323872985,-0.001376125044614678,0.0019499346531069923,0.0019325791992388605
68,0.023845197864988465,-0.0021346232398884854,-0.000581595715918903,-0.030198093840460977,-0.24182910070396568,0.008886167159184586,0.01441698385444372,0.0011421688845005724,-0.012144892047459378,0.022442968297762506,0.0009735630424822475
69,0.015818904275053572,0.0012186460871611673,0.002577502022614369,-0.030049393025119855,-0.2737749358535842,-0.0020610261266277084,-0.007870952447476005,0.0010758512342886003,-0.013882319268221947,0.009578140791795852,0.0024660928680507567
70,0.013482018188308149,0.00017574777069813194,0.0073760690861124426,-0.019675942601402777,-0.28625271840238364,-0.004468125414832304,0.014220476075708737,0.0008179805215847396,-0.011896549291113176,0.014009383594201478,0.0013357407731472818
71,0.024822179956111544,-0.0024533989976222043,0.00721569825664337,-0.025317051537131038,-0.27001888731195917,-0.0012352680567963383,0.017633969925931813,0.0025211161519154046,-0.011659826303063663,0.016173857766893486,0.0031256032751802846
72,0.008593285482743497,-0.007775527596090587,0.00463493530989172,0.06250181135567055,-0.26537786710253003,-0.0062806604139424805,0.010530003311554664,0.0023937478397807357,0.009925691883056845,-0.01612802994095911,0.0014765112079253434
73,0.012899340388903478,-0.0033372768937758187,-0.0009882140956540494,-0.02815632839233607,-0.2652379191911675,0.0006577951788383533,-0.005473314287577845,0.0010695143779359088,-0.01442257344533867,0.006077285486961122,0.0013064850400216575
74,0.01405505785291004,0.0017492085559440674,0.005310738917226592,-0.03175743079960605,-0.23800320404103892,0.004902297951141152,0.011346992002837125,0.0031471921399455448,-0.012475631471202757,0.01953756855131987,0.003832791543753258
75,0.01320835429303546,0.0007112730303311754,0.0001373038225649637,-0.036609100614985166,-0.24250714857671948,0.0068440081181618435,0.000799039767091989,0.00258445089905713,-0.013181604241634582,0.01637930484301398,0.0021193827164569592
76,0.01179266977533046,0.0017513831550935884,0.007946255225091936,-0.01844351598745771,-0.24417831015723168,-0.002952784092359617,0.008323329269204024,0.001988731672209727,-0.01566769624272462,0.0058877348169544905,0.0014859819454672712
77,0.013313220896857592,0.0010485372397568108,-0.0001959985694136022,-0.029337087435692587,-0.2892660551363625,-0.005597339413634874,0.0019143520105450954,0.0015421266977307525,-0.01341352053863817,0.0017278436947934677,0.003646332524523425
78,0.015082516250494744,0.0005756063868232869,0.0006280287545930117,-0.030572759992893366,-0.27892537413774576,-0.003306604490989154,0.0001942524293603305,0.003363987566741002,-0.01281950485724512,0.012044526207990762,0.0024014615308047093
79,0.014421340445273718,0.0002578406897874163,0.0009392361595534035,-0.024874397872096124,-0.2745784755421886,0.0037501527975377234,0.0013994315237121603,0.0019130560641032715,-0.012122340458277673,0.013871058953603285,0.0012610934217018805
80,0.014890579387836106,0.0040926751292327266,0.005817940103983827,-0.04132190976880295,-0.2601499136363921,0.003333688228063876,0.007404175299904854,0.000802843431685851,0.008306664751089857,-0.002822668132559857,0.0008135942923415844
81,0.019643034809304263,0.000972424351115303,0.006847903975209795,-0.012333483478929456,-0.24627565553385874,0.007838795837889576,0.012832761331158406,-0.0011307463276950525,-0.013811625372514446,0.02112772884406119,0.0019219986206530648
82,0.017125460240312355,-0.0011744988867103,0.002380414696764714,-0.029287650528587172,-0.2860992485963799,-0.00964362136817762,0.005035751779742254,0.006989534996783307,-0.0136344081791948,0.010730315430608905,0.0018892721019071344
83,0.01908780697693744,-2.355007877782815e-05,0.0020044500168101094,-0.02484779016256373,-0.27014552110777856,0.00713596764974198,0.016573174127213736,-8.609580523536131e-05,-0.01068713364876699,0.01689311078903509,0.0002848029784704792
84,0.013624490639189597,0.0014442380387823819,0.007854582919608218,-0.04294988070072689,-0.25116801265956135,-0.011502133739944888,-0.009422959303153958,0.00422452001418941,-0.012026710792292332,0.012807815161872635,0.0024989710628055286
85,0.015342723463330155,-0.005238599629048729,-0.0010695025870915602,-0.0210517461260875,-0.2858101609644236,-0.010059666737365369,0.009130944455596961,0.005740444848551588,-0.013532131538886553,0.010187529792499607,0.0009999697197347601
86,0.01993669267096008,0.002714936158427827,0.002514769552959173,-0.02552162696185876,-0.2414928227416133,-3.6274280666810375e-05,0.00852455184675621,0.0029931865857850764,-0.010485559205104175,0.01591146767871427,0.0034957782584336384
87,0.017567110221055754,-0.0029373598466833828,-0.0004386136337963051,-0.01975043002070749,-0.28418571556217304,-0.01307462439365296,0.003440341279274015,7.222295005265684e-05,-0.01258531434989231,0.009795410105420574,0.00044024362424587926
88,0.019475306256832647,0.0015212846157574068,0.006638281659832992,-0.028917873322160528,-0.27910257287461326,-0.005522494688740498,0.00616679174938669,0.003043075352282702,-0.011136807639948247,0.02071449615583325,0.0002449675402505223
89,0.011742535336854496,0.0017421051716129043,-0.0010558903195657303,-0.02501783224878061,-0.24108294158054108,0.006832497083055477,0.005231354690196202,0.0015386455574971304,-0.014185944372909707,0.008333856757561011,0.000502881463171557
90,0.01556310679402685,0.0006155581579961268,-7.159391205256927e-05,-0.01351383079072291,-0.26967428737414806,0.007793902551910107,6.224658918892385e-05,0.0015818743427356838,-0.013159571750255181,0.016438092353129895,0.0007937195364907921
91,0.017268167809209815,0.0017044527929655803,0.0007814179556186397,-0.02716977367787726,-0.26704572531620935,-0.001213022102532644,0.00954114119766869,0.0022430802274007416,-0.014759363341967133,0.012207308856243966,0.0013899581085304756
92,0.020173954344936802,0.0012040121750764164,0.0013181280519314212,-0.023732583542815044,-0.2772107660214078,0.0014350465139647203,0.01897250736384831,0.0012750774134786392,-0.009853692374736862,0.018769306249708986,0.0010019991398638164
93,0.017922042096630602,0.007521367144177957,0.0022781320297552148,-0.035124259544616336,-0.2705668190669959,0.008150841652660563,0.006377372347438551,-0.000979049883872349,-0.011789978007524633,0.020062770216471737,0.001797659565901279
94,0.01878989530111625,-0.00118142910683406,-0.0012905784853984232,-0.027339769094199086,-0.28093924997441194,-0.005200194759024559,-0.005191126163474154,0.0024990261941684492,-0.012320458905521721,0.0011284135436863982,0.003583950262243307
95,0.016234267406883513,0.0017106971718644241,0.000433776977054994,-0.03323474988594408,-0.262038598109542,-0.0005347630666084204,0.002956219676021599,0.0038929744723018396,-0.012712821675413332,0.014644307257321687,0.0009306997105318429
96,0.028171166342199374,0.010311360361106785,0.0037270037054817342,-0.021769019930614236,-0.2569670502593349,0.0038019062451479387,-0.00032489522383328287,0.0019315746545485373,-0.00024571520769428975,-0.009118359135938833,0.002327847841710139
97,0.01870302700696994,-0.0020209759476848767,0.0024242844276387257,-0.026193593003965236,-0.2659881288032805,0.004182524857444713,0.013917768098871495,-0.00030334491269878893,-0.010858670831164473,0.01798828597455021,0.0025510985739243416
98,0.015289092867945435,-0.0031641626477671835,0.0003637358617149822,-0.02726799063759924,-0.26678024141058027,-0.010497390014462489,0.008814440903587318,0.00011352070430825444,-0.012975891316569472,0.009152121063898934,0.0007228889884882496
99,0.018607103262244365,0.002026846054693346,0.006008892869598866,-0.02306940356815977,-0.22951470558746517,0.009298588412992359,0.021200600406141717,-0.0008387928640058799,-0.011390301422284197,0.01984902834590487,0.0013023141824782783
100,0.014206356379799178,-0.0011220159055265232,0.0021580290338197787,-0.015774421640604986,-0.2862228269942532,-0.00870012014331129,0.008007758564939068,0.008192532010648282,-0.015981462990549204,0.0026958485736267575,0.0011557067570376897
101,0.013830795474793779,0.0025899035560001935,0.00028744976344900465,-0.0276073744189106,-0.24142160575383287,0.0027412185744946265,0.0062297719836275755,0.002352211997103002,-0.018195386706575174,0.008352200191110267,0.0011181485695924145
102,0.02315092328493745,0.0011870474235844404,-8.08438636676998e-05,-0.0303493169779172,-0.2494900971824328,-0.004295411184951518,0.012452302604076742,0.0041628869672820585,-0.012440641057955159,0.024952095718333945,0.0021852579328892857
103,0.01875413723460673,0.0010753940038444995,0.0023889851383867866,-0.02528170433854655,-0.2716302180163675,0.003898452030365928,0.0037294449396661745,0.0008599040437375899,-0.01235917835726922,0.021557242367895777,0.000938805501869544
104,0.015625762140410195,0.0021052674837736306,-0.0009125986413231985,-0.03141966142798309,-0.2613002837914889,-0.00277826840566706,0.008846998180597908,0.0008469256191331726,-0.011818970911282778,0.005537576803707917,0.001957983791741045
105,0.016740738807683016,0.0003633566745071573,0.0006506382689327105,-0.017554127287825617,-0.2906717595428182,-0.003011430301215482,0.004887906606047636,0.001216374800853014,-0.014752226164519234,0.009460853708814759,0.0008566038365949729
106,0.02056484611569302,0.001525954858368046,-0.0003266054910875796,-0.02225840678145092,-0.2623209415515233,-0.0063376223166429005,0.010995694637968666,-0.0005043069394321272,-0.013292450851909299,0.01684805862354764,0.00028835480231085203
107,0.01352398443998909,0.0005948857062918933,0.002515001364248281,-0.0360078174114254,-0.24986387280123018,-0.006303574344657018,0.008077049170596387,0.00040472469819379333,-0.011339072053775207,0.015534801601561437,0.0015806519074458266
108,0.011957461467480609,0.0018198662756293467,0.0005029861789058784,-0.03134937173964909,-0.2441127520747062,0.002112678441582605,0.011728678723040706,0.001952366887534824,-0.012476662747745497,0.012804425278367813,0.0010232587484413306
109,0.027950268113371746,0.0007021119823908053,0.006007458870676201,0.07863051960006685,-0.3218788567645873,-0.008188502626986621,0.0021746115405472627,-0.0007885109247887126,0.01492754863845373,-0.023947071506208274,0.0011553547851072597
110,0.011808384465598207,0.0018774855716062145,-0.0006333647410132157,-0.02624471336423449,-0.2643441330590288,0.005307124227733466,0.005491664465173783,0.0007056017250837086,-0.01437161705484957,0.008100478369654749,0.0012820727561734257
111,0.013293180308796474,0.00013059739183940195,0.005343603502332071,-0.023832663074386147,-0.26124497568300714,0.006657221883407907,-0.00025837296267458137,0.002050719712423155,-0.012611558387395907,0.012095839667427057,0.0010077935898042353
112,0.025731143441151197,-0.0035178546114938538,0.00801683306458727,-0.03448907025964119,-0.2805208589689665,0.00048257374266509276,0.00011033188349518386,0.0011757736582356884,-0.011110150507096853,0.0001800684414888306,0.0006310462195638088
113,0.01605425646245755,0.007742579387531892,-0.0001283961985611119,-0.0259182272882193,-0.23808872716130433,0.0015787019071937323,0.00876042443906817,6.256523549120548e-05,0.0016844398001028503,0.006474500941345558,0.0011794569228100085
114,0.015024318060828327,0.0003401604818497626,-0.0008046511082446376,-0.021456639920460298,-0.28075161709453206,-0.002105254140500376,0.005768121337832898,-0.0016894807851392443,-0.014457297859748993,0.01007009863173194,0.003980165754079832
115,0.01597356897104753,1.9313213898537156e-06,0.010051628587976471,-0.020925946564700978,-0.2806889698718982,-0.008110499781739146,-0.006858138255050694,0.0012247354866856569,-0.014140039199441066,0.010693490034358316,0.0007602554710589213
116,0.016986634716908373,0.0014074021536528902,0.006543369555398832,-0.029528982820664403,-0.27884161048877476,0.0015913454120452639,-0.006108051044560759,0.0025682325612448815,-0.013890453306421977,0.011040532295802066,0.000964059417449784
117,0.0331457576321997,-8.485894823819247e-05,-0.0009779953041255283,-0.027851431896934096,-0.2841033227655512,-0.012698629785334923,0.0032481429237420706,-0.0006783030359435614,-0.013646387265621406,0.0005592175324153413,0.0011149326107852315
118,0.009992996161582512,-0.0034325160740229592,-2.9016816419585136e-05,-0.014036529233980412,-0.3652069166536143,-0.012515534534231456,0.006132983598127199,0.0017268101413153848,-0.0128850687638945,0.006171179822435898,0.002289747584391741
119,0.07237863351661648,-0.014714138869885797,0.00034262418238743976,-0.0010775246605706445,-0.3397296225233198,-0.013216272576230715,0.005288343812610085,0.0033979562379923304,-0.009362850352275878,0.016829897483919658,0.0004916209589980514
120,0.03734005725500192,-0.013424107963913589,1.4531776368887952e-05,-0.027966463894015924,-0.35937869437894954,-0.014979934553769905,0.003910828614625848,0.004323219966854911,-0.012766638814701407,0.008890201645801158,0.001578013213345428
121,0.03720774584761785,-0.017508344682309225,-0.0009255464664708257,-0.025015767052557154,-0.3583706305355983,-0.013803978384509304,0.002952671961846344,0.011807814462324134,-0.019889334298532412,0.008130181242323314,0.0008940005225944694
122,0.033468166878803385,-0.015129876240200103,-0.0003255908538584401,-0.02920884569473978,-0.36485468750911515,-0.012685432557866158,0.0010450951057180856,-0.00012047390194607747,-0.009205785061296467,0.008632775964585539,0.0008909741317327112
123,0.03787599439199656,-0.015199905150961918,0.0003715210729444706,-0.029452098712757804,-0.3604250458489895,-0.011860851225906558,0.0029997104918553174,0.0028851587873774264,-0.011174622431661148,0.009333440396466603,0.0007781574533100018
124,0.03695027122545239,-0.012414370822425778,-0.00013785541610419953,-0.027237550566443256,-0.3591844942340364,-0.016058906382220014,0.007289881209917679,0.0035515136444863164,-0.013572766026858472,0.009758120661271876,0.003732504477728177
125,0.03386378678159235,-0.018732697937068804,-0.0006301940769533165,-0.02699291697834443,-0.37066320245771556,-0.009816226162924501,-0.003207848731320748,0.00965035691244167,-0.024178322808794922,0.007800485609734073,0.0007935608046151149
126,0.033643134492707005,-0.013575655523204872,0.0005712032304615199,-0.02606933561363938,-0.3587285002822101,-0.013078818096774091,0.00147055844541382,0.0005129823412877217,-0.01366318266608033,0.008263231925820477,0.00046830028209922413
127,0.05383582353562833,-0.011717406391339683,0.0007236929308358158,0.0017439385453256926,-0.3537842474098293,-0.006691997865976086,0.05821348381641948,0.0075159077239748155,-0.017891117021679594,0.009681046672880993,-0.0006300771448487519
128,0.03347311887389688,-0.018656690912738236,0.0006687564475872679,-0.026294738873781476,-0.36907534585504764,-0.010274480643735847,-0.0008293467750227731,0.007996051046496701,-0.011230351703592167,0.0072960743595569194,0.0008105932993691423
129,0.034556725436461634,-0.015960997126569943,0.0004919653556449933,-0.030811592349093364,-0.36655588576512727,-0.011392518282663513,-0.00126083918122778,-0.003469535687243493,-0.012484348479200288,0.0074439718819591365,0.00042079514640910957
130,0.05695137367049106,-0.013808492864788281,0.0006358196139869211,0.0004974887749557358,-0.3586508486253981,-0.006449690170806616,0.05392048781414045,-0.0019054985314152422,-0.01113046378134786,0.012016578766200848,-0.00035929280520029575
131,0.0799020878108438,-0.013946595107338573,0.0006400058219890437,0.007040843617124882,-0.34627189967999145,-0.014189244486611215,0.004206786174869129,0.0035524887117384706,-0.01155166660492254,0.01609216576921535,0.001092569600216747
132,0.03687102671274189,-0.017898632513964004,-0.0003169929633871915,-0.02487801595430983,-0.3578332671579565,-0.011937848111244743,0.0016517799600903002,0.011875385077654265,-0.013930615579396162,0.010147106168341219,0.0017131880679177726
133,0.071718220580578,-0.01772823385537925,-0.0005441815031009478,0.004107307014409589,-0.3442260240217271,-0.01371835077011964,0.0027748340190917567,0.009379403322880047,-0.01274040023400574,0.015170567350381471,0.0009287031707090205
134,0.1357786831489913,0.05053234668162145,-0.0001775424565944377,0.034724072241951835,-0.31691323093453416,-0.0037668156375359825,0.07028883977486146,0.0030221366581018663,-0.020228029206279148,0.02020003861812903,-0.0009168963965096886
135,0.08603324979605978,0.07580447881553583,0.0004178476810956484,-0.01768524030447216,-0.32961639889961797,-0.0049843720117906855,0.0054939139416214046,0.03041082681148104,-0.01192963043809726,0.0230825761688842,0.0008890075587461698
136,0.08777908239894033,-0.021577019233841678,0.0005767009626003578,0.025312577849176936,-0.3345488746218886,-0.006438249503623532,0.0605894177956865,0.012478661674536538,-0.008214265709641465,0.019751464403184683,-4.66170705239452e-05
137,0.060272553655323705,-0.013969759975954957,0.0007147381337356895,0.004039433767652345,-0.3589735129520966,-0.011178825594039899,-0.0014954765048393007,8.563441572571418e-05,-0.013081838798463696,0.012159504541511428,0.00020465901062470228
138,0.037203329665360385,-0.013358861164455728,-0.0007976021368519428,-0.02829883360654132,-0.3617663084436732,-0.010763644650549362,0.0030102279224682605,0.00346804234117713,-0.01159177642853861,0.010279545837020801,0.0007715808601317535
139,-0.01116513059555056,-0.006016404277203049,0.0007682441715186367,-0.0070230023358036665,-0.36516079067213175,-0.009834244300828248,0.015584811106961437,0.0013760239505233014,-0.012658849570854438,0.0036338818284245185,0.002054538103453195
140,0.009374160743276507,-0.00246295441988016,-0.00020525967140890233,-0.014801986151580465,-0.37488716662461136,-0.011299553172444191,-0.003100677986153218,0.00035654008809641403,-0.020255634766463103,0.004128479032968376,0.0002711405279578569
141,0.008331052326955423,-0.002935331275566845,-1.6250111861219284e-05,-0.013874029779599084,-0.3676515997709791,-0.013218758613400014,0.0024356464807793778,0.0014672704177182633,-0.019671310329058733,0.006589096822192372,0.0011192827128566965
142,0.009465026445602058,-0.0036564691912549,0.0008009312488379501,-0.01746897656838294,-0.36693827375723326,-0.01499166447644819,0.007810023390255982,0.0005928352920658418,-0.012701283876035691,0.00715337299188389,0.0007126586399857273
143,0.03550335914863474,-0.015837487804462504,-0.0003577467813056722,-0.020625880242565175,-0.3597358353990418,-0.011578552309669407,0.001784627555969961,0.009800679945537136,-0.012259626063895877,0.008514526572679017,0.0008424386777753442
144,0.008200407595936382,-0.007407099530423108,-0.00032852629850957995,-0.013416902121075101,-0.36385569801392353,-0.01117348036611983,0.0014470002559180846,0.009337740083019639,-0.012807359797212094,0.005623397783401029,0.0009330291949406253
145,0.00674742078681746,-0.007106042004758924,-0.00014825781570001765,-0.008970075519867726,-0.3653994914521044,-0.01234974563104291,0.002840997405890983,0.006143129950089577,-0.012572158408099327,0.005109013381363231,0.001432478927682543
146,0.00639880117438484,-0.007358491080284652,0.0003405836357388588,-0.014001168567571855,-0.3751043741361503,-0.010061141750523498,0.0034633624396621285,0.00994301637030184,-0.01148087615903747,0.0056001142627287274,0.002443432767536755
147,-0.017129428741221392,-0.0049222936411780814,-0.0007357395715314537,-0.0038101379251202637,-0.36394983399140707,-0.009716166950421507,0.021769306554490567,0.001007160884225039,-0.012049120317031285,0.008097148207779955,0.0021712507531606194
148,0.006282564914224094,-0.004280000777424756,-0.0009327772062745327,-0.014279097267441443,-0.3654178973220281,-0.011886322579088598,0.0012949916044717284,-0.0005727036407276355,-0.011623063396402244,0.005103952729486544,0.0016538526754463255
149,0.008978240261972963,-0.004380870535306841,-0.0010941802640277798,-0.015063670510182038,-0.36765160524328655,-0.012953217327009188,0.002765715718124685,-0.0025212546498381222,-0.021322378827644723,0.005298504845695455,0.0007382993826158298
150,0.005933597487956117,-0.008121985216770945,0.0006476360302223843,-0.01475241127469018,-0.37039809094222714,-0.010113392090427213,0.0033957142660732023,0.011075023382625096,-0.01096993003899883,0.00586757913505191,0.0017289326230283133
151,-0.006169370966339441,-0.0007687233900865496,0.0007772204469212925,-0.003393734767473677,-0.3632730759454284,-0.009003944238907364,0.025553568214863022,0.0007326814022205209,-0.010807058305727892,0.00942326801772045,0.0009684251781708283
152,-0.017029554146342968,-0.006031723931949509,-6.835927209365485e-05,-0.0026843366018385714,-0.36710443285300276,-0.009286358253490749,0.021751039738845245,0.0018701644207156103,-0.012445637879367217,0.0070555230391255415,0.0016397078510456747
153,-0.015345302502447289,-0.005314922624217636,0.0007134793405615366,-0.017430556099612644,-0.36262247009076304,-0.009763783487074221,0.027219246653428654,0.0018005136524349252,-0.016696050447515157,0.004267920111256546,0.005062182644365917
154,-0.01288813608464216,-0.009271702174000362,-0.00035391028970931446,-0.0029756285799710175,-0.3663843311539528,-0.00930261576072632,0.025270367339029084,0.007358197721488049,-0.016435994585779237,0.0032353569724611034,-0.00037967376047518323
155,0.007832509067108123,-0.0068850885996137754,-0.00047358012706147536,-0.011602895493336813,-0.36662580796133054,-0.011456701327875013,-0.000771129254533201,0.006149788343244334,-0.01233140340527585,0.007734595773505615,0.0007353907329790193
156,0.008312665176840702,-0.006705192772109038,0.0004986650512200247,-0.014130390784145302,-0.36789315669317907,-0.012298560136378364,0.005493544029070086,0.009794501163358166,-0.01964929976512542,0.005398510477058668,0.003998453900517484
157,0.009067144281020857,-0.0071999346802973044,-0.00028967595311085286,-0.015466173979668037,-0.36756574070265935,-0.012771218715381073,0.0020465414965729622,0.007663320934755614,-0.0199003856706187,0.005177757239620673,0.0008765208654708586
158,0.007029185478409634,-0.003858997528080914,0.00561743851485802,-0.018611711714465295,-0.37195542067190945,-0.01075696402275866,0.002903146603130096,-0.001062728172901474,-0.012192257122431703,0.006422107186441098,0.0005439382541333412
159,0.008747434234935922,-0.001433477824530845,-0.0002088780826067001,-0.014882159180906272,-0.3722530416269552,-0.012454129538716045,-0.000791956670948492,0.0008551625294308501,-0.019968030214540147,0.00771646063595214,0.0004884718132546014
160,0.008022152191233546,-0.005581995796484529,-0.0011360460169435131,-0.013788269922857626,-0.3710983550882461,-0.014107216074204162,0.005086546756757737,0.009457188589293952,-0.020067288773127016,0.005372095859564878,0.0016014466908924009
161,0.007874760649071824,-0.0002731573703207667,-4.502851887403092e-05,-0.014658819250517305,-0.3661925685456767,-0.012824374692010488,0.002140672209048427,0.0013819066714821106,-0.012808836382470629,0.008367144474535605,0.0004181341581144664
162,0.008307259186955256,-0.006179465144066678,0.00016287815059926446,-0.016178474869769213,-0.37085013185161164,-0.01058640506265402,0.005091463130613339,0.009565918993202633,-0.02347228410237281,0.007901755020129976,0.002404972234179494
163,0.007708264911200045,-0.004367456878881046,-0.0012130355518833406,-0.017597939172178122,-0.36438008822749185,-0.01238303406896409,0.0012338190573829304,-0.00022885139496958188,-0.01182117295801522,0.006387633214242687,0.0008406908450153047
164,0.010773623256533603,-0.0042280951105653644,-0.0007774877446770982,-0.018041666763598908,-0.3653645635639758,-0.011181503783817352,-0.003215786935558556,0.00038238960431484834,-0.014230524198104177,0.005330680816058691,0.000920159090872231
165,0.010222373789313434,-0.0035840497409210066,8.241618973585808e-05,-0.018625387992719702,-0.3630984891357157,-0.009922621902435771,-0.002632798954163783,0.0008802880492209028,-0.012651690645505675,0.006012750696770304,0.0007710669729567689
166,0.007331533369607435,-0.007600130926674008,0.0010005488381436614,-0.015114864227574512,-0.36276726742757154,-0.007604218110018058,-0.00032891256425633106,0.010307593124614788,-0.011877634291978382,0.00460315539415433,0.0020768793336430175
167,0.01001752332578635,-0.0039427576574163365,0.00020051330429289284,-0.01656098123065895,-0.3699421884781843,-0.010398810234657623,-0.005455521270270881,3.3957029535415895e-05,-0.020552834208873407,0.004393685811611885,0.002275106202321443
168,0.004631406768110882,-0.0027409680082769354,-0.0010075456133130187,-0.0284534800125358,-0.353902412896357,-0.012894858027339647,0.0017323965326437104,0.001704800474974214,-0.012093755829908957,0.007933707286247161,0.0003333680832528229
169,0.01009556239262767,-0.003534458491636191,-0.00015784847634223382,-0.01881298648793064,-0.36614605340400974,-0.01467644204178372,0.0068691928438917695,0.0010510637003257608,-0.012365008029414884,0.00764906700785901,0.0008023877180098805
170,0.0705554558574783,-0.018496719380777276,8.779527658715556e-05,-0.005304184505780512,-0.33796699557013443,-0.011301404512404203,-0.0018503177989955073,0.002889608004239984,-0.012103944924277835,0.017092948543876774,-5.221599919830966e-06
171,0.03478976196660383,-0.009337863592260371,0.004714302872527003,-0.04272429337320663,-0.23180002785993686,-0.011492866351112763,0.01220460358016792,-0.0033645395614542994,0.00699026452042459,0.012344981387443449,0.000765125267581984
172,0.020535440992661545,0.0007887149967342788,0.008109431473101267,-0.04975954544540402,-0.17548980932501504,0.014325727806380332,0.0001639414028819403,0.00252964201925211,-0.016733866360736774,0.02594787560694872,0.0007603305392205376
173,0.02179889385434985,0.0011928237147414739,0.0008956244875928468,-0.03845841522409967,-0.247782632937236,0.0008426398499496728,0.011976279106796746,-0.0024197493533632216,-0.017555690057709534,0.016588090972641405,0.0008125024457244818
174,0.03886864646383229,-0.003968511238154458,-0.0003921393174003151,-0.033710920836802896,-0.18447431534486483,-0.008302521048179166,0.012725379334398544,-0.00015892937834953305,-0.0236027075625166,0.030709872148728255,0.00036962984251032464
175,0.015599227479009084,0.0013032600012422252,0.006299545948619875,-0.02700781075915088,-0.2383258009107802,0.0068572022297299405,0.006092329301753138,0.0017848604909564704,-0.014710450466978232,0.014699180216782536,0.0004693393716099098
176,0.025947862772638997,0.0005558945138023166,0.008942637634764496,-0.03168677247038807,-0.26820892775609706,-0.0015512167366777997,0.007388503213076481,0.0006669092971740641,-0.012493442015695036,0.022571154552490955,0.0021856008170843184
177,0.0389976472275892,0.0013245572171549458,0.009677407847446784,-0.04427427315549216,-0.23422571563618466,-0.016141287493864634,-0.011430155602831098,-0.0017983928473515967,-0.01290335409531184,0.02168794857402655,0.00169448900857679
178,0.017936085914208474,0.0012313507202792607,0.007465047209283519,-0.029349908071790616,-0.24727774404112446,-0.012766733334792918,-0.007077717619404965,0.0016037554786241894,-0.016559453467843845,0.01123978598242038,0.0031703616941586013
179,0.021909795115849687,0.0008410261269219709,0.007239445542859023,-0.0395686851637723,-0.24352034730898267,0.0035879924905668475,-0.0007265327436649421,-0.0021023951289052545,-0.015780074893665945,0.017478465197741627,0.0019857824578842927
180,0.018940055934226728,0.002457394238961459,0.0003617718056771895,-0.036759097638982885,-0.22739884302608185,-0.0029654827959172073,0.006100199417152574,0.002435348272724196,-0.009283633620131657,0.022732028330914016,0.0023350101968367173
181,0.01810585608990374,0.0002761696370698736,-0.0003945756820338375,-0.03178822891092935,-0.23342071766815864,-0.011495273849580347,0.006000603384507982,-0.0009990655812182434,-0.01361530154002184,0.019350616391215675,0.0013804223660448811
182,0.019643475501013828,0.002353200755185463,0.005922178590712559,-0.02280326644353008,-0.2722939734413833,-0.00014026777896213844,0.01360897787498171,0.0015055620515138392,-0.011698146949631137,0.017757432154144694,0.003403141691204983
183,0.0409270766922229,-0.0003235909775921558,-9.514367655885255e-05,-0.02683574146950333,-0.2499280280206225,-0.0032330481502249185,0.00031396397975307896,6.885292804559922e-05,-0.02043520428643254,0.019710651132139812,0.0012297193548170924
184,0.013612508548945154,-0.0014330206970535003,0.007979826022308555,-0.034730348973995906,-0.26612811189796187,-0.001633245536438162,0.002139117147836492,0.0028396964766547483,-0.015133850950178584,0.010338439885022673,0.0007252162916656117
185,0.014102741482056048,-0.004240178537681236,0.0075551480164143875,-0.0346699933627135,-0.271329308877293,-0.007634842580632955,0.003933383300542024,0.0015363907416346568,-0.013596608024853298,0.012108914372289168,0.0020173698549984954
186,0.02032937786152419,0.0010369034703152358,-0.0012640300424804185,-0.030685008321746015,-0.26233440804607133,-0.010186959721656112,0.013054407886296786,0.0009235334046782673,-0.013107653360899987,0.015657852783620974,0.002068415756077863
187,0.01359227652507705,0.002909447973984206,0.0038172575985556015,-0.027501910923729042,-0.272942056599318,0.005775271002712307,0.016788880205930574,0.0033231194718658175,-0.012022194286829086,0.01716064743250722,0.0024532454957092963
188,0.01735638468871876,0.0026012580876163486,-0.0004580532356685421,-0.03760379347360535,-0.24557335547305556,0.00021683852285661742,0.005587201711526909,0.003226826306668123,-0.01305063497642133,0.014275804570758001,0.0010586608555873793
189,0.017920811638940187,0.0009831097973368064,0.007317721472775064,-0.047167896036904536,-0.20001318488934716,0.015676373980776565,0.007741397421017743,0.0029288601142637943,-0.013079238682214686,0.01923025925722791,0.002466976667851538
190,0.019972921961834162,0.0015271573169838445,-0.0009636414961962511,-0.028328240774734326,-0.22190949489479714,-0.0028891025887666758,0.011041450942463634,0.000764925383781278,-0.01605878410794598,0.01742664247829244,0.0013263911168924557
191,0.037467945103540345,0.0011566419969375548,-0.0009547872566556556,-0.027289210768920623,-0.2456452894408431,-0.012036049260901358,0.010161137002484225,0.00020856768097467758,-0.01084596576457382,0.020579374617862103,0.00115831406776425
192,0.039275534739103515,-0.00253856623143883,-0.0006831664196275904,-0.045708125164237015,-0.1987104577453373,-0.005473432257364951,0.0012081380545102063,-0.0016789220811411392,-0.025363910293690742,0.02221825362829263,0.0011594612637915933
193,0.014566410890502752,0.0005092336059441833,0.001738579543205363,-0.024101422154122438,-0.27313521754620484,-0.0014327393474346426,-0.0014771638429417126,0.002152937692743248,-0.013453368283936217,0.007398791090258447,0.002125995367817888
194,0.02045451090378805,-0.004039653899880288,0.007194839481034452,-0.014540135108218022,-0.29332759626072435,0.0007149114851987383,0.006066573898433695,0.006926743236310455,-0.01280017195825465,0.012885296768815039,0.000714452615453769
195,0.03652045133976011,0.0003993323612885224,0.009097220273043759,-0.030889962284308944,-0.21821603868981898,-0.01357772513145239,0.003711917683543374,0.0007212139842049648,-0.014703603980299051,0.016760917679979316,0.003632558134399545
196,0.01893116128151045,0.001561327636190938,-0.0006377783736223692,-0.03643628177679513,-0.2549603881553938,-0.007382503788637242,0.011982757319574412,-0.0007204554467862491,-0.009328287645505626,0.01670423049148453,0.0010292655160851559
197,0.03560160760021696,0.00046372624022181756,0.0026229820551219663,-0.01973715592793861,-0.24182432477482702,0.009375122896130964,-0.006067366245505161,0.0005207421240858945,-0.014093943223077943,0.012626867311666548,0.0008678463678353977
198,0.03735267636985465,-0.0057636247776046,0.0009315415898971428,-0.04375366250465997,-0.1312993898863536,-0.015418474335714192,-0.017276167805462244,0.0007943915501140996,-0.012424183297171118,-0.004676276071721775,0.0059890246100664495
199,0.04685871484476822,-0.006562690688510363,0.013165257703982998,-0.07513697494702136,-0.14590348767818653,-0.012061286981668343,-0.01604305635191632,-0.001220298590396277,-0.006969498006020542,0.014103260820747506,0.000576866055142253
200,0.03757861469884557,0.0033951818070758473,0.007109041240103412,0.0363475983886874,-0.14621879620147893,-0.014325146240015102,0.011748634766611815,0.0034373970932283933,0.016693444474318704,-0.018712047651411157,0.009436790696797337
201,0.09239243558401201,0.002032697071385466,0.005824909623661513,-0.05313454956077905,0.0017630318327061072,-0.0010573151805436493,0.0040623752206421105,0.006026796849122657,-0.012116679085267553,0.0005676067661194424,0.00940634320866103
202,0.09823103255317701,0.0012392241350279503,0.0030278611843135715,-0.022968872458025837,0.043030810320043626,-0.01024362015188145,-0.013152312513250372,-0.002565799422824564,-0.015015164608991043,0.024077021717922528,0.0016943197074826136
203,0.042228061373113995,0.04032543676864474,-0.0030291787010164385,-0.015593127693772038,-0.07524363716838602,-0.01808609257278194,-0.010548137816626401,-0.0007004195289030773,0.01832467591424188,-0.030681315556972576,0.005458895148203297
204,0.03322463234038566,-0.002424690827728308,-0.0017641691341458805,0.03320618703061233,-0.17455976239047075,-0.01486138642972938,-0.007053137574956036,0.002757370278834132,0.01708857623467364,-0.022435191923618657,0.0020027339132347877
205,0.06515027098282541,-0.0028588022537570303,0.003922400129784212,-0.07152903463269188,-0.10249385804768067,-0.007766848316397049,-0.009560622408619832,-0.0010293832181319346,0.0018261071059013313,-0.0195243240614069,0.008462192679767232
206,0.04334755249462273,0.0003660871602034647,0.012403246457125693,-0.05763713152130975,-0.1286427372551163,0.017356965168218823,0.0077036751657194895,0.003249992173834066,-0.013684808063118576,0.036319627810283604,0.0023571417142897737
207,0.057298904364939535,0.044553175142767326,0.005246843881401703,-0.07696638501797141,-0.10931799200174167,-0.00882919180521882,-0.010636592718832938,0.005311093260211187,0.002115100745411772,-0.020950019619449048,0.002932670915820409
208,0.11323949908865369,-0.0016385599900265461,0.006925550517906351,-0.03827671537624029,0.10662024869207562,-0.0115049533555671,-0.01147158270885138,0.00039841795569763174,-0.03131385758764194,0.020404244328839607,0.009493295832875701
209,0.12097634635338939,0.022331362372219467,0.0034643542370499246,0.001128293011911828,0.2323587769003826,0.01025758485167559,0.010696049281760807,-0.0011692191762983245,0.030377854396693958,-0.03008590374259023,0.010070392287747467
210,0.17262510557011726,0.04905940001674213,0.005377171601658514,-0.021310317662692976,0.27463340685387394,-0.008019695550771902,-0.0109044166382709,-0.007506519608228233,-0.03759870698983482,-0.025676311877625334,0.008656246554521886
211,0.10644592621756187,-0.02626917247818971,0.0037108137233308504,-0.07928395832328702,0.20402468571256294,-0.009591583584687015,-0.004871849578330928,-0.021147204015436454,0.031577434630599276,0.012168276161744112,0.010648214402242877
212,0.07806456593050008,0.013315249047057208,0.005206562436113289,-0.11636168577411572,0.07553783093873231,0.0030988449165275512,-0.013109209737870305,0.0031453647055818953,0.014848384970447367,-0.008480742387846798,0.003978491091907178
213,0.0983253995000377,-0.01822861663384615,0.003603130432395016,-0.05430345360739799,0.08848440170743545,0.012543146451804757,-0.0059907551918441425,0.002544886422473225,0.013944400657614583,-0.0008279003756156388,0.0014878901841499535
214,0.09038741993065998,0.018469073209873642,0.0028154980400672143,0.021642377271905676,0.0743562701450931,0.011542896889444675,-0.009606613706319603,0.0023370267630972927,0.020695791193557436,-0.025300714752250358,0.008310787556276917
215,0.08586129440535138,-0.005231676402900857,-0.0012724046508152459,-0.06169611570414648,0.07142818578875353,-0.002438579457616271,-0.005370724462485927,0.025371745105935456,-0.0033951386682481107,-0.03265513196747465,0.002538470421171595
216,0.02860566377915854,0.033511228224783834,0.0006521716511863479,0.0905217170967008,-0.160384504427336,-0.014235531203221954,-0.007140144473749979,8.610855447006505e-05,0.016059602000913206,-0.027712129748488253,0.0017044928690195674
217,0.07407554292894339,-0.006015137039359377,0.004363858086883163,-0.09564581446258305,-0.022420007345279765,-0.0021107832201670536,-0.018942226815804014,0.0042230586717305245,0.014506378046970348,-0.029903074295724908,0.0003580616233016753
218,0.08727549648039859,-0.0006523326638583058,-0.003584765814397665,-0.06303757302177182,-0.0036716137539419373,-0.0036948907307830558,-0.011995721087365734,-0.008716755090882999,-0.023158291254585208,0.022421021466805743,0.003064577442436236
219,0.12048452491896844,0.05333453013617206,0.0027455361615476384,-0.04506431492052664,0.16547753750997746,-0.011270621075391944,0.006178578130606849,-0.0015789864968024398,-0.01719532610041965,-0.02625147186031678,0.004862551522895793
220,0.0738494697154647,-0.009190834934313089,0.00443734669157757,-0.015557839133807407,0.021042431230079872,-0.01358855353853322,-0.007175860654724959,0.0009846549449204524,0.026395252189634816,-0.04861126465530285,0.004117219018104021
221,0.10135143105111145,0.026544732909218303,0.0019763566539858033,0.01597611183429326,0.1005008600879323,0.0031225425292191245,0.008349314438889133,-0.004264921985258527,0.022680942173062168,-0.018603491153830417,0.00627793481620103
222,0.13888056251935657,-0.007921452123769709,0.0024216990670008136,-0.07137940821626364,0.20984191922070983,-0.014606234775628087,-0.007980332509460274,-0.017522017815178342,0.0002934292678669682,-0.021742003234231845,0.0030028794682858237
223,0.0904545443049371,-0.002174250966316391,-0.001198354503306528,-0.069751701333186,0.10273223460992388,-0.002482670113819457,-0.006251846991292169,-0.0008897499405458395,-0.021639953845587492,-0.02732655689897275,-0.0003591206253652719
224,0.12011472833241336,-0.01334405889504352,0.0022511759071744963,-0.04667521711567112,0.16739537689660594,-0.016066198107411243,-0.00848121959673119,0.0017273362078322396,-0.04032590716493021,-0.02910420202332805,0.003417642608751523
225,0.06151365491328984,0.026370877801021524,0.005183476764993998,-0.011249064718680006,-0.002026546074942989,-0.005308005387848187,0.011808352303520299,-0.0017306640575008624,0.00867955847137752,0.026674909232674137,0.00809515614092728
226,0.07319047625234476,-0.027908653334928767,0.004235489200735884,-0.0638207899306772,0.04929905612542088,0.000738484250653491,-0.000754187326017133,0.0014104186338346292,0.02992256773813606,0.031558253152279586,0.003944762194710533
227,0.1565800630459825,0.027424508760668338,0.006738979514207838,-0.05815519516045638,0.3791432648383663,-0.039839619448127445,-0.007550870908599015,-0.0019425730474600918,0.0194804796677358,-0.005399610980587582,0.011342296773743425
228,0.15747628335551828,-0.010952787297322183,0.0031794840084102124,0.02427335003213661,0.45034031791428086,0.030796971191838066,0.004112347340986035,0.002795031864661116,0.04971050232624145,-0.04752812400557389,0.008946043135447538
229,0.10774681547604421,0.02671459641017244,0.0052757611338854595,0.012455792449259099,0.35975307107545507,0.03533847174647324,-0.00011396969264081018,-0.005954612205892685,0.03222019021454408,0.04684058163882851,0.01084913411832467
230,0.143686621350697,-0.04385716309331905,-0.004498336975390242,-0.037243795938879186,0.4279712549488936,-0.055408140593735784,-0.002145997022787703,-0.010515665124667966,0.0418316689246701,0.03314579187457148,0.010670226638592233
231,0.1684213885128464,0.06038964398433824,0.0006904792587777156,-0.005333607996403212,0.3687309448647043,-0.011039657999206719,-0.008919096369975186,0.003238801448555585,-0.06312010848050338,-0.033802243865338595,0.009853062027532191
232,0.16024689638918363,-0.009613423060743835,0.0030177251419932867,0.04393099365527737,0.3000273745224107,0.020255236944512423,0.005304164807058567,0.0022892017583679442,0.04515440397164449,-0.05043738461666134,0.0031198018794648353
233,0.1707250217494257,0.019124867475190512,0.006558880187245109,0.04667605871507289,0.3049162071634297,0.0033053832923846706,-0.0001367660343962905,-0.0009426983337719379,0.03281873570541389,-0.03871093436325906,0.01027935758446563
234,0.1687295670283353,0.035293833731737875,0.001211766812743571,0.014363872303355183,0.48405392166352956,0.02957846032737832,0.0031164324593650028,0.001590878440462687,0.026436069204292974,-0.03433450018899698,0.007792986943365436
235,0.16693871905351015,0.07112096600608847,0.0014680599586013028,-0.01899340835008001,0.42403691489097434,-0.027596980558368366,-0.011543566662100128,0.00044962042154918,-0.02520786629203397,-0.02804467965121782,0.004736329820736682
236,0.16471196948027145,0.057764483592286114,0.005517102763312957,0.01113276089839704,0.42695639684477804,-0.04352826457915769,-0.002601676424461706,0.0002319722604669276,-0.0035644284342844935,-0.016811842019183433,0.007142797526634051
237,0.1126285302339217,0.061919862686825644,0.002840904551105688,-0.01514785693345956,0.45725503211124097,0.039738287366031154,0.004502280855897376,0.0016239826579648982,0.02415309150942021,0.02247061779709742,0.006343294187081092
238,0.13879305498026942,0.03563669509055391,0.010467785130890968,0.011908481629626592,0.4374400486056435,-0.03505405457134474,0.0074162566973260255,0.004829314577826396,0.028243036207223488,0.03227518609528623,0.009291898417249898
239,0.12092545158731913,0.0397275262115382,0.0002633596677808586,0.03656324268585595,0.4300115551079797,0.023741752590283195,-0.013706004776222813,-7.954202716417712e-05,0.024912008434602506,0.016966252291910563,0.003407034999734291
240,0.15127056185263646,0.026105163639457488,-0.0014970224294112747,-0.029813059544219436,0.502998459010193,0.033376206747507034,0.010561058593913908,0.0001025938690619105,0.021509257041378096,-0.005080218040857875,0.004907897766823543
241,0.14233209521632764,0.03398219916759309,0.002680537641048954,-0.01161992028003203,0.4888350405210798,0.03249787551416902,0.014219140674775645,-0.002109952839483564,0.0251434914188693,0.02015449276430101,0.005429646826194057
242,0.08680740253535625,-0.0019663377884645123,0.005354106557374005,0.0013573787065874494,0.5775600208282364,0.04815771012397033,0.006697643852891052,0.0017476252969858583,0.043287278040279153,0.07194951164726208,0.004567407275154671
243,0.16372163956437388,0.032183082731537686,0.003197645326949877,0.023841961565446393,0.461980306283663,0.024951269168119097,-0.0009971755478509422,-0.00023391428097448762,0.026205105515742955,-0.03800601582454711,0.00797112982903563
244,0.14509702104629693,-0.003877621996084919,-0.0010009825274569604,0.034429275514612674,0.4694505064454532,0.037586439452084106,0.007148416301785347,0.0027300160836829326,0.036832702457428576,0.020829063340731153,0.0028817335423858047
245,0.14548111629191995,-0.0032851927531708522,0.004925652446773051,-0.021903255378662185,0.43598146519141234,0.02543746512178218,0.011001991553125676,0.0012732355033968725,0.04174137957544285,0.0209741796712306,0.015698831696445825
246,0.13130409770537968,0.02134047476524526,0.004280289523180339,0.033642683700876676,0.4925684565684297,0.03530442791019869,0.0023041044389414548,0.0014114628051254356,0.023160362710818904,0.014611619149433324,0.011004416033194851
247,0.13460905837948112,0.05035411169279468,0.0034739740863441795,0.0032445202933014962,0.503567440739547,0.03047067902218512,0.008962059388198832,-0.0026794145006432094,0.024650813391139302,-0.01683514779567749,0.007562661785890539
248,0.14583128211238777,0.02167400270553402,0.0025082369811946672,0.030286876020630675,0.4765869104458796,0.0364112562744566,0.001744044794705998,-0.0023669461556824535,0.025534939348686652,-0.001431312661407856,0.009271388497284884
249,0.14140088140888257,0.024913188667561148,-0.0037686491756364223,0.03375433946151118,0.45154735320453016,0.024623067460059996,0.0052851548004336025,0.002051812095785005,0.024591537590238167,0.021275193789245073,0.0038561752646596274
250,0.16671554328986168,-0.0025859506356238162,0.00250672876543998,0.013154339532616886,0.49189864344578077,0.0425349775266603,0.003496179674498595,0.0023996633039508413,0.03302867898643387,0.007347625170798245,0.006128375620468052
251,0.09791371678194154,0.009495739933051747,-0.00602093892698536,0.048333283405800696,0.36759358665863084,0.023250747052710432,-0.0016551044795796216,0.0023517516522075484,0.043730948156611764,0.06543463678074918,0.007514488707399805
252,0.15790100726938383,-0.002904674757226033,0.00438409126386321,0.025905497796036226,0.4801363013468026,0.03938371307697192,0.004365535328987991,-0.0012449468355766298,0.037984870100322955,0.0027177939692239993,0.006951664072986978
253,0.15242472119219616,-0.007326323770086358,0.002670212409112966,-0.017513803051145613,0.49959864632224193,0.03616082989319671,0.005306707207681458,-0.002892756183004379,0.02985176409112889,0.017705504269667605,0.004765215025512965
254,0.15329447809957927,0.034527103483384114,0.0021452740560721473,-0.024672050398611204,0.5083515303605443,0.032642706526031295,-0.0031035753648448647,-0.0047338141567263015,0.019058357961898493,-0.0035187259654219957,0.007778101676214616
255,0.11035182632763164,0.03218438518018478,0.0014766208124555272,0.027183153621654008,0.490424439906655,0.058549720366426965,-0.0030763973639524123,-0.0007115309687679934,0.026363872053891364,0.04870857635965101,0.002259503787014402
256,0.10170859823297904,0.0004918408278190548,0.011876743100616184,-0.019327475502156362,0.4958509108581434,0.04569233465697562,0.002837892465915807,0.005168774015171506,0.052643669013136996,0.06484816383102554,0.004240613011322657
257,0.11165015448737223,-0.0366566100798255,-0.0008911611962811359,0.06645207675184964,0.4534189557923397,0.0481716578860508,0.009995152793079682,-0.0015062274521181575,0.051338838842904834,0.06057199742473438,0.005793392686309774
258,0.14107731157864262,0.03822708427544652,0.00342937729757221,-0.0454449869495228,0.4427201426205422,0.02843343349957118,0.012046038725236146,0.0017649989117766783,0.033759709471917705,0.017760421757045942,0.011401494479985766
259,0.1324602832444299,-0.0008763816354054843,0.0006408563774293212,-0.009842353257578852,0.4302389444270559,0.03408904159652845,0.0016923279856346002,0.0020413264558101526,0.044778753151877355,0.04203014543306252,0.0030217310266223625
260,0.16393317978517402,0.005204406407536034,0.003011404675921225,0.045684702904703514,0.311442530274288,0.028661461552026958,0.0014923230299030146,-0.0016145031357321152,0.03559851979662965,-0.026147642697496358,0.008576321164931918
261,-0.006626491571953975,-0.06068554569331503,0.0004271216932701969,-0.02686523743115774,0.26410848767286843,0.04503216731151723,0.01678076699663764,0.0016263228717344656,0.024916485438812523,0.15862420524539012,-0.0006900992790374561
262,0.07765167807223565,0.004024714884329078,0.005312614863211329,0.003921379960700408,0.30090538376787873,0.04203518093803237,0.00920554517278078,0.004211416286630649,0.04473763190260815,0.08474618642833795,-0.005089198391346442
263,0.12891008332622714,-0.0019913407980290832,0.0027977350686493826,0.03805932027063475,0.3664870059851208,0.04892907110732603,0.008748883541357989,0.003160012537484751,-0.019812463596789776,0.0647060883187604,-0.00242385747025116
264,0.15640304718304174,-0.023455868541231505,0.0020995671879780187,-0.05162030378927663,0.33978333628817786,-0.024383249956198692,-0.006349564005715801,-0.002363454832960016,-0.009565083369761978,0.012635591137617076,-0.0006207389636183297
265,0.16847316317692432,0.0015662284922337859,0.006971114371452786,-0.05766384579368181,0.30441485085178166,0.0148148379853545,0.011468454940929343,-0.00014838769383661133,0.034814838112962106,-0.03447214098460282,0.004965357279970353
266,0.17848651653437198,-0.01496865910365008,0.0019906320413139674,-0.004771884667098242,0.3322220832216034,0.031697224353071894,0.010586654948793848,-0.0010664154256033046,0.03334940942790553,-0.0018786063743027033,0.004938991210791341
267,0.10595330367966564,-0.02243720274531426,0.005191138154481756,0.0195538750535082,0.30141187369904754,-0.007901724375655108,-0.007269679365927789,0.004288137569876047,0.044868235127323144,0.08499140444732871,0.003297200379919983
268,0.1654166093750183,0.0008524643380467679,0.0046275448488685275,0.04376318601729368,0.33901053523120234,-0.005914778083362568,0.0061884767771743475,-0.004506290882668354,0.03582878400450104,-0.018191955634166004,0.013859459658986214
269,0.1588456214629867,0.0012065817021454598,0.0015745159274867867,0.04175389982653227,0.33125525535089567,0.0228200162728503,0.008002595473188672,0.0019159304478444505,0.0422855300460274,-0.044225781048931455,0.010164775845334312
270,0.15774604854632787,0.032302831552913906,0.003315801170847759,0.004859801708036396,0.4221361084814028,0.027991788466783726,0.009404823010701596,0.0012583436058024578,0.030237310824514817,0.008302011373972497,0.007989143936382809
271,0.16536462643633315,-0.009274718288568348,0.0037698215741786335,0.010757058312018501,0.4621209043140144,0.026633342435503127,0.008069094645369524,0.0013783478562446147,-0.015638596911578737,-0.03078040610001057,0.0035009234412115863
272,0.1776007182204035,0.03265175693007155,-0.0005661017322043834,0.002002628235222641,0.4219985730802381,0.025488063785406783,0.00024178069706666354,0.002799729948228812,0.030849738596003533,-0.003972238296782941,0.008349980395762447
273,0.0959333568036477,0.03359040722289726,0.00365986155780417,0.06187403336581283,0.3156416561494241,0.04263318660849386,0.006629275591052301,-0.007174341074286518,-0.013906865487866115,0.007973113968375871,0.0060097532061764184
274,0.18234046714956184,0.026547867450725914,0.00398449538243583,0.005135938627718666,0.3014977241224684,0.004421586623378257,0.0014768329168911235,0.001135114729840438,0.03606056177448849,-0.03803404698932661,0.00977641590915593
275,0.1266052127549177,-0.011206943661709254,0.005545841525539152,0.03615195872626674,0.2850578051946296,-0.02010706758130294,-0.029579259214365678,0.0013136759569565314,0.04600288423595394,0.027495157328975277,-0.0021216164569694052
276,0.08939839495969203,0.04060570436577104,0.0012420918154910747,0.0063485516107308375,0.43039965588739026,0.033510157771016215,-0.0027682674106463494,0.00010892173657720974,0.028736895490675218,0.07222971886697119,0.0049947732087128665
277,0.03809762608440498,0.030534204744073173,0.007242907426723306,-0.044625461485697356,0.26241619652752435,-0.057035267466066554,0.004621132269130023,-0.012247196133208658,0.02639743242141088,0.0723039428405071,0.005206598932482459
278,0.12270490047839004,0.02084481425807147,-0.00017750708432043703,-0.05453489481339558,0.29290351451016966,-0.009948456686207705,-0.008661610665699739,-0.006401525301338024,0.02232639280000894,0.02175418216475241,0.006817995095020047
279,0.1461448763882727,0.03304025775207559,-0.001608425199985164,0.01704850797735424,0.2813880123119336,0.014155183355789991,-0.0016075814968846173,-0.0015620535765012988,-0.022325117790694796,-0.021223139742793374,-0.0013821106695562375
280,-0.04808703931702855,0.026680632927831478,0.00953819516872628,-0.02542304766034656,0.21670260090533297,-3.839182847934114e-05,-0.001437415340215534,0.005220566046813313,0.014819078110522542,0.04916061790578344,0.0026397191466613593
281,-0.014333130763706847,0.010777021044270405,0.0035654336217496754,0.029382832325400107,0.25504365249539207,0.03192642684803413,-0.004546558399049903,0.0022664968688679,0.026692779146995516,0.13595199221299306,0.0008931250850195582
282,0.10649821452740593,0.007395338345082338,0.0023810138532561276,0.056579641053156195,0.2880525897484272,0.015848778530012594,-0.00566447991345094,-0.0031741967238334812,-0.013487705004649497,0.05861015447747381,0.00011858356873823847
283,-0.026703095216061692,0.01908701211574767,0.0013305567660350083,0.05429008663710838,0.255896462738789,0.04766451550191275,-0.0032134897036075034,0.0027781946548610967,0.022292462338232757,0.08004617779751699,0.0022182751946584153
284,-0.020387420365335758,0.0062468948895867925,0.0011136599428441711,0.054284137261906076,0.1813740550602666,-0.021831782485397678,0.001725501311892946,0.0039385237877098645,0.00925016743943458,0.05477817035744809,-0.004732252027782175
285,-0.0026409533389886593,0.011348564837283356,0.0011739548739481628,0.038204095957368504,0.2439679488139861,0.011536361607501325,-0.005214138857789686,-0.006068641744450424,0.02556736341323715,0.11844640484913065,-0.013395139492910931
286,0.1250406494964487,0.013022097565184288,0.003505970464321538,0.041756499529063934,0.27829034621724735,-0.01653441723204536,-0.002903935610303114,0.002677204755193068,0.027583695763398267,0.029642253522696754,0.006262899761748891
287,0.10962070705776204,-0.0020195228451718446,0.005710016661022338,0.09820525648010407,0.17739901834460495,0.017868144535156234,0.0013409042290816328,0.008397520817113355,0.023318848188320786,0.006593973465314803,0.005301119863088669
288,0.08889190609644591,0.006444260520767563,0.002994238063871572,-0.06798638075238446,0.11345937302478454,0.004257435525200161,-0.001305355657829066,-0.0028425609789036145,0.015883381189113203,-0.020270799946713436,0.004055881168221142
289,0.08140051705327785,0.00889232553186885,0.0016100812275525547,0.05673195307442527,0.1998754925361477,0.021222005752726585,-0.007063138391706889,-0.0018007838975240258,0.029928998688039683,0.047713884639589664,0.002289691638896638
290,0.06114815036488706,0.004198068753396568,0.006132359555070766,0.07147391574005843,0.09033873998949693,-0.0038800865381606953,-0.003114336031207715,0.0038235190101050744,0.02712721501648488,0.04061749795789174,0.001839605962906147
291,0.09703367553949269,0.004288248377185639,0.0015562249640084871,-0.06306210702547475,0.18419829576394625,0.0007589419213396812,-0.006437659926593763,-0.0009902605652582887,0.021414329579928393,0.0256117093059751,0.003028154725767176
292,0.04817622034688106,0.023797029402859066,0.001208792651036974,-0.02101659449122749,0.013269267177654817,0.001605784831147709,0.00295086806074694,-0.019562482085426817,0.014607981199854828,0.021409173841026828,0.0027712787457032455
293,0.09686367459389508,0.050119269577304,0.005313587133886649,0.10871067813356183,0.15676177296418042,-0.004805908059057743,-0.0008460156552415902,0.008097772942737206,0.022660312571056645,-0.016082299489351783,0.009357516133076817
294,0.12893522742962668,-0.0014266418881349636,0.00409674437751026,0.001915000097210421,0.15359833445575355,0.013766152486723592,-0.010373660292959783,0.00504819261821468,-0.02973426753375724,-0.030064649913996638,0.0018142160501872823
295,0.10361142777407215,-0.00580766265638503,0.0018722469115944641,-0.05794055728727602,0.16063065400385976,0.0023438637974569462,-0.006655083125909515,0.00312395458317657,0.010731884771694003,0.0010140583867062959,0.004316709683714344
296,0.071738844457138,0.02174989801879276,0.004078223190196788,0.11259725367706916,0.03756894827753743,-0.00022230786468062678,-0.006011813035107181,-0.0009375788310553013,0.013664367120556891,0.017882916783059293,0.002532160829996832
297,0.04807145813227322,-0.0012370102592820038,0.0005923219663756117,-0.07294803210052589,-0.16479539297613768,0.013702559178381155,-0.005542690668395732,-0.0010837156156687543,0.001985437813222448,-0.023562066454769028,0.0052229827120687826
298,0.037658192711770344,0.010652111524472862,0.001984802080649745,0.04973021438197808,-0.08476747670856058,0.028609490275313433,-0.001444349108957213,0.00027781359667985783,-0.009796793898611444,-0.011031769343167512,0.003464603557233447
299,0.0406875615883049,0.011246052193328089,0.009489718130135074,0.05248257311308497,-0.07707975859831125,0.030219418115372234,-9.993747365630504e-05,0.00014711930657249566,-0.008182540751440011,-0.003026265531218345,0.004708329134520681
300,0.03365126006867671,-0.005389335961898083,0.005156331255333444,0.09734066778625793,-0.12015855533184656,-0.015891631077073615,0.0055609067675670264,-3.658218972784415e-05,0.015087911594965326,-0.010814432386021375,-0.0005159818500841324
301,0.05068683859735841,0.01604524065109554,0.0016288824685157337,-0.0829405652498061,-0.14930669949423353,0.011789906413320776,0.006195200022239419,-0.0015015611822534602,-0.007675560165075867,-0.024584318373477472,0.00193920120557061
302,0.040169775776256224,0.0009897040855384777,0.013258884845858031,0.03357621692156775,-0.10683721011890646,0.02584177764286038,0.00011269529424210142,0.0006429953335349682,-0.022694640896666462,0.017048922249199596,0.0015248056952599134
303,0.01877124040706957,-0.0008212690797053873,-0.001444922806944125,0.10708495871802624,-0.10563172844357413,-0.00043299429239030855,-0.0035371159844297174,0.0025158880621277474,0.01314597436576431,-0.018643481281954755,0.003937243082847778
304,0.036780525587294395,-0.005354391991151321,0.004565618829300665,0.1094503379796842,-0.12384095961117146,-0.021630142953581774,-0.00454644021958543,0.0010604150268001028,0.021361234101354973,-0.03191845464656682,0.0007428161827454111
305,0.04463030569000072,0.0014158852892206563,0.0021327054750678136,0.0427048985574357,-0.11176791507105008,0.022015646264272045,-0.0035538631369762983,-0.007569066392343511,-0.012785383212225202,0.014486645768995289,0.0024151041774096143
306,0.039661799347275505,0.002211128002360826,0.0033044674978902834,0.033328476578339976,-0.08061295167625002,0.024258844519323537,-0.009298259999665387,-0.0017739651229912053,-0.0073502769583239525,0.006293571354852779,0.0025111063699125953
307,0.03550280027283472,-0.001624389967668996,-0.0015677312157708477,-0.0029109446385867013,-0.16871677705599739,0.00018934205063104417,-0.005708260605084156,-0.002268577938012516,-0.01595112081867543,0.014605968626222389,0.0010515237414670628
308,0.03849320791900013,0.0004997290412136978,0.001736900761395771,0.015526134725914577,-0.13640416032377325,0.024273411472470727,0.0023066880887950445,0.0005520632364261286,-0.02131276340619008,0.019871560640935843,-0.00016857300881860789
309,0.03511132513063705,-0.00038623856294256584,-0.0025547476154610268,0.00675849031547989,-0.11391872333105205,0.022813277903085235,-0.004259938866501637,-0.00014302212426782756,-0.005951355763739775,0.010692083189406872,0.00051737538438229
310,0.030978142018801245,-0.0028633737361148243,0.007347105002201839,-0.03643226267196129,-0.2340775801109458,0.007151058981362877,0.007004244365099069,0.00046381971830090397,0.004852920520093081,-0.018877698339870817,0.0008044586792816508
311,0.04030030622497374,-0.004515997990811107,0.004301937924011238,0.03659925918902602,-0.10652646299452481,0.02608382245771552,0.0003654638791779827,0.002133493793288403,-0.009597374186297396,0.01975532871639877,0.002209221466489143
312,0.02956325559414967,-0.0004748059456724459,0.0024692503442899794,0.04019772438529897,-0.07935544517047412,0.02871658196985309,0.0003624181934310382,0.0005832159009116392,-0.01427837065014898,-0.008519773208549375,0.00390883458502736
313,0.03699403041979915,0.0002221701728326027,0.008447653299228789,0.021828905700673317,-0.1417936056676404,0.029788426150212165,-0.007677839048296671,-0.0022013811564195918,-0.01698706545351194,0.01923075061501048,0.000490167778900863
314,0.03784215724464843,0.0031119974901812277,0.0031563190225518626,0.003281614791341993,-0.14523545813957758,0.019576517934554238,0.0016542224310236993,0.0003470885568693891,-0.005097189574037626,0.013039236246328958,0.0026026248171836545
315,0.026082890298171325,-0.0005709354352948613,0.0022286331201870524,0.08782549777662657,-0.2330167356329305,0.0001542718044885587,0.004582233960173088,-0.00340746282039394,0.0155609235850279,-0.014939921884216294,0.0029157109077843353
316,0.04202369644968283,-0.00204586119812528,0.0024641191145447594,-0.0006810467068254882,-0.14656182611459748,-0.009135670297489826,-0.004172495082600601,-0.0013385943270955445,-0.019552266132104458,0.018440610014884846,0.0012402700970237822
317,0.024237131594867414,0.005174010714569227,0.012320649734569887,0.10187143698567984,-0.14375948443218642,-0.005779312472216765,-0.0030947930102714367,-0.00045681649969008464,0.0075917891888965285,-0.004520826652366111,0.0019445422062979475
318,0.04935720666963203,0.015809736287065557,0.0027888603349418696,0.07775228041350474,0.11925007333904562,0.02259588280969484,-0.00986236718137972,0.004767528649308386,0.017264294288098,0.05458536371871729,0.003924734081813218
319,0.08509989877614346,0.0012946680264877533,0.004877425768797797,0.0738362049542785,0.07569272476894147,-0.011073045995925795,-0.006484405422862806,0.0020410440119461633,0.02768053946067585,0.007869131684683254,0.003173329182652153
320,0.08798584470877187,0.0008397071266646534,0.004189010317478606,-0.03362767180074706,0.06664447430220842,0.002832824179085019,0.00339507032439391,-0.01522701905993472,-0.02078186507860266,-0.027810409368503597,0.001767606041294003
321,0.08556288785751372,0.0026232327308010586,0.00658068200960992,0.009057663693231952,0.06163886890822878,0.022702832203371305,0.0017605086397105812,0.00025685323641461106,0.017931821526517663,-0.0378402790677449,0.001372706929274388
322,0.06493435544775587,-0.006591761073222889,0.000564043684562389,0.07890926855337554,0.10442682962979434,-0.010700682160899987,-0.012528430861356408,-0.015134831938959049,0.019371198947864866,0.03606671109913257,-0.0014587477313539766
323,0.09025999312543638,-0.0011038395145094976,0.007749839033894601,-0.0386491155472964,0.08888426222948226,-0.001913311929712331,-0.006390103000102224,-0.0006060004402627017,-0.02819717921273141,-0.02329999270351835,0.0008910367641031435
324,0.05516401011167934,-0.014387535458866089,0.004891449392081445,0.07012335030676096,0.04673828348536339,-0.005123094906167612,0.011117042852379102,0.0002737971747586331,-0.011920463455849071,0.023426780735294046,-0.0001137008091420773
325,0.09020065780380242,0.002772934108160217,0.0011180432067437885,0.12683259156557242,0.12009782561816193,0.014360498056945394,-0.003560200655945962,0.0030898893500033095,0.02606379960956983,-0.04474192542763236,0.004936006846114467
326,0.06896159746331798,0.006760237400311064,0.006820492378154558,-0.08685563161818642,-0.020915614004791024,0.0038640574592555886,-0.003761933005781409,-0.025815204694047557,0.006683690631913715,-0.02970266704818215,0.0034239070332199484
327,0.07702343776783391,-0.008736645535880676,0.0028151272680381613,0.015139569263588946,0.0248450478933205,0.00013962365103102988,0.004661258618270225,-0.000548469671123335,-0.021815733213051518,-0.039787720541375964,0.0008178761885003646
328,0.09208865004757605,0.02418326775101829,0.0009015608224107387,-0.04917106991298948,0.09805149988262313,0.008339419877306317,0.009793702530236951,0.0031336741281944185,-0.0014151593150376952,-0.0076140795008171015,0.0033112648647739885
329,0.07734138745557685,-0.009683992285515235,0.004667322252557586,-0.028519280441585665,0.10367034247353665,0.0014263287310933184,-0.002020270357348888,0.002917246463668224,-0.024564364718209407,0.009952953888077565,-0.0037431809993898916
330,0.12994324037305618,-0.03697721932840388,0.00320414268406638,-0.00822970560009286,0.15508781530148494,0.005824833279041618,-0.0012195838488223173,0.00024273472979999128,0.016791648170591582,-0.025991753393154175,0.006403875544706543
331,0.07662684728206746,-0.012819053492895997,0.003727522465139584,0.09125254095857374,0.06553131228356529,-0.006729737080681285,-0.0031387983207768243,0.003960203322032832,0.025528464389385233,-0.055065116752380495,0.003648176813056917
332,0.09918659305604774,0.019120796182723387,0.00024489740855883834,0.0663131191147886,0.11329037441075591,-0.0049903383727006945,-0.007084891136972433,0.0020538380587161163,0.012356226151534542,0.004506879380803293,0.0048055460449797005
333,0.10206898280586728,-0.013336058591956801,0.002898352693244827,0.06302001242636901,0.09949636496968255,-0.0070977291369977704,-0.008510749751385523,-0.0068699544132093775,0.041260491195231036,-0.03482287805359527,0.0052673858860202765
334,0.07473667999865083,0.03882206217325998,0.0010278267179242727,0.011646971244479783,0.045627919094817025,-0.013554503051641196,-0.010564350754662334,0.009656313407066654,-0.012563893777230918,-0.01938381233709935,0.00467944695851941
335,0.11445715747101005,-0.009072411346910367,0.002311103060399384,0.04562381845429281,0.12551026809548718,-0.01880101530540582,-0.012204357191312916,-0.007382939888894638,0.039287448465033764,-0.03972104505989754,0.006355341697955299
336,0.05152851003927539,-0.0073267401794114536,0.004145786792457125,0.11847496922183064,0.0863481466358088,-0.00783321414571115,0.0038924270657774243,0.000770995297712427,0.01136132718966414,0.03801417365104112,0.0032390013144779402
337,0.09938068615228947,0.024671481210499783,0.0038810506986211865,0.013092696441614636,0.10990078571020835,-0.001898381740900772,0.013426681269289337,0.004980065369729832,0.013597624723374386,-0.0020344354001226566,0.0075684254542919315
338,0.09889029224837755,-0.009399600226038468,0.006281382323253084,0.05947935829618731,0.10260751376526948,-0.015691514592616102,-0.010647721805610973,-0.020789841970594334,0.038397155810617034,-0.04672251441088643,0.00426796059184551
339,0.11107617179912059,0.030983019156421227,0.0038806625077174727,0.07242702783451525,0.1987475952892492,0.0005189124852670261,-0.0025521227787148456,-0.00024190146344819983,0.0027895262072047695,0.016255834568745218,0.009740825025512686
340,0.08965757771394899,0.03463620757808869,0.0005194676925162582,0.0990547295334674,0.11459082920965327,-0.003933018954496235,-0.002910626054000908,0.0017472907343231254,-0.012840703947660652,-0.01503909704383058,0.003551486024912533
341,0.09187817898181677,-0.019018618441972706,0.004499780640955731,0.08471806291775932,0.18597234599235488,-0.0087396438335769,-0.006113168118448773,-0.0037498677968650523,0.019875131973475364,0.028819964014717404,0.004367260063619919
342,0.08984038390137844,0.036438702288983334,0.0012457052607407289,-0.03501500756802378,0.17982136427195525,-0.008483505992502059,0.012585339170853029,0.005998504358282559,-0.023235838806373654,0.018827992952339414,0.0069227644770961504
343,-0.06416941997496052,0.00015330716402530982,0.0002745590651673594,0.10815161754230485,0.12009118083189822,-0.0039866472917344025,-0.00479097485316469,0.0024252011905285258,-0.017012332561942217,-0.020911203902207937,-0.006054659774326415
344,0.07644891369921725,0.04254863785850264,0.007438235174016749,0.022590188672233613,0.2899946444144367,-0.03271562129247988,-0.00030258397366340374,0.0013034761697419933,0.023855779985200238,0.03582183745743425,0.005895018786433263
345,0.039832756229317624,-0.023536182969917725,-0.0011598972449586077,-0.011548242112319996,0.15020862110938635,0.014547067960512956,-0.003742125581178677,0.010729440845798632,0.018601934410029202,0.11840781728943964,0.0010326250419620282
346,0.08252522373289024,0.02663588482017043,0.003754958102965134,0.04015847711889463,0.23290365270059663,-0.017752725023573713,-0.006361511308598484,-0.004374036345582789,0.017684481036296315,0.033110226404333434,-0.0073576568992445805
347,0.02678933342058704,0.023377428640824222,-0.0030834641414493632,0.044249941712517386,0.20659712390559873,-0.019006928685417746,-0.02090708391397653,0.001564109362219183,0.02471814980887881,0.09621738813636935,-0.0012092814825524633
348,0.12821039929923758,0.03316808233851364,0.005216936384200784,0.04151624572358807,0.20231685280919176,-0.0011754091796957074,0.011425556025480153,0.007208979911133882,0.01613419638860303,-0.009900542307245462,0.008819004211934423
349,0.043613174895952046,-0.0026377023025306845,0.005080162816430062,-0.009266246477122235,-0.2470065164685181,-0.011892590214831477,-0.00037931926510112365,-0.00025391449145272524,-0.013986314445618982,0.009769903300638117,0.0010297643458844932
350,0.021954069701666634,0.0015972149566547045,0.00768889454513536,-0.01220976151158139,-0.24985404363868158,0.006059828347859524,0.004886437314851131,0.0018281013226989116,-0.013854924859241158,0.013336604849810219,0.0028810267637784034
351,0.03694609280717233,0.0007230305951235182,-0.001687403625038771,-0.013672472024066979,-0.2457865358473475,0.009096563543715927,0.006067824418082661,-0.0012266841521150927,-0.015263958314366501,0.011875559427588705,0.0025326061536648996
352,0.03306717754408429,-0.0010798229667070272,0.0010771344350913679,-0.02838718803045948,-0.2349517534867104,0.011623124370391107,0.0003223529554282718,0.0046482620525956165,-0.01439040404016834,0.014788333142802118,0.003065868051577771
353,0.033606020187139006,-0.0007437093022874687,-0.0012933675712795186,0.01091014226071666,-0.17906480891186202,0.009535400505715566,-0.004385459019923159,-0.00213392307168029,-0.018501855998832573,0.011074993596311393,0.0018036542874163637
354,0.03992095456529123,-0.0010414858751427495,-0.00044161202874835344,0.005285479600921302,-0.16358364904619296,0.006406908489520969,0.007895254816085936,0.0012477517254488822,-0.017036869037887297,0.016515392178592513,0.000147291679784497
355,0.03988546308440519,0.0009909368790642712,-0.001365636587081864,-0.003823238653274967,-0.16562498966381575,-0.012939687266713669,-0.005572821502251626,-0.0034869888999775342,-0.016793593809531233,0.014825606271990742,0.00040781785657687886
356,0.03465719839717937,-0.0006378536151032936,0.0009750454749642643,-0.04355895290354866,-0.24675568121792854,0.011231288508974344,0.007925192195475083,-0.0009739940686792754,0.007393339553737614,-0.016198335403800924,0.0028998288539692618
357,0.02993039048228904,-0.0016372720464588777,0.00012627985780347737,-0.03466521579957029,-0.20154715444945376,-0.017624054425756187,0.00929347137295057,0.0003987304696598328,-0.013976768237196562,-0.009673856547784855,0.0010902380279702352
358,0.036791491183966754,-0.0018027141411231934,0.010452480697054073,0.018061602550336595,-0.14544577134027245,0.02463362741654042,-0.009549745489097743,-0.00011145420882110499,-0.022814108185877504,0.01939453095330845,0.0006584015158324785
359,0.01881229780860612,-0.0003050511105016112,0.0002059334936679091,-0.00835643080426809,-0.2371166537927624,0.0005589809521167001,-0.005324004728343742,-0.0023373678219970636,-0.01443936442447763,0.01180072539856641,0.0002130352127986701
360,0.036220643023229124,-0.003512099992990322,-0.00029569973028623677,-0.0121994678708751,-0.2780940160899457,0.004813728469697288,0.00703484943088033,0.008714579694590477,-0.01307616205539191,0.01457507715947691,0.004767936715032217
361,0.0241769810546013,-0.008643815503628884,0.004771467720672654,0.0893476788083608,-0.20004897163269222,-0.00420118217061635,-0.0038726522083882145,-0.0043808563463059655,0.013158725103138268,-0.027079417851829886,0.0012316577137064682
362,0.02197064026322749,-0.0014865217770187729,0.007048314317401689,0.0739261737602754,-0.26899731974496405,-0.02077183156453102,-0.0002709450594580138,-0.0040075197319239956,0.010431597295378058,-0.02058178793701766,0.0018389550741802836
363,0.017481661495914846,-0.0003356295523093167,-2.631635762716438e-05,-0.012137515154762338,-0.2636969530943494,-0.007090435375037043,-0.005648649192911388,0.0011101064038630923,-0.013454942320590475,0.009239722723693215,0.0034206134055586395
364,0.015959155335205914,0.00042338309591131605,0.0034968131212623835,-0.038720147587142636,-0.2398818130806111,-0.017473983243270732,-0.0015694977639586988,-0.0016238971491606118,-0.013249669651240106,0.011542003150520789,0.0033231857570521274
365,0.0402032167101853,0.0005084567440779099,0.0017391526399280041,-0.030975763329761354,-0.21814085841124473,0.01215529814566242,-0.003755974187060228,0.0006533065843103056,-0.01684769372584654,0.009641878793654371,0.0015139220551217206
366,0.017255562294244263,0.0005916397683880366,0.006310316518692962,-0.027262821387678642,-0.2293370509821555,-0.00039782826129506715,-0.006049422886828865,-0.0004879752720221575,-0.014307133742350542,0.01455527910212989,0.0037634106778748934
367,0.01674492919624878,0.0010122251538430484,0.002848175394875342,0.010848132873603858,-0.2206455500618766,-0.010625801555602851,8.62415289423368e-05,0.0014070973967030866,-0.015003108004205921,0.010433543799572512,0.003980938633471319
368,0.034063269244188135,0.00019509203601687347,0.011288330583917709,0.0009216945492521764,-0.24097230662355634,0.001598036840420767,-0.0046923582083772866,0.0017627196214826393,-0.01808178509952578,0.011420273188638832,0.0011619011748506436
369,0.01814083996884947,0.0003136469342829459,0.0004294277942636416,-0.012647674978321201,-0.2425970560958352,0.0029289765699544203,0.004611533476463847,0.0014356698902223944,-0.013762494798919882,0.011846705213438249,0.0004202933846861042
370,0.017441954120308016,0.00031383561089417964,-0.0012265571091608573,-0.026791865670062108,-0.29081604192478056,-0.01206387814936152,0.001876335206524846,-0.0022043646683102647,-0.01194425118262546,0.013222144272350049,0.0010838263339584906
371,0.02919063719885739,-0.0013731432686427372,-0.00042232200939086817,-0.013655538338811139,-0.3205955025867985,-0.0006261370592037386,-0.003418661267423935,0.0039792127221208425,-0.012161230988764126,0.0011545569114419793,0.0006602894110118494
372,0.015210479460270111,-0.0016720859498380015,0.0067134910215598045,-0.029021635857623674,-0.31724737054393504,0.003893657815849742,0.009218803679638407,0.006609190276887935,-0.010738170966166603,0.014900112971618336,0.006095238685589473
373,0.03816155339300918,0.00042515258932367594,0.00845741203700054,-0.026726997357044664,-0.2954181696082762,2.4455009694404048e-05,-0.003548207033022835,-0.0010515721435560663,-0.01239084373393525,0.014706445146289902,-0.0009178987367203631
374,0.04099402039812564,-0.0004508079126073258,0.008594500093262342,-0.03127366079678291,-0.27706142714116927,0.001686619566548184,-0.00017726603616403556,-0.010295388386593224,-0.01585059681143213,0.013614006720454654,0.000982775575264261
375,0.03377462914101444,-0.002833916224717014,0.0042596915690602255,-0.027750848382154823,-0.32168104657308844,-0.0019801713367584364,0.0065485266002366675,0.0007407384758748339,0.009562819013961521,-0.01698246521130765,0.0008299793076342141
376,0.02367639243627311,0.0005346188451545306,0.007684808733802335,-0.028066771734120106,-0.274959141727823,-0.010663594163554587,-0.0016367093247195963,0.0020931987230535572,-0.013055298034791926,0.011884411906872994,0.0014567880980447577
377,0.030071464920936326,-0.0017695121289073772,0.008749266455088658,-0.01733220564437327,-0.2858005482775769,0.0028367346148284057,-0.0036071272546121655,0.001642120067869069,-0.013207622237198461,0.010751505804987547,0.00013709986603538033
378,0.038285656709187085,-0.0007782257037591728,0.010470312816805433,-0.01467779157553294,-0.3593862824278636,-0.007719621433489545,-0.005527107324594982,0.0001657406035597069,-0.013399879070371653,0.01251807622305457,0.0003753558726884971
379,0.024837719094444537,-0.003129293042713213,0.005887794224297302,0.06787836187450899,-0.3190693036599908,-0.011336473867072363,0.007958518320963033,0.001755980069992631,0.011730175987489929,-0.024654859200808114,0.00023776990902788973
380,0.033317861415378694,0.0007135783570039377,0.009244107836803826,-0.027292895555519878,-0.30439025823250454,-0.0030414353343311013,0.005015612086080179,-0.0005361979700861406,-0.014244955780927892,0.006868887696466463,0.003654063089451978
381,0.03060885873319475,0.022430984293207536,0.006879089254711253,-0.023225086932693206,-0.3297765594308942,0.003053319023131691,-0.004506259137802049,0.001252633097857242,-0.007100140201838176,-0.014571864781968006,0.0023088896450827617
382,0.012298489830782024,-0.0003095533385224923,0.0003780822191280779,0.003611518264155138,-0.23798051440930673,0.0038023031042196654,-0.0064961249687350104,0.0008319094981500078,-0.014622180708000245,0.007332486642247228,0.0027732853604505465
383,0.027963673053161584,-0.008542215285438151,0.0038323944095087947,0.009292633870107229,-0.3276915148137074,-0.005761328574978707,-0.0024106455807403303,0.00280351931062264,0.007279770395856999,-0.011696814846595478,0.0008325605265506035
384,0.03676526804548226,-0.0004737362707466228,0.009261081363814915,-0.011807474852977317,-0.2909774216382037,0.005288734644549259,-0.0004458871949084985,0.0018744476645706648,-0.013965387164784052,0.011490312948976547,0.0018843523213025245
385,0.027741894276214988,-0.001051974471130518,0.0015093560272288601,0.017276057516493366,-0.3434314237985613,-0.007127677550702134,0.006983443295672926,0.0014724339870504366,0.020372751387001,-0.027872634834690872,0.002643243585642454
386,0.03414818040666584,-0.000958099994292315,8.137839354583561e-05,-0.01847213766956621,-0.2847370048853756,0.005763121379467887,-0.003999797130688432,0.0009626667550777209,-0.013232625044979608,0.01136613909680988,0.0009741770430230117
387,0.04620513202759231,0.018646793858863076,0.0020576106386215017,-0.06270115981815338,-0.14365477097465604,0.016266489160857194,-0.0005902413720494796,0.0001010896807444701,-0.0013562823588308887,-0.0254805005497819,0.000900724522004923
388,0.05088462399485634,0.04140372850541743,0.00013699734198644145,0.12648002001306607,-0.02171246874569457,-0.011712811471469941,-0.005126783171566408,-0.0010153324930255551,0.017762239472819463,-0.026150464739491546,0.004830215313920984
389,0.06995611494755412,0.000740337995103969,0.006194853875570393,0.03537403278922362,-0.0040398372182827635,0.04227948313399328,0.004402219918969886,0.0023002304898231997,-0.019196314418058774,-0.0037137468086707744,0.006520583775657565
390,0.04581277039188669,0.008843453185172847,0.005587246406794266,0.10817954152911403,-0.007321248760124463,-0.011807045238320294,-0.0030549342907456502,-0.005819400454207706,0.012034989386617888,-0.00910520939633705,0.0005782414386455078
391,0.09209119541976825,0.01468961700103066,0.006198424525086859,0.020322089874835646,0.03382282231137362,0.0257131995863761,-0.011618246238658028,-0.002461749352978626,0.005746482199440077,-0.028264946356256503,0.006686632199624911
392,0.08166342362850096,0.01765764710778248,0.005497258902901324,0.02456922405489713,0.01011811028143562,0.031817151558687265,0.001497278267245396,0.0037448956458132725,0.0033199131062183387,-0.025838161301166195,0.00930622946133336
393,0.06106554055401991,0.0038111945208074336,0.007200542885830559,-0.018661020538665078,-0.038008657055744945,0.020162195770533783,-0.013208895081483958,3.7202378444148503e-05,-0.014842284441754937,0.007456019993383439,0.002169431901655871
394,0.06584237719559963,0.003159995186031861,-1.170901433208219e-05,-0.039939458924129756,-0.03008141058294354,0.02197685642787935,0.012084673025420566,0.0029310386479687064,-0.011561228796506789,0.02180233524972318,0.0047500771808470085
395,0.03953400014902735,-0.008555667948265868,0.0015971174269129773,0.1435591804531424,-0.004023347803621963,-0.006409445996987152,-0.009831521583481665,0.0017535116313331402,0.022409612065045728,0.06440814046800734,0.004087442064784251
396,0.013620137035928136,0.010140288706820766,0.004864561884737488,-0.10093499294580958,0.07342306273302725,-0.010204968913612096,-0.0034764193331339385,0.004724642992462066,0.027060509698318445,0.04598565576109583,0.0036723010592726478
397,0.09062105185765827,0.02562590220718911,0.005294859926881313,0.006901570822153544,0.014520421865091726,-0.010783916404026123,-0.013574841599785616,-0.0022527233872030508,-0.006717761644918251,-0.031725917870965986,0.003315869569648342
398,0.03562519837516309,0.039932181474682076,-0.0010645984097257728,-0.046684976307874236,-0.06079956648005471,-0.012475051123098081,0.014443781870060854,-0.0067008589000648695,0.0054342103556366175,0.030594311797150327,0.0011513045989492202
399,0.0633702031874251,-0.009626163097880761,0.0032212725418115052,-0.09646383906023741,-0.01564271399557801,-0.0005573425642857444,-0.0005342660574418893,-0.006162816419383474,0.013730602939641822,0.013756869957195684,0.002443254187323548
400,0.0980036550145596,-0.010233072226662263,0.005646337946249265,0.06910285240891442,0.03079741260762115,-0.021138736011979922,-0.005690290763865681,0.003848402657591441,0.030109643345139357,-0.041941800438498406,0.00265548452993612
401,0.04023189474353021,0.029696512741202434,0.002032855667002666,0.1345909882670494,-0.008073633843696472,-0.0051551502366726796,0.00624046579788842,0.0006066890904778495,0.015553309910278328,0.04596000130722054,0.009233171715085737
402,0.049173243661339086,0.014701337346729997,0.005801205051981306,0.008773910428727952,0.0019862482246809695,-0.023601112754841783,-0.007750821278617758,0.00914982444624533,0.005253278643415773,0.043360026886747366,0.0014197356890655953
403,0.0313404098240281,0.04063457776909599,0.007269160005711592,-0.0439746719350051,0.003699532042691284,-0.009674651238480143,-0.0008696187042547398,-0.0025589181931143057,0.008847342769098654,0.044953814620086865,0.0010076264058152876
404,0.07429278970775861,-0.0040460641153665,0.007359511382856083,-0.03263934464601921,0.029342851369302154,0.0006991501027098066,0.0006271567972885821,-0.0012167461065248036,-0.012710446938580594,-0.03702120036784286,0.005322607132709333
405,0.050098572002326806,0.015118550720653686,-0.0024266170222069752,-0.045768763381799464,0.03838366016925629,-0.009049999656956716,0.0013143425810030007,0.008419941004494167,0.00928541857496636,0.02948695731325511,0.0017994270545207973
406,0.05396422710558896,0.01125416191835598,0.005847022310323804,0.018983335146941387,0.29088734905772373,0.046301937114885276,0.020850436504111794,-0.001576629841775285,0.043921423774611924,0.12890857210250506,0.004468961572039879
407,0.032353888408279505,-0.0024042080493096416,0.0028949617064568485,0.06485469221296929,0.12348517395174143,-0.02027061680341429,-0.009944046370724076,-0.01598988369160248,0.026302823422287618,0.04820749189742926,0.0010373646116994624
408,0.03831576788494846,-0.003988169298878457,0.004974244776171172,0.08572962568900698,-0.008474683665589539,-0.013571772976501573,-0.006524935822776679,0.0031636606971046544,0.005424855294398046,0.03098576275619352,-0.000735997623828552
409,0.013341396503587203,-0.009314292289863187,-0.0002463758613154838,0.06315875424141199,-0.008837974972601224,-0.025948089234413413,0.020016550662754824,-0.013296953307671337,0.015365688389546205,0.04445724076029428,0.0006785523789758077
410,0.0603681943246499,0.018139220223637856,0.0040442216182303824,0.08536728258020741,0.18594093835401446,-0.0217507829318306,-0.012277496678932255,0.0003557392428383773,0.015565037212926385,0.028338756347305944,0.004224041005960352
411,0.06900451715638038,0.004519354422076105,0.0032093380407453268,0.14209817508573475,0.13578809779065812,-0.013113458341585362,-0.006260720382946303,0.0020181730874984567,-0.010224085453793282,0.02956935503759026,0.001188487633799441
412,0.05438929060786223,0.02634351939707434,0.00045056657775259507,0.04293934937581264,0.20389543497120044,-0.028048070874082287,0.0004138686677812212,-0.0015267376796705044,0.0158281487296311,0.032419462646673065,0.005403932561563934
413,-0.006070032153653405,0.024274823606520442,-0.0008126029780580688,0.060390791404476,0.1458364995089052,-0.02013312090110122,-0.01047006423827393,0.014993676878410417,0.015303507479399193,0.07298211526347255,0.0003244165811978869
414,0.05800418262513229,0.035115587020493194,-0.0012324612421794271,0.11076720990468346,0.18692578501994186,-0.013916883949439065,-0.0033681279061418845,0.002613576312369606,0.012555761750970838,-0.03255359141293193,-0.010632996023933469
415,0.11428998644777251,0.03198760002443743,0.008860961590867912,0.08521644754086202,0.2071427003746149,-0.015079099157279192,-0.0012075741187062953,0.0007431246613531916,0.021997049152413194,-0.02381830514621742,0.004499708091599124
416,0.016278414032078335,0.029610371485345028,0.004771464321591073,0.09448082522472451,0.12186739399517203,-0.0225606064478009,-0.010898220858340224,0.00500740712708003,0.018852952649886547,0.05387734702846818,-0.00361586839119747
417,0.056945787480377826,0.022593767087611936,-0.0024547658886191932,0.1142015717827061,0.0767638896839579,-0.013370733512698421,-0.0037198643020614455,-0.0025501252081080047,-0.013571955885939286,0.004690112760422652,0.00170659595578257
418,0.06111502475828012,0.028312890275493108,0.004493327069192346,0.06083158517304656,0.087991814530217,-0.014120508957760347,0.00948366911193569,0.001994395427312117,-0.01306310731813006,0.007161664864050728,0.006046355346242307
419,0.0317833512120003,-0.007898668004831888,-0.009932126394870277,-0.01652327257114255,0.0888049122220421,0.01751685278464719,0.00836183622812338,-0.0017305361225744753,-0.009390252672651304,0.03279755071826292,-0.004999749916409686
420,0.029778036172692413,-0.05550015459212714,0.009347579112632714,0.11838554646528035,0.1348981573256814,-0.018681150862925173,0.010252340563091175,0.0009023109273331329,0.005581824462003242,0.030393184413200127,0.002443747386126667
421,-0.043440450027151495,-0.010508476656255481,0.0013546054645444889,-0.042384328828700614,0.07849717385981349,0.025625496191126338,-0.003532568349298157,0.005946441777737537,-0.010276041792870585,-0.013440075796235554,-0.0006657578946510942
422,0.009279562240590001,-0.012842272299124704,-0.0025965550714893357,0.06268472423983774,0.10545004172253365,-0.015599986879106156,0.016330889553304185,-0.004688168131266509,-0.031830398683216604,-0.037042037981094046,0.0016912305753594512
423,0.055142214049002033,0.010000495997368967,0.003318458607730922,0.12146615139838172,0.046573909773023635,-0.01601034164468951,-0.0064735021031143425,0.0024289304763420723,-0.0017419320697000067,0.021777218414280163,0.00011697789561867917
424,-0.008730369751688356,-0.014919056973265411,0.004355735568662838,0.120668753311519,0.10365910636787555,-0.01335045303632533,0.006135662354199998,0.0017077783439704783,-0.018541981566649296,0.02751208635755146,0.0031692220199687113
425,0.08870612771220891,-0.003318594838955891,0.0021527918474760384,-0.018281038493604605,0.19284502056024516,0.012421381991730951,-0.0013957387340921925,-0.00017110865858706195,0.029575605630776942,0.0163916480672772,0.0082525891219911
426,-0.021258122217446638,0.023718622902175704,0.0015035843822750823,-0.053544076129948076,0.15480588512910934,3.466484862669461e-05,-0.0036504386890096876,-0.002166669365797865,-0.015333466653096102,0.04794685336388829,-0.001950652189904708
427,-0.007337705422023075,-0.0019296574412069967,-0.0254741682795398,0.09489005104371143,0.12851008820076276,-0.003831133849036633,0.010322977982304674,0.0027346000006208083,0.013253391007952411,0.04398549100528766,-0.0009688356119710389
428,0.034847756708344016,-0.0031556449939709585,-0.0014069593214791733,-0.0312438818182237,-0.3036940278252004,-0.002398470059280207,0.005274297378111691,0.0023437657215257136,-0.013216969900583384,0.014976206661019616,0.0008473389077096627
429,0.042449374855815694,0.00031980670829676375,0.009004755847591207,-0.05451691207762964,-0.1763013475911247,0.019990550789241755,-0.007935093614772026,0.003190661176826738,-0.019963083863770305,0.02331798659446464,0.00029410991856209225
430,0.08791812750425557,-0.030246568313909775,0.00413498071636152,-0.007367476240833632,0.026753852868446944,-0.0028329699962497284,0.0045888980792868055,-0.015351324865543482,0.024320481589148246,-0.021670186540535052,0.0023213447364254882
431,0.08293779450156562,-0.010759155386906003,0.004148565491419207,0.03721353824973043,0.016599418247532204,-0.0004429353648592354,-0.008587904257295897,0.010675302373664444,-0.009376802494555225,-0.029644497365507793,0.010576097812408623
432,0.0647707546785943,-0.014521697024106335,0.0048785324745310695,0.1007749401515746,0.059518694876813376,-0.015250851877786215,-0.005710635635752998,0.0005853757756440511,0.003463334015173501,-0.009367757773205707,-4.01722624074642e-05
433,0.0852079929648572,-0.007182709122236518,0.003185795528705605,0.06505435400536647,0.03650227183007866,-0.005395205366705299,0.0040817118266539025,0.0033316299390247065,0.010563498687782015,-0.025226981984256512,0.0016893676643475164
434,0.05546604417785709,0.015277858170926521,0.0034792894100128457,0.06612288557626045,-0.06607026976844195,-0.014474720453126628,0.003919450663569396,0.0005899193278938974,0.00230071650383943,-0.015573438638722664,-0.00016154781904480957
435,-0.018655268578966485,0.036485178936026964,-0.0010397554920062628,-0.015158209797486987,0.019276375573389206,0.0042177550591756185,0.0022877958489401053,0.006910903153584512,0.002749820524519813,0.02926930373727848,-0.004529584057249071
436,0.04178628483289604,0.03446943117827166,0.006168744604280561,-0.007128333775863136,0.07898497750910813,0.007793105070342108,-0.015991336097958383,0.00627037597997659,0.014491928869762541,0.02445738903708894,0.0030083093534274074
437,0.07370684105974783,0.0025363345738588874,0.0009494453591684503,-0.05279603634971056,0.07031153375930266,0.028618418480308768,-0.007016039093086284,-0.0004112558764786646,0.014750330709224642,0.0055649254500829805,3.085786688456781e-05
438,0.06842806755216878,-0.04303700201146734,0.0008726412691576513,0.10197665020957178,0.11710508974731411,-0.007642544164913202,0.008438251133325433,0.01018525650679015,0.024685732045638203,0.0409049618468704,0.0030505572597492427
439,0.07076600345696966,0.004691914481970892,0.0027418715950913376,0.06129986559326882,0.08217942588793042,-0.00522430282651398,0.0008583863448045931,0.0036569040512707397,0.019478363982812705,-0.01894764366542158,0.0032115410345463285
440,0.04790192780856086,-0.006628604141680653,0.009718683847662923,0.09754409561901596,0.0474383583382931,-0.0076215251285918105,-0.008194265080163165,0.006084658297785298,0.008359676580182157,0.03325961707387627,-0.0021537670339692636
441,-0.011274755961808049,0.0047752993324505656,-0.001331125529749846,-0.031254590071740286,0.2529902488652061,-0.03195361992969736,-0.002954160425890606,-0.000346428318438889,0.013495919013313635,0.06339532372893515,-0.004796449047525772
442,-0.008054628993576509,-0.012281969851774566,0.000546310231109811,0.05119494778058031,0.24691144619567418,-0.042348979073554914,-0.020141032857089125,0.00400822919914316,0.02263666544669987,0.11442473721315777,0.003759726567025473
443,-0.038362539833552554,-0.025511786059105805,0.0016958622557950612,-0.010118542257069704,0.15292541852229757,0.0003745997033756679,-0.011326841229410153,-0.004847707872704789,-0.020262695003940647,0.017518399343470246,0.0007680264844731067
444,0.09659766937839195,0.014464576044425137,0.001959166428844394,0.0458355472727649,0.26047143420074453,-0.06016381474246142,-0.0029107530789923954,-0.005140086385799095,0.02041821536596879,0.00935500662626285,-0.001671158505538592
445,-0.060014632385583785,-0.0016580133849588452,0.00652027158573145,0.08446118748498546,0.1366756869095756,-0.018884477517247665,-0.00011868156200608187,-0.002811969147928852,0.0075975860930875974,0.051269454042943065,-0.0013232264051507051
446,-0.011484972089415338,0.014135618453865607,0.005248656320701496,0.08930033319518729,0.22615518240446245,-0.03331508903529022,0.005014444778486362,0.0005589813521454765,0.016924456487692245,0.05650616080775378,-0.008668620107782764
447,-0.07630556629429824,-0.0037445805099204517,-0.010534762298044256,0.05350854741523039,0.18347921027960937,0.009183746707507367,-0.004240837463643603,0.002035197067535108,-0.012994077752202932,0.00023471611127468876,-0.0013650465773408591
448,0.06377854362079072,-0.0013074960011754233,0.004901319833059779,0.0632325227752734,0.12099586651224857,-0.01354775408377571,-0.010862693418622052,-0.011175783130154902,0.017874974285752025,0.0334738951776833,0.0010927494875255935
449,-0.09570999235266803,0.009797833912103482,-0.007667846616246712,0.1016520103411502,0.1510538534886324,-0.01870207366806047,0.00523701420146317,-0.0014256893113343781,-0.0014469752460733855,0.019524774863151125,-0.0038843402898235636
450,0.04213883624633854,-0.0201623343843949,0.0040522893531257384,0.04922685686601955,0.23481914924531622,-0.059840780542131454,-0.019660224975643497,-0.0010102057055609973,0.022654163339323984,0.03364336067482638,0.0010042462937248356
451,0.11813693723556629,0.0075122377839217545,-0.0038020102637903144,-0.014687583727190333,0.26511910942466915,-0.02818133114511875,-0.007040685385695001,0.0004197396962300174,0.03463888101390197,0.023812568518317402,0.004725881151772968
452,0.024670638287410333,0.0052754214094507075,0.008216776522515751,0.10056709299260339,-0.1896968714308467,-0.006277076596090107,-0.0029275537266410176,-0.00033560027170664007,0.006806254628794903,-0.01934583868332822,0.0014411316735725847
453,0.038570226644463086,0.026397896615719382,0.008382511028064164,0.033158930508212614,-0.16191733785245596,0.026431671461293185,0.0013957330476841168,-0.003082747978581302,-0.009533268424589238,-0.009025993958641133,0.0034304634047476338
454,0.0387169419467571,-0.0006953468515704926,-0.0010740281987174556,0.03529195428506166,-0.1151341207262324,0.026929620878757162,-0.012145190607113717,-0.002172471752787444,-0.009299719733881086,0.004285636413299795,0.0006654492305262118
455,0.040505752107474986,0.0011142955845871475,0.0074064660819127765,0.00475033025534825,-0.13634679401537014,0.02442791730291866,-0.0018245306731593163,-0.022937397937171273,-0.019256471944445124,-0.004576719362845384,-0.000742327511309852
456,0.03424351485474486,-0.004413480979105454,-0.0010254477539501446,0.0036856584253725354,-0.12953317773865403,0.012360393293785745,-0.006979746463470474,-0.0004976072862064605,-0.010657205898344454,-0.010001143726818183,0.0017505811376135492
457,0.033097577024527286,0.009247765488005169,0.0005718813972004138,0.035433891283985476,-0.15132710232798585,0.028377794454869234,-0.0018762072174637705,-0.0008471832151081288,-0.007065339286881811,-0.005542570719179854,0.005698223612045121
458,0.04076765118585058,0.0008091823445164037,2.85848124812702e-05,0.030331223361996843,-0.13492619110841758,0.03177374236728348,-0.008589427915924125,-0.004360056275779895,-0.01092761541672137,-0.00716045799608179,0.0026201215216018355
459,0.04696509686025236,0.0028058383164788116,0.013372720315568375,0.014230342495649329,-0.11435680863550081,0.02620705973208404,-0.006040637081718167,-0.008387588747423456,-0.009857697357757302,0.011414054159380432,0.003132275363633073
460,0.026485700307278044,0.0009669121973122027,-0.001708295226366671,0.10281181472543895,-0.15741557942602985,-0.001518611245653602,0.00932880238979983,0.0003369799762812277,0.01359560847956879,-0.022731633963528678,0.0023979669753780176
461,0.05978782201414367,-0.003696281256575926,0.007217606518195911,0.11955241984045312,-0.1578560127294401,-0.002924326009796279,-0.004299833317151109,0.003196696985978801,0.013047894235536579,-0.012847783197035714,0.0005939858819458202
462,0.02782440709703722,0.0062823229932077685,-0.00037226193605965744,7.250212422887636e-05,-0.19307009423658256,-0.012792447517674502,-0.001633132866819873,-0.0020154692707484503,-0.010319413968237207,-0.01093844119471223,0.000930870917777113
463,0.029675355421234693,0.0003228828438222183,-0.0012344657895360766,0.004202389185571672,-0.16113892638662822,0.01910517858692076,0.0014948319113446786,-0.00204325187265356,-0.012630978016004366,-0.011508030850186764,0.0021544881515752137
464,0.024817064216769606,-0.0017783644032757695,-0.0014912987547011569,0.09078622553541468,-0.1976023869656389,0.003255967592223774,-0.004098963058105502,0.001772928472751472,0.010746961279435988,-0.025856781094247317,0.001294582524255713
465,0.05727361497301302,0.01679368057284284,0.003955290035465015,0.10798115900797785,-0.20554483753782019,-0.00835149914443485,-0.003456190259824763,0.0023339251322040916,0.006617644028942167,-0.025696966196823438,0.002606982531891019
466,0.03853791234011033,-0.00016359962948344075,0.0014128602371096047,0.013554773864225917,-0.2208244714847408,0.009969620146838087,0.009639390407581154,0.0018157890253197035,-0.014612859684740428,0.0024408995514872685,0.0014469632562852052
467,0.05675246958183629,0.014895722026100828,0.004107886443373099,0.019683864227098193,-0.16988802114185234,0.0054651477305555415,0.0012651362524867176,-0.00025086814083403623,-0.0032797465004857054,-0.02312857286954021,0.0006532930286312422
468,0.035824455211850834,0.00027664989517995844,-0.00099183495996854,-0.03268911737992944,-0.20026949719025938,0.0043581600864293505,-0.0061274623151242845,0.0015766567883940374,-0.01112674949018964,-0.0018021591852576454,-1.9194816300688018e-05
469,0.024752012567666654,0.012351945589871616,0.006527098627742825,0.09235426130940685,-0.24502392373275345,-0.007848910158169149,-0.0045691905817940685,-0.0037382428746940864,0.008759611965166777,-0.021266437457697886,0.002381397421021853
470,0.03242864658903696,0.004803217536825264,0.0015863610909101415,0.021328945329938974,-0.20597634479767168,0.01862616955614881,-0.010466409828472486,0.0008511845204337123,-0.01296063277321797,-0.0026743160410075705,0.0025220324052235253
471,0.036480648345680496,-0.0003706359328473009,0.0006295214553449915,0.028013715991669626,-0.1587331221382911,0.01612042180511463,0.0009322184801231159,-0.0012379515006069246,-0.012733770844905056,0.00013430465788536152,0.002317215581601277
472,0.0357650995407305,0.0016538597690996697,0.0014718668071975758,-0.014403236314723258,-0.21034296379546114,0.01397816105886153,0.006965568450419589,0.0019350632300176279,-0.01657939055960072,0.01456229798607316,0.0016989948815995535
473,0.03712647257110072,-3.766209591359498e-05,0.0045208026401721176,-0.04129577469745649,-0.2422697395364779,-0.009743606042245423,-0.005292282973946076,0.003035244291217317,-0.013234575130465727,0.0022174163970035358,0.0016558609274204452
474,0.04057152116983751,0.0019738785318427748,-0.0014070229491103497,-0.021702074448583245,-0.23550110240360836,0.008300153645721738,0.007076107102190639,-0.00466327135776436,-0.014828635830993904,0.01744094493009295,-0.0003815957846767174
475,0.03740010590169008,0.0006647948023114352,0.003410594197695636,-0.014375151845874866,-0.24503968576456386,0.006915850853243921,4.397949918598862e-05,-0.0018946776200228373,-0.014300404611570325,0.011502457099415586,0.0005636767909631065
476,0.03624332827032298,0.0007324025832397519,0.0028355424542118265,0.012795652142493844,-0.22771507497228025,0.018113046972082592,-0.007788904823646228,-0.005354931026269401,-0.01608897858000503,-0.013297927104979419,0.0028140631840616183
477,0.026184338512165013,-0.0034809284756461686,0.00744270031582397,0.0788263955530078,-0.2762690215813408,-0.008010629651274965,-0.003508294863626515,0.0027854385970392834,0.011225912379907494,-0.023456924004821474,0.004393833329564799
478,0.03230757323394834,-0.0033656833092873275,-0.0013320908177931702,-0.00711644952120467,-0.21896586405726118,0.01589286200284978,0.0034185180759797812,0.0006994192946695247,-0.013594452939102388,-0.0155676276875103,-7.693785272979658e-05
479,0.04563837609103963,0.0025977174910124076,0.00666703431934419,-0.023285210182496036,-0.24128742709578035,0.007421419539866562,0.008521300727534552,-0.007867095182252561,-0.014046439786438082,0.020234078575891826,0.001897146306473708
480,0.038991329125201174,-0.0003926268532658428,0.001957082334406346,-0.012214374932230791,-0.2550030143483888,0.0034183287312244738,-0.002670848064189518,-0.004497605621796767,-0.011134776930997145,0.005593400564124291,0.0012320626231229353
481,0.036801058553424026,-0.0024344975330683884,-0.0006739244556117677,-0.02664463822625577,-0.2506136737443151,0.006734331221172309,0.007583326520640373,-0.00035176519638001525,-0.01144421316884088,-0.010479488380374841,0.0005671675917112013
482,0.04037262659647232,0.0016684987686218387,0.0018661860597527996,-0.03507596222833785,-0.18381457727087228,0.022038699003335424,-0.004763309671797743,0.0007574718953914071,-0.01811463582796428,0.0191370753765495,0.0038463033902776896
483,0.038632793464550105,-0.0008855785411868316,0.00010500652785673543,-0.04919177351235944,-0.1903179233859917,-0.017957431181735626,0.013994107116772484,-0.0007061738980725798,-0.020837782196424973,0.00687272907840012,-2.939050051423552e-05
484,0.03481224635328915,-0.012143913658030643,-0.001032164349413034,-0.055857624184988096,-0.19727994595224863,-0.01578817101598081,0.0010111147668948105,-0.0012244321426027492,-0.00024080808364327507,-0.029201109004244975,0.001341267128719743
485,0.04075824440270543,-0.001299915864029399,-0.004263924398657024,-0.04091061912023167,-0.16628317536868023,-0.01760842378946036,-0.006555502785815604,-0.004901816567015084,-0.013075168152851032,0.011221172095497974,0.0018219249444607261
486,0.03415938689938479,0.008088877459807475,0.001467281539893265,-0.04727993588890349,-0.20234231076908687,-0.023134422383798318,0.01456853703888302,0.0018956561987935549,-0.00031066188777091695,-0.023475950801847334,0.0018224580034938414
487,0.027523365268917514,-0.0009954083921021456,-0.00037554590843462074,-0.03616365049966373,-0.21811974512348334,-0.015751747358068943,-0.00743798446947674,-0.006672076998041016,-0.020397562346472286,0.013525182923730377,0.0017621191442737784
488,0.03865613866687628,0.0004364329884415004,-0.00049347679213108,-0.03693511560311007,-0.16394552187504008,0.006008554679050248,-0.009718212986992736,0.0028416062597122708,-0.02215192287325901,0.021110961464661498,0.00040043383019577953
489,0.01204788649529641,0.0009912123378743134,0.0011150963123984117,-0.05549980932435557,-0.1794477553679229,0.008811538698251476,-0.010376207856767922,0.0028127876753526824,-0.021816201486622458,0.014888994948304262,0.0004927989106796905
490,0.036500480037371795,-0.0006144476605121953,0.0015813135320361653,-0.061156633609518826,-0.1770598334677641,-0.016914231678711214,-0.01440683512039192,-0.003340450596936183,-0.024834885884181316,0.023461682015982137,0.0002376320507665808
491,0.03806742055600536,-0.00047911454223003306,-0.002248029580539757,-0.06563079961152002,-0.173019370115304,-0.018927221499742165,-0.017956322917564542,-0.0009899010134403095,-0.02290248383643975,0.024057665910616335,0.0010919952091233
492,0.03929863671500932,-0.0015778953813619405,0.0006981895482788807,-0.05579570332842825,-0.19908381350074422,-0.014040700429185256,-0.00985617528926836,-0.005648470137044316,-0.018115981948567447,0.014565969498831502,0.001100149442476193
493,0.04745465510636408,-0.008295865978795041,-0.0009051445949870771,-0.04656655896619043,-0.14603104629232488,-0.0106219453591537,-0.008109890855844707,-0.0018302612552826252,-0.0026171489156992865,-0.012317610691596955,0.0014818179575118978
494,0.048553505353868556,-0.013290022888183805,-0.0007637128033713212,-0.04349273897795004,-0.12348547776306044,0.02109458514836471,-0.014948148596442855,-0.009095690389160048,-0.013581019148758453,-0.002405014808022972,0.004035281045778556
495,0.03846838675628506,-0.00074571743511011,-0.0015191177296028234,-0.07599471625267576,-0.13814054729144126,0.0066427364117299095,-0.01125708834355921,-0.0029442747297867785,-0.009430664530410198,-0.020869125959875136,0.000262852888792108
496,0.07710208386278503,0.00037321119427550766,0.0042621981863298864,-0.07908692488250962,-0.042833504891405,-0.005059511974110364,-0.009579672564100361,-0.0005388917077743099,-0.016863522803384504,-0.031002831575392208,0.001294044537228328
497,0.04985210446650465,-0.005566734945046048,-0.0014943847680708511,0.05040054360432736,-0.10647057711285086,-0.032475696309119284,-0.003031685624714103,-0.014690779813547635,0.021561338211532294,-0.01905934880992947,0.005752608409171248
498,0.050372232360784634,0.00012946941405601962,-0.0015695887352185282,-0.036442429240863924,-0.06729710755504081,-0.01216616293571349,-0.007593218552408238,0.0017334080604420705,-0.01498673794284454,-0.01730003331056468,0.0015403933677873819
499,0.055221984872457386,0.00034623121934254083,0.0008332859324097181,-0.01740452216418979,-0.06063681269382826,-0.025611662747029983,-0.008033496010859984,-0.0005395814808860434,-0.018079663101615493,-0.0018379194595048473,0.0012583011803698964
500,0.02955823171060081,0.013241273428973181,0.006538150029814601,0.002964225921548664,-0.20758726229985364,-0.02448382760658267,-0.008122810599146666,0.00357355559328612,0.0031648894784149536,-0.028572706968669367,0.006806513287508976
501,0.03226158568132766,0.00727244540549565,0.0006774225702420522,0.09287037397024693,-0.15870152437600146,-0.025768595024543695,-0.009413906692361087,-0.0009479288943927429,0.013866932271861974,-0.01659375913049763,0.0038819793961004196
502,0.060695267976576955,-0.012254060505713853,0.005760064238876247,0.009646383477367997,-0.02047376798511075,0.00949953148960259,-0.001957400449638379,0.001441653873028166,-0.014572156973840723,-0.0034253584512222925,0.00024009555795223063
503,0.07997985313548564,0.00016149710829469407,0.0005470010014245204,-0.06132814637997547,-0.024456908760079433,-0.009240164865780092,-0.015558575853403943,-0.0016736449256924083,-0.015236781878279622,-0.010611850811580115,0.0025898545323347175
504,0.05445286185741378,0.019147062867919184,0.0019239221413459983,-0.05370254495193505,-0.1304670644079925,-0.021964116677038376,-0.0018272295189180011,-0.0032098241491514807,0.011387549896063123,-0.030713550030889384,0.003587819944338113
505,0.06845995814831388,0.0007544120116948594,0.011702871478653077,0.0167458974885399,-0.08891432779276753,-0.02951787063618748,0.0054088882939045116,0.00037569658359796923,0.00948990509466607,-0.0317262890100037,0.0007679414602589992
506,0.09115723435735465,0.019501978686425794,0.004997282655681118,0.0156352307424958,0.028824078980968185,0.010563637094306048,-0.019649685947931168,0.005231191793100205,0.004069415080924802,-0.005792777785376816,0.0029742205815742172
507,0.049337762822785826,0.024210005376601982,-0.0015864177180930491,0.03961533282700385,-0.06315753614032077,-0.011250863403756967,-0.000981273756272571,0.005865480302701055,0.0007513048359153744,-0.02840440781693211,0.00276461321625873
508,0.06241007674311965,0.024021100413887653,1.0321937615230678e-05,0.046068290867619384,0.0111082341589006,-0.02340422566125912,-0.007453907801554063,-0.0037995689803605615,0.0072540157715207535,0.03457139641172358,-0.0011736829071625292
509,0.06255612635107502,0.004505271773085242,-0.0024960317207615456,-0.006056851194383246,-0.04153920172525106,-0.010652216583208125,-0.0019205262338967287,-0.0187147466237048,0.014676979284535737,0.02365237119125048,0.004098023295725592
510,0.06608229958034503,-0.0020830825149156045,0.002893542434706335,-0.09116958023765334,-0.03947706822176188,-0.01976074767353929,-0.01484036509990932,0.0059369690970666415,0.014515954132108504,-0.034326868913355645,0.0010242635960765964
511,0.03376048129930486,0.027699099791430516,0.0054004301394128635,-0.030063032495164163,-0.08304231559591072,-0.001291101036860903,-0.012057865207029247,0.0022938465355409154,0.008801702623931951,0.04990117858094205,0.002101610170476421
512,0.0752051674033467,-0.010392399161512765,0.004845298244258152,-0.03857360189004744,0.02402547586088736,-0.010278638776556862,-0.0026395467240353386,-0.0006347601193090441,0.01070462730189604,-0.0012541452037742075,0.0018629925789974422
513,0.03754105516276414,-0.00997938251011857,0.0006821937646319094,0.008847133110488369,-0.08369232641358101,-0.009972257870883568,-0.000147791489502366,0.000586186965739763,0.013656067470866501,0.02012257905882782,0.003037828250312865
514,0.07081815830800199,-0.003906946259736119,-0.00011447905858250889,-0.07735991759333381,0.01112001276437996,0.005041484927693009,0.00040060770065783956,-0.0023061261118986396,-0.012891680921606051,-0.035580891469279514,0.00144933941947333
515,-0.018714143294669326,0.00254880038260322,0.008711513703623379,-0.02496038659397883,0.15595907337116635,-0.008058128912879547,0.007853727445122681,-0.002140220760615776,-0.006381379765288246,0.04941606599668327,0.00531239989119914
516,0.03624059773246492,-0.0300318120467864,0.004671582056078711,-0.08980321232153982,0.10668944794292626,-0.030677211382305076,0.008587916666733692,0.005265998617494446,0.021200963272696334,0.013129789871648253,0.0002900220352097793
517,-0.04244086083506547,0.0017538639400043585,-0.0004743201204709534,-0.027288589533905505,0.13776626509402262,-0.00888377077488479,0.006014098705851028,-0.000999928647215241,-0.021426329939213146,-0.016188531466764435,0.00568741730118018
518,0.03532374051121873,0.025559112110368036,0.004012391018568973,-0.0654186012395433,0.19208998438333202,-0.008491060079345593,0.010405539307768734,-0.003136691164961762,0.012083130438467473,0.05547599062940268,-0.0022492656598024035
519,-0.01757307430770448,-0.0003817976295204239,0.0061211433785820155,-0.03894897987109868,0.14756331252151186,-0.013820000975588408,-0.009618037396879444,0.006099031895236358,-0.015684118637772963,0.031047610852489416,-0.011048328326085167
520,0.032797262623263705,-0.008916007831986837,0.0024248061566818717,-0.0680664003256925,0.025047564538231003,-0.03608998460509929,0.0002425151656350711,0.0047424164756683295,-0.024409329598497592,-0.023085753319032544,-0.001460447431398577
521,0.055653639895409494,0.011093031567171915,0.005168367810398985,-0.09089980079684651,0.15501972687392382,0.0010938628508277866,-0.013980244821362777,-0.0014763453469259825,-0.0257354319106031,0.0331950256170481,0.0034645737980615213
522,0.01625233283838162,-0.0035950042059412356,0.001048634718813436,-0.08592246933724626,0.033832748495332146,-0.027755882108626104,0.005958354502256341,-0.0013859420158470177,-0.028117550952002725,-0.009338614139991316,0.0013889611724803917
523,0.012441233323442841,-0.014940448718153865,0.002848801237916343,0.0016391070220439009,0.09511240954100618,0.016314242137233488,-0.001131928468776696,-0.00455035130933758,0.02473830496856996,0.06646735511333192,-0.00012106522550435136
524,-0.015118469710957885,0.004801944037498234,0.001147378389599908,-0.00991377270470205,0.07421430377847851,-0.009702978983918049,-0.005562259034261108,-0.021467589120399626,-0.00265563164028002,0.023360204963640163,0.004344421406011106
525,0.06906263209996782,-0.0020914503329458696,0.005414359790738551,0.0038178563285292816,0.023859874747489164,0.010207509199262508,-0.0034252590192284504,-0.00979923816542185,0.0156026025706247,-0.0070782420882753196,0.0012761958510615647
526,-0.022927038310862978,-0.029033174299605623,0.0013367249095796781,-0.022813538891548493,0.11638821937261594,0.007395233572815338,0.006438828273390311,-0.01987104686398322,-0.02188216202953665,-0.025226428379254193,-0.0005140920722641386
527,0.0018725729660520535,-0.016728119681149574,-0.0005007429797790991,-0.04206456182917161,0.11518818276770945,-0.0005891922791046491,-0.002222229387895566,-0.00723472416900406,-0.03517711962034954,-0.05925239119400869,0.0018398764600740794
528,-0.012671773307068352,0.021347443915356624,0.0025384278033140774,-0.0910587937618473,-0.0007761349561692107,-0.04701418497274869,-0.0026267369139653025,0.0077132187972919495,0.008883310634819268,0.05514345369833399,0.002152370667663291
529,0.002599637332719316,0.010936508767618237,-0.0032996555777303565,-0.040617638217274224,-0.01036605672969256,0.0689526575630491,0.024153511079789157,0.006466227635365205,7.648609504835805e-07,-0.00018453479712074257,0.013473766415989599
530,0.06754357824948888,-0.0062516380780327716,0.0026535763782366676,-0.009793662667980329,0.004334847627389168,0.028975322083180752,0.00328717165341383,0.00011907690080974887,0.012085924714750838,-0.004921225067456683,-0.003906269605215589
531,0.03863551102344246,-0.00447127993800023,-0.009927717977866886,-0.056357713013044236,-0.035334776110915664,0.060626606266715906,0.00196312318947957,0.0029289829980680636,0.005193234466874656,0.017806725918682233,-0.0018245059748964849
532,0.021609699342318354,-0.008978607538881037,0.011385762180956736,-0.05855898921850643,-0.023345789355224546,0.0558513654887846,-9.832888423222211e-05,0.014198315146132809,-0.007918937130659644,-0.016797176734998684,0.0006782513154357735
533,0.0061980182152642695,-0.007729703955928844,0.00634961396849902,-0.047018549129110694,-0.03045991761349464,0.05427824192400306,-0.0038416530105907605,0.003183395854116996,0.005745730041153648,0.031778251084441406,0.0016116092913855838
534,0.0069736459691576375,0.0002658536645361946,0.008559676549525703,-0.03660400832140293,0.004516256975578638,0.06508622556845256,0.01753862169402051,0.0052174335525756,-0.012894968124734764,-0.03482028049815594,0.0006847593914576387
535,0.03557625755175582,-0.020632137695522634,-0.0295130165731097,-0.024050040421406425,0.03984687743457182,0.03366180836675763,0.0031442737473419153,0.006086734894231347,0.007897720202798485,0.029000391983374542,-0.004525212556590229
536,-0.02954498904040533,0.003410887039640663,-0.0004931111844009123,-0.03909684046425102,-0.09446530148208077,0.007197317358529846,0.05376991679961266,0.02114091729306438,0.00619644689632676,0.024064061003362877,0.006917431783184675
537,0.05954207787049875,-0.0003293803613340544,0.004340313403253553,-0.0531811675180325,0.06336758623848673,0.05502550713326695,-0.0029827495635116534,-0.0030343795872025637,-0.022861309409354956,-0.022569495988810202,0.0014149692039889272
538,-0.00866919256125051,-0.020648693152897274,-0.014424818966590303,-0.026609905153065744,0.019236704637210875,0.041965069812542256,-0.012211947375964713,0.0036255808839663864,0.009782082075318463,0.016758549755523634,0.011892901813711493
539,0.01210902520787536,-0.015213753574393172,0.00161556919421423,-0.016304503658892546,-0.03146166634815553,0.013294583876399944,0.003586330302017163,-0.002396891371365208,0.0037226309923974726,0.023718601005377135,0.002948934755218688
540,0.0084319284308624,0.005210167959351206,-0.0050418988618850785,-0.05244373718667191,-0.1283831185983309,0.02376820247943716,0.02067997079747733,0.0009613823892556666,0.0017344484572590973,0.030866976748235585,0.013105919131592406
541,0.03192172967254591,-0.0025591022091908697,-0.004241203388464531,-0.04451537301377071,-0.04906228003448847,0.07435033025130902,-0.00460932362097686,0.004731616577001171,-0.0004251419126317465,0.012396085628151489,0.01204836853906975
542,-0.019859097940373285,0.002306807632971053,-0.0067939344222254965,-0.039798434356482906,-0.12065496383445044,-0.00243800817328524,-0.004229717573943091,-0.0019894229820519404,-0.004179360455654613,-0.0033114216476557217,-0.0020778451599081436
543,0.010136949233494279,0.020742522413983763,0.00306297739933925,-0.08826419895826261,-0.055751168212994334,-0.055334914274032705,-0.0003734986369264199,0.0046537464951944985,-9.544321559396979e-05,0.03875870617947232,0.004045093911504484
544,0.027206010027134037,-0.01846436286605024,0.0003805821224824631,-0.0018243111016506483,-0.07033987533329894,-0.07943777006793747,0.002645894464127313,-0.004635441706035139,-0.0006985180312309603,0.007310616673673016,-0.0052967990652820615
545,0.04438346473958713,0.007982442235591896,-0.0005434621058656289,-0.04652058246174561,-0.08722150047357509,-0.04978347050652473,-0.004044291755584734,0.007618788721489031,0.010219268797399352,0.002001393541729948,-0.0013456147441343923
546,0.06439543768783228,0.001988245612160274,0.0009840446791298339,0.06033004778275016,-0.015835020222881094,-0.030527247563269584,-0.011464211957588925,-0.0008722583990586433,-0.020767129532264058,-0.017122866585390962,-6.837425539437468e-05
547,0.05752759522062823,-0.008501369776577531,-0.007780446814502692,-0.020528387447717473,-0.0007533431206305091,-0.03622201110039382,-0.005340238682633404,0.005432772076883235,-0.008780590030476388,0.013096193954581113,-0.0002935210833126323
548,0.02206986195563799,-0.008839421383019531,0.005744752128947231,-0.0012876832712443156,0.002200155096071312,-0.0243207817527808,0.0112797386942069,-0.00023792091650643005,0.00836639937792706,0.026897718778175976,0.001249629427547818
549,0.04128901909395211,0.013399119392857125,-0.001457604614834022,-0.025048702706995427,-0.09190152760852427,0.006374215639992613,0.011545630600866337,-0.0037799934666100966,-0.0009882126904021018,0.014911431162098265,0.0048923709073264736
550,0.05386130912766789,-0.004786503035024426,0.004327310043881644,0.0004484113071033275,-0.07529087889395941,-0.006082163944873406,-0.016330949413092467,-0.005116300282913139,-0.02080389872140016,-0.024810140656091037,0.005169904112161716
551,0.04547927003447124,-0.04845368088236749,0.00182221306580609,0.13040469481624437,-0.139619220890662,0.0039821950316920466,-0.0063022326666058994,-0.0026160573220188623,-0.009930512618424881,-0.004878243645014998,0.00024023165820574225
552,0.05947898018591588,-0.0014680769162577186,0.005931312636817055,0.014695457448988779,-0.08085041288582677,-0.050127293966746644,-0.0006736962852480475,-0.02894523701197372,-0.020453945783070797,-0.03252235897985075,0.0031417641962024363
553,0.05438121280822167,0.001765509781690212,0.003504774657306144,0.016560865346761346,-0.19835547098461365,0.002151909978543182,0.00044709536080536866,-0.012201645228125743,0.006823354688415542,0.01391940934353215,2.2438611119671663e-05
554,0.05039265069289667,0.022583208778090638,0.003774063478375273,0.02970851172146817,-0.10973559573645343,-0.009565550729476228,0.006324307670073887,-0.002684835247419718,-0.006678672958464354,0.0010915313747544347,0.0002711112250803049
555,-0.00957697826623028,0.006849205222993064,0.004379450452663589,-0.0005284663066713396,-0.0503014845618027,-0.0506845907975222,0.00416940930234787,0.0037454361996607202,-0.0018944477335825934,-0.003578513224503252,-0.000495707470716742
556,0.05796342602157899,-0.006525265664049129,0.005086825405811667,-0.0069319941904805215,-0.07339219338646713,-0.026901108907659513,-0.012028153751685415,0.0022991651798202517,-0.009155393282403118,0.0008459342674013157,0.0002560697905914031
557,0.03453850069053315,-0.000863121098243954,-0.017449554124793796,-0.031139768523274873,-0.17271056749343272,-0.045320866035357184,-0.010300670505682157,-0.001089962632231183,0.0010681548449904545,0.024039253834607723,-0.003400645667849212
558,0.03495115810311856,0.011339223472729554,-0.017212830515539776,0.012974964708659428,-0.10215644696260304,0.007653025373087656,0.005837517645558158,-0.0026807673696470375,-0.0014479153063705764,-0.002547175675074205,-0.006814949878694088
559,0.04765925796886883,0.014475861818257347,0.0035220651539913076,-0.002571233833691933,-0.12227923712516153,-0.009831005548567424,0.0051034504479768,-0.0022443979187921985,-0.0001795454166665621,0.004010632835936693,-0.0009205416103456948
560,0.051082274937309234,0.014049777177704371,0.0010036545059990845,-0.01207362561346833,-0.11443659047710199,-0.006810128446072353,-0.004115962928696766,0.0024736778389207368,0.000260477312116919,-0.011929590750814976,-0.001055194366111937
561,0.05193549070497195,-0.02011837000588379,0.006400330122428893,-0.02848143729528088,-0.16714123195747213,-0.004529824095349953,0.017924048604945238,0.0017147327749924132,-0.009319817389759654,-0.01586315158596967,-0.0027771414385146863
562,0.020848804989961056,-0.0015978706525205542,0.005852521564216924,0.0297881682522643,-0.19517393340306755,-0.015420045068918763,0.0010897087786562068,-0.0031143022593268887,0.00565165777855691,0.02590007793631975,0.0008248005648636272
563,0.044379455636173085,0.01686260071019653,5.376886016778869e-05,-0.038442702517925184,-0.18768886586578845,-0.004762218047025567,0.009182474474832815,-0.0018548034455672252,0.0031602303787679102,0.006066723965921535,5.47720845051e-05
564,0.055072603463970166,0.00406635283084072,0.0009956878124258513,-0.03247447260807231,-0.17096335950534586,0.006124058743281799,0.012416148945830771,-0.0018187212304608855,0.006212224095664987,-0.005484050684594328,0.00021422113209717807
565,0.061267198264390595,-0.019676656717490876,0.005511191916980138,-0.035137618171807244,-0.18338948256651977,-0.0036167511914408255,0.015420997982587451,-0.0007449788181356469,0.0022061675110493693,-0.0008009768684020974,0.00029900943563444826
566,0.046346707379541704,0.015939850206521774,0.005674679142516043,-0.035415456605788716,-0.1773875412639005,0.010627439553163809,0.022869091632463225,-0.0036800123553017224,0.0011228738894911144,-0.010446836636250614,0.0005374765769774236
567,0.06021453444704406,0.014236996645771527,0.006592328428555937,-0.016735465856986122,-0.16440037960906914,0.009168325781813596,0.010204683515007806,-0.00012298549097068491,-0.00365977896388808,-0.013877136692370446,3.8899814420858403e-07
568,0.051050770791448735,-0.0004466902818325432,0.0004857256686034714,0.0061411311455078,-0.10262928301271178,-0.014838144353495607,0.004054097813071358,0.002793591883319266,-0.0045217193979048146,-0.017384843892202215,2.733636861642194e-05
569,0.05003706086704811,0.011937897335194405,-0.00026114438152505053,-0.04637335957566752,-0.1674221994413136,0.015922280949723356,-0.006280348555272818,0.0023966461689104,0.005228767217745717,0.007954331716364746,0.0025164781005433973
570,0.03810602852547082,0.01240747996996845,0.006082822432458871,0.00893573597195981,-0.1359228904595801,-0.008040529422645529,0.007320157771648547,0.011803643252968359,0.002518475712896094,0.01566001930096238,-0.00145183044964898
571,0.034593994745102316,-0.013288700776258596,0.006851627127037736,-0.018545131948003914,-0.25684370733256207,-0.0032443507347146155,0.009543092663894814,0.0006536021236786382,-0.002587515990820552,-0.019218720567426323,-0.0006259287189280912
572,0.026315763445024183,-0.0016922182985183172,-0.0015880421554233283,0.0065543402005136635,-0.28120337165600545,-0.010721186706003973,0.004518831855138084,-0.0014760944864206592,-0.018387452735405912,-0.027005757489335893,0.0018618432223374776
573,0.04559133357194808,0.0039433644297805085,0.0006584676343004061,-0.029427109403118108,-0.2852135233442682,-0.0066756386737249615,0.00869986047748777,0.005923635919728293,0.0023467742129616616,0.01098599656620763,0.0015772885144053068
574,0.031352334240405795,-0.0026512061234500793,-0.0008742603705349729,-0.030427140700385394,-0.2511646153495646,-0.006873398902412971,0.006381796257389038,-0.000588992293040615,-0.0029301991569017755,-0.022309715448757945,0.0022525101045621203
575,0.009044578232902376,-0.00210628733344899,0.0030183604451508575,-0.02967656347697676,-0.2484129326313195,-0.014472363259761416,0.0058081386250900075,0.0009770890094591268,-0.012496523706007519,0.007929810065534735,0.0008368124572623352
576,0.030289076287319125,-0.00306443105425266,-0.002231911854357147,-0.011448813006558334,-0.25199172851439017,-0.006303537796339628,0.009194635228252231,-0.0009777601781004474,-0.015641392358472603,-0.022771542747053525,0.002206001210452453
577,0.03690215208725138,-0.0029796721745819496,0.007274313450520247,-0.0302834950163929,-0.2494747978020027,-0.007705180340764039,0.004302681441110932,0.0010579264671546267,-0.007786609206338237,-0.02221422362570531,0.0005631881630658877
578,0.0218571773603877,-0.010896233434228462,-0.0016925048539603547,-0.018412745392482194,-0.29043307018426084,-0.01949834477103726,0.005042726681097953,0.0009378167173471361,-0.018430738426876505,0.000497560538104164,0.0008698906554702494
579,0.008023774139114091,-0.0029900849705537576,0.0019098859513358793,-0.02992965208336507,-0.24663893436510145,-0.010858036670639457,0.007892498967536304,0.00218230954096322,-0.012464944038396526,-0.0002868541894847349,0.0009076535698087846
580,0.007185944991899935,0.007790706474770178,-0.0005643503214922429,-0.02914574318179091,-0.29117603859375735,-0.01226673540230126,0.004038596149868056,0.0022426538184345665,-0.010372089483903292,0.004184672799833829,0.0011108474261420072
581,0.028547350535000588,-0.00037296042128730634,0.0017124580640441806,-0.02563784808887847,-0.31454655627779654,-0.007668227728910134,0.0039844664427843455,0.0014447880111293288,-0.006576618068941919,-0.01173626492961673,0.0006305816495362756
582,0.0021300826554755663,0.002602550950084773,-0.0010542814352262797,-0.017453404356841562,-0.2874475899785334,-0.023906352222164685,0.009554925397612409,0.0007126738418736907,-0.018004685187335133,0.004735778677944429,0.0006202121804420509
583,0.030799811632434775,-0.0011613110259712,-0.0022813149337304267,-0.01329658765073298,-0.2896885726158909,-0.012533763082264551,0.010491291822749136,-0.000357245130035478,-0.004603177842256288,-0.02741629650251119,0.003193891707805678
584,0.025002793959240002,0.004127999172373814,-0.0015306505591694982,-0.021251957635799575,-0.3000490908885443,-0.00861527157885268,0.004044295790283314,0.0004577648834634913,-0.006251144472276747,-0.0211263010922724,0.0018492915556189797
585,0.0202597539917631,0.017685851097045673,-0.0003242355172929025,-0.03626686606044962,-0.3355435038280976,-0.006620914138226935,0.005543429706889209,-0.0014778146412643977,0.002229577017682333,-0.011427885049031396,0.004066030159246533
586,0.00063807232749343,-0.002561459308786429,-0.000823135584282753,-0.008890995690011531,-0.27817198683153754,-0.00920859346317132,0.006935128816363319,0.002095953324483989,-0.01451371404983225,0.002555708516612066,0.010416529278415524
587,0.026570296015467974,0.0008977793527922289,-0.0012923466597344353,-0.02696215342817857,-0.2835583036826484,-0.01629132859980146,0.01395050511706748,0.001268709753754508,-0.008788854651993076,-0.010844331889010024,-0.000701484447936432
588,-0.0042544225570660624,0.011375453293821223,-0.0018579634533342436,0.03959117977849022,-0.3085335609691358,-0.016685171164700245,0.0007620441397165535,0.0015698216211151017,-0.008191899035560076,-0.004245405116209556,-0.00015719978198828517
589,-0.009870376652430296,-0.00253482553860256,-0.0003177763246114301,-0.01080429865368048,-0.2850907044657742,-0.009066372197540544,-0.0014270431172778589,0.0002449030320622868,-0.012351487413764494,-0.0049496433800059955,-0.00040392515096686696
590,0.01037877843800701,-0.003389467370825289,0.0008592566315213941,-0.014558067240190513,-0.30960658991034024,-0.020210656259045914,0.0004933007819765022,0.003001384292301512,-0.011687785714178726,0.00519814313803185,0.000580497181154571
591,0.03322452588349533,0.0015355491039340072,0.0010665054821040914,-0.04084717986188882,-0.2661868074867029,-0.012491106281988454,0.007304175738964497,0.0016059221384435237,0.005836085228645606,-0.01967966094830314,0.002245998864364932
592,0.03818246662604448,-0.0012597643780700545,0.0015932343632973718,-0.0364734184826058,-0.18635005347598338,0.01907306971904642,-0.008268035260414593,0.0011150325953931907,-0.019571235681909247,0.016472791178677018,0.0006346180543978427
593,0.06053580515715812,0.00873272039484035,-0.0017512656889132467,-0.004424296452129885,-0.04497447260358759,-0.012221939331214631,-0.011995210395808932,-0.000689051919039049,-0.011510356676132786,0.019153634459915938,0.002390950651561063
594,0.04257985067770528,0.0007143685669996307,-0.001918135486441556,-0.03893736549727284,-0.15202891328616858,-0.015385102988226736,-0.0024125116336753995,0.0018234996805666496,-0.016348208542320074,0.025296220984704243,0.0015636254542698027
595,0.04205310199371473,-0.0006092888323958561,-0.0018064218308167376,-0.0481229119682769,-0.1705197790294882,-0.012387819179684439,0.004886142960178533,-0.011383872620581627,-0.01742140392060902,0.03764527365623744,0.000348387671985887
596,0.031586891790372565,-0.006722754636349318,0.0006405605085326952,-0.03688676232460911,-0.16371621687775578,-0.023146390593839754,-0.009681642942112097,-0.0012522360132992654,-0.021992083539735637,0.020512745944013346,0.001216671028807923
597,0.03870705357731087,0.0008562910150745213,-0.0017933954354253882,-0.03883551924025001,-0.18923144578981016,-0.010613343572448669,0.004398205922213578,0.0017874793273029033,-0.013389678339092815,0.012120837215255023,0.0063025325228087395
598,0.041021396111772156,-0.000583580482497078,-0.0023624452470801627,-0.0370788431809518,-0.26237053699055285,-0.015959768755140862,0.006215681838077843,-0.008155339929041638,-0.013034146291727038,0.006680053346343675,0.0008424669225988205
599,0.04015056188815931,0.0006356199955386809,-0.0009811788472249199,-0.040648332505516235,-0.18488687236589738,-0.019164086863929886,-0.009281560704646225,0.0011154781306032834,-0.01098242347221326,0.02151969771897546,0.004352566560852933
600,0.04096532271099787,-0.004811939196295039,0.000978125643707099,-0.0371347139229546,-0.1826299436473541,-0.01942789907781373,-0.013898447936496399,0.001046080321280178,-0.011025310319848597,0.013190857222110702,0.0016873727746823377
601,-0.06879331371784159,0.0021823143731682284,0.0020188957017106247,-0.05192761653897496,0.11172269301553804,-0.010044218199638784,-0.003612820176310603,-0.008227551601395206,-0.006284920302176498,0.011720651520868389,0.0009460547992310054
602,-0.004835171649539107,-0.010989876472700043,0.00294192098563039,0.042815873322736425,0.07503359831520699,0.00116582854573325,-0.005006974980503894,-0.006073027709260884,-0.040261345360736916,-0.08317046486047669,-0.006317774185074701
603,-0.11236330063914357,-0.0023129917485417814,-0.01520014953982939,0.05953762909182534,0.15096989397302563,-0.0016928919398986424,-0.006597490298171061,-0.001896777864823868,0.009639427223298623,0.03759324093908809,-0.004695834136010233
604,-0.12551215560226678,-0.01771015439510726,0.0010520723203717162,-0.002092251437818121,0.17001273450497723,-0.011247951656709247,0.005397473557704529,-7.067123360110908e-05,-0.016232036928875596,0.030518037323668194,0.001584780310640591
605,-0.09502455311433855,0.009141806986898206,-0.014923343731310717,-0.01972479596311893,0.12331355810329696,0.0017300148011518022,0.0134796647226298,0.0014896648695082182,0.00043731078505542784,-0.016362175243861656,-0.015787317242796417
606,-0.06860285839821044,-0.011011444584002194,-0.008430701345506265,-0.027525705461570144,0.04366353091664153,-0.009316210833114597,0.006002022497765509,-0.0014485463351780442,0.004529363698467492,0.006840507305744176,-0.0004704953792740801
607,-0.01819063682338933,0.002207584674643488,0.0029110741151321565,-0.032368930187515695,0.055238451209187196,-0.034174739196536505,-0.014581121235598057,0.005393604557344993,-0.017073436780277937,-0.037737702064003675,0.0012012149477890984
608,-0.027789709148759608,-0.008439930667699602,0.003984975821452342,-0.05755404777424823,0.0046206939859394095,-0.0016882271028950933,0.01405856980302843,0.0016314221590823562,-0.014244948800972013,-0.03839887256615,-0.004821834460573769
609,-0.01056315249305983,-0.0007367120903162329,0.001729968704515573,-0.03316936471343547,0.03773777534831951,-0.011557772541181613,0.004784853004907371,0.001566233382653694,-0.018254815447143156,-0.05676136723918045,-0.004108039131224335
610,-0.0033717070359122626,-0.004416281192463792,0.0012814895191714073,0.0786672413587272,0.008307412139895661,-0.004952638677838575,-0.01312070703940862,0.006866645613385334,-0.010543123618663696,0.036468347284293524,-0.0012596546486840087
611,-0.012074120979844656,0.0017595350226871224,0.0026743668622583637,0.02482578410215911,0.06639029717831947,-0.004899529933721566,0.01225158065293505,-0.003713289358758497,-0.0019789656087774023,-0.017467455334308844,-7.687058289768382e-05
612,0.009145872576893211,0.022904144313688563,0.0002668764680072705,-0.016154193149802414,-0.06454084713715956,0.004573214154184907,0.014575897473602557,0.0009629656306012448,0.006262884134314645,0.042887320564038524,9.768610794312938e-05
613,-0.008054963672765822,-0.012545626370480172,0.0029237838411890513,-0.007704654742190651,-0.0320270885109449,-0.00440429542037527,-0.01104644531074518,-0.001453618666540222,-0.01730843704824869,-0.05384067501136763,0.0005722942506290754
614,-0.008611237711409167,-0.002098612097711295,0.0027234542017284657,-0.044927613348349694,-0.04953904497749098,-0.006071078334321284,-0.004743558482427248,-0.016390472942635518,-0.013428825954173891,-0.031202784590748274,-0.0019206845534741
615,-0.04430335733990455,-0.009334205513766073,0.0006937333914271888,0.12908819553445802,0.05445764394214547,-0.015296752810372594,-0.005586274621373362,-0.00379474792613162,-0.02123240091345251,-0.04797021128735121,-0.004951252055254907
616,0.0433636731602875,0.03821221118681226,0.002353212999522466,-0.0016651578793659364,0.07067060497143654,-0.007711404362506922,-0.0013974940891172147,0.01028689898872766,-0.03239965979850855,-0.05238807130571472,0.00625619805217488
617,-0.02194252512922931,-0.012663140087773106,0.0007603792390487096,0.074566894283416,0.13585013315394548,-0.01349172537280333,-0.0011826985906000485,0.009225035838676447,0.00573528838421706,0.03779930121615054,6.870718717976903e-05
618,-0.022701495686954364,-0.003619987053174478,0.0014110809760822692,0.05046329641241126,0.09695783701121292,-0.010060268655032624,0.0006160623771306835,0.007853714765030799,-0.027430107047685028,-0.005898476403964972,0.002363358153525665
619,0.02386701024237235,-0.017863349791288376,-0.008167402480524916,0.055282293072968586,0.11592174954907146,0.013809960290098247,0.010529672862546694,0.028780075478921207,0.008861540031188948,-0.01669417740482356,0.0060022298140710905
620,-0.03630956360037007,-0.025237610232314796,-0.007977421097929323,0.05281684817868952,0.16481173459659712,-0.02284592202722232,-0.006197482835564816,-0.005888263539992666,0.03073701308492736,0.03588194349050693,0.001590830919118782
621,-0.03675744581609815,-0.007412745511862873,0.0003810425104847843,-0.028196154236207187,0.053824633642968085,-0.027986985392584034,0.013476244143490612,-0.004567431376466974,-0.02041253687597661,-0.03832355108389548,-0.005270465047520157
622,0.012418034796837035,-0.01275854146124169,-0.003945943911795095,0.0060601272503360264,0.06634835840042243,0.005150525810108412,-0.007884084367851126,-0.004132007422397956,-0.025500905526822895,-0.03618407989237699,-0.008134828994703898
623,-0.0132803121778853,-0.013885012913496116,-0.0001294211397828666,-0.06929369311050054,-0.07533292391868321,-0.022920620598996744,0.0029805618645007644,-0.0030028644989898664,0.0018540615531477903,-0.013672832022462543,9.518277637194273e-05
624,0.014500403906991527,-0.00021387067594889244,4.49590281165394e-05,0.002898343135644816,-0.05143246603782462,-0.05545431291851834,0.0045806814172949205,-0.004390558875424804,-0.020032655302015995,-0.00647565780530404,0.001585624453662366
625,-0.039941140822340813,-0.018046134872127296,-0.022651609776914588,-0.010048695688382101,-0.03027295831852999,-0.037138598585974125,-0.0070889940856422445,1.3196814941791438e-05,0.001912884875138906,-0.006881139821225093,-0.00973940542717926
626,0.03623364717314982,-0.003905513454059121,0.0022431647243186517,0.09665033513953512,-0.1749811294707616,-0.0013742575955873813,0.004615835091223158,-0.02577165951929188,0.006928347914600999,0.020522386085934954,-0.002865906806048734
627,0.018586045387665086,0.002491883197003534,0.0005246168106554576,0.059427317038756755,-0.18566012788157166,0.0009382316156167087,0.008003418153756317,0.006343949973799051,0.008307628651843842,0.040912833238696704,0.000560179849373904
628,-0.0385655311768176,-0.04348142152338211,-0.009049936561192093,0.039108886343185496,-0.12192580772660919,-0.0010765170727111333,-0.0006196809822683319,-0.0005789799821808336,0.006237930908449682,0.018858121877316687,-0.002331069892674062
629,0.022147015138540397,0.02617779352623634,-0.00010385687885098213,-0.03397927540234502,-0.12142889018256778,-0.002803127701351098,0.012140866908255147,0.0008380987535484537,-0.01225753867708457,-0.03293418974480581,0.0009017221109733137
630,0.036154320150074144,0.012289989200999609,2.7073200537424418e-05,-0.06014401023922847,-0.17806437335825745,-0.03876687794097631,0.009868765985012818,0.006428687235651995,-0.0033389598113678,-0.0010259330314261682,0.0012534191166073507
631,0.032383089691142036,-0.00465385941802646,0.007996217407905208,0.041971257753881094,-0.1073233294057001,-0.027914822836717604,0.010299985216576386,-0.001968522284643476,-0.018376964093319067,-0.017385801711501562,0.0018658931471493482
632,0.04805579560072396,-0.005154611222374661,0.0042634620384869055,0.03970841144195243,-0.1829242087013108,-0.010334003808236193,-0.00787333565917183,0.0007882055064472438,-0.00562929324226488,-0.042521524801762835,0.004845029969827987
633,-0.010213470290721685,0.006817636389169748,0.004101353722323755,0.014624808490252106,-0.14882227471563347,-0.0005510875360978235,0.009689018126254095,0.0038152773044198745,-0.0005846019639871041,-0.0055440614346022295,0.0018695777157436378
634,0.06042913497672303,-0.003013943182855422,-0.00032054623021949213,0.03586335515784703,-0.204325880338972,-0.01824299904218865,-0.008642853333563724,-0.0008325799448650278,0.014366381358454767,-0.04240302106545994,0.001524640115241378
635,0.0631733165205745,0.006598977403967504,0.002803889124981702,0.13158436548449653,-0.17953699605400084,-0.0016518181438968593,-0.003649572236742028,0.0005741677467999433,0.004733298315724207,-0.03272513415457487,0.002862727420911268
636,0.06414816055247509,0.02012109068804915,0.004777355242091432,0.044348153009536574,-0.21167473808341794,-0.018440157021656415,-0.006027816829079868,0.004403135153915258,0.008041909544174112,-0.03280286995366798,0.002518381697057564
637,0.05754115760607779,0.02403821626542403,0.005483986359031063,0.05477012867442664,-0.1204907333238452,-0.012739936931253387,0.012140766396176353,0.003849287367309287,-0.011290497434757126,-0.030126437765395506,0.006513371413185508
638,0.04985804105564401,0.015968476873406277,0.010408097241492636,0.046414790151999556,-0.08748147578969448,0.022176540144308476,-0.004776510808148104,0.0027173249741396957,-0.01104670237441899,-0.011427537141630344,0.007221926771150842
639,0.05978832482147265,0.000234617218689303,0.0037183364544531084,-0.04642175163280318,-0.12018144688573787,0.01696693961492503,-0.009496933560848473,-0.0015104282650437039,-0.015960731766688108,-0.02111996347475916,0.0012122888154313203
640,0.04381363568511493,0.001377395361798463,-0.0008627518276273763,0.03461260391527371,-0.19391694730858222,-0.029079123325523707,-0.011062563657008868,0.010138037189495984,0.008587316835549107,0.024980668367786653,0.0003796432165913057
641,0.05388035854781021,-0.008161921828418,0.0035804256099071247,0.018323581261816248,-0.1036020165724542,-0.017967620064724223,-0.013057108955661133,0.0024844113761212576,-0.011806096422125547,-0.028347686051964152,0.0039855158082485916
642,0.05761010716601074,0.021985386862722292,0.006180875287030489,0.04308351922441183,-0.11342958709330252,-0.018563281456882293,-0.014444448497809733,-0.0007773369096420125,-0.0015477546495730973,-0.025946826779259805,0.002289111179237433
643,0.06921259483236122,0.004488889125235114,0.0016517062575855787,0.13246008553591015,-0.17115315957599325,-0.019046557809867512,-0.00494832026888035,0.006657206275565657,0.012966223668754393,-0.011967986429898292,0.001054855246406905
644,0.059377652952691214,-0.005779806532150079,0.005973680857020028,0.05015499608620124,-0.10499644130745989,0.026147347245186043,0.0015264449796459133,0.002912097099623661,-0.01313789525833017,-0.028315148606309872,0.0019625355333308097
645,0.0360112269550777,-0.0004014672817557533,-0.0005129696684718753,-0.011195597527327817,-0.253928412861772,0.0015853001192426502,-0.004886322880996874,-0.0014971765334860056,-0.01841502804536264,-0.0013442984687329197,0.0003521041981996269
646,0.037881258027329515,-0.000788186494637566,-1.8983448581632026e-05,-0.014704364920925337,-0.2511712137786513,-0.0009600262255775413,-0.0063330160343747785,0.0003150742038753656,-0.02012861524214612,0.007763628845724187,0.0013675247761844773
647,0.03129844074630641,0.005004232239110794,-0.0013304828790767216,-0.04508349288968601,-0.27740689665234247,-0.005730223390269794,-0.010168315899906827,-0.0014304507071606271,-0.009622820813937977,-0.013562531524633438,3.5152020887891675e-05
648,0.03814095211752953,-4.1447086875123616e-05,-0.0005255716619046958,-0.014578892999554728,-0.2976207296883501,-0.00015920385539684248,-0.003719600213298208,-0.005816955996892448,-0.013283295980818169,0.0021036756039711376,0.0021286761012588445
649,0.037871313791098135,-0.0005161550465874128,-0.0015064469137597515,-0.040902427983281066,-0.2704445335168691,0.002556791725063872,-0.009170535977513744,-0.002830535987202422,-0.015086449177901922,0.001228908032828847,4.375029941973462e-05
650,0.032429477101850485,0.0073007558917880366,-0.0017945848312865965,-0.018313111943783347,-0.2611174774422387,-0.00019970803451519687,-0.004126374026034388,0.000679268984409107,-0.009553902163762458,-0.014944395082385157,0.002228921606897528
651,0.029852081772264172,0.0019155885972777615,0.004276321826011438,0.012705044100992999,-0.311881830421483,-0.013855264921164392,0.003262279450839667,0.00035810194709233055,0.016039007011181276,-0.02355443141219184,0.0013353788396493808
652,0.03404125127650476,-0.0006011399072609582,-0.0014583561033507091,-0.01670383735799309,-0.283479027675551,0.0014574227954883823,0.000683084955755585,0.004039210937973431,-0.012585807130687746,-0.011351387009791613,0.001122207023474731
653,0.03497390083239787,-0.001221940199305902,0.00032391261144347185,0.006932523926246615,-0.30244518311553537,-0.016515005661772247,0.009304588855447255,-0.00623748082852524,0.01201957992189209,-0.027412988319841,0.0016670317225075519
654,0.03833027292139454,-0.0005558036764440309,-0.002021064746004881,-0.03008056124676891,-0.2807686558564055,-0.009675706583659266,-0.005541013125302767,0.00010322993824415871,-0.015060828359468509,0.009808971614588217,0.0013720900014772964
655,0.03465610643113481,-0.00370343877693135,0.000442859305560699,-0.016851616463018335,-0.308319204655954,0.003517417178314744,-0.004852124036361625,0.0002200636899641591,-0.013564591848569531,-0.0077983968546652205,0.0010005750709773666
656,0.015844425296733092,0.0004495915552838884,-0.000489864071488972,-0.019197815062252117,-0.3720703017584687,-0.009591267075570453,0.0003987930200590589,-0.0029808092490631673,-0.013066186596917191,-0.0018230017183253485,0.000292695989632595
657,0.017878584298898707,0.0003654002050908023,-0.0007148261385429063,-0.02658243840966433,-0.37929053533323015,-0.005039208344311047,0.004608861749468372,-0.0007772166522331403,-0.011631491092065823,-0.0004439707269030142,0.000839008496052355
658,0.03264301394259614,-0.0028420792936869844,-0.000971773217527189,-0.025709508928673977,-0.35717877952857935,-0.0015636001068063269,0.000706074560326504,0.0004676431408361493,-0.012722744472774836,-0.0025446524520066497,0.0007144992644825243
659,0.012249969291915122,-0.0027802677331228605,-0.0003009954319558339,-0.0232056486692497,-0.3755900138840739,-0.0007691395201005384,4.0492737548097985e-05,-0.0019108521187787629,-0.012471273593430572,0.005580165522134619,0.0011194161513865936
660,0.02564776665273061,0.0004312106744352099,0.004505974057560992,-0.024001883521452855,-0.3755022855188973,0.000461687219370465,-0.004295245259369639,0.0011578244037139377,-0.012857188931151104,0.004871928299895238,0.0012622623137408468
661,0.01259616904747624,0.0002607560997237074,0.002756483559469423,-0.01862568553772522,-0.3692264553906436,-0.002733782537748336,0.0011509124400959372,-0.0007362919494969501,-0.013111766520619622,0.0010774154512139128,0.0007192680752098846
662,0.015030490058911017,-0.0035305546232864055,-0.00039535326828775706,-0.01804182741193874,-0.31264369380543267,-0.004964567512997907,0.0035830361549203937,0.0018648320299829676,-0.012420366269795835,0.008727715670925038,-0.00017963960183368615
663,0.030027467649423642,0.000738019867499027,-0.00130972668848615,0.0021356544926987987,-0.3808233015954589,-0.011487115100452513,0.0017369790926031281,0.003000369897616638,0.010726336755868787,-0.03393058184078949,0.003895705885279839
664,0.016694539332593652,-0.0011375240760835756,-0.00027716905824688975,-0.02031359299703123,-0.3466999684536424,-0.002538092035565506,0.0006112929591504962,0.0005782137749109856,-0.011612690756303357,0.010501282838719435,0.0011770642458665832
665,0.01676634839459512,-0.00015827114171859953,0.00043662799927466457,-0.02976968168716213,-0.35706918392088227,-0.008230231011085493,-0.006859413187229837,0.0020093075695853586,-0.012329879530055505,0.005825782949640951,0.0013002685524403238
666,0.018794838298466586,-0.0034550450956229357,-0.00016632907417136181,-0.025783049996654754,-0.33687996373499757,-0.0036056322792562857,0.0009134976210884982,0.0009472406643400818,-0.013242551093292974,-0.0061230541792244445,0.000555116933194664
667,0.03422934143365148,-0.00826850713291549,0.003646320449360061,-0.03523288619213282,-0.37979696858298384,-0.010390172548302915,-0.013226866805366137,0.0044304854228406475,0.006470030579784077,-0.021172652879741512,0.0009077352169580807
668,0.019095565184368248,0.006276746058245023,-0.00024046155783936455,-0.015171927553081754,-0.3604612553142409,-0.0035783334574988864,0.0047980018185046994,0.0012078042025413047,-0.012574640485716597,-0.002680608647737293,0.000770270217372403
669,0.03645107777564866,-0.006917887759328752,-0.0010679750970517634,0.008679074513349887,-0.3994763489311398,-0.008723857579023558,0.015183417150101554,0.002467306059861281,0.0073822897133925735,-0.025813637828992552,0.004729375375242825
670,0.017017913748775662,0.000144090649975364,0.000743607987822382,-0.02965427323634855,-0.3483858000657273,-0.008674544249433681,-0.006437276802245812,-0.0007811985618162984,-0.010881306644037546,0.006251643533113519,0.0012837634357646575
671,0.015430349947313758,-0.001417166092326953,-0.0008868167687973731,-0.017122724441566223,-0.3564052558120379,-0.002745287334996732,0.004430429185103747,0.0012687372500035626,-0.013619642497983142,0.007046976259564255,0.0009411124744135587
672,0.010471100511239926,-0.0014970214779577299,0.005813222887399397,-0.017766504111814622,-0.3192351723045392,0.0003372820331396373,-0.004446861418208836,0.0008020967059387277,-0.012992392198205365,0.003856955738013372,0.0009340611860494258
673,0.028701746329573518,0.001338063098888121,-0.001411419514785725,-0.02754385673872619,-0.3654953525549757,-0.007713286087756726,0.0012803065932518365,-0.00020975094277317407,-0.011070047393986683,-0.0015109245908932047,0.00164400332494273
674,0.01600339101954465,-0.003243242871516419,0.00010009923573212736,-0.017756464044209344,-0.31299998462447687,0.003386772299333917,-0.005642873734421146,0.000623180566944328,-0.011835802080807771,0.00906802707107254,0.0014993333195740918
675,0.02637905793937398,-0.003935737033630359,0.0006856787622192719,-0.02743776460612708,-0.36883931969891726,-0.001132405650772545,-0.004505175140124679,-0.0006943585687856761,-0.014009663122473913,0.00298492986183891,0.0010355342513380717
676,0.014505606837516184,-0.0013846070688710165,-0.00010305128333259275,-0.016863021408968462,-0.36254279975702713,-0.005886567088316171,0.0037283657830769284,-0.00022343393660274787,-0.013000023842430283,0.004006659018660164,0.0018528462706195856
677,0.022176293050490535,-0.000530770918209148,-0.0012844008207112936,-0.02603732763697545,-0.37147459085516,-0.009252543528812456,0.0086496935950576,-0.0013747841886106017,-0.015893949336102546,0.00033297486200163385,0.0014495130631221739
678,0.03644253748064322,-0.0042975824859844015,-0.0007476742331746541,-0.027447721133120287,-0.36981563750484103,-0.008731018395864917,0.005167456951968739,0.0010226854444497235,-0.012159992609423525,-0.01990282239996228,0.001517752348987773
679,0.0308829149048254,0.0003145462488547886,0.0046359577329029185,-0.017584356839947104,-0.3303802077296288,-0.0015939382688276577,0.00571755498967895,0.000512745557353219,-0.011690782863628887,-0.0017417119168146036,0.0009256175446533356
680,0.027314905452585962,-0.005523563523387229,0.004132507748452802,0.05773514841629974,-0.34693939372249655,-0.008724912343572888,-0.0037378697205928345,0.002694300426892248,0.014244862709677225,-0.024853781394246592,0.0007804302122323238
681,0.014197515506915446,-0.002403058134939535,-8.05263505854093e-05,-0.021908153147200606,-0.31083869882811616,0.0002968378668049434,0.003630010440404704,0.0016779313404889703,-0.012442143784311528,0.009139683079527587,0.0026040478139788144
682,0.030054132521843673,0.0013219430323926145,-0.0016087662043891711,-0.016911179927827983,-0.35867190108618685,-0.0022481118521702073,0.0038309404455164177,0.0012248380132457081,-0.014450561445021595,-0.018603342254613832,0.0036483675878477327
683,0.017649494598864425,-0.00041814180305885804,0.00048265110491179275,-0.027753286019811023,-0.3385013605535194,0.0031493508673162106,-0.005188855760096405,0.001620847278395034,-0.013072508875117964,0.009010089020473736,0.0008905518702699603
684,0.02741299938793595,-0.023517273872505497,-0.0015037818528280053,0.0019117915271313747,-0.3174849463449829,-0.005866429087432169,0.008489541282565233,0.002430150290936996,0.010270022232454011,-0.022841666804844056,0.0016800620765437823
685,0.03463058343606597,-0.0005498410750312615,-0.00113367723361892,-0.017591639029906594,-0.29973642130786543,8.687467533868551e-05,0.00432808015805058,-0.00031914226803024255,-0.01292904172756827,-0.005215790847876732,0.0011338997805142663
686,0.032523295834942956,-0.0019713020547894827,0.0035872213847944505,-0.03413953291066294,-0.3170643034902625,-0.005456582447253913,0.004723500103790382,0.0004924947768157205,0.00500068599380854,-0.019289796042573474,0.0012161414514396433
687,0.02999490639394383,0.008269456854728288,-0.0008756029311718401,-0.030383905211881904,-0.316267024793242,-0.00017704638716562151,-0.005106128870686218,0.00017889793615827679,-0.008978835604898781,-0.013606114449131745,0.002621507892395356
688,0.029529175477658477,0.007432627527507084,-0.001290498783971314,-0.017893105619582895,-0.3702059009593253,-0.005183658182403622,0.004705119873013214,0.0001673956862858975,-0.00878611271559524,-0.003825263781821446,0.0029420515610059737
689,0.031233524516756556,-0.0037744161312706394,-0.0008184110107717784,-0.036659159868198905,-0.30135469665623166,-0.0008206633719213284,-0.008044138004855197,0.0016059765731710404,-0.007395291226618978,-0.024833888047049515,0.001535284615362422
690,0.028264766502233776,-0.009031381507091122,0.008144770010865278,-0.009328709513184989,-0.3228455504176571,-0.004388805559353805,0.008957790275397157,0.0016086240662997015,0.006069513442170563,-0.02087843561625103,0.0018350148755285945
691,0.01731934320834617,-0.0020172515320133135,0.000629091980701748,-0.017617619639127707,-0.27518751338294495,-0.010314944467780236,0.0011358025922235547,-0.0010120685522263322,-0.012248242498084217,0.01111355933922541,0.0010166884822207325
692,0.03055757180171106,-0.0001358061474537885,-0.0020266252852945074,-0.025880255917723954,-0.2785492874822692,-0.0033518409199305224,-0.003773879380636117,0.0008703737796848691,-0.014128189091962512,-0.001376985773196191,0.001265393780845473
693,0.022827030329745673,-0.000875680855167441,-0.0009312425261674467,-0.019664394343505972,-0.31059724305506053,0.00240950757981607,-0.003030578578264986,0.0011363888489477943,-0.013278750344963777,0.0024074460534648867,0.0009535033242285604
694,0.013590178943834264,-0.0010337520400416583,-0.0001928160848361443,-0.022549665227426505,-0.37759843663197423,-0.006790498130322927,0.005612617609717163,0.000958078543553697,-0.01255819559299097,0.007403109783306016,0.0011274932728314265
695,0.03481646982493112,-0.01093277997278505,-0.0012356130041545233,-0.023902938850840667,-0.36761375018517084,-0.01071649998515799,0.00543419821969987,0.0010059993468579094,-0.011829915623033779,-0.01914692198228364,0.000926484050118362
696,0.030001295180154937,0.002298864479740667,0.001762725296303999,-0.027598054582785532,-0.3936788736395031,-0.005755827787296748,0.0034108625316694938,9.696190531810464e-06,0.007066284561512563,-0.018693521315256274,0.0017235712668773777
697,0.036197811799882934,-0.0016852075682015054,0.0007031237042205528,-0.012532473325324988,-0.3604231897617788,0.0005791804385123658,0.005394593643170605,0.0009362252954832636,-0.011974972831196754,-0.024027923688569396,0.0010280435025575563
698,0.03045837071234293,0.0009583673790927216,-0.00029175927636389406,-0.019238516491219874,-0.38846926410733756,-0.00378217091502544,0.005125672768004509,0.0015887302442907944,-0.012413813779081571,-0.011792548883605938,0.0017101730657932946
699,0.030428534169519756,0.004567268078992742,-0.0008845645030551269,-0.01749402550487914,-0.39997845241729435,-0.006413691671121135,0.006096651142461509,0.0013702437246323636,-0.010530546239216516,0.0009952870395493524,0.0016468138222615284
700,0.033102310281847624,0.00026707236181388515,-0.00017285720812960117,-0.017530963350751997,-0.3880092068673375,-0.00386398232065132,0.004564286576675757,0.00047766286363854843,-0.011214206032025224,-0.0013055358795049734,0.00119022923469091
701,0.016253498487424276,-0.0010092249035810298,-0.00041276984415274776,-0.015714196657362674,-0.38278794505755853,-0.001349341110460665,0.003146617824241826,0.0006524138200186293,-0.012675202289979011,0.00804487711470348,0.0007135398495357327
702,0.0176029591384636,-0.00034678634274424365,0.00032969762385568624,-0.03097587621183177,-0.3718008697929757,-0.0021710541608247996,0.006666480237870883,0.0011610588859906584,-0.01333360588186537,0.002105080306818429,0.004214342366056425
703,0.032939096850228874,-0.00046523779568599134,-0.0010149974330210434,-0.01748414260024923,-0.3651628236640441,-0.0002706755174321023,-0.0038058136250231083,0.0006833755506417672,-0.012075770556279229,-0.014664165548431031,0.0015072155818894577
704,0.011902772880111729,-0.0021282775024109614,-0.0004951762109871459,-0.03608499758987653,-0.2999284933672,0.0009391579391615513,-0.007072604306694118,-0.0005777088561570897,-0.011641665216203936,0.005634780410893054,0.00131686974825566
705,0.035951894073949636,-0.004994505655363457,-0.0012015181748643276,-0.02612730644925672,-0.3710778480651,-0.007917609732622509,0.004735040976254321,0.0003695664743309759,-0.013009543130630996,-0.0153462114203539,0.0009682122498458178
706,0.03484171813068815,-0.0057402167676945505,0.007573896899121263,-0.033690960976545045,-0.38132550701217405,0.0045630596573478606,0.000974269066592651,0.0011304921012308185,0.006938291910577852,-0.025100318283475868,0.002107226123069638
707,0.027655305801718127,-0.0031704936789668466,0.007101065764693397,-0.010537859353200554,-0.35133970368214673,-0.0014355773305593984,0.007488853989259286,0.0018320816388156867,0.0071060804595555116,-0.023531303959772164,0.0008928090047266599
708,0.039972624319896136,0.021261200215815602,0.005085974360111498,-0.09505067658994062,-0.12295670947594797,-0.012639865552148763,-0.014784041077530452,-0.0028146512415801414,0.006478474731852441,0.011061514679617213,0.002644214164940143
709,0.06895639798424316,0.04559162358326839,0.003274957114184296,-0.06506335846949739,-0.10166354593856354,-0.03685285420264453,-0.004314116444854357,0.0002692089095955803,-0.005196051008949708,-0.025426069212748287,0.00022971379953376216
710,0.045984910991392645,-0.000130807084037399,0.0012656318026137519,-0.07137900678946811,-0.15954589564268148,-0.013091993823666293,-0.01413502217079162,0.003701435121232582,-0.015278062452509632,-0.0249023090807783,0.0020157916736214176
711,0.05273022885939504,0.010079973304395456,-0.0003441529545995351,-0.03937995070422273,-0.09632077752511692,-0.048433558080231004,-0.015447430047738962,-0.0009815840355094246,-0.0009717794058410706,-0.022090214940653833,0.0007241419431708908
712,0.049558573521303884,-0.0021926233207281306,0.005885625917797398,-0.07178501310631785,-0.1612716489740611,-0.02113855492535575,-0.011682590920503444,-0.0077090059663893285,-0.014708446766911071,-0.028525871888721504,0.0008808891056756732
713,0.0620794896235639,0.025797568750836393,0.002012266445699152,-0.01738438847646282,-0.1285220304466541,-0.014889913696164261,0.012370260320923237,-0.022192437971456744,0.015408776973220234,-0.02935420208830372,0.0035740128830801287
714,0.06186090753871803,-0.0014385958136174035,-0.00027587837444945746,-0.04099699272288656,-0.0677095435311541,-0.030254699744598462,-0.013976152854017388,-0.02303371705046183,-0.0200872182283723,-0.00280754820155171,0.005025698398591814
715,0.043228906859920445,-0.005247779022943534,-0.0037781069639658132,-0.06819524755913049,-0.07750733566259031,-0.0228499712658552,-0.016469816489895737,-0.0021876386965262013,-0.01726567928542176,-0.01426000328010554,-0.0008411557589365885
716,-0.02770400278803614,-0.04110115723259359,0.002720696112563535,-0.06462438535030912,0.13202511451477547,-0.0082233534757578,-0.009701157623189004,0.02699873577552419,0.023018141442318167,0.019804715342181006,0.002908244507542873
717,0.0029972110960211035,-0.039189005381158735,0.0009889968083604571,-0.060553459569620986,0.0219871781769228,-0.0076302138074283345,-0.0053222728641499914,-0.004368578026181421,-0.013217736198559534,-0.016049865747350907,-0.0044971388556411095
718,-0.007823247869480262,0.006411656391304716,0.0022461925370941844,-0.08777993175123448,0.051227124281552815,-0.008201002125898792,-0.008116210520003343,0.004145268326678633,-0.017473387106511248,0.019666553344373394,-0.00038335716949741884
719,-0.026295036612841622,0.021434729815430244,-0.0007189793066151807,-0.025655285602455613,0.06617406918961648,-0.010143936641764086,0.009258175018553971,0.0042854827919343984,-0.01312362323276866,-0.048272638439667476,-0.00810773007746575
720,-0.004124192735005577,-0.013060148476189923,0.0016501045054599245,-0.0601918732564918,0.0315943567252592,-0.03440422235402941,0.003932749201824635,0.0017618940631811033,-0.006138791713720872,-0.010265668972306732,0.0008431314284977939
721,-0.006854125072529654,0.0037922713607871383,0.002341629766606479,-0.05588331607582778,0.0669299079819089,-0.030592474744027154,0.007893120247358398,0.017239961520431252,0.012111366763915755,-0.008119985746237875,0.004045674695266138
722,-0.004292039993165281,-0.0036573102037566105,0.0015310035201908515,-0.07542988734699063,0.051578340542975304,-0.014721537999968715,0.0028808571755471087,0.0031298238991615776,-0.022049057141686826,-0.04614441956845793,0.0009304422509922285
723,0.007158369983695964,-0.012682838798998194,0.0007346446444340297,-0.0401810014628506,0.015700854291306347,-0.022232815105743535,-0.0007435717265460862,0.004089709531039344,-0.03110341987477504,-0.04779361932159554,-0.0022712397737115636
724,0.048346800904823815,0.06398144911415582,0.003798129496611012,-0.047374697657132474,0.06587524812287905,-0.033599219728708545,-0.0001963024609364806,-0.0016455475968501874,0.006853626467347626,0.0008865007602136453,0.006408154087631162
725,0.044492500580648235,0.004461696398006639,0.0034967688333747892,-0.04758855851601095,0.17798324474999233,-0.012141098395394657,-0.013725260347403541,-0.01625969735220601,-0.02960023708159492,-0.039140785334755714,-0.003852322407877142
726,-0.12826908194496894,0.021219297371754233,0.00036321380120466753,0.0488808086741706,0.17189427946197422,0.004463066706404091,0.011686402117930074,0.002300166035811498,-0.0023689978097608654,-0.001942072098590169,-0.011198752945119333
727,-0.07575277820156932,-0.013901506212815763,0.0005512545793727519,-0.04676760009244202,0.13538346180145144,-0.016191955416647173,-0.012096737988308768,-0.0019108417467350273,-0.026487988814337247,-0.02929414693782024,0.0008663587255311182
728,-0.011761403833746015,0.03060166390457016,-0.004040006938691339,-0.0528684998899306,0.21844279403122532,-0.023159079461783392,-0.00017453679234150223,0.0017884419576961678,0.016548279764558443,0.043016374076605614,0.00011510989108565963
729,0.018217958761615638,-0.0028835686639042324,-0.0038308525457313265,0.04779140404096725,0.22988623523480586,0.03395702675695766,0.004859497411095246,-0.0015008658259705742,-0.009174271965887841,-0.07382718447883886,-0.00046229009845938883
730,-0.052857883955192884,-0.019677678794519957,0.00010326141404966501,0.0010547885457228008,0.15417795984269314,-0.024312480896182372,0.013310104539663413,-0.0004838299055146925,-0.021914445216299344,-0.04874572510353969,-0.0018939475646000058
731,-0.03336886472159815,-0.006259643971994543,0.0015248697385344065,-0.021480738869501907,0.14367040044713694,-0.02361864566970627,-0.0036853073906514214,0.0031368469676223026,-0.021858968754648548,-0.0622649898490736,-0.003195655877678666
732,-0.1512564274476795,-0.005055497583070129,-0.01686243101762827,-0.020441534437312715,0.17405438470727405,-0.008436050031135124,0.012198306367357612,0.0008274380420594203,0.0032743609275800215,0.010643325023990192,0.0014271940709327763
733,-0.06986494203701243,-0.015443294369111776,-0.0032060690478748115,0.10995817958749698,0.10871426502919297,0.0018479388114531305,-0.005897501790280557,0.0014027348652140951,-0.023014276810819318,-0.046923696997421015,0.0024277376270308614
734,-0.03826793448431613,-0.013520690763143437,0.0035339099383165967,0.019643992188887655,0.1410103260450118,-0.020182139483528403,-0.017504019335062366,-0.003373096384701902,-0.03437310861432141,-0.05460731177962098,-0.005837963484379302
735,-0.053941544623032564,-0.016035519279780003,-0.009854803512222088,-0.020709442652594643,0.0774689098657747,-0.018868316290254955,0.013588554196568967,-0.002355943794188807,-0.011905490711892666,-0.008970241381124582,0.0035357702670228914
736,0.050791185878418,-0.005577188999881592,0.004303094332744834,0.03397439901290472,0.16941843413342778,-0.014817251552965113,0.007732126393373935,-0.002045477581927244,-0.07935550912455747,-0.0741550944639777,-0.003595231061591891
737,-0.05571242455196028,0.007545892509529314,0.0010983635909866923,-0.03738883438571072,0.09326834019962676,-0.02229328637246209,-0.0015325468376967849,0.003627239710301168,-0.004172938167799264,-0.009596117555044335,-0.002067919650699899
738,-0.023387571882123363,0.0032331305351059204,-0.0001687924360836857,-0.03680745476303416,0.13649748410953477,-0.014802627810360701,0.011015685823431185,0.00535663675207476,-0.024048026727304425,-0.06449573754242473,-0.004837673165739562
739,0.062234603662729794,-0.02095403482925988,-0.0016611742506768706,0.029024200850228624,0.230467653858082,-0.022255113557425127,-0.0008556509787904333,0.003563439402614399,-0.023413888561800125,-0.049638189185569205,-0.005131199199717009
740,-0.01713278813676342,-0.004979874663996097,0.0027101702557941107,0.04801421110955649,0.02579116114196352,-0.027351444656020723,-0.013199431596523155,-0.013115717339089634,-0.029435484732681247,-0.05387157590079802,-0.0011901210260727817
741,0.002178180108100635,0.004756165805581516,0.004102967673050322,-0.009283657050918295,0.10685684479139632,-0.032953602542327626,-0.01740339222938758,-0.033533747282607156,0.0022404202751814747,0.044038128444170495,-0.0011820964046879642
742,-0.02087541733887037,-0.012775792610897172,-0.0034114777932633196,-0.008459031549658911,0.12393613668969188,0.008361635784025023,-0.0030500255831030993,-0.0017113378814657344,-0.022395070627350567,-0.05491285198473372,-0.004892859573475063
743,0.002888279430183221,-0.009676757256705703,0.002573612333837723,-0.00930833540886764,0.04688343089187165,0.000550444647383167,-0.006268750131731994,-0.0005620242489090732,-0.023868668079312334,-0.06717567267553483,-0.00465676226908581
744,0.001961315829500884,-0.03672009657763049,0.0024346974898722877,-0.08433513358305834,0.08794472642462611,-0.004267070072899883,0.01007489899659009,-0.011527943393709666,0.02058462137668495,0.0403070440951349,0.0054993330879647105
745,0.02374561242966991,-0.01457743476421509,0.005832654929956208,-0.014037913139151712,0.059398506242622884,0.0013473332564860364,-0.010690165092130834,0.0023555949185691157,-0.01710310691311427,-0.021840628200184405,-0.009708241747181804
746,-0.036038701383365894,-0.004192708129995721,-0.01329157014843792,-0.0008435245312585877,0.0552439784064679,-9.475607161851373e-05,0.006392700529765508,-0.0013356036435246,-0.0195787059570023,-0.04874072367248803,0.001552057101611691
747,0.06539234781078303,0.0018349803519599334,-0.00046659572610880935,0.039320058791843575,0.11128084072720154,0.007110091192026721,0.00426393693996474,-0.0045873843459141445,0.02177960456879559,0.036788153725143685,-0.005130886012909447
748,-0.06843655300247675,-0.006125544661560969,0.0006411388939467426,-0.05761824494390153,0.11470081522733398,-0.019191601286748242,-0.006503428551830739,0.0001559898853079488,-0.008431874954961276,0.0025585818810824872,-0.005942980116094605
749,0.04158050621685865,-0.010764869709930222,0.00818268957334168,-0.005150429322231392,0.019749822569418617,-0.005498125129025281,-0.006429912881623656,-0.003623280377516085,-0.014500010042483419,-0.037480870776683724,-0.00010221065494932534
750,0.04320231118425935,0.00047433993785262206,0.0006319627487085152,0.031724609831149685,0.06630765668857694,-0.03302754406271253,0.005451015290498894,0.008525625132483934,-0.02914490930746109,0.002319735708954303,0.0022367087019507376
751,-0.0036017697709915556,0.006866148305162576,0.005612699633520037,0.03603149206040834,-0.023184390868512688,-0.004083582717324339,-0.005547492439265728,-0.01204642194850722,-0.01846441592164308,0.026305088350073832,-0.003924227535846638
752,0.009726792452674342,0.029939839540705455,-0.0013554365410029022,0.04131875146605048,0.10665594063721323,-0.019606716752621194,-0.013192213263257025,-0.014152385979256598,0.015653153851211132,0.08589369114492418,-0.0146785601462701
753,-0.023501737325968768,0.008963211550596262,0.0014204406203858562,0.08148138878049864,0.023517913024257098,-0.009458987746921565,0.003398481361180784,0.006722295956934723,-0.023978817220397637,-0.021026266906692008,-0.0037558211193090348
754,-0.00795936078263238,0.00622973204029585,-2.736392847418759e-05,-0.035592669160195614,0.02459825491346498,-0.011420090276491652,-0.007330488984371073,-0.012978658014784945,0.011982472924457033,-0.005737991842345854,0.0002253952137602732
755,-0.07556082683073663,-0.009414614667134008,-0.00490711812350709,-0.03344109624540024,0.07376177298952143,-0.021102897855385733,-0.008866267670917133,-0.024690647477103967,-0.011942881656079995,0.022769857404142203,-0.011639135830190328
756,0.008292712809517164,-0.005966435972101381,-0.0029693964720700844,-0.060916921085996605,0.045465465858470534,-0.01335879776055199,-0.004643947198733898,-0.005294593439393157,0.019950009568343554,0.041970002895196076,0.00042114753413600384
757,0.08057459336754476,-0.012562863397689975,0.00472713226108632,0.024126953706919578,0.05125753918211954,0.006477579762621416,-0.00016465811393040586,-0.02070663346254387,-0.031081208210335463,-0.036126705786180685,0.0017775675746801317
758,-0.03063271365957877,-0.004572150178800564,0.0008611882036386686,0.023954284276993313,0.08257435227657946,0.00025553923655721923,0.009501893888006013,0.006912924454697911,0.002251956763329031,-0.03687411533669376,0.002262176827162068
759,-0.023038727024737592,0.0014641493977615688,0.00041736152542946967,-0.011356656386665595,0.04386571602237379,-0.018100624713461733,-0.010864436588920827,-0.0019554810384496872,-0.018196974931717735,-0.031182338883433906,0.0014103912561817325
760,-0.000820861429159424,-0.01464255683718089,0.0006602710906227957,-0.10763622857336196,-0.008852101699800894,-0.016958974009898202,-0.007590518933181018,-0.0030536939790036435,-0.0033584565029539056,0.023539541966141147,4.850811161033662e-05
761,0.01915589601134893,-0.0050954636126065685,0.003685036488399663,0.15131556983975233,-0.02425047198679263,-0.02405568707033277,-0.008816875591718985,-0.0005502201032054719,-0.02760194128536773,-0.03134262289379652,-0.003261687821037548
762,0.034683316288371416,-0.008616829524999979,0.0029945112889758646,-0.0099665274937837,-0.015303268566004237,0.01577569061003386,-0.005524967241069012,0.001326679294821771,-0.0025642346526492197,-0.006963787823728846,-0.0009417244881035792
763,0.04750915441742953,-0.008804607713317434,0.0010007710916755056,0.06193156248045712,-0.10594004204991174,-0.02432548378327091,-0.006645443950241581,0.003146991840995345,-0.009950813177767436,-0.02828676479092289,-0.0030440817024355517
764,0.023535093299029083,0.0016410901918817325,-0.001338845514695306,0.0537244345627381,-0.13707563842842335,-0.030525371201432457,-0.0056070391121874254,-0.022663994691241536,0.00034798887004944094,0.017257224663089807,-0.0008112717359376375
765,0.037843545351898,0.02444744121238987,-0.0008764555786282109,-0.02374736586570738,0.021264436035303175,-0.001434253320300449,-0.014877255816261098,-0.0019329439074149096,0.0019384895989011616,0.024793386644940865,0.0009217446878611873
766,-0.04378306154667193,0.002481802004564612,-0.016216545784953414,0.0676622158173596,-0.01715549653907196,-0.012515040752255764,-0.008868033027743033,-0.007769616500016726,0.004101704769906156,-0.010855586486954179,-0.003349491892867076
767,0.055123089703720984,-0.03697074959150713,0.0027980728503874254,-0.08272034947869389,0.0418044725104408,-0.005249982481762733,-0.0014098233086847472,0.0061156607148511125,0.013086456855177404,-0.011235665035107832,0.0012984572350261965
768,0.025056016927375403,-0.003345662545766491,0.002820449884817255,5.310555289739792e-05,-0.060526355029783076,-0.015467131219609258,0.015605337207180795,-0.006350574394270244,-0.021418864518170436,-0.046097674407444014,0.0003609177587922805
769,0.012393805229668849,-0.0017498116631916188,0.0014511534149017702,-0.013806943195023354,0.000985080968320934,0.030622519612732994,-0.008812663297790728,-0.00767094560091573,-0.02629114166947552,-0.03723880773236511,-0.0028693162905330263
770,0.03658329313112807,-0.008633283895184302,0.0015679832326470893,-0.052045470675687794,-0.0657093386056854,-0.04533520780537758,-0.009445058636044683,0.008191075354463909,-0.016277662254696488,-0.012608242960873537,-0.001803507672801972
771,0.056555027373630606,-0.005018846511360156,0.013108764095292928,-0.06533630265278242,-0.18334451861250162,-0.01388123160904526,0.01791493055064324,-0.02154293934665027,0.0107529065636305,-0.009374973273270134,0.0029309489335209845
772,0.05102058892495944,-0.0050665400894782005,0.00745749815715462,-0.07044730865245374,-0.17817639673371916,-0.024833984077452416,0.0002345938232169896,-0.00471720932418607,0.0009211722303473204,-0.024437980820623546,0.0013109614596298867
773,0.03619236639605165,-0.002833794530464817,-4.399109375629851e-05,0.0004326339757659897,-0.17948165419104398,0.0004938594559251399,0.015515894764088378,-0.007953242397711136,0.00035233031310870827,0.021718006301924553,0.0008743102673004608
774,0.0569920381929613,0.0009193005652627567,0.0035543691593866197,0.09208514060365193,-0.19660246482662766,0.001379005460787895,-0.002821634187851615,-0.022898931377206624,0.011850773949194432,-0.012851735689492097,-0.000439207049654792
775,0.020783718806631667,0.011580701416935364,-0.0032987618872238654,4.899267636351531e-05,-0.07752946411239482,-0.03603193675680035,0.0018901958610074692,-0.021631688326362225,-0.01683036119645684,-0.0404036267198489,-0.0025828217262405177
776,0.023793795459651625,0.021123866693443533,0.0031863499072963706,-0.03926601907588724,-0.08840400362779181,-0.05490333915441307,-0.004164693888963455,-0.015784724806728153,-0.0022006337379483986,0.01754663349014966,0.0037016810515045026
777,0.05369892750693492,-0.0035080482280544145,0.0025897627366165904,0.010181353684317824,-0.19846094619891502,-0.012962000272208021,-0.002358743572523673,0.0013336243227511225,0.011877955076008216,-0.03282548004229967,0.0019597127914726957
778,0.06807468126958746,-0.0007148974447611998,0.005549018983505416,0.008355953008072195,-0.043690505212351606,-0.04699644194259452,0.00012013859263041435,-0.0038350391689455227,-0.02335110026697989,-0.028168844649826955,0.001445556998234288
779,0.045132664656363286,-0.005975426913277915,0.00017317177132349646,0.09685140660536688,-0.1825358070978285,-0.0014861938165715714,-0.0077311778267661,-0.023766197945545842,0.004360036645157815,0.02800151212667933,-0.00027612519778074973
780,0.01068150170954089,-0.005979735110369078,-0.0035949412415461164,0.015280145577968873,-0.07781499767144416,-0.04755386598870557,0.0029800394089678217,-0.004065584434901382,-0.010039848633413348,-0.03390678019919971,3.00608023116491e-05
781,0.042526385091795744,-0.020622205454909587,0.0026876166394321126,-0.02959316334152673,-0.1266995664328266,-0.02414277773967208,-0.006229189820078916,0.003182437437837408,-0.0036752610086246257,-0.03207437649609236,0.00020153829845944525
782,0.0397801776892648,-0.004016000935195906,-0.0006975342120378951,-0.0012560763906202138,-0.18561196297254678,0.006819774077946763,-0.01133146699531974,-0.0021232571127617547,-0.01604871547821701,0.001821642333027711,0.0009725281021638488
783,0.036491563383895455,-0.003971675606381213,0.004165102221872887,0.010135916832301483,-0.24433992400849305,-0.029383927614057097,-0.010955637525754566,-0.004193795028091909,0.009035316413138613,-0.024527101941285,0.0033948636841589384
784,0.03624532857989433,0.00016819932718304463,0.0014829899647465625,-0.013439805486803878,-0.26277239909412087,-0.0070462647341247,-0.006241991055400835,0.0007447403452506287,-0.014727705895061801,-0.00039961621208187874,0.0051204564265819605
785,0.044246405656176505,-0.004122713012066954,0.0047501121292957,-0.010831193130987477,-0.2159213258614632,-0.02695991929683826,-0.005332504971392973,-0.0017983302664480263,-0.0020610393670677106,-0.01875915847934441,0.0006249012465586708
786,0.03720877187411321,-0.0029804840269379183,0.006248165757307078,-0.05011423492609976,-0.2067296793796474,-0.018022775474620046,-0.011159088341808693,0.0021129832476654464,-0.011528652987903723,-0.018489327976804016,0.0012445914600842654
787,0.04111984150990839,0.0005327101449621116,0.005290913063349714,-0.012326163275169735,-0.25016914124582623,-0.012188423389509376,0.001025627960231183,-0.00642526622697054,0.005598429672884497,-0.02075615307884731,0.0027490662777244373
788,0.050947300225332136,0.008937802115833398,0.0032037693304935075,-0.06903535051397411,-0.22172666303913763,-0.0210483736486671,-0.006371021101101863,0.0005725248641579777,0.001809311250597889,-0.01114950104006441,0.0020360145200069538
789,0.033478670704682634,0.0020763712067356716,0.009654260387584471,-0.034170367436899676,-0.1944267899741842,-0.01655050590704152,-0.0075941397276135395,0.0007706915493744442,-0.01275966622365087,-0.005788142590033172,0.0010593896434707257
790,0.03474991806758177,-0.014606258172791767,0.0047739292298429785,0.06366174561859574,-0.3018890902510642,-0.014697887511099782,-0.003197114832220602,-0.012869201090304228,0.012138687420102427,-0.02492487320433305,0.003546058288222662
791,0.03425082339069525,-0.004220364679369111,0.003417058181375831,0.041395761976575074,-0.3007305535282565,-0.010794659324676818,-0.0053061291221061565,0.0006431875774445729,0.016293438950358036,-0.02919025739082814,0.004257488680069174
792,0.035163530358602375,-0.0007401791020297987,-0.0005408581744860694,-0.0134810291177663,-0.26695053551639897,-0.002259975292716351,0.006051401560535347,0.00063988079999301,-0.013062990337117763,-0.002044039027869827,0.0015934835384783616
793,0.035159013571881115,-0.00019856878889887972,-0.0008022455866088641,-0.01755761808069144,-0.3016766319838922,0.0011776059426227407,-0.002314992601601775,-0.0010867685894140637,-0.012406707276387749,-0.0040411637117164076,0.0008395205173022132
794,0.03697736026991257,0.00029034601888432783,0.0008691009118307734,-0.04196034610926388,-0.24693469057567696,-0.008557054903783978,-0.01240656434441403,0.0008529276212693061,-0.016338170081533238,0.0037980144564645577,0.0011154766284513047
795,0.03283769096775691,0.0082069616010453,0.00012428838532515615,-0.029841117060487404,-0.2614017593041384,-0.011815852429684562,-0.008656350245748899,-0.003014629522242094,-0.01353066452576169,-0.01348988761951028,0.0011141890844181342
796,0.031890800091987685,-0.007490860118688765,0.0016171248714974384,0.067901968557067,-0.32955555416836957,-0.014285166402467528,0.0006804045191029055,-6.60495385029338e-05,0.018277465968965654,-0.032828684167781154,0.002245102013174639
797,0.03266925426195072,7.218620289721019e-05,0.006546273409759124,0.008122592612930439,-0.30888378004006,-0.007654665828243207,-0.00168405318979262,-0.0007116209732647562,0.013324818952007624,-0.026020949937513475,0.0012955875610322454
798,0.03723506164754926,0.0007060151914618898,-0.0006147134617636911,-0.039539546731061435,-0.2648713152129476,-0.01090398420696083,-0.009569326398001489,0.00031939798836427217,-0.014961815521344018,0.011195809513659638,0.002598650694881719
799,0.027803267440669095,0.0020295527977236263,-0.004457120077647629,0.06600511475874124,-0.32750497506007886,-0.018163822736784973,0.00528039110399755,6.210847449063019e-05,0.014656613113891034,-0.021613463332677874,0.0030447233351923913
800,0.03303523705601701,-0.00037673790208755026,-0.0025018270616453393,-0.033569436563370685,-0.27079476662594293,-0.01243560463677247,-0.008980943905528697,-0.0006196543414029413,-0.01299128738552433,-0.019253124909446393,0.0010837023058348082
801,0.030999057155716315,0.007553150399027965,-0.0021488223018289536,-0.02570564591054463,-0.2602995151912112,-0.005996651705106139,0.005778911525395983,0.0015589664721621073,-0.010899593806000644,-0.011792677356310542,0.001863738060718475
802,0.024265585546548944,-0.0022275527709010737,-0.0012284645459805159,-0.01629886309123609,-0.3244963307085761,-0.003976631189646534,0.004371646793304445,0.00046025096894136724,-0.013943632723856247,0.0037774205504947384,0.0009296552913728521
803,0.05094973290568437,0.016681192239730448,0.002119646876722912,-0.08647289563224546,-0.18715783451935555,-0.006614219839579335,-0.013655697916416706,0.0006757272050763927,0.002971070812230179,-0.022255041029539246,0.0013654064527517892
804,0.04975989357029138,0.0018847586689885415,0.00437999524498131,-0.033346986576216764,-0.13488192166342086,-0.025407515409498,0.004416328382683135,0.002819198422809452,0.011740800718911117,-0.003854694262541592,0.00167239989801712
805,0.04295985055858342,-0.004346924385866268,0.0035919750933189544,-0.06399230968147505,-0.1760749750982839,-0.013070236196156713,-0.0038356516353582307,0.0021337415782395623,0.008876823806189158,-0.01595127300500423,0.004350418544686496
806,0.057070831096902454,-0.006068760984263756,3.439884651792287e-05,-0.06753506875555537,-0.1504528839345523,-0.027149412145935886,-0.0008628520942869518,-0.0025751722019793258,0.011356803907158845,-0.024321824302291756,0.0033866412993140463
807,0.058429220087819325,0.01030555060940291,-0.00024077030038822505,-0.06628175305138075,-0.16413826320930203,-0.027010012116980113,-0.012471668310742747,-0.0022615904963426228,-0.00897961657099816,-0.023381392794119528,0.0010055759094012946
808,0.042378175844648404,0.025793009061717,0.0026497636663613375,-0.07025081142281908,-0.09869094484489725,-0.020956096489335545,-0.013519861161627069,0.002001055259380626,-0.01300412913398671,-0.02183098146483247,-0.0009714275338925993
809,0.0252253461269785,-0.0012739351950276292,0.0034406235262905535,-0.08640527802716741,-0.20300446448072973,-0.015521040585849083,-0.011960055500709015,-0.00036106954976179,0.008273919692844038,0.015767298233078812,0.0019585596989384244
810,0.05249529026855699,0.01856885277733538,0.0029232035547668307,-0.008913072077573268,-0.13451946930094993,-0.038479587071707504,-0.011575035465844598,0.0007301428484050075,-0.0062737427135019595,-0.021652474833364414,0.0020366027066575326
811,0.0522733110953589,-0.015939100667819138,-0.0009432342568076727,-0.07568813296906939,-0.17349235980129038,-0.014869059138655456,-0.013472434653138318,0.002074349534236739,0.001494473877505407,-0.015151433942636908,0.0010492822727451924
812,0.046302776983418434,-0.002817353067697228,1.5357733707807305e-06,-0.06929673326972974,-0.1355475534861287,-0.02069234037657733,0.00733329704163056,-0.0003022923123071182,0.01059196503802975,-0.023931096278694674,0.0019778032429565513
813,0.04710937572772222,-0.006441638237273729,0.002297172352078175,-0.07797877621380715,-0.10663588173585566,-0.032639883477304475,-0.0069844074542965056,-0.01608179267298077,0.01139659431497338,-0.004074122561290945,0.002895775742787708
814,0.05589754926741329,-0.010902466755976503,0.0011385363002859384,-0.0638069791418394,-0.12471704527157292,-0.03645623965512579,0.006503130386927532,-0.0009515758833632402,0.01195693005800953,-0.024318135362333005,0.002451930731983845
815,0.04274035011109113,-0.02053840077118923,0.0016666012748085142,-0.058188340053237385,-0.11030796412934203,-0.03273818497362916,0.004582828144542226,-0.004756670629948752,-0.0012174049203557988,-0.026604288247955896,0.003933233972421358
816,0.04973925359785177,-0.01658696171267392,-0.0004991624136063756,-0.07074478023300249,-0.17297788475658987,-0.013158639142561199,-0.01293700627068245,-0.003749632413127851,-0.000628860002631825,-0.009643428035046005,0.00019906583971801976
817,0.04530322844819414,-0.010865418247142647,0.0026750258398660545,-0.027710081835507022,-0.14331319294762687,-0.007074112907484518,0.01290206292573365,-0.00019885011812279077,0.01841642411975362,0.012638224215970072,0.0026560698819670593
818,0.061325025279068864,-0.006721271339762574,0.0005254654589542368,0.01957232393691541,-0.08811078518760389,-0.03106911235856623,0.00136246396820354,0.0025082031304446617,0.018693275557857804,-0.02557442051513578,0.0049024072162244005
819,0.044039070654743516,0.0020717984677352803,0.0021906432406704037,-0.04664500468566893,-0.15952972132560977,-0.03251312175328956,-0.0009151443694042932,0.004389608610595256,-0.003975869675319025,0.0018112573562698634,0.002554033801046382
820,0.048004233474187426,-0.00922612462433225,-3.2718743867950805e-05,-0.057207476757336215,-0.08643259661701555,-0.026975437531963607,0.0006241901572224036,0.0006448734848590568,-0.009094395578772133,-0.03013343043447559,0.0009447546013157778
821,0.04932179197422034,-0.02485402808636618,0.004240611131797308,-0.061159385493905434,-0.07625585186799051,-0.04474567481823091,-0.0060737938116958,-0.0005353468575686792,0.012026233515834178,0.006057956455697726,0.004753037105360239
822,0.05075899531591356,-0.001817046311388631,0.0009842228856349739,-0.04760658841623757,-0.1635965410924645,-0.035247441135313785,0.003773710448984661,-0.02025457948470589,0.012768513231986973,-0.018280621662438316,0.004944560701540395
823,0.05053640952819884,-0.005488016725649491,0.0004895360168393626,-0.05848822050366798,-0.1165119862641723,-0.0330525000841342,-0.009724669804485109,-0.004272336312858662,-0.004384005961979659,-0.034295376298138815,0.0002872558050069664
824,0.05012794660209437,-0.029403317451522897,0.0019241506282382933,-0.07811163072974286,-0.02096443166658183,-0.03931407920045575,0.011208020819057763,-0.0010462130688868954,0.007748192413931394,-0.023417696946469578,0.0026926049507935306
825,0.010258152082624032,-0.003138730308210763,0.002869918287653291,-0.07633680411987427,0.009691052648126485,-0.004167294184372651,0.009709935768928469,-0.002800717579449724,-0.021114236121281608,-0.029881820251525384,-0.00048746790821014153
826,0.014715774481910183,0.025689260875969365,0.0024293809406887522,-0.03510430021939986,-0.005635774235053397,-0.004437207510537878,0.0017183494364102648,-0.004172910758137716,-0.016379088368507218,-0.05257874417856835,0.0017949156029946087
827,-0.02165324382042385,-0.01570074923593956,0.00033942614953826283,-0.06651603040787664,-0.03805568985295052,-0.031685326226657935,0.01199654467836065,-0.0030509413587338336,0.002701337726802698,0.010394071255160816,-0.001386605256501783
828,0.016503915806246085,0.026265817658744528,0.004278011991344568,-0.06634563391467736,0.015049674188260151,-0.026954297111857834,-0.00628573579053121,-0.0007214630649986612,0.011838313057815863,0.035126176663516764,-0.0003197723073149322
829,0.00899485608645612,-0.003114235901809481,0.00016274670674495362,-0.06506963248029676,-0.02656518702900029,-0.0029935007316702566,0.0051999470921937786,-0.0005532064710504109,-0.017326856686690817,-0.04075971077309072,0.0006627010098698316
830,0.005662448436985012,-0.020426484138174016,0.0024266361477851424,-0.05407551732174293,0.007355942581904353,-0.017732662794402096,-0.007020947635337567,-0.019374203559382484,-0.004675090222179103,0.0023407806620223915,-0.0033372727320437356
831,-0.03807228179996359,-0.006490192526437318,-0.0009357607722295491,-0.042108792846095616,0.0076365742159385,-0.011663830270743124,0.007690883643025189,0.0009523547260459623,-0.007188188477903769,-0.01226448499836553,0.0015597994336100094
832,-0.022669378011374915,-0.01587583824489968,-0.0015477943362428553,-0.048198960523443087,0.09620341694007321,-0.007863213925392352,-0.015119402177753895,-0.02481397448538099,-0.025427854933212615,-0.05704156292252641,-0.005183502041248291
833,0.0038875874138499036,-0.037147896177542515,0.002437091658573028,-0.06918655561220591,0.019274970195402762,-0.041851530885223684,-0.008177783198999337,0.003687053038301311,0.004820463049194721,0.005702887801192092,2.071220309842687e-05
834,0.025857323402586257,0.04320457531763199,-0.00012564307480884663,-0.0778202920499716,0.06748836485195117,-0.015830560957590112,0.0049174055402810115,-0.009187773836817664,-0.01899304899195462,-0.009416852594465043,0.0058951091016380035
835,-0.028573740607454167,0.0055864655042121725,0.0024585549415102963,-0.051770209418286806,0.05909593968474346,-0.011303129991955799,0.006491541527456122,-0.003161205848992525,-0.0008853176955870162,-0.00931353363110773,-0.006651445924955191
836,0.03492620518903173,-0.008995497713163068,-0.001952903630486584,-0.07869256763476908,0.05332896817660393,-0.03236499230734899,-0.0003204498123387952,-0.004802875703470601,-0.027264795579027532,-0.020189465804951526,-0.0028595154274489317
837,-0.04094547711253728,-0.0005782373643300992,-0.0005448775476239631,-0.05818337706712447,0.0506111335341202,-0.01691692359462022,0.004190466875076459,0.003602418762203559,-0.017057305526150687,-0.027426165058802705,-0.0017379043504047508
838,-0.009988698189381981,-0.0005707147508391724,0.0002149329920869111,-0.00170037234103197,0.05259551814619692,-0.013968638997784813,0.008781637261784315,0.0030677591964695544,-0.021686918055095497,-0.03988015404291456,0.0030103375808294484
839,-0.015281832294250416,-0.010565297758661817,-0.00021742834660427458,-0.06348544974472259,0.05020258383446407,-0.012424661824514995,0.009070119530166764,-0.0021574471227927793,-0.01900847760230878,-0.04307038847187598,0.0001303634595131213
840,0.005393068512353458,-0.006600486851478743,-5.238758995536608e-05,-0.08062774511141883,0.009686396446883358,-0.025238839962727005,-0.019685132021547203,0.003197240536343729,-0.029949031250338157,-0.042561660747447584,0.002240268264935961
841,0.07016916963337515,-0.012140346611737301,0.003824771538742638,-0.0818913415675026,0.1100678315761914,-0.034556969034323495,0.005685951837984861,2.4797724940225342e-05,-0.01535138725005675,0.0018543540246495419,0.002556198646767621
842,-0.01465032597014989,-0.0005949597667394347,0.0027620021469136123,-0.06678726350058484,0.025370907689628016,-0.015653953443473152,0.001659294879886519,0.001899262430192758,-0.020037263521981357,-0.02440805956154833,-0.0011634625119442933
843,-0.0236500345246051,-0.0007222636799206975,0.0021475304059226474,-0.07201638330294535,0.03607489125838807,-0.004252939325479179,0.011557777753842613,0.0037751809895788103,-0.01917412869014496,-0.033307241078041186,0.002013466394124127
844,-0.03447842941287005,-0.010687478853454719,0.0028431619765510005,-0.03918388187356875,-0.017537442076165127,-0.011266046388019467,0.012308338917353131,-0.014377273512602961,-0.001398835824492599,-0.005124788646570331,-0.004701105037301471
845,0.034298362625836215,-0.00010767988973397516,-0.001361326527704716,-0.00941146372275997,-0.2930689987957442,-0.01706806367821387,-0.01284827619968007,-0.004542888589568559,0.009773871039992667,-0.023241816587591838,0.001303275908435132
846,0.03611659515850562,-0.005737183253281044,0.00446769741764719,0.08500961921231286,-0.2694740721832463,-0.020496925597184166,-0.0041100019039741,-0.0005096405748507431,0.014907413735975815,-0.029422286140137165,0.0012619368793520735
847,0.04969171364034705,-0.0006400950049197219,0.003804250250196532,-0.042746637252201,-0.22777920293197904,-0.02006252272074497,0.0056821903207281525,-0.0009110271109915067,-0.01206064229888412,-0.026433118399730938,0.0010191527184803336
848,0.05447791810794542,-0.0015477441282834956,0.0004545711782162428,-0.04296374245720621,-0.19889371955194105,-0.017292450510808764,0.003621510860664543,0.000864248360619721,-0.011421037659983181,-0.02749333796490103,0.0005636255931309309
849,0.04118413635976031,-0.006467772205418169,-0.0005122755876902393,-0.03260126439960419,-0.229962065755484,-0.015644223744572777,-0.005917900678753251,-1.99008797140405e-06,-0.014178126984201683,-0.025376469359940645,0.0007189916940142991
850,0.05069999180146929,-0.01049350351339815,0.005309544429862457,-0.0587208175148054,-0.19404729565983986,-0.019918346911869236,-0.011286710044349679,0.0003501402880898487,-0.010830269764743945,-0.03275293902903406,0.0016200095500097417
851,0.060934323177715265,-0.0031634751222301047,0.0025143376690933907,0.09188445310425296,-0.2828888114007954,-0.017961859376455717,-0.001446085060438921,0.0007243534991091052,0.017386510712537457,-0.025410941756907713,0.001491342945931804
852,0.04447990487259863,0.008610643714151732,0.004400911205991062,-0.05078287845965811,-0.2671589015206225,-0.024206870001716906,0.00356985498836802,-0.0022431455564604795,0.002556687064187336,0.010441838142191432,0.002391869101677077
853,0.042029318156591826,-0.0037884372500771686,0.0028832114992197616,-0.028131712814268937,-0.24635883893778832,-0.009326626282878147,-0.009493075183075196,0.00012503319864092362,-0.012819946413119431,-0.013195240339639322,0.000671118000928947
854,0.04086024845627201,-0.04561715530640983,-0.0036177987162940724,-0.04613333019268929,-0.26428834623145214,-0.01751187333302942,-0.0006360294363065917,-0.010578265762960838,0.009182197822313904,0.006276578488687456,0.0004903114010649977
855,0.04048088961339179,-0.006665176742368751,0.004875414506304217,-0.06835884737204775,-0.1763348057173477,-0.022934152199974207,-0.008723871159215921,-0.012176204649958514,0.005079232464398494,0.00011790069412624896,0.0009992320226570055
856,0.04469052747342212,-0.008413135996229275,0.0013329190607648882,-0.07214965452159006,-0.16205542656025337,-0.016230115593637306,-0.014212484091018716,-0.013045897520653583,-0.008629489783532706,-0.031230128113277012,0.000983674762324418
857,0.05198683047211361,-0.01829931593392256,0.002669915082119547,-0.04739169980756498,-0.14170670664451865,-0.050315363409043114,0.00015682522637424287,-0.0070470317070314885,0.015488319225585549,-0.027951073119861357,0.0007541824701682544
858,0.05726405372289413,-0.002263675387936858,0.0015458936211872939,-0.04949902439197044,-0.14312785015061583,-0.03574110038464137,0.009139939406345162,-0.0009868136075987435,0.0132003217708528,-0.02779130136210255,0.003592474368867791
859,0.048995979339565565,-0.01428757358950794,0.0014332932859568318,-0.05573398493545431,-0.18934056827501203,-0.01876244527656033,0.005010630926166497,-0.016522543641020515,0.008669276933457443,-0.028768945951285343,0.0021316811729450865
860,0.04877596918270961,-0.010853438396259563,0.004212297711190889,-0.042427822255395375,-0.12423519353570954,-0.032855295686590694,0.0038368031415291844,-0.02173534207289071,0.013929749669335321,-0.03483828961148116,0.0017755316292535747
861,0.04875317249985863,-0.009054427490720893,0.0013945901612319083,-0.03940734569458886,-0.1850589788485827,-0.014825836231670646,0.00373444266568856,-0.0009643866562445276,0.00638780724897634,-0.040558944187206604,0.0031362944959649084
862,0.04632120234272249,-0.010062361709996224,0.0006724685645441155,-0.055887594844190674,-0.14823936374209176,-0.027922322678580344,-0.0015817988082665235,-0.010737664086820765,0.007647375630344984,-0.033687314573594786,0.0015868868447698017
863,-0.05912422033939954,0.014424613053014228,-0.0026031445542538585,-0.0258014061410731,0.08914212360221481,-0.0005502949383994048,0.005726769561804322,0.004856567699078978,-0.012746105737446748,-0.0327854868125045,-0.010346241828771629
864,-0.027524166198616896,-0.0025608138834874597,-0.0019743385019999056,-0.012309907542218496,0.0917524482384176,-0.02295603206221225,0.005682210308391902,-0.008746295807111688,-0.02592918593409578,-0.05018567180956804,-0.0088975419074905
865,-0.049246192193138506,-0.021684003580893778,0.0028821465213648948,-0.03173201418051972,0.10207177787034594,-0.002297530325268989,0.005779953424282264,0.0014122179343440176,-0.011444655231937592,-0.013265744125269704,-0.003860768640449893
866,-0.14220863288899924,-0.011793699003786354,-0.009973346254626939,-0.02270183336354224,0.1613106432473229,0.009148510509210233,0.0007152821036905106,-5.3282727049060356e-05,-0.00024128560028086437,0.003238724986475917,-0.004599351816880635
867,-0.054291857601204765,0.012949108532970469,0.0016270200613523638,-0.005890115192868199,0.21825236375987048,0.030716485943356187,-0.002184089202959382,-0.008456496030844257,0.018646230062044883,0.054997855261592496,0.003594579814808903
868,-0.07017372109602613,-0.017062392673391585,0.004378484966340196,-0.0273852862137837,0.11426097029359308,0.0019353323805959355,0.010107372485771862,-0.00011148817707513383,-0.008926683554775303,-0.024266051357541805,-0.0005338393543757308
869,-0.022936121617924597,-0.018047120810568106,0.0023061205752950256,-0.036532048913373714,0.054958894524645294,-0.0009267717408580045,0.00872628123589437,-0.014137914896878708,-0.014905101944722582,-0.04447328983947196,-0.0007074620765880594
870,-0.030076325893570288,-0.0013930766702921497,0.007358298969337065,0.006316693690336728,0.10566198578211858,-0.0007225941866807451,0.012850157929433925,-0.0020740668821805208,-0.006954025003474884,-0.05566163062574582,0.0010928057962882225
871,-0.06413194299293268,-0.008295116561411768,0.0013578596286631008,-0.022823735517952765,0.14842347561380873,-0.0004453144623639464,0.0061046420359902945,0.0008411032697575921,-0.030500931480728834,-0.040843486792812765,-0.0007298383181589157
872,-0.021052206824498276,0.01754014303882699,0.006090094196019095,-0.04603843292698242,0.2511729726158826,-0.03273718690896649,0.009941612096766998,-0.0019622943308529807,0.052818764061896346,0.05703819356159342,0.003320072925635527
873,-0.0310462716405125,0.005682394856097864,-0.006491609693500136,-0.06122825816345341,0.06723429395549314,0.005878823883534148,0.004717770064247682,0.00672244656846087,-0.007923988508035091,-0.014556496536223809,-0.0032230612811428782
874,-0.022465415462638548,-0.009860085265507267,-0.013799747090026182,-0.03714108649731012,0.06063010236560031,0.04759742980768183,0.001715346358296402,0.0029262850229955085,-0.004955933350433528,-0.017831727094832214,-0.0002949183345847369
875,-0.055063767861513756,0.0036964651432624717,0.0016320418249934992,-0.07620723774868282,0.07567630403680134,0.003957835621954302,-0.006037084265571789,-0.00337641074235912,0.011618304269570785,0.006129861496065821,0.005759994395521152
876,-0.03565576947865412,-0.002203421779268646,-0.0011495404343622475,-0.06703931486803115,0.03780379252463414,0.02391226261008912,0.0004782124247580944,0.005493761962199861,-0.00931567969991828,-0.017185844994748706,0.010832402035313856
877,-0.044933098568679844,-0.016977699212633268,-0.01449901604569606,0.0869272365927644,-0.24653728902998406,-0.012881806287259524,0.01008824870018167,0.002241115173071623,0.0011048058289569078,0.021939096979338928,-0.0039719803769357855
878,-0.021548622427149205,-0.010841979490455112,-0.011993864512919127,-0.03678636819959036,0.07526395301761056,-0.02021267002437883,-0.004604502938144865,0.0012385038250183281,-0.015040069666473274,-0.029070570422609326,-0.0003782771097863532
879,-0.051499866121159164,-0.033629418417036365,-0.008623054283075166,-0.06630201215323445,0.06615988035273632,-0.0320071724007732,-0.0027474981883038583,0.0038787091616801746,0.003727669307011445,-0.00946340026278233,0.005334149732800215
880,-0.029330231702700715,-0.022448755246408554,-0.010235222252100176,-0.0654980191838066,0.14196299432413656,-0.018841799954798896,-0.007479255674127802,-0.0014067612809019814,-0.0010617908557491753,0.038318009212905874,0.010515613171606868
881,-0.054173074078352014,-0.009774172765338103,-0.010781944878961544,-0.063057821852088,0.06256407922385421,-0.0061494558702524845,-0.011268256775152627,-0.0021474200288536032,-0.006895776228805594,-0.016082873580121487,-0.0026170089044635827
882,-0.0671831311226126,0.0011546839193163692,0.0037571409746208974,-0.06525192749827297,0.15252907600369164,0.0075518765725617575,-0.00404764509507299,0.0012911257383603472,-0.005490598550853931,-0.011610259193384117,0.0011196073265514618
883,-0.008098157616932276,0.02319190639153518,0.00030817787015975,-0.08440995688607307,-0.003447830231488881,-0.025862113865505677,-0.00524019065051613,-0.004239980899499142,-0.007559531644035641,-0.020059477508035668,0.0006278342280813202
884,0.040501221987307275,-0.00282487430814683,-0.002139905367069709,0.0018801646585897744,-0.11517227058215256,0.001891280328239459,0.004249407515525321,-0.018668152368478318,-0.0061190438187913735,0.02925042190123101,-0.0013740569526660624
885,0.030119058331090416,-0.003677419705056279,0.002800314402345895,-0.01098253638386419,-0.014957602493735865,-0.04485817078810647,0.0019547459387329767,-0.005783922654124532,-0.026356562739951506,-0.03801119722126177,0.0006091290990681086
886,-0.0335705452373841,-0.025485976075441744,-0.021293213338214635,0.005932605117123429,-0.08457800470784364,-0.00957534177666231,-0.010517564228168819,0.006296227323504314,0.01655422107095806,0.037914602795098895,-0.004068747141376545
887,0.02022579097074212,-0.0233531386651093,0.00213864765304399,-0.01983997410121157,-0.042126655351676444,-0.02522487200667051,-0.010580081201283672,0.038008577143817425,-0.007259547646471722,-0.005652857899778908,-6.734995358332004e-05
888,0.03840053757548215,-0.005574038525193487,0.0021342718246584037,-0.07909332413353387,0.020604745685483317,-0.023160867294617932,-0.011575329269388448,-0.00560259775378669,-0.014958160608722647,0.001940637891459121,0.0001097989086963737
889,0.01333028026313855,-0.006506203646903689,0.003944413797524719,-0.06651218626266721,-0.12893268345216236,-0.021292642141783044,0.00806973334599701,-0.0004423995055293045,-0.0078011580640655765,-0.03217119890753798,-0.0011728279368304379
890,0.03645637979177895,0.0013682729304342407,0.0023374062852857635,-0.0606769115461264,-0.1315331552050728,-0.025806351719453367,0.01619852440785898,-0.002228489460844498,-0.016613851896593857,-0.02956483755306929,0.00026598149304722234
891,0.03337656198212531,-0.001412030025271037,0.0005074306400036002,-0.03647688555802963,0.0059337916270781,-0.024024721960764262,-0.009617609402775656,-0.003461676814200873,-0.017567390240728085,-0.04099198078158861,0.0002461665988291536
892,-0.0395706428669586,-0.03085855841794572,0.0014795519326172533,-0.03726397448484358,-0.0308224385741586,-0.03132528238425287,0.014905851284438228,0.00911450985583839,0.0049066407906376815,0.01695417398402118,-0.0003550044400841885
893,-0.032441123101416065,-0.03712997282774308,-0.010687200139642732,-0.04156597642529565,-0.1370090194757779,-0.0014806043700642195,0.0045710139033121955,0.004407630706895138,0.007749514246541134,0.01983184432198827,-0.0042124077317042515
894,0.0014267991755885154,-0.012797286409883693,0.005055560301594468,-0.02962523761740239,-0.026179594768127146,-0.01699140065409146,0.0011931953624644727,-0.008278767413597652,-0.003182185414987099,-0.007589050583401396,-0.004752721221709749
895,-0.018052288280303457,-0.00532245394004774,-0.00022748501569793938,-0.07469827363472069,-0.009494875610150987,-0.03842971118156296,-0.004039845674347222,-0.004316888984049312,-0.011799939481221875,-0.027966251837698148,0.007365806843651193
896,-0.06919505627418265,0.005844108653572264,0.002280900958030422,-0.07592185880301132,0.09322790114316891,-0.03323099196827728,-0.0018649170058262228,0.005300888164389217,0.0125071233785563,0.030853073662857937,-0.003175289338855647
897,-0.055253618873300325,-0.0226304370823529,0.0018717038569721588,-0.08064768941526236,0.07241905099913083,-0.040993534123392364,-0.00040943325901100194,0.004440543777840716,0.009143641895527847,-0.019813892878543526,0.000719989395110462
898,-0.06723552857087868,-0.02612825494442333,-0.007309293690233925,-0.06215763173879321,0.09756359654906804,-0.020999419354270608,-0.0018081778193636594,0.0014738829041428102,0.0021450203713094134,-0.016970880377006316,0.004038316960451682
899,-0.0721736034495604,-0.017043954975422042,0.002460153061201673,-0.08011005895912032,0.07205121539766753,-0.03903436642925144,0.001202894917075538,0.0005966070018180067,0.005951490363426263,-0.01268478167894244,-0.0054567655472471605
900,-0.07911838398260088,-0.0034739682971834263,-0.0225477843766668,-0.08296597384090172,0.13938979909751556,-0.029322125747264918,-0.000142390095582472,0.004400118332749424,0.0019087073320061966,0.015928068773132877,0.00021789848838445186
901,-0.028597742910467603,-0.004221286587110016,0.002563209148714138,-0.008206702086294319,-0.038090567754824,0.026613345524705494,-0.0027251026274586997,0.007145009221334948,-0.007609193544802174,-0.01680713061333117,0.008069480416623828
902,-0.05938522440638037,-0.012279174531914749,-0.009203054179991982,-0.07466518630746503,0.05300696780987078,-0.03266016919241781,-0.003570563088494946,0.0036029199107384152,0.0007525215397922656,-0.01057388177785157,0.003887322453118011
903,-0.056653268236368425,-0.04316967127483756,0.004470703857043536,-0.08069660326632672,0.07601918867181386,-0.03354200305030605,-0.0027835289108904112,0.00480485765561639,0.009598269809172074,0.019689094771091993,0.0011857638128964852
904,-0.009169339893860087,-0.005794526848832113,-0.018177934500085424,-0.08114107349341357,0.05677769798033582,-0.03846543217857904,-0.0011270648756065787,-0.0014690513527779866,-0.0004893703349898145,0.03590301003039349,0.014749113362365965
905,-0.05655662298943687,-0.006255795531865331,-0.009789775308305689,-0.0718033793724541,0.11432809881285182,-0.03225328870917552,0.0010933250724526648,-0.003183710546234093,-0.007152999524116406,-0.011384246282976636,0.00934632625540057
906,0.026795244911337043,-0.009453008421733522,0.0019777470880256902,0.07773645797461597,-0.03309961538888376,-0.025667981714777813,-0.007749555785916991,0.006968372477541885,0.00640234488798427,0.019552629626609284,0.00016300332920117549
907,0.06816839734362873,-0.009548429408966289,0.004728381169903954,0.03913203209082312,-0.011823838480196986,0.033953914649867904,-0.007807391394019806,-0.021424687140130426,-0.019431964443591597,-0.029648835838687982,0.0018056685910533019
908,0.019164866745764578,-0.008993537132615534,0.004276286843091459,0.039149827283360056,-0.0766383065638043,-0.022813521797458297,-0.009648186573491266,-0.03160790475137433,-0.020293770655705985,-0.045129405885077786,-0.0004798479700533324
909,-0.015364071013463468,-0.01638902367891365,-0.0017732797967300415,-0.014937348415237058,-0.012545255824111935,-0.0016595821680782529,-9.99719560482056e-05,-0.005670311799076439,0.00738162496554884,0.029477040243820033,-0.008130136084180038
910,0.004298000767308302,-0.0017052817634671657,-0.00866296816084215,0.01763472233681253,-0.017387919251497838,0.0020999751144380706,0.001796303980724334,-0.03384005123557268,-0.0017914872022769767,0.022154962724094823,-0.0005087429365403946
911,0.0006260885695894498,0.021052483088580827,0.0013039083049546422,0.12569839269177513,-0.027232257897155145,-0.009422058885679685,-0.0027224829997282655,0.0007015321958892711,-0.014429733848239167,-0.04656894475128105,-0.0005093931505574114
912,0.02653486988551073,-0.012833972673443354,-0.007872692708142125,0.027281269023112384,-0.01100907466819353,0.013937864693677332,-0.01870228633525179,-0.003186640286945746,-0.01175734563532954,-0.03242077755125131,0.0005740548810204318
913,0.02560642188842519,-0.0030293503478506932,0.0046671744529628145,0.04126066976037391,-0.01807343763686082,0.011105882932040593,0.0063433783089896206,-0.0027249791018755026,-0.01967522497566317,-0.029778637155360516,0.001849788541386977
914,-0.031070702957163982,-0.027593496891570816,0.0018775511286597947,0.12811133313759357,-0.08281453554261223,-0.02296300844585718,0.0074186692116973655,0.005667396990042628,0.01573936788688837,0.05816488029244308,0.002087383956407593
915,0.0609537149934059,-0.013640062606968274,0.0022854769070885265,0.05691896891544091,-0.04864529023041515,-0.012892128116624924,-0.007441531349742794,-0.01598433206625233,-0.017069147567899606,-0.0513258476065635,0.002277955537572633
916,0.05521520442634088,0.0009323066354053035,0.0035781051397687177,-0.09688587059577064,-0.07417677774524546,0.009289430740593112,-0.015569296680780819,-0.0001280992549629169,0.009295240038879363,-0.027879809471518056,0.004250465678896764
917,0.056640536777047217,0.0059899270004131165,0.0009505708788776987,-0.035458365197060096,-0.06913038114405616,-0.030533711158772018,-0.005075357102573876,0.0074651780151253145,0.008772173385111492,0.015815688186681394,0.007578992312390676
918,-0.05254262819317809,-0.02004110932398126,-0.01802428946850723,-0.06609540599857204,-0.01752571867696027,-0.017207065903236403,-0.008491924113451678,-0.00624228667158528,0.0015663811094221815,0.010316556856699424,-0.005077972168811702
919,-0.05095624136618137,0.0005268568794236462,-0.03514408625557483,-0.019474991331296265,0.04158571053634685,-0.006061203774225606,-0.008474838830880113,-0.0029802328542175224,-0.009600867818439295,0.015144712379222913,1.4029161401276117e-05
920,-0.05179987381081149,-0.019763250150646245,-0.013685193367222152,-0.02675398538819823,0.059675371505865146,-0.01697127226976672,-0.014826988999927833,-0.013738746331023547,-0.01054711168527156,0.00910924772978432,-0.0017369108496107693
921,-0.08694082834417526,-0.04706205928195985,0.005356408596543802,-0.017971252513114364,0.0951422475807694,-0.013286469203369516,-0.005849901786157035,0.004762327580752101,0.012841449379084095,0.0230529279211491,0.0003179197833514636
922,-0.02871012519883941,-0.007324320768197387,0.0006826660646548575,-0.07899954825547117,0.048650603549556526,-0.005144022982266017,-0.017255206233973478,-0.000591699789273411,-0.018689718744530667,-0.03705667485576242,-0.005222844431339134
923,-0.010407703477555253,0.023072622487154446,0.00421171512910739,-0.02942201830548734,0.12420940845380601,0.0044506169133809205,-0.0012404118146714077,0.0014308376889012107,0.013769391102589106,0.053635937381510644,0.0028831621171137036
924,-0.02820272885471628,-0.02800352534824999,0.0028913851559987276,-0.0923409779834535,0.09261652046554185,-0.0008714157029965577,-0.0002577139980208474,-0.0016491066341672534,0.0039020113245939935,0.008531485742085072,-0.010282606332316556
925,-0.059415662259938294,-0.02702389702732022,0.00037066532503382164,-0.044336088136091654,0.06809127410350155,-0.008992216659846033,-0.003993286699098494,0.006305457876354051,0.007263553910111475,-0.014932368176935483,-0.004641713489083906
926,-0.05544743189842081,-0.03230303572240501,0.0020827652096310828,-0.006245712881326358,0.08560319268153929,-0.01601633583508988,-0.012216018546768596,0.007554298311711059,-0.015652023954191213,-0.02871651222896002,-0.0056357188326139045
927,-0.07051238429932823,-0.026445233193674547,0.0005322131258322778,0.01156236570185762,0.07033153871721003,-0.020480696712940782,-0.008606327463638859,-0.015622940179022314,0.005582448382119331,-0.031398323063526856,-0.004269412419354171
928,-0.060523450725863986,0.0011842960355222798,0.004104651265148737,-0.0489817921599908,0.08053286695865451,-0.017704324164282456,-0.0012650565586602922,-0.002678383001486252,0.010191500894055098,-0.012428833851565093,-0.0010204416535415423
929,-0.05709876806232287,0.00654330524701204,0.003394601940213451,0.02806943716230238,0.18394055661055447,-0.024415189526141155,-0.0051187120195726335,-0.0036313265413485405,-0.03585405882936643,-0.060401125977040074,0.005167245452353129
930,-0.09083109255644896,-0.009126957697611779,-0.006689652883519287,-0.004621594549878719,0.1327560448827657,-0.017711843581806715,-0.002193220070122827,0.0027440761681436186,-0.023557531515430448,-0.035987766299864735,-0.001180322836629179
931,0.018646134072083525,-0.0232039067445172,0.002331558850893192,-0.03545884842556206,0.16382415312684565,-0.018748614167435933,-0.010342716940359082,-0.0015909978713237482,-0.0847359850015064,-0.06307083104146607,0.002294572697092302
932,-0.11862196782855994,-0.006307752288788332,0.0028382995568021277,-0.003885592756406511,0.15141336074082892,-0.023168985901329462,0.011460142304115845,-0.0056608195132369634,-0.01313720455792242,0.02865800123718699,-0.00019578321888714275
933,-0.11519101333942643,0.0006767496240870616,0.0067015717857720125,-0.013628406804281073,0.21923555400472336,-0.032477028756684775,-0.006238350075771258,0.0020722335360254937,0.02147365924777204,0.06999714782333698,0.00611083660399743
934,-0.07541002140219519,-0.04274029701922804,0.009606325725030805,0.04626325635552609,0.191664131789328,-0.024954301779297968,-0.005315168108459172,0.004674449360654428,0.015256931816553194,0.014014210894519477,-0.013470120055214726
935,-0.03497312512432991,-0.004807244175056516,0.0012774354875503841,0.008801209960948598,0.17333877441664924,-0.02710047392115514,0.005114552676300955,-0.00015996602096299823,-0.04846120284501644,-0.07973097840662706,0.007011031161786001
936,-0.07676316024015091,-0.010884816607997906,0.00010319111145074595,0.02600045250725121,0.15444369709199485,-0.019517150583739092,0.007802012919684943,-0.0011662515590641555,-0.030494193094489287,-0.05116057557920728,-0.0017991497159006336
937,-0.12916022440124492,0.013907975910075466,-0.014208115729823213,-0.024358579056356168,0.15537573708643887,-0.019044569100097053,-0.005011302022456173,0.001321808642627664,0.003355843899454254,-0.02110543040448649,-0.008634652337041065
938,-0.07866156866871726,-0.044364747467190775,0.002995503952208092,0.07500356362537156,0.09304606584182916,-0.02145255369901039,-0.006928103211965855,0.0014359483240586831,0.0031232861351534243,-0.008946916868664275,0.00533459487677958
939,-0.11833273032976936,0.0018783092383631475,-0.0060685667167952664,0.038072286283883996,0.17653098317032126,-0.02916532947295367,-0.005219712227189278,0.0011132227211866975,-0.005827392134444327,0.0038553719610791883,0.0009674542812730636
940,-0.09235235469806505,-0.030737271588509738,0.001402402167162334,0.023018703889097762,0.2130102452077109,-0.0638263884179726,-0.003314325020511173,0.002020472996015106,-0.03402756689526625,-0.048352667877711794,-0.002681627414036945
941,-0.08522567087234396,-0.018067138494286365,-0.008232255205447297,-0.017567318176716962,0.20998627176711318,-0.07235266536125237,-0.0019946894273729066,-0.0008886414559394145,-0.02577110508004299,-0.03674305741722132,-0.006195965260810414
942,-0.05036805483706158,-0.025176813820397045,-0.0008265718535512398,-0.0055572893542293784,0.2199816146034182,-0.07575266537042422,-0.00802177506690501,-0.0024467144400809864,-0.040672403339808344,-0.06857410979193955,-0.007214003928074954
943,-0.055716558723732004,-0.010998319479646667,-0.01229687155989693,0.027334902256828376,0.16906144270273976,-0.009059525215925726,-0.011429318257879123,0.004034744066856933,-0.02178867243364362,-0.04996434672550502,-0.005330343983007288
944,-0.03620363661613903,-0.021427845980261262,0.004402492084941435,0.025397089274116724,0.23149785959600747,-0.07178085246607856,-0.0032918024057975227,-0.0004630080791601823,-0.05388312261623376,-0.08019276396872616,0.004921557918024807
945,-0.13079498373175297,-0.03916624001954393,0.0005450178076014607,0.022343292854879414,0.2324436530367319,-0.07167747878661902,-0.0028185854407944094,1.5513481409963653e-05,0.001410421568737791,-0.021510391377854345,0.0014105060535523006
946,-0.11043361106237731,-0.0022470030338802866,0.0017900943488921208,-0.004558544555048831,0.22809550713392104,-0.07662619299604631,0.011496283379342795,-0.002418395747089421,-0.018720213423315667,0.004506918088944882,-0.007516357523089551
947,-0.11797528131240118,-0.036194753550828955,0.0005964138918609416,-0.008433442569455588,0.24898181905777153,-0.0714146471391521,-0.0038248626049466666,-0.000739722665098886,0.0004810020946785122,-0.04092658686547703,-0.0009164994957907707
948,-0.08264297109343276,-0.04405539311024595,0.00056125568617791,-0.008833442601259747,0.2225363601552377,-0.065059392936007,-0.004624670856562766,-0.0008671446048248767,-0.016874368301013635,-0.059185842961039285,-0.010009082821585519
949,-0.07945854378499538,-0.017953868924027606,0.0004914032870480048,0.0015206274346319618,0.23268823439799188,-0.049861653799640755,-0.0030366237044030173,-0.0009633618479043312,-0.037016896980263746,-0.06346556787162771,-0.008505599428753632
950,-0.1398763830778311,-0.009929129631376196,-0.0023501529342728005,-0.021286345753848027,0.21067267051505986,-0.04404113788592795,-0.008066328734486443,-0.0015310197296459264,0.003088449024845691,-0.022612501069245537,-0.006370974741583465
951,-0.04131473306161054,0.002046039900880149,0.0021504754579052027,0.02230237979345591,0.21304141668165918,-0.02667547711453139,-0.005250618781638914,0.0007629946148881997,-0.035338805935940985,-0.0731176816873012,-0.011215769011325824
952,-0.10701952379899955,-0.01686575350285366,-0.009133235040754617,0.016657627055738807,0.25953286510463747,-0.10265386346897827,0.006672678766180678,0.0001502054927267313,-0.030333934314750587,-0.03791050234344495,-0.007614223274476634
953,-0.032584959973754844,-0.006874298047550069,0.0027790429688121007,-0.005700167745249256,0.24427775445266228,-0.068860590883084,-0.010600828348308831,0.0028115152252726756,-0.0388641083605682,-0.07647748409002181,-0.012684138806908567
954,-0.08558193765888468,-0.020221794432426665,0.0026204314399200725,0.024133122744178125,0.1886617875178716,-0.03395514210237304,0.0032548960782460548,-0.0005140474807159735,-0.028872163483682017,-0.0396360071507037,-0.012049820374497219
955,-0.02698746212908423,-0.008422396612292406,0.0018304237523458725,0.04590480850603786,0.1930321940635204,-0.024629120517919482,-0.006920245015019908,0.00200646951240815,-0.03592440691417884,-0.04124157719854968,-0.006213936065155446
956,-0.016167382954568765,0.00026136561853264985,0.002856977442568337,0.07020011465351338,0.17028312101350354,-0.0003221097662893325,-0.001945798395605961,0.0009173680133807122,-0.028121158879015763,-0.05675679740830415,-0.0005102034581398203
957,-0.10349941866972888,0.0012831933359444025,-0.006437064412660904,0.025854596167295536,0.14497178503193867,-0.021426638326344127,0.0030477510085682217,0.0029865410209321797,-0.029020843248027697,-0.04792814607944082,-0.0023281835814357396
958,-0.05394373495987302,-0.009088061771090825,-0.013911197978549708,-0.04422672409223215,0.13596213430666854,-0.019422296756467006,-0.004621101774006189,-0.004765658698749814,-0.02381535723206123,-0.05038457343531173,-0.00340426994664428
959,-0.058174121204142414,-0.03662344289554692,0.0020210591959117993,-0.027649871321168983,0.16283288326033651,-0.01879095124283875,-0.004007294022897378,-0.000849782486133123,-0.01776326169024265,-0.050604162084077954,0.0007061031637314387
960,-0.0817923951701323,0.004216003836579238,-0.003031541217332151,-0.03016219355111147,0.03717939325965387,-0.01567470164633071,0.01521199019536728,0.008697912169653219,0.006778160295544915,0.026828089815506332,-0.005434002279223993
961,-0.09605286426028141,0.0022311823995455173,0.004832288528750753,0.04754577537912117,0.20417821042468126,-0.024716099883185162,0.010263160541539584,0.00019235228635487516,0.020023155487553766,-0.049171016576064736,0.009218797834439704
962,-0.08978119151428356,0.009654621436093089,-0.015457783982974737,0.04061725239494262,0.14776453598691464,0.0071416826952363935,-0.014047138195219282,0.0033673405159230377,0.002610615462075398,0.0016606877133480888,-0.007261497363953709
963,-0.02802768306259884,-0.023164715908336027,-0.0005738420593455498,-0.01904012396572772,0.12813563659978522,0.009185163774325555,0.009438646404138879,-0.001627728225332104,-0.01904386104617591,-0.05455146646132362,-0.0025830854663490164
964,-0.08630621909114478,-0.009859445734150242,-0.004896530267661526,-0.00652889745006605,0.1384166433467005,-0.024315206968636326,-0.01041380730634851,6.092780328310118e-05,-0.026873127469791782,-0.036298167542797286,-0.0006441469819611859
965,0.001266414594659472,-0.006770152845093894,0.0022581521175757614,0.0076492054940553314,0.18431651800264454,-0.02955914144197934,-0.0035995572984006386,7.5881210117253e-05,-0.06703369199145247,-0.0835572683458475,0.00237330735002052
966,-0.05390757241364656,-0.009977379329949519,0.0006115462446081129,-0.011151461781417488,0.1505643486636581,-0.023269725587093917,0.004861627569435925,-0.0016991611397476523,-0.02944038369997191,-0.05789605862746468,-0.005618991713955257
967,-0.06895061637919861,-0.05240370951464046,-0.002374686971567688,0.037549934036733845,0.1282891412970479,-0.02668057969441977,-0.004622328151099119,-0.004455495483585212,-0.021386375630767885,-0.028484633774944215,0.00036875278410315255
968,-0.039031103960148,-0.0145756871958909,0.0007787199447621655,0.045642910285638445,0.1406677775436587,0.021809140207583955,-0.005166643187962782,0.00025555045777700186,-0.020879069237683498,-0.06692889301291668,-0.005795919023669977
969,-0.003264107087478055,0.009149906468103899,0.002124833496302365,0.10954434432616306,0.14798287960807205,-0.010162820460809205,-0.0024078518432819962,0.006122209437692026,0.011460763528448121,0.056097204479698605,-0.004769277410709208
970,-0.06411952430438277,-0.02829736337221927,-0.00038547762236597696,0.05646363390641945,0.11526029404449246,0.006922908426191649,0.008736390330460987,-0.0034198068570203267,-0.008717355207828842,-0.04284643488761717,-0.0010251022906014782
971,-0.03477783712217336,0.01921503145874981,0.0028419151853023997,0.12665877487427463,0.12295375777925541,-0.01085500691232442,-0.0008886035584161104,0.0034897018151871357,0.007908070336546363,-0.01690887605199218,-0.007796106185879353
972,-0.08144126877313958,-0.030614783490190554,-0.01104084855900809,-0.02336978343988398,0.11644227451255638,-0.016899995478413227,0.007360949536255923,-0.0015560080734610831,0.00010221223656595345,-0.018059410491583144,0.0004195988214452042
973,-0.036047503278737,0.0006209168236969877,0.0023586212755212044,-0.014973733957434295,0.1699501619668748,-0.021065557305559174,-0.006921990297401667,0.00045296355787262556,-0.03613406353620061,-0.07481349181099113,0.004522942197202946
974,-0.03891603716212163,-0.006352480698099496,0.0005290861635228295,-0.018573367296436865,0.12296702818002425,-0.026282811349099763,0.002856514115893686,0.004661375565804504,-0.0253006431238748,-0.061504077303093055,-0.0034895569222763378
975,-0.0740504133666781,-0.011432127461353827,0.005007164459563028,0.029036626844462402,0.20221622199922207,-0.04065070150410984,0.004027086692215389,-0.0015952136643923324,-0.016875079351717347,-0.05977516108230556,-0.008822796129778428
976,-0.0795310701282151,-0.02223095112537078,1.958249369281047e-05,-0.023577629256926212,0.2286801406797474,-0.050785015214979794,-0.013005467193438617,-0.0017849038992160352,-0.032164675296668055,-0.04482347121324711,-0.0033829603738669153
977,-0.036811095317926576,-0.008683689491377133,0.000359904405483626,-0.011468001737495596,0.20341824415934448,-0.03819654506291341,-0.004788024785695842,-0.00251814870015524,-0.04601730456917249,-0.07861624305227088,-0.009868444915043626
978,-0.11718205704197011,0.0009976158151990928,-0.021005975909841042,-0.003604150106449198,0.16788275185241958,-0.02132128141310652,0.007153187138949178,0.001259536823489716,0.008327523215527982,-0.014753109343078304,-0.001864671263197685
979,-0.05348042230345323,0.0006634454834774754,0.0027940432577570505,-0.014440858239143062,0.20641910752074819,-0.04214014417633897,-0.022654179990917053,-0.0009319267328564738,-0.04083578966084367,-0.05526945006757618,-0.0010717062638973425
980,-0.00526511366715106,0.0022784010580030423,0.0010913138424103722,0.05742956541960856,0.11503863158069848,0.008043478816544523,0.004007547409664642,0.018599519124211886,-0.03013707188753566,-0.06943605989988295,-0.006199683764535262
981,-0.05673854799709436,-0.007253950448069367,-0.0023362278621291695,-0.018468935071137903,0.22072997961614182,-0.07565963315493716,0.009499948189995094,-0.004141859725757717,-0.03280381355268145,-0.07166456207392898,-0.01056199694530446
982,-0.0807259947780672,-0.005925178228929685,-0.0002294249241768568,-0.03514344479404161,0.2215417598630436,-0.035951424767060716,0.010627141584599688,0.003083507187010438,-0.022070876027131064,-0.026085846400892124,0.0013909138776933957
983,-0.11411937026981211,-0.001958898664296838,-0.007781153783514064,-0.01879419908616777,0.15787882783704865,-0.02708018375115077,-0.0034933867150129983,0.0006190481889611873,-0.014081213461297941,-0.012824516082527906,-0.0021936888495821512
984,-0.14802541143089334,0.014040970942698362,0.0069571536940367705,-0.0296709617127439,0.19267436913314842,-0.03363470181806032,-0.00452132751103461,0.001647049512650434,0.005764313288035538,0.0051773239063177745,-0.01723347630958793
985,-0.06699396272298315,-0.017390878238905373,0.0027918689234915487,-0.009085503250846146,0.1366953043786817,-0.019169671161863182,-0.007837712960336142,0.0013123269527456041,-0.02458639366638554,-0.042951374793745487,-0.002426417513523533
986,-0.07381862931324398,-0.024014063173823465,0.003177567618122305,0.005168873500610558,0.15308085878361566,-0.01872128225858318,0.007486816671711018,0.001119834563852491,-0.020656571427424504,-0.06615245385820807,-0.005585609886562378
987,-0.06480146246403873,0.02944979027374061,0.0005698825640985649,0.04693152922846568,0.10110565388929563,-0.014810066072965332,-0.0013573560102356679,0.006579057098825045,-0.015501177826633671,-0.020425728370654827,-0.008613683473528158
988,-0.1342300155703819,0.00862327519759839,0.0008573963884363757,0.04779866631402888,0.2752433387839567,-0.038910651828980035,0.0011136859099477696,0.0011114117796805338,0.010238120688959206,0.02804686683746967,-0.023769949863504336
989,-0.10335328889538421,-0.007251571485802553,0.0014141288939105246,-0.009453603826891843,0.15675450366508686,-0.02174238087080514,-0.0050705513446443725,-0.0024087888506617436,-0.016274111085670073,-0.04202919572738243,0.0025572373101507622
990,-0.11455614227099616,-0.010734921718104595,0.0020729228037883315,0.02677437797465578,0.16783035462115956,-0.026337519646531533,-0.0045495170511012095,0.0005201603987631486,-0.03607839373248343,-0.023299695082692307,-0.005820801705895614
991,-0.11716232432407041,-0.0471047016794801,0.003948026553080131,-0.023404591744121475,0.16106867081989784,-0.02316341571302679,-0.022565710757776785,-0.0030409271525622702,0.008222659268975984,0.000916851480878194,-0.0008331206528063829
992,-0.03787174029044088,0.005824684458532014,0.0052478728450680925,0.0525594683444867,0.14350863614712245,0.025181766571704678,-0.004458467923313204,8.742306079562764e-05,-0.017835420314418884,-0.04661010411497078,-0.0016578123261155133
993,0.017581577468860323,-0.02222158268536611,0.003067305290245686,0.04561542725126336,0.10476531411780989,-0.01451600153598627,0.009213923395180486,-0.0014046495679856594,-0.06685837149333988,-0.067651432269497,-0.0036486694307911634
994,-0.02347398941244055,-0.013428603981030135,0.004338538741529867,0.018949734752125233,0.13325679117663664,-0.010544395960009084,0.011169303327865273,-0.0023460651800374524,-0.033368592947380836,-0.08454498080373592,-0.002180998998023425
995,-0.1385853131189372,-0.030457480954636885,-0.005703562413965203,0.06324771558063187,0.12728731022111076,-0.019630692524306215,-0.0013031633505612118,-0.0006084487857134007,0.0034936035526183626,-0.015427706774041093,-0.005980913176091012
996,-0.08055019386168721,0.0034895538781306323,0.000683786135802181,0.017437689512780408,0.19540823774104504,-0.02062825857392058,0.009738378683333994,0.0034335927680370013,-0.010592099139402383,0.0383456654735587,0.0019035111857803309
997,-0.062078082496725924,-0.002607174290645513,0.0022808321822109603,-0.0007988806051334544,0.1409526922444405,-0.01744819084034725,0.005073490486638301,-0.0008092792941355598,-0.024986225927135862,-0.04851896078425417,-0.005915022566329215
998,-0.051264035015804864,-0.007898445987530332,0.0038251629521978783,-0.01612157732141519,0.1325637044823763,0.016347110645111497,0.008016924510926055,-0.0007021013435791052,-0.015674526783068056,-0.02208709734472705,-0.004174805362272255
999,-0.06806556079489566,-0.01027133318320976,-0.007876107139556813,-0.01841316233806648,0.12151245692179678,-0.0058619813286707794,-0.013450288713817316,0.004166413688372018,-0.008053029531903738,-0.01628816283927848,0.002059643422237068
1000,-0.030651150804573608,-0.05765309420541956,-0.0006801498073871962,0.051512876803703055,0.2198427126562759,-0.029942124528554288,-0.011075994443980962,-0.002991382890691234,0.025625923457647987,0.04218430787498329,-0.007621022385264486
1001,-0.12526101991575886,-0.036418925760957996,-0.0113066272717172,-0.0016264443991660783,0.13243887574540628,-0.0215391967265978,-0.00834367071455813,-0.003979974911260297,0.008747277099209347,-0.012357367293366847,-0.010098594808487016
1002,-0.07498697548083628,-0.007107442233088197,0.0009272945924412653,0.005933961576852388,0.1149468332817583,-0.021243794562369248,-0.008445203741872099,0.003581425905665195,-0.029134807582096182,-0.0402564057066568,-0.005506705276293254
1003,-0.08868852712419104,-0.03024661067170517,0.0011839138109642775,-0.007656213676140239,0.09794798660143528,-0.009966813785021397,-0.009185807937546952,0.009841924338026014,0.012297154883438908,0.006100481696634225,-0.006482389750836888
1004,-0.11973267615912904,-0.015891391324883635,-0.0010240520144957478,0.055060774039842955,0.15212256085221054,-0.024680913730644235,0.002836192753585019,-0.0035400103488308216,-0.0136073780413832,0.008310875707386613,-0.0001199120598501973
1005,-0.047266095735444956,-0.020050183983869794,0.0013669898758048938,-0.018120102013297827,0.22638474326840985,-0.04787852066806027,0.008090857666400083,-0.002755683414329495,-0.042489867319184325,-0.09235007967354047,-0.008617023717812717
1006,-0.1121950991593551,-0.014595573038262772,-0.006141169070298915,-0.015930885549987495,0.2225041486848217,-0.056133746192035615,0.0004230111190177398,0.0004784890600106531,-0.03038849470868398,-0.0283898814853006,0.0017738962411676944
1007,-0.12853851639888014,-0.011045208678695564,0.0022740021657766778,0.025848478470430432,0.24511119413063492,-0.058095774581470236,0.00796442239805091,0.003844347737177117,-0.018360562718043812,-0.0025833828255505268,-0.009346481848032426
1008,-0.14270888295772124,0.0221981541689808,-0.0076793229676942925,-0.0117021281153154,0.22178689311182284,-0.050501469541685606,-0.008820915522238737,-0.0043629733057793515,-0.0027294384156682314,-0.02348410001616138,-0.012947286847307771
1009,-0.09025126903570888,-0.035344174004083045,0.005242380018995476,-0.009798469545902962,0.15582725821867488,-0.022561580726090026,-0.0015082333354809658,-0.00019898115118433465,-0.01794380631933671,-0.041134855876101786,-4.35606803399822e-05
1010,-0.07790515503578281,-0.03963601642441633,-0.0004564700662109979,0.03395678134055117,0.18029959736603707,-0.02740143097195042,-0.00346746346602816,-0.001297581595566457,-0.01242567133546065,-0.06864954023063871,0.00015506405750555702
1011,-0.06854407034355808,-0.019075979279385015,0.0042436262838232335,-0.00384937196803513,0.1555560957173003,-0.02920879561433157,-0.005215367935060495,0.0037395880406666574,-0.031355215351609615,-0.04919072231273345,0.00018917235859768135
1012,-0.08055845262148213,-0.003715407988371016,0.0008844153799198636,-0.01365286938419121,0.16073754376029964,-0.02332748224680577,-0.003711557160561025,0.002457100001860736,-0.025681578660448463,-0.030913937700856785,0.00030042178852034905
1013,-0.04477485542460751,-0.003864573118850847,0.000798597761101279,0.011533109675025173,0.18056951837698654,-0.018413284484999494,0.012761644521302993,0.004581975393992624,-0.037743536765577027,-0.07254210379498287,-0.005363267900410112
1014,-0.13563653633910458,0.02443433486431351,0.0018184549279109295,0.013194552174545167,0.26510886142593026,-0.053330367690723704,0.015810638430154227,-0.0032003612565761693,-0.011147491326722473,0.02124863942614559,0.0038166917475101004
1015,-0.0778200215143826,-0.009275045752538855,-0.010697056050761029,-0.014759586700412913,0.1423521320633807,-0.01805312679825512,0.012184993107922266,0.003525615477944569,-0.02019919009239939,-0.016654645377321416,0.0013440404775370849
1016,0.02003521542711722,-0.013933419890954712,0.0009622820557222385,-0.03985564145915044,0.17042799359200714,-0.02326146335818204,-0.00322336084296668,-0.0025759243884966917,-0.08163347467871745,-0.06691316405974837,-0.0037672118877184572
1017,-0.06907694850933699,-0.002078659483255246,0.0012750619534288138,-0.01179083053125419,0.15889200186775543,-0.01956233176950365,-0.0009235208182596485,-0.001091335572336818,-0.025588985087898353,-0.03936538479940361,-0.0071435722559341115
1018,-0.024163060561619595,-0.014451378603666451,-0.001251940461290322,0.01756214868909232,0.13647098531308674,-0.013886450037681328,0.012309405747217051,-0.002994556995568445,-0.029509609406153797,-0.034075917787634906,-0.005108950103859417
1019,-0.06667414836106673,-0.014086412566842774,0.0013304159691840457,0.023371198755288335,0.14742391583594663,-0.023337618832049958,-0.004567334200667165,-0.0016032263894952784,-0.03350408784492703,-0.057304968039620825,-0.009854150735470994
1020,-0.09641776342044295,0.009770861084957371,-0.00032995608671855043,-0.012994092856345221,0.13761730258776933,-0.017817490064023892,0.014772427324832485,0.0034799137404845576,0.005241595950388328,-0.0021843318774324594,-0.00443773992924525
1021,-0.10638132729285421,-0.035212153729765674,0.0009320425486506054,-0.02591519436299987,0.15062454641648443,-0.01827829463348121,-0.010053836289445662,-0.002182191846473097,0.004069688642295463,-0.02837705179896981,-0.00839420075501528
1022,0.06825230550903545,-0.023598088353652954,0.003671831716841349,0.018309083822836355,0.20804535685373096,-0.027787617873424826,-0.006771394654138159,-8.960774023600088e-05,-0.11837466993539297,-0.08480566874066772,0.006835698661662206
1023,-0.03814070410832266,0.003772187898139887,0.0011033173479823991,0.0312991415700737,0.15762478831612314,-0.01826444454739103,-0.005180229673607021,0.000721974468177074,-0.03376558676158528,-0.07338390736143424,-0.009633582718556495
1024,-0.04579591143927233,-0.02095905403108093,-7.908715849034602e-05,-0.00541926559037391,0.1954302667394416,-0.023922800265814035,0.019011315796654826,-0.001334558097632062,-0.027054679488640838,-0.052068160205953326,0.004271765724943859
1025,0.027127198983905407,-0.032186090673660926,0.00636626109755,0.04065746541947102,0.1488206231950434,-0.016407343991340775,0.00790165419410157,-0.0011323154594212914,-0.05539951964497223,-0.08005859965449921,-0.010650177170595162
1026,-0.028844636347504476,0.0024663003243454353,-0.0039265186875348385,0.014348281979762774,0.11349476975315971,0.009702454851183425,-0.00846567066813626,-0.0005668951734988554,-0.02053657421293546,-0.058273927879216564,-0.005419700554658376
1027,-0.05477910040961997,-0.010074862807984706,0.0025450000001333876,-0.016459990977125152,0.11855524105840547,-0.015054867676950037,0.011666021452047357,0.0046133463223096685,-0.023014556376312306,-0.04587776455200018,0.0031413880106429845
1028,-0.13769314656330392,-0.019767355899796734,-0.0008574955294342127,0.008991227618654295,0.14607861236088324,-0.007598026497199428,0.008707926962708973,-0.000688793464066714,0.0006068730670673189,-0.021618973943961905,-0.006098349761352945
1029,-0.0270668608833378,-0.02246364304416382,0.001584708219541993,-0.03612861384329591,0.12635944280608333,-0.014430967585150322,-0.005532615752513308,0.004143626321652733,-0.022304051755286113,-0.05305368737753284,0.0016296224085753951
1030,0.07175526398363122,-0.025392023827309863,0.002308773013699948,-0.02068588626810952,0.1760380446223941,-0.016883550549316437,0.0009745294886529523,-0.0019137663863599246,-0.09305851663907871,-0.07975844777979062,-0.00044782574912051367
1031,-0.03838270247342792,0.03122115576218037,0.00277575370585316,-0.015852764835760248,0.14672131930786783,-0.008075264462376818,-0.0007142955640178,0.004469854178418682,-0.018040814683691887,-0.060850610273005375,0.005263943282238943
1032,-0.02744324121531938,-0.011311051039472558,0.0008176608504187527,0.029892460468973602,0.16129841855759602,-0.006121470849214774,-0.006659814989222178,0.00333475229080491,-0.03530848514528264,-0.0820987864807484,-0.003911499693024516
1033,-0.1158038337379793,-0.0747654127163778,0.0026920859477252037,0.039061860591118776,0.17045938995399934,-0.032164858169387356,-0.004885005428289626,0.0005264127824851057,0.016039556012610194,0.04316481956742191,0.004671774098669673
1034,-0.03802439671781759,-0.024561674935383616,0.0017825518490981167,0.03716489205428117,0.17486001223822586,-0.03584048795515891,-0.007018538708759323,0.0058089647804614826,-0.047209684821358004,-0.052738289832560806,0.009542701744507791
1035,-0.042777940596327946,0.00378718164215233,0.0018419309674641451,0.03233877571557167,0.18987511158239537,-0.01621141996063306,0.011687146194897744,-8.229092645007119e-05,-0.01477319886616393,0.04103201699332759,0.0021361463506477927
1036,-0.021538419865375368,-0.003154642157803269,0.0011247133209719346,0.013351464234606078,0.1720650717349698,-0.02566826043293849,0.012232736770012298,-0.0008978800321969564,-0.04650770875791534,-0.07980813036819429,0.003752310224792116
1037,0.034622658551580074,-0.02974994093584883,0.0015818065738917864,0.03956565169846524,0.19453934448089466,-0.018998536854431137,0.007185134428926635,-0.0017226583908343134,-0.017973953357681573,-0.07922299885116815,-0.007081920059980857
1038,-0.04847512872863226,-0.009292622508235555,0.0019733619951785492,0.012803722626422534,0.12552588344636476,-0.022479425635105372,0.0004971932409226224,0.0051048791662551725,-0.028639761830354646,-0.05483284547659257,0.0009086884640101075
1039,0.041199557663192686,-0.029159057147983735,0.00136646723669954,0.07394184290578228,0.17507102570271132,-0.00989175983762118,-0.007998607875263419,0.0027020127066779754,-0.0795694043859108,-0.07065458331932001,0.0011970211090924134
1040,-0.037528865430025204,-0.027582831183645472,0.001506844324792336,-0.00699591645523022,0.13021192283985672,-0.007043533593211885,-0.0012344028706612854,0.004577276124529577,-0.027285681586353933,-0.05935889737141885,0.001274249553554225
1041,-0.04106392187023992,-0.02713666948129083,-0.0006461469457569219,0.030961663684385122,0.12608808953352973,-0.02101117833229615,-0.007759077363729778,0.0054354011444668225,-0.036139362928502484,-0.06612663834376166,0.002128519942633433
1042,-0.0952797344660633,-0.001635889785219478,0.0015245167124195707,-0.02774941318667677,0.15500436380552057,-0.027859820190017655,-0.01189018071414468,-0.0018820480643304883,-0.012933026056702107,-0.01934869095063134,-9.370483594277062e-05
1043,-0.051848940074397006,-0.021529562129436068,-0.012169270169437625,-0.027572850784474245,0.11617991140074953,-0.02659998495644647,-0.0039057239472268263,-0.006758482770676066,-0.017899276819420513,-0.03830754204854688,0.0002693923100408306
1044,0.06495802410935671,0.0041684738629898695,0.002177744627221581,0.10141084722188713,0.2202120274376569,-0.03932244633292164,-0.0014031056421537629,-0.0015277652753722716,0.0016725905634212691,0.010159939905166455,0.001028705690882121
1045,-0.04655805402722771,-0.015233476940906023,-0.005758181961185769,0.07623782000167603,0.09940904637636433,-0.022817489473155185,-0.01079592210771831,-0.00011418169060240642,-0.02050642091254566,-0.047978656019441276,-0.0031032822446244554
1046,-0.054277621598488424,0.028989356931614512,0.0028569919032033213,0.03182472524149367,0.18183324308101403,-0.02726893953261023,-0.0012588156978355688,0.00010228199891246772,-0.005081030853575898,-0.05788286075276365,-0.01097230417337503
1047,-0.01472925307455389,-0.023665527541379443,-0.004506146208378948,0.04978014007576826,0.1312629107053867,-0.014780404758603512,0.021088367514867964,-0.0030440134744689706,-0.043765331908556485,-0.08345115335044488,-0.0005309057651359766
1048,-0.14453374748775147,-0.027415068623195385,-0.01308982576024728,0.039857476495358875,0.17326865550549364,-0.028581007774276957,-0.00853735545175074,-0.005262257205353002,0.014718623870558103,0.01913977541370616,-0.012360692710748319
1049,-0.0798204537767329,-0.005185191373346935,-0.011722137487573621,0.026368652299924918,0.12882786473721566,-0.021578911839802047,-0.00723766739360231,-0.0031540246777021236,-0.023341960418433033,-0.021729329874688303,-0.005132083696745377
1050,-0.0848013656187046,-0.013079883299267125,-0.009113305906943918,0.021220914948194378,0.11891091803158699,-0.019263148367937646,-0.01847476302956908,-0.0012528428101894484,-0.024181845378869773,-0.035905774867347015,-0.00028385481494886826
1051,-0.06621772494599806,-0.003142891990060958,0.0025798662106663785,-0.00407885071238551,0.14732945744300585,-0.021330119759446615,-0.009717455945006349,-0.001004717735405861,-0.022400636287862718,-0.028603344688300565,-0.0074916440013864435
1052,-0.07094384672556665,-0.021528018278957707,0.0022886238971683284,0.05476261054524478,0.1725567256088034,-0.019380168151336148,-0.016098187406901752,-0.0018772339186377645,-0.01045156117870074,9.033690091786106e-05,-0.005566280344587728
1053,-0.1089862446768036,-0.008913038711104196,0.0009686237070499259,-0.002249750045647565,0.15175731001673307,-0.016915680563786083,0.013225702544751104,0.01552775388131302,-0.008602945110338352,0.023814644086530782,0.004072120541326405
1054,-0.030372293352109215,-0.009998640765418784,-0.0018705063458458002,0.02316890612105952,0.15414518255314874,-0.024409635633602537,-0.008709971821349272,-0.0036789778771973104,-0.04711858627958208,-0.07989061774084939,-0.003670466662366089
1055,-0.027682543696011475,-0.013649453310587017,0.0014111984417097632,-0.02001446405228641,0.12319860171909953,-0.01744177313954853,0.011880529064768379,-0.003504845999507339,-0.029086021066658266,-0.06651492224777525,-0.0018164220471956697
1056,-0.018206685446434435,-0.012159069579677113,0.004029347340737004,0.061317826281748575,0.09061032753926825,0.01334294959051692,-0.00625122347356472,-0.005703583467303589,-0.025592359835616446,-0.0630245397444846,0.001432492470839225
1057,-0.08976125396438171,-0.006291731151549843,-0.0014712914981294856,0.03323477236633396,0.14663004380274372,-0.02400082670247499,-0.004766338731475085,0.004009960533188729,-0.017947581681390583,-0.0378224223055382,-0.006015770594642526
1058,-0.06494870413758702,-0.002889485172181566,0.0017772329857291189,-0.014193538493167028,0.12496158123645613,-0.014694959073828392,-0.0031304939726514167,0.004297819920984147,-0.02282091404916738,-0.03728712669755293,-0.006638562630805447
1059,-0.11997630694155487,-0.05650852312159192,0.002603968204129049,-0.02609011054797947,0.13925789180151002,-0.019490760777100994,-0.001308072223000466,-0.012992945226436391,0.010546636438422843,-0.002849600423561811,-0.00773966643595552
1060,-0.050483314477733264,-0.010337690930779839,0.0013981796767043105,-0.027102597640006023,0.12541108428712522,-0.007692724052452246,-0.02395587358046242,0.0061298724610574055,-0.006869084639438507,-0.023140334477317018,-0.004335182316933667
1061,-0.02574565616032005,-0.007967738000495208,0.008627182111137848,-0.023240527652030017,0.04326902700459492,-0.0010883395837980243,0.0010148259754094247,-0.000609544241963029,-0.01969427678485047,-0.04479406917683621,0.0012164723637505584
1062,-0.12301174462002074,-0.0013383095359548853,0.00030965742912208896,0.038936190610112185,0.1652890281650597,-0.02013373454564237,0.00351636396498551,-0.00021782875504297274,-0.00048051564290018983,0.007482956873797349,-0.004917550406755179
1063,-0.05761383424590588,-0.00936154723859668,-0.0008174363570500097,-0.020524927269607363,0.11643400265715184,-0.018272273573511712,-0.0024726431819752683,-0.0045317897935327305,-0.020868488195180113,-0.032835669690662345,-0.0017771095025454226
1064,0.034878011923743964,0.007441717616669517,0.0007660272904088723,0.009090883753177995,0.17221113253762255,-0.024209537052554856,-0.003980728759131404,0.013551038799292266,-0.0829080291434237,-0.07959087537966793,-0.003355226866540303
1065,-0.09316725591183757,-0.005273450082552401,0.00395827632986257,0.04662669121889361,0.1505891632999963,-0.025688470210864917,0.00546065779670798,0.004831917099311048,-0.02247801324975233,0.006600326383837946,0.0016501998136043284
1066,-0.04444373143836641,-0.0036127236038140495,0.006643639043703152,0.05257839492996158,0.16379045084174385,-0.023862522872097374,-0.0018956359966180497,0.00016764853993246569,-0.039012866307718684,-0.07370045658724284,-0.008003119599756876
1067,-0.03638226032610309,-0.013502651587257098,-0.0012959638560045973,-0.018536272084454075,0.1248031479690044,-0.0207856615784392,-0.0031104521345886316,-0.0027616287793727347,-0.028640499926871676,-0.0554852955273585,0.0007724445938543284
1068,-0.07878462603608669,-0.005147613208773553,0.0008388118123574705,-0.005222017419243434,0.1283180828827627,-0.017662388705077112,-0.009789952454972191,0.005138952735605704,-0.010073183957629676,-0.022126392133175535,-0.0073455502699231855
1069,-0.057718834699927474,-0.004657255279223102,-5.8457136226088596e-05,-0.006551267805942649,0.12836279271412837,-0.020696995530958762,-0.0050704406718414495,0.0025755791325250414,-0.02731246078448512,-0.04486379741340612,-0.007884809152032723
1070,0.041863191618207875,-0.004296989320841128,0.0011721009068319745,-0.01558423011385728,0.20732945027147642,-0.028399131364462173,-0.003004344648216139,-0.0015655199906707414,-0.04018273816978571,-0.0789279482616372,-0.000441195723547924
1071,-0.10650988032154264,-0.024305789291372955,0.0017615533013511442,-0.02158485547215119,0.13382023695315737,-0.024550238140452256,-0.005120044317325756,-0.007156392202342298,-0.0015767052693284236,-0.018801506145364254,-0.001995436472222465
1072,-0.0792090601553051,0.0124891261066519,0.0040937823834986285,0.04803408030336672,0.14506237731370988,-0.006952720637898443,-0.000656658172017926,-0.0018980578242289011,-0.004589843740386306,-0.030331124110654344,0.0002335255334420882
1073,-0.05620200016469239,-0.03167647740957866,0.0015204569272583616,-0.02434476815750878,0.14836212937216992,-0.028791957549007506,-0.012352838096768971,-0.00188474301949663,-0.03081906393078004,-0.04564422415489339,-0.0019647210973541282
1074,-0.030406618429299398,-0.004689780898788397,-0.000523446320533499,-0.02257826490251912,0.1523687269069036,-0.023057069992946468,-0.003486774163698802,-0.0010281541146329033,-0.03146104456868365,-0.06277005096702266,-0.004599870018710063
1075,-0.096661493509533,-0.0003568907862439225,0.00033765329823373945,0.04456144412981869,0.14195045994868996,-0.02198423969512933,-0.011277131781498024,-0.0019480774349658744,-0.006030192413820117,0.013124613510991935,-0.0012903671327147593
1076,-0.11355680970060905,-0.02053905744326583,0.006121557706369243,-0.031248747234216962,0.15023958971504264,-0.017646907000435523,0.0016842415359190122,0.006092708800295486,0.010947612216642111,0.03812922476780442,0.004816480724925178
1077,-0.13431013110433612,0.007087511472421643,0.004841712193081885,0.038584395936263026,0.15672631897014225,-0.016584479756916938,0.009573434637334071,0.0006056950711891431,0.012482119638117328,0.02878562281114567,-0.008414170349871793
1078,-0.06911106855628597,-0.004707388140026702,0.001843782895147515,-0.020396963590940658,0.12434719470083501,-0.0037765244930110377,-0.003709566309147836,0.00038299226007471407,-0.009745115528842045,-0.001308978931195526,-0.004664918019898667
1079,-0.04510435243185685,0.023228804096818125,-0.0027923445729934,0.027592365852326866,0.1765976107914842,-0.019750816756460763,0.0003528211380444759,0.0004672774908102993,-0.037146778710072256,-0.07157500788755283,-0.01172683680485517
1080,-0.007720385844308202,-0.005208429231056926,0.001990592284603405,-0.026940689437703853,0.15488777495125358,-0.022699713221243284,-0.0048521333202617405,-0.002403220519296905,-0.05011342096660891,-0.07475690681556794,-0.005304117209548962
1081,-0.09246528012503594,-0.021291228608325104,0.001219409865894528,0.021898978133966407,0.15936904559223825,-0.02637344599100253,-0.008765501529474593,0.0035708806376768235,-0.013946749489908703,-0.044932664391168185,-0.009130605278927745
1082,-0.07948221281766657,-0.002607650012585748,-0.0054499415733010705,0.04604217631274081,0.14451422899578678,-0.011447682436726251,-0.005996004115714276,0.003784850190058913,-0.013896538622712526,-0.001062198910727181,0.0005641811070085987
1083,-0.07149122019566152,-0.005337882399689597,0.00045571486699161275,-0.00651231873935272,0.15031260998709006,-0.024985138966521474,-0.002449952848999675,0.0020921842913176687,-0.028076344741246994,-0.04160691219682199,-0.006889637377851352
1084,-0.13163106959520518,-0.012509163389461057,0.004463829690435899,-0.024860408137765442,0.13423740673548007,-0.017205122777390582,-0.006156458162834267,0.006599290522854784,0.014012686151853396,0.04173467005930387,-0.009339857524372958
1085,-0.0914702511753566,-0.003475329817311576,-0.005451628132350125,0.014910078789552281,0.09255708898443776,-0.0071146259680129,0.011077630540472255,-0.00489912917106692,-0.01697405820908451,-0.024096066616621604,-0.001111629337133642
1086,-0.1695650094829743,-0.01634113100542977,0.009149865858291738,-0.0031478886273466973,0.1733254770193685,-0.018963393484512894,-0.016253477363365996,0.005800689442861893,0.023342600210010545,0.048790362002762815,0.0071237027766640195
1087,-0.0805594378808448,-0.004554007971453578,-0.01703407901541537,-0.009003985623172098,0.12552284540196001,-0.019348088236615317,0.014563811838691078,-0.004644106251697028,-0.0019623360898416604,-0.0010902348694418445,-0.006146638640331724
1088,-0.11470266728778584,-0.009040802723352776,-0.010852570166131838,0.03861468604183991,0.1599594482709342,-0.02645688395492084,-0.0018296873034940216,-0.004538689379887894,0.003011431330679269,-0.0148861785487592,-0.0058471821927722325
1089,-0.05650365264321183,-0.0027808781395111198,-0.0006336383540746388,-0.016516893143062397,0.12621618344342875,-0.016304512149349318,0.011897398903479187,0.005289370489964386,-0.019593063531373994,-0.04931642317521645,0.000568225132843732
1090,-0.018040207562045434,-0.013406771832715407,0.0022701016632307174,-0.0028064813648927735,0.15546720475413497,-0.025299069570960626,-0.0026989096181890787,0.0037114232439163825,-0.048075051914251855,-0.07306936528599434,0.00020494507526777798
1091,-0.10320560541831847,0.0056464609989359685,-0.007078983812878456,0.03857416676260048,0.17286203733614386,-0.024064500662554715,-0.004799760439544009,0.004143658622448416,0.0143772808304777,-0.033170545327382964,-0.0027271081596350285
1092,-0.02229713863535296,-0.009242210624621645,0.0011671088428316875,-0.0036796087572674133,0.14778421223783955,-0.02279338828454427,-0.006600254891445944,0.0037478679021530144,-0.04501280720408641,-0.07731475250337035,0.002584266799632815
1093,-0.03597126311503316,-0.018011065969124343,0.000804116873760119,0.03570362645957289,0.13690568684498217,-0.008858182950975596,-0.004050778323782744,0.001558270787222968,-0.022945463889844465,-0.06343433926463402,-0.008441307765608842
1094,-0.10679659962107134,0.020414106443362796,0.0020496858727081344,0.03320717384163175,0.15163918786517389,-0.027879902950516778,-0.006029669790366003,0.0004024362088527163,-0.010891020994868468,-0.03885284682719275,-0.009498136200143547
1095,-0.09212481536278186,0.0011348677852432707,0.0012422174355809904,-0.0038887927101676797,0.1723818320773892,-0.026056748512050375,-0.00672015757899771,0.0012090253921609407,-0.005954561814725337,-0.04879476433177167,-0.006721313810744728
1096,-0.1287131650385554,-0.012832919245458072,0.00213250241225191,0.04483719865074576,0.12508726130742417,0.0012252793390207675,0.0024673582235496113,0.004666928380456359,-0.004435223278036642,-0.006884349137867348,-0.007522803948940974
1097,-0.11635380042589433,-0.051952676502180266,-1.9968186105036556e-05,0.03815322381491451,0.15838283080152898,-0.0209984127446107,0.008808694942708445,0.0005044991866230462,0.0007748361265215411,-0.008875103383260089,0.004371496294718532
1098,-0.002290378226419168,-0.02157492107999295,0.0014586886228391556,0.011625776630394144,0.15652361803372328,-0.035077178643183875,-0.005318833357669355,-8.052116486958695e-05,-0.0689202245549548,-0.08138230458057094,-0.0053259223048381455
1099,-0.04387851740076712,-0.01629559084944002,-0.0012869291985371765,0.031578723946518596,0.125742785970132,-0.015297369346335951,-0.009444959082390058,0.004236460132346873,-0.03458516003390079,-0.06266145839553741,0.0009857192363318776
1100,-0.04274460516443283,-0.03314261635524188,0.0017949392445724775,-0.01812473952975435,0.1237730052409823,-0.01373462110875127,0.0045407384182282046,0.003700237302198293,-0.014399658699006395,-0.06206141194574742,-0.0013541406379829438
1101,-0.030966495694421007,-0.004629666754088262,0.008869150477937408,0.0002598068373142288,0.16006018540450725,-0.02166546386230173,0.00444975031636586,0.007049827186138611,-0.037242790620029546,-0.0786590555164259,-0.0020889519024592964
1102,-0.1663860905816475,-0.03874121162010619,-0.020500984958775816,0.027929319802056013,0.16403452710292418,-0.018838167720777954,0.0006044701336913525,0.0002735771061755683,0.011764160658178958,0.03983796324368628,-0.006098911864763632
1103,-0.09232628197469102,0.013214364798995492,-0.014112713586560806,0.12003814771001144,0.13035227903169844,-0.0173406176009242,7.707352445821942e-05,0.0035243300164787606,0.006363975363837098,0.06111362293926633,-0.009368888288562569
1104,-0.044671920629477294,-0.005430302753396292,0.0008379032005120067,0.007209661955390666,0.1564799089232157,-0.023433147417202198,0.008031607152544522,0.0044063026207883885,-0.042927586097008905,-0.07099158900453766,-0.005900528665433444
1105,-0.015840753928967166,-0.012719815896917822,-0.006992777299559875,0.05903089392037816,0.09222004938773169,0.011721962885001313,-0.014256003148841267,-0.005230326278610836,-0.025353271862619195,-0.05065899663763835,-0.00016059535203964893
1106,-0.10718482273582622,-0.033773224180450964,0.0007298844291017937,-0.03192917827228337,0.15904187810614387,-0.023050463293945327,-0.0037447314460411505,0.01790720426657349,0.007226500514432064,-0.023961291967249276,-0.0003343689418051431
1107,0.05915472008212443,0.023605897452078976,0.0010895623288125504,0.024203962427390226,0.19812130629026375,-0.02331926077915366,-0.004147507513278228,0.0024021051798326846,-0.1072878289988078,-0.09730157130523391,-0.009756711918935849
1108,-0.06671779065242688,-0.009300323387445875,-0.0005087100885914194,0.01622887400201981,0.126543544526034,-0.015829777064768433,0.022952296345157497,-0.0006769366168436629,-0.022594568690475464,-0.02987963373842015,-0.0009856855082178838
1109,-0.12299598351534667,-0.049933810059284364,0.0026399608735400574,-0.02870560382850749,0.18847529919867517,-0.033278041070686874,-0.00990897284752789,0.006251480235259158,0.011934596819855006,0.06906577693441387,-0.015661847066868084
1110,-0.08450616526630962,-0.0344416243467821,-0.0012463753881449843,-0.04118796070164923,0.08329747521273635,-0.024529003167868914,0.014537606006396218,-0.00431831646054813,0.008152584445634856,0.014380865329600312,-0.0030522855096612686
1111,-0.09588482532213509,0.0028642851761704444,-0.015061860371621941,-0.0008229514597172175,0.1048501895436765,-0.022480334613204568,0.01566418817825442,-0.004599248558942118,0.010401084391421825,0.009277450922928431,-0.006674282279045347
1112,-0.09886239332662423,-0.00248696379656708,0.001712713632731898,-0.01861140646535773,0.16499517986225046,-0.03081025668607285,-0.0045837594926175914,0.0034371937467087923,-0.008122869974665737,-0.028757992061547114,0.0014008644083152951
1113,-0.07605510334058149,-0.0006167497344113178,0.001457275163471634,-0.010815930279320502,0.18190936463883828,-0.029592371517101344,-0.004540458239097126,-0.0010569524180534529,-0.014852987696277365,-0.035382696285483184,-0.005373467327939237
1114,-0.06498519783248956,-0.01518859065093848,0.003143572380851976,-0.0033648471791479693,0.1418849388243892,-0.009072443021351639,-0.007148893454161129,-0.001858034045938231,-0.03405089823204228,-0.048430362662265594,-5.308691471409688e-05
1115,-0.0445803654172905,-0.00699972540832362,-0.000583224520035852,0.006479280538514393,0.12340254396581476,-0.007837861338165022,0.004480329011441583,-0.0022674750248992967,-0.029995998443067322,-0.06696992210146631,-0.007095064453578139
1116,-0.05043839049143692,-0.027540472707197297,-0.012548038491142876,0.052064771173080185,0.05003634061146548,-0.01223863622726789,0.010223366653932373,-0.0006766280508055815,-0.014961365232986298,0.0037851907570683615,0.0005471825023500032
1117,-0.015236206414309943,-0.027656197689340245,0.00264992882156112,0.013235842990433821,0.0829318485454002,-0.02299887748798298,-0.009298556089745924,-0.008534031539360125,-0.04072710629363598,-0.05836110964600802,-0.003119857207404347
1118,-0.11598150978939885,-0.03285809446497302,-0.008799989523565812,-0.030234990421712182,0.16678943585274544,-0.031943986323817876,-0.006792020858359285,-0.0025491094498279977,0.003666366340958469,0.021166302053585818,0.006685235119364136
1119,-0.12456470284371407,0.008415264707189127,0.007032247207628478,-0.007461215003319031,0.18970529864466154,-0.036531595537258175,0.005483972425792645,-0.001216413372227819,0.010423882072865542,0.026318968047085906,-0.015021444719880164
1120,-0.06587706475066517,-0.00037691721372981797,0.003166343889432713,-0.01628166044865478,0.20452617264166323,-0.0364184736954392,0.0012179825374582511,0.0007752496792215212,0.01365580550365072,0.015365868873967877,-0.00858324378380774
1121,-0.09415764105920649,-0.00490779651690776,0.0024265374080163844,0.03248682680196591,0.1554248491770713,-0.007744400576487849,-0.014567937664346583,0.0026846503158725094,-0.01940055796857113,0.0015179554070570776,-0.006899293282261998
1122,0.011732860588005262,-0.013736463266053274,0.0008064335291735899,-0.013689011720600336,0.13967208583858254,-0.00347958221522109,-0.007511399221282095,-0.005406400056419283,-0.06860775908590037,-0.06772909928059034,0.0015917654199382248
1123,-0.12693260570489007,-0.014521533960348455,-0.007562301695029772,-0.01519928892862633,0.1618193097833052,-0.004226382872973992,0.0023571823732340554,-0.0029115201868559625,-0.0018403975359117686,0.010541718003583679,0.004420086324821795
1124,-0.09753112362266111,0.0251680798560765,-0.007714778543463118,-0.02560681237964303,0.15658647538345938,-0.024416787986642367,-0.004148268492950745,-0.007375101712869249,-0.008547709225366696,-0.008262305667864343,0.007393015130409435
1125,-0.11220808939911714,0.020046429911601552,0.0007075223074812468,-0.03486126205878178,0.1542354281043523,-0.017632221511203857,0.007530483007905624,0.005431905027500346,0.004726239052058464,-0.001710240178635388,-0.0076949100468171145
1126,-0.0728892884569297,-0.016761090875256852,0.000698689263701643,-0.026787749421348907,0.1448419201700765,-0.02563076213945497,-0.0006885103419971426,0.0039571330489643385,-0.022281089679811135,-0.030239694784082338,0.0008888542898798212
1127,-0.006385145644643891,0.029086762195437984,0.002392276595703607,-0.03286313620084508,0.07528712384932312,0.004792022279676486,-0.002935916185449842,0.00444547014284172,0.012541111869106815,0.004953373704042901,0.0003260464997143905
1128,-0.012193612531295233,-0.0019270693168953494,0.002050696590623371,-0.02303919720105033,0.10479129595731472,0.0007851783908898872,0.004247811492526888,0.00033675875398964984,-0.027801500803162543,-0.07561197401831472,-0.0032689278231339595
1129,-0.03356945155396804,0.001029269072560699,0.004389909544102705,0.0045836803976369985,0.14105631790054776,-0.014845776983760172,0.005231208690833185,0.0036538877926550065,-0.020644778896858947,-0.04244444838179171,-0.00221393952310093
1130,-0.07648105557516613,-0.012281707349089581,0.0016303949748699975,-0.0020892189122326582,0.15085682527484973,-0.009719756857069823,-0.003968389733709642,0.0012504713117209318,-0.030418784577767578,-0.048161434095246224,-0.0016540380754299492
1131,-0.06886915130066584,-0.03860648001101394,-0.010023607191049421,-0.011642085070724416,0.09413567560266325,-0.004550065766656968,0.011116597762218098,0.002477555300045534,-0.002058975705375174,-0.02373225673546824,0.0014299294878043845
1132,-0.11958978388159912,0.0055958772357240175,-0.003960653399802896,0.005538283464387505,0.18748447478874772,-0.03444962694621525,-0.0011571043036028557,0.0034531082217778676,-0.010595129341188557,0.035501373930135034,0.005240478564123034
1133,-0.04142866821723324,-0.010859097787426407,0.008223370419909077,0.05250440652303165,0.09771745594105813,-0.017689377243640943,-0.00846321061191022,0.008174360503824153,-0.024473225432506438,-0.05214479252518591,-0.003102830509694311
1134,-0.06271370439772649,-0.00017651622999082756,-0.001007655941033535,-0.013177874062649978,0.1676169545134746,-0.037989218325783454,-0.004784154292248319,-0.0034158500858782873,-0.018200431062722996,-0.055006169252502964,-0.0030350706640343084
1135,-0.0752919748507632,-0.00822538065645718,0.0013660914143423459,-0.022172453049056674,0.15408224801981152,-0.022631010559790308,0.010709491712406937,0.0015394510872821208,-0.02067888450654153,-0.03611457580746361,-0.0005367722245488536
1136,-0.17700384582092993,0.02232376476342549,-0.017079800772159957,-0.01181965945623757,0.19113369613275452,-0.03207142891616998,0.005474911459325397,1.5144640148145639e-05,0.009704609924173708,0.052653557895930236,-0.013400433757011488
1137,-0.07427689460466826,-0.008306555261766062,2.638815756415128e-06,-0.019725919384028286,0.15967486864044195,-0.016830592284312586,0.004619587072310619,0.0013944274108220567,-0.032961888329304856,-0.043041662540552736,0.004672704024939089
1138,-0.06622578904219166,0.008210617762794487,0.0020072982826575196,0.055564703429508526,0.19633047017324046,-0.033751035340330415,-0.0024347721761187975,-0.0031417417270561193,-0.033738170268196324,-0.01607201322683393,0.007199834860149317
1139,-0.06459194284323433,-0.01248942484720655,0.007799422376541234,-0.02106046123611421,0.1444055591303143,-0.023424580620482516,-0.003668279512832171,-0.0032504243043184836,-0.02360053950434514,-0.038492278830822624,-0.006298510586640213
1140,-0.0985742984840005,-0.010353385200128722,0.002794614747685878,-0.018177441157105227,0.1648026434851919,-0.009961254707189624,-0.003951264130778195,-0.002994442357744713,-0.01926730439531524,-0.017148491496353623,-0.0012574376544346936
1141,-0.06132875870231486,-0.010694579864868303,0.0011643203105655684,-0.0298952163894311,0.16592309908159336,-0.033357056644203964,0.0041527738782064245,-0.001974439543866776,-0.0147276861464497,-0.053110546279312415,-0.005592842927079011
1142,-0.1092151378268295,-0.01916201271905662,-0.0062387097566846735,0.005307167686881813,0.13687007565991055,-0.006520826840677473,0.0017707322999170243,-0.0012542549124548272,-0.02123468516648349,-0.026662376739620828,-0.0021000217486674064
1143,-0.09686228527065797,0.023940805685567088,0.000942232481283708,0.05564776507804167,0.15068176857266105,-0.0164564276717388,0.010381567933612069,-0.0065754898753226775,-0.013168644995277012,-0.00665422791689506,0.005852154035935912
1144,-0.0701718123988588,-0.009019371189779905,-0.011079223372911572,0.0006132386716179209,0.15366908676885221,0.002792623978249748,-0.005687745830497199,0.0017004688260943486,-0.029305665776668273,-0.05851667497352198,-0.005657805843768228
1145,-0.08331734063614325,0.0026905357588277484,0.0011678099325102564,0.005426099108115988,0.1393738083675361,-0.021050607293415426,-0.007093585501312009,0.001070655547116058,-0.024165315907847353,-0.004949700061248524,-0.005420572126659334
1146,-0.07593906544350007,-0.03300602128111048,-0.0008178083981162917,-0.008938931230465724,0.14870232555880253,-0.015004702680450087,0.009605856892351928,0.0013468686089983225,-0.021756232367579505,-0.037337869019218414,-0.005168414415189631
1147,-0.14891234146728882,-0.0365874815333142,-0.011272366205403153,-0.028943384359770664,0.16474830668950016,-0.026484497394607676,0.006768652139479098,0.0010450049363839211,0.008050463243283562,0.01773808339490247,-0.0025757937598543455
1148,-0.11043754877832912,0.0006799604855974499,0.002163345203691365,-0.04643122332014718,0.1729187072925902,-0.03205294923031453,-0.012468847117505141,-0.0003557087951440551,0.026040040300241325,-0.012743231947671359,-0.013028312894194503
1149,-0.13842232675584212,-0.016216893816191007,0.002431531715890899,-0.026845405698961027,0.15768123763202124,-0.006442323864202444,0.0018041768360741947,0.00038062682750466804,0.0050570736150245,0.00930324885879884,-0.00738949189062466
1150,-0.10890469624471315,-0.042076125761634144,-0.015198752104100188,0.02469671129901012,0.14495241575726722,-0.013198315191266343,-0.011552101189618878,0.0066358350325566,0.007268441170126866,0.02557983988589212,-0.0022966227318197275
1151,-0.06698262758913377,-0.007080674401380589,-0.008736702489745445,-0.007169982400243641,0.170507262668024,-0.014213651100143498,-0.004126166067798971,0.005837706570931478,-0.0312882134755656,-0.04849793101485275,-0.003402632132429414
1152,0.048911158439451166,0.0020397272115839156,0.0028245101284293107,-0.04558141696103018,-0.15878394132491916,-0.037645380456014975,-0.006408072882730776,0.00023041497670261144,0.003295686461741028,-0.01221924232530342,0.0010698547777130698
1153,0.06265809952008626,-0.02047257314471109,0.00216153663377412,-0.010755618713316609,-0.1822912210020058,-0.00842374462792284,0.004706575773154847,-0.0037646012952155415,0.013807215084476201,-0.020749854786179082,0.001427463850408588
1154,0.05352712726671766,-0.006748202226667916,0.005359607525950846,0.020358115896451718,-0.12036220586335691,-0.04194918689541262,-0.0031274418431516677,-0.0035485691681334456,-0.016833218003024467,-0.023101919444426286,0.0009287630519582491
1155,0.06410246678774263,-0.012968995517349483,0.0018806567473650042,-0.0073084882266830475,-0.1886285695395217,-0.008632234677929607,-0.00803798452542789,-0.00509346188358882,0.018883420205046887,-0.016539270226644563,0.0006529345146077391
1156,0.06144803808259615,0.012170946880163437,0.0023288898740526846,0.015969581819470467,-0.2097200555497777,-0.007224612158996253,-0.003942028369198012,0.007573897289324477,0.004683814949428494,0.003999566445566685,0.0008594234877564805
1157,0.048238934181458616,-0.011758878614150882,0.001855402395265312,-0.0122614860406229,-0.14718230332739937,-0.03904490140612285,-0.0028117602853289284,0.001030993360284207,-0.013630604430458522,-0.030742672072250808,0.0001795778131899079
1158,0.051943163985992157,-0.007745587266223055,-0.0027670920309650353,-0.03626532100163949,-0.20056922690273085,-0.011693644002120614,0.006504744420346354,-0.020688255800482842,0.0026678798570926986,-0.03590000608413575,0.0015989752921754278
1159,0.05429011170110936,0.009367086970334509,0.0005594399598833711,-0.04191448978404944,-0.20523069748861258,-0.02387291787759202,0.014405486730330458,-0.0005331044561254087,0.0034830365350093395,-0.03564214548548019,0.0025166746989276545
1160,0.05405897347682402,0.043304759446643734,0.0026468347289038737,-0.01874268800635463,-0.15152479546175399,-0.04335172923812029,-0.0011599561280430497,-0.010956856888551147,0.0049775758344314525,-0.024912009796055526,0.004001264733886587
1161,0.05910259346499949,-0.001723158978425741,0.0025570043042838415,-0.02435429848039575,-0.19283679492473413,-0.006675754311034949,-0.004486733817183956,0.006473886142980474,0.012110405205381048,-0.03965904627525842,0.0013368944719386693
1162,0.05019610746186396,-0.0018322984613171674,0.0032171353083763803,-0.025071268741882178,-0.2598772537333109,-0.004965446995461206,0.0015558767301010448,-0.0008379543700652227,0.0033156417426476073,-0.024040078602379902,0.001527385874101486
1163,0.0244165656619216,0.009101334650218692,-0.002023934215057171,-0.015587556914287665,-0.30081210396581276,0.005138975661048763,-0.004089024549097437,0.0007998052636740526,-0.010504606343546153,-0.013048702158233004,0.0018593136115409184
1164,0.012657775612704786,-0.0007142691222054788,-0.0007637721927225111,-0.02913875667638603,-0.37779051059401825,-0.00220129401725172,0.005478429554874772,0.0022602000496888225,-0.011522495980322326,0.005806993482150696,0.001242400693004366
1165,0.012237799242477651,-0.0010002026184083568,-0.00027902994705985087,-0.022016635181430357,-0.34410839973325136,-0.01310714447592325,-0.0013738332928637206,0.002006235817388391,-0.012061166540281184,-0.0018874957706818147,0.0018038522515034306
1166,0.012660555823184236,-0.0028450155457641364,-0.0003731866212188031,-0.03162848999414123,-0.36347128729685446,-0.010631879650135017,0.00319237834616522,0.003045966729842329,-0.012555562324658875,0.006549151551552539,0.0009926972929187776
1167,0.014102638443042487,0.0007844679748849059,-0.0007767339943626943,-0.028151258929788522,-0.38032616718901513,-0.0012523568863922216,0.006621772838995828,0.0021600089291285004,-0.012558260958523863,-0.001786724741376149,0.0007369865360034143
1168,0.011365607479886746,-0.005644888512152599,-0.0012135396213238871,-0.030848561164954137,-0.3789470070374511,-0.0012102670295680528,0.003603933955511486,0.0008610980537426052,-0.01247477533758564,-0.001233022305746175,0.0015922999464078132
1169,0.02872100387347682,-0.002713709644081622,-0.001061763225320018,-0.02631433952719944,-0.3742615168232958,-0.0036398642034572385,0.003064568826288243,0.0009356161430663361,-0.012542008845937718,-0.011866053347489308,0.0015858683150299
1170,0.009801112043112606,0.004585221674496583,-0.00022351170355986683,-0.016438001009863486,-0.3943903158009412,-0.0026448821582902874,0.002348856531798549,0.0077620902997978195,-0.010794946951408103,-0.004681473209929447,0.0015596838293667349
1171,0.02897860725785948,-0.003978309469368344,-0.0001554061466049702,-0.0160923031285966,-0.38492441731516425,-0.001974629312775251,0.005615846117284153,-0.0005376323279421331,-0.013371953364974902,-0.013657857268092781,0.0004052267758950444
1172,0.012294839806186598,0.00043026986618056076,-0.00012624663526854054,-0.02758620228981919,-0.3706020657796124,-0.00838714623759318,0.0007908089865896114,0.002392498186274975,-0.012127633921225513,-0.000610582215849162,0.0017520364929993284
1173,0.038521771340549064,0.01655872459488663,0.0042504909950483,-0.05283678106558648,-0.4019456141103423,-0.011677014064226958,0.0022633500428885,-0.0008707146481762119,0.0016382341619349033,-0.014234687953323145,0.0021743007660463875
1174,0.010320518808043695,-0.0038692967212990924,0.00021618932858998472,-0.032273327686211224,-0.3735454980735136,-0.005390462086150075,0.0028303916174369725,0.00035630324517053235,-0.012010892087717414,-0.001492707777417288,0.001533273361027477
1175,0.010288638130762267,0.008887220015542012,-0.00013703913887763675,-0.018487468011649827,-0.3951942053303008,-0.0008862540196178432,0.00694676846224772,0.002166784618640337,-0.012094607560165076,-0.003125559925790183,0.0012900207375017936
1176,0.004144814090472626,-0.0018812175065525522,-0.00043998292411782616,-0.033666354589056514,-0.37167503976799954,-0.043004790343333085,-3.128453993689286e-05,0.0006123746336720785,-0.019560410841988993,0.004487710432599769,0.000631847995607616
1177,0.009363028059393826,-0.0008449658807766522,0.0011093473286385548,-0.009343262326128574,-0.40060567117776963,-0.013976326553305118,-0.0007192632292443705,-0.00022755458026011872,-0.02306176746399244,0.004049605316201241,0.003029799583350613
1178,0.027279798495275707,-0.009475622502084028,-0.0004780674512322107,-0.03112990022489273,-0.3801224878299879,-0.04510715266393824,-0.002779203392818355,-0.0003692446449430658,-0.016651810787746184,0.00474387395653973,0.007311014943513241
1179,0.009039862737931658,-4.0126595784306325e-05,0.00015054857103669235,-0.008478071826748236,-0.39733476727829425,-0.013005511056013662,-0.0016654900554121028,7.973038970354932e-05,-0.02320449493291091,0.0034548321924660736,0.0012793689283435582
1180,0.014696269028707304,-0.0002412596122664367,0.0002728575934347575,-0.014941505316906927,-0.39816797418748123,-0.014341803916120933,0.0025156445340703735,-0.0009343746632138608,-0.02178370315461506,0.005458229921306426,0.001748231398349124
1181,0.014983742005448842,-0.000859074426373156,0.0007821283605782444,-0.015481786660696498,-0.3922921233021902,-0.012890370426044389,0.0015291814588000645,3.407669927825184e-06,-0.01559849008201006,0.004453321916855741,0.00047371128695102184
1182,0.011418066564525754,-0.0009489626584648896,9.398819420501502e-05,-0.008387278484974543,-0.40462184823653913,-0.010893587491446097,-0.003512793949831949,-4.7456552414818907e-05,-0.023591241764886535,0.003898128265279132,0.0007477086951828419
1183,0.011636922793343435,-0.0002165283264689152,0.0013044743251789874,-0.010180891816520713,-0.4033419310252601,-0.010310963720066787,0.00019373536041282513,-0.0017504580479542492,-0.023142310200558947,0.005398425549499975,0.0012470270588259061
1184,0.010864108369680592,3.7499353118165603e-06,-5.17306052862737e-05,-0.010491460603011045,-0.3938737471241096,-0.013022243097697775,0.0005114108745086235,-0.0002772041862681588,-0.016949246281052686,0.005246621585837869,0.00036641331336280966
1185,0.015865592129393546,-8.649664590330661e-05,0.0009728931400301843,-0.015563209188410676,-0.39809442075565055,-0.010440653119353691,0.0028207160093859118,8.738136317769403e-06,-0.0171337464189702,0.0056391531215938765,0.0004273688312262935
1186,0.009965189020291379,-0.00010662596978190578,-0.0004987384678633311,-0.009439048986979766,-0.396362678634941,-0.012908543061296794,-0.0016245627335551597,2.9480986377482828e-05,-0.023311481179633848,0.0034760766318384395,0.0005824209297651081
1187,0.01510337065610563,-0.0001719200982620513,6.887584077654056e-06,-0.01783060212823494,-0.3962957733169641,-0.01363141326665306,-0.0010910084908626713,-0.0009660438405248483,-0.021757097725606227,0.004543955867677754,0.0009500168826989847
1188,0.015052942193034312,-4.883683039933696e-06,0.0032055977434661807,-0.01557490925364179,-0.40066350465019634,-0.013198274904515766,0.002805405919065962,-4.877894049149906e-05,-0.023539127418721044,0.004637875539424702,0.00012090445310931575
1189,0.01030041594740476,-0.000519221448876228,0.0004184176400328023,-0.009811930528063105,-0.40083601988988143,-0.010406458998424207,-0.0009820961395577068,-2.007699756115696e-05,-0.023364062963224692,0.0048910487413417175,0.0024004198557881543
1190,0.0103342862076533,-0.0014297179647764717,0.000753752195549092,-0.009183852954231912,-0.39832480195548886,-0.012680852603437853,-0.00017189674370340222,-5.614886365113296e-05,-0.023497695803472624,0.0035469267045782947,0.0002981702937117512
1191,0.010089062438714949,-0.0004130174570821767,0.00011424909380976965,-0.008747586460609942,-0.3965610850743773,-0.014254736384910838,-0.0018296050113928298,-0.000205774355383448,-0.023262833083741278,0.003571448322293422,0.0005749233589353997
1192,0.010179287817077984,-0.00028307582109963586,0.0023868531304650164,-0.007976861707792458,-0.4003985798683878,-0.010202759257373751,-0.0018864211461103852,-0.0005044907815022341,-0.02314605758003236,0.005113869214483701,0.0013523265147522081
1193,0.010130360317254353,0.0003799725916525811,0.0004787659552646794,-0.009444848322126696,-0.3959410746409173,-0.013006298756235251,-0.0014562051259072977,-1.4030038601700122e-05,-0.023450354042901748,0.004268749223904706,0.00039422740907564036
1194,0.014815713006263567,-0.005852896902924612,0.00047772158921740633,-0.011677244396455353,-0.4008937189321407,-0.010341039081997534,0.004588181505749141,0.004853723779858649,-0.011420600370024696,0.005541323029750353,0.0032306261244113787
1195,0.01446595341545087,-0.004200514378495642,0.003002214238343201,-0.013328129860927707,-0.40191197543681456,-0.010001927928286402,0.001447294824339132,0.005460306017740474,-0.021473260077834688,0.00595042350046622,0.0005015295484276133
1196,0.009814118813768102,-0.0006775936696175399,0.001988844614729905,-0.0076597650092491585,-0.39691420616589,-0.009659241248583594,-0.002068579628438254,-0.000198876909869878,-0.01807550606425053,0.0053901359079781665,0.0011825095383545968
1197,0.012248624796761146,-0.0010241176852873503,0.00036923562637501917,-0.010598424288789933,-0.40207730095187294,-0.01080086589912952,0.0004676128032462525,2.6763011865377958e-05,-0.0236426794156013,0.005598395747415802,0.0028249405099602747
1198,0.009592635286324843,-0.00041024209758747023,0.0011840269277485452,-0.007610845241032176,-0.3980901704034608,-0.013051581018214818,-0.0017806210149968434,0.0025523447453303805,-0.023420984355070975,0.0037326563867001268,0.0028188236187127297
1199,0.011205304441366476,-7.297965384451813e-05,0.005168613494083885,-0.010552139242213618,-0.4000506469091861,-0.009878448360527876,-0.0007206056087269572,0.0003665842509312951,-0.02443481842199846,0.00570082172840269,0.0011400117586299547
1200,0.011111039241359809,-0.0007836057450824968,-0.0023649520389842312,-0.009854090668458914,-0.39664896969221,-0.006169359431987919,0.0005030163248356434,0.0003160026691892156,-0.011122771032010445,0.00543940498112255,0.0027480523296011523
1201,0.009674518165740461,-0.0008786589331263324,0.003141941059496507,-0.010224665777936551,-0.4028857151572775,-0.009770374622568509,0.0005497192128655516,9.375510392708738e-06,-0.024566623181964113,0.005771104973306835,0.0018719122289987654
1202,0.01552492074137545,-0.0013044532439389028,0.0008945064677913338,-0.015615267137800225,-0.3947388963411063,-0.012683217014716067,0.0011444964026158277,-0.00037518443017352053,-0.02189679499605765,0.004271701499049088,0.0001732200177869953
1203,0.011446766927836366,-0.001077898669108257,-0.00044356588853359055,-0.010115044025156441,-0.403890806123075,-0.00976599972274993,-0.0032071796029092044,-0.0002111683106026664,-0.02472188039595889,0.003973493247989976,0.0012366464129254437
1204,0.009545983946965203,8.528589721480743e-05,0.0006903878453678874,-0.007746105627418425,-0.39547086920690705,-0.022687502801497155,-0.003883608524309505,0.00015632706150025101,-0.022398852304440896,0.0017827769041705611,0.0018404074153966614
1205,0.009013846265800832,-0.0020431191440648325,0.002361514777131023,-0.008691111000952514,-0.3903501764677934,-0.022437689652628726,-0.0015907623722341024,0.0005110876109940906,-0.022027897231426705,0.0027490845492037135,0.000760557565832946
1206,0.010317450613177275,-0.000764394136167673,0.0020554239180093567,-0.012879026882940589,-0.39504672915425354,-0.03799124383638684,0.0006328347472348148,3.34765371325703e-05,-0.02009254520224474,0.0026329389907917096,1.3846491996426773e-05
1207,0.014291422790399218,-0.002947240903687792,-1.045658846240977e-05,-0.01666061213347635,-0.3831393030145144,-0.02328370762647811,0.00038186006257574643,-0.0015259923631355833,-0.01423884101150258,0.005257699420547127,0.00048433678308217704
1208,0.013318294545856467,0.0003326741354962464,-0.00014726060555370548,-0.022714470059611178,-0.38968850649395975,-0.038584947447065344,0.0015366169463848646,-0.00035084906976589253,-0.013819794748238473,0.005026448450547299,0.0006649901100540101
1209,0.014984215024422555,-0.0006836279919897829,0.0007225189018213515,-0.014631256764244671,-0.39125438550633823,-0.02318350315428847,0.000555217797576516,-0.0005313556280868179,-0.020786247127812685,0.003989222599035725,-3.476323420096677e-05
1210,0.011747934916774372,-0.0006398313029943297,4.1408976036261135e-06,-0.01286053235298898,-0.3967810809742021,-0.038719147155906554,0.00021896559005935893,-0.0006997047299476071,-0.02050396132818259,0.0034564072921491763,0.0007159004193748534
1211,0.008543350274799983,0.00032790411204799464,0.0031649790544285854,-0.009320463099474074,-0.39412148699577326,-0.022281845289123206,-0.0029580919510389866,-7.218302227345109e-05,-0.022369988452491742,0.003247867821146839,0.0008024639173905454
1212,0.010443561238801736,-0.0006741455699778978,0.002271802334005883,-0.013109900117862713,-0.395856942088213,-0.03765407511004689,-5.372426138108091e-05,4.333156292936862e-05,-0.019878446758773875,0.002815787258277398,9.039105849231091e-05
1213,0.013291484218113674,-0.0017429289534912045,-0.0007744247337337132,-0.017875979674566316,-0.39172720746998785,-0.03785627956716148,-0.000158113177726101,-0.0005545016728768918,-0.01681069227674032,0.005035086283508119,0.009765312224938993
1214,0.0134996554592729,-0.0004190596474650328,-1.5552839948694727e-05,-0.019548969784253717,-0.3928254244831773,-0.03867711633632055,0.0006394193276193849,-0.0015047941898104513,-0.020322304119549748,0.0032656512708033525,0.0021434342299508045
1215,0.010590121453734603,-0.0001432042421717455,-0.0004579398019666787,-0.012113694086729647,-0.3962169379967812,-0.037390081875258344,-0.0008532976946521746,-0.0010607664317255675,-0.019924387927852928,0.002928761732223602,0.0016185712249694058
1216,0.013411214226847346,-0.005040918888516978,0.0004572157466870972,-0.016147783827170362,-0.39799915932835433,-0.03899984440675002,0.0011128177480314526,0.004903546326299502,-0.02080365756060809,0.0029119636606996357,0.0014630000018240874
1217,0.01136941062142227,-0.0008138767175165342,0.00037082668779344995,-0.013479330891482809,-0.3972051955033286,-0.0396115225761193,0.0007242985732196683,4.6635646798482554e-05,-0.020430434900599228,0.002433457919439395,0.0006944304703967175
1218,0.013866678401688768,-0.00014031164317508928,4.102796467296125e-06,-0.02227034317245704,-0.3926193828212837,-0.0400782329291079,0.00012258349348088414,-0.0012123566737850652,-0.019683831276160628,0.005055694567957672,0.0015293147314662577
1219,0.01202062573311424,-0.003989739784898019,0.0008257764974059074,-0.013136455567584719,-0.3932378434434285,-0.03816256047494651,-0.0005151314748811842,0.00023369172021100667,-0.02052699597441661,0.0018918834767762092,0.00061338298884133
1220,0.014218502245911794,-0.0003582748731607437,-0.0002547115023384247,-0.018100159864209008,-0.39506264216851883,-0.03856793918074564,0.0011497162648496486,-0.0004445401703320893,-0.02001669689759404,0.0029981238244359302,-0.0001829158680750967
1221,0.010751424455561282,-0.0001370311230673039,0.0038635304624610894,-0.01280950116201091,-0.3988070263028511,-0.03717005235417923,0.00021436466897069588,4.86743077438748e-05,-0.020694153066681546,0.0022101061101997685,0.001751618455554913
1222,0.01393478161858328,-0.0003546022897781288,-0.00024012419167109025,-0.01901129431115076,-0.39440713263169114,-0.03956773636025094,9.250788466652272e-05,-0.0005341539412893246,-0.019932387604928405,0.003487807100989416,-2.1463479190720484e-05
1223,0.010808389426888304,-0.0030876071893284314,-0.0010257082550124417,-0.010125249073847032,-0.3932145546102981,-0.03752649956286493,-0.0019725901939638907,-0.00046406789354551495,-0.020181410685056925,0.002761804354083815,-0.00013330357206664122
1224,0.007388567506055984,-0.006119494605948062,0.0035706355763779293,-0.017616418171395407,-0.3762548917675986,-0.0455295611298072,0.0040948590826857395,0.005944132426976315,-0.018864469934169768,0.0035815998933557106,0.002230843457322544
1225,0.011105919120130661,-0.0008470908752427156,-7.384201640950147e-05,-0.01319973079270524,-0.39561782201303924,-0.03905540747856196,-0.00042039304399486024,-1.603543432683605e-05,-0.020399257488790252,0.0022266754575552923,7.416872875154488e-05
1226,0.014128456396285502,-0.0009640805637895341,-0.00040122740401935404,-0.017793195728543782,-0.39488976565484757,-0.03800630313638389,0.0006057426797983229,-6.681079714543742e-05,-0.02013786352021425,0.002455290248396861,0.00044821929068684056
1227,0.00802418159767045,-0.0001889258258113802,-0.00013102723949284518,-0.022660476598195377,-0.3767703321270403,-0.042655104619279856,-0.0018080751129277899,-0.0013598760110885356,-0.01923626158917788,0.0042825364332573475,0.001853483934748936
1228,-0.004111084883030556,-0.0035445383909291873,0.0004940008346949422,-0.029024526969099795,-0.35474463783695026,-0.010323188172326775,0.012103189939603392,-0.002441029048142666,-0.009166837555479628,0.014378836101151805,0.0010811797012485616
1229,0.01357541478915038,-0.0008509524564665418,-0.0002938431764842499,-0.01868388043596605,-0.34007612223985234,-0.01345439771901799,0.004480968397382239,0.0013506099973521885,-0.011629501610394319,0.007094736615517499,0.002771495508279211
1230,0.013950985152272697,-0.006463952288330551,0.0007570809576219381,-0.027307719662168845,-0.3800536978170784,-0.000727796590548266,0.004786271325199971,-0.00025463733478320425,-0.011008108636892099,0.006252153958530241,0.0009893411117924396
1231,0.010812209086693244,0.00656635286017275,0.0009631043471041066,-0.029921971224210576,-0.3912054655705446,-0.0038416116138404515,0.0038603672591366097,-0.002649116093828061,-0.008892373277186612,0.004137949004661465,0.0012165408710192846
1232,0.013240432041262445,0.0007146930785407646,0.00040837782568921104,-0.027493349144083846,-0.37290548205031626,-0.0033917593223142385,0.002973691382596352,-0.0003664569622058877,-0.011758311386693348,-0.002117989176157842,0.0005228012467486803
1233,0.010850824126799538,0.0008776336562693528,0.00018006409999945865,-0.028844406894054563,-0.38114806431583814,-0.0012850711157739996,0.00422161928786816,0.0019284388356176445,-0.01097431008912825,0.00519057072056511,0.001443756821801531
1234,0.027703555728892527,0.01659863879152299,0.0026439565395729525,-0.02387575499945712,-0.3511222265688396,-0.00452956146819935,0.021471397156152025,0.028555410767014344,0.003316826323578712,-0.016049864541620065,-0.00022887248932159412
1235,0.05209996958502933,0.002310210712825567,0.0012199274339078517,-0.06085220945860691,-0.19924524845202118,-0.016133467951944078,0.0061031470745932645,0.000879083992117656,0.009076713652273536,-0.026541446351118655,0.005310440100184689
1236,0.056107711884434634,-0.0024398085056609718,0.0029191592682654742,-0.03613426943032988,-0.19775264417171856,-0.017364523363940156,8.230147385219671e-05,0.002115271148774239,0.0018720138446087,-0.028090453307193723,0.0006827586640874428
1237,0.03703246387706177,-0.002285416892523759,0.006916620801168223,-0.06284918352261458,-0.1490079778469609,-0.018411016823293394,0.0043129781230895675,-0.000369696611315404,-0.013311271926332045,-0.035389127330338416,0.0026363752504530015
1238,-0.013136816782893636,-0.003291677177331702,0.0026796448799554793,-0.031318311007577246,0.05088422100061333,-0.026749187438003308,-0.007818743634748541,-0.016677025470969827,-0.02413253990311099,-0.05352628530172844,0.0014101905150776938
1239,-0.02438319908592608,-0.007570960317097321,-0.02115556089956683,-0.07812319402998404,0.005669122720747509,-0.014695215976280172,-0.010807147196632208,-0.0036906979651249974,-0.011867118724987346,-0.039327172381182954,-0.0002840968408477706
1240,-0.004022870659648965,-0.011658173555831994,0.002680513719681331,0.010148588694991247,-0.043823949140189715,0.0008916250479642414,-0.014427324918735869,0.002341203170878012,0.0012467875047802875,0.02324828060021308,-0.0009535954786282067
1241,-0.013556117510383978,-0.007018295705753817,0.0034262520139231346,-0.014429938219597366,0.018595628192208478,-0.02045811620972687,-0.0017992241666632822,0.009976845471475206,-0.01471975783116574,0.005390487750702682,-0.0020637086029494035
1242,0.03709944848609991,-0.00854147211120409,0.0028098796906617534,-0.07882923391846629,-0.00039061868682712,-0.005751497681250178,-0.0026009093682217567,0.003480974434802543,-0.017676772944543194,-0.036082467723423765,0.0010476450566361815
1243,0.023383727932926698,0.005048346765788411,-0.0006449799910561348,0.08545441084237501,0.050062529172852845,-0.015280568093207582,0.015095428902972607,0.001518346797967572,-0.017315652195030593,0.04404160189410181,-0.0030874459916376508
1244,0.03902446390404028,-0.004199889257194906,0.00012744305515771637,-0.022567469223903826,-0.15067536780926438,-0.018116135202484267,-0.0011443014536576034,0.0031314298069470567,-0.008701200026423755,-0.01471646624527307,-0.0009929100017460732
1245,-0.02141774793521189,-0.06604994898466095,-0.0013712406921540564,-0.06554270385602327,-0.029858781880539413,-0.006303550999826865,-0.0080249766978261,-0.01629446435957698,0.015495677979681505,0.03159124004312958,-0.008076720416954713
1246,-0.04613672668188874,-0.0030213801183224206,0.0006410343035080108,0.009879828959009972,0.04625390963446034,-0.015540632702260334,-0.012849383758769971,-0.007819524540383704,-0.025981309595975076,-0.03596716003392559,-0.002220280876391786
1247,-0.0281196790428119,0.022197186484580744,-0.004353685659484052,-0.04071580064856991,0.050315206878265975,-0.03628745055181359,-0.008327712730805781,-0.02935060443467165,-0.011127823617215395,-0.015551721349577349,-3.848204085606437e-05
1248,-0.028484710569853876,-0.02695177249815748,0.003523629701603748,-0.06237730002139356,0.03251348110031853,-0.013848539650797522,0.03853357094175856,0.010797327143369992,0.0066231228609737545,0.004522218519615967,-0.004741503920291205
1249,-0.0400465255809556,-0.009912036591262836,-0.023703673635398898,0.065627122176729,0.014891379078293448,-0.015122970970358944,-0.009049588534600063,0.008076479452325171,0.017731475326133315,0.019068281275324332,-0.0007624191946386782
1250,-0.028088973689853573,-0.001127652298398385,0.00033389565041888863,-0.04898677410405275,-0.06116223660135661,-0.029020489695682414,0.01915852014218171,-0.006119550319050635,-0.010672346435471304,-0.0116357824068654,-0.002065473889067275
1251,-0.0030660420308466726,0.030392819665484783,0.000459234596327274,-0.06031581984838012,0.011478324634132162,-0.013591014895015808,0.0010549302572846818,-0.007068728199157567,-0.005482718093342732,0.001363424453943244,0.004456369682161047
1252,-0.06883725398620823,-0.03706235977682426,0.0017803491716990693,-0.07203435181296959,0.06988942940513587,-0.011951713289850834,-0.012413712624943367,0.00395455024432672,0.010775241953034783,-0.013736191416263002,0.0024135138563525617
1253,-0.056130876484040186,-0.021368225567464542,-0.0070017599556531805,-0.053255471848032594,0.05115177340382265,-0.003107043303490249,0.009004014702126199,-0.003763977876529119,0.008004031550598903,-0.009869815756160277,0.0026928824792384416
1254,-0.07403355458169575,-0.010065710166010166,0.00254369252608326,0.046200246762289884,0.14077140999219087,-0.012045871766756965,0.0037360327521647695,0.013773967173807817,-0.018018377207536254,-0.01065580199033517,0.0018184862100468794
1255,-0.031481694597222186,-0.04609835513637284,-0.0020727995181653996,-0.026493260820286992,0.1320932121405085,-0.022635764145338574,0.014990144370374906,0.002611936828063477,-0.00970865194452564,-0.013907450914059906,0.0003220743390364472
1256,-0.026920223312687164,-0.005046051078159771,0.006796725415587066,-0.030412135997204146,0.14890005419872276,-0.020467576907168175,-0.0043892706478695425,-0.002213341306051745,-0.03603928290143718,-0.070200412596378,-0.0006209478150351482
1257,-0.029264521533632494,-0.0027820734892345946,0.0030158530590204224,-0.003923787369610915,0.13754269432127592,-0.013517579011930741,-0.007494763296728305,-0.0027450081926135364,-0.03392006791618447,-0.0806735132007772,-0.004629986661116229
1258,-0.10073188627986004,-0.03145723657890875,-0.006987360118605733,-0.03021940009793034,0.1474037911834903,-0.022630791902530485,-0.0015382286583737724,0.005545238586999609,0.005659089501178048,-0.025714885578233756,-0.004050796440731685
1259,-0.053234189404364106,-0.0018116650175212462,-0.00040938113362993356,-0.020171294733328144,0.17074706091443378,-0.027135064511970567,-0.0038209427830200645,-0.004311878205436008,-0.02158589400115447,-0.06681194264541107,-0.0015709161991834327
1260,-0.10699750119731691,-0.0167559157618783,-0.0005277782789089958,-0.017980042838983187,0.1499682574482299,-0.023688908350576476,-0.0032795212771956207,0.004790476798010744,-0.009484139103030519,-0.036126383880916796,-0.002480858722974965
1261,-0.013760004021255372,-0.032933113312992694,0.0017025494786877399,-0.04303878996764158,0.10285784960890106,-0.003040853379803613,-0.0032725139831278264,-0.0019164983519428973,-0.025845876695146996,-0.0475817115752744,-0.0008672140189805215
1262,-0.14195564937909844,-0.024169135668263547,-0.007716301116721259,-0.021985684615451473,0.15698909366215358,-0.009454050668184853,-0.0007022536370468191,0.0002507148963039398,0.0033931479785024653,-0.02084619817102251,-0.00250986147481955
1263,-0.056427208401249776,-0.04390176506723903,-0.008617028707128287,-0.04872498237216147,0.0810001901300041,0.01800793539397556,0.022985767719232223,-0.004753642646495456,0.012902490148864097,0.03615292099349546,0.0017157286743440078
1264,-0.010912004080841668,-0.021975696615247866,0.0016565362388531602,0.0328305661367046,0.14089954522164386,-0.014696234729330859,-0.004461919832663503,0.0029398955331914845,-0.05396649729342988,-0.08353781825483637,-0.006368245101366262
1265,-0.1164280246279507,0.016751594429783648,0.0006308944761047733,-0.0434680189689213,0.17030215764667836,-0.028955840533958832,-0.002855924984726415,-0.0027225718023196357,0.0012059476982021356,-0.004747633745138617,-0.01090571758627004
1266,-0.10938228469821913,-0.032362565835898444,-0.0014821245389121502,-0.008484406155554921,0.1657195732114187,-0.011001025103330607,-0.006638208145762684,-0.0022045224397792803,-0.012920950297719298,-0.021685804000349237,-0.0038657397720638313
1267,-0.05369013661616689,-0.008407196380131413,0.0034862640294410535,-0.04062320134256225,0.10208622964911984,-0.011531865937197775,-0.001680122350428063,0.0008316174229066303,-0.01116010977851223,-0.006527269160527972,0.0003949624712214418
1268,-0.0980099825877814,-0.03157429944604594,-0.014389813560380969,-0.046934596645520445,0.12421282725288095,-0.020549319373134107,0.017803145375742815,0.005982333601028258,0.004038282670347712,0.020944833530451852,0.000930913646053065
1269,0.02341123375325068,-0.006047657965182412,0.0009099121637164293,-0.03012950248076317,0.1704819420952707,-0.03055327715339943,-0.0009746621552589191,0.012671288357960504,-0.08344180329822803,-0.07272224957269313,-0.0036090716649820748
1270,0.05114425071496712,-0.002737989574186319,0.0016821897651454526,0.014383789349772566,0.1621145565510145,-0.006809027673033977,-0.008709328362930013,0.004357035015286436,-0.07220655628671818,-0.06962361713912396,0.003282837497335911
1271,-0.037548296022592374,-0.0037440841628599854,0.00305697060489969,-0.0086561318680863,0.1620632759653666,-0.028722887308798843,-0.006524029278707589,0.004052041772031723,-0.04035624793312405,-0.07513862411543394,-0.0007369185333123916
1272,-0.039854320477572626,-0.014024714604187088,-5.45071461996547e-05,0.032000176935946235,0.15577709722082667,-0.010146393910728094,-0.0031559791843690406,0.0022370531037603854,-0.04766024458502377,-0.0866666899124136,-0.006656681530247461
1273,-0.04413989852877992,-0.02918069832530858,-0.018593934400275278,-0.058149555936893,0.02429039124802967,0.004189454025606198,-0.00029815382043677543,0.00463081495592552,0.00493221743189629,0.011871176748183302,0.00010006390815729014
1274,0.018719603812015973,-0.003157968846417365,0.0023812117170946,-0.016877306944536055,0.17308117049934038,-0.029604800634037264,-0.004629407423096247,0.004029447195559959,-0.07875612387796121,-0.07433299139610429,-0.005685145868002912
1275,-0.02887398094032489,-0.006102930480501447,0.0017016551206792139,0.03910715904759422,0.10419553449490523,-0.021752174485491688,-0.008968047373076667,0.0093427678340169,-0.036650096272614334,-0.07171264223246619,-0.0054514853923164925
1276,-0.07425046442025722,-0.03498052621464959,-0.01794338257733035,-0.026953516658367923,0.08835232271897762,-0.013480437977570304,0.0151255868043547,0.007002669339594019,0.007435754655831084,0.029679878732416967,0.00044247572402807654
1277,-0.0611189915241415,-0.002431575663451385,-0.0006492219329551639,-0.017856020644541015,0.1420444894293599,-0.026045930290521466,-0.0006150262482434954,0.0025336842691956398,-0.03050903443546143,-0.04375796593845467,0.0004363179348219757
1278,-0.05222207689763576,-0.06141486390792605,-0.014105934376915734,-0.03502724684400117,0.051303217998243014,-0.0011610248199670698,-0.004431341628306485,0.0013686414153529418,0.010860872947891308,0.040563712627022436,0.0018854051705070806
1279,0.0987125270612398,-0.009954537335702209,0.004455590082399222,0.03472693218471329,0.10817232416934269,-0.01222023667678426,-0.009462543959127956,0.009617427846243207,0.03136585538696878,-0.04366861336427085,0.0024185957265161415
1280,-0.0163571090064128,-0.024930014520308855,-0.0020971803943738328,-0.035010595168093045,0.1278989274831679,-0.007606222894705751,-0.005359029115834767,-0.027598599371816707,0.00528716494119585,0.014735752246200964,-0.014419590385910409
1281,-0.010717071370160921,0.009806005016755194,0.0038655136145197503,-0.04267940294763368,-0.036260000562647034,-0.03421588586157338,0.018086291342443238,0.012963449799970946,0.008457591010796866,0.03940625894404577,-0.0013079475009859503
1282,-0.10216913064353038,-0.019905810302258402,-0.013238154918093598,0.02286689803160665,0.08847674249213369,0.0015468513519085575,-0.011267955541732518,-0.0024262089742493895,0.015372326796654243,0.0194806435252506,0.0010495787856801535
1283,-0.03243733959540555,-0.04785651419934528,-0.006952324354075208,0.051353493309917855,0.14186799802155164,-0.02850017619320982,-0.014876875730069678,-0.00840505141125098,0.005277810698237558,0.035532688320863155,-0.00033671022426147267
1284,-0.010695294202591826,-0.03581447597379297,0.0029005011428156137,-0.06406127036208288,-0.03356710068798508,-0.01537907242411625,0.0018545548018311694,-0.02367104790347417,0.01415253534414718,0.009731724039486536,-0.002853024596429643
1285,-0.044984648056515045,-0.02514620297105672,0.005170240214978391,-0.07286819669842491,0.1590802467752362,-0.010451307328660146,-0.009389695782252537,0.0007096030711252377,0.0171862969575653,0.045701695869970395,0.002930238069361599
1286,-0.043685142413457716,-0.009321131692551325,-0.009135876140780014,-0.012245343610354344,0.07097775443299043,-0.008169190064476264,0.010786509079982293,-0.008283362089045763,-0.011020446618013904,-0.03452248119134515,-0.005682330833157735
1287,0.002264070057345728,-0.019933028679495163,0.007626954795515656,-0.07101556271685286,0.010121435037475479,0.010819182053817026,0.0037250308854239697,0.004564116780982433,-0.021027712316545197,-0.03381041669305514,0.00016530894799287484
1288,0.050187212199188556,0.02920525210339153,0.003604663336784517,0.00242448620005009,-0.1775025998286415,-0.004124826334095311,0.013041281774198953,-0.023099265233253292,0.0017801538697467603,-0.01781202752155077,-0.00020964909099644336
1289,0.06503893403380184,0.0014688514837196476,-0.0004144517758728416,0.050533239223624786,-0.1642548416354711,-0.019220134576430008,-0.007713797856178705,0.0019118062661573336,0.0036849865194578564,-0.01135642660474294,0.0011635079937877145
1290,0.037730736623945896,0.018794044760771116,0.003227765901342439,-0.07360117812404073,-0.13331918265578865,-0.021310703216286652,0.00218268119711555,0.004169151572455412,0.006961173968280323,0.020866933316890737,0.00133572766993238
1291,0.03310429468014599,-0.005431862973441888,0.003808544013550507,-0.07336814371311158,-0.09236232104929347,-0.01401220023028639,-0.017860319719483583,0.0032573543000500803,0.0022592088134506536,-0.02966886085832281,0.000800258819244972
1292,0.05152839980794497,0.0020668351289381466,0.0028800488851418627,-0.022648981539640664,-0.14868364374535928,-0.04083340128127985,-0.009963871980184044,-0.003468402783581135,0.006530405240140248,-0.02282393991539446,0.0004309420759994881
1293,0.04373007710922981,-0.004238298756749978,0.00465816187639595,-0.0042397966854851475,-0.09760889088437145,-0.050570882402213406,-0.004956948418370446,0.004816919044076003,-0.0022373630636031054,-0.02245852693946355,0.0005098464743205127
1294,0.049730477667694194,-0.01834199245747216,0.00011781093415762815,-0.04092517880405366,-0.1433294648415271,-0.02408943880491207,-0.009916625654886003,0.001633648884692491,0.011282869256235952,-0.020910834851122446,0.0011446437346776556
1295,0.04428170375999217,0.015371119785312963,0.0004578204197864741,-0.011785377113500986,-0.1427790148277289,0.007778771804533535,-0.005731379411791613,0.0008093124896424385,0.0016193679778187587,0.000634058206629431,-0.00031064442263439434
1296,0.059156837345169265,-0.008206883406706136,0.0008600615111038858,-0.008039938008441333,-0.138490391459014,-0.0350747119084584,-0.007296951007869707,-0.005722475639646137,-0.011585570820294716,-0.02430178715940939,0.0006145608702719718
1297,0.04706012743392061,-0.0052946679597614945,0.005069668853306983,-0.05316681877904897,-0.13523091912907811,-0.030833076580902726,-0.011836611402519766,0.002550345815958714,-0.015382529237105539,-0.030615323630232,0.0012485444444243485
1298,0.05370076458833901,0.0008184128157969788,0.0023914038372409565,0.10606364025687041,-0.20665982935235358,-0.015858500206430176,0.008326604689025506,-0.0009116427266761823,0.002074031075834699,0.012448279551748584,-0.0007621206288870189
1299,0.05740255385579976,-0.003531569965383796,0.0026689031210179307,0.034658476800213237,-0.22379794947932724,-0.007425154364904891,-0.011153345715716986,-0.006072929819465354,0.014569272333533464,-0.037434494009911445,0.0015889188727957297
1300,0.05831255315342706,-0.014941020518761826,0.0020979345396845064,-0.04993210989087951,-0.2031437848845983,-0.023926660075157962,-0.0015744056114985335,-0.009134665274548875,0.007879133057745527,-0.028517867975911538,0.0014812100168934178
1301,0.05105686781182136,-0.0010177644287553522,0.00015711543559033443,-0.05742076636153652,-0.2073280972922078,-0.021936652209549972,-0.006869488154755399,0.0017417095141466121,-0.01405851749497359,-0.026188784386448904,0.0018332507440643182
1302,0.03014312323662471,-0.0008858372675490504,0.0022380391663406472,-0.012194221141102189,-0.29865776073976613,-0.00960581075149674,-0.008740176120947133,0.0002050168436887333,-0.014707013514260155,-0.0030762686430151473,0.0025514959740156277
1303,0.034334812006485534,0.0005620684558629715,-0.001414647353499528,-0.041625168408373235,-0.27864474615936513,-0.011211975411630935,0.0075623200397176805,0.003217097310706247,0.010959229767279883,-0.01889653743082117,0.0016488440528457727
1304,0.03047248100918292,-0.00018283636906821446,0.003643418200731619,-0.0396247474620759,-0.2617848104384818,-0.011390982167514989,0.00667784707538659,0.002265299987757181,-0.012490596276307065,0.00021284627752908678,0.004816539749410927
1305,0.02852046605164151,0.0008738171049749114,0.0009299509438137398,-0.04312452052251577,-0.2567096057885014,-0.016013519575923688,-0.008901793331529673,0.0005868581682609033,-0.013371660784394173,-0.0003952738862328812,0.0008514045193752667
1306,0.033516609029293695,0.007608325552092741,-4.8751386514811315e-05,-0.04371530364229218,-0.2866041552558848,-0.016308217215109593,-0.00975763538007063,-0.003425452644568652,-0.012558070285403955,-0.002985708911874876,0.0008329883286422333
1307,0.03754953238563037,0.016608073383389852,-0.0013753784938264416,-0.04414324229699013,-0.24712435241642727,-0.018958541459418225,-0.005835053189980084,0.0029256214323598153,-0.004744993253941973,-0.023086629336444058,0.0009112249608925599
1308,0.03461218103497426,-0.0024708075842238475,0.005384698826316743,-0.028573934223054046,-0.2689871669487373,-0.012693784907720879,0.005068672565167764,0.00019299894666140839,0.004773458845945627,-0.0264770033222157,0.0016639554596105542
1309,0.050151819940497284,-0.0014398909727514491,0.0012013692226697657,-0.053743321450640875,-0.21396398462392655,-0.016661589614751428,0.0030128272030949797,0.0002443940637872271,-0.005513590122443599,-0.024116091032767333,0.002888243996099426
1310,0.01247389938624615,-0.0010107166923550058,0.00011831740011055386,-0.02814106746248368,-0.3719065466478262,-0.004348286652694192,0.004051822863269448,0.002521718167000282,-0.012635030929934041,-0.0008842154670130402,0.0004222377184686697
1311,0.013098719682114278,-0.00040240354902507076,0.0008474165145883057,-0.017835576373108217,-0.38649202230963814,-0.001144595384627408,0.0037376420091192147,0.0018640044440985076,-0.012733497547711782,-0.003590020346892694,0.0019640311395117257
1312,0.02969464509920604,0.00019193160287131936,-0.0005896389268086318,-0.03227511351286651,-0.3669408296182813,-0.0133733334152355,0.0031475117340563938,0.001111339588336299,-0.0021428341225917767,-0.018371864379061707,0.0007305998245262003
1313,0.013051905129757242,-0.0027497085743964644,8.168182118490173e-05,-0.0238345195824617,-0.36857726555799813,-0.01353190938192282,0.004339018248358311,0.0017689086809967833,-0.01190545919123998,0.005564137993617152,0.000908015085077525
1314,0.011687379071962063,-0.002797316943780227,-0.0009700682860845728,-0.02869665313786784,-0.36802854246064903,-0.013314182842978696,0.003886917949894771,0.0010083214608322447,-0.004103406415458601,-0.0011507170220775953,0.0034115174485548003
1315,0.013327564811785297,-0.0007071340118257567,-0.0008221395889663309,-0.028560491815772863,-0.38049868850063345,-0.002231071852462005,0.004570483140740157,0.002144727838400888,-0.011689633665215823,-0.0006274506645900628,0.0017118979559336389
1316,0.028784323783874858,-0.0013377216637143372,-0.0011611945385312655,-0.01783533561617176,-0.3790037173651036,-0.011693380716006061,-0.001010340581851335,0.001671620612834446,-0.013206392889666525,-0.005388241978975795,0.0031689247225715634
1317,0.012138006972452913,-0.0024904801519072687,-0.0010140123848188178,-0.03134787401963445,-0.3590013052221681,-0.012235221146063577,0.001035557981188957,0.0031333939786321384,-0.012461108531031538,0.0066437605733619095,0.0008540772050102166
1318,0.01588852368957697,0.00070008642116878,8.381601314010199e-05,-0.026685319224424298,-0.36237204437411474,-0.011031815023378631,0.0019721989770440174,0.002231656009207487,-0.012235974895910716,0.010069436640980646,0.0010907226441265556
1319,0.030761453300705805,-0.004644279339608604,0.0004411014841932836,-0.022125343296205937,-0.38080358339996145,-0.002685817010945355,0.003463057015174413,0.0007494665817034612,-0.012496640298478561,-0.014123138888134212,0.0016130934679289626
1320,0.012696297869486312,-0.0019334979956561922,-0.0008674166034870646,-0.02780551438818265,-0.3762459520942385,0.00016720256323091192,0.0027963564685154645,0.00272499755026542,-0.011017200850345264,0.007507187152370067,0.002038295902692341
1321,0.04044717513255118,0.03914807194219312,6.422232336029781e-06,-0.04622089048911466,-0.399693866856013,-0.008793093938118165,0.003504298160737379,0.0019735492256227017,0.0034576544686664864,-0.01382685402100199,0.004024339731721018
1322,0.013231422697727627,-0.0002687684297363126,-0.0009008490179417301,-0.027725316579721302,-0.3583000692890744,-0.013699577732405257,0.0027201702016182334,-0.00019236252913615713,-0.010793203244628048,0.005888147446570821,0.002330288716507091
1323,0.015166225613025934,0.0022893596865766357,0.00756859903390011,-0.03532935178114341,-0.3930247151326279,-0.0038509271377883602,0.0013973960000089527,0.0027875764597220134,0.004652784922063563,-0.011260839058255255,0.0004653162254218404
1324,0.010191162520880228,-0.0035138188637520522,-0.001056962943828449,-0.032183747492317366,-0.3939790921503104,-0.0021399802658804497,0.008511202441504462,0.004319685639873524,0.0059766717009319984,-0.005814359467495164,0.0018301744137830798
1325,0.009638422011138459,0.0063559378165574,0.0007671168130844473,-0.029737883457193335,-0.3842344386261584,-0.0059680926025315285,0.005238993432739822,0.002594354944398869,-0.00996288419671724,0.005363813612402144,0.0019518415494994498
