,US_0-10kHz__dominant_frequency,US_0-10kHz__kurtosis,US_0-10kHz__mobility,US_10-20kHz__complexity,US_10-20kHz__crest_factor,US_10-20kHz__mobility,US_10-20kHz__spectral_bandwidth,US_20-100kHz__complexity,US_20-100kHz__spectral_bandwidth,US_20-100kHz__spectral_skewness,complexity,skewness
0,0.028511907278030185,-0.03845646393708504,0.08743467314440294,0.12820556450204368,-0.03558273502555011,0.1229839544224347,0.007159987903718768,-0.06853772635400882,0.04043637587403354,-0.0010665884875594306,-0.21774338004678886,-0.007058577594828868
1,-0.014573107217943792,-0.0931129489911388,0.25617478262183163,0.19503386209866774,-0.030487236973981813,0.11443066076271004,0.0004062735323046456,-0.12611249594997212,-0.0023871410672952633,-0.0003696093609749589,0.016843965281311078,-0.005383239592264323
2,-0.016168848495572458,0.02095294717339229,0.23217689952357284,0.18587899275536884,-0.011949232370438554,0.13609804933867156,-0.003799120767133706,-0.05136043872288369,-0.015270267878585304,9.215527297060111e-05,-0.22154986664802406,0.006776559090964816
3,0.028511907278030185,0.018205909118664498,0.016014107019934387,0.15754692760135436,0.050661997299342953,0.148865502035515,-0.0029598766802629525,-0.06297423341228428,-0.032825972638738904,0.0012553050160149684,-0.3067389060725559,-0.009412414678007007
4,0.028511907278030185,0.021184344318146812,0.06639825726658034,0.04122119330465718,0.03951910449391765,0.12615449513314306,0.0010597545307355352,-0.05855321896949607,0.009908247693854557,-0.0006507695152926583,-0.2504250243766847,-0.008387805282426903
5,-0.0002114357192857981,-0.38229173647869014,0.45032333889484844,0.12975168180032556,-0.11762697209227303,0.0842234657837715,-0.003254856299533638,-0.21942089204989412,-0.02060590591758284,0.0003751218065346672,0.03058876715058199,0.01121501747613325
6,0.028511907278030185,0.023742297104607606,0.14233741059402713,0.18921413811573018,-0.005035430799574174,0.12898338239809948,-0.00025329752488945594,-0.07688015652584641,0.0031525820003846165,-0.0005083124941449743,-0.2116118316963758,-0.0076613966366132795
7,0.028511907278030185,0.017590966393029747,0.05206994869044877,0.14218606755333363,0.02580150128686331,0.1540749201331391,0.0005904357298236114,-0.06264631493385919,-0.02084915457821331,0.000384646806030647,-0.3050970095162754,0.012856617755172346
8,0.028511907278030185,-0.024947757426468077,0.0951964060879382,0.114308957791153,-0.045061568244654585,0.086868137510366,0.0024127114509490746,-0.05322017510794464,-0.02579085119656907,0.0007189816688838845,-0.22966127358723726,0.012668259375846945
9,-0.004200788913357463,-0.31398197135592754,-0.017135026459118154,0.09264173621680473,0.04001060798453531,0.14446332886914684,0.0029374780203229476,-0.058117511889599544,0.014014638463848645,-0.0007256812492678358,-0.2576519239445405,0.043541059993838276
10,0.028511907278030185,0.03909709702942705,0.12661033625224033,0.17385880374392967,0.0016369794084534512,0.12602539632991908,0.0033257456652222663,-0.051239479535929486,0.07104663380034668,-0.0013055840999775434,-0.31660520327022285,0.003753164207852829
11,-0.004998659552171796,-0.2815273178511049,0.6112819908434585,0.17299190857431998,-0.06685919145088225,0.09702692946163569,-0.0037741356130895883,-0.1858923257143516,-0.03086814651299725,0.0011930627634854348,0.06775913207132388,0.013329272499323495
12,-0.00459972423276463,-0.31693623407710786,0.3961889959610967,0.09624547286637584,-0.1083405410322804,0.07618097753419152,-0.004717052146291524,-0.19426849095426346,-0.004167106344714725,-0.0003117100896858501,0.03948087371423158,-0.003130796782577511
13,-0.00340291827454313,-0.15644439993578851,0.2687088450799098,0.11196132906220525,-0.04024837869203251,0.11974092822328036,0.0050295753880594506,-0.08694714143044284,0.062475065416143796,-0.0012469169162952684,0.03964984606745459,-0.00684522566276845
14,-0.004998659552171796,-0.04383117390956091,0.10888732224360047,-0.051442665590686595,-0.018069854193602998,0.0132823148722212,-0.0004477740634927378,-0.2180015905944255,-0.01909518134193913,0.00028880707455475416,0.005373539691885779,-0.011836542442329867
15,-0.00459972423276463,-0.1806747455188496,0.2507078857553995,-0.004075314806841416,-0.01465282467038154,0.09586166358124786,-1.4307613300599274e-06,-0.21403055550190078,-0.02080776806950747,0.00037947411786746967,0.020590846228611303,-0.040884618406010764
16,-0.00459972423276463,-0.14835002126367453,0.42338441555039585,0.08008282848676647,-0.06332806219356493,0.08084478461992652,-0.0021019840599599826,-0.19170992352813196,-0.028022926543730543,0.0009082303817609954,0.04455765529945417,0.00904581005975742
17,-0.00459972423276463,-0.20142381935781428,0.09459179178738719,-0.025184161003480924,-0.08020235394043233,0.019889292303475088,0.004040032393539722,-0.18932277142788342,0.029592232437614965,-0.000947253929186701,0.011452709501230044,-0.05063445253927255
18,-0.00459972423276463,-0.0838572513673903,0.4938096079034407,0.1565693693548641,-0.05104567286982394,0.09678002118343304,-0.0029722269983427016,-0.15810750421822078,0.0002465387172020299,-0.00043331819524511,0.055251615667782465,0.005946749316395352
19,-0.004200788913357463,0.019420552076273623,0.12172406459995656,0.0626336210262011,-0.0030157380124773933,0.08632467761670848,0.004136546198817015,0.0022187820584973375,0.04319384639406154,-0.001090707411132309,0.05331453894173495,0.00590969999922536
20,0.010559817904707699,0.012234022836588167,0.22613833692182767,0.09160774259115875,0.016104595398168095,0.08382718223623283,0.0027326976374950516,0.0046976919189042465,0.025100506931109767,-0.0008890361965851355,0.044032740373193546,0.008587990589401745
21,-0.004200788913357463,0.008159749390352522,0.11016769301887405,0.13088997050258713,0.011862324330690578,0.12013615360979385,0.0030872015856685075,-0.007324020588435617,0.03639011673404404,-0.001022892757580317,0.043279807900880096,-0.014352332598408834
22,0.009761947265893365,0.0013908741968497223,-0.030487172814723077,0.01486251250989327,-0.010551783961326052,0.054981038704468244,0.004835377748552885,-0.017196762057475685,0.015428182025384764,-0.0007452264966368495,0.0060155499367072094,0.0216196319574461
23,-0.004200788913357463,0.014507280670543441,0.174761808493859,0.11107752068410519,0.01753435081962671,0.09166541076058271,0.006174453403837775,-0.08722776145997656,-0.014668780968094415,7.205741112443538e-05,0.05753823589939363,0.004530796580710968
24,-0.00459972423276463,0.006320811175678653,0.13175378725017522,0.06205033041045291,0.008599459689717651,0.10406399573018005,0.001964302288625175,0.001986167800933545,0.015835417858496473,-0.000751967106985698,0.03683237780831577,0.009251187958372242
25,-0.004998659552171796,0.03454275805628447,0.10028098110573105,0.07292554318551513,0.022250612850739114,0.12018298134805909,0.004556776790453812,0.04651542880884327,-0.014618462933045076,7.48545221087014e-05,0.03331906646711898,-0.005292797083053538
26,0.011357688543522029,0.007272877073479592,0.1592098981972952,0.06186674799816856,0.025766298953179348,0.0992316103659284,-0.0004249626570488578,0.041004527764906755,0.018533516059151732,-0.0007947912197458634,0.03254770902712755,0.011941144055769898
27,-0.004200788913357463,0.004477817626988624,0.147790023145273,0.12013147405595957,-0.006319103044245601,0.10375099211277336,-0.000736411036449901,-0.02416545893508501,0.015371063158776812,-0.0007444156123541705,0.03995103094128341,-0.009830244030015808
28,-0.004200788913357463,0.007742141830467108,0.19863212269180755,0.10713682267177381,0.01709512088637326,0.09754435985700959,-0.003475632684641665,0.003866284780171413,-0.022082320724459807,0.0004752238399843132,0.04947202564985254,-0.0042541324353196006
29,-0.0038018535939502965,0.03154206039154078,0.1773228527438804,0.15285205957586756,0.02927392045863708,0.12688456861737815,-0.002099028613342257,0.02610428865624899,-0.04315200505468147,0.003534431330934804,0.0415344370324881,0.012460348969803517
30,-0.00459972423276463,0.041790456759012835,0.14921984449878045,-0.004029523396940078,0.03746440766435367,0.08949043079948234,0.0008713180438481818,0.046595090661543256,0.05068876119315558,-0.0011562889245418323,0.04384029728983095,0.004716373630638025
31,-0.00459972423276463,0.03645734274821262,0.13096092999305495,0.04520704387958466,0.026430958011414186,0.09499725005455255,-0.000930777411222358,0.013421121053140654,0.012100255701945586,-0.0006870235326883056,0.0503155586933804,0.009980522143807322
32,-0.00459972423276463,0.0254145651641445,0.09229094112134278,0.06443061576238812,0.020067055750532525,0.10113587400642084,0.0009107336587742301,0.007931768250321795,-0.023371235004986477,0.0005545833213785327,0.05329618951969592,-0.005660909094269561
33,-0.004200788913357463,0.03956228975008977,0.009908770769101818,0.0427658637870327,0.040722576649639027,0.09432033639542504,0.0006544347125365281,0.05621891569366626,-0.0034469289779637795,-0.0003288641077376625,0.011388008829679486,0.003975936937048215
34,0.010559817904707699,0.03258371361841626,0.014735843174939712,0.05217271418033145,0.026622964302003685,0.10240651339529758,0.004077041380538598,0.039465460923000656,0.035173248894548474,-0.0010096066207703196,0.01869021267436813,0.00528868723195086
35,-0.00459972423276463,0.019972428085180627,0.12006743203079055,0.07725118583171266,-0.0002460790884357932,0.09274013291625674,0.0002252506305375001,-0.0067437392679153075,0.033136376986306185,-0.0009874103103798837,0.06149854232170629,0.004788445389443022
36,-0.004200788913357463,0.03775685076684698,0.07968167755573169,0.05556244195245377,0.029141230126728646,0.07938656501010942,0.00418492069601279,0.039571828925235426,-0.014639562085295115,7.520786367461562e-05,0.033960230365432505,0.005110787807613069
37,-0.00459972423276463,0.021163376119339057,0.09277073187849903,-0.012178691147930982,0.03634222635837267,0.043974084573765775,0.006336400026709049,0.022599706457252334,0.04881824919551669,-0.0011407118393986836,0.05294885473968804,0.0029066227518961406
38,-0.00340291827454313,0.030323635601033586,0.08461345180655112,0.044723979696781095,0.01895476522954324,0.10952051579126645,-0.0013675456118138613,0.04262904335481257,-0.010201353093765244,-0.00010626581335380346,0.026658873806994946,0.00823011313714613
39,-0.00459972423276463,0.03277449823829876,0.06926422879208748,0.04846106808093032,0.03343359360494585,0.10521862842098728,0.0015360411420986782,0.05273722370705324,0.01458813385117158,-0.0007304065388194472,0.028014426424583926,-0.006390127071472339
40,-0.00459972423276463,0.02716702542354909,0.0883313437514565,0.06314360849558359,0.025056554245225657,0.05597811230340892,0.0003986377198492447,0.04630045409815981,-0.019215768135423743,0.00030548786478388205,0.03275731598335209,0.011154834067975393
41,-0.005397594871578962,0.021669590150590987,0.07095119253909134,-0.004653616890646227,0.015369728794978723,0.056613270695905805,0.004427235304527591,0.04194623596269368,0.033012189340268595,-0.0009857800444336763,0.016390972687568856,0.01258667194000511
42,0.00896407662707903,0.02903040487713041,0.0008343220969977359,0.040955902598688705,0.036113810367422866,0.08951817462113423,0.005361761678440432,0.04643551839307377,0.020186401858487118,-0.000819761973774502,0.006147776252453528,-0.003945821508184097
43,-0.00459972423276463,0.028840171363226377,0.020816078408481816,0.07258048672469569,0.03971477980364575,0.09211948395898893,0.0026042772360402675,0.0447858807458205,0.014814210071506465,-0.0007343551505564837,0.01593122974995325,0.014901718964015577
44,-0.00459972423276463,0.0007813002321214651,-0.06006606279237052,-0.0301477142692987,-0.018238136927644442,0.04104074574234275,-0.0004513726290993566,0.028448861557341068,0.0026542144271120183,-0.0004901913284247714,-3.956396053358669e-05,0.0032621821455433514
45,-0.007392271468614794,0.016773180607484717,0.09239613668966355,-0.0013826919153342402,0.0045809772643799155,0.05651661851113161,-0.0013436679846430318,0.02351861244409303,0.007294534142866335,-0.0005946755826393326,0.024544144098076752,-0.002090272170979734
46,-0.004998659552171796,-0.004387422729565651,0.032406336530875005,-0.07582693987086588,0.018324117429096027,0.01894657150384897,0.0008556269164421391,-0.019181615267007072,-0.04183564369789277,0.003121088803333242,0.019639335815133958,-0.0021409513587621553
47,-0.00459972423276463,0.019569856346189615,0.21806869109402216,0.10929650488115387,0.019409514067639695,0.09364645761735875,0.004502412903806477,0.003993203549803049,0.043696177818778284,-0.001095472231015103,0.05682550599275822,-0.013267140862647237
48,-0.004998659552171796,0.009073382934849048,0.08213333831655437,0.05531765393764804,0.015395530637190655,0.06057148072231833,0.003128968722222647,-0.026959266658433238,-0.009906137126307099,-0.00011966337764975992,0.0319851605768953,0.009981083449921824
49,0.011357688543522029,0.007412490214735363,0.06412318465095233,0.03277532283356605,-0.002010611773588368,0.09539347815916893,0.0040394442789547114,0.01774124303380388,0.040491774532863574,-0.00106449410904913,0.02728330214200256,0.022915352944509616
50,0.014150235779372194,-0.017663731054174032,0.024716645483289897,0.011114400144505873,-0.00732863117660125,0.06787236674883815,-0.0003278335331832995,0.019525405737254163,-0.00712765818050909,-0.00021526895469753916,0.014729305245327435,0.03016114796806485
51,-0.004998659552171796,0.00039783053338197835,0.1483685529642511,0.0943117698822111,0.004257561950511829,0.08944536586902375,0.0006017273417592562,-0.04735914198989173,0.0054492799876022366,-0.000555189033339877,0.05987975866505595,-0.001757509389147183
52,-0.00459972423276463,0.009300112711738508,0.1602447266268052,0.0339390730704065,-0.01429566365867535,0.09116983695565231,0.0016683876324887364,-0.02964483396343545,0.06702244384125962,-0.0012774371493603424,0.05077848275664453,0.005519745987743327
53,-0.00340291827454313,0.002574129341379326,0.06098684258824711,0.0005124991902119676,0.023384683794164626,0.04543133579268853,-0.005047734410213031,0.015724548712698884,-0.00840048928973773,-0.00017228939730525706,0.029703054008409953,0.009331676262514464
54,-0.005397594871578962,0.03415843052448724,0.052245424722039364,0.039737071081859004,0.03290892481932031,0.0478735941512826,0.004153154188708125,0.035903294643978845,0.02683552765353813,-0.0009112514137221389,0.03473099122863221,0.007634011827325984
55,-0.00340291827454313,-0.10617928259966017,0.022299261624519277,0.03782971786265664,-0.0052444520143390405,0.022437804576766203,0.0018856785787931968,-0.024704689562635825,0.038466422391336665,-0.0010444830232430916,0.02015816721553113,0.019103253749294793
56,-0.00459972423276463,-0.12601361616971504,0.09103558299490963,0.13588916480917887,-0.03812897300053295,0.08712487512974064,-0.0034348660980024997,-0.11383556367424638,-0.026186006259937573,0.0007635460331294282,0.029567320416681732,-0.042510411571912085
57,0.01016088258530053,-0.08328082374276016,0.2282594689596839,-0.0037987410909631697,-0.030448678790351232,0.061931489543616,-0.0032294417408591466,-0.007508892100748207,-0.04255826494987001,0.003264400219133931,0.027608712429748175,-0.04439792506977876
58,-0.005796530190986129,-0.1603117763370127,-0.08187293354062553,0.10156949931669991,-0.04462033708775032,0.09602309265000061,-0.005262288943319451,-0.006242675183969809,-0.028258807121929883,0.0009480414039377154,-0.014402028982826068,0.010355909836044582
59,-0.0030039829551359635,-0.016454531269111193,0.08874760851761368,0.0883960839679215,-0.11121243409348704,0.0721502630827006,-0.0033715316961707505,-0.19779420801977102,-0.009627219869883002,-0.00013268297261547865,0.020448821184295515,-0.0033183508260960434
60,-0.004998659552171796,-0.17188536364899024,0.09291030038718914,-0.004575267112369092,-0.09659377449675617,0.05558034681086982,-0.001961593807363711,-0.04461081043256067,-0.04062735992624158,0.0027564722384103395,0.02883260462509706,0.03201394454947688
61,-0.004998659552171796,-0.09621906758658025,0.29100135120524606,0.012608151029579144,-0.013613094544033187,0.026871103915340536,-0.0011413799491600733,-0.11779836916832509,0.0018793809421669971,-0.0004736367779025127,0.046650023947326175,0.03765999964042912
62,-0.0030039829551359635,-0.01436179694627891,0.1491212834762248,0.06520082486103573,-0.02891108133380434,0.0821600160456306,-0.0011546130823253077,-0.18059215972233972,-0.001346216934769847,-0.00039216801063436793,0.028500725328486073,-0.013459219045197786
63,-0.005397594871578962,-0.04010819140486127,0.17101717757572787,0.023755186716062665,0.003197740416323588,0.07179996705889541,-0.002670299495673882,0.016405004657933597,-0.027011615729172527,0.0008379691413294498,0.02351799605026874,-0.01837072471392082
64,-0.004200788913357463,-0.1928236325033955,0.027865330413374568,-0.06775449019853665,-0.021769124716609634,0.06952642576786465,-0.0011190040046969978,0.0059232025001868666,-0.030610811681254207,0.0011828283200679948,-0.0017178313950216013,0.057817104831031356
65,-0.004200788913357463,-0.12450516783597418,0.022430705966414298,0.05019488133720561,-0.08032074832726085,0.07204042507752605,-0.0028762006638212833,-0.14256530767372844,-0.019925383194951032,0.0003349441854037202,0.013118997594591047,-0.0070684772241600404
66,0.009363011946486198,-0.24280906899640337,0.0015132669134398722,-0.09801287654183372,-0.039081932487446375,0.014186632770792632,-0.0012844692936686414,-0.007922492319951683,-0.029515904469563623,0.001059539841985063,-0.021425489903819178,0.011393898329562129
67,0.028511907278030185,0.008062847235875966,0.1276369815001855,0.09412505127965907,0.04495271753586192,0.1506851461764689,-0.00040638359157500607,-0.03417303695707656,-0.00912115868816618,-0.00015556677827827033,-0.4120140108271441,0.0018963822887910521
68,0.028511907278030185,-0.0007271204816088087,0.009631868114368333,0.16575229967525246,-0.036160776577493434,0.14434369338903572,-0.00028893322497873964,-0.039099577657848716,-0.013982049110514731,3.502423391532971e-05,-0.36700398979933074,0.009934783938149928
69,-0.004998659552171796,0.02596579426651314,0.06560918321878742,0.08274211960206176,0.015701559043286788,0.1201922005302937,0.004021573836065441,-0.027461093376958335,0.01046567596893849,-0.0006634388368574251,-0.5036036394899673,0.013107775577036329
70,0.028511907278030185,0.031001862953137175,0.03354036628701223,0.11079618407063616,0.0006403620144144473,0.10556427712512563,-0.0017350152867601416,-0.03864745248881722,-0.034320418992441246,0.001598869116151504,-0.6299815371569725,0.009081486677545299
71,0.028511907278030185,-0.1652691900756432,0.3375293546673285,0.17062833847142758,-0.08179810557839969,0.12274877293356282,-0.0017796604404996196,-0.10151602857684909,-0.032173448181872295,0.0012908913520352173,-0.1596552835703966,0.06472990451383552
72,0.028511907278030185,0.024774639679054695,0.18407528740994095,0.08097994317415758,0.006793717034925753,0.16902275637068095,0.004526698526055185,-0.038933739574095114,-0.03763497250735435,0.0011725862808971395,-0.40411272515750135,0.004424491223838882
73,0.0057725940718216994,0.005564091690320373,0.13318321352769674,0.17980488847601106,-0.030494818926688268,0.11289004740551259,-0.0013006300099056424,-0.029995335669028643,-0.006304163983161355,-0.0002546069534600022,-0.43174083613162384,0.02005916517266869
74,0.028511907278030185,4.831536846896248e-05,0.10298699964614591,0.11007021289692555,0.04704493676286185,0.12174468309711017,-0.0036266822092664336,-0.028387280760197194,-0.014454788643367794,5.369259315025534e-05,-0.4141398638140401,-0.012767170837575116
75,0.028511907278030185,0.026034249679582015,0.08451007077231278,0.10469403844939466,0.03833807339886775,0.1374447574221981,0.006412384755021443,-0.034447554938677426,-0.00414413301219838,-0.00031828935170116914,-0.46880198483069024,0.005903148621531084
76,-0.00459972423276463,-0.32125993775094586,0.4193632385582295,0.17634078729782593,-0.12133924899071379,0.11047506946601779,-0.002205928068612575,-0.13237954879253286,-0.0006859747124354607,-0.00041535895605313,0.006191026402996806,0.008573874516653875
77,0.028511907278030185,0.006640444286666013,0.2965765326700486,0.16640827828089994,-0.06727120533156616,0.11816811111720381,0.004117906449201268,-0.04981448745108269,0.020261307977213174,-0.0008262488120741751,-0.24445316342093384,-0.0026579445552074783
78,0.028511907278030185,0.02614430204173266,0.10847848940863332,0.11470480649024804,-0.009553130540436371,0.1202746485513724,-0.0012776944055855478,-0.044201905329066773,0.026764323150148088,-0.0009159134983181554,-0.4584009523846326,-0.0016544602473051702
79,-0.00459972423276463,-0.46751961128267283,0.4418821948595679,0.20734796581858642,-0.115633149496191,0.10932427746299428,-0.0050978902646724045,-0.19609214241653877,0.011644586107498484,-0.0006840871649857588,0.04621724918067627,0.04207255017605067
80,0.028511907278030185,0.014999635161179865,0.18624963879678316,0.11196204928851637,0.02769533321857025,0.146535366366166,0.006363035172398426,-0.03419538166848147,0.030960702422169275,-0.0009657637918218093,-0.37504846044929474,-0.012646579857761986
81,0.028511907278030185,0.022198472113217245,-0.07144671121562836,0.12877641955869007,0.026687291095694423,0.1477644366268122,0.00463219220210457,-0.026960650752420743,0.027164909486843157,-0.0009194053884849198,-0.5987432556938851,0.00239104990287047
82,-0.00459972423276463,-0.3401047509577463,0.1832907790226446,0.03205470973662271,-0.10952191624682923,0.057025326650022364,-0.0004023127396626072,-0.1534524032234908,-0.03648362035131042,0.001884963535719177,-0.07284148541203178,0.07180344184939763
83,0.028511907278030185,0.030056131932523066,0.07360480658956212,0.06955044690617698,0.027682711631306905,0.12057097519346993,0.0041882647724872865,-0.02537994749508548,-0.02672034045454028,0.0007976072704009741,-0.507352167222693,0.0033485169051966383
84,-0.004200788913357463,-0.4564055054968309,0.5042650616461435,0.18627788669794976,-0.07434847209782947,0.10737418416303365,-0.0014986876484437619,-0.18065549482751428,0.0008047316369141866,-0.0004512710172834901,0.01770129786872128,0.04821714362612677
85,0.028511907278030185,-0.30498389272037374,0.04669424775239466,0.06254244555238901,-0.09354939311140247,0.08115855969211444,-0.0006729953464276801,-0.045838327671413416,0.00825460883851307,-0.0006196817920899098,-0.2666985828166831,-0.05786753726595062
86,0.028511907278030185,0.006120989270055336,0.12511447982445847,0.11320924099835064,0.028346193889434986,0.1314740947294401,0.0017668778680483743,-0.03048593346910892,-0.008834482798464664,-0.00016536701367595068,-0.430052604824893,-0.007040301898895141
87,-0.004200788913357463,-0.012161400672888885,0.03702462334096562,0.0531396555601303,0.023365700182760296,0.12575793126874696,-0.004947565119478938,-0.02482988158707979,-0.0028085319313108383,-0.0003577155355067944,-0.4291102809372532,2.2718621282254797e-05
88,-0.004200788913357463,-0.09928128038534798,0.019223130673023725,0.07240929056940863,0.03348419746303845,0.09554484817442892,-0.00022564741329965767,-0.030495181508004614,-0.008457802983905277,-0.0001799376537499901,-0.4174652342253843,0.012140560981374511
89,-0.021355007647865618,-0.10955495203871013,0.39375991938175675,0.10802214804998878,-0.11570333183003047,0.09886938579178593,-0.003711153633488121,-0.09306368375129907,-0.028777996707036166,0.00097301324340376,-0.08971934377368418,-0.008300878740930545
90,0.028511907278030185,0.036533830649560894,0.08106446184131921,0.17355201972242998,-0.06527232444579735,0.13766819611937486,0.0048220598048680065,-0.051022404214698315,0.005245670745229483,-0.0005552881769370347,-0.4705464414192056,-0.0055838653377532155
91,0.028511907278030185,-0.02395556837271955,0.19372120651130734,0.08450670667522651,0.028535194407542493,0.13077342072027803,0.007666128425876489,-0.04713428472794182,0.03908099032335959,-0.001053402351321131,-0.2530223497543647,-0.004967300492886373
92,0.028511907278030185,0.03092310207126697,-0.019456670893911076,0.09358699423657535,0.038063411667061016,0.11868582820003777,0.0015952440798219,-0.028178531691449096,-0.005590489333683627,-0.00027524840828453337,-0.6219460158479482,-0.010058980291923859
93,0.028511907278030185,0.03600938965562395,0.12009972846596072,0.10805296215310459,0.03077532836688775,0.13385562224848474,0.006203748973912245,-0.03514523573275162,0.03846529164029107,-0.0010473592026836594,-0.5212085409354927,-0.008220376999065943
94,0.028511907278030185,0.029692655605348027,0.07318903625082872,0.12954586781705424,-0.009069123816585237,0.10007914287191978,0.0026284551315825188,-0.04575233498172004,0.005470361142379843,-0.0005611940524330528,-0.4856300597636423,0.0014332013608184787
95,0.009761947265893365,0.040221804586299495,0.07826697300931885,0.1393521781291746,0.042833650868900675,0.1485724267781089,0.005043239828608359,-0.03176088178044495,-0.009884466927781079,-0.00012772266634457715,-0.5058582271172846,-0.006899195709114329
96,0.028511907278030185,0.04092769658612409,0.12910338607170124,0.14122073409809605,-0.054384406503995286,0.13037698336541967,-0.002981609251893148,-0.03319348232810794,-0.03963594479018171,0.0024028093208573616,-0.5034037611646223,0.002350421343153511
97,0.028511907278030185,0.02899330764590013,0.04878242010463181,0.11667042600415081,0.04467658919429414,0.12306677554125207,0.001396447627770633,-0.03433430912228911,0.03446706055866682,-0.0010054722289071349,-0.5097214468312623,0.0035783337161480423
98,0.009761947265893365,0.026611417600545636,0.10965440169585994,0.10443939556347223,0.04776722685655079,0.1402397802396222,0.004986911564500958,-0.034130752195019445,0.02280481246702233,-0.000861619921288916,-0.48110445134305163,-0.003970385846330873
99,-0.017764589773201122,-0.03162071249399609,0.24333578000129186,0.14386002829636493,-0.04443993738732212,0.1468837883461394,-0.00016926950699166902,-0.030169308827527285,0.003372896294247271,-0.0005134001621009911,-0.32299826561408845,0.016211306331718373
100,-0.024945425522530117,0.0016601494100929267,0.16843544801530294,0.11815925490303134,-0.04203559040761763,0.10634572036734559,-0.005287283094837279,-0.03755513356668961,0.010470061409905662,-0.0006642552707850161,-0.26993735261772733,0.006169145439057012
101,0.028511907278030185,0.024884129791289615,0.08286530568531812,0.14055506301181417,0.04539835734916343,0.12375044059212803,-0.0018181600024767847,-0.034714794605358,0.010372494796324391,-0.0006598843599712547,-0.4768300842328503,0.0213369175282326
102,-0.00459972423276463,-0.032377830914595,0.09519787994399008,0.12792483122964599,-0.007323497366550732,0.09933370193692326,0.003759166922672333,-0.03713817796790195,0.02993195902631429,-0.0009538841961127326,-0.4232675166628768,-0.024919027690747123
103,0.0045757881136002,0.03287644285037751,0.10790683603307506,0.04516686102557004,0.02412814467052134,0.12109862684704086,0.0008972612620182073,-0.034540873882482746,-0.015539855902453971,0.00010431795401562402,-0.47267188708395114,-0.009228618723979613
104,-0.004998659552171796,-0.5192509840648876,0.42447173889557843,0.17602986222577185,-0.11882245267207434,0.1012377166609144,-0.0018954472708212853,-0.1846979383007269,-0.002071126058992124,-0.0003745184757717538,0.021095811644520568,0.036123405972186065
105,0.014948106418186528,-0.14932940268144193,0.23513180979490297,0.1525749690873055,-0.06745813360654769,0.11785870291971469,0.004145272257085729,-0.06100773123217326,0.027870741835732456,-0.0009279127705749191,-0.08338873437891876,-0.03147331215409804
106,-0.004998659552171796,-0.02037844003591719,0.15950841433628338,0.1092895625666034,-0.006059593895864709,0.12499643432910809,0.0061506260830681775,-0.05106673961434104,0.007061097386417591,-0.0006001565797782024,-0.3304002994926989,0.005113050090465295
107,-0.00459972423276463,-0.2314170971774388,0.28900245431897226,0.1855842018289056,-0.0681143182099034,0.0986968378122203,0.000582312029297739,-0.04833025012878861,0.0011666039246535419,-0.00045988484012393367,-0.08695322931673312,-0.05532021479908654
108,0.008565141307671864,0.03352917148329385,0.1242317045178226,0.10588376292026715,0.037245322279081935,0.09355319156850564,0.004329872000276523,-0.02102941379297752,0.0008313422013140612,-0.0004527984344840239,-0.49005065639819123,0.005537680265875119
109,0.009363011946486198,0.03242887261849229,0.09613282547239084,0.1366398406077268,0.04365920575216827,0.15564553221530042,0.0004722939115442501,-0.034476401499881196,0.0045552003582372816,-0.0005417473948298873,-0.4856156694944044,0.020009940395525425
110,0.013751300459965029,-0.04996385054452876,-0.0253289369426844,0.07939707001739255,0.04423468805382638,0.14184214700264702,-0.003924846185566127,-0.04156470618137425,-0.019219516865278403,0.00027265730859939467,-0.5113091652725638,-0.0067447093691607556
111,0.028511907278030185,0.023324385979841007,0.10942278438975757,0.14385588765431057,-0.06845197307569992,0.16816993048242695,0.0005550640684436788,-0.027562145581796375,-0.008105224847760321,-0.00019158619532443587,-0.3950262343588296,0.0012425945381710705
112,0.028511907278030185,0.028959606694311083,0.11979624416359722,0.061726544155775886,0.004268681715172249,0.10411564053989648,0.0008311244781699167,-0.026129869085465274,0.002880494146434183,-0.0005045359703579656,-0.46216517220723274,0.006343357273325137
113,0.009761947265893365,0.03496512374439898,-0.028204593041378956,0.13604447599514727,-0.023928382365588776,0.12632615967733377,-0.0019043280394469982,-0.05120442489127534,-0.030275731684292116,0.0010404687203348405,-0.5567533351910379,0.01728632908136019
114,0.028511907278030185,-0.009403487518097288,0.17646955255924793,0.16911276686375107,-0.030773989402917958,0.1316990148754644,-0.001144914814707452,-0.03316068505396942,0.006609801513050933,-0.0005848939859683679,-0.32807863311332547,0.0045815395876125245
115,-0.00459972423276463,-0.10050012682858525,0.03657105209540738,-0.005837324534761323,-0.10527190430428116,0.026277134825643013,-0.0024201087912135467,-0.11331604274964038,-0.03869197626562322,0.0022469143011895525,-0.20401614313560476,0.008809980228398939
116,0.028511907278030185,0.009147496690723915,0.07223694878965696,0.08654721732324487,0.0247833396750507,0.10554154032156118,0.003768761070340162,-0.026183464498489285,-0.035172539920161866,0.0017157056890209077,-0.5415492913842754,-0.0028092297666372445
117,0.028511907278030185,0.03199842643359328,0.09447039498373418,0.09103591482619713,0.018480290218906976,0.0925234605136942,0.0001655156373511292,-0.03394397580240396,-0.029599594330515545,0.0010547887399261213,-0.4910405775755617,-0.012031807317534097
118,0.028511907278030185,-0.12405644810232037,-0.026458730532047493,-0.0035512939811936832,-0.11772235418262803,-0.1002148502799816,-0.0031345145364859404,-0.022254830822364707,-0.017816401593201175,0.00017240641822859618,-0.020679412275159084,-0.0008757450342839985
119,0.028511907278030185,0.009001930029823716,-0.06714598094166405,-0.022158221902446606,0.0430769917044153,-0.11526332835716399,0.0011544834174848449,-0.015525194256729026,-0.0045690969928871795,-0.00030421457629550445,-0.026799723386137928,0.005640112608851101
120,0.028511907278030185,-0.007875009424935126,-0.28240249640428366,-0.017070780699271506,0.0432246140433205,-0.08329652219033445,-0.0004243538333309719,-0.023196910567614002,-0.03434475619105755,0.001543235681807288,-0.04508232160493673,-0.009582163420508754
121,0.028511907278030185,0.015603128864866013,-0.1842688341406872,0.008723215688497982,0.02049095089456237,-0.11341234116391485,-0.0038277915988400527,-0.015535904587329143,-0.0027416131480312743,-0.0003581414797107935,-0.038777771610181505,0.0005763860388307657
122,0.028511907278030185,0.010414424772034468,-0.19159252289269812,-0.04641542919128933,0.01670567571106791,-0.10866756308410845,0.00021085882732636664,-0.022669999907273315,0.018032355524002463,-0.0007916900465561649,-0.037735004207660384,0.005334983968262623
123,0.028511907278030185,-0.010036510907537814,-0.06452345160536653,-0.038290009689897896,-0.027946352044633006,-0.098437216834737,-0.004358045794641221,-0.01906251217617047,-0.024603069309992336,0.0005909000628055648,-0.020513297652042344,0.011434438300389437
124,0.028511907278030185,-0.06347339504697411,-0.09128351864617944,-0.03318514395971492,0.024977331485973697,-0.1093369485157809,-0.002005884889902078,-0.022671184484845938,-0.03541621228032192,0.0016987107385680253,-0.04608016564510704,0.009073160212873865
125,0.028511907278030185,0.017388249281919337,-0.2850959555040908,-0.04013701897250448,0.003676080687913949,-0.08091224424654561,-0.0028715031343757584,-0.019175896932826654,0.00667654200194494,-0.0005869731678670209,-0.06753528757875848,-0.00669339308231739
126,0.028511907278030185,-0.023205882937542544,-0.17922775930312518,0.000895787074556565,-0.01023166511313226,-0.09669055716342592,0.0008384965381825353,-0.021848612077544842,-0.012769394786849415,-2.343745598235287e-05,-0.041878219789132025,0.001852367201301424
127,0.028511907278030185,0.004870962672265629,-0.38203499317881434,-0.013926737190734038,-0.01323418513607028,-0.10766929812303672,-8.897591398502819e-05,-0.019676410387330274,0.03445372839838706,-0.0010053841845436406,-0.04119142540558189,0.008731108347839646
128,0.028511907278030185,0.021551203765363514,-0.19704926084665134,-0.003866997125210141,0.03292028477488107,-0.14138267986529102,-0.00325606756967508,-0.02457935054680944,0.0010197994319603048,-0.00045783894144330164,-0.03369062903484263,-0.00964970804507036
129,0.028511907278030185,-0.08367641362719232,-0.16004992500264859,-0.02893997654399132,0.022317194084938253,-0.07793432119247588,0.0033701650500880123,-0.022340814324124773,-0.026872081177208598,0.0008037742433371246,-0.028495356764826674,-0.0133673983054336
130,0.028511907278030185,-0.1553552279072729,-0.22467894982860737,-0.028584574860030274,0.04173533426374953,-0.10895475285172514,-0.0027111118243421466,-0.019881119531111432,-0.016912098776438005,0.00016961660490777235,-0.05980495920495213,-0.044997289032373614
131,0.028511907278030185,-0.06154283693634639,-0.2226324797281465,-0.02370625701471291,0.025254865678927544,-0.097985983749629,0.005970633427759158,-0.01496383480494152,0.020997086536908707,-0.0008360610532596708,-0.046667501590612386,0.004001581770322787
132,0.028511907278030185,-0.0214106722788781,-0.24691825690544808,-0.03155665997879675,0.02864449627618952,-0.09871979134140683,-0.0016193737021591651,-0.019130890764354997,-0.022826957175226502,0.0005078420731563794,-0.038350271519255186,0.021044237683144645
133,0.028511907278030185,-0.01822264453257084,0.04267349972976879,0.005096238879388629,-0.018018990082259226,-0.09024723331455121,0.0010927031717820174,-0.01823534621625613,0.008668859340490258,-0.0006284135858111539,-0.01554947090892289,0.005818768657220996
134,0.028511907278030185,-0.06527630743512211,-0.17622039023217853,-0.011869843962058707,0.04806683807579772,-0.10886689716133507,-0.001832019333906033,-0.017393342344656317,-0.012796831453188107,-1.4212671321472008e-05,-0.03606849493820445,-0.013306286253744458
135,0.028511907278030185,-0.006289569893450605,-0.1988895820334268,-0.043460505832804024,-0.026958899029165644,-0.08864825106345464,-0.0016667053049431225,-0.014385029595958429,-0.015277560440668822,8.673550934163385e-05,-0.03690939828169415,0.004550137463297322
136,0.028511907278030185,-0.011159251979215077,-0.14844938666940893,-0.07537382838388017,0.02729450465469642,-0.07884956700280617,0.0008926781247824906,-0.017926223691416793,0.0033986792631560824,-0.000514783367337146,-0.030726717745410873,-0.004015856802487462
137,0.028511907278030185,-0.0005819850335177548,-0.2704440159975993,-0.0013241875688886644,0.04235680630537164,-0.09089992926539937,-0.00039070481534968324,-0.016927213769270515,-0.011680364946664227,-6.078497438130034e-05,-0.03623503418917877,-0.012443503858741899
138,0.028511907278030185,-0.03233158038576176,-0.27442565203900116,-0.030636189326569,-0.019964514262842147,-0.10719257041088612,-0.00532450337332458,-0.02109262020363379,-0.008639646627596349,-0.00017466638574395202,-0.08118779101538187,-0.018326933021313777
139,0.028511907278030185,0.037244735419140966,-0.1733950268022001,-0.01853559722145312,0.04321907402855914,-0.11770933893207301,-0.0013073191328934514,-0.014440767616841061,-0.014608479876760219,6.318819878450428e-05,-0.01381727709701143,-6.723422618762318e-05
140,0.028511907278030185,0.02899705692308084,-0.03490156881703379,0.0023545678633664726,0.036246196499680354,-0.121386528400434,-0.00566631637293861,-0.01723494681651548,-0.013299366648533612,4.04929148446551e-06,-0.0006643549890790665,-0.0018744831856582257
141,0.028511907278030185,0.019908761569452007,0.018848287285328003,-0.024550343455786477,-0.0988171757785181,-0.11299374036790094,-0.003821100063913395,-0.018815913640961225,0.00473656009768017,-0.000548026120631238,0.004491089759421625,-0.0007475884733588212
142,0.028511907278030185,0.032942050910007126,-0.23647798778177959,-0.03648867450192404,0.016620745226028022,-0.1040730241425663,0.0045255670204247134,-0.017420813814878793,0.043314154529458596,-0.0010947545808227706,-0.01640852096863664,0.0023013291605796667
143,0.028511907278030185,-0.10363364910334122,0.044319388756715934,0.026754856125629414,-0.0691871232310119,-0.11905080710209318,0.0011818376896622059,-0.015016928057541354,0.026945478400625368,-0.0009182354832524012,-0.013047070737096418,0.0022856743318591718
144,0.028511907278030185,0.03288815910674966,-0.33886636355341815,-0.03471616740742836,-0.04601801395630074,-0.10565914739643445,0.005894557057724605,-0.01988838539467715,0.029983178199855007,-0.0009543364827800251,-0.027411831730695467,-0.005540709206670968
145,0.028511907278030185,0.041294372993051,-0.2947959072268778,-0.04155552132125159,0.041969921682105706,-0.1237550583540043,0.002727848696708833,-0.020867041461859373,0.020478116420246974,-0.000828504504739389,-0.029542980640923748,0.002555019380025758
146,0.028511907278030185,0.037231824447798476,-0.24966658390420524,-0.018487110841620746,0.03726773775672173,-0.11521038203990216,-0.005009600163557322,-0.016306374833590095,-0.04702634144616896,0.004904919702911186,-0.019386668269666493,-0.0006302241937811312
147,0.028511907278030185,0.03184494788673026,-0.17769283772054553,0.016470035593955084,0.05089941409630161,-0.14652883379529014,0.00042944612560024455,-0.020611343223560386,-0.00683131037492741,-0.00023332197779609673,-0.01361574284602514,0.0027891142556238043
148,0.028511907278030185,0.01881240442458612,-0.07617258566916077,0.021553920643883638,0.043438808449092266,-0.15150616568289468,0.003283188793200698,-0.016906465834535644,0.00395524072255265,-0.0005274832180036501,-0.012454467937223953,0.007179966031249023
149,0.028511907278030185,-0.17138503004688263,0.044986003391276695,0.004737615079090105,-0.05301084138299533,-0.12849294759752403,-0.003556885533001946,-0.012987729745872924,-0.017900722270833593,0.0001955616328832599,-0.018280857962877827,0.004386264474288971
150,0.028511907278030185,0.015997815139836315,-0.12763037682469833,-0.03301500831512262,-0.05452792517493052,-0.12209180948638974,0.0013930089023617496,-0.018525335121114487,0.007060492498983831,-0.0005959707334332928,-0.0068351725046028496,0.002162175930795412
151,0.028511907278030185,0.02805620220873414,-0.177356688767949,0.003730369324879028,0.011420974102662188,-0.1308189248996064,-0.002308874176124529,-0.02185440656682812,-0.010208764436148468,-0.00011954252253505307,-0.014073661962204794,-0.010991663214387083
152,0.028511907278030185,0.009765439066146093,-0.11310142808763043,-0.018162691140868954,-0.04581927403111,-0.11427322172446888,0.00037658329758781203,-0.021902396787322698,0.01599367388126111,-0.0007599784455837201,-0.024827125448684668,-0.000642667436695802
153,0.028511907278030185,0.032078210233590025,-0.14099144884618942,-0.001531770808280149,0.03982405833344565,-0.09637534261421528,-0.0002503398422052608,-0.016034130291640945,-0.012157162222722645,-4.137724660655415e-05,-0.009099575461991851,0.0032195612484237583
154,0.028511907278030185,-0.024138129589728954,-0.16924803510880576,-0.008856191542540979,-0.03122346516879818,-0.12612404410187517,-0.002199403204059619,-0.01903225428464527,-0.01453350632371878,4.390635020980863e-05,-0.026514723675391684,0.00915307512458189
155,0.028511907278030185,0.030221016613070844,-0.030464729870483397,-0.03501601176149588,0.04577298222753873,-0.09592469983868064,-0.0019112555289554254,-0.008868039855582927,-0.03807779106198826,0.002199835600885344,0.0024264467543808708,0.00356198089983479
156,0.028511907278030185,0.016421329334283672,-0.07822110346256836,0.016359780721253665,-0.014560718392599483,-0.13288568406670684,-0.0006179682620595202,-0.02085798268538918,0.009779419045696448,-0.0006506803253910786,-0.012908582099331678,0.003788889752103255
157,0.028511907278030185,0.03342925085283965,-0.13203826259095977,-0.008750086232100319,0.043654429083484166,-0.11541322430161804,0.0003079620721070093,-0.021380494321520237,-0.02166725378627078,0.0004312714962007806,-0.00477885142119073,-0.0001660953698973321
158,0.028511907278030185,0.04478858537250949,-0.18213505292527102,-0.037785199881436894,0.03841061740998478,-0.09665491628518906,0.0019879761259758515,-0.01398927980336366,-0.005142027561694518,-0.0002879397363786603,-0.016064068213027093,0.0015101146551677034
159,0.028511907278030185,-0.0677175313233298,-0.060114202595922255,-0.00113425702675497,0.01908809385183469,-0.09351646407323431,-0.005074061490560087,-0.01907926722367848,-0.02137946671683037,0.0003923513474188471,-0.0073601539209372955,-4.798424452603106e-05
160,0.028511907278030185,0.04594381518917304,-0.3515718605677576,-0.00806666442992262,0.0409130466083913,-0.11920405002220562,0.000486918299594591,-0.015990598390149775,-0.04073289955721295,0.00264374643971595,-0.041120622231752044,0.01040073188522566
161,0.028511907278030185,0.026993364273242934,-0.15314372181648822,-0.0015015372155649735,0.03793891900603722,-0.13356336320844217,0.0038332623885709554,-0.019800595038027943,0.01930039101599471,-0.0008110002340361904,-0.007292951737483556,0.0010613787075819078
162,0.028511907278030185,0.03322343048863943,-0.3076192359281615,-0.012288009977568539,-0.012343401863455818,-0.13642726384196585,-0.002916180918993519,-0.021819023936810483,-0.005928481837486102,-0.0002649210974616324,-0.022974994873865805,0.003695939155401577
163,0.028511907278030185,0.04247769742440904,-0.30289348697363816,0.009278221069722826,0.041504537029268214,-0.13816730399795524,-0.0003645991233493829,-0.016238767846711247,-0.041078228839793354,0.0027770668794941836,-0.012629198610751688,0.0016672622889747318
164,0.028511907278030185,0.03955587214690181,-0.18835210842106168,-0.04452779353414889,-0.023820973424564264,-0.09321154476268519,0.002069725560746089,-0.01586839498536425,0.003442543953139075,-0.0005157146016262062,-0.007605069244882282,0.003304706981020463
165,0.028511907278030185,0.030197697493478587,-0.11080534128091585,-0.0006260057882864169,0.028566413826338923,-0.16471474331751357,0.0013969268062348974,-0.024068625503115795,0.015639514890753093,-0.0007530543348426596,-0.0010528458032902533,0.002240725496702462
166,0.028511907278030185,0.040974796660432945,-0.33995639004110667,0.015124699300692027,0.047507989463341824,-0.12444781595272189,0.0017917223475850499,-0.020170279893624618,-0.020495939845989113,0.0003603034134849636,-0.043321803031047545,-0.0002648290166239009
167,0.028511907278030185,0.039585569302195873,-0.20070215214601322,0.012636508504908222,0.04528878860807348,-0.14166507500543637,0.0017554296432715699,-0.022588266419586157,0.003570453688772604,-0.000518090628644105,-0.01000155457350208,0.0012537840224270502
168,0.028511907278030185,0.029630155324347738,-0.20231794820912757,0.0033874621557785298,0.048796515067783326,-0.13749644185217622,-0.002758190304936041,-0.01557976050074343,-0.004743370272535239,-0.0002995243714192772,-0.020862637004871926,-0.00011897421441845728
169,0.028511907278030185,0.03268275349973973,-0.12466652072584691,-0.03426102638928536,0.05014545108961395,-0.08209987435643847,-0.0024459980218961737,-0.017441108820117637,-0.010145386357370527,-0.0001193017286464181,-0.005093426110097621,-0.00032943399163966764
170,0.028511907278030185,0.036749013925925084,0.06572937999738218,0.058711614186017266,0.03704901556087126,0.13676243366883709,0.005659980565802442,-0.029128260357553455,-0.02781581397923564,0.0008732667965189465,-0.5163206751770418,-0.0008125183831655648
171,-0.01696671913438679,-0.27496155974969355,0.23046202666964255,0.17821310456367176,-0.08082127862126409,0.12776343133903115,-0.0011583844680574092,-0.08919035652147353,-0.016940932890660242,0.00017238558469381753,-0.07523625176977985,0.035859995562377324
172,0.028511907278030185,-0.013588106662131828,0.00701009608962509,0.13747956201060052,0.019157779031737307,0.12048110922684932,-6.443461410298105e-05,-0.04025065628467302,-0.015525285714706497,0.0001028272040741291,-0.41932616034206804,-0.013232191416167494
173,0.028511907278030185,0.029899167646806727,0.20815410080658883,0.14363014957906123,-0.09090554022421789,0.2203440519346712,-0.002715059555029546,-0.07240686262472773,-0.00819688246658586,-0.00019352992746263077,-0.3819626324002781,0.009799247332033093
174,-0.004200788913357463,-0.4185735047905616,0.5150576776810081,0.04855581071643152,-0.18036161519961172,0.101106171126189,-0.0018840282786350385,-0.22282116154251483,-0.007400880084567543,-0.00021277573158714867,0.04497322223562222,0.02210657032060378
175,0.009761947265893365,-0.018358350311687734,-0.07523693605451182,0.028021413509297953,0.04505303493697864,0.12364678572401515,0.0006429327584779518,-0.034674293508639875,-0.03246677624633331,0.0013247169798975313,-0.46809409396895535,-0.002979088706065409
176,0.014948106418186528,-0.0030639254742127766,-0.03156576034237013,0.053017509145137295,0.006205881015872105,0.09403439325649281,0.0007654207230676022,-0.04680890488780511,-0.04674143961941126,0.004415213680258996,-0.276674975860943,-0.0022897645177230126
177,0.011357688543522029,-0.046851461328373915,0.023672144887476525,0.15195939750848594,-0.036051639992439814,0.140249240589343,-0.0035030230320951396,-0.04811956102581546,-0.01543751297855132,9.354176695124895e-05,-0.255885103118871,0.014986609604646267
178,0.028511907278030185,0.03627387387171305,0.09067701941334196,0.08745210441696157,0.034940779465446485,0.10461904806020425,-0.005403978707296579,-0.02818712143983097,0.02356115617740025,-0.0008721421303460759,-0.4523433297114422,-0.005601787298047412
179,-0.004200788913357463,-0.016505389772002485,0.21244834183869327,0.21096793797524513,-0.07498919455608431,0.10683606793190906,0.004205971082195626,-0.04961723831233165,-0.0017882060671233668,-0.0003865230512105216,-0.23442423620560013,0.013950473800796158
180,0.01016088258530053,0.02915762011896978,0.14745613021929566,0.056727927611085846,-0.0680676689985642,0.1418089296469423,0.0001679250568266112,-0.052509833474316585,0.013984360565762957,-0.0007428624995754033,-0.47098019710426314,-0.003916052153434839
181,-0.008589077426836294,0.03962136463939883,0.0479135079067479,0.0909817901420843,0.048006752148177435,0.10044377445655334,0.005558355223618488,-0.026891627200672397,0.012616069494087447,-0.000701114885011955,-0.5424552651984018,0.013936544103370144
182,0.015347041737593695,-0.028367009260051465,-0.033542906012946655,0.09173942758224539,-0.04739855654419785,0.16493017406143298,-0.0028159506598119844,-0.08007551216024422,0.003503360620680893,-0.0005162885159859916,-0.3256767259857599,-0.01744921053431629
183,-0.015370977856758124,-0.1724694523630256,0.22932492931087375,0.026662867436207615,-0.018643148559286424,0.10929263882741032,0.0023127264682965914,-0.04593735965649857,-0.031868767315630035,0.0011399962924649085,-0.12186467281916175,-0.04696085136051203
184,-0.004200788913357463,-0.03787398184569583,-0.08676816003216711,0.08194016336856232,0.04236450378119036,0.12141414732052686,0.0011574312518477746,-0.03913787201408391,-0.0200668131294827,0.00033896745601900356,-0.3873329744959416,0.011224737601852018
185,-0.005397594871578962,0.017859149177006615,0.026278644620638676,0.10785229856361178,0.011010268650237609,0.13757878511187338,0.003426619586866863,-0.041320528619516766,-0.007257597234193905,-0.00022603084248196402,-0.3993605012204271,0.004531831957521098
186,-0.004200788913357463,-0.24318630079735984,0.38377157216755714,0.1549427886283511,-0.13876723318254094,0.1285767865079893,-0.006273508833134012,-0.09109593117003875,-0.013127318343386088,3.926876569097222e-07,0.006492310888175435,-0.048249545824263565
187,0.028511907278030185,0.019634616992380387,0.13524644924622004,0.09218917942150152,-0.07816438029547708,0.10182318009966417,0.005326309896905473,-0.05843826524680884,-0.035008632179181515,0.0007916080533532924,-0.4427869806027328,0.00625951593035268
188,0.004974723433007366,0.036339370017038956,0.0990373655001284,0.08779013328742084,0.031231177530759713,0.10253282886249257,0.0052035258143668444,-0.023859043971302563,-0.006965487703324495,-0.00022782837958782327,-0.5244776558702159,0.01470679042054312
189,0.010559817904707699,0.028693770116705975,-0.0154758045170307,0.057507152096463336,-0.0012108103469780271,0.12215714387152607,0.0031627777051608775,-0.03732852972690193,-0.011406381253025915,-7.854497640955371e-05,-0.5842551066381603,0.012128382290457393
190,0.009761947265893365,0.029343259419549815,0.07378673586806364,0.19704611546884448,-0.06564124938750412,0.11011867478401002,0.0005282486447054189,-0.0474623823207033,-0.01240478196205492,-3.093277867405639e-05,-0.45097565773236237,0.0036644717281591934
191,-0.015370977856758124,0.021686125809647617,0.08264211897245774,0.12863742070840048,-0.0647289498885504,0.13756588594973385,-0.002959425766622523,-0.04208566223576875,0.01646749553207497,-0.0007669373405143437,-0.45975064977048163,0.010631336910901032
192,0.009761947265893365,0.035187903768736165,0.030657965854173994,0.15118876441115492,-0.07644401173302276,0.18438418431795978,0.005136773155209017,-0.06359311752489102,0.003910593775686216,-0.0005261529833370728,-0.4668698008873835,-0.00243845909220156
193,-0.00459972423276463,0.024701989406544656,0.09877381619626606,0.07587217593636239,0.04610996444084392,0.13057852721737975,0.0010672238795105225,-0.04298537598693333,0.0087801550546508,-0.00063124446602193,-0.4379076491619128,0.019474705329075633
194,0.014948106418186528,0.016091003911824137,-0.06673333854904524,0.18037626662760506,-0.04292213465345609,0.11744160862167785,0.0006025424995050238,-0.03502446504298533,-0.0005965778536361971,-0.00041846268528865344,-0.3848098787575902,-5.2889709996791165e-05
195,0.010958753224114864,0.0302310820508756,-0.017834477420430705,0.09956517375975192,0.009546656100972203,0.12593744425123876,-0.0030399909393892875,-0.027283872691760372,-0.005558144853088072,-0.0002748733441979912,-0.6240663464309094,0.007434327973423584
196,-0.00898801274624346,0.03446606564358465,0.04512326833455396,0.12022965198431455,0.05638547331326671,0.11691727087533431,0.0017539245577729904,-0.02763202793756743,-0.038754392182049735,0.0020096584150656265,-0.569098535023746,0.001358761563717022
197,0.004974723433007366,0.02661852219694724,0.0967507138481752,0.08804652890843002,0.04642927962252021,0.13955238028484312,0.001455153045725203,-0.03059369804320854,-0.014896981608059679,6.050438865818236e-05,-0.4889190102039775,0.015658780993718212
198,-0.004200788913357463,-0.3273391678799341,0.3274811153195564,-0.02377195220317879,-0.07553582980347509,-0.00465400019207311,-0.003817605109852196,-0.07260316025646667,-0.029050246432080234,0.0010181965718857983,0.047113180715160796,-0.07246542622157821
199,-0.0038018535939502965,-0.10618316500304449,0.13072353111589316,0.12988182127296619,-0.07231156337222136,0.09098435755084473,-0.0017291608292812834,-0.22471806032765335,-0.03495552723396589,0.001698292936768106,0.008985779857139765,0.027063794722367487
200,0.021730006848108357,-0.2272062065058137,-0.2743853084901975,0.0906395908038524,-0.11719179498379947,0.09893249882718812,0.0017058649401377475,0.023979155951148856,0.04439156496172198,-0.001102017151028136,-0.12743794580983833,0.13121716624357324
201,-0.0038018535939502965,-0.06478525875397975,0.1528593284211706,0.029686358232758496,-0.03221089409597599,0.08416096886084339,0.00797716521438191,-0.07294762098901007,0.044769454544663204,-0.001105374730088715,0.0032990884044023063,-0.004429039948236363
202,-0.00459972423276463,-0.06358357099711104,0.06201728199268238,0.21292836334959248,-0.049702945918836984,0.12247951916226542,0.0015209993699901877,-0.16540939193591883,-0.009851041156091733,-0.00012637600733143183,0.04131792627722468,0.009055019060520395
203,-0.001009306358100131,-0.10783224084476334,0.3020515507616001,0.09847077802579797,-0.062449685650515396,0.06707042907252884,-0.000987709649710986,-0.03716472783829067,-0.008258567240084155,-0.00017895221991692608,0.027877547485123236,0.00029471382607231433
204,-0.00459972423276463,-0.12388974894073493,0.08073236219882517,0.036493891173675616,-0.01877066306679172,0.12528927874368762,0.00018503375502891878,-0.10820603815777441,0.015772838777327516,-0.0007538761035232925,-0.0460663589830409,-0.05190756718511688
205,-0.00459972423276463,-0.0359491847528861,0.22589136368012688,0.16284416682765815,-0.04001461300044373,0.10040483390953875,-0.003880339848856144,-0.15026924085999754,-0.02078350812303554,0.00038270681264811483,0.04538342862275851,-0.0005993379676389955
206,-0.014573107217943792,-0.07565464564979993,0.4250977419204113,-0.0007508384185699057,-0.029557492293539968,0.048828628687767946,-0.002324712637609236,-0.109166052633736,-0.0033156581449647255,-0.00033551538231197335,0.06407854451216206,-0.01671445989792261
207,-0.004200788913357463,-0.13898124308157872,0.21917925813595307,-0.009412324675554407,-0.0720649726825667,0.0010752208177788349,-0.0012470643140480681,-0.046503105550403594,-0.015563504711553726,0.00011532820372331676,0.024889111371550837,-0.024851362207614785
208,-0.00459972423276463,-0.028747187531292413,0.24745899275903585,0.18606817722942987,-0.040295106226809346,0.11157143120500113,-0.0009053477123468659,-0.19935781359462726,0.005470083052429997,-0.0005583211042114382,0.042356524675148645,-0.014579559509021095
209,-0.0002114357192857981,-0.06310301568260454,0.24969022702425378,0.08804451378926006,-0.014616146457037587,0.10616681523569597,-0.0010709874629253745,-0.023339014247428465,-0.02270914249242088,0.000513437404216523,0.03804524675855948,-0.0018849183006405402
210,-0.00459972423276463,-0.03220094587802158,0.1276006940658946,-0.056682077431344055,0.017389843468388566,0.04240100006831136,-0.0006400014258786554,0.03846543799156108,-0.0057500381935720775,-0.0002594794327780827,0.01251817855173358,-0.004792665987982035
211,-0.004200788913357463,-0.051345597197710195,0.24434452442176233,0.08489670322018841,-0.0029436238699650486,0.09624395820647623,-0.0014542984218244236,0.0006769737873082447,0.0034502941725972906,-0.0005093457788822172,0.04928219031227321,0.01407578274107235
212,-0.004200788913357463,-0.04223866613440458,0.3503296794080902,0.014613735880351064,-0.05731534411533413,0.03143770320494706,-0.004240394582594613,-0.10158234985514104,-0.039727976689886334,0.0024911956518219014,0.07144007786436608,-0.028378206159147535
213,-0.014174171898536623,-0.013791074302570521,0.3135513562941249,0.10742421643588211,-0.014734370480479052,0.1299084939882231,-0.0051102980804560594,0.009746269020065422,-0.01614906666157059,0.00014433918408042362,0.053970036430427616,-0.0033903239959812196
214,-0.005397594871578962,-0.2715007528437406,0.374921220242016,0.09489972419896972,-0.07468507040008683,0.0867258261037301,-0.0003925351314791873,-0.11838111685533627,-0.020399180506651397,0.0003652002836238413,0.05930682817776698,-0.003370088851810617
215,-0.0038018535939502965,-0.19422503323170068,0.1302202778274014,0.1908889549024108,-0.1030586254852603,0.14483474985111192,0.004241356732270109,-0.1891994212030687,0.04027110980170464,-0.001063941985983541,0.047202153979839616,0.03836397708231063
216,-0.008190142107429127,-0.020198413083327243,0.29056184008244784,0.1311257202139039,-0.07494990680482831,0.14402170071866896,0.00499785737219576,-0.1846340636879644,0.03693241850572675,-0.0010296239661983968,0.045399230501457756,0.0029837335705535516
217,-0.019360331050829786,-0.05629285351152329,0.40151837559167647,0.11188243121977662,-0.017483886229646004,0.08719998952850928,0.0025164382876107644,-0.11630322866452854,0.033945811061701546,-0.0009968834704652764,0.05927383213078143,-0.008021983411641502
218,-0.00459972423276463,-0.03604437788898028,0.17696523550388502,0.1195735594416215,-0.009002615340826253,0.10988192615335915,-0.004013793996116662,-0.06204632418683411,0.021549484114907893,-0.0008406254928212608,0.04903018596302127,0.004960288528327522
219,-0.00459972423276463,-0.01005560452340982,0.4435579657972211,0.15611355585309478,0.0017414777501094517,0.12281105709849309,-0.003078732886882997,0.0103535195475655,-0.029909312538407864,0.0011081428597665025,0.06596655296637241,0.0020947310502202436
220,-0.004200788913357463,-0.2135940242316907,0.13934735781354043,0.22598350691513527,-0.030047468022406782,0.1265144092076367,-0.0029883800876754556,-0.13553685836119356,-0.01694154946200452,0.00017917695827988998,0.04551550535512077,-0.07638818052617402
221,-0.00459972423276463,-0.04184616323886643,0.34585988860732825,0.1119107542027609,-0.0038968818109668805,0.12094637886037875,0.0008173667072058474,-0.05997934666106133,0.020672657440182783,-0.0008276464176706974,0.06259603570373101,0.01253869821894244
222,-0.004200788913357463,-0.012049968821911781,0.12758349125061536,0.006040377991572919,-0.014463190703849644,0.006363256855334886,0.0024617576004596687,-0.0126459185937475,0.01725504384680939,-0.0007749708534360721,0.006967222611688642,0.028440416416984717
223,-0.026142231480751617,-0.029014578860934014,0.2799133967152503,0.0618432071421206,0.00889999495957874,0.0689680138737381,-0.0014559899549314622,-0.0010851783768818402,-0.00651393631315564,-0.00023605254227936767,0.04550189505741101,-0.023282171975171163
224,-0.004200788913357463,-0.09425440703720228,0.1275841030633558,0.13906126238639033,-0.03615595423299285,0.07425394124709495,0.0025283025426708497,-0.06051284375989572,0.05490145340382872,-0.0011907923873969673,0.03299268427600857,-0.035589564127461976
225,-0.0038018535939502965,-0.004689169638233508,0.21149285344831523,0.031039987162368898,0.009656765751527187,0.07483930356490652,-0.0046704283240768946,0.021364539883413438,-0.031089280598682083,0.0012263061818811574,0.03758457723698249,0.008289933314444133
226,-0.0038018535939502965,-0.010022054502033835,0.20238064864691466,0.14088206692994887,0.01374671828554339,0.10852084693917831,-0.003862881215615619,0.002030200575648196,-0.0483924112864402,0.005818848042615238,0.042274241851481646,0.011312692612614788
227,0.01016088258530053,-0.017022341160887702,0.11631912106406775,0.09603925785967449,0.006067006267107406,0.06667405089629558,-0.0010597686548255532,-0.02601984294649656,-0.009693448114413725,-0.0001271272300450881,0.03168718552144356,0.035721666198027184
228,-0.00459972423276463,0.010173867291490198,0.016864872958597114,0.0560914409933318,0.01658410387832504,0.0956774770840601,-0.002955478172302096,0.028783444108223522,-0.03968893471424952,0.0025811332851655637,0.02611113216272468,-0.010662624833007676
229,0.01016088258530053,0.008053977564204472,0.17010804814935532,0.031554219153117485,0.011358058945744725,0.07547083051772634,0.00539772605544823,0.004386429237158683,0.04882562869217332,-0.001140867326590017,0.03635838413663933,0.025289964187671234
230,-0.0038018535939502965,-0.008293904826266347,0.07022438875906736,0.03154550567148689,0.018843061443963895,0.06831114073948491,0.0016295674005160365,-0.023370471984913446,-0.03121045622365877,0.0012358455777796737,0.03637266983896603,0.014362971853177909
231,-0.004200788913357463,0.02043999922296221,0.120816297104246,-0.046289930755534094,0.01181961482714306,0.02658550060979288,0.0007968717115683884,0.019307945152816725,0.008117926249252071,-0.0006106711334078083,0.030340334952335405,-0.005806023436952716
232,0.01016088258530053,-0.022122790085922356,-0.059821552948502804,0.0999948399999157,0.0035183008715603723,0.08083075565700863,-0.0013261102416655822,0.01229312369206192,0.0011797465186843036,-0.00045529011785331095,0.0019501895380532627,0.01081938495434097
233,-0.0038018535939502965,0.0008664080814184654,0.1540331650116969,0.00834887026358088,0.012493587358634718,0.045398862970434016,0.003153810137389055,0.0004770181724944274,0.009265794273541008,-0.0006346886489483973,0.05179644469309963,-0.0015276341578330016
234,-0.004200788913357463,0.02243029623952654,0.14924067399247387,0.02050153527125507,-0.044092826731159926,0.044044008873023975,-0.003232828469279915,-0.003570796096497172,-0.032682522090817026,0.0014182464708136489,0.05178295814305836,0.0034439994919922313
235,-0.0038018535939502965,0.018947913715073806,0.1325619920736602,0.08045024559520042,-0.02008126497544888,0.06084484025714966,0.0028588641651433426,-0.01110371393049721,0.04416815372997423,-0.0010995807406751856,0.037104093439813995,0.003716211282016886
236,-0.00459972423276463,0.024642048271977936,0.2663726730012644,0.02906557346279114,-0.00309824355748633,0.10260957262039003,0.003971443007047172,-0.08668279569751444,0.028028799866495965,-0.0009273181900406858,0.05904149106438535,-0.018148676538521143
237,-0.00459972423276463,-0.011292376225856255,-0.039009837352345485,-0.045970237637403245,-0.004333653173690384,0.030006085532109202,0.0035236214190501303,-0.016200437379990437,-0.022036899033701256,0.0004663075453629565,0.004329492204497154,0.009043404582302636
238,-0.00459972423276463,0.00330354085106179,0.2317666838118932,0.11237973313205328,0.012527861998008899,0.12299686327575024,-0.0013574415501884558,-0.02795210726166774,0.017375863137294018,-0.0007770721017338696,0.05726112436971483,-0.004046571990771103
239,-0.004200788913357463,0.022488961429193235,0.16378745838057673,0.07857228918813362,0.011271494136694498,0.10748354696856403,0.003036502662284131,0.028216357639344644,0.030154379218130904,-0.0009525198168369727,0.04249419384356721,0.008535365083351766
240,-0.004200788913357463,0.0012602398162053804,0.14022220468778732,0.11605634330614611,-0.006022165966805596,0.10821020341833086,0.0011746909839531789,-0.001333049816072775,0.024980200848066268,-0.0008874855145555122,0.051643934519036885,0.0009039793725658641
241,-0.0038018535939502965,0.021225753742317367,0.18757391093863057,0.14271556899557092,-0.0014458227825153106,0.10096146197910463,0.00044698608308420403,-0.07655148404056861,0.01216327288615917,-0.0006889583489275472,0.04909546097365545,-0.006408914439031469
242,-0.00459972423276463,0.015050010349408971,0.21664411142526674,0.06896358723319243,0.012061041342097149,0.09466038167066265,0.0012234591209584317,-0.03979873876189767,0.024435692381535992,-0.0008804332841213853,0.05542397242527357,0.022304853614910414
243,0.0057725940718216994,0.0012252330676363339,-0.0012880560752891077,0.023425141953719822,0.0028897614252131566,0.07666330943515812,0.008324254263743596,-0.04187157989168567,0.06745940566603378,-0.00128044220024257,0.021652001313748486,0.009730495081678017
244,-0.005397594871578962,0.0054628585536713,0.05376262084435381,0.05951918695254574,0.014601847253944653,0.09886131193170537,-0.0005112511649126128,0.019184113687996853,-0.00810374212676371,-0.00018241759358679922,0.03195499378213034,0.02476110303102004
245,-0.0038018535939502965,0.02295246082407292,0.2134021133318013,0.05539089510432653,-0.020518191667192376,0.09672729201301154,0.0046402036497943675,-0.008197266008891535,0.03723797468814116,-0.0010317418931813822,0.06143541873741039,0.0033235270748747615
246,-0.001009306358100131,0.008725828882238315,0.03767932400742722,0.10593857319633274,0.0013404991699345397,0.10675103938841171,-0.0022537703498509876,0.021823938246419122,-0.019591013750714866,0.00032542351716897505,0.03150325134288161,0.016933526336866823
247,-0.0038018535939502965,0.0030108078968188027,0.2784382145854146,0.1584575647762345,-0.014538613032872424,0.09748634551924443,0.0012914595131707852,-0.08028006138546052,0.0404292331630848,-0.001064473445083344,0.06223177476041859,3.804110535925312e-05
248,-0.00459972423276463,0.02276344391570473,0.08110269226084835,0.057994376600464886,0.025698642100145087,0.08132041321810092,0.002350665829406069,0.016975155104417987,0.04066100409402226,-0.0010662787122390684,0.0569305279112403,0.01626836688545712
249,-0.00459972423276463,0.021862337697070033,0.146614487197638,0.08138636725967549,-0.00467261912027471,0.07821927994906887,0.0013535732277501515,0.0235031298793281,0.013030776935682336,-0.000703767386106227,0.04489188912125242,0.008618343554025338
250,0.008565141307671864,0.01310646930595407,0.10844401428665494,0.0684701810847575,-0.009146390158224847,0.09025099388162446,-0.002529292261477411,0.026312457144495174,-0.034661901675579,0.001687582876437301,0.04231042043915333,0.00319659815544251
251,-0.0038018535939502965,0.0020633082875435205,0.07628676493191679,0.01830728974609917,-0.005626297710090765,0.01906574273237272,0.0010330751830137526,0.038542348951076506,0.017803326569818877,-0.0007831794925846227,0.025276308172669085,-0.011202262474903137
252,-0.004200788913357463,0.0333455702637478,0.19049786753570971,0.024562386609152165,0.014838494674912649,0.08624458926664744,-0.002935596304541197,0.04006593356040094,-0.026875131932897138,0.0008288183934114878,0.038389125494960374,0.009090314751659624
253,-0.00340291827454313,-0.0023853738964481203,0.06910175079526891,0.05550787114817438,-0.01022485596016418,0.04602554112698407,0.00011268119374615049,0.012066181584256196,0.00012956411011854922,-0.00042787043758263225,0.023051370522127405,0.0026815511541384714
254,-0.004200788913357463,0.02226594828417857,0.11702422622206361,0.08845934388483069,0.024766298501172068,0.1104313782217113,-0.0028111103879049724,0.033500167370710134,-0.03910925074049956,0.00247176533197337,0.04303290253902531,0.013888300739790065
255,-0.021753942967272788,0.019305229755533792,0.16003265997350286,0.05930108231109127,0.020992521696332915,0.08284172563497409,0.0008194754205479774,0.04590746738620801,0.004047444863781308,-0.0005224987214554602,0.036762759462734426,-0.0006625493877911449
256,-0.0038018535939502965,0.030111851367189878,0.12526335739081101,-0.013218446277192604,-0.019675971360156405,0.08272386607328092,0.0007335340265774006,0.03371201835539035,0.02562819015109506,-0.0008957142979864964,0.04036644362930667,0.0013501700954653745
257,-0.0002114357192857981,0.005966812683303796,0.20349572010861486,-0.003672282666187678,-0.011760706543760956,0.02928417835417821,0.00527240344689342,-0.006139926344856639,0.06033180681863317,-0.0012310680679887961,0.047469046213010596,0.006349452599519054
258,-0.0038018535939502965,0.02992388341372154,0.09800418543919265,0.06319523581982855,0.018423669228376852,0.08001103016953343,0.005834118928698675,0.03105899883476817,0.0508796436857007,-0.00115808465101612,0.05128979249513738,0.0035813199230190053
259,-0.00459972423276463,0.026295185939078772,0.1540834305510227,0.07120915131647386,0.03106488996341587,0.0673966477947002,0.0041431877626914105,0.03771339749310994,0.045982855271686815,-0.001115804049724338,0.04972205794638337,-0.009590256454080027
260,-0.0038018535939502965,0.03746794687913259,0.06897009309027059,0.11644988266230895,0.009078990491340106,0.09937321979001269,-0.000508380981730666,0.02588761205790829,0.016539867144188664,-0.000763200561144549,0.04637332400880242,0.004458497555555189
261,-0.004200788913357463,0.03341506106129893,0.07375948989517273,0.09367313891502226,0.010988417369166259,0.09613191758672802,0.005050565125819488,0.041017357697009774,0.017162843275629374,-0.0007731915915249953,0.034079497413429555,0.0014152853215943545
262,0.014150235779372194,0.026410650054748516,-0.011911300734847214,0.006264236767936981,0.017305222136081867,0.0823537436770177,-0.003540049561127196,0.04560031345432073,-0.007705626537432912,-0.0001962513847885514,0.0014912677919694227,0.014908417156131861
263,-0.004200788913357463,0.036791094505299056,0.10420579140560407,-0.00038109247153713364,0.010976189131711351,0.10233524723701139,-0.003001645381127812,0.019959717684649603,-0.003578242740511089,-0.00032588231832911366,0.04826601225829495,-0.00030790329140299884
264,-0.004200788913357463,0.03653954222610122,0.06263518594542533,0.0466268701377686,-0.011400348215004918,0.07083977561058959,0.0011111810457554642,0.010476412288438855,0.05150548303770905,-0.0011632764597180039,0.06188380490481608,-0.00037913154566070347
265,-0.0038018535939502965,0.029382350498370364,0.1389600899107643,0.04560215584249787,0.021044066451267236,0.07393975694238736,-0.0026648390007059865,0.036500907866117274,-0.0013380795170723294,-0.0003885439987731661,0.04122862421740143,0.008602957733689295
266,-0.0030039829551359635,0.03147161087950678,0.12721147775678757,-0.009112332336405843,0.0055698838227194025,0.07356286860254094,0.0004991046501340826,0.03708338214664813,-0.010261249689231278,-0.00010376372925038633,0.04247719369796986,0.004792974684431343
267,-0.00459972423276463,0.032810220128743225,0.13519435076299766,0.1196532965815076,0.002416954503804804,0.11163100851730341,-0.003256570904225092,0.016285241743792114,-0.023066797983417934,0.0005394243899462024,0.04932740655529056,0.010272184637287856
268,-0.0038018535939502965,0.025862343159666405,0.13189804334176466,0.013615128274516565,0.028797205274602302,0.06587985834825578,7.812846802236069e-05,0.023133957234011068,-0.047023328435722704,0.005161010328844858,0.04072227245792089,0.008457676254465895
269,-0.004200788913357463,0.032726858590031466,0.059126610003560336,0.08423619116599328,0.008014182962479627,0.07924415396554715,0.002526683809024323,0.027629458183150244,0.0430620075029189,-0.0010891376936177275,0.03825200444399794,0.002348476288043488
270,-0.00340291827454313,0.03335435324465288,0.04570814019293467,0.03071380330253269,0.02912494373031845,0.08900100068992646,0.0017442477135307874,0.0521765850750008,0.012847630946905976,-0.0007001791223540273,0.023472316572899634,-0.004559123630917123
271,-0.00459972423276463,0.028726251071381395,0.03834819731021173,0.03624887126445703,0.01757705808937469,0.09915416077238942,0.0047680763337003525,0.026423590822486846,-0.03997696591434632,0.0026453245425933575,0.03836719090587613,0.008313455420619342
272,-0.004200788913357463,0.03375889444969528,0.08085874742931116,0.1386630059180795,0.005851666753440099,0.12123636725626587,0.006523406141588612,0.0053299340772136475,0.002477053452817617,-0.0004872177418509329,0.049936629312504505,0.004436425861056762
273,0.007767270668857532,0.039743879652591844,0.04858114528153834,0.07176676405019798,0.008900297441929798,0.09775681309625517,0.0011488245964622083,0.01835888380852536,-0.005019189829822381,-0.00028307721079017694,0.038037332857216194,0.012087127787453198
274,-0.004200788913357463,0.04036448004138059,0.026880879276715133,0.14704101004249778,0.01949755534577146,0.08884856488754847,0.0017264139823167386,0.033967692848794515,0.041108348678758,-0.0010704831608275604,0.028875056064983855,0.014383735842183705
275,-0.004200788913357463,0.029043300620855896,0.13845371310240465,0.048693665293107466,0.023547959002675874,0.09002339265826775,0.007443061630992919,-0.022548341082527613,-0.009234446243684549,-0.000143187483506206,0.05592030627743885,0.0007187175317803703
276,-0.004200788913357463,0.02768168206594306,0.12808274613789977,0.06845803636749853,0.015133395685537707,0.07886544552511901,0.00542930874966933,0.0061885640098225374,0.07504541000304986,-0.0013281375774879566,0.0644637450911596,0.0022134726852887122
277,-0.007791206788021961,0.03869958473009121,0.1842835420741853,0.10213674365308142,0.032824869582119415,0.09937623928674987,0.0009906484171592084,0.05339020770776764,0.03505541411101008,-0.0010082497158738837,0.04336251326975116,0.009587812178652667
278,-0.0038018535939502965,0.037032945873128706,0.0752762953620042,0.016533512464025263,0.03340966353597261,0.07444166300755709,-0.005517019095586167,0.05203035158213105,-0.026230852957622626,0.0007766533321418251,0.026257488788513323,0.00420274677695456
279,-0.004200788913357463,0.038943357582464214,0.10721503720022497,0.0961704245677626,0.02494236573161936,0.10449036511311308,0.004338118432652389,0.047988225067316155,0.04553903512749603,-0.0011119217579205769,0.048518393613794016,-0.008208987079711436
280,0.009363011946486198,0.030191152175624767,0.06090057508257061,0.003290770226172148,0.01644878470417794,0.06452401682014486,-0.004706655949949874,0.02622957658753515,0.010167501859994103,-0.0006506828029596827,0.03803029401371259,0.005160265404931739
281,-0.0038018535939502965,0.030342930077470968,0.07126793858407927,0.05603147884229762,0.03687223841469996,0.07180326381923276,-0.000680482782615665,0.04856913134882197,0.0014396089591940517,-0.00046034158166635973,0.026011270072343124,-0.0005733885985087086
282,-0.00459972423276463,0.027566937443106107,0.08157121073390146,0.014570634644299465,0.02108384703100842,0.05358838869914261,-0.0008089554364605684,0.0353052088940299,0.013424604478988206,-0.0007103691330987776,0.0343337458481098,0.002339631247820574
283,-0.004200788913357463,0.035623358269671015,0.09654696798795576,0.05288123937331597,0.025714939489666015,0.09137816225343486,0.003144941063480929,0.043081588568192664,0.01505292314627821,-0.0007383894631595023,0.03513799992631899,0.010095944098945918
284,-0.00340291827454313,0.03265783212878843,0.02270226338887639,-0.031690248741273075,0.04010908246184553,0.050079995462845014,-0.0021600715384659536,0.05145721959054913,0.005776936892815367,-0.0005606179350447825,0.0030403614078430147,0.0135936750343254
285,-0.00340291827454313,0.0389889692454853,0.04128473000884873,0.035413798680508306,0.03605797180935735,0.07811559365323612,0.006600905282668156,0.054240960633607366,0.052176741831510255,-0.0011685510895033957,0.022153606497052038,0.012154406262762889
286,-0.0038018535939502965,0.03506444629936104,0.11754544847009872,-0.01982693806055355,0.03972121826065522,0.0687832890786958,-0.0020750826120589623,0.05526453597190954,-0.03377939007206367,0.0015574853074519653,0.021474072805473674,0.010254239408318034
287,-0.00459972423276463,0.015070008815492291,0.21123011423275703,-0.042866629564506604,-0.0023025495794931484,0.08293103961978683,0.006281046136100809,-0.010668564098344139,0.04430831083860372,-0.0011009328199433489,0.05047225919608181,0.014052260553556807
288,-0.014573107217943792,0.0009463825464848305,0.17056491165741303,0.0540270610617224,0.0008432157356543025,0.10162943625394734,-0.0035462479363075044,0.015473915582136772,-0.006754706796517177,-0.00022819641511185652,0.03203974660461556,0.006842534556512218
289,-0.008190142107429127,0.019269267153673737,0.25694080283662196,0.013223475144502582,0.0012108936336595395,0.1230263534502921,-0.0008454171520341612,0.008578019784278329,0.0592224476676786,-0.0012229009628807748,0.05436432614848232,-0.0036793804426023882
290,-0.00340291827454313,0.017763899592727537,0.18118687200978167,0.017610030484917244,0.02279594695604505,0.0668528062434938,0.00398215767490108,0.0032227776315188884,0.03609141682108663,-0.0010196780321400974,0.04345936209518963,0.007431002428397972
291,-0.005796530190986129,-0.00815621742080365,0.2447429275991582,0.07156527370634888,-0.005302721045398794,0.09437406388193981,0.0030176368959419398,-0.030180278931004407,-0.008192548207097462,-0.00018071893854500944,0.048062497708996205,0.01529351687702782
292,-0.00459972423276463,0.010227155527105744,0.15439277877248767,0.0009049897458985481,-0.006666740642191984,0.11019653559872665,0.004085131343465693,0.011908892179591572,-0.0019909365060098464,-0.00037105801450852737,0.05807879040929781,0.01425627947903028
293,-0.00459972423276463,0.0031721107592985174,0.1352468646606412,0.08318471942572528,0.022703063135898413,0.08544221137965816,0.005604526153309703,-0.006776831735019921,0.06893014237594218,-0.0012899503616422743,0.05922399750060647,0.0011174246975404248
294,-0.005796530190986129,0.0280594444908382,0.14471120645957758,0.042862343662310246,0.028339189515775912,0.09035333739228624,-0.0021756067570642725,0.040021092038219484,-0.0005992833597473292,-0.00040835371022155867,0.02753941166371591,0.011935061218129792
295,-0.0038018535939502965,0.020155080229641874,0.2678037680859229,0.11255386940961506,0.021089799870237076,0.11229098414684237,-0.0036279147857524027,0.027207328736228463,-0.007876892577642621,-0.00018999710542167567,0.06105271737911593,0.012139268299462758
296,-0.00459972423276463,0.012102715357328396,0.060121888845091766,0.024655198497916943,0.007987717755524136,0.07540600037871152,-0.0035519453251766243,0.03408757256361349,-0.02438009306113514,0.0006333263194183105,0.010353850075326262,0.0063698953947163095
297,-0.00459972423276463,-0.05044147713056421,0.21769382754030805,0.022181813877839355,-0.00762252982104788,0.06287205844638973,-0.0057947353662269096,-0.052208237114754565,-0.04912399033152371,0.005951094918696377,0.048716265504464513,0.007134510052754237
298,-0.00459972423276463,-0.01826740341577147,0.21870355782927947,0.020021508009029455,-0.016528766989984522,0.04825374893860916,-0.003229904295212299,-0.07177758561854422,-0.017201385164094134,0.00019350501155785557,0.059853846625852795,-0.007777251603268538
299,-0.00459972423276463,-0.010587408990433094,0.22161738767955125,0.033310031407914505,-0.10404266604205917,0.028948603735573515,-0.0038892246091942126,-0.11276813570477924,-0.007166132840968635,-0.0002175817379047092,0.032302974852732834,-0.015769662319070205
300,-0.0038018535939502965,-0.04259944993182353,0.1980603658618267,0.21441091567058068,-0.0033765928846497583,0.1424772522415921,0.00034451980592445884,-0.17738385961580114,0.04213422705709022,-0.0010819133721479233,0.036154071449380376,0.04097449536063889
301,-0.00459972423276463,-0.047575598525130325,0.17023886351831485,0.11093245329563128,-0.022859821408419925,0.1019641640921163,-0.003029042817400853,-0.009974609955711719,-0.01113460964694805,-7.246191742019714e-05,0.03137899806248811,0.04389169286666852
302,-0.00340291827454313,0.009749305914851882,0.20061717055946565,-0.0064120487435675375,-0.07908411132436095,0.08560830147640607,0.002558073576008679,-0.10505221102056983,0.016980603412153378,-0.0007718297197541537,0.014819038561004392,0.01551431528365788
303,-0.0038018535939502965,-0.006805237736736,0.17330002130906322,0.07805584135436894,-0.03524411254250262,0.06743956036490925,0.00042125734865688377,-0.16874254732327024,0.009703872327760037,-0.0006452649479759425,0.039223275710100355,0.02226353338583797
304,-0.00459972423276463,0.025815244825516802,0.14095521153715165,0.12168589425705666,-0.0709924342125845,0.09584216460723477,-0.0006099820083061405,-0.17290028082855047,-0.0075347488144944675,-0.00020654528510695026,0.03427227610086077,0.005899371464147291
305,-0.026142231480751617,-0.048746861018717697,0.20365765765570462,0.0689366228832165,-0.0639817309252949,0.10255410625451204,0.0007680267899317733,-0.006941233956946945,-0.0003031673505233105,-0.0004174735295964708,0.04557678839473797,0.00395675695411377
306,-0.0038018535939502965,-0.05104772826757651,0.16691688654542483,0.12801356984239007,-0.05010402905476143,0.09701388925378228,-0.0025909037752348037,-0.19034966053042782,-0.04079271466040914,0.0027423510259428157,0.03332378922777473,0.023452603325834175
307,-0.00459972423276463,-0.011557317082473886,0.15407238347081037,0.0724841198600113,-0.017264534689034747,0.07445963496826698,-0.0034255997785812347,-0.175181825726521,-0.026720005844455,0.0007893273202583113,0.019882426519617916,0.006849078492040631
308,-0.004998659552171796,-0.03970153684338095,0.32083360387195453,0.1782788014781947,-0.03200576656077246,0.12343309820228134,-0.003017133463660968,-0.14880671094044048,-0.03315510189090745,0.0014599216350162558,0.05629210749730337,-0.004954654581771073
309,-0.00459972423276463,-0.14100181193407021,0.3316215760185108,0.14694904755295984,-0.05723467575091254,0.077611237111538,-0.0038760844755089023,-0.09745020968302182,-0.019898557778104946,0.0003386183262289877,0.05312880235631275,0.04534048167148329
310,-0.007791206788021961,-0.14759833001924183,0.050508101830384,-0.04795516196493899,-0.018604338805072045,0.07806920774596467,-0.003576049900491164,0.019952758184734673,-0.051369327060825754,0.007607411227833276,0.006050736760730542,0.00407020268368732
311,-0.009386948065650626,-0.16728104365099475,0.3195852688587266,0.08455859210266452,-0.014327328884211581,0.09462247308044405,0.0010595799606443043,-0.18738149336659657,-0.0017175215736889354,-0.00038326975463558904,0.07138185194979214,-0.024498119031999277
312,-0.007392271468614794,-0.009006983248778775,0.17049213362871302,0.09845817636496523,-0.044689641239549514,0.07014342707536912,-0.0008423385345682569,-0.20008512340775544,-0.015796554711905667,0.00012202513098432587,0.014778006672915324,-0.01094593905012893
313,-0.004200788913357463,-0.31494921062426917,0.06564454266489146,-0.02745192299894247,-0.08358704845617047,0.0024799416644804865,-0.0008012888716292512,-0.01843063201290166,-0.03490057449817171,0.0016974105882821893,-0.017874641725960896,0.12450460893606081
314,-0.00898801274624346,-0.07387491082571572,0.30090982018864143,0.0828324540615753,-0.04224750276402679,0.11438146183286867,-0.0008873857701641127,-0.1721270319471908,-0.01756003789650771,0.00020602204584252624,0.02961535307653946,0.013006242715803116
315,-0.00459972423276463,-0.16843413480560304,0.19328138744516687,-0.04383684312914972,-0.10804378822553252,0.021619300926533015,-0.0034355009110129528,-0.1405854326680696,-0.04763208292433284,0.00522993069135735,0.04259674990334206,-0.03964335997388689
316,-0.004998659552171796,-0.06063977856610017,0.026614702203522415,0.18596047314888525,0.008358427410546605,0.1348996590828677,-0.00019008163134660893,-0.10127128013520674,-0.009685861017646605,-0.00013314378587681657,-0.02245556619553381,0.01336087173998475
317,-0.004200788913357463,-0.01872534762198975,0.23948715523809427,0.0713461795950154,-0.029333119701334953,0.07576690927587611,-0.0007063870974342702,-0.050185105864861315,0.010976033738101946,-0.0006672569200487258,0.059073193976085354,-0.010427818037771042
318,-0.00340291827454313,0.002008795823753832,0.17529673742832808,0.00594513849940436,0.007488220112721801,0.08669704528122457,-0.003241958529996938,0.03359648518251425,-0.008220077646470841,-0.00017838137412811821,0.03586468956667277,0.009646590080789318
319,-0.0038018535939502965,0.015398490295970816,0.1475672250347595,-0.02774558535028999,0.008068193254002676,0.05166078378214415,0.008628838760627007,-0.014695152309981984,0.07259415389290715,-0.0013131264480204274,0.04189891197540097,-0.006514142471735685
320,-0.004200788913357463,0.016803890836716604,0.20379107744664976,0.03802102134770636,0.014098507771656813,0.10924954379075272,-0.005319108529926808,0.036783825697678026,-0.023570565621245577,0.0005758681010204858,0.04525309498982442,0.011502652548075561
321,-0.00459972423276463,0.02603175809493152,0.108553750230865,0.10116907279751844,0.01871930957151525,0.10563485521050633,0.002627101976355212,0.04855039192606494,0.00015990576300512103,-0.00042804640260459025,0.0252034393615266,0.009176454580528699
322,-0.004200788913357463,-0.010381181513676244,0.10702047759431066,0.08158502591473933,0.004155761770467069,0.10972625764495145,-0.0016486199354591388,0.03352984639096045,-0.005786042031674967,-0.00025878171650724,0.02974674363319487,0.04087607489768676
323,-0.005397594871578962,0.020639236597861994,0.11855298420064724,0.018371420475322482,0.01800494746174342,0.08651456771273386,-0.0016602955466798552,0.003215541731467967,-0.012607109677269782,-1.3012930234434321e-05,0.03614686247178425,0.011799077936186913
324,-0.004200788913357463,0.02963888232731506,0.08968442133960763,0.02944573985336747,0.028999239141807208,0.09403094698574545,0.0032405782005119283,0.04499929354505987,0.019371270630250483,-0.0008073527628183472,0.026390090750347615,0.001858341265294181
325,-0.004200788913357463,0.009259305754183425,0.10978705607032954,-0.037944534655035354,-0.02429986455195787,0.054017304692873726,-0.002851386527123165,0.009889802467209356,-0.0312694808912699,0.0012537186856385898,0.03622368659560069,0.012279046896770637
326,-0.00459972423276463,-0.015264283272540157,0.20426079331701555,0.05354360617568515,-0.010682763879386865,0.10908840676017693,0.0016192921949978634,0.0012471696906252725,0.02618676951609568,-0.0009036156529806768,0.05389927088061864,0.005551024817296355
327,0.01016088258530053,0.01446482519980288,0.1870049615081996,0.1569603202756027,-0.015445982167656372,0.13895478644482054,-3.092773358565102e-05,-0.018840571441759185,0.016896682287573513,-0.00076943489679509,0.05213458677950373,0.00953568877534366
328,-0.004200788913357463,0.008161859360048422,0.11730145665596187,0.03771283957991048,0.029067955291548993,0.08948604729338562,-0.0008357919827086853,0.02712229618459716,0.003533753708426371,-0.0005114629145118207,0.04006436341342312,-0.0031765907722185105
329,-0.0038018535939502965,0.015605012889789346,0.060242275985042185,0.0038892030868108215,0.017983597817975316,0.04775984348975112,0.004809803152956855,0.031725888634989145,0.05482298541784339,-0.0011896413259531603,0.02734033091111181,-0.002495376681996554
330,-0.005397594871578962,0.012810309663665463,0.17488797760936686,0.020490789744847495,0.0015621446969664612,0.06405899536204167,0.004713864017130109,0.015195584507680677,0.023245784529689246,-0.0008637668650479335,0.04069521326462451,0.0019482409609700522
331,-0.00459972423276463,0.010911250577011157,0.13941460358877333,0.015674493584543817,-0.02211424608772117,0.12559340058498536,-0.002831440704233936,0.04312508977131698,-0.042351031757236084,0.003276433156732646,0.040169930265615834,0.002557766614420677
332,-0.004200788913357463,0.01687553927826644,0.11776475996167664,0.035610859936041725,0.011222328388487886,0.08273753981810977,-0.0012068980204359104,-0.0067498919364978914,0.019569225691767677,-0.0008109643876687771,0.040311964226027196,0.018170584428891273
333,-0.00340291827454313,0.011939261986927942,0.09300664714643117,0.0011032129300137213,0.02516178202996651,0.03653877232312318,0.006035826006691423,0.02755569934912677,0.06665226848728839,-0.0012748650752689172,0.03118033747644057,0.0014615190703325396
334,0.01016088258530053,0.00016051225957523774,0.030459118612005575,0.06303156518745656,0.004000359122209766,0.06379883571670322,0.00548792008280672,0.02137611253483095,0.06818517331582659,-0.0012849214530123027,0.02450575266610757,-0.0010068580202681956
335,-0.00459972423276463,0.006220895357860631,0.0876823177571627,0.04633647548590412,0.03229021326875129,0.08171564402559024,-0.0013849457254626262,-0.02105451882536654,0.0019181105383603088,-0.0004732035686494212,0.032139551455770646,0.012446259863858705
336,-0.004200788913357463,-0.029047093332310064,0.04959780573900448,0.12726177813511547,0.008935602908419773,0.11837266360568545,-0.0029568540412428785,-0.0025954233088932837,-0.011311839419185107,-6.526848337667803e-05,0.02510575101410539,0.02449207777757746
337,-0.004998659552171796,0.015789248264694383,0.09403281596029013,0.06179249196059294,0.03372329174417708,0.07284579441190389,-0.0012318821923624327,0.04234240045289292,-0.0069353729993365315,-0.00022128232151730415,0.021172220963633186,0.00841368118941282
338,-0.0038018535939502965,0.018097810512591204,0.18825770192639651,0.06586973837170625,0.026605876155587446,0.08705815778599234,-0.0013483262009664028,0.047641436773618234,0.009786681014483227,-0.000643235354639151,0.028189036492159095,0.015663784211382346
339,-0.004200788913357463,0.030792472218697273,0.04555016488043134,0.009848413932791861,0.010537352168760832,0.05684756939825996,0.0046277970021471075,0.03369930621220282,0.011099023719488203,-0.0006682188901933547,0.03367928198724357,0.0007302922215897863
340,-0.004200788913357463,0.03534340303874927,0.08577182969064662,0.08705757567909629,0.0012587544629389803,0.08472103142915123,-0.00348693454743547,0.010205753988678422,0.0338101577429703,-0.0009948470799001467,0.041833065699242375,-0.0054302339329703134
341,-0.00340291827454313,0.03543771372651981,0.0665868656006118,0.005322136431892926,0.0396010990255996,0.08697079317570665,0.0036198387905116004,0.05645809682153312,0.027117705451763067,-0.0009148391705869382,0.023584030934663477,0.00045713967467216375
342,-0.004200788913357463,0.034556269106585644,-0.004828006351814086,0.08871395915949948,0.042812188761330125,0.08971489615746993,0.00037320241199162766,0.04780213048626655,0.022864169328417117,-0.0008582836786990237,0.02824298336219389,0.011383327056337073
343,-0.004200788913357463,0.04207490002825851,0.04706225342834158,0.05717305495584854,0.02155672665476676,0.09780800695123927,0.0020583135087710322,0.052298032495557624,0.005677857665979213,-0.0005589161680604104,0.014609539035983835,0.0141882590383031
344,0.005373658752414533,0.03415143271166941,0.058113624461143945,0.027305055252639442,0.017591599652894883,0.06806562692949587,0.005651101485111213,0.05493560521591598,0.0359308210089322,-0.0010176859791666455,0.0162662366489347,-0.005855565712727812
345,-0.00340291827454313,0.03940230881985859,0.047529595587945804,0.0027630959915209926,0.027489348717649804,0.0780190186371559,0.001064213812560296,0.05399413980370715,-0.004712015444032946,-0.0002912937043694592,0.03658853581137725,0.005433742722087404
346,-0.00459972423276463,0.04146145059974893,0.03851112662227842,0.04554635963060535,0.013930198174729388,0.07134071943023516,0.006851761309819985,0.04368699141340706,0.0580520046633509,-0.0012142183815518836,0.04970538283385947,0.016926269508326642
347,-0.004998659552171796,0.03948122302660421,0.03588881750071707,0.09196331441243775,0.032402326654433176,0.10633262605641872,0.0026310534211780668,0.056472719775933634,0.027191413826860997,-0.0009158139358095264,0.01549100555570583,0.009762479972943498
348,-0.00459972423276463,0.02771166959891957,0.04559082627648983,0.06045405970740612,0.004500037567298297,0.11523204300215974,0.0023674439495493696,0.03833196089690643,0.0429044943995024,-0.0010876937598434222,0.03446435249417485,0.006277263747764644
349,-0.00459972423276463,-0.12360163291023682,-0.036691390299843044,0.18729793257377395,-0.029181208770648465,0.09413581668530302,0.008891909815392684,-0.05836485827527345,0.060262054126530414,-0.001233345815646966,-0.061224956755564476,-0.006924248299306518
350,-0.005397594871578962,-0.36217060841881993,0.2785199532509733,0.11784054724016461,-0.0847246591198592,0.08607956863670946,-0.0029191190089726433,-0.19510235638332266,-0.021908900364180764,0.00045718412645042247,0.03818318210128195,-0.03393865787851504
351,-0.004998659552171796,-0.07432770349664275,0.18964121267359763,-0.07605026373837294,-0.11340424352876022,-0.0584997755805833,-0.002835037104893394,-0.15140675657189626,-0.011471059071895719,-6.148237183937817e-05,0.01802427601821544,-0.01849370691205765
352,-0.004200788913357463,-0.054349175565996756,0.24442071969588897,-0.13181728513336205,-0.1458181828691585,0.07157650409529771,0.0017297910907233432,-0.10487484125598961,-0.0008375212265763736,-0.00040453091683775237,0.00569021700509262,-0.009816965149851958
353,-0.004200788913357463,-0.06553375910172848,0.27165243499618236,0.04102745627781412,-0.10885250678017327,0.09500383444250667,-0.0027403188559930102,-0.07992440837630821,-0.0039428745964104105,-0.00031743080696036317,0.023930321513703754,0.01729969804486246
354,-0.004200788913357463,-0.006488730445253917,0.07925318456153652,0.11991660794249222,-0.02785614031799738,0.0867305430017905,-0.0011555580481272744,-0.17786340471039075,-0.02887021212248546,0.0009890394593539294,0.011943883533183684,-0.01197730886079131
355,-0.00459972423276463,-0.06772403201147158,0.3492812274608637,0.1254709071945262,-0.012503411834864416,0.09614497497628563,-0.004107129015530495,-0.1326513617768467,0.003993756956663922,-0.000532658948530353,0.0509440871486537,0.02184026219889507
356,-0.004200788913357463,-0.06706079923271586,0.06371134453338335,0.053804804888258166,-0.04793399107848668,0.08357278944362499,-0.002073374541400224,-0.17575894908936998,0.010354561191404613,-0.0006581481995460816,-0.029014688605565147,0.001910132458636965
357,-0.005397594871578962,-0.07770737631978258,0.21084217664588537,-0.11901450570708141,-0.07866327201694116,-0.005557604750127719,0.0004737103755177443,-0.08852097890724726,-0.016631933879194476,0.00016328928521685892,0.017968217625342467,0.005446564776696657
358,-0.004200788913357463,-0.13891049348046153,0.22888216047980003,0.006056935432317627,-0.05122985758085701,0.07291837902806472,-0.001225072104477216,-0.014404791266158548,-0.016751844354549735,0.00017272442904052768,0.04556101050529237,-0.00025270595758651967
359,-0.004200788913357463,-0.10727177168366515,0.18228142057510177,0.10236886371546339,-0.07309030643095055,0.13160453714325557,-0.003383222668649836,-0.16925553205802255,-0.016299792047803123,0.0001449078759705598,0.02296300809669411,0.002705822501574157
360,-0.009785883385057793,-0.09317460203090852,0.12494066679259888,-0.0421497134650418,-0.05954507923218856,0.03667807924319735,-0.004990952992330457,-0.2443766342161373,-0.01489166166406059,7.957232476910957e-05,0.01405857758593049,-0.013303378001879853
361,-0.0038018535939502965,-0.03478145766406982,0.21459532531446437,0.11724878377301495,-0.11301043712174716,0.07875593328349116,-0.0006052621982925223,-0.14315436950317445,0.015658549720038807,-0.0007516512425904982,0.002749349310769751,-0.007019606792808545
362,-0.00459972423276463,-0.11210211144729698,0.3854429455699786,0.15561414658677453,-0.053815162448536784,0.09657890756686104,-0.004760552587236137,-0.18721423624230493,-0.047063612964318435,0.004752900273456267,0.05576614855946248,0.03274437627558775
363,-0.00459972423276463,-0.09818700872556102,0.22940599972271816,0.0803918063089479,-0.13999110157291314,0.0030969034915364446,0.00020789254973127067,-0.18694569082343024,-0.014127429515103526,4.382159557829941e-05,0.003991477233921295,-0.01913439542239044
364,-0.004200788913357463,-0.07788323203469744,0.19872585670683687,0.09035699854104579,0.002132443200302706,0.12498604948168007,0.0071490757027850745,-0.12179744506042793,0.04547999163003885,-0.0011135295758643738,0.015976236133704826,0.009561734132132177
365,-0.005397594871578962,-0.01146364881664287,-0.012476129403430642,0.09831484861531557,-0.02995961621836495,0.10776578338220508,0.002802398337815646,-0.10644169635766089,0.018802975601833367,-0.0008023078109582839,-0.09116797538553094,-0.002417771710444973
366,-0.0038018535939502965,-0.1768280492792894,0.08635987242557841,-0.11558161787097838,-0.047030924819452716,-0.005049051678049569,-0.0016207949314982024,-0.18084019524202155,-0.014849924626393968,7.255766382733772e-05,-0.005758085564253081,-0.025393661484799983
367,-0.004998659552171796,-0.062320088528611976,0.03902374261143152,0.1258281349567979,0.015738184628682535,0.1296183669063471,-0.0009331637365412763,-0.08100504325850076,0.006700833531806752,-0.0005859002770203378,-0.10161407477784257,-0.0058365440163858605
368,-0.005397594871578962,-0.07065337459970898,0.19989434741618947,0.04144036472542246,-0.04320873759297038,0.10039189155513974,-0.0033816191581065237,-0.13867272760192814,-0.02930834665833155,0.0010232961884510186,0.001654848053867908,-0.009124940438622981
369,-0.004998659552171796,-0.07863775770455482,0.2841936691835492,0.1631181068509988,-0.09839701497093285,0.09492329503759424,-0.0018602310952618034,-0.21176767201906266,-0.027752171311949677,0.0008823368261032988,-0.00800651983570893,0.03052357515330266
370,-0.00459972423276463,0.017253663498852687,0.18876619619987728,0.11383893840566783,0.051725117790488044,0.12745002019056167,-0.00480725818978836,-0.03696851260796223,-0.02572905456719932,0.000712513325998134,-0.392377850202321,0.008763697113242158
371,0.010958753224114864,0.017099549239865862,-0.03310269981645699,0.03680619170684897,0.025788714049838114,0.1007209235199982,0.003935529291513817,-0.02633048249088039,0.011525455121251567,-0.0006846125938269825,-0.5502808162560114,-0.002187883366585915
372,0.009761947265893365,-0.07115200192229967,0.05361438148435933,0.16737471351144612,-0.05366620618369975,0.15675099957302685,0.0020292267364057275,-0.03591362921639944,-0.03121661066768082,0.001142718624338199,-0.35369855542767037,0.004699221360556085
373,0.009363011946486198,0.009506797742835384,0.07301667808449505,0.12250925608064815,-0.02249574693938524,0.12232258755283204,-0.002571580786984709,-0.041884103198463,-0.014592630258693534,6.240919078490684e-05,-0.3799189349544415,0.0027565364834239367
374,0.014948106418186528,-0.14188787309567819,0.16791047291591923,0.20022783814321454,-0.07836801117629218,0.1253937684571929,5.6060840143962885e-05,-0.06424492951708169,0.0005078059516638742,-0.0004438091938964005,-0.11496392436818381,0.015124591264452793
375,-0.004998659552171796,-0.3122103003124526,0.20041848827884198,0.10511861345746251,-0.12711000014647605,0.15843065888841984,-0.00323395607586065,-0.17897149333705667,-0.026265744296824774,0.0007378067098052909,0.01622210151574206,-0.052135118745479374
376,0.009761947265893365,-0.09069290799068712,-0.1107660783892437,0.17723733689315777,-0.0719536688754657,0.12403164500946942,-0.002577740497109235,-0.036727230955912044,0.014740939416477165,-0.0007379893121628119,-0.4820935049760443,0.013309292189411183
377,0.011756623862929198,0.008163362452634638,0.10281559454850704,0.12151434063896561,-0.029399414289322294,0.10949262539624001,-0.004977855720482243,-0.046207172762162484,0.036933876295897346,-0.0010315530327529344,-0.36719136771182687,0.0153087248932933
378,0.028511907278030185,0.039650372923306386,0.01640150253759774,0.08732449331050413,0.03238923040829763,0.11601226104249379,0.002215178378430139,-0.030151921727653862,0.017448274237534075,-0.0007823826270049897,-0.5438041113757731,0.004108814652790499
379,-0.004998659552171796,-0.23517446433729283,0.23672162115064388,0.1252734686741447,-0.03351367123185711,0.10881641921445318,-0.0027005057163578526,-0.1870220447591303,0.0016091769971908886,-0.00046920079323038336,0.01115668986076615,-0.01564848903896737
380,-0.004200788913357463,-0.41598495557115317,0.3920292677746952,0.1538299381956193,-0.1352325119499994,0.09787541533744863,-0.0036499831263552135,-0.22698577784034718,-0.028862791936062594,0.0009723313134930911,0.04067973326652712,0.03465307142270387
381,-0.00459972423276463,-0.1073516353411519,0.27324755921288146,0.07603992748598301,-0.14712530915015617,0.08732446244875024,-0.0015992181330258236,-0.22133629559830595,-0.03869783621058665,0.001997053610923411,0.015820598527445568,-0.0009662287407862244
382,-0.00459972423276463,-0.3240616259550134,0.343249968619206,0.1722774550374526,-0.07114424504083107,0.1692319998391454,-0.005359452824891935,-0.12420676744292215,-0.026272173209014208,0.0007648277702812503,0.07001076861117236,-0.03131441119322115
383,-0.004200788913357463,-0.11756967800556724,0.34688801808865577,0.14934997541446024,-0.10235391997743505,0.10442004943944452,-0.0002679915463192789,-0.16424064105537908,-0.0047306988824522165,-0.0002975112213047334,0.008908651327699546,0.03685727045860675
384,-0.005397594871578962,0.04367422184207105,-0.060233936800564714,0.1635987457744474,0.028697035867465664,0.12518109299076638,-0.001312188055742421,-0.03030383675971386,0.0162215433125836,-0.0007631227482459825,-0.543568672295749,0.012585141509838636
385,-0.01018481870446496,-0.055422008902697065,0.20589841839557704,0.22686742301669982,-0.0873246042261331,0.17492366222479547,0.0008410629982369488,-0.06407198252919928,0.010613804188270097,-0.00066421744445534,-0.07529989793111998,0.02599002297227128
386,0.028511907278030185,-0.001451200143220033,-0.05785608025026154,-0.017360421753427772,0.018009001690997877,-0.06309428480907155,-0.002685275129281981,-0.01638613218273376,-0.020549418707785955,0.00035175186611206084,-0.07837423513703254,0.00029715686676585297
387,-0.005397594871578962,-0.004865357009239716,0.20305454905120318,0.001466761747341212,0.006248711146718509,0.10612003697007413,0.000266943330531286,0.013046123744587385,-0.01642727310698618,0.0001585805805703016,0.041586216433556304,0.009017245291952277
388,-0.00459972423276463,0.00271264090539959,0.12115504871993418,-0.08114733718802085,-0.04610144730047423,0.03030367198251071,-0.0050640783736807405,-0.074141856446768,-0.031121921689219356,0.001221932733003969,0.0353958374852169,-0.00551118772723123
389,-0.004200788913357463,-0.05293388264606624,0.1580477955650884,0.010649412961686873,-0.04018043346015054,0.0650611442379865,-0.0008889970165723989,0.017436630587762098,-0.018784855562992576,0.00027918514102720835,0.03247943937848381,0.01925162693623553
390,-0.0038018535939502965,0.012516637250712727,0.09642750557537744,0.18846465506851376,-0.07286981747799502,0.14388324966993515,0.0008077517178629803,-0.17416251625556528,0.01809989344461267,-0.0007897034382469342,0.027805652055086817,0.011823239376711503
391,-0.004200788913357463,-0.008311719045331335,0.1930364002610456,0.04051056595758991,-0.037533037362689835,0.06515280742333726,-0.0024256573475865033,-0.04829281780585181,-0.00899516903833752,-0.00015281222727146795,0.04678590005576221,-0.0032448017926469306
392,-0.00459972423276463,-0.17461447908339606,-0.013193192320121444,0.06223498389649378,-0.018325064629555465,0.0613168733008563,-0.00033011821941297006,-0.08950438648234502,0.006291364307754103,-0.0005734491103269619,0.011973383403935958,-0.06930346572231155
393,-0.004200788913357463,0.011950017668925157,0.15717319494430979,0.10511680986143399,0.0031941569962176367,0.09710989502264408,0.005047393005991066,-0.037118737036301315,0.0068105919460760035,-0.0005842215465735326,0.06570027465942502,0.003910632729484725
394,-0.007392271468614794,0.0015720653895588683,0.19121666719533023,0.03820707838190818,-0.019991141571957027,0.11904748455319149,0.00033184510120915997,-0.15192530369506865,0.0001459307465662559,-0.00043102453616559533,0.04763268206864667,0.010817887637152211
395,-0.005397594871578962,0.007527250101048054,0.0695562708426831,0.05277197422453368,0.01535717269872288,0.09705879173628776,0.0006317658401443399,0.042290747885098325,-0.006983379011993468,-0.00021965241821824856,0.019406173562507057,0.0033848589542577008
396,-0.004200788913357463,0.0067193937021085915,0.06776798136530968,-0.0075704790641048176,-0.0032554019828705968,0.05234130972658752,-0.0002849496291308395,0.031997676460472066,-0.01066289881031107,-9.028115008388205e-05,0.028076026118629704,-0.0018293726689517138
397,-0.00459972423276463,0.004621612653850603,0.2865583236372575,0.0314360025888143,0.013556954260315486,0.11092051694681658,-0.0022341354212094414,0.029656117337538784,-0.016329610393915717,0.0001538165987706935,0.05343981850087704,0.0035279498282760713
398,-0.004200788913357463,-0.0022466384110044163,0.11236152052291118,0.13192115819657088,0.015920246212468528,0.12072149515503029,0.0005470469798383411,0.031584439059572963,0.004981255365914904,-0.0005440296351363305,0.026493766202751973,-0.010636310363468963
399,-0.004200788913357463,-0.00016875880070392306,0.017345612770232582,0.04915382563753592,0.010054326338107376,0.0782458164476717,-0.005672606126501177,0.037855218248148796,-0.03527835767050069,0.0017793317643855868,0.0321224340395877,-0.009979099241348188
400,-0.009386948065650626,0.005945399713424248,0.22136998137089547,0.11214064389911964,0.0010196133455531169,0.10457382680180878,-0.0002566851510898678,0.008367633112639019,-0.0018447663642347741,-0.0003757095032161544,0.05463819170675574,0.004651484572548349
401,-0.00459972423276463,0.0034827401391986338,0.029278795988618753,0.01275756715048284,-0.041470653487333774,0.09143341333952429,-0.0004731115751428988,0.003328021446037271,0.043840123628025945,-0.0010963983462605228,0.03637781796965342,-0.019914232257704428
402,-0.005397594871578962,0.02887890331363721,0.143004806384674,0.022610634588997622,0.03431360342831552,0.08507359942453578,0.0023562144843672483,0.041741974814299775,0.009277659501343037,-0.0006338257056765414,0.029139507259098606,0.004484405807184383
403,-0.004200788913357463,-0.0072807791289710745,0.09750715035603427,0.04312908772010306,0.024882144660342023,0.09163988206221668,-0.001929590491285126,0.040312569890676435,-0.006967912246285566,-0.0002204862785490746,0.03206406077940575,0.0067697384965546385
404,-0.004200788913357463,0.0006396341549044377,0.1902805143094399,0.1374426776096118,0.0005619644309690405,0.10176232342410198,-0.0017367643903890859,0.02677660256674049,-0.005774753815724087,-0.00025922947897017606,0.04284702956797305,-0.01209843501274947
405,-0.004200788913357463,0.019198411193343982,0.09748585648190829,0.05309690338770569,0.031060629606695443,0.0879985879931569,-2.9235748725754285e-05,0.02667494513592932,0.024500092388799105,-0.0008808583444472166,0.028953309617736775,0.014275330235086826
406,-0.00340291827454313,0.03867027623434338,0.10528374474876148,0.04785931565063598,0.015261925238414584,0.10868234170767009,-0.0011983469179019462,0.03954483826259564,-0.010130934207060968,-0.00010913179821886722,0.050950709864494285,0.00941481898459648
407,-0.0038018535939502965,0.02848102354989973,0.0023504695048037973,0.0832654050302312,0.028747876619596085,0.07865652732017687,-0.0009161445985872132,0.026462107339566047,0.007270061906521267,-0.0005931864822427922,0.04103560207859706,0.006495955100614769
408,-0.004200788913357463,0.029799387731769465,0.06360295788153046,0.05444706195163889,0.029656924087789704,0.079104926499263,0.0035861141400766756,0.055804073656029914,0.007614940778632172,-0.0005996103058298938,0.024304767053592035,0.0010236500447736918
409,-0.00459972423276463,0.036826200670252815,0.04471327790714991,0.005712362107417755,0.009651683329071074,0.07167282790771065,0.004019467402273486,0.043330913480595326,0.02927245671503705,-0.000941911348245757,0.03683429572874382,0.0059663579229204036
410,-0.004200788913357463,0.03253425180240821,-0.03548798023031233,0.025389961207328327,0.008720826237370204,0.07186411358518428,0.0023551363545464767,0.04131416660264688,0.0015131289461652409,-0.0004622686727133007,0.0065776140259454,-0.004044332113958373
411,-0.005397594871578962,0.02362905290064088,-0.0006209945537799221,0.0646237075327243,0.01997066933672332,0.0709204268814522,0.003652808328550026,0.0409561215587107,-0.005798281043076549,-0.0002604550073676041,0.027713408101165554,0.012155053520110363
412,-0.004998659552171796,0.03899571418374512,0.023331093027433233,0.036658219453755,0.0430742671739485,0.0818699885495934,-0.003671686904223705,0.044753337097504765,-0.006074960451807088,-0.0002490441473663763,0.03011284670868431,0.005361513754346081
413,-0.004200788913357463,0.03321935537784015,0.07107821944256391,0.028131806236632494,0.022215930406190465,0.07538675562706842,0.0018270096317581392,0.027927698646681966,-0.0361618558736523,0.0019140155456833221,0.04212036534052179,-0.004079151827158468
414,-0.004998659552171796,0.03992912425105587,0.09762281163023642,0.07376205187847358,0.026063697859423696,0.09328486361847639,0.006234370055649895,0.027429192262676327,0.05848961488933805,-0.0012174995966512197,0.055507811495807025,0.003552999020343648
415,-0.00459972423276463,0.029198416640840216,-0.004578730229481691,0.037804007240389514,0.01592964211427407,0.07738857948596181,-0.0014920882691982734,0.029067953004950443,-0.004776072473690657,-0.0002925923318086701,0.041124313741056566,0.018071387885636704
416,-0.00459972423276463,0.041964313867468454,0.06576487462728169,0.020731578475367978,0.01954810955459693,0.07865471013609525,0.0005559355775582095,0.04118964204871492,0.009444619494143651,-0.0006368590528984673,0.03966840397105954,5.872415825287505e-05
417,-0.00459972423276463,0.03243644966999433,0.06101158232220132,0.11681949024574807,-0.0064407912082374225,0.11483415321515765,0.0006077213478805984,0.020423549585842856,-0.013678639466676721,3.223904258659548e-05,0.04552357871556358,0.011286508216695714
418,-0.00459972423276463,0.02976797088076039,0.011343589537227416,0.012925296629575513,0.0378695409995371,0.07971769616950873,0.002789146497614089,0.05054806651443607,0.02390518542391268,-0.0008726479235843541,0.022965742766996804,0.010556987256472555
419,0.01016088258530053,0.0317848208221451,0.04915336961145092,0.03484459742364977,0.03466494817293272,0.09324848646612904,-9.756078566280861e-05,0.04228187731216291,0.029863442566509326,-0.0009489768004678989,0.020538940820422107,0.009052080131327302
420,-0.005796530190986129,0.04069975548356016,0.06691837915489604,0.017102989418566094,0.01858644681391435,0.10026915135361328,-0.0001717602104322579,0.05687454208142608,0.034788940652515705,-0.0010052849286697526,0.03567270881155964,0.007152825798963895
421,-0.005796530190986129,0.028796952891603275,0.1307242145817774,0.06024900665478253,0.03289290282426166,0.09662761472918574,-0.000920689362581559,0.03061432519105483,0.03794943444107679,-0.0010389543708348168,0.052380973085658866,0.004546196525074198
422,-0.00459972423276463,0.03869188758814495,0.05332960141156978,0.03136464452124886,0.025193110444778965,0.06866246530651166,-0.0050451750951907,0.0406515278532435,0.007952704045026734,-0.000606908844360242,0.043895525705308164,0.0023091859040801745
423,-0.00898801274624346,0.02988957101618563,0.09870221945956861,0.014691420409818955,0.02888763052417354,0.0718409132800312,-0.002823467556193982,0.03224986189454701,0.0010463673655651785,-0.0004509261363180541,0.034992515505130585,0.003036946415144455
424,-0.00459972423276463,0.030495358277477864,0.02095055123398472,0.05722541793120864,0.034830370277401546,0.07812253635552915,-0.0013778294216544138,0.029208307031482448,0.0142600685060476,-0.0007251172305039324,0.02745147187124185,0.016536652347638462
425,-0.005796530190986129,0.026280347300434416,0.042831120251075556,0.014214205445595762,0.03970931021162101,0.08315877255465592,-0.0029182442540427673,0.03650853006845309,0.012499157620163986,-0.0006941676718059563,0.04162068511729231,0.0016419136619000446
426,-0.005397594871578962,0.02281511372002425,0.06853900442106509,0.03674671130937572,0.03411662201645392,0.06307785688309864,0.0056012822877273055,0.038369719159308174,0.05656105627829439,-0.0012030293527914974,0.03668501007474159,-0.0025316590027910364
427,-0.004200788913357463,0.03855989241831997,0.0005300411781755909,0.002843987276635833,0.030097879990653203,0.028130076414541377,0.002712723612678401,0.04302030272412006,0.00039754435536600285,-0.00043623484152936184,0.014082239162551165,0.005915615909209373
428,-0.00459972423276463,-0.10530040427386786,0.2767760271205135,0.0043495474971438,-0.10176598906535168,0.07777496041741355,-0.001709427947712302,-0.23285661487306306,-0.0003485410333660657,-0.0004192080664487778,0.02732820547083338,0.006887096516131822
429,-0.005397594871578962,-0.07823573581356574,0.09847635009266491,0.17562421090296318,-0.07740285364993968,0.10608081209732799,0.0013615777170372385,-0.17442894372440693,0.08955910613111663,-0.0014107804871519613,0.04711361444967082,0.0019624843299633817
430,-0.005397594871578962,0.00722806324238019,0.07598584429579124,0.03016160302703101,0.010514227724662928,0.06442282010300024,-0.0012641392289508863,0.005991996735872148,-0.05003219697259067,0.0070719156821115485,0.03672533999678061,0.013582688533276575
431,-0.004200788913357463,0.022576606218685354,0.0004925219849967567,-0.0691208294233087,-0.03562690164913754,0.07963397347034254,0.00010963970292223272,0.04010244217624731,-0.001474200442541265,-0.00038536448554023125,0.019796675609893566,0.00401766815893519
432,0.009363011946486198,0.012415454748542467,-0.004251827480600225,0.10177053364290983,0.01743471831337172,0.10060269364420316,0.00239089091402557,0.010041694780716466,0.017354072003524023,-0.0007765895831300676,0.02752641182824678,0.004921987341777621
433,-0.004200788913357463,0.014762942003060936,-0.02627335114701985,0.09930578298415127,0.014887615983964708,0.10865274455958798,0.0014245481641932648,0.01729717473369996,0.007666159459981462,-0.0006015608433723211,0.02755238934270316,-0.004610336468365128
434,-0.00459972423276463,0.0233417406584432,0.08592483090668802,0.1742532367385276,-0.009677931563865011,0.12440337758645986,0.002284054286978577,-0.08127547022709959,0.04032777471905214,-0.0010633948887672578,0.048065581975301856,-0.0007295561360312017
435,-0.004200788913357463,0.006318429500017594,-0.027218697521172588,-0.03960661636567687,0.009495610222671612,0.042139387307563975,-0.002939826994626369,0.01383436629873927,-0.040686105888220817,0.0028250285148459205,0.030951419857450525,0.00606776585713178
436,-0.009386948065650626,0.02294204690794526,-0.027428999080982223,0.06014289767199947,0.012871093532131703,0.08952499070226771,0.0066014942585210755,0.03522523673045395,-0.00743133965768041,-0.00020456835792295088,0.0185280451588647,0.013575903189244625
437,-0.0002114357192857981,0.03033067713812722,0.03235212623168656,-0.004016076865146988,0.026707585896977568,0.08988049606875312,-0.0016323154338153507,0.041702131529046026,-0.015810595188587694,0.00012931035038880965,0.016251679031998492,-0.0007681468978027444
438,-0.009785883385057793,0.015145528759800896,0.05413038107635673,-0.1262139049826726,0.02734643139213577,0.03927383311353534,-0.003237592034873643,0.02444574925280463,-0.022301172580378486,0.0004895443187220648,0.0208623713561744,0.00552302924543879
439,-0.007791206788021961,-0.0029093394801241812,0.020415600165755256,0.06861746117712388,-0.011146655111672132,0.06485404358736006,-0.002701478441156275,-0.06267106125654366,0.020751154820633826,-0.0008286759074338167,0.030189694323125595,0.018568032002082586
440,-0.0038018535939502965,0.027254465509939443,0.01514392307798781,0.050883024768463785,0.022001745599454677,0.12339378908606867,0.0029740259555859714,0.0345796445062795,0.04307789612529054,-0.0010894093032125518,0.03468217649520321,0.004869998533966399
441,-0.004200788913357463,0.04728952207552128,0.02492731257288397,0.007018398620022044,0.02017376528468965,0.050840021243141,0.0010399316641153112,0.051968982495097946,0.007078735104834497,-0.000588745023606078,0.0430238266203423,-0.004003409206472471
442,-0.004200788913357463,0.041146852554716305,0.05628978733834827,0.13124942704213557,0.03298033797655097,0.10022421570954554,0.0037630513460086704,0.038879500398733814,-0.01815696824725648,0.00024330074024094073,0.04891848683069112,0.0012359062562451758
443,-0.007791206788021961,0.04112277114789193,0.019485190601348422,0.07811847896051563,0.03513377521072012,0.10427554547428111,-0.0004028884531879184,0.04077766913385005,-0.02774822302886953,0.0009036573825680057,0.034884789403367866,0.007409255299483747
444,-0.00340291827454313,0.044420171845571926,-0.012359779040416928,0.01028938591762528,0.021989107729704586,0.09462677064704138,0.004625307043915802,0.0508584419712298,0.03878321818160407,-0.001047383851395993,0.028334502842556817,-0.003516365621311234
445,-0.004200788913357463,0.04494970944291001,0.030085735880758815,0.023012300511188855,0.027189219662724896,0.0944428337950726,0.002876634442635315,0.05298269631624945,-0.01848741446401304,0.00026533774012035534,0.024157694693390887,-0.0022869944026689356
446,-0.004200788913357463,0.047079854243296956,-0.01264692957235491,0.04025714354191367,0.02165527343863187,0.08542925042384528,0.0030045094394566788,0.044405281408107705,0.023616166433361244,-0.0008687403720341404,0.03639902964631001,0.006096539923434558
447,-0.004200788913357463,0.04197938490280575,-0.03182546826647503,0.005001377502624,0.032216691294161534,0.0829964659529956,0.0059983517678457365,0.05355711057062607,0.03968044677373399,-0.0010563700653961187,0.013505889778760338,0.0011615778127196997
448,-0.00459972423276463,0.04331047384860423,0.017265875254871953,0.03031797422500911,0.00865577172536993,0.08981946208105421,0.003424079640217091,0.05223362761646025,0.06098468397436849,-0.0012356361459689217,0.033223239373346515,0.004551019646734229
449,-0.004200788913357463,0.0414633636670425,0.07895282856253344,0.07243111122110218,0.030991729702457987,0.08718890512358614,0.001867485939750142,0.05484839431080525,0.024724723000460847,-0.000883957191047504,0.03168980888064289,8.21829031712279e-06
450,-0.004200788913357463,0.03741986214482148,0.014450428828230033,0.08538506285372932,0.03253125347981008,0.10009555804509533,0.00015431405685827263,0.018896528195551356,-0.0003631273586067794,-0.0004160693205587392,0.03393442411158786,0.006355652345265917
451,-0.004200788913357463,0.04173567396773209,0.03233690286089919,0.019301716545363487,0.03211303332828597,0.08413032395794033,0.0002152748037659308,0.0381396467475383,-0.0032945966431011495,-0.0003334089783039725,0.018787973424520703,0.007225452732886965
452,-0.004200788913357463,-0.06884606873785058,0.08510012076353911,0.042616294902265386,-0.006222818629678288,0.04803089620148119,-0.002125316681636422,-0.010404418839917464,-0.02430491851706643,0.0006229179598894611,0.02739252652789448,-0.003920661694980793
453,-0.004200788913357463,-0.05906853727783921,0.04233199133394529,-0.09892397865317326,-0.058284055596490615,0.028637805282779195,-0.0012128070051824066,-0.08070213327839658,0.004934934426525319,-0.0005440007405889101,0.04587954711583101,-0.010168289670567708
454,-0.0038018535939502965,0.011493364246654045,0.1179905544006597,-0.015785217966789982,-0.05168952774972685,0.024680386527519277,0.0007707996100433658,-0.10572140888761006,0.014368942198449442,-0.0007280364057243839,0.03107394133263185,0.0022791879502221018
455,-0.0038018535939502965,0.016890256786782215,0.052951779088307595,-0.14106935518936256,-0.08389433940047313,-0.017753361144188736,-0.0058139397819669284,-0.0547362579960865,-0.009761042146389839,-0.00012511456679833232,0.03378350885683635,0.004234261569434845
456,-0.00459972423276463,-0.0032219638281198956,0.04780016219892942,0.03780588737417192,-0.024663971004020627,0.056586159930908375,0.000242506875864639,-0.148449939166703,0.03382902678966734,-0.0009958342829053163,0.030158059077023385,0.016008593181543396
457,-0.004200788913357463,-0.005820268716961525,0.1098330731558593,0.09581972545261944,0.0047978380658078,0.12268376511343382,0.001289578137297223,-0.049364671582101595,0.02920130075937201,-0.0009416318357179532,0.0343768591455523,0.004898734984713003
458,-0.00459972423276463,-0.017407716177005105,0.1926732433976057,-0.012506728137084176,-0.08249057523032385,0.05007984267854538,-0.004992996158920323,-0.0515820302881381,-0.0516738699633685,0.008272326733892669,0.05047856179788829,0.018777680760859065
459,-0.005397594871578962,-0.07997007235215159,0.1845349655024858,0.014652885150047052,-0.0403832698211698,0.04920332759156132,-0.0014736506644232245,-0.02768945607567067,0.018513707448797993,-0.0007948723002288159,0.04540180399921136,-0.0411204466414324
460,-0.004200788913357463,-0.013201504803778453,0.03124520667400213,-0.10280060612415894,-0.033209945799762136,0.032163733599729606,-0.002365878250125238,0.009008449736717264,0.001353426471240603,-0.00045885108164970704,0.017234223743673765,0.02247872551498628
461,-0.004998659552171796,-0.07265547741786285,0.05760129894170804,0.07275544283519342,0.013389527291666151,0.09805010777481801,-0.0058782563311779,-0.11952366427459224,-0.01926844507082819,0.0003007419921925094,0.05250636634102058,0.010403717172076665
462,-0.004200788913357463,-0.12786163393575029,0.1229379042850091,0.09323278418159901,-0.025916758852174003,0.08071486827705616,0.0006929470521066933,-0.10367838244520915,0.0250307676759098,-0.000888827470794464,0.04105649104665845,0.0066111295629572315
463,-0.0038018535939502965,-0.01834406025409983,0.12440180739288013,0.05559948178521335,-0.05298944501961126,0.10696016667830384,0.000629069980101529,-0.07762368594759593,0.009371874891435298,-0.0006373464473947371,0.029219386481689855,0.000988605936671097
464,-0.004200788913357463,-0.03306260676758672,0.10488591998211252,0.06035403099206722,-0.0022642584475166296,0.07460363556896342,0.00317217358623342,-0.178367637454574,0.036477803777985436,-0.0010251816435075042,0.049063223322622494,-0.011854965511514697
465,-0.00459972423276463,0.017902661803324386,0.11928040521686947,0.0694574081025387,0.006076104513443034,0.11015530489084312,-0.0007999330113730256,-0.17695207346575598,-0.005133561146476795,-0.00028263279981163787,0.03305318618064557,0.009527193265126195
466,-0.004200788913357463,-0.043532184786154,0.020303917301746507,-0.05082691852001884,-0.018561797835792048,-0.00952771112981025,-0.00022693119114985589,-0.02286256528514115,0.008402877245062076,-0.0006166865256273843,0.004416097564959205,0.028229492284312045
467,-0.0038018535939502965,-0.013776702046914209,0.1047772266942967,0.04004925478328401,-0.031152969197950145,0.0772171479534165,0.004198677166328552,-0.15207174978111138,0.042909327269612996,-0.0010886861151913245,0.05180395832948231,0.01910839948772902
468,-0.004200788913357463,0.010989840910978205,0.03818829273818107,-0.07604258074151872,-0.037381624813265964,0.025127712357618865,0.001960612765873559,-0.16781201892044778,0.0001775017618058913,-0.000431846442981535,0.019053400272792953,-0.008338970084181012
469,-0.00459972423276463,-0.019959298546770882,0.09690400978883146,0.06969512526128419,0.009544926085204929,0.08408881583388977,-0.003978475410868227,-0.09834487457786735,-0.031245437780170287,0.0012429644566986165,0.03282407905962927,-0.0018307831641732766
470,-0.004200788913357463,-0.11329799130353899,0.0176366124145097,-0.08302535870773058,-0.02475645809179766,-0.02398438664178782,0.00035164781953702815,-0.2032330676065393,0.00880465383244685,-0.00063069954895665,0.05900634993218395,0.020293999284886434
471,-0.004200788913357463,-0.09844253336490548,0.06618088349883165,0.09160014481799594,-0.0696888034708611,0.07137967921341777,0.0012584344472561068,-0.05395760467709105,0.01840900913722102,-0.0007936931216713227,0.04079351791245984,0.006295191799701349
472,-0.0038018535939502965,0.011453738934099218,0.03463637844690629,0.07902785522564437,-0.03380893741685696,0.08131399080082832,0.005205997970305072,-0.16651157522871718,0.04155436371024191,-0.001076465370375854,0.014579584255032389,0.004722428287244069
473,-0.00459972423276463,-0.05708502234170893,0.02498537129848862,0.05151878504225831,-0.11614136183172309,0.049845052231182053,0.0028601628423540913,-0.1717844363346079,-0.013241102186561856,8.777566035794642e-06,0.0045602149868146,0.031078310255814548
474,-0.004200788913357463,-0.00492106516275788,0.06427975358097754,-0.07675185647305119,-0.03742897514949065,0.08956443712348822,-0.0017321969742868113,-0.018036548874681663,0.0007433716441748534,-0.0004444223808469144,-0.0163403230229795,-0.014534328421055839
475,-0.004998659552171796,-0.011617043496526404,0.10383074495532903,0.024986386768888178,-0.031777134430094445,0.06253050697049005,-0.0033189466300366775,-0.07866201306097154,-0.030931534917018003,0.0012034574301109744,0.032876030041018585,0.008511018109994405
476,-0.004200788913357463,-0.0692286133261273,0.05671253594601328,0.12953666512909662,-0.05079266017700201,0.11344694858093776,-0.002046105056607597,-0.1673817632542592,0.014151847424762505,-0.0007262198385277976,0.016057284696572,0.0006651103508220299
477,-0.004200788913357463,-0.0035189837890912986,0.03095655408762075,0.03183680536607159,-0.04546324441889551,0.04552827684191185,-0.0038069842232068673,-0.0618174825670418,0.012729616463213593,-0.0006991205359666699,-0.006208984109621964,-0.0005249424619061294
478,-0.004998659552171796,-0.02065459898111711,0.11905391214093065,-0.061454726373189314,-0.1584113686451602,0.11022027848487553,-0.004940719295062228,-0.056041527677419795,-0.004509757548621253,-0.00030066726581465074,0.004134995525331262,0.013934408359796289
479,-0.00459972423276463,-0.049198859489176544,0.03797428151037634,-0.00016872060369065825,-0.05910606530031493,0.060067408631652164,0.0016294547370305848,-0.15793447031258528,0.002340880374187549,-0.00048574558030693444,0.04603552763080033,0.0037025830959028705
480,-0.004998659552171796,-0.05208323456550817,-0.002333482491406896,0.10658145118792915,-0.07755997979756685,0.09544881934351167,0.0026563138758960506,-0.16421759391248017,0.02090547076853582,-0.0008327049830870106,0.01587261506748345,0.011100400150969058
481,-0.004200788913357463,-0.09438536359155118,0.12995020748278271,-0.011359998281358396,-0.03136962106124766,0.05102465942024859,-0.0007373789902959696,-0.16293452249937443,-0.0398098256691795,0.002486615315045686,0.015084166169606983,-0.014539216215377772
482,-0.00459972423276463,-0.07651441501690602,0.09849207955112586,0.06800889815900824,-0.05856355084391657,0.13064558542331486,-0.002424923092799291,-0.1150848266430073,-0.030886632380150984,0.0011973758377625723,-0.018738245044135977,0.019981033502910858
483,-0.0038018535939502965,0.017081300806360344,0.0638796357888174,0.08514994388021006,-0.03967060875187859,0.09197153864681858,-0.005378662693222045,-0.1524677785593599,0.0038588885215988726,-0.0005225487903760889,0.03832480391441503,0.012164878171898114
484,-0.0038018535939502965,-0.2831846676305414,0.08633742284843118,0.00013242275990235414,-0.14160801772422124,-0.06433351157241772,0.005488743579786275,-0.11640867098998267,0.038032037404951514,-0.0010407422252207206,0.03490259930819536,-0.04590715038908812
485,-0.004200788913357463,-0.05399337615943115,0.14646709426476764,-0.09549831162082477,-0.07868960406967507,-0.013756434941839155,0.0005139858383322574,-0.18384057606161505,-0.024514685065905692,0.0006245273163274354,0.03230235867545156,-0.0021893202944669263
486,-0.007392271468614794,-0.006256463244007308,0.10061637285078921,-0.0448887253419054,-0.05244034395966895,0.04737837907939665,0.0040708916126864165,-0.16221939441230276,0.006200772818830227,-0.0005734051879839073,0.04942599556246535,0.009386466165512124
487,-0.00340291827454313,-0.08103629718821864,0.12586491061090435,0.17738032145228844,-0.04521628929978078,0.10944104103777398,-0.0026867978172910706,-0.16671628159918966,-0.01168873121083832,-5.5494387618424216e-05,0.049815419774436334,-0.021161573783693908
488,-0.00340291827454313,-0.04072809270294094,0.0944479833020215,0.021767996163677986,-0.048752272204727824,0.0569635110858818,-0.00297802350194444,-0.1288097437561921,-0.013630357205074866,2.685768414097044e-05,0.03570441918533082,-0.0006969429081758273
489,-0.004200788913357463,-0.10602996353111459,0.12354715512720547,0.027334829858154733,-0.034051879735658236,0.058986237186338844,-0.004256712317684378,-0.21150933545777148,-0.02289143006418415,0.0005144368684477697,0.05321582259359991,-0.01427119730230128
490,0.01016088258530053,0.0075936576702406,-0.023977642715438712,0.19978228842110696,-0.023253475125631966,0.12977650481577255,0.006151629626035703,-0.1395554751539615,0.03928360270033953,-0.0010542845206810661,0.00782867210554906,-0.005778893279469569
491,-0.008589077426836294,-0.06420064132722868,0.110987785411831,-0.11501519377392472,-0.04702239464824312,-0.01776504516279362,-0.0063739108971787115,-0.24907490939221238,-0.029336309926462294,0.0010326259635555755,0.01607188754042767,0.008719606025437747
492,-0.007791206788021961,-0.06273226959478721,0.16926493017153954,0.03963882803097097,-0.11445420004036076,0.1309600424393171,-0.00254889313497387,-0.2142952430370608,0.012080170230655222,-0.0006886095221904215,0.03873839424701331,-0.004048028576388213
493,-0.004200788913357463,0.014043365492094178,0.021910462705774757,0.07866161732965196,-0.02114870774436592,0.08961474667073667,0.007577441547169207,-0.14590444290654492,0.06635069995822118,-0.001273789950663466,0.05431415984716876,-0.0019543350821099306
494,-0.00459972423276463,-0.018272758956143307,0.004791838703015911,-0.012636956220401122,-0.14134339585706338,-0.08885034236321551,0.0028249144452887685,-0.08875668329365496,0.01357707665290629,-0.000714362392602295,0.05642194975800251,-0.006218236005429567
495,-0.004998659552171796,-0.011954708316639197,0.1231627635144761,0.06471380996529724,-0.005484162607351908,0.07088893853135278,-0.002629185254626837,-0.03457743347222415,-0.02306421748720159,0.0005363418492310796,0.02642564487262139,-0.00531562171263576
496,0.01016088258530053,-0.009114178742635036,0.1129301535964675,0.055428515867144465,-0.015769778020719463,0.031248328542779168,-0.0043568974826022466,-0.08518505308963978,0.01573650708265641,-0.000751244019613381,0.023493715443330978,0.006305846157124241
497,-0.00459972423276463,-3.724048125711838e-05,0.1420492576104014,0.02109234898612225,-0.013307546328928912,0.09384783082879714,-0.0036157177149824028,-0.053456551394995284,-0.05188183561650133,0.006060505897831547,0.03153851856973395,0.018897903397726602
498,-0.0038018535939502965,-0.056291798714631844,0.06432986130011753,0.07005672493078699,-0.035603881959948985,0.05798488367060801,0.00510019394199974,-0.12898060640862632,0.04526274899744983,-0.0011102018831360642,0.046125318773236265,0.0074529318179570305
499,-0.00459972423276463,-0.03049494368151219,0.018134489927200594,0.029173177654484204,-0.08633754289646543,0.06634357656077526,-0.0011428630375267237,-0.08223918442068184,-0.017282064960099285,0.0001979647347413808,0.03334503980718744,-0.000977310839800927
500,-0.004200788913357463,-0.22441181058410986,0.057776181558097,0.03393083841331941,-0.011920542042532331,0.08874341097761146,-0.0021749818720154875,-0.1614999823859523,0.0023576451781617226,-0.0004863796530058176,0.0587015102980588,0.012921263588028656
501,-0.004200788913357463,-0.014003555257919258,0.09292140272656119,0.1487718654563273,-0.023958305231283693,0.11941521359758059,-0.0034653248819019812,0.017650589709894075,-0.02032607548592793,0.00036644824522079675,0.02919162441564198,0.00011559403733746058
502,-0.00459972423276463,-0.1921721937875858,-0.00665474096749445,-0.06354773581176701,-0.14396262936482615,0.04711197920689858,0.002083665509440812,-0.11389148753433702,0.02408451062225048,-0.0008763743375946211,0.03652185101504275,0.04180579611186861
503,-0.0038018535939502965,-0.0159089219680637,0.041886324296321005,0.0812978491355983,0.009842754863000782,0.1168885873435676,-0.0003492600932034769,0.02226477039632802,0.013483309347092166,-0.0007119956899715751,0.02773735408545969,0.0025586515191833945
504,-0.00459972423276463,-0.008174325379286938,0.03910571717528848,0.005928852595941507,-0.01806341305791972,0.0594991698407326,0.005101673774535388,-0.04289988656450653,0.004803865725726952,-0.0005408466828005242,0.04421306574972996,0.0035200234890509618
505,-0.00459972423276463,-0.007059406100051826,0.1353664471322812,0.09027743880546649,0.012738740177750379,0.07876675843240004,-0.0018189109331357269,0.03562320386895605,-0.019203667946579493,0.0003035064655734152,0.028952389494596737,-0.007874532682706674
506,-0.004200788913357463,0.024609576267923667,0.03996569433316168,-0.04794281531280965,0.01622574716924718,0.01850123630258217,-0.005154066132714902,0.005783838634232682,0.019922406725628252,-0.0008159672523039303,0.04071717417425778,0.002253893382391277
507,-0.0038018535939502965,-0.008781197155976398,0.037653664150619125,-0.010593899248274495,-0.031635274985909546,0.07729057494959604,-0.0021269501830069506,-0.016689915689986554,-0.0006843329717645879,-0.0004076544448584765,0.038848726792540096,0.011861636951153987
508,-0.0038018535939502965,0.018344819881752343,0.12858924308896422,0.1009439421447594,0.030759011848181708,0.09561886304798524,-0.0004929486140727063,0.001380431270000912,-0.009538066267570672,-0.00013260316667835148,0.048976011911165074,0.008508351853257096
509,-0.0038018535939502965,0.0128992137535529,-0.04445592803599899,0.050867810665921886,-0.0021871988123916873,0.10768271631116515,-0.0031501917347594747,0.01923156509498341,-0.03350184117675262,0.00152528948451167,-0.0011948527985957472,0.007478268701474682
510,-0.00340291827454313,0.005987286497708626,0.054687489814393815,-0.06448508415280715,0.014002607771419043,0.04429855680149364,-0.0019088201722450664,-0.03661420505587554,0.030771985449747002,-0.0009601567737232176,0.044200856726293765,-0.009180575278612619
511,-0.0038018535939502965,0.03522882962688749,0.04592855946135609,0.031117275012517185,0.019855336635740625,0.07318857596989635,-0.0004676399854450123,0.042863999750462525,0.003458817911402539,-0.0005092683428124932,0.031060845848107657,0.0010474156769105648
512,-0.0038018535939502965,0.025538841940517563,0.07525512974700416,0.03672322300889669,0.016594633442634128,0.0887493726578237,0.004942028672730603,0.031099393605083184,0.02419011110972198,-0.000877352980537238,0.03077403542109759,0.013273462125124837
513,-0.004200788913357463,0.010437754542021598,0.06127601015919123,0.0319731770354395,-0.04211634607054461,0.10461764403781418,0.008599009311624023,-0.015809912247774262,0.03624175159583446,-0.0010211985233018316,0.03456012916280684,0.01583522527946248
514,-0.00459972423276463,0.010362944495709339,0.04658393703169268,-0.03175494760137307,-0.020302302265813914,0.09322006870421215,0.0010466200436870668,0.028121792468712194,0.020831382058367934,-0.0008293307303998877,0.021315301888153376,0.021937095830113305
515,-0.004200788913357463,0.03519820152227623,-0.0010480187985864003,0.15289760043615996,0.027476239538107863,0.08780262935625227,0.0067306064997322375,0.009210774295309114,0.05975691037696471,-0.0012269888634966494,0.03671023964084252,-0.002072648331942624
516,-0.005397594871578962,0.04109169867195675,0.019230701262234907,0.03887184661919527,0.022910384624821856,0.09161781282754095,-0.0005224302976277453,0.04859686669107799,0.009875415798389381,-0.0006450716695520074,0.03026015989281992,0.002569754828413863
517,-0.00340291827454313,0.033619290711497704,0.029225912694189896,0.09007678133154287,0.04031004449648217,0.09809509739386715,0.004597226736817958,0.040379892247830014,0.052232505867773955,-0.0011690477658905345,0.03375270713754712,0.0034809569786886044
518,-0.005397594871578962,0.032639236866955336,-0.07303102145554209,0.013435928970870663,0.007976865849088261,0.1260750536819284,0.0009427868960129064,0.03268190536303243,-0.02516393564871863,0.0006919079687584751,0.012734132156564118,-0.0021078496849516464
519,-0.0038018535939502965,0.031421656745390346,0.0415424269712805,0.05206862543965937,0.020373737344898498,0.07768957042796919,8.489403684703137e-05,0.02149213952538077,0.006144481946016975,-0.0005694984920505042,0.04589124202085654,0.0022584640515424534
520,-0.00459972423276463,0.03625964432743378,0.04431318293470249,0.07215174793407789,0.04350124809909338,0.11334582909569597,-0.0005088730648717581,0.05523307899944837,-0.02227303502765005,0.0004883905473285423,0.029470895981261187,0.0023922732282950243
521,-0.00340291827454313,0.0282992842151839,0.017945432998752474,-0.0008857676932005323,0.010159740168309063,0.08122705856317444,3.762807457652546e-05,0.0484693476178561,0.019045393462293003,-0.000802474397257696,0.037780082099862576,0.0027295730098205015
522,-0.0038018535939502965,0.03771445073861931,-0.0327077052311913,0.00935118909009678,0.02188142494386558,0.08716332594882871,-0.0018709312297735712,0.04711282806738572,0.00406145100078914,-0.00052299520825428,0.01300684005725436,0.003033548840629717
523,0.0021821761971572004,0.0383395873419138,-0.012551960884985364,0.02644190019772121,0.04264773374518786,0.07195821770827307,-0.002591976887916951,0.0519754962514507,-0.024137188042895066,0.0006172094244500141,0.01280917424686864,0.009103345001046061
524,-0.005397594871578962,0.042557922908851666,0.03572593553010408,-0.022274470862994115,0.041348064660370124,0.07327347027284943,0.003537001682170036,0.05746424770881548,0.0338560123074908,-0.0009950168436687183,0.024760865999427322,0.0016895872088702004
525,-0.00340291827454313,0.034117498805003185,0.06926467507174296,0.06743076035364806,0.014325266190373272,0.09883692771443231,0.0038395040308491397,0.051073443732821903,-0.00796336223840694,-0.00018710755926303657,0.03860229737871077,-0.002216413239241132
526,-0.0030039829551359635,0.03969484034776093,-0.03458868428985408,0.032273908686435766,0.03414952551340879,0.09001117823874097,-0.002966627439444082,0.037389850653906695,-0.018200133050818964,0.00025009015451664813,0.017467455290735723,0.004637746411683898
527,-0.007392271468614794,0.03046311805077444,-0.027679680993398164,-0.0033708910321224358,0.02923682930217756,0.054982245274654604,0.0015350551446335907,0.03965184629137161,0.017171528163241953,-0.0007731446367056429,0.02212514862476605,0.014515405499130295
528,-0.0038018535939502965,0.030748106819096045,0.017141458226364776,0.06942787771042556,0.036248537106198214,0.12401100833538643,-0.0008701129539472264,0.04603622330627485,0.0005004147305641067,-0.0004370358824059996,0.026792980354000608,-0.0029305335460438854
529,-0.007392271468614794,0.029678057395194073,0.007341723890237059,0.0415344089283288,0.011235671844601475,0.06535079208884735,0.00019857773286976945,0.021141084446822393,-0.0421538482728392,0.0029080549553235796,0.0394730493186857,0.0020548367730093896
530,-0.0038018535939502965,0.021224804176913824,-0.021951580798933345,0.05085078910668066,0.0029041284951188072,0.07300972542792013,0.00424258282109536,0.024888747120232816,0.02283163252579181,-0.0008581088778073314,0.021818979892097565,-0.00433451872474731
531,-0.00459972423276463,0.03762478786575937,0.06771424423826287,-0.04767361892414641,0.015123578335628444,0.05066276264477627,0.001983795096283859,0.029207129071667153,5.2969171959843785e-05,-0.00042561604427096127,0.0544885448032434,-0.011092593542466266
532,-0.005796530190986129,0.03583203814560103,0.008358645057679394,0.023552730581082613,0.028015256005022537,0.06985851901829487,-0.003728276131434111,0.04755850317512079,-0.022084611605813986,0.00047497491392705325,0.01707805331151341,0.004650389590178185
533,-0.005397594871578962,0.028285873449143847,0.032165583511270475,0.0751885278531807,-0.004556269512362809,0.08376728736482401,-0.005097493062305414,0.007314215120050125,0.029498665028378557,-0.0009447497494692988,0.03266031863606915,0.003674127575696648
534,-0.0038018535939502965,0.03874302395798552,0.03790276227175291,0.011164090157147031,0.029652132012845885,0.07500225380354154,0.0011725330800961991,0.04660177782340581,0.00038757927894551505,-0.0004338371080621264,0.03341404409228271,0.002175808682647208
535,0.008166205988264699,0.04202741610367187,0.019878897550863087,0.0127808303047689,0.0262652114057717,0.05284427845032753,0.004173047274445439,0.046809525588662644,0.02169906099123291,-0.0008417746011897997,0.027459244786563065,0.006298842393137797
536,-0.005397594871578962,0.03568255107268383,-0.0008643778892448864,0.027127626732184454,0.04737857384367691,0.06487718560125863,-0.0005946555947989939,0.05764596093756466,-0.007681021977944402,-0.0001957338017295457,0.01856488139865843,0.0123235487780855
537,-0.00459972423276463,0.04454988386299146,-0.009095673986350182,0.05778830106493751,0.03161980545130904,0.08111525459326646,-0.00047311707469038046,0.05142189508890752,-0.009994814994856993,-0.00011428663251240645,0.025185790102144136,0.008054091478237008
538,-0.004200788913357463,0.04039214945092672,-0.003504635215652487,0.03437039926465527,0.01353807917814756,0.08607350887263696,-0.0010456485329050302,0.03780021437046859,0.029535393374387525,-0.0009450228799131702,0.02927260419262934,0.00937594097812172
539,-0.004200788913357463,0.03887056747397094,0.03782464984596212,0.05149428738564181,0.03601085301070189,0.08292725882030706,-0.0014300972728522384,0.053988011955008054,-0.0005088131469255012,-0.000410659401625207,0.021274825261965113,0.006954564804215109
540,0.001783240877750034,0.01769316807994468,0.04362966096619531,-0.0457902103184403,0.033423297990599406,0.08442561404704431,0.0005349820740915163,0.05467590542407879,-0.0060594898069088275,-0.00024931907323450653,0.015014062165940338,-0.005651857996933241
541,-0.00459972423276463,0.0415382050246026,0.06882332216740418,0.06994507963118927,-0.020014919029070287,0.06549592692551474,0.003648841514275543,0.046744636149832194,0.039718543509772254,-0.0010568103274105087,0.043430749008419214,0.010600651328136193
542,-0.007392271468614794,0.030330297861233608,0.05120189211513783,0.16497149384513948,0.02012622564986837,0.12272178531208307,-0.0012449433917563174,0.02995330786504633,-0.02400376512335153,0.0006056870144391552,0.02154346376500992,0.0006871643777231407
543,-0.005796530190986129,0.02193647903091947,0.042912924544146004,0.03526341517509071,-0.001188752715876819,0.059893352905559756,0.005122550107164154,0.029882448601662528,0.055022950751761425,-0.0011913038175993707,0.04599826773134349,-0.0012366143570543076
544,-0.0038018535939502965,0.03927015535111629,0.0598634717821632,0.01797847936422288,0.0029163714038723614,0.061979955991539756,-0.003568907452854154,0.03581528268161091,-0.032100210244154256,0.001352569098470905,0.0438067808457827,-0.0043975382246881495
545,-0.0038018535939502965,0.032901779253169415,-0.0037380883386260817,0.02734517324977793,0.0006583749530382674,0.09354671847916131,0.0006792822381845306,0.03393551868216901,0.026655614145266297,-0.0009092063748651632,0.03713468943042756,0.014438312468518033
546,-0.0038018535939502965,0.03199117856521756,0.06656390888653439,0.08254957339801469,0.01953454974874139,0.09785947728807415,-0.0008416099993621231,0.00017516515822286387,0.007117711565999255,-0.0005902472357626707,0.04625309017678021,0.004270784701404085
547,-0.0038018535939502965,0.031091982203005998,0.04802512749645988,0.05720616762502325,0.021136886527147136,0.10270579856574022,-0.0038342880709535286,0.05806859137583666,-0.048220020677414994,0.005651531836799463,0.023335201848883606,0.0003244368089046449
548,-0.007392271468614794,0.03212136822528922,0.03857202086525581,0.022020517079768598,0.02862039312311425,0.0836908016203674,0.004656747325825574,0.047967411401952306,0.006610850302934258,-0.0005790565896814182,0.020661690300904034,0.0072702927031092325
549,-0.0038018535939502965,0.030265364021574023,0.06849372710315112,0.03458579827573038,0.01610944688050745,0.0846936997884398,-0.0001080613409206483,0.0323855091613108,0.0037141784077373797,-0.0005151005568188106,0.039571271085463794,-0.0008715083219377723
550,-0.0038018535939502965,0.023935708488557108,0.03205625131984495,0.08892641948772877,0.01989373912494237,0.09348342062484742,-0.0008363168237222909,0.04183372753411018,0.011664446835054939,-0.0006788106680272844,0.02693124359372903,0.00885806170606388
551,-0.0038018535939502965,0.026601492830454394,0.056915903570490256,0.12700597145157277,0.018330997122351284,0.11444955280405744,0.002314852620435404,0.020597887421341488,0.013528082416952799,-0.0007129499868950824,0.04790025209699805,-0.0036570299987245766
552,-0.00459972423276463,0.019382150556846223,0.06232443954186297,0.05536454698297137,0.014064014375902682,0.0898672846834861,0.0029228208743956913,0.02956591806934846,0.0447038391536538,-0.0011044753392706317,0.03907551221602159,0.004504189743181384
553,-0.007392271468614794,0.02143553740129121,0.1189064391058114,0.08256591697232495,0.02076149761759432,0.11047209093040389,-0.0015858471436798651,0.053612563114540365,-0.003101509467600152,-0.00033927946766561316,0.024283102184561225,0.006962226063450464
554,-0.004200788913357463,0.03133335758496996,0.06106749482657952,0.06201184283415056,0.011676030288315499,0.08747258531352307,0.0007217257233660811,-0.06349136091171012,0.034337230609547305,-0.0010011089636331198,0.06521660595264962,-0.002723539120289843
555,-0.0038018535939502965,-0.0018005655026200156,0.08237689175961914,0.013831816590529691,0.03026678546187737,0.06863512350380394,0.0008409069770461469,-0.023821801898416428,-0.004881406833544205,-0.0002872137155814492,0.04888842652279657,0.005263375058456638
556,-0.00340291827454313,0.01855193321112783,0.08045548819273951,0.014566318401633506,0.03553120712063129,0.06963995817282895,-0.0004966545533568355,0.01783893268549342,0.009848648708907549,-0.000645065373315407,0.04189540573095149,0.005676239834495803
557,-0.00340291827454313,0.03012337674341414,0.008619687513448375,0.0435655341633653,0.033791044240820065,0.09255408333717483,0.0040870143324619,0.05370404184420861,0.01252963354464647,-0.0006942570169989551,0.011820558884943462,0.003354699705529364
558,-0.00340291827454313,0.01913424342306844,0.08441166145512545,0.030221611409825835,0.015524816371601727,0.08923865973913726,0.0021554809055455643,0.0147494821620262,-0.03860620033719423,0.002362088570826038,0.04183096311476736,-0.0017685954481407205
559,-0.008589077426836294,0.008830172666599273,0.07213170113988304,0.04336428046025607,0.017403257200195237,0.09434755133242252,0.0008474325349349289,0.036566997556780154,0.033360265091308856,-0.000989652529848333,0.015585236662094788,-0.007765200107929445
560,-0.007791206788021961,0.013891950612315856,0.06548125830141081,0.06683836130924331,0.013810199846742978,0.09463323049353566,0.001788156960715968,0.027102646257128573,0.02004541015272147,-0.0008177877044353797,0.022825775234493924,-0.005621183994781089
561,-0.004200788913357463,0.012978194168384662,0.07348759771216098,0.04227032596697962,-0.004940348617182279,0.07774853714979846,0.0011614796789760442,0.012540519066883653,0.027447940096413236,-0.0009194473264439128,0.032855768908594055,0.009034080569810062
562,-0.004998659552171796,-0.002810891984726181,0.09470559580212533,0.030630357859332952,0.007995480547143536,0.08266700917358397,0.003119730870297575,-0.05968914745340985,0.04161635025807672,-0.0010758442128722576,0.05225250391024136,-0.0077128921585933406
563,-0.004200788913357463,0.027018324530602954,0.014549358642314372,0.073099671561878,0.0027501653722697412,0.08552685429094756,-0.0003149221378477332,0.01835924745451327,0.010131971877449788,-0.0006505280939443337,0.04790895876263156,0.006491037618921358
564,-0.00459972423276463,0.03772513745591791,0.06746382589373544,0.011791449767954706,0.033483497815006674,0.10226209323838632,-0.0028764401122352177,0.04685811820830914,-0.024753912004488315,0.0006615795791967112,0.025371618089797123,0.0007815047851258907
565,-0.0038018535939502965,0.005552268557237204,0.04239242003457385,0.07375239520912219,0.003759787979656059,0.09262244191377213,0.0018625682097367863,0.02089309941311725,0.020131132364498473,-0.0008191876468411815,0.0323440824893729,0.008811333873483039
566,-0.00340291827454313,0.01844872702182429,0.0265263975285893,-0.00668648502696723,0.017784820457925423,0.08411730416901526,0.0029315827780524925,0.030828617428587144,-0.04322765598528899,0.003515420457786355,0.03741938898815068,-0.0035368578635423284
567,-0.00459972423276463,0.01783887045085881,0.1268097527394579,0.03815544909277663,0.013262358454529779,0.0849374099139909,0.000906925175483916,0.02381271996914203,0.040683168354069786,-0.001066605033739469,0.040906286468579245,0.005962181963022343
568,-0.0038018535939502965,-0.014523086462667995,0.047914113246138666,0.02233295055399339,-0.017049996583815438,0.07128923849348384,0.0024972056768680917,-0.0007589042688968271,-0.015745299664640985,0.00012478558765167345,0.04236782425606915,-0.001441448888289521
569,-0.008589077426836294,0.012059453106008703,0.04760447426626602,0.09988000319594294,0.01579367573971904,0.09139080985393357,-0.0015383138024531995,0.02342614758597989,-0.0310700681916355,0.0012302480640871433,0.04652827351852332,-0.0009200405216444429
570,-0.0038018535939502965,0.020112565713655068,0.0852809436962632,0.1148368974647628,-0.019061077162891342,0.09604740028592212,0.0009897952222125733,-0.00710139607527153,-0.006768968026768829,-0.0002282381448454007,0.048275952876393455,0.0006075754828651786
571,-0.005397594871578962,-0.12508028324685522,-0.06152312182745487,0.15121224549879178,-0.15609752294421564,0.11409173826294369,-0.0019057740391394235,-0.016100547602356376,-0.022691849977417366,0.0005096864700843908,-0.009847154038916303,-0.014044638556539497
572,-0.0038018535939502965,-0.06364808114361956,0.10119319935202363,-0.0777760662076993,-0.05933688783104263,0.07640418109019886,-0.0019441494188512391,-0.01190906156133089,-0.0025730518316634523,-0.00035586957703587674,0.04533859312266579,0.006123124379389688
573,-0.00340291827454313,-0.04925723814963977,0.052567490193761265,-0.06795192434141117,-0.08976971791750864,-0.02785939165995103,-0.005159542432142491,-0.1934564147504788,-0.02488529868750174,0.0006590373995923824,0.03693310181980109,-0.019431588879360764
574,-0.00459972423276463,0.0035891509580397744,0.20172490648492242,-0.09741351308612758,-0.025277435732383814,-0.007302110291889484,-0.003458128905467127,-0.17315050398823795,-0.020297206947658113,0.0003586100214998409,0.05338693229499569,0.0017015991826208592
575,-0.004200788913357463,-0.022136751884596764,0.15024940271645532,0.07235043205234248,-0.05059527632854079,0.06226715175393328,0.0028398617329574213,-0.1979079578699424,0.05232743203563064,-0.0011708193385262895,0.04613697420612573,0.00909928382115997
576,-0.0038018535939502965,-0.2087632779108036,0.1462643649909794,0.058977642653703345,-0.05171970709293317,0.07141273984807205,0.000623618533859834,-0.06786645277054887,-0.03190164224686737,0.0012895232745501145,0.04632104707440015,-0.012793084687139647
577,-0.004200788913357463,0.01213826681441345,0.14554044884996936,0.05690887246190775,-0.017671396677759313,0.07578327992693457,0.001229060736234876,-0.040320937473637124,-0.0006336315582095718,-0.00040924177952665326,0.04445056174775447,0.01406749646386853
578,-0.007392271468614794,-0.02012626554573657,0.22318291962841852,0.10574505863409435,-0.017703944171632523,0.10569367984699703,-0.0016693187226652594,-0.10783066866448271,-0.01446690606656555,6.366729698860557e-05,0.05171361083496048,-0.015947872486859194
579,-0.00340291827454313,-0.0012631779813022175,0.23552682081322235,0.08734421385951315,0.011785665320206742,0.09422565124026583,-0.001302666520608384,0.022581104266144295,0.0012670785551058949,-0.0004572073639883942,0.03734279647012011,0.01269550414165616
580,-0.0030039829551359635,-0.09019959181028626,0.0632216681674565,0.0743024074468419,-0.06482442795542996,0.11563039121898297,-0.005437106369719378,0.005533256027176725,-0.0324590352642673,0.0013857281456121663,0.034103759741246166,0.043335476470316305
581,-0.0038018535939502965,-0.04674840706957889,0.11922826665605919,-0.07911272911223484,-0.055512703388078954,-0.02016504147546771,-0.0024308158139836394,-0.05020188183293252,-0.04018601289629451,0.0026938630082914672,0.03478562180430632,-0.001082114365916489
582,-0.004200788913357463,-0.03684918031657283,0.1973016735656063,0.008220358309344377,-0.039532875112759124,0.07155219810383381,-0.0014388259857155594,-0.1790114327640783,-0.015080767975920537,8.165678220304607e-05,0.030865621802216074,0.006077559917522662
583,-0.006195465510393294,-0.03329597516051797,0.16241336921277472,-0.01590882630913046,-0.025516977696407712,0.009714149573430706,-0.004492187353385634,-0.1042233991069417,-0.012935126164814731,-1.870450972502375e-06,0.02662593491458066,0.016174873312952195
584,-0.006993336149207627,-0.047189979643744336,0.08697708835932177,-0.07828810655315195,-0.10942909444163296,0.005336638261127963,0.0013964338554432849,-0.14579855793658517,0.0005756554564966887,-0.00044121710372302094,0.010476328498379569,0.03567811241881199
585,-0.00459972423276463,-0.06972632349243243,0.16880034004794903,-0.03757318645115521,-0.026412652510545392,0.06548305749965648,-0.004038458717129236,-0.062198295231706224,-0.03592320103223978,0.0018642122472454072,0.019237667116846942,0.022534241596675723
586,-0.004200788913357463,0.024393519211872387,0.13278117407151163,0.10671001143973148,-0.07547980124514132,0.11046736538238083,-0.006262095608821913,-0.08375503141736768,-0.048263517111759045,0.0049590495440520405,0.026776718301219794,0.0035365982889470618
587,-0.004200788913357463,-0.014723615346322518,0.09668929479146894,0.02009592120494481,-0.0922977823175146,0.0400408911645925,-0.0004385764649212106,-0.2077374282324101,-0.006559707611822858,-0.00024179698092247843,0.01617065893344303,0.018751510257180835
588,-0.007791206788021961,-0.07735661946259048,0.004054474471881103,0.007835119671433511,-0.032533126245882955,0.051447107203382435,0.00010373942130175933,-0.12221213867254489,-0.012434764461201639,-2.803412599214589e-05,0.01965689587848335,-0.015120932504912683
589,-0.00898801274624346,0.0001693480194544989,0.24816538761745785,-0.07873958807313847,-0.08125730550707465,0.052462229038472155,-0.0020907145719443634,-0.1312080930695327,-0.024006591906197482,0.0005993321971413078,0.04375848193510474,-0.008673639012604985
590,-0.00459972423276463,-0.08082130163866091,0.054188531176668775,0.08174453695665361,-0.0006621919874635396,0.057357205764854424,-0.005176114235505461,-0.10235714967466616,-0.04307303076660383,0.0032796590505283886,0.010190990417051094,-0.012819850215905763
591,-0.0038018535939502965,-0.055673947622187275,6.05061863333593e-05,-0.09927957705436369,-0.08528037843768904,-0.027101365958817982,0.0027882582999410603,-0.22686919745013334,0.010003440428356604,-0.0006499225988928512,0.024773648427280748,0.006405736840096356
592,-0.004998659552171796,-0.03828733715954501,0.1535470654339873,-0.07926623086973444,-0.029231277614433643,0.009539391615732098,-0.0020410908189275093,-0.050609306503729155,-0.02052538956801323,0.0003765310727674199,0.04999454919887262,-0.019632351881066917
593,-0.004200788913357463,-0.007741664078767643,0.06054236993545844,-0.030995032711972046,-0.0667277598411134,0.01814210198109425,-0.004152376299636503,-0.16440132634763105,-0.030186194620118765,0.0011186108258209343,0.03799742154833572,-0.010260335995801242
594,-0.007392271468614794,-0.024851524253710917,0.12873629366814093,0.0742229403943769,-0.021371016415653935,0.07054457204718986,-0.002768202038886474,0.006734017456605493,-0.025226892404742452,0.0006885857854055844,0.017573681441101482,0.0008746263068208062
595,0.01016088258530053,0.012591189057531914,-0.05409963992328713,-0.006408095647906602,-0.10179728908347278,0.022335447487341776,0.003340621479718803,-0.15114171114615152,0.0029787335944814262,-0.000502316212666116,-0.0018205186230319272,0.002476750531497311
596,-0.004200788913357463,-0.09762545681831356,0.10476594051553469,-0.01802262847702641,-0.04959396114592643,0.05739109185338023,0.0063478021632134875,-0.22941701236000828,0.04379452847666788,-0.0010972754512030528,0.041438249011974064,-0.0053441372752781775
597,-0.0038018535939502965,-0.0030127384154393236,-0.025963988568640538,0.05158354869438906,-0.06251020299120397,0.10232936716012078,0.007304246457783038,-0.13096365407693042,0.042858683868198064,-0.0010890491590140113,0.03042698716177217,-0.0073992631136161925
598,-0.0038018535939502965,-0.05785190687498169,-0.04736462946315281,0.06315365167769658,-0.06708455139477613,0.10559461070426922,0.0033340481675889627,-0.13909297143694632,0.025666334762396974,-0.0008986221332603229,0.023551457282893963,-0.021481514597143415
599,-0.005397594871578962,-0.09389278178720263,0.026345904396474093,0.05974567585852857,-0.11370774826257711,0.09388111510785967,0.0015290091900151256,-0.20675825341180998,0.012918035533924377,-0.0007108305730689693,0.006076831777152663,0.051745830334530576
600,-0.005397594871578962,-0.04970470167287904,0.038141838025811114,-0.031207555346318097,-0.022969830265460123,0.01344485955336656,-0.0027850236579731063,-0.19410044399886517,-0.024018417003169947,0.0005921416257100688,0.04733753950250029,-0.02359269375166296
601,-0.00340291827454313,0.045749240906388246,-0.005389042895840808,0.0703192017422583,0.031133372968978945,0.09409326851632034,0.0009417245869570225,0.04600764774263761,0.00284431088665846,-0.0004944730776447691,0.03967824165983826,-0.004069481056682372
602,-0.005796530190986129,0.04431923190369919,0.04258190558164738,-0.01783975737853725,0.046267743682137846,0.05742633393142183,0.000631862182652041,0.0624125392873596,-0.0037097881242444328,-0.00032191641198962655,0.019857289981996293,0.003407053027246952
603,-0.0038018535939502965,0.050517620934847,0.008526647300817123,0.0540003956484959,0.01811114775253045,0.08501458712004259,-4.0097835072576314e-05,0.041885746589817696,-0.022829653352838777,0.0005264185213114854,0.04679119462480413,0.0051391156245903
604,-0.0038018535939502965,0.04956073342730353,-0.003486757747393657,0.014643625692696323,0.04272018269883771,0.06681481180684644,0.001492802178669149,0.058285667970296974,0.0014481851331744663,-0.0004617833336303077,0.029916269202300477,0.0024311955991289658
605,-0.004200788913357463,0.047030829408229835,0.010040152980471409,0.035608966283488135,0.006866849451201276,0.07498683183248663,0.000158113113627531,0.05716617244242431,-0.0055101518983938745,-0.00026661130348423756,0.028613675820755018,-0.0026711429233109247
606,-0.00340291827454313,0.04615675145517348,0.0022527529343350796,0.06890248059893532,0.031103955512976438,0.11584968901479673,0.0031440155013706386,0.06200014528105725,0.009835471092027152,-0.0006444012633799177,0.018423667624398232,0.002172288127029469
607,-0.00459972423276463,0.04150558184989198,0.012629412514034818,0.03344723479442001,0.012292130245668536,0.09492275698869738,-0.00045270076117417827,0.05573751395899283,0.02916264425039929,-0.0009403694733492814,0.025161843709422774,-0.007996199490115262
608,-0.0038018535939502965,0.04535153291969371,0.0002227540164349893,0.10940755825681897,0.03644236887975486,0.08883466305045667,-0.0038654798972636868,0.047568448556153345,0.028572560160581108,-0.0009333705975056903,0.03744825377639277,0.0014303698211543896
609,-0.004200788913357463,0.04815520243254568,-0.0008714019708508979,0.08426656694027475,0.037602887217005734,0.10085099763483213,0.005958115473913263,0.06279877633823329,-0.03414775822343895,0.0016039937262199706,0.01799070124908677,0.0017974601305881944
610,-0.004200788913357463,0.04238145362429481,-0.03602351197489444,0.04742862775681849,0.027793519667947873,0.09086320876230872,0.003141783867721557,0.054870215077493026,0.013961047945866929,-0.0007202254369492361,0.0325474258384266,0.004462323490374244
611,-0.00340291827454313,0.03746722174799502,-0.019234278899488415,0.05129041904852893,0.04018521416964096,0.0800108388076344,-0.0021609129477206395,0.059212013847471656,0.04132149710028233,-0.0010723141082032155,0.008406799604565664,0.0015641546424182116
612,-0.00340291827454313,0.041595319142149444,-0.024238024935652313,-0.0028381071859503795,0.02364245081255485,0.054511975834971235,0.000632514161753139,0.04911755013299207,-0.006561286878481885,-0.00023290601002219226,0.01772671394469561,-0.0009185906865650296
613,-0.007392271468614794,0.03092035847294428,0.02293812143798251,0.001588650142977117,0.02668242124321634,0.07658498197099212,0.002550470818224412,0.05423429440630484,0.03893609369939918,-0.0010488525369292134,0.025498517643602052,0.00772200408546324
614,-0.0038018535939502965,0.04570321500259543,-0.0326249973294846,-0.011288466331181543,0.03029122557181333,0.05586105109459684,0.001366325078044509,0.048401200508080854,0.024689527844304997,-0.0008833099549507994,0.03265401585055279,0.006135489092595496
615,-0.00340291827454313,0.04060789225371017,0.04661497785118482,-0.02497466834369663,0.03831479925039353,0.06428734033570489,-0.0021788002299132792,0.05086890430983902,-0.026795079720903548,0.0008231720844053686,0.020490311686176432,0.000786996688003688
616,-0.004200788913357463,0.03705489556151094,-0.04722232435972951,0.04444028458182838,0.00901411957733613,0.0694570099368655,0.0045140364346638465,0.0483150369840181,0.033656947234209623,-0.0009929360942358752,0.019884890208889738,0.011145064122057211
617,-0.00459972423276463,0.031091818276380488,-0.0050104118936384135,0.03691735850581539,0.023739686630438617,0.0644318241909628,0.0013243020307795873,0.03358723251562228,-0.052377284039166166,0.008648038575562062,0.029216158614167882,0.010090663277130386
618,-0.00340291827454313,0.038058382244603665,-0.0022999017659378665,0.04811233627749963,0.04105874883232269,0.08004502065451594,0.0004582855522744468,0.061298710383094875,0.02075834568918889,-0.0008280569694103542,0.009905479381151588,0.0043874488185712945
619,-0.0038018535939502965,0.04485930508928131,0.008632290468824745,0.10322832847566447,0.03993113060894461,0.10565847930141022,-0.0035898539461095,0.04160407757050364,-0.010112599191471627,-0.00011074615645738428,0.048615894077889264,0.005542781828289928
620,-0.005397594871578962,0.0358995162892875,-0.005632749545600479,0.048316862244036314,0.033272161606315256,0.08507980509255797,5.590313321677749e-05,0.04956351669612631,0.00786119658540547,-0.0006048859667169014,0.0152313443504117,0.011329670379154057
621,-0.007392271468614794,0.03512886108835806,-0.04618716947103552,-0.0006327684981259286,0.03275961497221817,0.07233889853472661,-0.0058871779219966105,0.03834855056219903,-0.014383218150173188,6.41691417739472e-05,0.020551190407477382,0.008053537158071548
622,-0.007392271468614794,0.04251096345867446,0.029784440413578805,0.023356523190233562,0.03616085009568276,0.05911902309406819,-0.0008932983634644392,0.04658309005076706,0.0014761328204236084,-0.00046127913553895895,0.029434228013922627,0.009809503340552972
623,-0.004200788913357463,0.03538965061027144,0.028176759937679527,0.06112890484038413,0.019608726106783613,0.09429615742317815,-0.00030937182554577173,0.023822278285018317,0.015577321975110145,-0.0007474117934771645,0.05113938623666678,0.0013164355686534088
624,-0.004200788913357463,0.04040238978271381,-0.0027137822066881645,-0.07744851549494056,0.01661418408902127,0.08534256283198907,0.0006446847096345026,0.04731473735391954,0.031335479579329174,-0.0009664099851751065,0.038368033491730826,0.00940082217608805
625,-0.0038018535939502965,0.031250544169489726,-0.030523430005971932,0.026386799913988984,0.022507779160727954,0.06310884747223999,-0.0023249985875083653,0.05005266783321694,-0.02133832717821244,0.00042957153996951974,0.030353393970013687,0.007165342406578751
626,-0.004200788913357463,0.03868077540948578,0.020407658990491486,-0.024983106742540808,0.003108589251651289,0.0699459895931007,0.0007985346014414712,0.05793954219677902,-0.0025777916595656415,-0.00035386048273737753,0.02194865006581616,0.0002696052599753967
627,-0.0038018535939502965,0.03786567329695134,0.03368346094242067,0.057698944220604356,0.020224461374027267,0.08685635004825636,0.0036764226733371906,0.059150525970798486,-0.0003552497190689611,-0.000414430138638445,0.011287773002737492,0.0009978670686642053
628,-0.008190142107429127,0.04054656380401108,-0.0003858238394730305,-0.02354101652401081,0.018262050632038788,0.06262169913026953,0.003309455378284746,0.04406607798222153,0.037208302277224,-0.0010311863619580299,0.01152207781247673,0.0038886916334392734
629,-0.0038018535939502965,0.04872990417884763,-0.03488074033588902,-0.04750837591533168,0.03322869814027859,0.040244135014581864,0.004151514339149511,0.052634526230087256,0.04651278659615578,-0.0011205156482521955,0.01878083059449122,0.0028214538572565997
630,-0.005397594871578962,0.034001678409104286,0.06363077592021445,-0.010537625010496095,0.028489254975210786,0.09601143341241435,-0.004704309234879878,0.04343240362214344,-0.01998862212781482,0.00034901268970796056,0.03378732307777974,-0.006364107359350959
631,-0.006993336149207627,0.03914111539266659,0.04973975468294761,-0.010053227456272781,0.023659820463968053,0.07285640586776174,-0.0014519700186057735,0.03701301853691397,0.04012796371038306,-0.001060837025900095,0.030120352150476544,0.011496426702346784
632,-0.004200788913357463,0.033014114170370805,0.011096034314774138,0.03772767551600063,0.032131455044066254,0.0800131953250074,0.0021485679611658926,0.04674401260297559,0.021031958215562356,-0.0008322659216150034,0.033107938948224565,0.01284288967703852
633,-0.004200788913357463,0.03419773263193785,-0.039263663279258024,0.0783514450261058,0.031157174982436996,0.0978936001136963,0.002486828592117491,0.05349115161526866,0.031310053183874774,-0.0009662749150017676,0.019542203642927275,0.0032004132245453515
634,-0.00340291827454313,0.03438650627345572,0.04276763231000417,-0.03967506674804456,0.008437011768481655,-0.03518264042770578,-6.817524304027939e-05,0.027681693069520626,-0.006584117286666965,-0.00023286081689260422,0.04470556211835406,0.009639946212643191
635,-0.004200788913357463,0.01653038604561991,0.06603882819379944,0.06358791738522225,0.008975142379251297,0.07532685586934551,0.0003998355323632542,0.0038803963156869596,-0.01018836341479803,-0.00010900385268407768,0.05029827531821865,0.009310696754856688
636,-0.00340291827454313,0.02243072691667664,0.06510895195101206,-0.06397049345831406,0.015482242888646485,0.027417963963430537,-0.002306454528096657,0.014410340896154302,-0.015099816888681764,9.616777549164233e-05,0.040661406880248906,0.0021842636828096453
637,-0.0030039829551359635,0.042269892587597016,-0.010190409078186401,0.04116757778943768,0.016372491808602115,0.06697158926918714,-0.00028640719827681475,0.05273808285068247,-0.02123568168183294,0.00042365344140901813,0.02640252120143921,-0.003538218555242663
638,-0.00340291827454313,0.02440657675355444,0.0961747053735142,0.03871263439501247,-0.0016766799221970188,0.07750646728027562,0.00015855978895416443,0.03880420189609949,0.018159315337163973,-0.0007890651870506934,0.03620928746966651,-0.007327051525086522
639,-0.0038018535939502965,0.03115683004628307,0.0835923783670629,-0.00021464971898714974,0.009101242309948436,0.0773816866222093,0.00046031370835737434,0.008709472249244782,0.01651425804227445,-0.0007631947892843319,0.06241386021376605,-0.001153020158900114
640,-0.004200788913357463,0.03180412097403181,0.030185947288412018,0.031082600750369088,0.031329224653968785,0.06705161666374404,-0.0013772602852859552,0.04870136277647077,-0.043632346112604095,0.003690479348266548,0.014867187978266125,0.014654932526881352
641,-0.0038018535939502965,0.01173811508580976,0.04543315119511945,-0.04038687102787993,-0.002835346868163676,0.042831549266915334,-0.0002961413328077172,0.019166440009373238,-0.004999725630762652,-0.00028342267174884624,0.040298495431266936,-0.009244778047032734
642,-0.00340291827454313,0.007937567611857025,0.04247047293736138,0.04488402862375595,0.014606982622590784,0.04379703225675087,0.00036895929820775724,0.011274307816701277,-0.026248134199506504,0.0007718828865391807,0.05159167883731626,-0.004421651578589853
643,-0.0038018535939502965,0.022531639295919618,0.02436213637226549,0.04214516381382184,0.01781544070710706,0.05297152768129192,0.0011116052277719117,0.031226197494985824,0.027790564843437605,-0.00092375472168701,0.0295231789682425,-0.0008190473853687923
644,-0.0038018535939502965,-0.018346923555135675,-0.028212472933014595,-0.055597620779107695,0.010423351242522671,0.003095770039251561,-0.0021849776800716317,-0.022853809704194716,-0.028476338919940242,0.0009596766784386291,0.05744621855000667,0.004414144505078151
645,-0.004200788913357463,-0.06818869699211796,0.06524692679535098,0.09934786494295093,-0.0695826937429151,0.08119754192776191,0.0016856531009430832,-0.09615952208026515,0.034349114883506365,-0.001001466999153506,0.01765390395665748,0.032097551795998325
646,-0.00340291827454313,-0.15726632520854364,-0.029414236295335953,0.08615770231520439,-0.10432947541246514,0.06793760195002889,-0.0012678264307115997,-0.010828716529842127,0.01969241364733584,-0.0008133961084403849,-0.00580931655512326,0.07339261731903476
647,-0.0038018535939502965,0.016496347692372754,0.02513763078229606,-0.006284789465912413,-0.03223686190429232,0.026600737311290885,0.000948670533436759,-0.15878257920687608,-0.022266298382094152,0.00047540918261641563,0.048591243630903565,-0.005872562867810346
648,-0.007791206788021961,-0.024655430159608284,0.05213672862173278,0.049559868047008446,-0.03216680731078052,0.09191125963116546,0.0037474300162479595,-0.10011523784333926,0.04106223612425153,-0.0010707333546814844,0.0443530010204247,0.008730290233315199
649,-0.00459972423276463,0.012974992291378495,0.01345824125387986,0.10911263052854382,-0.03567003409566762,0.07566165037206865,0.002798388403420122,-0.1459583253936096,0.013489422381245696,-0.0007143699624385686,0.038055401100280446,0.000943542114626011
650,-0.0038018535939502965,-0.006982682689558131,0.05060225194973181,0.045261049558219024,-0.0420948748273529,0.05771548100881687,0.00045612132932892246,-0.15683518603251206,0.008276974178205925,-0.0006164369409402077,0.03232198700762519,0.013872225656096113
651,-0.004200788913357463,-0.04658424153026494,0.04014620855254761,-0.020325809229221545,-0.07034470714567362,-0.030608655413807726,-0.0020210433547192485,-0.13315483934030764,0.025005283065475798,-0.0008889835754527214,0.029666458593438506,0.007155426396934849
652,-0.008589077426836294,-0.07767259446745226,0.1575878152417223,0.021358632805656492,-0.03276175161223129,0.06359482904978113,-0.006025680945847406,-0.043777221724876185,-0.048210126822024656,0.005542128944719058,0.03518093946665563,0.030087937869666962
653,-0.007791206788021961,-0.06542730956070124,0.15847595059984837,0.057120908241039665,-0.09134310379569634,0.07453838343102077,0.0029907195053765286,-0.17415774103096235,-0.003893078798165347,-0.0003226272249105671,0.016719410008077112,-0.015083673391088502
654,-0.004200788913357463,0.01592674042678639,0.0638513443844149,-0.09661202760948778,-0.03309746076561184,0.039726940269674514,-0.0008273787384408301,-0.11794626219952183,-0.020590757710037367,0.00037760217749921996,0.033891865583130024,0.005339414357344055
655,-0.004200788913357463,-0.1256838229120837,0.022464905003898642,0.0867970893999577,-0.009472626790504013,0.06807681835527024,0.007046265433504549,-0.08368309155390878,0.030857360267271924,-0.0009640255381213147,-0.025554378431828197,-0.01615454335433581
656,-0.007392271468614794,-0.06814430270822869,0.18151390471619536,0.08778939709743087,-0.08256368365404958,0.09620784092594524,-0.0024128663185624642,-0.21470446224830525,-0.005928229827201172,-0.0002596568435626902,0.03145673735478345,0.022555329273987686
657,-0.008589077426836294,-0.027274174852209936,0.10708991265233384,0.11633784231147061,-0.07319970206112969,0.14409912845201306,0.0006120527919226098,-0.06341987815331945,0.016787003336497675,-0.0007712614302195689,-0.12687931211788536,-0.005255349631714593
658,-0.004200788913357463,-0.017481688910359054,0.0396977432393571,0.023895491455151595,-0.05343474244164693,0.06515444445187889,-0.00371006508157812,-0.15453726773227638,-0.008300636292959835,-0.0001818078134737266,0.02839699075130887,0.003752613048326508
659,-0.007392271468614794,-0.102450761374381,0.1843809646549824,0.005969796215432384,-0.05541205076023432,0.05353803792890719,-0.004159510865585332,-0.07698534255345338,-0.024701214947379747,0.0006483918431226016,0.03745680435024331,-0.019897391497122784
660,-0.0038018535939502965,-0.14919976807622326,0.012629401219936167,0.016361299825253483,-0.026781791016210102,0.0045150602186455275,0.0077490305244814406,-0.10633399893727327,0.03839412009216379,-0.001046153008009695,0.020501277319053872,-0.025875659262779148
661,-0.007791206788021961,-0.1428364483578165,0.11975250130619529,0.06295678996238602,-0.09400270132791477,0.11422073677507422,0.0017977417968849095,-0.11802471159886814,0.005015042347526868,-0.0005490937804333166,-0.00251103790607399,-0.012712711970616197
662,-0.0038018535939502965,-0.03687275152964112,0.11513445726043593,-0.014430185665914492,-0.08449328660626293,-0.0020484264490337506,-0.003966203840157165,-0.11498581497586241,-0.02999878376489138,0.0011078835570508846,0.026441704231154602,0.018202355287022
663,-0.008589077426836294,-0.09127399777244352,0.1319321880128121,-0.08020160672363134,-0.08743807581914766,0.06429537572823785,0.0006421596984361456,-0.1213109437092628,0.011774929725818473,-0.0006847039130657847,0.023690524277373136,-0.004404311677936245
664,-0.00340291827454313,-0.0880410882610678,0.05353024171372525,0.09489708307732986,-0.05417331542324833,0.0987383562598166,0.0005606482423506042,-0.08641726903281387,-0.026999789354232293,0.0008183157314770377,0.031093853127234145,-0.01426776572662266
665,-0.0038018535939502965,-0.004773107012331324,-0.022829713457620415,0.06147656651791205,-0.05563746260632637,0.040841868918787834,0.007934731149208916,-0.0602349618388387,-0.012689951287162028,-2.7487832019632234e-05,-0.22500241860614933,-0.007508447733313992
666,-0.007791206788021961,-0.07640902031810642,0.1471799466693484,0.004355370980748376,-0.07910470573805266,0.0816906647946959,-0.00032443748184979076,-0.20069136926357375,0.0008779092061879836,-0.0004521891577644392,0.034591950747572264,-0.019114371952509947
667,-0.00459972423276463,-0.475114740728807,-0.01708349472403199,0.04965756950849501,-0.14418941527285187,-0.14051965192252253,-0.004421487982380954,-0.13944119729302787,-0.029913095541104905,0.0010857621108506267,0.007893236227365045,0.04975464060031699
668,-0.008190142107429127,-0.07250158278843355,0.14489983843923693,0.10333441519603623,-0.11321710487645197,0.15093695215640235,0.002562364684204815,-0.1883701644978241,0.024440478700044316,-0.0008823774120334249,0.05022495708988718,-0.020250772480761924
669,-0.004200788913357463,-0.12071538189251993,0.1058992451063917,-0.03546253509405013,-0.1787014795346029,-0.18827800549584567,-0.0015715529434316116,-0.18903621547585125,-0.03475440062095053,0.0015955507235229896,0.04489728570076305,-0.01670592044564697
670,-0.004200788913357463,-0.03528626931965456,0.053119261461500526,0.2218261161112898,-0.034951860992591025,0.1267034453142438,0.004812207133101517,-0.11877687360878855,0.050334373312582344,-0.00115470460188229,0.011751195359496204,-0.013113607320212188
671,-0.008589077426836294,-0.07393311408577993,0.08424596266666591,-0.04070443514486801,-0.05711024755360003,-0.027145748491122716,-0.002065111121327902,-0.21230426607055988,-0.024706776728289595,0.0006208111947979156,0.01146587919043235,-0.021842459117694227
672,-0.007791206788021961,-0.13451049662707,0.022856456976596613,-0.008294960653387381,-0.08092550128218881,0.044312680201443376,-0.003137251012040631,-0.1906937818205663,-0.019467950093894903,0.0003084493473146709,0.027254892478195694,0.039019493813485226
673,-0.007791206788021961,-0.06221364527350454,0.15739551521695783,-0.03684518743442096,-0.09793586890283267,0.0404523927503028,-0.0012674836001457803,-0.2104487537146364,-0.002293729489307276,-0.00036730246841227236,0.044185017736552375,-0.004595676045787872
674,-0.0038018535939502965,-0.056692748517052215,0.027651308762766696,0.1042217735277228,-0.16430195250856355,0.07546862211474513,-0.0011800133718343482,-0.10740803298524934,-0.029125947384947847,0.0009896621739227745,-0.0001569050356164525,0.0033017248668372767
675,-0.007791206788021961,-0.022194664274867694,0.05865110333520827,-0.1652489242096695,-0.14740699120623182,-0.06841340268462016,-0.005897632516837734,-0.09151623447466287,-0.024406455709969577,0.0006270746983973506,0.059518771670301514,-0.001601578179810868
676,-0.0038018535939502965,-0.037063744487732274,0.04310972214641755,-0.015186613225431767,-0.0920646435851139,-0.0353134870005761,-0.006086638714341773,-0.08132289228476167,-0.021267359064207795,0.0004183294264196277,0.03293987915847314,-0.009083615564151671
677,-0.004200788913357463,-0.024274227655843233,0.08330437386573603,-0.013267732987253077,-0.13737564394866217,0.013830331429547378,-0.0028328384327689464,-0.21175950522945436,-0.0040371843898496206,-0.00031621860701712976,-0.0053000372851077365,0.0022878253779948753
678,-0.0038018535939502965,-0.04824653895609175,0.051897336987368745,0.06167899540046779,-0.09989766932962353,0.010556565617886452,-0.0035107129942526572,-0.005844258432872924,-0.011694248676594222,-5.176015391910816e-05,-0.029165805842491045,0.002350800031103173
679,-0.008190142107429127,-0.15666798239285173,0.13002397403600569,-0.03694178199857007,-0.13041973969099066,-0.18404226898325426,-0.00427180717287774,-0.11588812677221494,0.0367977134142923,-0.0010278826319665268,-0.016527599021533182,0.00925225633432261
680,-0.0038018535939502965,-0.024340132154343122,0.03870729107625931,0.1857018251220567,-0.09315696050805501,0.10884260174385985,-0.0036496510786619436,-0.06025190609709542,-0.0414806284647778,0.0029796345662815005,0.03572367620393592,-0.010751439572884663
681,-0.004200788913357463,-0.1987942615420968,0.1589018730630836,0.1244950279371614,-0.16014443412921825,0.14180272235092806,-0.0030338471951132143,-0.12176578038470338,-0.001532730762205358,-0.00038916380637674916,0.05326810067398789,-0.008751450612232817
682,-0.00340291827454313,-0.028640958725627184,0.024094559052148537,-0.08902184119320637,-0.14941998039447968,0.02843521542750403,-0.0033105232252045825,-0.0837127661092315,-0.0425166294147056,0.0031444094527503397,0.0075560238816884855,-0.013029626211579881
683,-0.004200788913357463,-0.07640715858028922,0.08283928433151057,0.18086474528456545,-0.14725339297871728,0.08711590407674294,-0.003023979124580608,-0.029523037934391233,-0.018980814414492023,0.0002840668900198567,0.03869163604442322,-0.0017316358125584862
684,-0.0038018535939502965,-0.11880545696684393,0.006976827070992767,0.15535633122705936,-0.09120983984408151,0.03275153844038176,-0.0033914813131609494,0.03158704298411769,-0.03069059551529924,0.0011833024695838005,-0.051329281389886815,0.045412067513126146
685,-0.0038018535939502965,-0.026824536207993462,0.026390219344925192,-0.005140482747149072,-0.15557975352010556,-0.18618965850073774,-0.0039396900499617535,-0.2518730165737081,-0.02875791239247829,0.0009509844433034263,0.014357806252313273,-0.00418879945736043
686,-0.00459972423276463,-0.02987638860853058,0.09278343961220233,-0.040283363983300007,-0.07000068860376475,-0.06504945047748976,0.004044845066600279,-0.15285684793934,0.029517226728859373,-0.000947547232496377,0.0195938321576986,-0.021587848718511955
687,-0.0038018535939502965,-0.17857243059942154,0.13049574862583274,-0.06606299611277976,-0.07825887004844495,0.00990276905550004,-0.004265117141187357,-0.17585345283305548,-0.008138017679148379,-0.00018705536841016397,0.06550372704691992,-0.011731990867149988
688,-0.00340291827454313,-0.06002879841807437,0.0869156064461941,-0.07071009688211899,-0.08033233620132932,0.11254902716536531,-0.0003329940740130775,-0.1429109316022923,-0.010818762753743735,-9.005754569775064e-05,0.05324860608880881,-0.01108190438657134
689,-0.004200788913357463,-0.09964639329367954,0.027667088329700936,0.18581271269821195,-0.16924131819433694,0.018814057985025986,-0.004623136971552655,0.016219613232049727,-0.012776099776599789,-7.771035774872184e-06,-0.03758163459226545,0.010903186429291153
690,-0.004200788913357463,-0.14010744643194523,0.16908292476919226,-0.05089919598373883,-0.14366093583928116,-0.027610813640071234,-0.003416290923079013,-0.12683976797736352,-0.02798867336725373,0.0009016838047846789,0.031193050437442416,-0.016021646469939504
691,-0.00340291827454313,-0.11433488278549904,0.01986298992507938,0.07959628134763688,-0.06331966911758259,0.05817010231223427,-4.461195560759746e-05,-0.17241068567939574,0.0020552663460683416,-0.0004829689541214436,0.002984696277090953,-0.024614486677391977
692,-0.004998659552171796,-0.15087594259756454,0.10387687374550719,0.0013111135868577066,-0.18371736114831877,-0.052223068298668865,-0.002392788576958392,-0.09161045386696862,-0.03896104826762806,0.00235146990361249,0.017297704886070984,-0.006861431823630946
693,-0.007791206788021961,-0.074139433921727,0.1615458214010889,0.1290452520593873,-0.15321753374726374,0.13351608445917718,0.00030333022342614194,-0.16444781308543202,-0.0007390205064698766,-0.00040956304610168957,0.033719310046881674,-0.0094363230147752
694,-0.0038018535939502965,-0.03019827882364815,0.09941588830282042,0.05448192827213006,-0.082353640959226,0.03893827128965623,-0.0011022563686724541,-0.08238881777577801,-0.013480193260740939,2.0021297043039858e-05,0.07879968645378958,-0.015024485705628091
695,-0.005397594871578962,-0.05053509769867917,0.14237270316006725,-0.08567077404618405,-0.18562899100687713,-0.08387682558997257,-0.001540049277445016,-0.19796039031122722,-0.02618491439138541,0.0007585601800117348,0.03811006359110285,-0.007516635229304361
696,-0.0038018535939502965,-0.013677752972346949,0.09368261618337585,-0.01555624558243233,-0.1516112855331759,0.018862276338716503,-0.0023627649047212465,-0.19510833058790783,-0.014311897687671589,5.2722692954452e-05,0.0369654673159997,0.005333183467265615
697,-0.004200788913357463,-0.0741522156858262,0.08328491901822473,-0.06131064788730195,-0.12853720297820379,7.425834847826829e-05,-0.0006020876104522425,-0.18234367269580604,-0.03103101265947127,0.001205476693251598,0.02678940815526166,-0.01551176377449079
698,-0.0038018535939502965,-0.030473284538232594,0.06783107405056044,-0.02166937220100152,-0.056431386177933994,0.006155475607096332,-0.000312414837581818,-0.10882105934569244,-0.022430430400619084,0.000465862666293557,0.021482475668516635,-0.00926905615040604
699,-0.008190142107429127,-0.02988180720859269,0.11187605269344121,-0.016527682511219794,-0.08042198783982012,0.020262021778305567,-0.0025630002763017048,-0.006981223653182721,-0.011470566299325314,-5.969797323043142e-05,0.060665599000762245,-0.010833170205546484
700,-0.008589077426836294,-0.07043079999531872,0.1352335973158536,-0.06573532864564502,-0.1242112522105615,-0.21872235122858844,-0.0030789721770912394,-0.21765579828665543,-0.017520635692754218,0.00020737394741357802,0.03932137196433407,-0.011123107929832888
701,-0.00340291827454313,-0.16951980593126073,0.1492366306779577,0.009271438427730212,-0.10637116410271001,0.06684210853068819,-0.0012470013105180542,-0.15019781794630319,-0.028454597894761065,0.0009436871622739801,0.01681711967610782,-0.029061481051191412
702,-0.0030039829551359635,-0.02666637438257186,0.12506602105193748,0.0528050183055913,-0.08130030093805372,0.031465191101834156,-0.005123612066791443,-0.009130875966203272,-0.01867426967369316,0.00026971551337634644,0.03384719920625627,-0.011119549368692208
703,-0.0038018535939502965,-0.020860863376223743,0.02600637494770003,-0.06987198561293377,-0.07818798340777162,-0.17950952653048424,-0.0006411849248160588,-0.184315400314736,0.001948160768256441,-0.00047750333860735103,0.042010628639832785,-0.0037771302858445794
704,-0.0038018535939502965,-0.11781333859731778,0.10939440036153807,0.14236962724219607,-0.13558006945512738,0.07607677014999858,-0.0027562768560243775,-0.09076604117652234,-0.005655354779709666,-0.0002662112720366128,0.051257560478406426,-0.015878094210353046
705,-0.0038018535939502965,-0.20647846958176552,0.0749614492721692,-0.06942398904877228,-0.1473956857642876,0.05098950267409418,-0.0012577494935116158,-0.022068791684968416,-0.020247138627215718,0.0003590790352930396,0.05109514606118928,-0.004240294487228386
706,-0.00340291827454313,-0.14533629321278055,0.17075391917614807,0.16140160103192994,-0.11038609207620756,0.12197449768689829,-0.002861320242482124,-0.11526935019259096,-0.021204383424215007,0.0004074131620973844,0.06155942652107707,-0.0055879298793912605
707,-0.007392271468614794,-0.03481251328307999,0.11177312433805182,-0.030993791217690945,-0.11601510625337826,0.00569555231804151,-0.0029665512153200166,-0.17447991914965824,-0.041900406150086056,0.0030697629906303804,0.06029839929849772,-0.01770134643357086
708,-0.0030039829551359635,0.003688778029731017,0.12423699216932979,-0.004904259680078138,0.015369794207779461,0.035301659487804164,0.004714921341355256,0.02056799418701971,0.032655343317452803,-0.0009817901941974719,0.027989032465804312,-0.008847559628510318
709,-0.00340291827454313,0.015506991195059376,0.04256848376033396,0.00019349057872223858,0.004090625190623565,0.046119860965461314,0.003910848165855785,-0.0012091520878437412,0.03323795347280619,-0.0009886032715410774,0.06621610986640032,0.00118625642794997
710,-0.0038018535939502965,0.014523734334881133,0.013075189869274655,-0.06875426946534463,-0.0269728665548567,-0.024634310464496437,0.006269055465939454,-0.01638787714482037,0.03439108679453136,-0.0010013613002250372,0.03477677859231857,0.013382738696151787
711,-0.0030039829551359635,-0.03842238032494736,0.029801671033433407,-0.009784421144467963,-0.046563303739651785,0.02860748151147646,-0.003909500108494907,-0.001344254045979161,-0.0011260089100982604,-0.0003955654021105341,0.013952031590544617,-0.026357131993588002
712,-0.007791206788021961,0.014253523797926704,0.0061697036103022474,0.12077279859360235,-0.05068610277023437,0.05695649393152475,0.001231665594778261,0.020604521156646457,0.013041215680350944,-0.0007044566069161127,0.020176583014107685,-0.0022019684586354104
713,-0.00340291827454313,-0.0007350086853342134,0.07038747240418272,0.012781244170396429,0.0008481019158834866,0.026467973024522952,0.0014254548609821636,0.04089139797504111,0.027892033341759034,-0.0009249969099046404,0.021983948994593536,0.011786192340922576
714,-0.004200788913357463,-0.015171405374951269,0.06286097641295428,-0.05062954472692328,-0.01810118365315994,0.01765297247622625,0.0008184520471277234,0.03241792392975095,-0.000815787265984909,-0.0004031120639963193,0.021387511193981006,0.008345226040299343
715,-0.004200788913357463,-0.07001823275687158,0.022728733969663014,-0.022944515064881557,-0.02557081646556652,0.05129508158485419,-0.0015059732584456122,0.03621491623802853,-0.007633306488275802,-0.00019932651162065735,-0.0036976253059497676,0.025629106255977207
716,-0.004200788913357463,0.04032945327128435,-0.017907479613685825,0.0031223688400581714,0.039406664051481945,0.046212837494858085,0.0019596497922688308,0.05525697214504819,0.0025998486587921026,-0.0004886546078550106,0.03773059476763291,0.00024396567914402318
717,-0.004200788913357463,0.038013166092129604,-0.026172982096710623,-0.011521815559359525,0.029050761815991543,0.07965130425461672,0.001936720750350059,0.05773787504151723,0.028747034814328352,-0.0009353502847699031,0.003393787135037726,-0.0029590142243343734
718,-0.004200788913357463,0.041696597046862176,0.06660629030864763,0.015947118109108975,0.02869136788314921,0.05621077918972009,0.0015329016001325412,0.05649693542424234,-0.005504697897079137,-0.00026648670304937395,0.026225801381123987,-0.0024632520473446807
719,-0.007392271468614794,0.03621569334083072,-0.006127000698430628,0.018062130794707754,0.05160379342151417,0.06622430105058527,-0.0041151145055774606,0.06421613194524099,-0.03137733183601255,0.0012739443593517987,-0.00617879691909125,-0.0035954626343617947
720,-0.00459972423276463,0.041675981194523815,-0.025440840945311346,0.02053775079746077,0.039761075859195597,0.06818154393027019,-0.0021410568169773934,0.05984108996657902,-0.03878083339238094,0.002365415923856672,0.010001399111650414,-0.002505744833396681
721,-0.00340291827454313,0.04294761497198044,-0.005780724228535978,0.00041721532544908367,0.026555888730871845,0.04816572697303642,0.0011822618171148354,0.05733277777079139,0.008853266470747169,-0.0006248871412657062,0.016515148827186438,-0.004388781925121126
722,-0.004200788913357463,0.038252389003129154,0.06664835811388617,0.00468877062671106,0.04122482238114373,0.047363677077943846,0.0028169455508260366,0.05981897916132297,-0.03846832944720893,0.0023030286068290422,0.016067531044428495,0.004842394607995982
723,-0.0038018535939502965,0.04247559860418033,-0.07205959462615598,-0.055706377792518656,0.029691160525893226,0.043298486146681504,0.0028250390887766333,0.04851309403928483,0.020107540246252213,-0.0008184025289916965,0.002524088831112942,0.0005788542068168941
724,-0.00340291827454313,0.04109055206767227,-0.04517150338900966,-0.004190968937606756,0.030568951734361725,0.06624662037769265,-0.0031297718009547543,0.05097859560625956,0.015438362206827639,-0.0007450640914643436,0.010866349456148831,0.0044903413178844385
725,-0.004200788913357463,0.03691494563843698,-0.01975876402008299,0.014257474528543401,0.031072654781580094,0.08065509279471109,-1.0931142367703185e-05,0.05241937574294372,0.0071370240970908055,-0.000589823921254909,0.009872564708140123,-0.003091554682770535
726,-0.00340291827454313,0.03917041687405494,-0.04909744600109982,0.02082366612261328,0.036602118403196604,0.07529334783904597,-0.0034398364140005183,0.048547745613454964,-0.022057532607514682,0.0004750780836486627,0.008755169962254025,0.005680507242621038
727,-0.0038018535939502965,0.0400895507611936,0.012095934876368503,0.06444792639305602,0.0412299518757441,0.07318936084799041,0.0018589217991931781,0.04615111250260662,0.052360831922625126,-0.00117001834511401,0.028771983911799266,0.004357928598677364
728,0.009363011946486198,0.041876474253222565,-0.04114081840325235,0.049212806315817766,0.012427275813348066,0.06295564508904625,0.0021802947379729863,0.059742854026346645,0.004727064106507,-0.0005375679834763368,-0.00659661401021692,0.0004136434535331575
729,-0.00340291827454313,0.03612496004457162,0.02042670334384229,0.0346777550009844,0.03186429673656876,0.06580368324717716,-0.003997542149685581,0.05724171240208026,-0.028129375928087744,0.000941285727455337,0.019043885246048185,-0.0016047946192663828
730,-0.0038018535939502965,0.04442660195543268,-0.04176612933245154,0.01829933765832361,0.034160414666728846,0.03605733046235074,-0.003145147984328354,0.060480070749362076,-0.021052502187939224,0.0004101704208390721,0.00896568394877872,0.00601169425329155
731,-0.0038018535939502965,0.04892189334853081,-0.013392666420651645,0.031736570254670755,0.03981635356638511,0.07490502466132877,0.00020246424279511506,0.05614339260244762,0.0016639570733370565,-0.0004657962898039891,0.028589537093836243,-0.0005307868929862796
732,-0.0038018535939502965,0.047152369723428005,-0.03350965645649785,-0.0012606930919516575,0.0316497521954264,0.06378477321453388,-0.0006796069331975788,0.04942225849782962,-0.004169654053983616,-0.000308197255748771,0.02403551669402216,0.010556140664894258
733,-0.0038018535939502965,0.046770454923396924,0.01250575278971738,-0.008712035346455097,0.05234303801122842,0.06855416768422855,-0.002227896902274141,0.06462402790598405,0.03278244656105595,-0.000982822191187756,0.014435004042428807,0.005393093812143923
734,-0.0038018535939502965,0.04017553767314794,-0.02554851805683025,0.01921466808232809,0.04002002572835208,0.06810361198817207,-0.000735437248082851,0.06198007616980578,-0.007732113665866164,-0.00019406240876991367,0.003827275461152343,0.0038005624747797714
735,-0.00340291827454313,0.04731335779932031,-0.017795837308643085,-0.011690566349198166,0.03178422140807628,0.050807959482657636,0.0008553920178853749,0.05572513698654075,0.024804656388056803,-0.000884819732199889,0.04208798648959618,0.0027500862069023413
736,-0.007791206788021961,0.03955537136254329,-0.017365446042518547,-0.037218390753942884,0.034436393690962436,0.05532755794671197,0.002641335164929182,0.06060603416262329,0.036915226677153426,-0.001027864082927385,0.010163394548096366,0.006685520581674464
737,-0.0038018535939502965,0.04724490495408046,-0.037365793220042805,-0.04288515779121017,0.014537069943081014,0.06491001704476777,0.00016448452201804677,0.054188415666249476,-0.007063545415621231,-0.00021654285075745148,0.019481390636888297,-0.0006241448248758356
738,-0.004200788913357463,0.04058601274632018,-0.011458529838447688,0.04091209599558809,0.029313245112767672,0.07004263052971031,-0.004582953071832704,0.044400097187576544,-0.002943758375034646,-0.00034394312238523913,0.03214939580715391,0.014011125382224618
739,-0.0030039829551359635,0.04061317490901221,0.012931269841350825,-0.016422476843629144,0.03615942083301259,0.04077717041966106,0.004132952847223565,0.05331476064692185,0.04385106792284857,-0.0010963218059211815,0.018676172898898055,-0.003949490873607115
740,-0.0038018535939502965,0.03944618505822262,-0.03328632929404547,0.012055327870838415,0.017642632407136944,0.059871999509480266,0.001079984824009735,0.044356283625904144,-0.030217111432623074,0.0011432858703857322,0.013095056463181218,0.006938607760365743
741,-0.008190142107429127,0.03977623643278482,0.020003121617935035,-0.0017189985103453229,0.02905036061378726,0.044868484469032806,-0.0056923484656960935,0.05173262000131191,-0.037099613619379156,0.002087051463424674,0.017730279651989037,0.013600213649305233
742,-0.00340291827454313,0.03966443464373507,-0.009890504276907389,0.006970424450847919,0.04689469796310914,0.044245125828374296,0.001434324215382068,0.06164014479285917,-0.04194118328261518,0.0031677418691728122,-0.006694089814412923,0.004966446092214081
743,-0.004200788913357463,0.03328671986969044,0.00863987201503479,0.06092357819961225,0.029794822016457032,0.07047234817740687,0.0017867466146887349,0.05690411464934839,0.013152649107395603,-0.0007056972190112275,0.012416998566847637,0.006830716894472846
744,-0.004200788913357463,0.03989890470162047,-0.00656355161436445,0.1065301903395443,0.035926946620047896,0.09982404809424733,0.0034932909046518773,0.05873122258246783,0.03530825791726869,-0.0010109112951842165,0.023810206282866443,0.0038834156491312512
745,-0.006594400829800461,0.04383174503956265,-0.0056730584898643886,0.06226784537448168,0.029645586258066417,0.06955799097643268,-0.005066321076311559,0.05649800836353774,0.004704404831005153,-0.0005373324824821102,0.021980901833856373,0.007842266680882672
746,-0.004200788913357463,0.036099768127699106,-0.025243173592420436,-0.02032497477988,0.035618281344539794,0.06185790580953829,0.003503347649294773,0.06523802882936945,0.02828964209613101,-0.0009295049772218725,-0.012252576774730923,0.003978196991668977
747,-0.0038018535939502965,0.04501525813568401,0.0028334480283448414,0.032976200728601655,0.018221727248294167,0.09627088415446354,0.007617388910947022,0.03857946119737276,0.041345971372042024,-0.0010728390875936011,0.05026161877079088,0.007212955003862519
748,-0.0030039829551359635,0.04169345716086097,-0.018708224315503445,0.09130403865905838,0.029394448084110576,0.08980125114727362,0.0016550205595553355,0.053268970325531705,0.029568495226697772,-0.0009454777151803648,0.02040465533446433,-0.00010049554016191982
749,-0.00340291827454313,0.03557488891698255,0.025982335525270996,-0.05451569602457333,0.01830400810059099,0.025027792752537015,-0.003678901623578124,0.03339132013418798,0.013331605342943875,-0.0007089871004300681,0.022062298447114444,0.005881872438539337
750,-0.0038018535939502965,0.044540270598134334,0.009119925167788126,0.005646281754225259,0.03073034098655394,0.06859965297634898,0.005913394135813564,0.06237177748442744,0.04337251353964325,-0.0010919120170947178,0.020896246165772892,0.001311621531790394
751,-0.005796530190986129,0.03351443578178275,0.026664102968685766,0.004378170143037176,0.026557233665949188,0.07116353726919311,-0.000683815966100377,0.03033004781561388,-0.05031085599651988,0.006872805919665426,0.02577128565458224,0.00819106411549336
752,-0.007791206788021961,0.02963277747216746,0.06367772983398641,0.06446568326042994,0.040556610939033566,0.07999246035956241,-0.0006390541337328915,0.05527210974417787,-0.010012017943087129,-0.00011322375488697953,0.03118727120995484,0.008899799546581157
753,-0.0030039829551359635,0.037670582499844785,0.010605248643112406,0.01295376558685963,0.03300063127003652,0.06649418230753801,0.003145732050847727,0.06255724014967612,0.037360427117203575,-0.001032588473697201,0.016543878680424687,0.0035603844116962402
754,-0.00459972423276463,0.03675692089732553,0.025487662384852162,0.019361992947702997,0.020434500282606516,0.07080768663225676,0.0030981643453273687,0.04900233732871442,0.03740149640887396,-0.0010332288150930826,0.02934499824977665,0.0008915216460060404
755,-0.0038018535939502965,0.041424449219653374,0.0007217801758033249,0.06473604301816636,0.03760633932626722,0.09432455690234062,-0.0033247529876510736,0.0585252158225831,0.0015650379847621596,-0.00046346052524791863,0.018322690186667365,0.010163870515721289
756,-0.0030039829551359635,0.03356401040198848,-0.026956958877855673,0.020073965274318883,0.03077185672270393,0.05278141342451892,0.0011229847851338688,0.05183490638084685,-0.035294450678003554,0.0017858167403063151,0.020157642428398882,0.006597073595583279
757,-0.0038018535939502965,0.04502194500801042,0.006797714849768637,0.033652490055325036,0.01930597731482223,0.0700927860231047,6.172928145177331e-05,0.040404034714871036,0.02117755354885197,-0.0008343140756557847,0.049922033676158856,0.0026269612423627706
758,-0.006195465510393294,0.03318829494159069,0.03474812665403965,0.020757711599633074,0.03215484411276888,0.0759295541678306,0.0012566498186858805,0.060778821928836,-0.015741231410848468,0.0001277382412283912,0.01232645715855656,0.0067832624720912905
759,-0.007392271468614794,0.046415306724477294,0.04567704209110063,0.07061877312415879,0.0434885550511913,0.09448680548362726,-0.0030587091293093737,0.06275347605683547,-0.056384216525421756,0.012906442925016578,0.026340072158415113,0.007103612110363825
760,0.01016088258530053,0.03435401414740573,-0.011728252702204015,0.0011002247622027964,0.03490671813422449,0.02741053945507619,0.0028826121832982196,0.05848476351739933,0.02951026424787304,-0.0009446849153991714,-0.00042350865105849044,0.004695311088849406
761,-0.007392271468614794,0.030360819482011803,0.0494458977148744,-0.025856510758407968,0.022665625948867715,0.01362133303262134,0.002076199577279957,0.0325714283821967,0.0429827904266591,-0.0010883632111798281,0.038622638329482775,0.0016706528276321177
762,-0.0038018535939502965,0.04292826767534304,0.058347499734846146,0.05854506367088348,0.04057645738467283,0.0712178654775454,-0.0005207469317825241,0.059434339761432246,-0.021616423320357375,0.00044788597657477707,0.032332449328916636,-0.0031321657195693808
763,-0.004200788913357463,0.03840961173503133,0.03913443192235438,0.009539056464564854,0.00937678825044742,0.049021336518124195,0.004052090213201983,0.041553486848921815,0.04196197459507769,-0.0010788067556286548,0.03877398215177473,0.0065035945345956
764,-0.005397594871578962,0.030308713200138462,-0.029268016379953955,-0.054620440642352386,0.03868836353234806,0.0058433883968362224,0.003056186471895737,0.05508119186976392,0.013221336122704427,-0.0007068790533434475,0.006371946771746582,0.005713998451821246
765,-0.0038018535939502965,0.03788591408114954,0.010240722339488185,-0.09937593098257386,0.023449469911847556,0.002939580779222819,0.0009040354962352276,0.03273691294210616,0.008496342852121745,-0.0006179498179289341,0.03589026632681115,0.00021167871878891825
766,-0.007392271468614794,0.03575007457847376,0.03851740581188434,-0.021738567055312585,0.03909063141424401,0.04302618284263813,0.004329729643863587,0.06315466799621679,0.04086783710659375,-0.0010679868759857286,0.012747836661676941,0.00840192882242925
767,-0.0038018535939502965,0.03012804724206843,0.022258993843867564,0.06993531271198282,0.036505313425202725,0.09235516017137674,0.00013972073567555102,0.02957123848644055,-0.0038931071099003356,-0.0003161950170999847,0.03774833082402834,0.0056168205381015605
768,-0.007791206788021961,0.038786926177496,0.06120474423065634,-0.013949368332714216,0.038796590366237685,0.025312635787904922,3.187135489245317e-05,0.05796439780393787,0.047773915055208574,-0.0011315365565505572,0.025813871615932918,0.009474864251629068
769,-0.004200788913357463,0.03672968547638218,0.03258022445760293,0.05767480808693186,0.023668739504382988,0.042664308021258764,-0.0013318582812558678,0.040458909237921385,0.0017357558309966097,-0.0004681858600769813,0.02288705422240159,0.005496040827136498
770,-0.0030039829551359635,0.0353400635408036,0.03024945646870449,0.04503957615474955,0.03892609791982821,0.06948564493013243,0.005109059461458287,0.05411177285453035,0.0276907755066049,-0.0009224246517041903,0.01838988291555919,0.001210270379209598
771,-0.0038018535939502965,0.004675257341193067,0.03368774282208121,0.09070744048335777,0.010142063075486528,0.06561827639948732,0.00651093019267731,0.04448362300993693,0.031890615246697236,-0.00097284792722587,0.03402493031544448,0.0016486533642946974
772,-0.005397594871578962,0.02548329489599077,0.04823253686351663,-0.018584879637858494,0.005140620560866092,0.0013240299688115724,0.0021016897883094957,0.03520919063093186,0.0240528451894234,-0.0008748248353456618,0.026342141527408366,-0.002114967268954312
773,-0.004200788913357463,0.011692314749268825,-0.02967165881206388,0.07004478759920686,0.029300115735333733,0.08167897410987103,-0.003533391461517376,0.047075538907559805,-0.04519823614072689,0.004305595443834683,0.00821800730088243,0.0065374426313267965
774,-0.005397594871578962,0.03817392937500409,0.01277545596289334,0.04962214225008256,0.03845178517957318,0.06405887160348378,0.00010301356949988716,0.06505804255171332,-0.003976924849852194,-0.00031332965995330906,-0.004599287278995159,0.00013632374620398165
775,-0.0038018535939502965,0.02919911568870071,0.03346580744494901,0.02893487655723232,0.003219929174239902,0.08772471163901686,0.005789035116163091,0.03938548770488902,0.06460079336014955,-0.0012609899099420775,0.04285036707195923,0.0036270789871666606
776,-0.0038018535939502965,0.025811333038676193,-0.04452341541384172,0.013654526245255288,0.01401105206767622,0.07805755542894117,0.0047350567966850336,0.010680700781365031,0.05956377940021263,-0.0012255701954229038,0.04180481501673201,-0.010017131655835614
777,-0.0038018535939502965,0.0240855773889126,0.027736607247888897,0.08387662789985258,0.040450104078204235,0.07839846858042447,0.00303061307928184,0.05138120639248943,-0.00481262744994517,-0.0002887882719927731,0.03822578164107968,-0.004548216573346662
778,-0.00340291827454313,0.024751051056098497,0.0009197150040792995,0.032171010544219766,0.01339167178974745,0.04833644816889341,-0.00236342920013529,0.03286591060327171,-0.013756334473880525,3.571560956135452e-05,0.029448683942418084,0.001887747804660442
779,-0.00340291827454313,0.034559469945674076,0.028799904911279567,-0.029446359130662552,0.032899293300669076,0.031049710123379242,-0.0005392080372729898,0.039404109340791305,0.007412654343497237,-0.0005964521657244177,0.02767489904838373,-0.00023088224737922717
780,-0.0038018535939502965,0.034373282584163195,0.031795085079018154,0.02155824907782778,0.014720151958999927,0.05863154600411958,-0.003448431547204505,0.051311118613487895,-0.021312607865628663,0.0004283291068363758,0.02776999991518137,0.0007943192573039706
781,-0.005397594871578962,0.018515656325976224,0.04365974186666279,0.09063932534756017,0.009638885313157248,0.05081908551387843,-0.004682427808425592,-0.0004436497920228068,-0.03423814154901808,0.0015981904948162234,0.03977449682920039,-0.0034733354084178596
782,-0.004200788913357463,-0.026268337414499462,0.08913311087428503,-0.030071688328939587,-0.05787655225859164,-0.011902844651984337,-0.0038786752934744325,-0.12944500516557356,-0.03069610734191107,0.0011740942731478887,0.04271886037429534,0.015760982098304722
783,-0.0038018535939502965,-0.003154234293871274,0.11708868524379545,0.0022430228770189513,-0.04461377386503648,0.026752236342498327,-0.0004641430058355326,-0.08257020038054248,0.02466314749745511,-0.000883883499671427,0.03757677501401992,0.01523929666511989
784,-0.0038018535939502965,-0.01762654845487247,0.049100886805859875,0.06421794818315361,-0.018755122088608762,0.016340903483144504,0.008106570523812943,-0.07345732930052482,0.07056290656048089,-0.0013007864833619203,0.05997381108287337,0.005778327763396522
785,-0.00340291827454313,-0.005791330545571263,0.06369208159731754,-0.0006716509063347805,-0.022633224207085547,0.003571670259797278,-0.00239570381953712,-0.05646233427556937,-0.027143166786525823,0.0008371489387397537,0.01692732467135805,0.0026367280345669032
786,-0.0038018535939502965,0.002847496082212742,0.03702300671409047,0.03696458308727772,-0.01734215904751894,0.032303266864379024,0.000361845941028285,-0.12925400067854625,0.015704118146057332,-0.0007509123719195998,0.07310021580681215,-0.004934127188264275
787,-0.004200788913357463,-0.03765006402434517,0.13569338023553335,0.10418095163287455,-0.014979364508767868,0.05482589812048238,-0.0031973126710010567,-0.06259953205659939,0.003919322341353742,-0.0005217323686320567,0.034697881128184165,0.002985475588837366
788,-0.0038018535939502965,0.012067165529331967,0.01818450625136724,0.03468418824235719,-0.06719422398396956,0.0023626957883679,0.000593297329543128,-0.16967250223618685,0.0041239769506002805,-0.0005276177252359432,0.05502646820048111,-0.0019093806425749622
789,-0.0038018535939502965,-0.07464085767451831,0.018093923043300007,-0.0704976400521384,-0.0193091947329958,-0.05487250618680675,0.0039161784444385365,-0.21093407694240152,0.03961820668051244,-0.0010572156683969,0.07744589546605182,-0.00603354970587703
790,-0.004200788913357463,0.0013761014555395178,-0.003620304049069483,-0.07266315446899989,-0.01419922409464794,0.01828392881092686,-0.0011290022074856702,0.019649846660125113,-0.008841633161281623,-0.00015730876611157532,0.0032203078477278176,0.002035076279800959
791,-0.007392271468614794,-0.07284569455266224,0.07438471139638927,-0.015678602268005458,-0.061906805988994805,0.02618579874144025,-0.001261061997367366,-0.17688100786461405,0.04492514740078971,-0.0011075996720092455,0.06614478167162931,0.020420371055627596
792,-0.004200788913357463,-0.12135135221260662,0.018187839177377832,0.01201535319871863,-0.10636548563451564,0.06200857078290946,-0.0017787769224105365,-0.20129977873379315,-0.006693597213837489,-0.00023399282895730225,0.03551302516271713,0.002721394934444108
793,-0.00340291827454313,0.0026601647343484375,0.058646350319755354,0.005259387267386779,-0.02678855804191941,0.048634236239578285,0.0013626004405652942,-0.09262299816625304,-0.005003613856410235,-0.0002861687364843083,0.03629296782486067,-0.004249556775385396
794,-0.008190142107429127,0.026790456764308527,0.006705346212209197,0.02675990166924186,-0.11751803558809523,-0.015745575930952282,-0.00031874391442338686,-0.15068309500734345,-0.032632318116055735,0.001391576300049414,0.011301853815006112,0.0027952631985640416
795,-0.0038018535939502965,-0.009247262269646816,0.049767321950577655,0.020566145480762788,-0.006849645822851316,0.0737379240336744,-0.00174381268629749,-0.1728450434170234,-0.017969268321416692,0.00022919130079007745,0.04730158667539087,-0.008736177250507635
796,-0.0038018535939502965,0.0016020001305177974,0.057266640249306444,-0.03023892791486107,-0.0530718563587587,-0.03353934271412357,0.001985967141587971,-0.1843118775463407,0.004592472787149189,-0.0005379777697556798,0.05813805781256546,-0.005542888846156888
797,-0.006993336149207627,-0.02049008233657804,0.09789975552440423,-0.0898950139683672,-0.050944460519649515,-0.023252885168190726,0.0020709107654835407,-0.011570429761783456,0.012064344898275717,-0.0006867333992806532,0.025222271012793777,-0.00664462307509604
798,-0.006993336149207627,-0.02089061802878125,0.05854624135604936,-0.036620996195684555,-0.02721278464858315,-0.0007788690248759457,-0.004471083491599506,-0.07339546871204973,-0.035506964811290634,0.0017965435942443268,0.028185340019090767,0.012006149388581553
799,-0.008190142107429127,0.016419608666750914,0.1315551781623632,-0.02579366035979053,-0.034644224802652106,0.0256173868924158,-0.002535697428643428,-0.09993544860172472,-0.042418530697328316,0.003240365623451588,0.014736896106644326,0.013516065146140463
800,-0.004200788913357463,-0.019336719773282322,-0.0026665033056936546,0.13114808639397113,-0.0734570548021646,0.028443499105871135,0.007141586211307913,-0.055571552556540844,0.05541706409997437,-0.0011950319617335017,0.02763045306913004,-0.008369147301118696
801,-0.008190142107429127,-0.11848496724790027,0.05168060333057691,-0.03914098666132122,-0.05968802384439248,0.018115850820066143,-0.0026033380045629045,-0.18673757232505905,-0.038725240316317106,0.002247927059992011,0.05487630508893564,0.014337170500653437
802,-0.004200788913357463,-0.08603898417137468,-0.06260618260174886,0.0530175632792938,0.01658916967136038,0.08555279175248884,0.0037401535030640275,-0.11741337956142978,0.011241064338007761,-0.0006756028440482995,0.00208943606443241,0.0027693985700819714
803,-0.006993336149207627,0.01018263782394891,0.030881301091451818,0.02843287402360317,-0.0227312495596556,0.06111625213170132,0.0006553197446959182,0.04993483725938778,-0.0017682247910558648,-0.000377144149057832,0.013376704287792644,0.007957679890312484
804,-0.004200788913357463,0.018205376274739556,0.06342197781845824,-0.02951664529024943,-0.023268456742799128,0.011649564001955989,0.00018481905716375568,-0.012115020281639131,0.012931984337684853,-0.0007024735487339673,0.03563984038151275,0.007584355280797157
805,-0.0038018535939502965,-0.014301633432179713,0.06970142677910642,-0.06735695829707553,-0.009170946054665863,0.008185159685537045,0.004611802327394535,0.019365225324651816,-0.013115721182082686,8.080561132172194e-06,0.02469007586533986,0.00010909435245235967
806,-0.004200788913357463,0.01891822212016145,0.03685127561361906,-0.00258063621671529,-0.013015897194969301,-0.009284777285506758,0.00026232921142368173,0.009631361488986209,-0.015091129106397358,9.495072804759894e-05,0.022180711021169464,0.0012044685600779994
807,-0.0030039829551359635,0.012557533247696423,0.02335384140298069,-0.05240654720477205,-0.0017954347284734325,-0.013446751967167467,0.0027789239774444713,0.044061406619754204,0.035792727945912685,-0.0010162090242013015,-0.0006305640292463034,0.002746065631944165
808,-0.004200788913357463,0.006798844669573676,0.029621116068485977,-0.025270660705580743,0.013815395559208127,0.02630748752108393,0.0005640327185992541,0.0443529722288049,0.006562461595528091,-0.000578033040435531,0.020897948739624465,0.0037566348415277906
809,-0.00340291827454313,0.014764724573467152,0.05515019283085182,-0.06613349262200892,0.00388292225881545,-0.06172623625316842,0.003267914492020223,0.024222389800267457,0.011857230009422398,-0.0006826682890295564,0.035725763944741376,-0.0023727564755821554
810,-0.0038018535939502965,-0.004370501809658868,0.010103574040607289,-0.033987473829917854,-0.02174887369450814,-0.003453819831200175,-0.0046701131120055845,0.04000114042613736,-0.03588926545807658,0.0018703158195654507,-0.014333806206546309,-0.01575132374084594
811,-0.00459972423276463,-0.007569360009202461,0.08159498799139499,-0.05132483496004354,-0.008166398724745786,-0.03501470355257505,0.0005247299836762254,0.03332509586990936,-0.03353615647825069,0.0015307175386331587,0.03292933628309355,-0.008368161872570478
812,-0.004200788913357463,-0.0176225374285241,0.06192515938224578,-0.020667188844701888,-0.027130689375106293,0.03599126795634675,0.0011491960512645468,0.010543455816492745,0.011959491813785365,-0.0006847102762158556,0.04289048194974946,-0.006180849097223762
813,-0.004200788913357463,0.03149050080627329,0.03468264808703181,-0.12933567324581688,0.006342391289244722,-0.018312505578657438,0.0051137638398277155,0.045350766282551074,0.022607633695949644,-0.0008548593359061564,0.030724578804434435,0.004473091459821748
814,-0.0038018535939502965,0.026038225912166448,0.04672763132212192,0.0005091975206303858,-0.007117891588196922,0.0002109040099961199,-0.003992449880708183,0.03994186006224236,-0.019747702253843452,0.00033401202664155643,0.0046005374250742085,0.004702423370843758
815,-0.006993336149207627,0.009029169724262931,0.024778649371179722,-0.012586082151369846,-0.0043766200255153705,0.022281519023421525,-0.0011878128685932365,0.04247367478295555,-0.006400202422919182,-0.0002388612656259747,0.011260760380361601,0.00245725880101218
816,-0.0038018535939502965,0.027381816800259605,0.02501972492191207,-0.022204752741147357,0.01697311907403055,0.012389413310472233,-0.003047763908843274,0.04561514245230763,-0.02774394888374246,0.0009031088972653122,0.024280313221302967,0.009452972434011157
817,-0.0030039829551359635,0.031499535490868036,0.0812561088860506,-0.063975571692007,-0.005454373984487808,-0.016329712830938543,-0.0025123786918227935,0.013634897556465197,0.003942484034392846,-0.0005206435822285725,0.03812340509573808,-0.003806326536052724
818,-0.004200788913357463,0.03623871602582039,0.0209417220564134,-0.07662502750286239,-0.015139027381894047,0.01860343206123309,-0.0021670286579823974,0.035932753342749923,0.020086580188696843,-0.0008183239288852521,0.03695913524725714,-0.0068548682928986325
819,-0.0038018535939502965,0.031457043461374096,0.017226438995015237,0.03618119127500978,0.005693881906929523,0.022849601978806804,-0.0025640318082142577,0.05930748642910839,-0.02161775454928806,0.0004476835727218251,-0.011436908762838848,0.0023709731918268822
820,-0.004200788913357463,0.03220519627872768,0.021837484944516945,-0.006973203795229593,0.037712938034184344,0.03515294471956754,-0.003978097995429985,0.05668639897680105,-0.04019148393160362,0.0027188672693734006,0.023026042171440657,-0.0032472130180567767
821,-0.005397594871578962,0.029890306782977633,-0.005020121430923393,-0.01655690834993036,0.021671081967669877,-0.008612928978525329,-0.002198377595603871,0.0618418129066135,-0.00022311891544570743,-0.0004179932220434272,0.0011353325428424793,0.005253483038225057
822,-0.004200788913357463,0.011079606949360488,0.04902798287880207,-0.006378103826527899,-0.013892524652609931,0.0022723511162084055,-0.0019976252073426325,-0.018748983420747642,-0.03316625033466317,0.0014517847835860411,0.05968137789540224,0.004513845327963634
823,-0.0038018535939502965,0.024414113698076167,-0.01903764904846843,0.0018244950837452774,-0.024603636327089423,0.0025766632821289165,0.00546667410851003,0.022243300653244192,0.05186612775867188,-0.001166337968039917,0.04961518665015223,-0.0015155872573945853
824,-0.007392271468614794,0.03551369782125568,-0.0317213377094592,0.01299349990684454,0.025129172397609933,0.03670305894960063,0.0020638468220041503,0.06568478265677148,0.017515867370526277,-0.0007783339601633725,-0.00288582749099536,0.008078416190100446
825,-0.0038018535939502965,0.034044541774115054,-0.009481429992663076,-0.02259751461883352,0.02932317484281234,0.04213354576384558,-0.0008484157873822702,0.06707889900333883,-0.020940624036526797,0.00040721619852486534,0.004284876796744546,0.005789683115282562
826,0.009363011946486198,0.04450181999168982,-0.0847535970788539,0.05978521599346912,0.011585576082388643,0.0628837058102088,0.0035641007756708576,0.06070617229994232,-0.029925626686318787,0.0010944009032932017,0.00412901765801729,0.010499814582822462
827,-0.005397594871578962,0.039079522594612746,-0.03267238096142481,-0.040810307495142355,0.022843930385535748,0.011986732382399614,0.001168672783452762,0.06112234475229332,-0.03128483135838524,0.001259111068374643,0.010679299322695193,-0.006452402580165907
828,-0.00340291827454313,0.03904702175926425,-0.044443434021304996,-0.05945654312917902,0.03410816813317215,0.030170638542129043,0.0009532885844018049,0.060332848351781876,0.01355062840273919,-0.000712593147892956,0.01156634757489841,0.004401410696462559
829,-0.0038018535939502965,0.03488932195032755,-0.02869775992094499,-0.03069184927361555,0.01991921291169496,0.02751401954123218,-0.0005076940595521854,0.044854192008968674,0.0011528050633580389,-0.0004535718115751512,0.007500105590973462,0.0011855022734698199
830,-0.00340291827454313,0.04074653708293671,-0.007005015231144882,-0.03040897797107145,0.049662114536195935,0.023858595228345377,0.0048974081009405465,0.06435172045031896,-0.04248693397295207,0.003348743540896696,7.010342658868244e-05,0.005264456591415644
831,-0.0038018535939502965,0.03943644384328931,-0.03065518000090465,-0.00198512539483516,0.02722782126512847,0.04010482488896963,0.004281717377274512,0.051114548358987065,0.037461483989255334,-0.001033785279281661,0.02138920026169846,0.0010671536450726318
832,-0.00459972423276463,0.03173704129812866,0.021139389011756597,-0.12001427137875163,0.021859421864285376,-0.012283711788715318,0.0016525891536881793,0.04110250657748035,0.022204529484147004,-0.000848791262302632,0.032293288696702116,0.0044088864904679136
833,-0.0038018535939502965,0.04325833276027508,-0.017535732184716955,-0.033449971142394126,0.02850635566136415,0.016279304910443687,0.004430466773173779,0.05301643789963183,0.043519442512909935,-0.0010932722502844299,0.016440751384443928,0.010566715884536382
834,-0.0038018535939502965,0.04429965422540813,-0.022483905301655015,-0.03847358595915733,0.023737002631389243,0.028249061783201225,0.004460089672262413,0.055669675866185965,0.032139040281504536,-0.0009755784843630089,0.02830804950018304,0.006885906122604874
835,-0.004200788913357463,0.04036640852576558,0.006087517060182572,-0.0036834432536002808,0.03503988961644661,0.05459769032414515,0.003948394888924763,0.056356117571318885,0.032434641792585615,-0.0009790319949793955,0.013355936770372194,-0.002499944402915918
836,-0.0038018535939502965,0.03828793509682611,-0.06931552526256272,-0.009302074136656062,0.02027456323989635,0.05422577973407567,0.002047695780147136,0.055815257158830796,0.013707699672534435,-0.0007153697790420542,-0.011353505207747791,0.0007800767131753723
837,-0.00459972423276463,0.040202409193266085,-0.06068365488001973,-0.008519898788909802,0.030694446378617752,0.06527667882796252,0.004184436626512597,0.06876303767287492,0.010796524942996653,-0.0006621818980763867,-0.008710314937782284,0.005669234603103222
838,-0.0038018535939502965,0.041763910125754845,0.005473238179887984,-0.06441788645363285,0.031992594315868456,-0.04583469296966796,0.0069884357835990505,0.051630384202102225,0.03912202174942602,-0.0010507071514248038,0.007651945695960667,0.0070505828945475035
839,-0.00340291827454313,0.04221270182355444,0.003908208172911896,0.006782094738355907,0.03168555614979,0.03991412922565228,-0.00043794609700913845,0.06412330391634208,0.015890762497000523,-0.0007521094897703346,0.0018057002394350325,0.004825880103121435
840,-0.007791206788021961,0.04189052070933716,-0.0044810836094576305,0.01365519004631683,0.022412895885891262,0.04222762594869558,-0.0028078478345396787,0.06046323684145477,-0.02839733129258894,0.000955237501665457,0.016662764674163087,-0.00464205227124708
841,-0.0038018535939502965,0.03866780673980644,-0.028200367445995387,-0.04282347496446481,0.04673253407419457,-0.040656153180640205,0.005233636105269497,0.06032477118083839,-0.02466671124048015,0.0006553293964507385,5.6967344053284484e-05,-0.004176350110188779
842,-0.005397594871578962,0.0414031057734158,0.03440162414693358,0.004801845540833046,0.04848814489526067,0.0419487357345356,0.0012667918919152539,0.060655303860304335,-0.0017523260014030801,-0.00037688302703531984,0.02167239502218013,0.0038590499441786648
843,-0.00340291827454313,0.034225524697108,0.007987232132263527,0.01329786693170317,0.021477026400002413,0.037450999205256436,-0.003119669831879925,0.046308928594580155,0.027719815524780048,-0.0009226105177711463,0.03290289036474101,-0.0005149995259071333
844,-0.00340291827454313,0.04282822906687977,-0.04806576829596189,0.03868294404962335,0.04200926575728739,0.05215369797228166,0.0012549577529754096,0.061311399986260055,-0.0019675635512724924,-0.0003709438882453789,0.019318807428657353,0.005906364449689322
845,-0.0038018535939502965,0.025830696134123393,0.059386439429104945,-0.004320367938325666,-0.047059196535234736,0.027260810373128705,-0.004817732279139315,0.033284212663815774,-0.027483297367458533,0.0008784734373257259,-0.014679426755835391,0.0031796929507813144
846,-0.007392271468614794,-0.1158391609536262,0.08907163477899753,-0.00788588670724771,-0.022609665149114912,-0.044910366837460955,-0.004444327167431169,0.04357692570130173,-0.03178437911056463,0.0013145300821110321,0.00923723481432981,0.05092016770540965
847,-0.00340291827454313,0.025783017699320947,0.06825392162021747,-0.04612509781104066,0.00036716791352357363,0.021469569239588746,-0.0009433004889257994,0.03890697966814524,-0.0028373873287770393,-0.0003472426765801726,0.02183168013675054,-0.0024494257746521127
848,-0.0038018535939502965,-0.002639284051115523,-0.005047018615495506,0.01932118963691212,-0.06174518914038946,0.049543603297548346,-0.004904700256725037,-0.047194684227400356,-0.014365809991116247,5.895236744943598e-05,0.038641761098965846,-0.0085135800392892
849,-0.00459972423276463,-0.02128660714220918,0.0674246246150372,-0.07058063053755642,-0.003143056203578783,-0.01207180518352264,0.002217939551001152,-0.004785229295860606,0.02426001888106907,-0.0008777712975685295,0.029704967042884473,0.02266399666032857
850,-0.006993336149207627,0.011050404800208219,0.04010332885434942,-0.0009106686237380999,-0.007804543560644862,-0.05787397453752984,-0.0013518236818805408,0.01344846631195244,-0.01589714394997436,0.00013205806236001537,0.0305116723698714,-0.017674414516767944
851,-0.0038018535939502965,0.02221837458698347,0.06543757859149524,0.014446700603451268,0.002772271148333294,0.013698015407847614,-0.0009393245601184763,0.03103849965240544,-0.04617017934670139,0.004707729586514445,0.04653229612659121,2.9611351484965443e-05
852,-0.005796530190986129,-0.036434035206130755,0.06650598142626095,-0.008012398315013951,-0.0384655636424387,-0.005462028731548698,-0.0021061174210773572,-0.042902078132465035,-0.02292925611604332,0.0005278283066484851,0.027771000238482956,0.008883414362983585
853,-0.006993336149207627,-0.04157618480140472,0.04497634262613757,-0.037483975185023395,-0.0404741754065356,-0.01829713188903962,0.003686987287798739,-0.0717818725921924,-0.03025633899288156,0.001125981219482166,0.04768203216823737,-0.004421364680727061
854,-0.005397594871578962,-0.08910896480917076,0.06333363091829594,-0.09857163565684235,-0.07001381588498304,-0.05568406118338617,0.00024816523497918477,-0.12841411048529502,0.003166410971663923,-0.0005039994805021277,0.02983858844925398,0.02075376162224313
855,-0.007392271468614794,0.006016696593827844,0.044449569259000954,0.02120378672278978,-0.07960256946976557,-0.10634876686352171,-6.640857677082024e-05,-0.03010059457210791,0.01613296206313667,-0.0007574648820311597,0.04485681724071646,-0.009156829547145865
856,-0.0030039829551359635,0.007465263984787654,0.06799569456465722,-0.05786435079755956,-0.04085310492502124,-0.06837736996851851,-0.0008060005538200037,-0.0004807504650591446,-0.00528961564021534,-0.00027532806256699063,0.0035437523575833144,-0.005094357726280012
857,-0.0038018535939502965,0.025256812073451346,0.015458660295340846,-0.010730106754141953,-0.008854804289919027,-0.09057022109047305,-0.0030936411202534954,0.02857239904061275,-0.014368748940964493,6.267625473495246e-05,0.02809213496386062,-0.005242418415113088
858,-0.00340291827454313,-0.018675201666807948,-0.0041199642917290995,-0.019868922823837218,-0.015047017015535217,-0.0846823384234182,0.0008367688851180215,-0.05636705939462349,-0.03096270454855469,0.001212172117640501,0.06470986131600162,-0.014173662395585863
859,-0.006993336149207627,0.01640650638352474,0.0806103853372223,-0.028106390734994928,-0.033320320241921816,-0.03356283567219706,0.0002453059141445915,0.016196742598244954,0.00842215938100561,-0.000616875763577441,0.03709535944078645,-0.0019587755452372914
860,-0.00340291827454313,0.03913333180331775,0.04487019881198571,-0.04734533563352812,-0.016106724902161616,-0.034721361034810314,-0.0021491822348184988,0.014549963583846158,0.001273235907007048,-0.00045748075416197133,0.0323347306356893,0.011813737170221734
861,-0.0038018535939502965,0.018603528045961132,0.021059253118718122,-0.03404250075747004,0.0012496955265841236,-0.0055320939114599866,-0.0016320644178230077,0.019299706737857553,-0.012828184281994273,-3.728962096599829e-06,0.033606313516772804,0.006461230467131324
862,-0.007392271468614794,0.0004654935199731712,0.031792183028968635,-0.03925671834977995,-0.018791278891687312,0.014041705891625515,0.004699215239206012,0.04018471176697232,0.04886451476767489,-0.0011410920064115911,0.017950001445417866,0.0018614550286151122
863,-0.00340291827454313,0.04252167901796447,-0.06442637396218014,-0.07688239345414201,0.043694842819320116,0.026071545078632956,-0.00038151910304499444,0.06643571577294856,-0.0012687707407732917,-0.0003899898665698061,-0.01709265643034627,-0.004975522210396173
864,-0.00340291827454313,0.037786618509646916,-0.017857288902997683,0.008148432947022234,0.03923332123327232,0.04835482676724083,-0.00025315707846170095,0.0682855713907268,0.012094795988026706,-0.0006861405070819342,-0.007139284058849955,0.002706124672552851
865,-0.0030039829551359635,0.03981007861226127,-0.030928765662861228,-0.018401819470895985,0.04438714009027952,0.0007877876652537492,0.002256179767419688,0.06439559343212424,0.031548922244281956,-0.0009687250757228442,-0.0013993808640282398,0.01093473480333383
866,-0.002605047635728797,0.03821936932562393,-0.01647011592425488,-0.045248206129630285,0.030359702582737687,0.006596313490824865,0.0008188487862577792,0.06154937417294968,-0.007272670030316932,-0.00020908192644237265,-0.009959624043731094,0.0024942909016140566
867,-0.00340291827454313,0.044436743338308514,-0.034366585229104345,-0.01941437123270944,0.008772491318906818,0.027942379083801937,-0.00030057977331599326,0.05051984867657842,-0.005915018313442254,-0.00025449752383424634,0.015665376055996806,0.0015497340564590684
868,-0.00340291827454313,0.03655834538927121,-0.03012674003567047,-0.06985476158664895,0.026214580604348725,-0.033498020110125655,0.0013987013854684586,0.0605096029957874,0.0060024707740979465,-0.0005661427739983072,0.006475332355593786,0.004181960806089321
869,-0.00340291827454313,0.03889675548006228,-0.03101536938790876,0.0405737411720303,0.03504725604624676,0.06743833119234871,-0.0014417505254606645,0.06694271172519439,-0.002732381794993037,-0.0003492496871197985,-0.01063022563302486,-0.002019330850870039
870,-0.0030039829551359635,0.0440203882889908,-0.037106338771509775,-0.04387211897154236,0.04169169122564512,0.02768203412453878,-0.0035482634206287357,0.06516468531881313,0.005859334845105679,-0.0005623160295891445,-0.014614663170000333,0.003024786976912182
871,-0.00340291827454313,0.04187941628176695,-0.04381210200080597,-0.04172188485988142,0.037124822823392016,-0.030488593929326638,-0.004472019831981802,0.06861338991953007,-0.010738508522567605,-8.49107511352654e-05,-0.01642886207829275,0.002400949208766362
872,-0.00340291827454313,0.04602808415315158,-0.015645843394114928,0.01585031199936751,0.02499412708629408,0.06382838841645,-0.0021812120558581515,0.05981685038619924,-0.010886068702081817,-7.96764446117882e-05,0.019826682768186586,0.0007414196201972504
873,-0.002605047635728797,0.04242036394988854,-0.024591510672901266,-0.07262089583150241,0.028684674069190917,0.00037960360997148397,0.0035708527396356242,0.05235295298916047,-0.019788786916312903,0.0003383984375481411,0.009604072083510884,-0.00017877328196786279
874,-0.004200788913357463,0.04154424472794468,-0.03963697989380144,-0.06546841144950179,0.03898253167417363,-0.025027496580698923,-0.0018772416275970986,0.05261142161175513,-0.019073100211469744,0.00029774123432763663,0.010380216649428427,0.005713416875575876
875,-0.0038018535939502965,0.04089597160664953,-0.021468404839154527,-0.006204365346369548,0.016237047976947014,0.027859109554855106,-0.0020132433531273573,0.06711736172689994,0.0010524032182530074,-0.0004503815036091095,-0.001356046676577843,0.0013016192795307537
876,-0.00340291827454313,0.04032515048777256,0.01090404911393154,-0.09263151080994243,0.03987231268702411,0.007853902376012429,0.0029002954840697493,0.0622521277188133,3.8785741594398915e-05,-0.00042489238888683995,0.010067528369878198,0.0038487724083381206
877,-0.0030039829551359635,0.03478330597376838,-0.05103217653563878,0.0015151223834121766,0.0377738795591619,0.04843722560698147,-0.005134185808441424,0.0674321406332465,0.006527026036348909,-0.0005767533831487112,-0.025615382699004752,0.006168735125629388
878,-0.002605047635728797,0.046934518299624285,-0.017777609347813184,-0.033987943676429884,0.026032109160550352,0.01735219010408938,-0.0009504452474116869,0.067894719287016,0.006845663717373421,-0.0005835073880687214,-0.011539647517831854,0.005565042553548861
879,-0.0030039829551359635,0.041416732698710906,-0.019624929158736606,-0.024573075409134285,0.039572664393223454,0.045513258678736485,0.0033490279001264717,0.06442195917847623,-0.028396802488495958,0.0009681924055515834,-0.005696004321684367,-0.0015298941647465592
880,-0.004200788913357463,0.04043514030347868,-0.0339030523009534,0.03467126913678153,0.03827979482535133,0.041184049109730246,-0.0011925117597109975,0.06721324917555298,-0.048036994278571415,0.00582970924517868,-0.0055327391033242225,0.005185197638025127
881,-0.00340291827454313,0.03723721800368894,-0.04167775519111961,0.01534107330275015,0.04644502483238667,0.03879294792180176,-0.0031799516206527513,0.06505923851443007,0.01593719687770503,-0.0007528255097598558,-0.012114793040266645,-0.00780802273031624
882,-0.005397594871578962,0.035951084734754245,-0.029732133357574457,8.212505350674666e-05,0.03495025318792235,0.04332053792560666,0.0025532935902140784,0.06855868214250871,-0.02588642114768038,0.000750960902706052,-0.00857404505418211,0.0006394065842043388
883,0.01016088258530053,0.039030136724080323,-0.062193564321918464,-0.02144495937648258,0.04047976166245022,0.027757360559788176,-0.004100848024709912,0.06562590920852716,-0.01876500707087846,0.00028145527340212473,-0.02050799160949867,0.003948648019675859
884,-0.005796530190986129,0.0447677704392051,0.04719018163035913,-0.05061907424804743,0.03889409349140452,-0.02135871147160536,-0.0032003629538465118,0.061250596423722,-0.042640084787084725,0.0033987440605041117,0.025203599991507335,0.002297594773864577
885,-0.004200788913357463,0.041224569004595105,0.0025702362663740158,-0.0054327279866885425,0.031958870817616135,0.04272507425157132,0.0025350945413482404,0.05783471724695664,0.017231836434146434,-0.0007740518570284869,0.011420969340646622,0.0066326937647487065
886,-0.00340291827454313,0.03861066477733213,0.012951783351337011,-0.09245798709327942,0.037854448149876825,-0.01711705229039122,-0.0032577806397297605,0.05798410312138356,-0.03640557170441227,0.001969788173520806,0.0008336370609488645,0.002438083911820809
887,-0.0038018535939502965,0.03722127088072494,-0.023006383588319405,-0.06428656615922924,0.03270266048666563,-0.007042661847904308,-0.0005486355879999376,0.05305782870815053,0.0030230881437469477,-0.0004987006320329941,0.020407972348435884,0.006322083694685554
888,-0.00340291827454313,0.0328945958886929,-0.01373509688944656,0.0017820734998279474,-0.007059091509912406,0.02210240614274764,0.004291026526934345,0.036195101051647055,0.040403945700636074,-0.0010635666190655017,0.02911203414850885,0.004422966466871354
889,-0.0038018535939502965,0.04079218499175689,-0.02096927607674026,-0.010494627794215346,0.03048714872289214,-0.017017957848440353,-0.004210160978576208,0.06253493806581041,-0.019788277654366113,0.0003385573381509355,0.006140739866032382,-0.0033275256740830277
890,-0.00459972423276463,0.02877724287954859,0.01171709493497979,-0.08707514940530996,0.034753651940389,-0.011663462207483027,-3.245660101420436e-05,0.0523667365784643,-0.05300006319644819,0.007093584488052641,0.006636109549427252,-0.002082516353269877
891,-0.004200788913357463,0.034450716025784,0.03844816290412121,-0.09075534507434446,0.038212074269149555,0.010826211719627343,0.00428476974566977,0.0539919852364125,0.022573486717288278,-0.0008540608251222032,0.0026948000342791813,0.00831473359070915
892,-0.00459972423276463,0.04430815243075453,0.0146033431735075,-0.055408735381065284,0.03473265074537211,0.0065785312214735985,-0.00048506494752579004,0.061268721953722786,-0.018074112790671063,0.0002442757723975597,0.02038499085990812,0.007734523106489969
893,-0.0038018535939502965,0.03164481733381798,-0.004371126359184413,-0.022371460358816212,0.029967243268433853,-0.01142638001669445,0.00044045872175161287,0.05738704724516778,0.012338814761520902,-0.0006909751739234132,0.010464136439574974,0.004045702287180172
894,-0.0038018535939502965,0.026815704465940976,-0.02643921167600404,-0.01824587434756845,0.021058112661841405,0.05384226061278376,-0.0006797246292726662,0.058523736108897224,-0.015833174820077706,0.0001313529381339055,0.017764975766838942,-0.006675904716242023
895,-0.00340291827454313,0.03699837149918549,-0.027101415703501348,-0.08313317164908993,0.017903086946803835,-0.030449472087152915,0.0028078462172642406,0.062450051903560816,0.02280392774615762,-0.0008571452338222375,-0.0021653955943264545,-0.0021231190687341158
896,-0.004998659552171796,0.0337369273176912,-0.06604256565822444,-0.012530296506835903,0.008454990432105819,0.035411775012978305,-0.003855054081930178,0.0647427929863127,-0.01318244207402204,1.3666448253742736e-05,-0.026268908822698278,0.0010720514703379163
897,-0.0030039829551359635,0.04624893074978066,-0.07123314341002723,-0.057730661582019165,0.025606358453629744,-0.022465869452482534,-0.0005482256419110155,0.06016670492985649,-0.012467242249715084,-1.6490122722031857e-05,0.0003294690973055645,0.0076181265768045575
898,-0.004200788913357463,0.04433419932454352,-0.09278358160614446,-0.028410736032891574,0.02583059892322804,0.001984558499826657,0.00027442482072309035,0.06457097371428548,0.04735240875136907,-0.0011277212767537967,-0.010219228289450242,0.004070466700315332
899,-0.0038018535939502965,0.03668711362157791,-0.047896330910293605,-0.030031898975093476,0.03784070523700982,-0.06043952856857244,0.0047104593219908205,0.06917806132751565,0.032082306726573105,-0.000974696266331589,-0.02082439975796014,-0.00011758737006692701
900,-0.0030039829551359635,0.040450722835636554,-0.07534818852777221,-0.044520574774855944,0.033845252040578096,-0.04099842167241529,0.0013212167352230002,0.06229054544827427,0.0026526168393728048,-0.0004895549850536145,0.0023592702154316258,0.0032005704199189852
901,-0.00340291827454313,0.03790040694952302,-0.04884795275610204,-0.03886423393975014,0.03690419065814606,-0.02809577370097583,-0.0016029160633624666,0.06256178098910489,-0.009418448269680907,-0.00013423606499099228,-0.002595272093901628,-0.0007617264210653681
902,-0.00340291827454313,0.041232345773980925,-0.05838697895753412,-0.06316179221523642,0.02364350023368506,-0.037669096173274935,-0.00011659951362477836,0.06609510132443405,0.009307007218135842,-0.0006334879826868083,-0.008170050500574745,0.002158880235597823
903,-0.0038018535939502965,0.04290643607014074,-0.029889600754581264,-0.034616561472371875,0.02971884187273698,-0.018596382406868246,-0.002491338654142315,0.0660198469967987,-0.0306058044670709,0.0011887516080138349,-0.016405920872364577,-0.00014991456075729928
904,-0.0038018535939502965,0.043385368987545025,-0.08139475054408907,-0.09869056002464605,0.04562311594156041,-0.004325437943188254,0.002756110111620559,0.05993940005709142,0.015021204671100635,-0.0007375643141734618,-0.00888208759420934,0.00436243210681645
905,-0.004200788913357463,0.038939910566701666,-0.049025357934542116,-0.07800647777446963,0.04106016941501791,-0.06466880446511789,-0.0003148549895812546,0.06203488671841513,0.00953888147082737,-0.0006380210750405239,-0.02049971193450192,0.005756682645439628
906,-0.0038018535939502965,0.016729191758752687,-0.03715347392576828,-0.03579389794280467,0.025748045018648476,-0.032524469551052274,0.001184967152605548,0.06510004810479823,0.020909997225342165,-0.0008301018609861965,-0.022475807552025627,-0.004998395161071944
907,-0.002605047635728797,0.03954023456424354,-0.01967584364725565,-0.05041136551256962,0.02071958534650244,-0.026486250138069805,-0.0010126014982275418,0.052833357806112737,-0.00518578927779907,-0.0002765432869146087,0.00308272802707121,0.006498610248174338
908,-0.0030039829551359635,0.03712731290583101,-0.029146347916437557,-0.0512180286041835,0.014466765424948584,-0.022076545509923263,0.002645638855543344,0.06698306809577989,0.01752184575623103,-0.0007783089827878611,-0.01849806568623086,0.0012249080841344948
909,-0.00340291827454313,0.035170490462623244,-0.042961679898725846,-0.05057617255959843,0.0370379598689648,-0.012908511011672499,0.002435892695230981,0.06476922042944647,0.00822839681363208,-0.0006122788419697695,-0.026223489240969497,0.009705638411772532
910,-0.00340291827454313,0.03667581622029457,-0.04858065104973755,-0.06134516893459243,-0.005487515447927963,-0.016603309403390734,0.004014996707212507,0.057312125149705184,0.015194234618091008,-0.0007406936889805874,0.00783511199132402,0.013042445799091511
911,-0.0038018535939502965,0.03840645373004323,-0.0003645559145599341,-0.07488950398196731,0.0003852249177068676,-0.036189188072122146,-0.0018041119838441832,0.05776959885417758,-0.011798039154559903,-4.416672790025457e-05,-0.0025764226403435517,0.0016645559740086696
912,-0.00340291827454313,0.03959394669568805,-0.008275101550211047,-0.04007914951037665,0.03250542480740898,0.008009849251641358,-0.0001443435065022133,0.06167463151228472,-0.01166398877329675,-4.8901447245221874e-05,0.02277743694575923,0.004975272743868159
913,-0.00340291827454313,0.030643769520345615,-0.046679331245925035,-0.04529174372409309,0.01678904580777258,-0.043093653018184165,-0.0033218461405178008,0.06414469881025224,-0.010247769243398725,-0.00010380035419624518,-0.012200383962035793,-0.011220005018849137
914,-0.00340291827454313,0.026025040656900665,0.006251794202825573,-0.036155923553362834,0.03525203621089947,-0.055261047119189284,0.002165097639151606,0.06197327764597778,0.04428093362387436,-0.001100180170799061,-0.004233030884008255,0.004495734143170349
915,-0.00340291827454313,0.031507664792823804,0.0032129703380912953,-0.009389281044398345,0.020580423070171067,-0.1106003803786805,0.004992409460335193,0.06504330906022315,0.016416758751588253,-0.0007609745635077669,0.003339051668640114,-0.00784922844691634
916,-0.0038018535939502965,0.007987519043036654,-0.10340869501620331,-0.008979763228770348,-0.02542679875801654,-0.19250473901977688,-7.573744712501623e-05,0.0286342951034713,-0.007346096868869569,-0.00020770527228153115,-0.053986291282546645,0.0038257647645790756
917,-0.002605047635728797,0.019494035879768813,-0.04888226523036562,0.061000049223763037,-0.027384323373920685,-0.21541462111179074,0.0038375914809044833,0.006130048121807798,0.03295960751251733,-0.0009852604556186712,0.029737470292110813,0.0028811441448899707
918,-0.004998659552171796,0.040128576725517215,-0.08178258031184373,-0.08759223559774827,0.025794836264118073,-0.047207736137959325,-0.0004971756392944897,0.0610504917013959,0.017409221306981963,-0.0007765911326359301,0.006438928288006616,0.0032035555164657238
919,-0.002605047635728797,0.041380373730136595,-0.04974938364115827,-0.07983417968451943,0.023661982385346954,-0.0721713161106527,0.003345186026417086,0.06072510210683531,0.01164577229014801,-0.0006778951590614426,-0.013715898854208819,0.004429284888375404
920,-0.00340291827454313,0.04248044575385562,-0.07370949800392143,-0.048928163551396675,0.035767747557686906,-0.026237737981309964,0.0019160050040849992,0.06448392888825699,-0.0033298598169361764,-0.0003324393593721367,0.00023075810736844762,-0.003984674772776085
921,-0.0030039829551359635,0.035106677072467236,-0.060780968045379795,-0.025681706773425298,0.03575919304003311,-0.10068260205968288,-0.001621782576786354,0.06291625320745205,-0.042565765419596835,0.003226447258131414,-0.011865031792621564,0.00473152170756715
922,-0.0038018535939502965,0.042775905085187894,-0.06905182692487313,-0.02448338275521446,0.03146034939201985,-0.06800865960316799,-0.004452599215348366,0.06452827718010336,0.009766698741649687,-0.0006425458891087358,-0.021958759657756722,-3.248158963292148e-05
923,-0.004200788913357463,0.04651185120177833,-0.09026757355409769,-0.053485140218405725,0.04460789878249837,-0.05184818598996617,0.0025603074141963135,0.05917215513932521,0.023924519976443064,-0.0008725068316418752,-0.008212987354023964,-0.0037568850415087254
924,-0.00220611231632163,0.04228469449581977,-0.09337781733856264,-0.09562964516579937,0.04635676045555408,-0.02712834564955519,0.002381301225888872,0.06294980118643823,0.025079063215333427,-0.0008882232568669481,-0.01756970303208805,0.002029018105373255
925,-0.002605047635728797,0.04178366712977156,-0.04565388535469694,-0.04467478889543595,0.04206798120438989,-0.025569310142195534,0.001798660497619042,0.059082682576241094,0.00813804363652792,-0.0006102126537228138,-0.01411168754494846,0.003097458075148608
926,-0.00340291827454313,0.04125077586799611,-0.07073588277101743,-0.0443389543255075,0.03242315991397955,-0.04858256751486624,-0.0006740574987011101,0.05756981941363889,5.599001441140384e-05,-0.0004250062333069325,-0.005236035984038596,-0.002787022233227356
927,-0.002605047635728797,0.035280769427816376,-0.09051572445189793,-0.06953162369429051,0.03322082451301978,-0.030003051827249903,0.0006815748164751163,0.05455125181920196,0.015567128734863891,-0.0007467651439359552,0.0017570713664593072,0.003773271174153271
928,-0.00220611231632163,0.04271744756620338,-0.047722311359664545,-0.024234221166409484,0.03673386287293423,-0.09351886752953145,-0.005424256448499567,0.06453539901266454,0.007548721693517179,-0.0005980657918155426,-0.0169278891973921,0.0054427970490876065
929,-0.004200788913357463,0.037269322137713536,-0.14832564069416088,-0.05283585023351459,0.0319779221303696,-0.013051782335399118,-0.0007565925979585261,0.061681258603035874,-0.022694939395490006,0.0005187399362967623,-0.04022124352246159,0.004563490114674388
930,-0.0030039829551359635,0.0428592568148528,-0.06993867815910793,-0.05873269929692608,0.03327070743685611,-0.021575479745370867,-0.0032079927330519653,0.06654107234963436,-0.03284092448301761,0.0014501212398358686,-0.005233987975444702,0.0008196151123107601
931,-0.00340291827454313,0.04486593756590881,-0.12800896910610438,-0.05023211321080602,0.03654687032953597,-0.06772500936384142,-0.0034966910283447897,0.058719338753344466,-0.04425294494558029,0.003916406335874267,-0.009395947277631982,0.005271160264282216
932,-0.00340291827454313,0.046881778172120796,-0.08553053454152798,-0.060588174149607016,0.0405795031289139,-0.08083705025466721,0.003043764401845792,0.06207296860919718,0.025088582166768267,-0.0008883102821686814,0.011307154698995877,0.0054911696352101524
933,-0.0030039829551359635,0.044362993214153844,-0.07179859454852534,-0.04518770560605205,0.03815747179474026,-0.05809513828408342,-0.0006790972939332714,0.06242790191131183,-0.045054499211331464,0.004286750925862467,0.0009335784426290282,0.012993911719915784
934,-0.00340291827454313,0.04299893582013725,-0.1272736341645016,-0.05902049948689179,0.03995009796575932,-0.07852849561981494,0.0007808760412401547,0.06509733718119373,-0.0168872156127553,0.00018413163001990411,-0.041002601129963415,-0.0061912591933723895
935,-0.002605047635728797,0.04290822778347594,-0.054629911144471334,-0.07025659206413934,0.026592638246070412,-0.06046939980367321,-0.0018525949990203358,0.0598020518434694,-0.0028442877341462057,-0.00034584922952101365,0.001115294851764103,0.004383128222262458
936,-0.0030039829551359635,0.04839637571289587,-0.07616469102052378,-0.028812395369732176,0.03943067611987215,-0.04641498333290842,0.003264157037945831,0.062052099092316584,-0.02987574683141332,0.0010935685932204956,0.014058117150379468,0.0024129857840401387
937,-0.0030039829551359635,0.03818610628675999,-0.07643722607075096,-0.056910934944213544,0.034585430066026726,-0.06157554174650348,0.0020978057793391786,0.060659002461753334,0.009420148826162128,-0.0006357226538338461,-0.023704855109771158,0.004022233108793124
938,-0.00340291827454313,0.03744860847914636,-0.08410619576775734,-0.06573900294485213,0.05198096715426095,-0.0024547669278610607,1.796497913633298e-05,0.06039038954559009,0.006383628859138467,-0.0005735472578416536,-0.021971261748455734,-0.004579064615226188
939,-0.002605047635728797,0.04475571780043795,-0.06615417742137479,-0.02002836122803072,0.016608071785417487,-0.055653269519626986,0.004250950855456246,0.0640751363996339,0.031731155647929436,-0.0009707882152049307,0.001786022561146315,-0.00011899847440083387
940,-0.0030039829551359635,0.04082926631381445,-0.07589626583996367,-0.08241696567335233,0.03958480667147549,-0.07173940319874988,-0.005259262253306907,0.05819930803447813,-0.012842248799197396,-7.101567572650044e-07,-0.025887799825922805,0.0012690689227979534
941,-0.0030039829551359635,0.04119230333248678,-0.08659945737694803,-0.030971581356827243,0.04183215865717419,-0.049489593494858146,0.006056668236352765,0.06249452503322687,-0.007216739257712077,-0.00021103873768403406,0.006207847115535762,-0.003655538484862445
942,-0.0030039829551359635,0.04421681750455622,-0.1142122227714973,-0.042720242053693284,0.029484018235546177,-0.03288509246316825,-0.0005504127310697742,0.06187032565437564,-0.005314226664979523,-0.0002726636119020119,-0.011595177799556962,0.002412013809309367
943,-0.0038018535939502965,0.042801623485803054,-0.03265319206585982,-0.058532625982587565,0.02391489805314242,-0.028938944983662708,-0.003272771542449007,0.06468900096024006,0.007094563793296431,-0.000588952091965726,-0.0032669722701391835,0.0012665599995410506
944,0.01016088258530053,0.04106339088222905,-0.047973004045365863,-0.026821392802943732,0.03482583180883246,-0.06433606346164476,-0.0034460659272369824,0.06190928867352886,0.0375371719776491,-0.0010342545446625228,-0.015537171558348958,0.006552201748391496
945,-0.00340291827454313,0.0401677411642771,-0.07645608057489689,-0.026682060806618165,0.03954472938544705,-0.06262276142435087,-0.0020093134417158913,0.06487755611193774,0.00888495992539825,-0.000625139928336911,-0.013431179885276402,-0.001949282021405217
946,-0.0030039829551359635,0.043262588903394864,-0.049247660800355406,-0.06318045894207833,0.05278002813062605,-0.07021229083572057,-0.0020147466509680906,0.06321632728820269,0.0077286192956724595,-0.0006016621435430173,-0.0029655707741112715,-0.004084066940781333
947,-0.002605047635728797,0.04624526772207133,-0.04602357092185572,-0.02480770253921187,0.038141381712573336,-0.10128077566220874,0.003420581771760916,0.058436349901032754,0.03564946862059954,-0.001014427631010361,0.011408769500968618,-0.003551718233929429
948,-0.004200788913357463,0.04765490401626432,-0.09339246963890176,-0.0625883499859767,0.02811704534963021,-0.062138380871007405,-0.0001386567121647898,0.06467430267644268,0.0008539296157257245,-0.0004451833520628551,-0.017750378575524,-0.0015483620551930751
949,-0.005397594871578962,0.04587402104285981,-0.09199605144847835,-0.06720721863196152,0.02848395460421392,-0.06386367226093566,-0.00018570271474394076,0.06486963658560253,-0.009803483502499613,-0.00012016749268759,-0.004325635188374256,0.0034320355268488215
950,-0.002605047635728797,0.04489256686211221,-0.061230683235293425,-0.04243071182092659,0.03627075358220267,-0.011852091603726541,0.0018209344914640769,0.05723077879687691,-0.014708191894744767,7.92117116097657e-05,0.017263738077120547,0.008752383792025887
951,-0.0030039829551359635,0.04433341746311487,-0.05459704719664896,-0.028445072768411777,0.02607895201775082,-0.03546608717739881,-0.004934368346026864,0.06282042436014534,-0.00739757509921026,-0.00020536995979849202,-0.00236732086164457,-5.6568534175256374e-05
952,-0.00220611231632163,0.043350960969450104,-0.06730789783997795,-0.028498393820418157,0.02792461787867033,-0.029367544963923763,0.00023627564727385939,0.06483916211623868,0.006488671617867512,-0.0005757481849254236,0.0014269876399517986,0.001550237974443278
953,-0.00340291827454313,0.03793731264395535,-0.0898737875378484,-0.050761676313779265,0.04045285967634682,-0.04551842102127752,0.0020316268101500793,0.06437473535267971,0.008118192979055092,-0.0006098711825780173,-0.024268514884333826,0.011309744126815896
954,-0.00220611231632163,0.04134425983746639,-0.08338649269437934,-0.041057951799005676,0.02954030636093925,-0.0065519337457777315,0.0004151618761093835,0.061911753646723466,0.0063690562283940395,-0.000573291828929168,0.0013287803315931489,0.0005867593597498308
955,-0.0030039829551359635,0.042486417257266915,-0.06220055134253298,-0.026050201314607068,0.04339754349390321,-0.02993903937674642,0.0016276911071420811,0.06178917495978074,-0.03698353657203803,0.0020639808782192074,-0.005885310641874937,-0.004806300615072701
956,-0.0038018535939502965,0.045933511392849284,-0.10262758289393122,-0.028851547004458116,0.024713302670128747,-0.049617604912304346,0.00017608793854503808,0.06577112074471199,-0.03751364171948138,0.0021622216275514086,0.0034098009689422933,-0.004546648979843143
957,-0.0030039829551359635,0.03687125220787723,-0.08626159041072794,-0.04471116762641337,0.016622815621118982,-0.04735054566416653,-0.00016618362662881845,0.06246391633269636,0.04246008246606828,-0.001083079803232392,0.001811996312729143,-0.0028699368031740416
958,-0.002605047635728797,0.048282058389733096,-0.1157088860416583,-0.03269935083978947,0.03865609959574614,-0.062101814071230645,-0.003381547703527888,0.060228622894544344,0.02173943229748323,-0.0008420352449054528,-0.0026841066277109933,0.0026494161536218543
959,-0.002605047635728797,0.04401429102286047,-0.10956498766060377,-0.051570374952971544,0.03851243646210058,-0.022279008352360394,-0.0009382952535451006,0.06041957114842798,0.027530580841994143,-0.0009200584228105303,0.0005387551996546848,0.006392650143559963
960,-0.00220611231632163,0.04377192281127049,-0.06380246008065202,-0.03690042212659912,0.03905799622028919,0.006737685230362499,-0.003651786444980697,0.06546608651465131,0.040780675783175194,-0.0010669889234400471,-0.0031895229789614217,-0.0015158546168584247
961,-0.0030039829551359635,0.04285082602190385,-0.05506352931349123,-0.026146172748275215,0.04505613711135944,-0.04651385733214719,0.00012591346892795345,0.06691066066074204,-0.01087875584105975,-7.924566781414077e-05,-0.002796527037511457,-0.004539453142593973
962,0.009363011946486198,0.04234808784337774,-0.12333252046541315,-0.06482124217399057,0.019077200522961708,-0.011785866749955121,-0.0011675374433425811,0.05938683315969437,-0.01710284298061005,0.00019436903762903333,-0.007446902394917628,0.004712453481333739
963,-0.0038018535939502965,0.04616419506784274,-0.049374473469713555,-0.06319663948760157,0.024921862771256065,-0.03035266298941836,-0.002547041166446709,0.06527335863196215,0.029131306083198798,-0.0009397878681950353,-0.00370475035099109,0.0035844225400338764
964,-0.002605047635728797,0.044452621963006735,-0.08586935090754684,-0.056767407554195175,0.038766252295211245,-0.08328050794789724,9.404839021724878e-05,0.06269957318574176,-0.03795888396358641,0.0022503740898053236,-0.017516071402251924,-0.0010176874523395941
965,-0.004200788913357463,0.039418887702125135,-0.017744022618507306,-0.060564971878809624,0.01856005155027182,-0.037449961642647814,0.0012401221161131093,0.06545129431286195,0.0067123428903747215,-0.0005805340188437924,-0.015303158248523876,0.0003954489383521427
966,-0.0030039829551359635,0.045443698929057176,-0.08083651412149333,-0.04839412824195181,0.03295304196505207,-0.0692305281711476,0.0029955006331551072,0.056368934508311,0.031473593988497736,-0.000967807827899376,0.0014298716461415505,0.002267298814642787
967,-0.0030039829551359635,0.03945194796274733,-0.0665472840802686,-0.04229018266665281,0.03339953023039439,-0.09310705454910642,-0.004466227448003584,0.06488884156412549,0.022841022882280102,-0.000857513767197103,-0.010465566335460403,-0.005823075885264942
968,-0.00220611231632163,0.03956561832432339,-0.08077876228002283,-0.033857176382370714,0.04012413185168997,-0.0479324497995004,-3.5574866851479414e-05,0.061031085978991775,-0.026134008915236668,0.0007694184618233025,-0.002359028167252644,0.006914878040464437
969,-0.0030039829551359635,0.04069734963417473,-0.07840609779215567,-0.06519703295745403,0.033194780229636844,-0.044105473531827005,0.0006164963006161013,0.060391724184601286,0.011617663963766534,-0.0006774432766532071,-0.008163132265366725,-0.002186845878315825
970,-0.002605047635728797,0.04481160022383077,-0.10275475268137323,-0.018581856211523588,0.022289687352843344,0.017969471435498596,0.0039396432879179365,0.057822750871604545,0.025230423654627583,-0.0008902227499847144,0.005474840633128911,0.011331022635660347
971,-0.002605047635728797,0.043914983366234325,-0.06237277608534515,-0.05959974652031765,0.03274044703206901,-0.07440278248812754,0.0032076507071390893,0.06275794985220963,-0.03512531982903505,0.0017589311757280617,-0.011960652179880762,0.003152629201082678
972,-0.0038018535939502965,0.04497960105894756,-0.0903397880957668,-0.03183666544922471,0.030983460064395965,-0.02769636939476252,0.002714484832421833,0.06178575591863885,0.02515042220828642,-0.0008891569098817789,-0.0038753385055952604,-0.0034219309448490923
973,-0.0038018535939502965,0.0440203726141834,-0.1370855752206506,-0.056711747668227945,0.03572849532646334,-0.05669236972238143,0.00035648520573894197,0.06071350956279212,0.0064452101659314975,-0.0005750161889049868,0.0014894679711944464,0.0009464498535062608
974,-0.00340291827454313,0.04378672283345089,-0.04786475931335397,-0.0346982560733186,0.0434140282767679,-0.08815958384036907,0.0018513665784838029,0.0639549549639754,-0.0180403821120821,0.00024326305683117653,-0.006289396649712614,0.011121859259234675
975,-0.0038018535939502965,0.04459013951163672,-0.05409194826871091,-0.03875407315896066,0.031772286673293154,-0.06289236953586755,-0.0025704789052100837,0.06239822697614674,-0.009325278255490612,-0.00013843157382385538,-0.01237320685629491,0.004618205734640148
976,-0.00340291827454313,0.04150414266283088,-0.12153088012996878,-0.010918307820455471,0.017792123719216516,-0.06433058266282127,0.004092061910258043,0.06313526883531068,0.03442657783856632,-0.0010011960301421865,-0.011177262460403455,0.009163401924848708
977,-0.0002114357192857981,0.036292142864428154,-0.07328491218073219,-0.06160938915590348,0.04173154663830798,-0.031083164487200284,0.00424055222368632,0.065404173526722,0.0004930515937258388,-0.00043593079721401394,-0.02149321414442644,0.0014493103651213926
978,-0.00340291827454313,0.0433127533863211,-0.06701173509140321,-0.020818042409862455,0.03154900134253903,-0.11685410309062341,-0.0018303466378438282,0.06020190501572386,-0.017962127667871162,0.0002383306686847663,-0.007148243380960183,-0.008046255555829464
979,-0.00340291827454313,0.047015569422350696,-0.05962934175468816,-0.08806090257687482,0.03432322240969919,-0.05763566585448349,-0.0021433236218513486,0.06349573847844373,-0.009474270320353306,-0.00013247112328188744,0.023035916822084716,0.003163852713503334
980,-0.002605047635728797,0.04657066245378537,-0.08428693852610386,-0.07161129885307797,0.03882878594286506,-0.015853611403033523,0.00011565275311494571,0.06549358210480281,-0.005880119915033708,-0.00025499693729680724,0.01766304189357052,0.0015246822867157014
981,-0.00340291827454313,0.0454289347951047,-0.08458134122505448,-0.035743556751673615,0.03168662674872854,-0.029840221792108823,0.0013861800489249594,0.06133013282938117,-0.00589289421050569,-0.00025398241883705465,0.01781191012155403,-0.0015204453997730194
982,-0.0030039829551359635,0.044260830780353595,-0.08517082698371792,-0.055121790936486045,0.03429145459259421,0.007109208666407087,-0.003473518099466279,0.06228815401616943,-0.029481876406726375,0.0010676764051459281,-0.001980596342515256,-0.002261351091276959
983,-0.00340291827454313,0.04768407019849903,-0.08686130724704455,-0.05203141282409925,0.02283809413099962,-0.02183761662614117,0.0036059104947596416,0.05275462352048778,0.037843290693957615,-0.0010375438138481815,0.026260550396456896,0.0025515591201361763
984,-0.00220611231632163,0.03626417670737247,-0.06596493440370409,-0.05442566701452347,0.032579859678678186,-0.047030931557012344,0.0025871979814040868,0.05885177118822498,-0.020212483985126498,0.0003638133854489111,-0.008005786995410907,0.011220555306217671
985,-0.0038018535939502965,0.04531458969584707,-0.11036823226011074,-0.053872754074828624,0.038624840649723984,-0.08985129582724898,0.006520411209462629,0.0628865013654757,0.03032797582551308,-0.0009543672957156414,-0.011183681776043442,0.0026413882644029936
986,-0.00340291827454313,0.0437145410610234,-0.07626054999217963,-0.03602374421108699,0.029563542739461542,-0.06067063544741365,-0.0046089706850796905,0.06639048156923892,0.009591130919092708,-0.0006390631246611856,-0.01172297609644521,-0.002304672971574396
987,-0.00220611231632163,0.042088025413162075,-0.13457339938397894,-0.058648582919269165,0.033776446870405076,-0.0660829751087858,-0.003364855350788538,0.06142408326443195,-0.011769249148703873,-4.474234588431638e-05,-0.019275595203990425,-0.0011829616279523288
988,-0.0038018535939502965,0.04328226930453369,-0.04241883962413265,-0.04868989260882088,0.02942079698800655,-0.06277781654929752,0.0012252453432481229,0.05344164106888034,0.017175687687527894,-0.0007729613998950454,0.0037089738922087526,0.008965080547686468
989,-0.002605047635728797,0.047830934401528025,-0.05552601298693396,-0.04360298407768581,0.04331067866401013,-0.05024028401439021,0.004502364425213049,0.05499782524677945,0.03836458675292053,-0.0010428675839651597,0.031613638438062815,0.0037716221440381083
990,-0.0038018535939502965,0.04301794404687773,-0.09360096444281855,-0.04229409467590025,0.04482651746174772,-0.08030637080222695,0.0013724885913831112,0.06131723786269978,0.004546442814463938,-0.0005334712558986812,-0.004400311024435401,-0.005808277015340876
991,-0.001009306358100131,0.04111711018214015,-0.11502909165310217,-0.03667581235360314,0.024239167396349504,-0.07868845546854443,-0.0027655546398980737,0.06490029437810926,0.00960675182594639,-0.0006393344793614087,-0.041948046635012996,0.004195678278580149
992,-0.0030039829551359635,0.04384386806953464,-0.06986084700281783,-0.08182853786057256,0.003503088779599052,-0.010734761306838723,0.0030754446580528224,0.051548718385403106,0.006437193420287433,-0.0005750286379334127,0.00646132348087823,0.004280575176731299
993,-0.0038018535939502965,0.03924697123154747,-0.09810997309924821,-0.04593495722579849,0.02688584900556567,-0.012739243312080638,0.0019913739205967267,0.06811150137802993,0.015273302025093947,-0.0007417289083349458,-0.015452134989209524,0.0021981674948997145
994,-0.0038018535939502965,0.04479052761264924,-0.05623344864659737,-0.05294528647220158,0.027699470327263522,-0.04260240731759255,0.00037673129328333674,0.06390190786758614,-0.027856256805206602,0.000915599970252256,0.005609416080392015,0.00031400675643098667
995,-0.0030039829551359635,0.04172652281352041,-0.10392259647455065,-0.037256227280978056,0.036865914697241396,-0.033193989893171204,0.00023210925176953164,0.06548806798703681,0.01759648867235863,-0.0007795128976093841,-0.02050294232302818,-0.001869940149585853
996,-0.00340291827454313,0.04018927143528149,-0.14984091859328705,-0.06125140754081097,0.0437941401632208,-0.031324025586379714,0.004234494270637288,0.06461160530535391,-0.02541587227669606,0.0007139790097747907,-0.024352975617120798,-0.004313968930725992
997,-0.002605047635728797,0.04391293785633297,-0.12869490312513135,-0.04494310094755801,0.018429013171102588,-0.01820642933936882,-0.00375873250028862,0.06465863602392037,-0.014836788542347006,8.586738767410447e-05,-0.01372654950908551,0.0019731792305451817
998,-0.002605047635728797,0.03583898382167966,-0.09957941755861605,-0.012196092952242875,0.03820196038588759,-0.06421436021641924,0.001052498898689167,0.06241868019581489,0.03980363333529013,-0.0010573261224729761,-0.023535961992640814,-0.00413413697456379
999,0.009761947265893365,0.043417826102509854,-0.14516240112315745,-0.06956682644894624,0.04234730894560345,-0.06397016591859937,-0.0025851368891851483,0.062268060462969475,-0.009782287575584983,-0.00012066871448752061,-0.036838993555482674,0.002181328886576364
1000,-0.00340291827454313,0.04379013794052121,-0.09376506484347892,-0.04735859577947576,0.029600989911716506,-0.040115163483260975,-0.00270245469870821,0.06418797115417599,0.02217906039226525,-0.0008481956614797553,-0.010559686971369404,-0.006649054175037553
1001,-0.0030039829551359635,0.04619271006754468,-0.060691670513260985,-0.04279053563384163,0.02975975342042808,-0.05922147752684701,-0.005363509386008945,0.060807070723786806,-0.04479600602316253,0.004081381799028738,0.0059320661343383535,0.002199602717569152
1002,-0.0038018535939502965,0.037772641807878087,-0.06781443597876301,-0.06173847797365639,0.041207760682343074,-0.016360952701536566,0.0024330443505214527,0.06425846746373509,0.033405379164382173,-0.0009898068351262483,0.011870983491286607,0.00579486022465144
1003,-0.00340291827454313,0.04276836083070154,-0.0864061632993928,-0.05295591006652207,0.035578766536481676,-0.028682450785460632,0.0035444075871918315,0.06101371704803793,0.026611714074236344,-0.0009082307096698265,-0.015951120912144626,0.0010582310762991178
1004,-0.00340291827454313,0.03663932042780179,-0.11013671119365112,-0.05833678098949067,0.03553915350540079,-0.045618012201257656,0.0009084090146714355,0.060378884793828635,-0.024786008177951277,0.000663451428772924,-0.00551654053422011,0.003228530659928461
1005,-0.00340291827454313,0.04116427225322796,-0.08394253698844947,-0.03450056930031626,0.018566402578083983,-0.014962720177549103,-0.0041282894004385255,0.06399929125419901,-0.006658709966757733,-0.00022916654097898074,-0.006818003136944877,0.003509224528662309
1006,-0.00340291827454313,0.04212353745825448,-0.06660163438839457,-0.06552442403170171,0.022484544686897485,-0.07099434779407889,0.002970640320106041,0.05897626915501566,0.03794768203066465,-0.0010385897193297372,0.003048988812343693,-0.0051893277853517
1007,-0.001807176996914464,0.0368938995908941,-0.025171453405685187,-0.0368021770320312,0.04237733691431068,-0.03589610344032844,0.0038709785286291636,0.0550443420943863,0.01867250055326738,-0.0007964674985504979,0.0081930619944859,-0.008114241272648023
1008,-0.0038018535939502965,0.041920152585971315,-0.01788083393919105,-0.06502010405613617,0.04565215149261811,-0.05903365347861969,-0.0038880703991580516,0.06556175243118804,-0.03204175886687213,0.001353480974043692,-0.02230907794350721,0.005067476147604021
1009,0.009363011946486198,0.043752003160009434,-0.09728991636768218,0.004893321019352681,0.01942024569026885,0.019060789280932786,0.002352149422273908,0.06009511666001023,0.004373854622506418,-0.0005298020542588798,-0.00857282898002388,0.005028047055199983
1010,0.010559817904707699,0.04328720656813494,-0.152294482073454,-0.03930193692265445,0.04170456602489688,-0.1022051829237718,0.00036834342737992397,0.06194423073776247,-0.007789469308854717,-0.00019154615076862595,-0.029581776551102768,0.005500389260028507
1011,-0.001807176996914464,0.03854444091377078,-0.07060797788381075,-0.03391005270503729,0.03622894476110624,-0.061071126054246375,-0.0004538650971433831,0.06361340511638118,0.02682267745027306,-0.0009109623118287947,-0.005114773255742252,0.004756410667966579
1012,-0.002605047635728797,0.041992133226425477,-0.09180112265550386,-0.06468657535615223,0.04985434842458438,-0.023320832825882407,-0.001083770705465445,0.06669602173944329,-0.01921708797973251,0.00030633052416480206,-0.021363265292944144,0.002502234807682651
1013,-0.0030039829551359635,0.0465589874303882,-0.038485062932742245,-0.07212091120040054,0.025584842652168094,-0.03469880223174162,0.0018463204851012136,0.06108966517271008,0.003775843138343907,-0.0005159584147978982,-0.007685611124870964,0.0034716809551584714
1014,-0.002605047635728797,0.04222809691474853,-0.07065871346823573,-0.02402106653614316,0.04308134435989642,0.0167846187365504,0.001985158468250482,0.06582251549677288,0.03442711427383252,-0.0010011936258204784,-0.0119128486556408,-0.0007759540368262331
1015,-0.0038018535939502965,0.037218487792498076,-0.10695960445882247,-0.048803464380803165,0.025469371424876035,-0.04176136728005961,0.003781327621169527,0.06384809636187701,0.02798264858949814,-0.0009256712530520232,-0.02739868928230839,0.0051864193140013564
1016,-0.002605047635728797,0.04757231024979531,-0.051689957280916125,-0.06139933341413116,0.037623965608770425,-0.07698575867024587,-0.0034074154675075956,0.06043700218339811,0.03019980094803147,-0.0009526529918016563,0.013804256920208141,0.005072690529830652
1017,-0.002605047635728797,0.042058198518942595,-0.056904422353048774,-0.06349414754171158,0.015096555030858185,-0.01583557542735128,0.002577588063247547,0.06653081012865339,0.023930788463069244,-0.0008726983806016607,-0.016247351663926903,0.0016108423086559403
1018,-0.0030039829551359635,0.041695230523978465,-0.08351432036818873,-0.06464586662861443,0.025875418684801914,0.02654103184989632,0.002900615942236221,0.06361863551004536,0.014198497424814237,-0.0007235944345296717,-0.0016644364671299105,0.0010282758909133068
1019,-0.00220611231632163,0.0490225454867633,-0.13132017703278004,-0.04837410148210857,0.03124158796204799,-0.024329528392506735,0.0023847411402128063,0.06638540344013273,-0.00698594376625534,-0.00021876747813866115,-0.00996240239932725,-0.005169047326451311
1020,-0.007392271468614794,0.045836977193488414,-0.08299237378180965,-0.04426501795704547,0.038822598419037194,-0.023592680212167375,-0.004247528546375377,0.06840954477582009,-0.03649185771957646,0.001980164520932631,-0.01708799387493691,0.002253435118029734
1021,-0.0030039829551359635,0.04466555832865624,-0.05019970655220105,-0.06622818265109455,0.016634163189219862,-0.07370738568532714,-0.002289882906754381,0.06068013353590054,0.006067352799774826,-0.000566978534066489,1.4511641744205102e-06,-0.0030238943950695865
1022,-0.002605047635728797,0.042748783324583345,-0.06698304069147037,-0.038371566896395586,0.021706501911140038,-0.05618198792045401,0.002678286930943018,0.06066721528445984,0.0360212507920444,-0.0010184890441274036,0.007954865317437212,0.01073815616785536
1023,-0.002605047635728797,0.03601413981590952,-0.048391626230079005,-0.05817801336069298,0.024311303275147265,0.005430484115795747,0.002773152538101727,0.06601835277031587,-0.018140667765009114,0.00024757012481710724,-0.007190742819829307,-0.0019223383518441868
1024,-0.0030039829551359635,0.044731457594622534,-0.08167590410518097,-0.08144742612884436,0.035332513386254885,-0.02184376807059917,0.0016659831919668858,0.06553370926118375,0.015644447610211075,-0.0007479798525632351,-0.005378711026391531,-0.0011979844378260363
1025,-0.0030039829551359635,0.04344645645067036,-0.05111700482447998,-0.04423764533037255,0.03493216869460393,-0.04869486597247218,0.005407625111779004,0.05692264352077297,0.020456814232073593,-0.000823247179252915,0.010354224977303829,0.0060646221060434834
1026,-0.0030039829551359635,0.04452218186340016,-0.027967332833932563,-0.06166668906090888,0.04077595053003444,-0.04829095030747572,-0.0038607999862198803,0.060552604290165776,-0.016018282301066233,0.0001398746347011453,0.010602928493462052,-0.0008727745782867521
1027,-0.00340291827454313,0.041938997361396696,-0.0634055972137191,-0.043314321175898896,0.029214980463072235,-0.017535382385529496,0.0033667273368759615,0.06223513197489099,-0.00803158696077176,-0.00018406467595170274,0.0002498438882396802,0.001716688630719759
1028,-0.00340291827454313,0.043538844551904675,-0.08910056055956839,-0.04680024221458038,0.03596125212705715,-0.0609007537451969,-0.0031186161575842506,0.06566052168471208,0.008528829172247432,-0.0006185613714640738,-0.017051823342073436,-0.0022706680835211067
1029,-0.001807176996914464,0.04126747763015789,-0.02327592643734818,-0.04085529404452964,0.04089105147298262,-0.020315701728704613,0.0005747942218319082,0.06805084939163188,-0.003756881996834304,-0.0003193591624490193,0.006706752067577797,-0.00263719386850518
1030,-0.00459972423276463,0.04111936034837344,-0.0693837173048632,-0.018015111977432025,0.03732223488224477,-0.02506799431908026,0.0030874369778346247,0.06838997459748812,0.009768932862640243,-0.0006424102186121514,-0.011952227792342571,0.010559904344828445
1031,-0.00340291827454313,0.040885183751973385,-0.06163031495991887,-0.06952520421997936,0.03993813715048349,-0.05627551233178097,-0.003773103543797152,0.06564410012245457,-0.01552074937053337,0.00011719353835439045,-0.017832185579141683,-0.0013145335420889164
1032,-0.0038018535939502965,0.039252019734658104,-0.12928982489037286,-0.020813129907172493,0.023601189358190004,0.05401633097389051,0.0019813686210924013,0.05961695022168283,0.02657563916232737,-0.0009078116395160983,-0.011702112013613602,0.0014826857306742495
1033,-0.002605047635728797,0.046172721895813576,-0.10706469746203945,-0.04782228651523506,0.03414952946849987,-0.04239467218674663,0.0003410722680779704,0.05868250932025282,0.0185782036058253,-0.0007952081886643702,0.013942971652590203,0.0005481710524464791
1034,-0.00340291827454313,0.040629155318683004,-0.10531978507604957,-0.03351057658902177,0.03899870140632673,-0.035714977663397256,0.002157089297829614,0.06544427266058846,-0.017979136043493313,0.00023883393135830437,-0.0201468006348205,-0.0038386179924499468
1035,-0.0030039829551359635,0.04546157863001805,-0.04014727914965333,-0.030702678407611827,0.039397125211278666,-0.04712094071400117,0.0011546799381556786,0.0669951120910978,0.0021410943839687007,-0.0004771294616209852,0.005757131273235205,0.005527233570062053
1036,-0.0038018535939502965,0.045637399116442434,-0.06689648805175134,-0.054856519815957024,0.03470952870379076,-0.06222092075393447,-0.002232163096474061,0.06685771410626816,-0.027836290964197916,0.0009167474004597144,0.006728482283769207,0.0011313527029205934
1037,-0.0038018535939502965,0.04008994752306133,-0.10223382065668939,-0.060916098692126636,0.01778305811563881,-0.047162843930449054,0.0023046169513834666,0.0661874247601889,0.028150881282877075,-0.0009276926648179312,-0.010237147889455993,0.004744650345380678
1038,-0.002605047635728797,0.04405113221810346,-0.08700704443613762,-0.03980451006887406,0.0336361043484757,0.001644276505077347,-0.0005464481650383683,0.06361373396522417,-0.005985041928810234,-0.0002511985910777545,-0.022684701710096115,-0.0006816068267095333
1039,-0.0030039829551359635,0.047369855504283305,-0.13530339294992824,-0.07408216607354626,0.018037537727608115,-0.05495661042983506,0.0013591671170246832,0.061515381139159796,-0.015463269424449014,0.00011520561986392086,-0.002427758159879236,0.004672736905056571
1040,-0.0030039829551359635,0.04442344517339437,-0.04471795947342694,-0.0140969021937745,0.017247660642697824,-0.003265742900747315,0.004772472981825376,0.06432826276672308,0.04108394502692428,-0.0010699428950014652,0.0149524631097014,0.004006249491297093
1041,-0.00340291827454313,0.04704579449280818,-0.07683117711700925,-0.05925190162597027,0.03702375411811853,-0.01918008950629246,0.003028400177723268,0.06355777092940748,-0.0024542364005899777,-0.00035697793166323107,0.013471595936323886,0.0001514867167812575
1042,-0.00340291827454313,0.04603915945755183,-0.045150028549423085,-0.03732640209644018,0.02081362742664012,-0.06361825483719687,-0.0031508702773922026,0.06676823590672666,0.020352760575789046,-0.000821803411766757,-0.007503554119259937,0.004106964833922169
1043,-0.002605047635728797,0.046889039842218344,-0.12100634755751953,-0.057171252670890196,0.01921764488997845,-0.03497375864237443,3.023606549655228e-05,0.055860642228631616,0.013517823167157939,-0.0007118167684200518,0.02046288994910937,0.009088623547718411
1044,-0.0030039829551359635,0.04211528423336438,-0.11032465907114132,-0.05104668538278648,0.021136889566548855,-0.06902563308725783,-0.0025169560603987037,0.062309277642766836,-0.031129361561613098,0.00123265651099371,-0.009364656575876396,0.0012938207949650944
1045,-0.0038018535939502965,0.040234937263046285,-0.022691435325674237,-0.04182303574078391,0.02229817007786557,-0.03944713775182288,-0.0017872230917993564,0.06550479052964296,0.028279004746673785,-0.0009291596063328368,-0.0030148139837572556,0.0042611805139189714
1046,-0.0030039829551359635,0.04524419442447126,-0.08301165382506814,-0.045405209782685106,0.03747011951517218,-0.012875664666565183,-0.0006771582767852392,0.06802169689249196,-0.007741364600040581,-0.00019296045475530632,-0.014006270136664294,-0.001995628897387957
1047,-0.00340291827454313,0.041532358401676364,-0.09503986390069248,-0.06211518325005883,0.03941693115792036,-0.02835579263484771,0.0035392379241950584,0.06302824686917291,0.03184469726592014,-0.0009719609506483253,-0.01205438289294092,-0.0020106431915344223
1048,-0.0030039829551359635,0.04486224244851551,-0.07749758350738793,-0.06729041531864048,0.02708376761229626,-0.027248276687846698,0.0009192834611146707,0.05746877117636104,0.01537326454597808,-0.0007434295312233568,0.03057698238274673,0.003416800602304051
1049,-0.002605047635728797,0.03637270395328605,-0.01530519420898458,-0.05161667919007105,0.040022059900157655,-0.051521931794582296,0.0026711260888462956,0.06240692049692071,-0.027634689080707087,0.0008983701858141052,0.015333183598372612,-7.630262444730925e-05
1050,-0.002605047635728797,0.03608415134003031,-0.1009972131864051,-0.008728366789613527,0.01798325535183909,-0.11549784674954104,-0.0031114003359602577,0.06331561053959588,-0.014689936923115569,7.91147016550901e-05,-0.019361418248583076,-0.0003129064211475954
1051,-0.002605047635728797,0.039562490154268444,-0.09555295541715057,-0.021771550175792007,0.026043077798016498,-0.023087632496976613,-0.001153614207254925,0.0673761857775724,-0.0033195916785320662,-0.0003321078082327492,-0.02477503269122214,0.004830860581388869
1052,-0.002605047635728797,0.03574583409831447,-0.10212221043726928,-0.022076347945555384,0.04154057208962072,-0.06702243649738582,0.00046927611209456564,0.06842811110397108,0.001773952347340788,-0.0004682541319450194,-0.030778615203381963,-0.005106263414007209
1053,-0.00340291827454313,0.044741538590474174,-0.0654443248966457,-0.03486004184931766,0.003900012171674121,-0.055586905062132194,0.0022956792326429393,0.050213019066146225,-0.016605729300758158,0.00016844276950885902,0.028198646252135202,0.004425472318161828
1054,-0.00340291827454313,0.04047237903807016,-0.08686157215543491,-0.02865491443126852,0.022626888623224827,-0.02457363418040114,0.0014244512071065205,0.0683390446099978,0.025400269903053403,-0.000892609481730386,-0.013910171255131562,0.00025249779857606483
1055,-0.00340291827454313,0.042721391198547634,-0.04133275846146004,-0.03608786421562202,0.010296115688353277,-0.037896281473294914,0.0012578173058984655,0.0607042187848821,0.02148607335097158,-0.0008385297582788406,0.008329322904325906,0.004235796093486869
1056,-0.0038018535939502965,0.04181551532008316,-0.03959312626724729,-0.053173401001110995,0.007840201694926854,0.005794918386519036,9.861339155011273e-05,0.06144454103900986,0.0319872016552266,-0.000973723231780653,-0.0023170406213859265,-0.0014563161047290343
1057,-0.00340291827454313,0.03990976706384347,-0.05646023411983594,-0.0455998319687353,0.030291085703005836,-0.0022397797222570167,0.0012665124285453349,0.06127301711443378,-0.03752017554934423,0.002165909600909434,-0.02265867646895337,0.005762599483953084
1058,-0.00340291827454313,0.04426674509026859,-0.06874161850676605,-0.055846401294914326,0.028046443373979865,0.006613775147365514,0.0013335955448318248,0.061360665776243495,0.008856601243874898,-0.0006251888565534391,0.015032090614440882,0.0008554745670975116
1059,-0.00220611231632163,0.0452610454292725,-0.11626059381199261,-0.07824824750545958,0.04188471919824046,-0.0034097556328681632,0.002678077244924285,0.0601521253581292,-0.016194632676791863,0.00015002859848938383,-0.0023830005864671606,-0.0035504570848107968
1060,-0.004200788913357463,0.04591906292172987,-0.09082652361611986,-0.03032202045890252,0.03918798671829857,-0.008556184179443727,-6.288835879517918e-05,0.057243487042026926,0.03481397583936291,-0.0010055716686292674,0.03560839142610879,0.0004907181112509553
1061,-0.00340291827454313,0.04519674588715613,-0.05816887435138661,-0.04192153711712968,0.020096561824843085,-0.02177389367869333,0.0030646082999767252,0.06275262022543283,0.009771179577852987,-0.0006426082968882195,0.00652724048706364,-0.0022667635392240415
1062,-0.001807176996914464,0.042286711873231186,-0.08088164853672504,-0.06834160750061609,0.014442117869480414,-0.034490345710099554,-0.0015356670535978376,0.06540545187115088,0.03535731780102113,-0.001011297951425829,-0.015409434588105862,-0.005607223396527624
1063,-0.0038018535939502965,0.04322143187636003,-0.03165040722291628,-0.036048866870439344,0.03757792048147371,-0.02872221488371772,0.0028819920491622007,0.06446362685493189,0.021244306907271682,-0.0008350581290379858,0.008601600159935364,0.003685600029119929
1064,-0.0030039829551359635,0.04564837222763856,-0.08430765307667515,-0.044965297928965,0.03273440511571842,-0.046980837512009044,-0.0010211352787490619,0.067626984699887,-0.049219767553384766,0.006698194242348303,-0.020217958642556287,0.0029645341618762923
1065,-0.0030039829551359635,0.0470808835148717,-0.06540008334411239,-0.056122666943507545,0.03555409668192772,-0.06170674839070946,0.0027904359270532796,0.06523633499036217,0.00920275553500454,-0.0006315841850333857,-0.009315196766013651,0.0037466721399288102
1066,-0.0030039829551359635,0.047420014236447684,-0.05244680562506129,-0.05873268762829744,0.02604973001887685,-0.037743436033198595,0.0016457265380155353,0.06669214072214714,-0.037341837303022825,0.002120170570792281,0.0010890793515926742,0.002474820476890619
1067,-0.002605047635728797,0.04235166644953498,-0.09248308994247001,-0.004644171675566939,0.008162475620669572,0.013891801425410162,-0.0024969919515225513,0.06495148259283813,0.017118034327008844,-0.0007720476415068379,-0.0079144181766983,-0.004425272539600919
1068,-0.00340291827454313,0.04256743649734395,-0.07746172261604009,-0.05623806343709921,0.04418823930158034,-0.05809329152916726,0.0017275658335587666,0.06766676866406052,0.026253192215664554,-0.0009035650173625428,-0.013452265740364185,-0.003296465247459475
1069,-0.0030039829551359635,0.04497393472991288,-0.05046580554630523,-0.029064814733968165,0.03918384247336465,-0.004767576747486875,0.0029591694772793504,0.0695205980888768,-0.020095741612494628,0.0003570294220043462,-0.01152504358413542,0.0038347249636037453
1070,-0.00340291827454313,0.046378631082651736,-0.07589753042480636,-0.035285287460910204,0.040442488214162416,-0.035148348111289064,-0.0033759994024876953,0.060099431326395655,0.018023815767300777,-0.0007863554649627849,0.013811440837701977,0.002204193442133259
1071,-0.0030039829551359635,0.04582542779005738,-0.03106885118788053,-0.05020249009737141,0.03368725034084713,-0.0009927699887700104,0.00018403882083489848,0.062319778684528204,0.01028643721257122,-0.0006526442347991333,0.015687445151934126,0.006926532307150768
1072,-0.002605047635728797,0.043723733849331675,-0.08511423587337624,-0.03334635211355147,0.045265109498567394,-0.019817956444151956,0.0018840589428330311,0.06799343188734806,0.009228295088784463,-0.0006318986934050153,-0.025618227598952516,-0.0016329022238941668
1073,-0.002605047635728797,0.040467927554321055,-0.09776591296919064,-0.03347076062933006,0.04597605557218605,-0.03416047836746443,0.003802889135967444,0.06857904083404397,0.016380158517190012,-0.0007599616844591201,-0.02323749918130428,-0.008319068828412997
1074,-0.004200788913357463,0.04115787751657804,-0.0703648616432922,-0.04961158469312442,0.034668983626177326,-0.007924283534663398,0.0012315197335975975,0.06454046055570552,0.023295660290735307,-0.0008640100001578188,-0.012936039555845298,-0.0014539666785593716
1075,-0.0030039829551359635,0.04002895721417908,-0.059829513374957156,-0.03883911184182708,0.04104296714297088,-0.010151341840661772,0.0020293947266277674,0.06348643240105378,0.002368319284741164,-0.00048258196969799225,-0.015914540722925894,0.0030239391732626185
1076,-0.005397594871578962,0.0373018201674248,-0.03623432046727005,-0.04060536266129657,0.02268926726929192,0.0009741167962020791,0.0006661465971982907,0.06669727789862726,-0.014477228134681898,7.010041157331687e-05,-0.013047079259728991,-0.005847932328314091
1077,-0.004998659552171796,0.045925774754706016,-0.09626951269096502,-0.04983895058046309,0.03132817215945746,-0.008166986750484065,0.003433850688638475,0.06857995210550859,0.03599277811044149,-0.0010180275087935072,-0.022005091443058587,-0.0031694779307813556
1078,-0.00340291827454313,0.04394319190244452,-0.05008714827692602,-0.017278114128666738,0.03709322231203483,-0.01593547377114478,0.0005321765059225808,0.06682745541683366,0.037382782137303935,-0.0010326076571224336,0.00795483888085317,0.007398652564753524
1079,-0.005397594871578962,0.04263976975566448,-0.05858415763100822,-0.043566909535854584,0.023658200540343885,-0.05782751825743237,-0.0031588214736759305,0.06786917970399677,-0.03468615873038705,0.0017001055475290969,-0.0021702379122447374,-0.002132261334917384
1080,-0.0030039829551359635,0.04459851099736075,-0.0324480468530465,-0.04054937281190581,0.040287675189630494,-0.03730079361037479,-0.004971680317208071,0.0670750479734554,-0.005405508666389691,-0.0002694929842487401,-0.0007404275733817368,0.00601051456851437
1081,-0.0030039829551359635,0.047732186833251006,-0.05327838132795659,-0.03654077553431976,0.03706932041243942,-0.03140727096826868,0.0015962308938383158,0.06616522491083242,0.011128701375127635,-0.0006684432521434974,0.003858971163978193,-0.0007368009330801885
1082,-0.00220611231632163,0.04783238612046551,-0.05164647530364737,-0.060017166048880764,0.026375038891768444,-0.02663359402871488,-0.004725093737406563,0.05863790163987471,-0.028532682678192478,0.00097498233476963,0.014747623372200248,0.0030188657807076907
1083,-0.0030039829551359635,0.04448369410269737,-0.11598632289085073,-0.028172338386557014,0.025449971326981253,-0.0005984872672355196,-0.0012003710285891907,0.0627910743371027,-0.005303910916135026,-0.0002726963475033015,-0.0009443878372415968,0.00547419115444154
1084,-0.00220611231632163,0.0455791966551513,-0.09528891133144855,-0.05744857279619148,0.024080448493154206,-0.006313771301901652,-0.0058233407102644555,0.06218418040993147,-0.01802068777215541,0.0002416245665490588,0.015901330228333337,0.006627170019487507
1085,-0.00220611231632163,0.046851504385848286,-0.06875988344106952,-0.014084539265559387,0.04545586167268962,-0.0011778260728094777,0.002455269940108745,0.060577541718235234,0.03712352850241755,-0.0010300972889785288,0.020282963526484583,0.005456838459834378
1086,-0.00340291827454313,0.04008601799370225,-0.02719458025647123,-0.03623689467682435,0.041263759170916216,0.010209422063823132,-0.004357289127600975,0.059705723615836474,0.021052136443717458,-0.0008320545820078138,-0.006241819375753808,0.0015554161669723628
1087,-0.00340291827454313,0.045006628726835946,-0.07990146074502767,-0.023989674119744793,0.037148328715519235,-0.003545219402681402,-0.0011628277323955359,0.06308786064136024,-0.002935253932507842,-0.0003434692768739785,0.006847168378163917,-0.0012506216075840538
1088,-0.0030039829551359635,0.044969926331255204,-0.06402629662219667,-0.05947639838814406,0.034311402320955406,-0.029925712037570853,0.0027113689725989185,0.06264802403630845,-0.02022934910193447,0.00036292185543498694,0.002844027404930679,-0.008420417856499652
1089,-0.002605047635728797,0.04622912338638415,-0.08578044517094806,-0.0799225942375514,0.0027761389898129218,0.005052925995355874,0.0029402054600704743,0.06145854930852958,0.021229027851701696,-0.0008347814205257047,-0.0034202617581260523,0.0025994402470281455
1090,-0.002605047635728797,0.0362347295212224,-0.0482204432987575,-0.05522448095038133,0.030561156382208014,-0.04524098848200298,0.0010881971183546721,0.06499419905466207,0.004273839926528686,-0.0005271325714526046,-0.027673940707668338,0.00628343615471943
1091,-0.00220611231632163,0.045451526659117635,-0.09002855963709112,-0.044115387098279855,0.035870636088713506,0.014883230194270654,0.0026467212527654044,0.06518743895127323,0.015420619759656317,-0.0007442241722557868,-0.03838221917565034,-0.0016149981293651456
1092,-0.00340291827454313,0.04400401413171483,-0.052981081390397713,-0.03529580296773889,0.0428592764884657,-0.0126492306367553,-0.0018152271706732693,0.06918838437499748,0.004786241569869334,-0.0005387842732718807,-0.005310000847462303,0.0013833874608506127
1093,-0.002605047635728797,0.047487339443952475,-0.06888583647357968,-0.01667509761391409,0.029162593656753662,0.017229992936178478,-0.0004899363784090388,0.06073870087277101,0.03348778578514424,-0.0009908860921833283,0.028493776900795357,0.006972035156390212
1094,-0.002605047635728797,0.04567367440279446,-0.09398319114924703,-0.08635389760634908,0.025321820661501338,-0.034642402785383934,-0.0007453058511388989,0.059429393290607826,0.008410593942330844,-0.0006157640217581067,0.00896303768715007,0.005316282511122633
1095,-0.00340291827454313,0.04435195909584076,-0.09246761391480951,-0.05817073338222104,0.029801737416266346,-0.03873323283227319,0.0034706150142941035,0.06848435712321904,0.02031492939783245,-0.0008212987121153908,-0.017691338649194425,-0.00037635240439113597
1096,-0.0038018535939502965,0.04652903652585634,-0.07914833627338529,-0.07754762709264125,0.04143625554034285,-0.011914352336610708,-0.001640117576429475,0.05660928499001701,-0.0007454565043847193,-0.0004042348770077416,-0.00017174434823173575,-0.0024470154603341444
1097,-0.00340291827454313,0.04045763428211584,-0.04508075490068089,-0.05917639034750626,0.05248371467556508,-0.012325661887301529,0.0031743826494415937,0.06395456950974658,0.03216685169377207,-0.0009757360139237775,-0.018687719753717087,-0.01249649740392997
1098,-0.0030039829551359635,0.047092848518941195,-0.07786933312545702,-0.07165451649547652,0.037538788326823204,-0.036420334150285075,-0.003989896597436979,0.06202003395234459,0.008882720077955413,-0.0006249940844066679,0.0010393078082434177,-0.004159942716699825
1099,-0.001807176996914464,0.043955928737801596,-0.0773627181578614,-0.07404656674732658,0.039018579082705604,-0.028590467527237647,-0.0033564839296061004,0.05903790537679583,-0.016434753152674265,0.00016103575059084243,0.0008428374930105426,0.0019777592058023447
1100,-0.00340291827454313,0.04689248273167631,-0.04908927364821314,-0.02151454260673258,0.032168738682112195,0.02738388910280039,-0.004017244546504973,0.05895353346188654,-0.0053545055370248975,-0.00027107331677255755,0.018039784616586774,0.01037722253754798
1101,-0.002605047635728797,0.03810860504403927,-0.06673532553631548,-0.05141263419126335,0.042114392799960945,-0.01690975180645188,-0.004715436467615024,0.06634184967500106,-0.007478485153700853,-0.00020225954939974772,-0.027353049027339323,0.006129391807639963
1102,-0.0030039829551359635,0.04229438967623145,-0.07753421103630323,-0.03870835946035119,0.03647309025398211,0.0137221033652187,0.0022933604411846734,0.06492402590250604,0.03587601991035831,-0.001016938355907985,-0.0026399028294633955,0.011739550366765432
1103,-0.002605047635728797,0.04529912480140921,-0.0460349881620897,-0.06892527149827984,0.05231065806592668,-0.02392426167098403,0.0024579450960715544,0.06192170634317334,-0.010080010361494661,-0.00011052083410884537,0.0020667398400655143,0.009908437329374868
1104,-0.00340291827454313,0.04290031376182435,-0.09353019639774741,-0.04087487728853781,0.04463530872218849,-0.05212098079568449,0.003140040267592624,0.0651674216671251,-0.001833010495729331,-0.0003741673862538685,-0.01101617195021228,0.006708846082953961
1105,-0.00340291827454313,0.03901601968080361,-0.0813282707272998,-0.04642436747370771,0.03452080275249337,-0.023130059269891076,0.003886732589670187,0.06713707844802085,0.013666489504113569,-0.0007141735409461478,-0.005664919376365755,0.0029850612793830794
1106,-0.002605047635728797,0.04355311682699832,-0.05601628130628947,-0.041209157815837665,0.021744351934426573,-0.02766216575061404,0.0026130555512339595,0.06255560217743311,-0.019105732274788654,0.0002999271234560226,0.027047895177898233,0.006234567787971827
1107,-0.0038018535939502965,0.0462925135596452,-0.0632338968335768,-0.05816636889646654,0.03861368752023949,-0.022908186654519668,0.0026081760506054064,0.0609687917216919,-0.02670096589397189,0.0008179535710620923,-0.0059563621693387225,0.0017301115888006386
1108,-0.0038018535939502965,0.0493670875445436,-0.07903026575792953,-0.028615188938633233,0.04223111835593331,-0.033322340216731736,-0.0007360906927625698,0.0661019702556543,-0.025627840828258436,0.0007308518746295378,-0.017699435924478694,-0.0005947450603857871
1109,-0.00340291827454313,0.045051037736956956,-0.09239123391573888,-0.07231884692296114,0.03566629891894659,-0.009716174977894771,0.00012216441356404005,0.06512853512797587,-0.023211305844326877,0.0005536640430282542,0.0071443479155311835,-0.004476594189614562
1110,-0.002605047635728797,0.04622608423802472,-0.10959618449070105,-0.047658682968575936,0.040201738721108986,0.010015110333192629,-0.0010920809503240161,0.061462758583142645,-0.02492903689945388,0.0006738269627375306,-0.0077464296576776615,0.0023001709817532367
1111,-0.0030039829551359635,0.04260236692369385,-0.05082020427477441,-0.055777158675083184,0.03887754306289766,0.011414313319280122,0.0015452556371667121,0.06571917690537843,0.015541911140563561,-0.0007462033841865217,-0.009951725774227099,-0.002050777269524369
1112,-0.00340291827454313,0.044456236529692085,-0.0799752243331809,-0.04410564731925506,0.020739609976281173,-0.012141522634333338,-0.003528951825866482,0.06083625643696664,0.037539085700187935,-0.0010343707428141194,0.00880956062548118,0.00047707361303642463
1113,-0.005397594871578962,0.038450038245053074,0.003718525917974056,-0.0404377702049302,0.02178915405673657,0.010984740388851515,0.0004895538082023178,0.06473769414752309,-0.02378626606041208,0.000593143230923193,-0.013906230319711558,-0.005734099028844717
1114,-0.004200788913357463,0.043218348982787244,-0.034232857744118286,-0.08588778872910818,0.03340887417890137,-0.0162370346969176,-0.0007245146736638465,0.06372699138915716,0.02521979072856656,-0.0008900393330747159,-0.010485594029177557,-0.0036796688682656617
1115,-0.0030039829551359635,0.05007324767154078,-0.12134121632122752,-0.020852516447719783,0.012781255119921064,-0.03381757116217118,0.002116295729528797,0.06623234525105894,0.048745281683217206,-0.0011397574720027042,0.010713836730431475,-0.0016436995123976607
1116,-0.0038018535939502965,0.0401954219057895,-0.08329237716758411,-0.021902990479898108,0.041732381995480294,-0.007705934616617959,-0.004984962825504112,0.06330384644414054,0.004967254977275692,-0.000542896362291513,-0.017372591362122262,-0.003165479652572044
1117,-0.00220611231632163,0.04547391782396485,-0.07274433481270234,-0.062294505858645696,0.02810496268179636,-0.05000962436093153,0.0030645642641145584,0.06279155340638459,0.03236218712797073,-0.000977993046342522,0.002696997490017099,0.007196368868328765
1118,-0.005796530190986129,0.04003829994387347,-0.04022095915300035,-0.054080614785659446,0.04575540325468312,0.004926230533098729,-0.0021871627604377396,0.06889733437239356,-0.03221520222702026,0.0013733557222244004,-0.02137828158588011,0.005276111720413591
1119,-0.00340291827454313,0.045742947254972695,-0.054176088938536475,-0.03562205327358315,0.03221890567147594,-0.01622350895168214,4.3624151579184996e-05,0.0618066516667367,-0.003126352740220632,-0.00033808663544456104,0.00708648624679207,-0.0006456436916374082
1120,-0.00459972423276463,0.044589668067963495,-0.059370109477875264,-0.06940359255365973,0.03204257122070406,-0.004522151935222987,-0.001004503036486004,0.06501790031167491,0.010508599123767512,-0.0006569424459325777,-0.02763182467526017,0.005099897265149379
1121,-0.0030039829551359635,0.04545669580329896,-0.06566238324872488,-0.0016284849648300521,0.024348993944628538,-0.002010476709586856,0.002726685589233726,0.0615311717941414,0.031235047928607554,-0.000964960646599054,0.011901539836423464,0.0033485522592948394
1122,-0.0030039829551359635,0.0444764705792642,-0.05475760393760073,-0.056696398028867834,0.03156643123232376,-0.017091804454693518,-0.0019434787003119497,0.06164635460237984,-0.00705784186853443,-0.00021637732762279225,0.017859311449754577,0.005027982426919088
1123,-0.00340291827454313,0.04588877932664046,-0.0963020763923965,-0.04388915198599108,0.03265593548668621,0.014378321597488499,0.0032436691426611505,0.06445441213946529,0.015773964707303623,-0.0007501700983427518,-0.0028424005832722353,-0.005463660143920355
1124,-0.0038018535939502965,0.04772718392528595,-0.04939747235047671,-0.07389627609522648,0.04129052976832936,0.023818841921512016,0.0013930316950873786,0.06277655139647606,0.026592766446702373,-0.00090804488173586,0.00825199726076151,0.002827051567131365
1125,-0.005796530190986129,0.034092001012936704,-0.06711780180273598,-0.017653546340502178,0.019328133311366794,0.003501707522705248,-0.0007672792101801793,0.06645366717738618,-0.01656105560262201,0.00016737756066119205,-0.018779227431722226,-0.0030866374035155783
1126,-0.00220611231632163,0.03787449746921944,-0.07700041920002892,-0.07775138643758867,0.03243296112515208,-0.030687287350460453,-0.002093693305923352,0.06632010936675982,0.0041948598789300195,-0.0005254036352080944,-0.03480684819452475,0.0032867026581127287
1127,-0.002605047635728797,0.0434713806637626,-0.020160475722642495,-0.05452360379946768,0.027159838157320922,-0.009647314303307678,-0.0016036664228232262,0.06617306553007053,0.015665819368350778,-0.000748319430270264,-0.007315437471382727,0.0016575772118238585
1128,-0.00340291827454313,0.040499663521600594,-0.07057427890285889,-0.05449350431846911,0.033368245651889325,-0.012507731255787585,0.00013196011068803822,0.0660852740195,0.0019230234063504685,-0.00047207077616063023,-0.013186697831322215,-0.0032443085381576794
1129,-0.0038018535939502965,0.04332062634282468,-0.03330604920131244,-0.06891750111321907,0.042019732560425904,0.0002950336421379626,0.0016626508919638427,0.06136566719651613,0.006475490595536146,-0.0005757268082241734,0.0006795216499613508,0.0021968146526490807
1130,-0.005796530190986129,0.03264332487035515,-0.07757366365350106,-0.0005063808959543398,0.025755578118144242,0.026436758983288962,0.002026164230058788,0.06882230843530879,0.026795614298458018,-0.0009105661601179708,-0.036314653467352964,0.0030466664113048287
1131,-0.00340291827454313,0.044213712843788416,-0.08599004540504616,-0.04780994657314531,0.032308006806801806,-0.0014689377151141643,0.0024065375819620066,0.06469703527612063,0.0067569471578328225,-0.000581743678593515,-0.01749536630934347,-0.0021641488840690366
1132,-0.0038018535939502965,0.042967171134791815,0.004193511379828221,-0.03949918571278925,0.013248929782059146,0.018313146448416227,0.0007483487226175312,0.0627660901749775,-0.007041140348870709,-0.00021690022475339364,0.011782753659301792,0.005634447202922544
1133,-0.0038018535939502965,0.03916235083125659,-0.07267335955856127,-0.06754006588714923,0.032215098977553355,-0.024357469847609864,0.002379114949284118,0.06442285013909754,-0.006654080796494344,-0.00022925608745897287,-0.02070900540926426,0.001144844377759314
1134,-0.002605047635728797,0.04436001898810205,-0.061872296157806615,-0.039625423070737395,0.032044366281677075,-0.02661341576573135,0.00041638707353845386,0.06263148955084763,0.00670529697845929,-0.0005810662639376119,-0.0060273960893278,0.004720736621550774
1135,-0.0030039829551359635,0.046433130698118906,-0.04362915724142832,-0.028913240222083463,0.02204717707483163,-0.06144547059212569,0.0024925157936772214,0.06444317947153816,-0.0011570593390608259,-0.0003928259171164536,0.00874648248014903,-0.0024720742737010934
1136,-0.005397594871578962,0.048135889362539645,-0.08018373011725058,-0.03174710828444203,0.045118298822892255,-0.014606733196763564,0.0041782707903626785,0.06540763635369409,0.020719663208454506,-0.0008272720841646501,0.0067839305725282805,0.004555331566248483
1137,-0.0038018535939502965,0.0447493888762579,-0.08665405402584371,-0.03373681207503779,0.026054806720076883,-0.05047507571894761,0.0030324895361497958,0.06672038301186872,0.023017893973820314,-0.0008600464201889873,0.006044570089122795,-0.004628278817676259
1138,-0.0030039829551359635,0.04684304157183962,-0.0480370811130392,-0.055420497641881894,0.03502046592448695,-0.009292410155634109,0.002060008223192147,0.06456078587371712,-0.02855047505111132,0.0009811845550159951,0.014575217370695013,-0.0006659685772780624
1139,-0.004200788913357463,0.04240887456022357,-0.08492614980546828,-0.0689844701042007,0.024749454090693603,-0.05459949021867528,0.0005449922654911929,0.06207830155308734,0.007984017330215925,-0.0006070568030966026,-0.00997599854731459,-0.00024822512395948203
1140,-0.0030039829551359635,0.04062063426272637,-0.1082293868149428,-0.009583961627057297,0.023120022112573597,-0.029014102278894817,-0.0015409090394986203,0.06947825282847371,-0.020539988397023437,0.00038310152516282713,-0.028379493129492152,0.006212054711844051
1141,-0.00459972423276463,0.03981398495067986,-0.04042246222382437,0.001222587268427106,0.023663361752509264,0.0022915693717172536,0.00031454084388951375,0.06771490319132036,0.01667664786458281,-0.0007647464313323393,-0.008435278643822524,-0.002605516701144522
1142,-0.0030039829551359635,0.04467710863616608,-0.045390703385852875,-0.043402369805696325,0.0430946527862956,-0.017457875322247893,0.0012491403488995372,0.06584199265455108,0.007836906714447457,-0.0006040898753420271,0.004222690228037638,0.0010893982195685104
1143,-0.00340291827454313,0.04005829738421763,-0.0682274232366992,-0.05102050699151694,0.04442393170692374,-0.001336377952538868,-0.0010415086639042673,0.07022032634567381,-0.004353069135883832,-0.00030143463173561857,-0.018018730283681946,0.01929552415230297
1144,-0.00340291827454313,0.04304750746605716,-0.07611474325205121,-0.04468922612092908,0.026854391827808913,-0.0038748338624606266,0.0034144038056575766,0.06456855576895855,0.022531527408069567,-0.0008531718710428484,0.0016079289470257044,0.0025604471893175746
1145,-0.004200788913357463,0.04513692005158996,-0.0627541535061539,-0.039645577804622675,0.02679785794969811,0.0023696602948146497,-0.0001575760505144021,0.06701591972034934,0.03214791499896463,-0.000975507868697885,-0.013383601535700609,-0.00561453072426861
1146,-0.004998659552171796,0.04248479867938641,-0.05183590446165922,-0.03931368006920614,0.04328894858080921,-0.019064056080159954,0.000502620602994038,0.07294246592298773,-0.004537648748130401,-0.00029601907048433903,-0.01921778021525151,0.0012499090154531969
1147,-0.0030039829551359635,0.043044646956813815,-0.055026013841915224,-0.004742668035338222,0.038436528941844836,0.030587105256697864,-0.0008270995173049672,0.06729935094644554,-0.04289025687877932,0.003489283612238555,0.0034160939673079974,-0.002055546825501739
1148,-0.00340291827454313,0.03416325541048048,-0.10490708216848281,-0.043995960789086935,0.033790703055359424,-0.062088806915502566,0.00016106568021138047,0.07037497612371567,0.028694826724444872,-0.00093441850173677,-0.03440356064126676,-0.004363060648355298
1149,-0.00340291827454313,0.04544678396776934,-0.05233771109857795,-0.04965853504972297,0.019824427294832858,-0.022548327840245557,0.0003926001868470888,0.058004037408638215,0.012609336706868552,-0.0006956188456168773,0.025461721482320693,-0.003429410085200663
1150,-0.0030039829551359635,0.0469475745521419,-0.048491512883091906,-0.05176941395644041,0.03871741251001409,-0.017173931785302892,0.0007061913804269971,0.06676489910930472,0.009312369370277225,-0.0006335501048761962,-0.009802157552745404,0.002218360389655073
1151,-0.00340291827454313,0.03755217859732894,-0.1068860820579845,-0.056803220227508736,0.044419983623964925,-0.03486653904528722,-0.0019023499126466085,0.07008779808682161,-0.028731061419493,0.0009997324090164294,-0.03667666358983082,0.0032354055143207832
1152,-0.00340291827454313,0.003950851871287714,-0.005718646488458356,-0.04583894950533616,0.009666351113038695,-0.12618708468212178,0.001578639247570715,0.044234744751061796,-0.0005412316866594957,-0.0004097516884656431,0.0025288537282390183,-0.011767289369141353
1153,-0.00340291827454313,0.028242551684907174,0.010025975026692741,-0.036249673171311655,0.002635764542179683,-0.017259021689724388,-0.0036581071706500304,0.053258081102613604,-0.037069944712459175,0.0020697226804982233,0.013399910986481542,0.00884090880710716
1154,-0.00340291827454313,0.04100395497557475,-0.02351812446700583,-0.033737240034891404,0.030071589494699895,-0.08741815180982039,-0.0008060505946057992,0.06501959749036913,0.04673808101650012,-0.0011223343273766427,0.013480908991798775,0.0004965131146241191
1155,-0.00340291827454313,0.03902319271596701,-0.0015399357055828624,-0.07323411552669926,0.01348894879887334,-0.05563773490257354,0.00014509955234435918,0.05951731603022782,-0.016075826003544024,0.0001431977412465828,0.02285892610269159,-0.004790584536796233
1156,-0.0038018535939502965,0.01940673592315541,-0.04501292111850884,-0.06069368252233073,0.01019838196158359,-0.07675902125873801,-0.0025755407836379283,0.05501146902738323,-0.02321738457716711,0.000552478100215617,0.0011173130045941597,0.003095730770028449
1157,-0.0030039829551359635,0.016542300266335516,-0.030704387476275657,-0.06306967628109286,0.0044049146371824945,-0.05801643916647623,-0.003124016706219118,0.05826947332740204,-0.0254548007198817,0.000716634815981441,-0.014443764571563484,0.00772846797648562
1158,-0.00340291827454313,-0.0019329470951732523,0.010509311716125893,-0.0695570558427982,-0.023044006672508794,-0.07151540199813101,0.00047049700372132946,0.024075613219658308,-0.0039056118400944977,-0.00031614053103336124,0.041779628347118784,-0.005401290388793966
1159,-0.00340291827454313,0.029440810205277806,-0.05943894306616005,-0.03208826977672955,0.012044050225226815,-0.09420169464808756,-0.0005182849123172529,0.05433133452735271,-0.012491190523413164,-1.611967773374258e-05,0.008979534873342538,-0.005898984560466429
1160,-0.0030039829551359635,0.0007960744970890517,-0.019128711006514136,-0.06046028987278991,-0.011868281096018053,-0.04312564478881871,-0.003694380011564855,0.04960694247432545,-0.033701482073926245,0.001555784746630086,0.027640785694186192,-0.014433121498469021
1161,-0.0038018535939502965,0.025360763152978458,-0.025072601050508347,-0.032933912553983355,0.004800517877331814,0.03273974856786503,0.0032697157230414686,0.014337609153393573,0.01880772301237489,-0.0007990783055468424,0.048203039121417865,0.008718304623615766
1162,-0.0038018535939502965,-0.002852203285559958,-0.011395912564259642,-0.040293354504701374,-0.03822913082213972,-0.0035434826572278734,-0.0015272322736260315,0.007862981884042072,-0.035693182595416297,0.0018144148962790047,0.006630719950550104,0.015046105731736101
1163,0.009363011946486198,-0.035850519011119596,-0.3196976815508951,-0.07540161993056797,-0.1343448770771066,-0.13197719087089085,0.006059647512156684,-0.19351962970357647,0.04711492681276647,-0.0011269621060615814,0.027118237239981642,-0.013092145833390476
1164,-0.00340291827454313,-0.06119402450361407,-0.09627472222427574,-0.02571555226807789,-0.16033697662543642,-0.08300421643422705,-0.0015835496826926024,-0.004175082656289174,-0.032927284179893795,0.0014373657735717424,-0.024107357324556686,-0.01267036129236572
1165,-0.0038018535939502965,-0.012693000566236469,-0.03859817602839168,-0.055938166170006624,-0.05055091625536541,-0.06540483016008314,-0.002022993513670408,-0.17945298529003936,-0.03896315106054733,0.002333743692216226,0.037328264312523264,-0.01526383119086696
1166,-0.002605047635728797,-0.053510571826733744,-0.035984576244308834,-0.016754290965410576,-0.14433856657532085,-0.14769266036582304,-0.005518672049727827,-0.16347082130657442,-0.024479372534251653,0.000623514434943798,0.021585133322877956,-0.004445501034116996
1167,-0.0030039829551359635,-0.04816761254397341,-0.13563104919769628,0.017390436978596345,-0.0582075172524418,-0.22563766192938536,-0.0038290697872691566,-0.15830561551572803,-0.04552514850883955,0.004207770103027903,0.021330912272057804,-0.003866292137920356
1168,-0.00340291827454313,-0.06496679544314733,-0.21363909474830162,-0.08783681200299655,-0.1208256600856214,0.03832645248472907,-0.00040036673204292756,-0.18192352234576512,0.007116947272954619,-0.0005939234095774017,0.07662905208672063,0.006012773376213341
1169,-0.0038018535939502965,-0.05276872685384855,0.014953565020405237,0.1893915058039086,-0.05987749668990001,-0.3433941614349139,-0.002176295116834786,-0.021507976003782216,-0.024665287461153627,0.0006499671605460843,-0.006474757713998,-0.0048954746388769465
1170,-0.00340291827454313,-0.012055611658388594,-0.018783336707938154,-0.09985150936709508,-0.15494370642303792,-0.06415133087252067,-0.001810642890964564,-0.10608754532849575,-0.014301439261259846,5.5496846787311574e-05,0.02226861839948536,-0.012522932616661174
1171,-0.006594400829800461,-0.07206936871505815,-0.044560610295233935,0.04899501021421199,-0.07088947966580907,0.08891279636425709,-0.0011115338079674957,-0.22473257808184655,-0.0053608516014271345,-0.0002773307091401383,0.005202496207134287,-0.026045408353334173
1172,-0.0038018535939502965,-0.01862663354741754,-0.07343527133333212,-0.026436810703804648,-0.059675416928160495,-0.06905393123795439,0.0026703113531646554,-0.10749680454744998,0.015165212837462128,-0.0007446767444325233,-0.043063029566718584,-0.007098593140777701
1173,-0.006594400829800461,-0.06585142786568123,0.03907605255895199,-0.015016957089617198,-0.058424915372788065,-0.14913738392974024,-0.0035412092984674908,-0.0976768789698668,-0.024613850249385064,0.000641606806225564,0.03859788224626708,-0.01768692301327736
1174,0.009761947265893365,-0.14956447303096312,-0.14462583905518914,0.002928961142779091,-0.16047640249095108,-0.21064530799406236,0.006039070764684419,-0.13847735938351585,0.07125623891034934,-0.0013050037799211733,-0.06794378803678644,-0.05378478415532623
1175,-0.00340291827454313,-0.010956878360207837,-0.03238630530124594,-0.09212589888016272,-0.12272307083150406,-0.12175267246089219,-0.0018433723408200044,-0.20069470454875224,-0.011264151516880939,-7.084355879444598e-05,0.030711918499332903,-0.004255032425061915
1176,0.028511907278030185,-0.001981403335075375,-0.18492873800746545,-0.0007317878940249363,0.04970588140969689,-0.12476399628280459,-0.0016126047233150467,-0.021497879434016518,-0.034985195584158926,0.0016937841293224812,-0.037011748444237005,-0.007589042845801848
1177,0.028511907278030185,-0.005726804666025898,-0.026530351712732495,-0.02301608013199315,-0.062294020294363366,-0.10629267624213078,0.0008291593897997958,-0.023984871221863716,-0.00479021487490003,-0.0003047594806202782,-0.03588581617269299,-0.00623156821007063
1178,0.028511907278030185,0.017056373354683785,-0.045011705524961976,0.002680840290953788,0.04161824448357477,-0.12790462006148365,0.0013872397175666233,-0.021334976250262504,-0.00921112060968589,-0.00015249577174575101,-0.03342368441841991,0.008786678975856058
1179,0.028511907278030185,-0.030750125133620767,-0.09526285562205604,-0.025998644232862782,-0.016706540164156927,-0.12364289698123121,0.0019892957065908825,-0.01902451357795854,0.02444854603002559,-0.0008844348812600092,-0.04538458207392956,-0.0012094374689086173
1180,0.028511907278030185,0.005162002288159787,-0.03155298229984706,-0.02776395160362974,0.03454197332051106,-0.12822840010832487,0.0031305386098011523,-0.014268562280067692,0.04106266385120791,-0.0010734035945141442,-0.036990839564621014,0.00017987309435866925
1181,0.028511907278030185,-0.04296751597966579,-0.2782289150015396,-0.019655763483637755,0.02953057286468546,-0.116122689504996,0.0037007409087957354,-0.01884200986125034,-0.03153091765261438,0.001248274608290347,-0.0448871550438291,-0.021817062674299396
1182,0.028511907278030185,-0.12935454621933223,-0.30389604009006194,-0.03978681528661187,0.034707581896728505,-0.09104944368192823,-0.0011080787546677512,-0.022374727258327606,0.024033197658965135,-0.000878590090992366,-0.09947910677084883,0.017950638250957322
1183,0.028511907278030185,-0.06917545765954206,-0.21387235557329526,-0.0737540155816462,-0.09870091509588579,-0.10579545083845215,0.002936403821715139,-0.027081673805675728,0.040670627209237815,-0.0010697031678535518,-0.07989276485334806,0.018962231215998535
1184,0.028511907278030185,0.002251993724615561,-0.3106429138780984,-0.0693709622135895,0.03269327740737732,-0.06783773921052456,-0.0008708057738921513,-0.019690593195643587,-0.030041244707739796,0.0010320284783325324,-0.10009417577777156,0.023438279746683808
1185,0.028511907278030185,-0.21531327138631948,-0.2198390304093624,0.001604381237212284,0.005147044707733105,-0.12031304031140722,0.0007189377748652198,-0.013003359797784924,-0.01627419641726551,0.00012551750218658885,-0.08818824094710236,0.0541570271039773
1186,0.028511907278030185,-0.0831147428904376,-0.12899625172474846,0.012803280385833227,-0.018143472977309224,-0.12456316652255553,-0.0023003207532759596,-0.02004453255870285,0.016667551967014395,-0.0007709600503293789,-0.04406781849739455,0.0267604643016672
1187,0.028511907278030185,-0.03417511554620867,-0.13490223427782988,0.039775813237717214,0.020451089780239864,-0.09557728743472176,0.0032959367783626584,-0.018617152209981506,0.003201093889152738,-0.0005096099931240064,-0.05171821399855491,-0.0044394160574386925
1188,0.028511907278030185,-0.07332313712281183,-0.23310714566694163,-0.038541865847984684,-0.06225349458525905,-0.08276652149052131,0.00014075958199784988,-0.019092438743992263,0.008466558244484031,-0.0006247861255049821,-0.0649887992192362,-0.007527454418057626
1189,0.028511907278030185,-0.20686454246291786,-0.27536214738757264,-0.07894062091597956,0.0267211682597338,-0.0843301208956863,-0.0020831945304313686,-0.015431329457145565,-0.00852783057605443,-0.0001764143942229313,-0.07176869607942674,-0.03831923805077118
1190,0.028511907278030185,-0.11862755137114157,-0.17318873315176658,-0.011527305976070946,-0.013510179937890597,-0.09194283255566543,-0.0048521683196966064,-0.020051584593863928,-0.018949271926455503,0.0002554512938588928,-0.06624627301842244,0.006050685104261828
1191,0.028511907278030185,-0.1277971741146471,-0.20505763364448354,-0.0631253622381783,0.02725768174272338,-0.07455654398471122,-0.0035777630464554856,-0.019988210817282595,-0.009705960258915382,-0.00013529631249776608,-0.07712378507177269,-0.0247798728320822
1192,0.028511907278030185,-0.16519972453239198,-0.12703431831130674,-0.04567701857858052,0.050855944078610986,-0.07999344043224182,-0.004378899727735764,-0.01881887248421895,0.019531278397118032,-0.0008144471410949877,-0.04713966899359994,-0.04733333498735951
1193,0.028511907278030185,-0.08671424722854185,-0.2292210323746511,-0.023371140750856927,0.018766029264263573,-0.11976200491893489,0.00028376323266862674,-0.019469109919557418,-0.011139163252533637,-8.02118818332453e-05,-0.06343199398811132,0.016395632214643685
1194,0.028511907278030185,-0.09628589411839139,-0.1496647826786421,-0.0935048258951803,0.021485944551193934,-0.07849407794799869,-0.003050354832974895,-0.023627804078857045,0.006348984769431984,-0.0005797324486650732,-0.058061048315488535,-0.03106818092521416
1195,0.028511907278030185,-0.08398113637329907,-0.17519194131539245,-0.011936566938210318,0.008506727104085376,-0.08277525661353358,0.0008386472223828773,-0.020018711004032692,-0.0024113186942845053,-0.00036820673249578765,-0.04502912804499551,-0.028315301508060872
1196,0.028511907278030185,-0.048311073130551045,-0.27603136700162795,-0.007270345417309854,0.03464572088605032,-0.14700760390273557,-0.001649547003515765,-0.019525267583417612,0.02274507705974541,-0.0008616193530379214,-0.0780387986193564,0.002699954246030971
1197,0.028511907278030185,-0.23438337436292705,-0.3318142646239538,-0.004014947901608243,0.032068015645644515,-0.11434336007510834,6.405279790583174e-05,-0.014468705605962154,-0.013699562775593546,2.1733433729200613e-05,-0.08419459011955874,-0.05945435139483628
1198,0.02811297195862302,-0.20248455587783598,0.023321401133749396,-0.05591953941393204,-0.1557254371763226,-0.08142626550135568,-0.003278100619755082,-0.02449512925684095,0.0005417863370807434,-0.0004588549915165021,-0.058352698574365584,0.012518651631607395
1199,0.028511907278030185,-0.0342081538210314,-0.19525097794275972,-0.036496126172391785,-0.011020654674543526,-0.07053631486705166,-0.0019504162367466203,-0.02786070810333133,-0.01844553415366923,0.00023680969386299426,-0.07327422096366629,-0.003820788423074412
1200,0.028511907278030185,-0.06569469290279133,-0.2261914084971114,-0.05250430897453037,0.036048585382855436,-0.11761451899277865,0.004232518885958253,-0.01679739205024828,0.02366097250913873,-0.000873552863042857,-0.06001606670794633,-0.025359300736360633
1201,0.028511907278030185,-0.09968103357515443,-0.1825784851001259,-0.0004298468946576454,0.04139703080849075,-0.10390976857775461,0.0002688368813941293,-0.02077814830047288,-0.011009802964417382,-8.568899108811048e-05,-0.04788266624163217,0.031315744884067624
1202,0.028511907278030185,-0.08663020227367688,-0.10540868913901016,-0.04678557365711741,-0.0478114374702804,-0.06992011495408654,-0.003699792765276975,-0.018621908934551047,0.012431521104917156,-0.0006990179984491806,-0.06277684582468152,-0.02808873569569416
1203,0.028511907278030185,0.009849228918161392,-0.3212045305916731,0.010183860931862793,0.04430871694467781,-0.12745453703541454,-0.0003389508970113419,-0.013679290964901135,-0.04574985482281523,0.004331624115547023,-0.07649295406194209,-0.005711406654347688
1204,0.028511907278030185,-0.17949235398203206,-0.2583488730719959,-0.0224632915782561,0.0375233001897789,-0.11452908923564832,0.0013395403725107464,-0.017747458967799754,0.0038995359465258486,-0.0005257309746238669,-0.07009713903075925,0.021806236732284507
1205,0.028511907278030185,-0.15848591720779423,-0.15928382693962964,-0.027372496295826484,0.041922182543557195,-0.09880755365678603,-0.004742927149116785,-0.01929186618720416,0.00260949753628431,-0.0004962163126876033,-0.08408211676743123,0.022485240150799828
1206,0.028511907278030185,-0.18378844785238913,-0.23860669068272206,0.007481633195773128,-0.011161863718239755,-0.13804695436421358,-0.002429994058941021,-0.015446098675881027,-0.01855584412593588,0.00023874910449247575,-0.08374475482850356,0.013444197977650164
1207,0.028511907278030185,0.02584926055156346,-0.1054013188623949,-0.05030224050636885,0.0028396957354591967,-0.09489565799754682,0.002292937610893545,-0.015303842817490377,0.026622641387035025,-0.0009128729508979887,-0.03156918802555981,0.005132798409836442
1208,0.028511907278030185,-0.14046177327751097,-0.21626075899989847,-0.05673125116855651,0.0294562053671232,-0.07629724236571848,-0.005432792608869674,-0.016091900951289134,-0.0195445080940372,0.0003094179130564669,-0.07944890085258302,-0.034958962570484864
1209,0.028511907278030185,-0.007064465870608194,-0.11116927075361416,0.039891164815896434,0.03645103719996142,-0.11823746325679362,0.003419970165274849,-0.023304642008928234,0.028626958513962027,-0.0009378429825478061,-0.03652359364882661,0.013261114102595914
1210,0.02811297195862302,-0.0583431497542562,-0.2926646138422038,0.02351631162823927,0.026424724458111008,-0.12993224818413954,-0.0010570853921556583,-0.020539372342338907,0.012573747987625323,-0.0007011265848379244,-0.09591270911866916,-0.0018474460272593935
1211,0.028511907278030185,-0.12796872732643055,-0.26180477762808246,0.030854606368289437,-0.015605715636306966,-0.12771102588640354,0.0010653017668734407,-0.022145764798183656,-0.00025355013032577834,-0.00042843949594555,-0.07332183962530917,-0.00010745120054109199
1212,0.028511907278030185,-0.12819118647615946,-0.28884526152280204,0.006371483673927043,0.01587029635680093,-0.1145939351910017,-0.0033007137111371286,-0.015713215077537212,-0.004759660799831469,-0.00030518437877352574,-0.09685341661316174,0.04564234075247285
1213,0.028511907278030185,-0.049831574698011756,-0.23496069131239822,-0.007962374221536749,0.04957042974728919,-0.11504980637989207,-0.0046004011613914025,-0.01962853976779499,-0.005789017846467906,-0.00026663289946996074,-0.06518577599866755,-0.002544991340446145
1214,0.028511907278030185,-0.008464676817289178,-0.25644488767064116,-0.007794518313809147,0.048625322296476,-0.12862194803471558,0.0013415366445902607,-0.0127086104865849,-0.010988178180081302,-8.688056631722042e-05,-0.03641811363826327,-0.009405987073303038
1215,0.028511907278030185,-0.043910399791657145,-0.30741245092286373,-0.07199815011889216,-0.005889203529930913,-0.05843860813790435,-0.00016399352236678714,-0.022292030872417563,0.01982647687038393,-0.0008194107654729367,-0.094042019886666,-0.015363286359798561
1216,0.028511907278030185,-0.07523969261299024,-0.2902435189544021,-0.03643324251751266,0.009310667166028973,-0.06267786397571284,0.0040263739409969685,-0.018096012082779396,0.014285478787857152,-0.0007308104915551678,-0.10712105415244583,0.001859346083931157
1217,0.028511907278030185,0.027443815708247856,-0.05760891134513293,-0.018294702899342537,-0.0025846995926534964,-0.1459159984033138,-0.001986457540235732,-0.02129221757916867,-0.007582720895788184,-0.00021370678901537564,-0.019892901786184126,0.008363520303436615
1218,0.028511907278030185,-0.07756887880363145,-0.2456401664887579,-0.0571614605805122,0.004225228797649194,-0.07232456852044827,-0.0016262215616604488,-0.016244364816695184,-0.03718935832349326,0.001908004198891342,-0.08327716615101168,-0.016960070756830627
1219,0.028511907278030185,-0.017225009457782176,-0.21313903073649287,-0.010311731208019202,-0.006691811290844567,-0.12098793313135113,-0.0013927196191193276,-0.013958932764233538,-0.04276623084445408,0.0019684938811816064,-0.054536677905856694,0.007652491329457457
1220,0.028511907278030185,-0.1195501359916773,-0.32219942322728906,-0.04084104057953047,0.029025821110594104,-0.08919370559672228,0.003026492978606614,-0.017238740533997356,0.007335180545844619,-0.0006000891157946825,-0.09975531805738885,-0.03042301099207511
1221,0.028511907278030185,-0.09023882399433693,-0.23315814229411858,-0.04163323331542078,0.03135731454435839,-0.1087528277082321,-0.0024588788195703776,-0.01841932439594212,-0.00912070343964867,-0.0001556344639751425,-0.06401958968325593,-0.023219580123690343
1222,0.028511907278030185,-0.002705261357356001,-0.3231248645168635,0.003100313530057031,0.039431080185157626,-0.126706470517619,0.00156522278290627,-0.01983881885538186,0.003865730085754458,-0.0005255620610237464,-0.07215550115465559,-0.01860538707729379
1223,0.028511907278030185,-0.09123483907494047,-0.23018790632142827,-0.045285191693044895,0.030748534714035783,-0.08397013169211377,-0.0007725835296554049,-0.01569040227172831,-0.013383613546439117,7.989186918467393e-06,-0.05711140166444866,-0.0021201221924220205
1224,0.028511907278030185,-0.07487421518967394,-0.26224135991817993,-0.04432689973156075,0.02391181747572797,-0.08066206845839649,-0.00010284001553736931,-0.018335023473000842,0.004511149817755054,-0.0005394766985558447,-0.07487770470794947,-0.022389882348430847
1225,0.028511907278030185,-0.0886344291761641,-0.15692001994746277,0.035786773904873295,-0.02077086621230117,-0.1275056335489103,-0.005095381442176786,-0.020333144950284158,-0.007710444928172727,-0.0002074815719087978,-0.05975065143479867,0.019997147246161084
1226,0.028511907278030185,-0.14090801302445027,-0.24485445136947473,-0.057716020588234315,-0.06581161028151347,-0.07232786835849411,-0.000574645047970873,-0.0206403750499137,0.011883236258229202,-0.0006898210023835249,-0.08135520691409442,-0.045452640557567404
1227,0.028511907278030185,-0.0753714179891013,-0.21017008614526522,-0.01712717618721696,0.04638835534874128,-0.10950272047644216,0.001600470725395155,-0.021042314176457178,0.013842731957585445,-0.0007227016449864928,-0.06933485273653708,0.0328816548105959
1228,-0.002605047635728797,-0.18235185561316986,-0.08385212025490071,-0.06852078046042577,-0.12683756188827378,-0.07231095748352742,-0.005024759326293207,-0.1306504691506548,0.0021500866205821294,-0.00048356570079510287,-0.11330563360602082,-0.03351152619043501
1229,-0.00340291827454313,-0.02401800353800166,-0.02088448562646722,0.006111014518745455,-0.028576186587761728,-0.20169384743599442,-0.004057118860117446,0.03770641981484972,-0.023162845096825972,0.0005470401000303069,0.004295489905688919,-0.014550998252378078
1230,-0.00340291827454313,-0.09581556600537953,-0.05262246174218358,-0.03329874775249814,-0.07879489005016059,-0.15343150372970596,0.003021880192948226,-0.20911825767677472,-0.001636156919568035,-0.00039849124430778185,0.024293613431748424,-0.00508885792114566
1231,-0.00340291827454313,0.02229109119016092,-0.05182357729528211,-0.06591879387742103,-0.1267622105254826,-0.06517541007571923,-0.004722424538388973,-0.08308795268626402,-0.03143703283318601,0.001262973830665154,-0.045312679318972704,-0.004648526799821354
1232,-0.0038018535939502965,-0.024138349818187507,0.02130898219851197,-0.029783680722338123,-0.04657920229734486,-0.12390253605995002,-0.003659171795022207,-0.08500471179540317,-0.027563500590145763,0.0008774422409035334,0.08046951138734937,-0.017914113717060195
1233,-0.006993336149207627,-0.11411773094223236,0.05330235103918894,-0.09074882456234615,-0.11950067940086634,0.017990302605049514,-0.004010052477414949,-0.23707351685342173,-0.029172025602809116,0.000991782447320609,0.04677757253080409,-0.019450933939396755
1234,0.01016088258530053,-0.0004902069016844894,-0.22492169862178263,-0.061718851460631184,-0.06621088299349943,0.012673522811863123,0.003938303592018453,-0.13538195219545948,0.03475850062944385,-0.0010059470184474878,0.010321469968823571,0.017576704116840508
1235,-0.0038018535939502965,0.01461217483095464,-0.04256544004444972,0.07812573280949955,-0.0016764161250794214,-0.2048992594658328,0.004407781309683256,-0.015941899305414148,0.061822665337975105,-0.0012416915724081687,0.038629586334061834,0.004378769013209928
1236,-0.0030039829551359635,0.01173167310023291,-0.04135895139823809,0.04318870048663219,0.013533467225735658,-0.20317699554626195,-0.002636948504369555,0.03253878187289375,-0.038735686694035695,0.0023919987656545677,0.0046223707606496845,-0.00031451362911595013
1237,-0.00340291827454313,0.044188472370952914,-0.08200454358005498,-0.049732327045710366,0.037494530103707124,-0.1481430670665922,0.0009929389589673203,0.05345493183414975,-0.011616102340757361,-5.101020839394455e-05,-0.014402079631978933,-0.004034178302226328
1238,-0.0030039829551359635,0.04051724909055444,-0.07587360047099388,-0.028610623826002934,0.03358453863079038,0.007041141131015058,0.0006543351951764641,0.060878257393703346,0.00596571023782396,-0.0005647501220344869,0.0034291056588125674,-5.948803655089481e-05
1239,-0.0030039829551359635,0.038473292060866936,-0.10791509791378605,-0.06165539091780413,-0.0036036736843158353,-0.07788298566405599,0.001906344267423546,0.0464872315691861,0.017577549150658716,-0.0007796018423378372,0.007965246509493347,0.0001515760236562923
1240,-0.0030039829551359635,0.0345366253436268,-0.14329615166066056,-0.06104912318055537,0.013055352985534513,-0.06453344436986111,-0.00016741361875506215,0.05720457523750029,-0.014465195972863866,6.887126692806492e-05,-0.004738333051970916,0.0047026593905578114
1241,0.006570464710636033,0.03808083662493218,-0.1315473235330403,-0.06118183131154836,0.04092350083722114,-0.07115974690458177,0.0016328843555393597,0.06410060804927438,0.022497454329658096,-0.000852757393991342,-0.03129265078271639,-0.005620076241379954
1242,-0.0038018535939502965,0.03785230671194237,-0.07696424110440314,-0.022113786391322277,0.04718286166399025,-0.11068746517235589,0.003926089182993567,0.06587612926408078,0.03956938054724252,-0.0010549700571208184,-0.02287491496414302,0.0014024887285805367
1243,-0.00340291827454313,0.04559458155380833,-0.10762714063980997,-0.0426254926101635,0.032776755332490935,-0.06562684355767566,0.0010641849817515446,0.06177915023866721,0.01596174645927775,-0.0007533741206985629,0.006654319168729357,-0.0029259982379047796
1244,-0.0030039829551359635,0.03581013553202351,-0.09320457775684984,-0.036885939801834196,0.03625090178488139,-0.07721601112172197,0.003589262009716059,0.061374988317726475,0.00823372827415371,-0.0006123816554624679,-0.01471684051782829,0.00573699639448336
1245,-0.002605047635728797,0.03762086374475273,-0.17698040138477253,-0.04258435233797593,-0.007992073289285412,-0.08540599265933457,0.0031582224184856997,0.04732844317996162,0.0033306367511605913,-0.0005056683767205831,-0.001395808020879256,0.008962624139137112
1246,-0.00340291827454313,0.041245691590696944,-0.08563080405619725,-0.0569854181868069,0.011815571127002555,-0.08666326640746401,-0.0027384657362928004,0.05517562208286256,0.04570572363941277,-0.00111305090042087,-0.00447415360915285,0.005423551894020048
1247,-0.00340291827454313,0.04615941445958338,-0.062422995833174726,-0.0669655695828414,0.028489459583675686,-0.07082765547015966,-0.0018901656042507663,0.04634419575033142,-0.04447100002210902,0.0038948152862124915,0.03681076011073177,0.0005061513319451332
1248,-0.002605047635728797,0.044653269739747266,-0.14299541556638726,-0.02542069294496964,0.024333639255767855,-0.11580378702526149,-0.001080904017043937,0.06673299026030335,0.011253511313101105,-0.0006710885633340537,-0.02892596595088653,-0.00847235816534884
1249,-0.00340291827454313,0.04198659686534263,-0.10825516451120186,-0.04097222087335615,0.03592284636773204,-0.0689978253084119,-0.003153293268559569,0.059479187567798346,0.0016409685900736514,-0.00046495185316869136,0.005764613937235248,0.0010776052834934114
1250,0.009761947265893365,0.03961101979519048,-0.1361354997061588,-0.04712007256724352,0.03743161037400962,-0.047653487562737254,0.002260355444814882,0.06473359956249773,0.04030012600436398,-0.0010621895496388547,-0.031899268052162796,0.0027007003635316847
1251,-0.00340291827454313,0.04038619935538569,-0.16616795074155277,-0.03894723295588902,0.034389439797586324,-0.10960535513716277,0.0020161828720945637,0.05581822397913228,-0.01617708200800576,0.00014721498760533213,-0.028394669938233964,0.003949607815230715
1252,0.01016088258530053,0.03919482162406668,-0.1539892195090119,-0.03483956114322479,0.027613237972653217,-0.12728531985226266,0.001878279611771774,0.0598891157325676,-0.041314609946870785,0.0030094219219819218,-0.03790340619448678,-0.006452268700527952
1253,-0.0038018535939502965,0.04245854633075756,-0.08315868690679551,-0.048770020386950906,0.029672425459983012,0.01070063912525266,-0.0002775309943367511,0.06664612490924635,-0.02914881954275961,0.0010397253213291393,-0.00416474342756285,-0.0008885577886095559
1254,-0.00340291827454313,0.04194112030400353,-0.17561170393064,-0.06436898364660433,0.028884088544104618,-0.09290499265432799,-0.001104924349648687,0.05644441632607157,0.009327887669574935,-0.0006340132352022403,-0.028725093775172534,0.0017187415220471334
1255,-0.0038018535939502965,0.0416503328374586,-0.10556973984633478,-0.03026227934078131,0.02828594895425407,-0.07338765396088552,-0.0004542173688914168,0.060278264369357015,0.011220749231178839,-0.0006700569846656992,-0.01061768532000916,0.0007879799185717256
1256,0.009761947265893365,0.040950933454898,-0.09680870835864677,-0.04356055589148854,0.0347003035385918,-0.11285333893284047,-0.000980649316645146,0.05959790578716814,-0.008157676020505709,-0.00018030543757141586,-0.0025823721302623693,0.00404220396786508
1257,-0.0038018535939502965,0.0492047295907095,-0.07220666190985038,-0.06375713851418233,0.04042696007036102,-0.05021195231423835,0.003025971834852962,0.06470484471790978,0.0183605899573177,-0.0007915950710047377,0.009862262411552998,0.009734231067865896
1258,-0.007392271468614794,0.046018269288442507,-0.08659299422434404,-0.07726878847726813,0.033777263075048365,-0.03096965838370085,0.0038385983871539525,0.06180613397242248,0.002834785710466625,-0.0004936572648767272,0.005316898277158872,0.008701552473931774
1259,-0.0030039829551359635,0.04543799188853381,-0.12010103303251064,-0.08298708713625746,0.03864791812884869,-0.027470845846599694,0.002506102304445849,0.05828643292658513,0.039554992776714974,-0.0010549466480467525,0.005258502968335607,-0.001061977275180002
1260,-0.002605047635728797,0.042292888738263604,-0.06594716661226521,-0.050729393534337336,0.04333719449375777,-0.027616628418247684,0.0022857236128082502,0.06507439000432938,0.03931023738387005,-0.0010523544792215528,-0.030502782127059404,0.007786829408252073
1261,0.01016088258530053,0.04205370725492947,-0.10700642806444563,-0.03677561110008135,0.02370951988133252,-0.05567189322681516,-0.00030551638601315014,0.06503728604748484,-0.04679406730279621,0.0050741261515626955,-0.008832008736272578,-0.0015888666859707834
1262,-0.002605047635728797,0.04776602562538299,-0.11932928777877652,-0.03824383865117404,0.03168466874371133,-0.09363532970720805,-0.0006268511724683238,0.059873780122560234,-0.011179547807768345,-6.781792625611561e-05,-0.013387514370984411,0.0009066732161886514
1263,-0.00220611231632163,0.03987106967396761,-0.03787221000521623,-0.05695982142162499,0.04302612558396172,-0.05714199885545507,0.0007349968985209499,0.06415537401998167,0.024602037394704644,-0.0008816658153896558,-0.021996263202559044,-0.0022878425398670196
1264,-0.002605047635728797,0.04493641628706673,-0.08576737933155644,-0.05499510314175846,0.03533429299088507,-0.06356581243597294,-0.00054059716394806,0.06236605859059263,0.008502740385768334,-0.0006176487355787697,0.007720493975673702,0.004330939121656387
1265,0.01016088258530053,0.04302680721963871,-0.09752332157287259,-0.04379550568195347,0.02206345449494481,-0.025877730995463918,-0.0014950393582568195,0.06394706241308704,-0.03456866508614164,0.0016842092084233687,-0.04273398047189341,0.005312323241229802
1266,-0.006195465510393294,0.03928877076598335,-0.044792078581683735,-0.06513610824209416,0.04352700145169083,-0.08049265210373,0.0026768886868953888,0.06332448369764455,0.0199505395498541,-0.0008159045775996972,-0.010090893358767266,-0.0013213635734517016
1267,-0.002605047635728797,0.041547601291937714,-0.09190513494685632,-0.018110380269691424,0.03160443963728496,-0.045801209761502204,0.004200399921869527,0.06402699134151238,0.02482451935056839,-0.0008846563787666381,-0.01966333960603283,-0.003476082561502469
1268,0.008565141307671864,0.04061185120735532,-0.13941054044623297,-0.04837902002632131,0.02197366118060035,-0.07000929623678367,0.002745865691141018,0.06371079598482955,0.02710515424110281,-0.0009145976194578062,-0.012395063842758958,0.00991912771239462
1269,-0.0030039829551359635,0.04192669931485082,-0.02753501748416888,-0.05299255887855257,0.03797280551758824,-0.06372323447430939,0.0013701578528246966,0.06616890705378878,-0.027391607881750157,0.0008648461306931704,-0.008348275313035058,-0.0015183046599864984
1270,-0.0030039829551359635,0.03788851474865566,-0.05817731256559222,-0.05247955493218524,0.03190175074955605,-0.037258493295606286,0.0019247442921918388,0.06811995787202675,0.03311994731337556,-0.0009865709011154281,-0.01424061083533779,0.0071423885610100895
1271,-0.0038018535939502965,0.04359407420977197,-0.09362820967846178,-0.039378862989359935,0.04879538537965813,-0.028350787257406838,0.00036518574725124777,0.06646085640825293,0.015988500924079243,-0.0007534584866652049,-0.019904017091520173,0.0005815838187697019
1272,-0.00220611231632163,0.044559850434239656,-0.11330639427755049,-0.050744561645956615,0.03910099170088781,-0.07926946018574056,0.0027320627553060776,0.06200891657974889,0.03158045533803401,-0.0009690594570542033,-0.012499371913080742,0.0013653871761146533
1273,-0.001807176996914464,0.03796715109087838,-0.07349012476531547,-0.03264619776516252,0.03911559564201388,-0.03338229586170982,-0.003249586005025937,0.0699839883119464,-0.016546893699953543,0.00016713873631120978,-0.042107089472031206,0.0019109338770456972
1274,-0.002605047635728797,0.04223412224018968,-0.0720579006939949,-0.04279124069346561,0.03271104003151429,-0.09171047967709502,0.0007033978206402462,0.06717278906433138,-0.025503194724842273,0.0007174819991465922,-0.0016060652647372346,-0.005661145642990883
1275,0.00896407662707903,0.03858502377913855,-0.10660110578683747,-0.0739904563669002,0.03617836537620334,-0.07571090153024457,0.0030117910192545942,0.0649750587020234,0.0012851262148150914,-0.00045584998811286267,-0.04583441186600022,0.00012500799811131943
1276,-0.0030039829551359635,0.04363570131815711,-0.06118932616318028,-0.04735558400189169,0.04447498492172837,-0.002633320599433967,0.0009722130843147346,0.0645512743015324,-0.02952327244426174,0.0010745528254132268,0.0007746918250068239,0.001754499655704145
1277,-0.00340291827454313,0.04568914081544607,-0.12107232356902342,-0.05834569271364794,0.018507817043538113,-0.033924764619043445,0.0002605183229153728,0.061903838237791387,-0.02638313181145466,0.0007913126533076102,-0.02082095675426502,2.4202819051751e-05
1278,-0.0030039829551359635,0.039519323842804044,-0.02936552779221444,-0.08128366898593482,0.038778696225088345,0.003193039147059448,-0.00024054072646410474,0.06404122479015587,0.0022331382980012218,-0.00047982173455647924,-0.0009853401439609384,-0.002210929427835944
1279,-0.00340291827454313,0.03681269154490937,-0.04472084961029119,-0.028627534492274738,0.015829983328370083,-0.029073103219296494,-0.002306430004299275,0.05682056109295567,-0.011314024504033937,-6.334690796384988e-05,0.0029739555158650424,0.0010757518070814178
1280,-0.0030039829551359635,0.04447508854454586,-0.08302665743479802,-0.04109163962021105,0.021523051687331703,-0.07943044115735387,0.0018044293061747231,0.057330816565000886,0.048326291792740166,-0.0011362260872600132,0.01883015979093367,0.0020929670315637996
1281,-0.001807176996914464,0.03775000077208453,-0.0590540391797368,-0.02735236759295526,0.03882950780214374,-0.03313155710485515,-0.002757282008856755,0.06804780142860392,-0.0033459110521080284,-0.00033138011237268856,-0.030628747574459988,-0.00023552840579198526
1282,-0.0030039829551359635,0.03568060183227142,-0.042178677673656004,-0.0602406323671431,0.03146026848646485,-0.05518076374329558,0.0013498569007396274,0.0659135417663901,0.007405553965328021,-0.000595295332737867,0.004883761083923789,-0.003017658363567271
1283,-0.00459972423276463,0.038226264379780925,-0.04693687700632419,-0.024503654038863287,0.032954834119499045,-0.0168415311072171,0.0016179090194575491,0.06377637790156669,0.000284991400294699,-0.0004310995096064755,-0.006945801307292383,0.004443681308542079
1284,-0.002605047635728797,0.03779636326537846,-0.05741609136723738,-0.036858632136608546,0.02361251579752044,-0.022004485455371623,0.0026053396225862438,0.06383396953024692,0.03788107958748589,-0.001038020256359961,0.008313547504991673,0.008511548115148418
1285,-0.0030039829551359635,0.03459856351280315,-0.05888086155866996,-0.048474137750716906,0.02984892928690674,-0.05569931523288699,0.0010811175683227033,0.06399660427470363,0.01742848793810997,-0.0007770893703968906,-0.02008432179232022,0.004360713296233475
1286,0.009363011946486198,0.034034982519720446,-0.10710552779786404,-0.03651458610984253,0.02839627743161913,-0.0334434547957543,0.005903296875150221,0.06166369642647734,0.031581315418304806,-0.0009690326620689835,-0.023098578796419494,0.007553037292884677
1287,-0.002605047635728797,0.03956297425082796,-0.028588627115697943,-0.06112166464966425,0.026749395798152307,-0.03586302036178026,-0.00030210741685303573,0.06759989503995426,0.002874994700814192,-0.0004947435727721407,-0.02702665383072013,-0.005331632912480477
1288,-0.0030039829551359635,0.02266915709555029,-0.05996659719291689,-0.07563588144136676,-0.04010133404020525,-0.05095905973201004,-0.0045239662020883755,-0.0054841952008130275,-0.031909814600823545,0.0013226224563335927,0.03065478131988343,-0.00048465196794638706
1289,-0.0030039829551359635,0.028673203228506906,-0.018765023092558654,-0.06361401784692793,0.0004566110230017275,-0.07415147175360205,-0.003506511383414018,0.059739796326447006,-0.04583055075240692,0.004592044928373363,-0.02367338162798965,-0.014139991357443421
1290,-0.0030039829551359635,0.02585060554301774,-0.03562051827534807,-0.06254427499825353,-0.003878134497544653,-0.038167968190262955,-0.0017025967120519792,0.029302651161870155,-0.027404582492194796,0.0008736048438351111,0.018566393042532856,0.01150946738802414
1291,-0.0030039829551359635,0.036031632452812976,-0.02136354188560917,-0.06283805471566353,0.025640587844936287,-0.04466436567976187,-0.0008227458023526402,0.05364440044590832,0.039780646172488957,-0.0010572274254384265,0.021647731773491923,0.003390010409145071
1292,-0.00340291827454313,0.03737993344049261,-0.06175578246797593,-0.021207610776964016,0.041348238630235096,-0.07678194742015962,0.003131157574554658,0.06740856289084983,0.024584816298732076,-0.0008816099821891291,-0.033859927188934026,-0.001143877790634487
1293,-0.00340291827454313,0.043194163733822226,-0.02518871868267054,-0.041817008979105515,0.004352814446575101,-0.03092525886095702,-0.002517813120137263,0.059932398887304575,-0.013255923798398926,1.6290373385114993e-05,0.0010163865405573961,0.00224968455196875
1294,-0.002605047635728797,0.02335940031741138,-0.07050345232890926,-0.008813691726172908,0.030779036700856684,0.012778762946827147,0.00274275190313128,0.05019139935053702,0.013918805301381957,-0.0007191827642413913,0.010932043717825786,-0.004529267200560228
1295,0.01016088258530053,0.018109006254136997,-0.10771391004444371,-0.07170107083997575,-0.005926479763414391,-0.10902902326895532,0.0009407038327570138,0.03564403375816061,0.019772072008969372,-0.0008132601729863659,-0.0056738215890408585,0.009000029447498985
1296,-0.0030039829551359635,0.024410269165369845,-0.05009469106357763,-0.07394402676255471,0.013292493076367368,-0.08853988252885073,0.0026384054525746656,0.06244508693406791,0.04848439936719701,-0.0011375543476864747,-0.010056593780905536,0.0025227583963441176
1297,-0.0030039829551359635,0.02884598684042683,-0.04302934055988728,-0.09050318534350005,0.020041912036109007,-0.06821030641101214,0.004071038978592501,0.04087488840292916,0.01878768164594954,-0.00079845319286952,0.014152183401774387,0.0008658407516957494
1298,-0.0030039829551359635,0.02388135333608283,-0.027208061947285388,-0.022839123386724138,0.00275123686988605,-0.014096143677364907,-0.0031814429259928527,0.049472417325469274,-0.022417248738483032,0.0004976569075897084,0.028036012923148505,-0.007384266943845252
1299,-0.00340291827454313,-0.007527876332276093,-0.08045348854260252,-0.02090398655029821,-0.016080444906113434,-0.026576057670624927,-0.000122405627372136,0.053430053201961404,-0.019361582819197157,0.00031328098915816026,-0.031748594940919805,0.010097714935662687
1300,-0.0030039829551359635,-0.015955548527250445,-0.051565108151978616,-0.07469805520122381,-0.004505056181154606,-0.02515979506374823,0.0009721416252492805,0.055522423079602236,0.01645271325359206,-0.0007615720022052966,0.004080483268088981,-0.022512059205809523
1301,-0.0038018535939502965,0.02826646947568493,0.04063971864164691,0.002141756140022172,-0.013003660393108917,-0.028115841480971487,-0.0011701594440948122,0.0429330875812192,-0.012200046270501964,-2.8785096397095103e-05,0.04863424055261348,-0.007511620976188334
1302,0.01016088258530053,0.03573100388039541,-0.1500509710610267,-0.06042045549215701,-0.03526363356792611,-0.09842790189447426,0.005621070005602994,-0.05608630448006779,0.04568416375751822,-0.0011136822314267035,-0.009400129381354457,-0.004645787877714356
1303,-0.0038018535939502965,-0.012377904681622958,-0.1301735910404788,-0.0687867521626172,-0.07509206482934204,-0.006240152334907271,-0.000568092103069698,-0.018574712697260787,-0.011832880568983437,-4.6016072746711935e-05,0.020987164943530232,0.010576507859231891
1304,-0.0038018535939502965,0.030755798742348614,-0.15113990085724793,0.029908651322116644,-0.1130572711905784,-0.051051079333989585,0.00373500276924664,-0.17407554719456966,0.0026769502232657266,-0.0004945714673089413,0.03688553847837739,-0.0013542151531373595
1305,-0.00340291827454313,0.02643297577813953,-0.1025121943793517,-0.0003409008856276328,-0.07671806821301858,-0.1611957352440397,0.0028490127797945073,0.014815022305262916,0.03185977478777878,-0.0009726836040304451,-0.006791030564678505,0.0045017211495746515
1306,-0.0038018535939502965,0.03740972490901931,-0.11883144567316421,0.03258824672667993,-0.05720772637677053,-0.17478525861584793,0.0027188656233733273,-0.09381489116808622,0.03538309743781538,-0.0010126443462112017,0.02163674334595397,-0.005194088522505484
1307,0.01016088258530053,0.02290468778568262,-0.07418947232362427,0.0370201998540265,-0.04491065773386794,-0.07112867741642888,-0.0006673232170852024,-0.15090908852078322,-0.015272918966834461,9.88531933712906e-05,0.047372244914238804,-0.00884177353170154
1308,-0.004200788913357463,0.011004976150431962,-0.12415966986902913,0.009613094115676627,-0.17905499888669923,-0.08699846042924621,0.005722342075286018,-0.12293772482841787,0.030612770896022067,-0.0009591916331862647,0.01768029440602381,-0.0008398684147371149
1309,-0.0038018535939502965,-0.037747524553098155,-0.0406301757646334,7.941725368608477e-05,-0.015511375287073635,-0.03995971140219944,0.00201525937770638,0.017369436382382968,0.005326905911856273,-0.0005524492260250383,0.04889223315890754,-0.015335251019638852
1310,-0.0038018535939502965,-0.10440209468013581,-0.11644813107496838,-0.01768689423812389,-0.08595876414499964,-0.10442677622365883,-0.002603518011397583,-0.11575492416809675,-0.01565542310582814,0.00010905218584132964,-0.049628279571005345,0.0075718491035180295
1311,-0.00340291827454313,-0.08917136714744646,-0.053661855804612885,-0.0299977930014943,0.01936444319004946,-0.009512667070985437,0.0016792961467648963,-0.09290435787408863,-0.02274989910829454,0.00039166357868281336,-0.04948518730621448,-0.01139600709815584
1312,-0.00340291827454313,-0.04227802226099162,-0.2191840458940945,-0.03204995686387473,-0.07127224854451256,-0.1353777970901625,-0.0016921237357159307,-0.14606678897911943,0.004303748087970285,-0.0005328905322387207,-0.044160767075662105,0.01139913328030678
1313,-0.0038018535939502965,-0.04013924421820946,-0.02483492443207554,-0.0546456965321476,-0.10545832722835052,0.00044880400079770865,-0.0001595164598407398,-0.18669389909568812,0.022828508672406954,-0.0008603827798417524,-0.0014640199057357375,-0.0059132161813026055
1314,-0.00340291827454313,-0.157864086722232,-0.041622079274108256,0.00505556106850888,-0.019973528397541466,-0.061375551707566624,0.0026508286610523357,-0.09402531651132554,-0.004487450753228088,-0.00030541722701343474,-0.051944672429699516,-0.0197222873829094
1315,-0.0038018535939502965,0.002496912381783739,-0.061165543459586955,-0.02208223011094398,-0.039820203021963416,-0.17246325208318594,-0.0005202793643205301,-0.1789414164297661,-0.02499534292470753,0.0006654826998563463,0.0019094071182362993,-0.00750859972192879
1316,-0.0038018535939502965,0.0018897167896087044,-0.100393940169811,0.028188146904340045,-0.10530048701674134,-0.2506126775570995,-0.0015246572081249186,-0.2262404167426289,0.005043903457869562,-0.000549083735904433,0.017587406137757663,-0.005624361348368967
1317,-0.0038018535939502965,-0.0014513123624945825,0.012127843070797582,-0.08907080506680717,-0.08920744053529546,-0.0030350544428851696,-0.003203187699310779,-0.22675391932945593,-0.018312170285993412,0.0002479838982606834,0.025995959229743185,-0.006062718423563805
1318,-0.00340291827454313,-0.19498111646438432,0.03202783741569999,-0.07124370622882834,-0.17227851641951133,0.057486954609041734,-0.005106614748108858,-0.2388835010710861,-0.0076364207060081145,-0.00020306931868004617,0.017892006370002534,-0.0353378970944927
1319,-0.00340291827454313,-0.008925217392273251,-0.05751756632504536,0.014670094336606019,-0.17275600584910195,-0.2350225557664417,-0.005254285879602487,-0.1463452151057787,-0.050326903822573134,0.0067578131702170875,-0.031131416300932288,-0.009266751548188163
1320,-0.0030039829551359635,-0.012365673683712672,-0.022022308604358054,-0.016295887931054534,-0.1406435060879317,0.052709148391390986,-0.0013122039507683684,-0.21175470229008386,-0.006290426338171146,-0.00024849009034687107,0.07485174107400316,-0.011160399315217385
1321,-0.0030039829551359635,-0.05057676150979835,-0.040824604782851125,-0.037982405422756105,-0.030804748332814904,-0.06282066319170945,-0.0050989646803620454,-0.056371073504710205,-0.04078625190967087,0.002789500847447522,0.03152077308753609,-0.0034780633111941143
1322,-0.0030039829551359635,-0.04518951186196595,-0.0507990519062859,-0.03277067333508169,-0.06741708633968319,0.01995832800794722,-0.003317782321265753,0.013444096588305912,-0.031759523171471474,0.0013052607960835976,0.060060919438874524,-0.02254953507310323
1323,-0.00340291827454313,-0.0012496529358588034,-0.10349641707751552,-0.08257085958416743,-0.11356862088148093,-0.12353794580509603,-0.0042764941331747556,-0.16523350846253068,-0.024893292996957264,0.000662558316235178,-0.010815768331067396,0.014403597563333561
1324,-0.002605047635728797,-0.07258857352475567,-0.08807353758004022,-0.007178192848962424,-0.151978543710531,-0.1185371929162315,-0.004109832207742764,-0.18530040077223586,0.007620116902803813,-0.000602897372887902,0.020534797877719158,0.01769481296513278
1325,-0.0030039829551359635,-0.037666400766847796,-0.18377035334290667,0.04023979522393287,-0.06156876644325941,-0.0865031087495866,0.009969189425179971,-0.08539591839433179,0.041968177160570434,-0.0010813007916199088,-0.0039404363029141385,0.016504095836283424
